#Device,NGU201,,,
#Device Name,RS-NGU201-00000.local,,,
#Format,LOG,,,
#Date,20/11/2025,,,
#Version,04.013 0092C027A93,,,
#Serial No.,101322,,,
#Logging Interval[s],1,,,
#Mode,Unlimited,,,
#Start Time,10:44:25,,,
#Stop Time,XX:XX:XX,,,
#Actual Count,0000000000,,,
#Calibration Ch1,factory,,,
#Calibration Date Ch1,none,,,
Timestamp,U1[V],I1[A],P1[W],DVM1[V]
44:26.0,nan,nan,nan,nan
44:27.0,nan,nan,nan,nan
44:28.0,nan,nan,nan,nan
44:29.0,nan,nan,nan,nan
44:30.0,nan,nan,nan,nan
44:31.0,nan,nan,nan,nan
44:32.0,nan,nan,nan,nan
44:33.0,nan,nan,nan,nan
44:34.0,nan,nan,nan,nan
44:35.0,nan,nan,nan,nan
44:36.0,nan,nan,nan,nan
44:37.0,nan,nan,nan,nan
44:38.0,nan,nan,nan,nan
44:39.0,nan,nan,nan,nan
44:40.0,nan,nan,nan,nan
44:41.0,nan,nan,nan,nan
44:42.0,nan,nan,nan,nan
44:43.0,nan,nan,nan,nan
44:44.0,nan,nan,nan,nan
44:45.0,nan,nan,nan,nan
44:46.0,nan,nan,nan,nan
44:47.0,nan,nan,nan,nan
44:48.0,nan,nan,nan,nan
44:49.0,nan,nan,nan,nan
44:50.0,nan,nan,nan,nan
44:51.0,nan,nan,nan,nan
44:52.0,nan,nan,nan,nan
44:53.0,nan,nan,nan,nan
44:54.0,nan,nan,nan,nan
44:55.0,nan,nan,nan,nan
44:56.0,nan,nan,nan,nan
44:57.0,nan,nan,nan,nan
44:58.0,nan,nan,nan,nan
44:59.0,nan,nan,nan,nan
45:00.0,nan,nan,nan,nan
45:01.0,nan,nan,nan,nan
45:02.0,nan,nan,nan,nan
45:03.0,nan,nan,nan,nan
45:04.0,nan,nan,nan,nan
45:05.0,nan,nan,nan,nan
45:06.0,nan,nan,nan,nan
45:07.0,nan,nan,nan,nan
45:08.0,nan,nan,nan,nan
45:09.0,nan,nan,nan,nan
45:10.0,nan,nan,nan,nan
45:11.0,nan,nan,nan,nan
45:12.0,nan,nan,nan,nan
45:13.0,nan,nan,nan,nan
45:14.0,nan,nan,nan,nan
45:15.0,nan,nan,nan,nan
45:16.0,nan,nan,nan,nan
45:17.0,nan,nan,nan,nan
45:18.0,nan,nan,nan,nan
45:19.0,2.904226E+00,1.019842E+00,2.961852E+00,nan
45:20.0,2.926743E+00,1.019837E+00,2.984801E+00,nan
45:21.0,2.935033E+00,1.019841E+00,2.993267E+00,nan
45:22.0,2.941436E+00,1.019836E+00,2.999782E+00,nan
45:23.0,2.947111E+00,1.019841E+00,3.005584E+00,nan
45:24.0,2.952310E+00,1.019835E+00,3.010868E+00,nan
45:25.0,2.957187E+00,1.019838E+00,3.015853E+00,nan
45:26.0,2.961808E+00,1.019838E+00,3.020566E+00,nan
45:27.0,2.966205E+00,1.019838E+00,3.025050E+00,nan
45:28.0,2.970426E+00,1.019841E+00,3.029362E+00,nan
45:29.0,2.974493E+00,1.019845E+00,3.033521E+00,nan
45:30.0,2.978374E+00,1.019845E+00,3.037479E+00,nan
45:31.0,2.982141E+00,1.019845E+00,3.041321E+00,nan
45:32.0,2.985787E+00,1.019841E+00,3.045028E+00,nan
45:33.0,2.989347E+00,1.019842E+00,3.048662E+00,nan
45:34.0,2.992790E+00,1.019842E+00,3.052173E+00,nan
45:35.0,2.996143E+00,1.019837E+00,3.055578E+00,nan
45:36.0,2.999425E+00,1.019841E+00,3.058937E+00,nan
45:37.0,3.002623E+00,1.019845E+00,3.062209E+00,nan
45:38.0,3.005734E+00,1.019851E+00,3.065401E+00,nan
45:39.0,3.008810E+00,1.019841E+00,3.068508E+00,nan
45:40.0,3.011792E+00,1.019837E+00,3.071538E+00,nan
45:41.0,3.014720E+00,1.019837E+00,3.074523E+00,nan
45:42.0,3.017593E+00,1.019840E+00,3.077461E+00,nan
45:43.0,3.020404E+00,1.019842E+00,3.080336E+00,nan
45:44.0,3.023169E+00,1.019836E+00,3.083136E+00,nan
45:45.0,3.025893E+00,1.019837E+00,3.085918E+00,nan
45:46.0,3.028546E+00,1.019841E+00,3.088635E+00,nan
45:47.0,3.031176E+00,1.019838E+00,3.091310E+00,nan
45:48.0,3.033775E+00,1.019842E+00,3.093972E+00,nan
45:49.0,3.036304E+00,1.019846E+00,3.096562E+00,nan
45:50.0,3.038813E+00,1.019846E+00,3.099121E+00,nan
45:51.0,3.041262E+00,1.019840E+00,3.101600E+00,nan
45:52.0,3.043692E+00,1.019847E+00,3.104101E+00,nan
45:53.0,3.046080E+00,1.019840E+00,3.106513E+00,nan
45:54.0,3.048438E+00,1.019841E+00,3.108922E+00,nan
45:55.0,3.050756E+00,1.019838E+00,3.111278E+00,nan
45:56.0,3.053040E+00,1.019846E+00,3.113630E+00,nan
45:57.0,3.055306E+00,1.019842E+00,3.115930E+00,nan
45:58.0,3.057538E+00,1.019843E+00,3.118210E+00,nan
45:59.0,3.059735E+00,1.019838E+00,3.120435E+00,nan
46:00.0,3.061917E+00,1.019843E+00,3.122676E+00,nan
46:01.0,3.064067E+00,1.019838E+00,3.124853E+00,nan
46:02.0,3.066182E+00,1.019840E+00,3.127014E+00,nan
46:03.0,3.068283E+00,1.019842E+00,3.129164E+00,nan
46:04.0,3.070343E+00,1.019849E+00,3.131285E+00,nan
46:05.0,3.072379E+00,1.019843E+00,3.133346E+00,nan
46:06.0,3.074398E+00,1.019840E+00,3.135393E+00,nan
46:07.0,3.076399E+00,1.019846E+00,3.137453E+00,nan
46:08.0,3.078373E+00,1.019838E+00,3.139444E+00,nan
46:09.0,3.080318E+00,1.019840E+00,3.141430E+00,nan
46:10.0,3.082252E+00,1.019840E+00,3.143403E+00,nan
46:11.0,3.084150E+00,1.019850E+00,3.145369E+00,nan
46:12.0,3.086062E+00,1.019847E+00,3.147312E+00,nan
46:13.0,3.087902E+00,1.019846E+00,3.149184E+00,nan
46:14.0,3.089772E+00,1.019847E+00,3.151096E+00,nan
46:15.0,3.091590E+00,1.019840E+00,3.152926E+00,nan
46:16.0,3.093398E+00,1.019846E+00,3.154790E+00,nan
46:17.0,3.095189E+00,1.019842E+00,3.156605E+00,nan
46:18.0,3.096972E+00,1.019837E+00,3.158408E+00,nan
46:19.0,3.098724E+00,1.019845E+00,3.160217E+00,nan
46:20.0,3.100457E+00,1.019847E+00,3.161993E+00,nan
46:21.0,3.102184E+00,1.019837E+00,3.163722E+00,nan
46:22.0,3.103888E+00,1.019837E+00,3.165460E+00,nan
46:23.0,3.105565E+00,1.019841E+00,3.167182E+00,nan
46:24.0,3.107244E+00,1.019838E+00,3.168887E+00,nan
46:25.0,3.108899E+00,1.019836E+00,3.170566E+00,nan
46:26.0,3.110551E+00,1.019843E+00,3.172275E+00,nan
46:27.0,3.112185E+00,1.019846E+00,3.173950E+00,nan
46:28.0,3.113778E+00,1.019842E+00,3.175563E+00,nan
46:29.0,3.115393E+00,1.019847E+00,3.177225E+00,nan
46:30.0,3.116973E+00,1.019843E+00,3.178825E+00,nan
46:31.0,3.118556E+00,1.019850E+00,3.180459E+00,nan
46:32.0,3.120107E+00,1.019841E+00,3.182013E+00,nan
46:33.0,3.121642E+00,1.019846E+00,3.183594E+00,nan
46:34.0,3.123171E+00,1.019840E+00,3.185133E+00,nan
46:35.0,3.124704E+00,1.019845E+00,3.186713E+00,nan
46:36.0,3.126217E+00,1.019842E+00,3.188248E+00,nan
46:37.0,3.127696E+00,1.019843E+00,3.189760E+00,nan
46:38.0,3.129172E+00,1.019837E+00,3.191246E+00,nan
46:39.0,3.130653E+00,1.019833E+00,3.192744E+00,nan
46:40.0,3.132124E+00,1.019838E+00,3.194261E+00,nan
46:41.0,3.133571E+00,1.019835E+00,3.195724E+00,nan
46:42.0,3.135000E+00,1.019835E+00,3.197182E+00,nan
46:43.0,3.136422E+00,1.019828E+00,3.198612E+00,nan
46:44.0,3.137844E+00,1.019842E+00,3.200106E+00,nan
46:45.0,3.139246E+00,1.019836E+00,3.201515E+00,nan
46:46.0,3.140645E+00,1.019837E+00,3.202946E+00,nan
46:47.0,3.142037E+00,1.019838E+00,3.204370E+00,nan
46:48.0,3.143407E+00,1.019851E+00,3.205807E+00,nan
46:49.0,3.144764E+00,1.019842E+00,3.207163E+00,nan
46:50.0,3.146114E+00,1.019841E+00,3.208536E+00,nan
46:51.0,3.147464E+00,1.019843E+00,3.209920E+00,nan
46:52.0,3.148796E+00,1.019841E+00,3.211271E+00,nan
46:53.0,3.150112E+00,1.019847E+00,3.212633E+00,nan
46:54.0,3.151427E+00,1.019840E+00,3.213950E+00,nan
46:55.0,3.152737E+00,1.019842E+00,3.215295E+00,nan
46:56.0,3.154042E+00,1.019841E+00,3.216622E+00,nan
46:57.0,3.155323E+00,1.019841E+00,3.217928E+00,nan
46:58.0,3.156621E+00,1.019847E+00,3.219271E+00,nan
46:59.0,3.157892E+00,1.019841E+00,3.220547E+00,nan
47:00.0,3.159152E+00,1.019846E+00,3.221849E+00,nan
47:01.0,3.160420E+00,1.019842E+00,3.223130E+00,nan
47:02.0,3.161656E+00,1.019841E+00,3.224387E+00,nan
47:03.0,3.162885E+00,1.019832E+00,3.225612E+00,nan
47:04.0,3.164136E+00,1.019840E+00,3.226911E+00,nan
47:05.0,3.165357E+00,1.019841E+00,3.228161E+00,nan
47:06.0,3.166566E+00,1.019850E+00,3.229421E+00,nan
47:07.0,3.167799E+00,1.019836E+00,3.230635E+00,nan
47:08.0,3.168986E+00,1.019842E+00,3.231865E+00,nan
47:09.0,3.170197E+00,1.019841E+00,3.233097E+00,nan
47:10.0,3.171386E+00,1.019843E+00,3.234317E+00,nan
47:11.0,3.172557E+00,1.019832E+00,3.235476E+00,nan
47:12.0,3.173764E+00,1.019841E+00,3.236734E+00,nan
47:13.0,3.174920E+00,1.019845E+00,3.237926E+00,nan
47:14.0,3.176084E+00,1.019849E+00,3.239125E+00,nan
47:15.0,3.177219E+00,1.019842E+00,3.240262E+00,nan
47:16.0,3.178358E+00,1.019843E+00,3.241428E+00,nan
47:17.0,3.179515E+00,1.019842E+00,3.242604E+00,nan
47:18.0,3.180654E+00,1.019850E+00,3.243790E+00,nan
47:19.0,3.181786E+00,1.019840E+00,3.244912E+00,nan
47:20.0,3.182903E+00,1.019845E+00,3.246067E+00,nan
47:21.0,3.184015E+00,1.019846E+00,3.247205E+00,nan
47:22.0,3.185122E+00,1.019846E+00,3.248334E+00,nan
47:23.0,3.186239E+00,1.019843E+00,3.249465E+00,nan
47:24.0,3.187327E+00,1.019845E+00,3.250579E+00,nan
47:25.0,3.188427E+00,1.019845E+00,3.251700E+00,nan
47:26.0,3.189512E+00,1.019852E+00,3.252831E+00,nan
47:27.0,3.190594E+00,1.019846E+00,3.253914E+00,nan
47:28.0,3.191679E+00,1.019845E+00,3.255017E+00,nan
47:29.0,3.192741E+00,1.019850E+00,3.256117E+00,nan
47:30.0,3.193794E+00,1.019847E+00,3.257182E+00,nan
47:31.0,3.194857E+00,1.019850E+00,3.258274E+00,nan
47:32.0,3.195919E+00,1.019849E+00,3.259354E+00,nan
47:33.0,3.196979E+00,1.019841E+00,3.260410E+00,nan
47:34.0,3.198032E+00,1.019842E+00,3.261488E+00,nan
47:35.0,3.199060E+00,1.019845E+00,3.262545E+00,nan
47:36.0,3.200093E+00,1.019850E+00,3.263614E+00,nan
47:37.0,3.201113E+00,1.019847E+00,3.264647E+00,nan
47:38.0,3.202129E+00,1.019846E+00,3.265678E+00,nan
47:39.0,3.203152E+00,1.019847E+00,3.266726E+00,nan
47:40.0,3.204177E+00,1.019847E+00,3.267771E+00,nan
47:41.0,3.205183E+00,1.019855E+00,3.268821E+00,nan
47:42.0,3.206186E+00,1.019847E+00,3.269820E+00,nan
47:43.0,3.207187E+00,1.019845E+00,3.270833E+00,nan
47:44.0,3.208177E+00,1.019842E+00,3.271835E+00,nan
47:45.0,3.209163E+00,1.019849E+00,3.272861E+00,nan
47:46.0,3.210154E+00,1.019852E+00,3.273883E+00,nan
47:47.0,3.211118E+00,1.019847E+00,3.274849E+00,nan
47:48.0,3.212096E+00,1.019854E+00,3.275867E+00,nan
47:49.0,3.213052E+00,1.019854E+00,3.276842E+00,nan
47:50.0,3.214025E+00,1.019851E+00,3.277827E+00,nan
47:51.0,3.214989E+00,1.019857E+00,3.278830E+00,nan
47:52.0,3.215947E+00,1.019854E+00,3.279795E+00,nan
47:53.0,3.216898E+00,1.019847E+00,3.280745E+00,nan
47:54.0,3.217852E+00,1.019850E+00,3.281726E+00,nan
47:55.0,3.218793E+00,1.019847E+00,3.282678E+00,nan
47:56.0,3.219752E+00,1.019850E+00,3.283663E+00,nan
47:57.0,3.220676E+00,1.019850E+00,3.284605E+00,nan
47:58.0,3.221615E+00,1.019851E+00,3.285567E+00,nan
47:59.0,3.222531E+00,1.019854E+00,3.286510E+00,nan
48:00.0,3.223465E+00,1.019855E+00,3.287466E+00,nan
48:01.0,3.224384E+00,1.019854E+00,3.288399E+00,nan
48:02.0,3.225290E+00,1.019849E+00,3.289308E+00,nan
48:03.0,3.226224E+00,1.019852E+00,3.290272E+00,nan
48:04.0,3.227138E+00,1.019854E+00,3.291208E+00,nan
48:05.0,3.228037E+00,1.019856E+00,3.292133E+00,nan
48:06.0,3.228924E+00,1.019855E+00,3.293034E+00,nan
48:07.0,3.229828E+00,1.019855E+00,3.293956E+00,nan
48:08.0,3.230717E+00,1.019856E+00,3.294867E+00,nan
48:09.0,3.231614E+00,1.019849E+00,3.295757E+00,nan
48:10.0,3.232505E+00,1.019849E+00,3.296666E+00,nan
48:11.0,3.233392E+00,1.019859E+00,3.297603E+00,nan
48:12.0,3.234251E+00,1.019851E+00,3.298455E+00,nan
48:13.0,3.235123E+00,1.019850E+00,3.299340E+00,nan
48:14.0,3.236010E+00,1.019849E+00,3.300240E+00,nan
48:15.0,3.236880E+00,1.019850E+00,3.301131E+00,nan
48:16.0,3.237749E+00,1.019850E+00,3.302017E+00,nan
48:17.0,3.238611E+00,1.019852E+00,3.302905E+00,nan
48:18.0,3.239463E+00,1.019847E+00,3.303758E+00,nan
48:19.0,3.240318E+00,1.019851E+00,3.304641E+00,nan
48:20.0,3.241184E+00,1.019859E+00,3.305550E+00,nan
48:21.0,3.242022E+00,1.019859E+00,3.306404E+00,nan
48:22.0,3.242874E+00,1.019849E+00,3.307240E+00,nan
48:23.0,3.243716E+00,1.019855E+00,3.308119E+00,nan
48:24.0,3.244553E+00,1.019846E+00,3.308944E+00,nan
48:25.0,3.245395E+00,1.019861E+00,3.309853E+00,nan
48:26.0,3.246230E+00,1.019850E+00,3.310667E+00,nan
48:27.0,3.247062E+00,1.019857E+00,3.311540E+00,nan
48:28.0,3.247885E+00,1.019856E+00,3.312375E+00,nan
48:29.0,3.248714E+00,1.019857E+00,3.313225E+00,nan
48:30.0,3.249522E+00,1.019860E+00,3.314057E+00,nan
48:31.0,3.250344E+00,1.019862E+00,3.314904E+00,nan
48:32.0,3.251154E+00,1.019852E+00,3.315697E+00,nan
48:33.0,3.251974E+00,1.019857E+00,3.316550E+00,nan
48:34.0,3.252786E+00,1.019851E+00,3.317358E+00,nan
48:35.0,3.253584E+00,1.019859E+00,3.318195E+00,nan
48:36.0,3.254409E+00,1.019849E+00,3.319004E+00,nan
48:37.0,3.255196E+00,1.019850E+00,3.319811E+00,nan
48:38.0,3.255986E+00,1.019851E+00,3.320621E+00,nan
48:39.0,3.256769E+00,1.019857E+00,3.321440E+00,nan
48:40.0,3.257569E+00,1.019857E+00,3.322256E+00,nan
48:41.0,3.258362E+00,1.019855E+00,3.323056E+00,nan
48:42.0,3.259135E+00,1.019855E+00,3.323844E+00,nan
48:43.0,3.259917E+00,1.019859E+00,3.324654E+00,nan
48:44.0,3.260692E+00,1.019861E+00,3.325454E+00,nan
48:45.0,3.261485E+00,1.019860E+00,3.326258E+00,nan
48:46.0,3.262248E+00,1.019852E+00,3.327011E+00,nan
48:47.0,3.263028E+00,1.019856E+00,3.327819E+00,nan
48:48.0,3.263803E+00,1.019862E+00,3.328630E+00,nan
48:49.0,3.264564E+00,1.019859E+00,3.329393E+00,nan
48:50.0,3.265332E+00,1.019860E+00,3.330181E+00,nan
48:51.0,3.266077E+00,1.019865E+00,3.330958E+00,nan
48:52.0,3.266850E+00,1.019868E+00,3.331754E+00,nan
48:53.0,3.267618E+00,1.019861E+00,3.332517E+00,nan
48:54.0,3.268366E+00,1.019859E+00,3.333271E+00,nan
48:55.0,3.269104E+00,1.019857E+00,3.334020E+00,nan
48:56.0,3.269854E+00,1.019869E+00,3.334822E+00,nan
48:57.0,3.270625E+00,1.019864E+00,3.335591E+00,nan
48:58.0,3.271360E+00,1.019864E+00,3.336342E+00,nan
48:59.0,3.272104E+00,1.019862E+00,3.337095E+00,nan
49:00.0,3.272829E+00,1.019862E+00,3.337835E+00,nan
49:01.0,3.273560E+00,1.019860E+00,3.338572E+00,nan
49:02.0,3.274298E+00,1.019857E+00,3.339317E+00,nan
49:03.0,3.275038E+00,1.019855E+00,3.340064E+00,nan
49:04.0,3.275754E+00,1.019860E+00,3.340811E+00,nan
49:05.0,3.276473E+00,1.019852E+00,3.341518E+00,nan
49:06.0,3.277211E+00,1.019859E+00,3.342292E+00,nan
49:07.0,3.277919E+00,1.019861E+00,3.343023E+00,nan
49:08.0,3.278633E+00,1.019862E+00,3.343754E+00,nan
49:09.0,3.279353E+00,1.019857E+00,3.344473E+00,nan
49:10.0,3.280071E+00,1.019861E+00,3.345218E+00,nan
49:11.0,3.280797E+00,1.019857E+00,3.345945E+00,nan
49:12.0,3.281478E+00,1.019855E+00,3.346632E+00,nan
49:13.0,3.282184E+00,1.019859E+00,3.347364E+00,nan
49:14.0,3.282908E+00,1.019873E+00,3.348147E+00,nan
49:15.0,3.283584E+00,1.019868E+00,3.348821E+00,nan
49:16.0,3.284272E+00,1.019874E+00,3.349544E+00,nan
49:17.0,3.284988E+00,1.019870E+00,3.350261E+00,nan
49:18.0,3.285687E+00,1.019875E+00,3.350990E+00,nan
49:19.0,3.286385E+00,1.019871E+00,3.351690E+00,nan
49:20.0,3.287056E+00,1.019857E+00,3.352329E+00,nan
49:21.0,3.287745E+00,1.019864E+00,3.353052E+00,nan
49:22.0,3.288441E+00,1.019862E+00,3.353757E+00,nan
49:23.0,3.289132E+00,1.019852E+00,3.354429E+00,nan
49:24.0,3.289823E+00,1.019859E+00,3.355154E+00,nan
49:25.0,3.290509E+00,1.019860E+00,3.355858E+00,nan
49:26.0,3.291183E+00,1.019860E+00,3.356546E+00,nan
49:27.0,3.291874E+00,1.019862E+00,3.357258E+00,nan
49:28.0,3.292533E+00,1.019856E+00,3.357910E+00,nan
49:29.0,3.293219E+00,1.019857E+00,3.358614E+00,nan
49:30.0,3.293880E+00,1.019859E+00,3.359292E+00,nan
49:31.0,3.294529E+00,1.019864E+00,3.359971E+00,nan
49:32.0,3.295218E+00,1.019859E+00,3.360656E+00,nan
49:33.0,3.295889E+00,1.019861E+00,3.361349E+00,nan
49:34.0,3.296523E+00,1.019861E+00,3.361996E+00,nan
49:35.0,3.297202E+00,1.019862E+00,3.362692E+00,nan
49:36.0,3.297856E+00,1.019866E+00,3.363372E+00,nan
49:37.0,3.298524E+00,1.019865E+00,3.364050E+00,nan
49:38.0,3.299178E+00,1.019869E+00,3.364729E+00,nan
49:39.0,3.299822E+00,1.019864E+00,3.365369E+00,nan
49:40.0,3.300479E+00,1.019866E+00,3.366047E+00,nan
49:41.0,3.301130E+00,1.019864E+00,3.366703E+00,nan
49:42.0,3.301784E+00,1.019870E+00,3.367391E+00,nan
49:43.0,3.302426E+00,1.019869E+00,3.368041E+00,nan
49:44.0,3.303070E+00,1.019868E+00,3.368693E+00,nan
49:45.0,3.303716E+00,1.019865E+00,3.369344E+00,nan
49:46.0,3.304340E+00,1.019861E+00,3.369968E+00,nan
49:47.0,3.304999E+00,1.019862E+00,3.370644E+00,nan
49:48.0,3.305623E+00,1.019865E+00,3.371290E+00,nan
49:49.0,3.306242E+00,1.019862E+00,3.371912E+00,nan
49:50.0,3.306899E+00,1.019865E+00,3.372590E+00,nan
49:51.0,3.307511E+00,1.019874E+00,3.373244E+00,nan
49:52.0,3.308145E+00,1.019870E+00,3.373878E+00,nan
49:53.0,3.308776E+00,1.019869E+00,3.374518E+00,nan
49:54.0,3.309398E+00,1.019869E+00,3.375151E+00,nan
49:55.0,3.310005E+00,1.019865E+00,3.375758E+00,nan
49:56.0,3.310641E+00,1.019865E+00,3.376407E+00,nan
49:57.0,3.311258E+00,1.019868E+00,3.377045E+00,nan
49:58.0,3.311867E+00,1.019871E+00,3.377679E+00,nan
49:59.0,3.312492E+00,1.019871E+00,3.378315E+00,nan
50:00.0,3.313106E+00,1.019866E+00,3.378925E+00,nan
50:01.0,3.313720E+00,1.019873E+00,3.379572E+00,nan
50:02.0,3.314317E+00,1.019868E+00,3.380164E+00,nan
50:03.0,3.314936E+00,1.019866E+00,3.380792E+00,nan
50:04.0,3.315533E+00,1.019870E+00,3.381413E+00,nan
50:05.0,3.316153E+00,1.019873E+00,3.382053E+00,nan
50:06.0,3.316752E+00,1.019874E+00,3.382669E+00,nan
50:07.0,3.317356E+00,1.019869E+00,3.383268E+00,nan
50:08.0,3.317946E+00,1.019869E+00,3.383869E+00,nan
50:09.0,3.318538E+00,1.019871E+00,3.384482E+00,nan
50:10.0,3.319122E+00,1.019879E+00,3.385103E+00,nan
50:11.0,3.319707E+00,1.019871E+00,3.385674E+00,nan
50:12.0,3.320309E+00,1.019869E+00,3.386279E+00,nan
50:13.0,3.320893E+00,1.019874E+00,3.386892E+00,nan
50:14.0,3.321493E+00,1.019866E+00,3.387478E+00,nan
50:15.0,3.322065E+00,1.019866E+00,3.388062E+00,nan
50:16.0,3.322647E+00,1.019869E+00,3.388664E+00,nan
50:17.0,3.323214E+00,1.019860E+00,3.389213E+00,nan
50:18.0,3.323808E+00,1.019864E+00,3.389832E+00,nan
50:19.0,3.324396E+00,1.019868E+00,3.390443E+00,nan
50:20.0,3.324975E+00,1.019874E+00,3.391055E+00,nan
50:21.0,3.325565E+00,1.019866E+00,3.391631E+00,nan
50:22.0,3.326117E+00,1.019874E+00,3.392220E+00,nan
50:23.0,3.326689E+00,1.019878E+00,3.392816E+00,nan
50:24.0,3.327279E+00,1.019874E+00,3.393404E+00,nan
50:25.0,3.327836E+00,1.019876E+00,3.393981E+00,nan
50:26.0,3.328403E+00,1.019866E+00,3.394526E+00,nan
50:27.0,3.328978E+00,1.019879E+00,3.395154E+00,nan
50:28.0,3.329533E+00,1.019873E+00,3.395699E+00,nan
50:29.0,3.330082E+00,1.019880E+00,3.396285E+00,nan
50:30.0,3.330652E+00,1.019876E+00,3.396853E+00,nan
50:31.0,3.331192E+00,1.019880E+00,3.397417E+00,nan
50:32.0,3.331762E+00,1.019881E+00,3.398002E+00,nan
50:33.0,3.332304E+00,1.019873E+00,3.398526E+00,nan
50:34.0,3.332876E+00,1.019870E+00,3.399101E+00,nan
50:35.0,3.333416E+00,1.019869E+00,3.399647E+00,nan
50:36.0,3.333971E+00,1.019870E+00,3.400217E+00,nan
50:37.0,3.334531E+00,1.019879E+00,3.400818E+00,nan
50:38.0,3.335071E+00,1.019870E+00,3.401339E+00,nan
50:39.0,3.335616E+00,1.019873E+00,3.401903E+00,nan
50:40.0,3.336156E+00,1.019875E+00,3.402462E+00,nan
50:41.0,3.336708E+00,1.019869E+00,3.403004E+00,nan
50:42.0,3.337241E+00,1.019873E+00,3.403560E+00,nan
50:43.0,3.337773E+00,1.019871E+00,3.404099E+00,nan
50:44.0,3.338326E+00,1.019875E+00,3.404675E+00,nan
50:45.0,3.338856E+00,1.019874E+00,3.405212E+00,nan
50:46.0,3.339383E+00,1.019885E+00,3.405787E+00,nan
50:47.0,3.339913E+00,1.019871E+00,3.406282E+00,nan
50:48.0,3.340406E+00,1.019870E+00,3.406780E+00,nan
50:49.0,3.340941E+00,1.019861E+00,3.407296E+00,nan
50:50.0,3.341484E+00,1.019865E+00,3.407862E+00,nan
50:51.0,3.342006E+00,1.019875E+00,3.408429E+00,nan
50:52.0,3.342531E+00,1.019874E+00,3.408960E+00,nan
50:53.0,3.343051E+00,1.019871E+00,3.409482E+00,nan
50:54.0,3.343579E+00,1.019875E+00,3.410033E+00,nan
50:55.0,3.344109E+00,1.019879E+00,3.410586E+00,nan
50:56.0,3.344627E+00,1.019870E+00,3.411085E+00,nan
50:57.0,3.345147E+00,1.019876E+00,3.411636E+00,nan
50:58.0,3.345662E+00,1.019883E+00,3.412183E+00,nan
50:59.0,3.346160E+00,1.019884E+00,3.412695E+00,nan
51:00.0,3.346678E+00,1.019875E+00,3.413193E+00,nan
51:01.0,3.347190E+00,1.019875E+00,3.413716E+00,nan
51:02.0,3.347696E+00,1.019876E+00,3.414236E+00,nan
51:03.0,3.348211E+00,1.019874E+00,3.414753E+00,nan
51:04.0,3.348736E+00,1.019876E+00,3.415297E+00,nan
51:05.0,3.349234E+00,1.019875E+00,3.415800E+00,nan
51:06.0,3.349722E+00,1.019875E+00,3.416298E+00,nan
51:07.0,3.350237E+00,1.019874E+00,3.416819E+00,nan
51:08.0,3.350730E+00,1.019876E+00,3.417330E+00,nan
51:09.0,3.351228E+00,1.019875E+00,3.417834E+00,nan
51:10.0,3.351713E+00,1.019881E+00,3.418350E+00,nan
51:11.0,3.352221E+00,1.019883E+00,3.418872E+00,nan
51:12.0,3.352711E+00,1.019880E+00,3.419364E+00,nan
51:13.0,3.353207E+00,1.019880E+00,3.419869E+00,nan
51:14.0,3.353680E+00,1.019883E+00,3.420360E+00,nan
51:15.0,3.354190E+00,1.019883E+00,3.420880E+00,nan
51:16.0,3.354676E+00,1.019885E+00,3.421384E+00,nan
51:17.0,3.355171E+00,1.019884E+00,3.421885E+00,nan
51:18.0,3.355639E+00,1.019886E+00,3.422371E+00,nan
51:19.0,3.356132E+00,1.019880E+00,3.422853E+00,nan
51:20.0,3.356617E+00,1.019886E+00,3.423369E+00,nan
51:21.0,3.357083E+00,1.019888E+00,3.423848E+00,nan
51:22.0,3.357556E+00,1.019879E+00,3.424301E+00,nan
51:23.0,3.358044E+00,1.019886E+00,3.424824E+00,nan
51:24.0,3.358517E+00,1.019883E+00,3.425293E+00,nan
51:25.0,3.358990E+00,1.019881E+00,3.425772E+00,nan
51:26.0,3.359463E+00,1.019874E+00,3.426229E+00,nan
51:27.0,3.359934E+00,1.019876E+00,3.426717E+00,nan
51:28.0,3.360392E+00,1.019880E+00,3.427197E+00,nan
51:29.0,3.360855E+00,1.019883E+00,3.427678E+00,nan
51:30.0,3.361309E+00,1.019878E+00,3.428124E+00,nan
51:31.0,3.361764E+00,1.019885E+00,3.428614E+00,nan
51:32.0,3.362230E+00,1.019886E+00,3.429093E+00,nan
51:33.0,3.362710E+00,1.019883E+00,3.429570E+00,nan
51:34.0,3.363169E+00,1.019885E+00,3.430046E+00,nan
51:35.0,3.363607E+00,1.019880E+00,3.430476E+00,nan
51:36.0,3.364090E+00,1.019886E+00,3.430990E+00,nan
51:37.0,3.364526E+00,1.019880E+00,3.431413E+00,nan
51:38.0,3.364984E+00,1.019884E+00,3.431894E+00,nan
51:39.0,3.365453E+00,1.019883E+00,3.432367E+00,nan
51:40.0,3.365893E+00,1.019884E+00,3.432821E+00,nan
51:41.0,3.366352E+00,1.019874E+00,3.433254E+00,nan
51:42.0,3.366792E+00,1.019880E+00,3.433725E+00,nan
51:43.0,3.367243E+00,1.019879E+00,3.434180E+00,nan
51:44.0,3.367711E+00,1.019879E+00,3.434658E+00,nan
51:45.0,3.368147E+00,1.019881E+00,3.435111E+00,nan
51:46.0,3.368576E+00,1.019878E+00,3.435535E+00,nan
51:47.0,3.369004E+00,1.019874E+00,3.435959E+00,nan
51:48.0,3.369462E+00,1.019879E+00,3.436444E+00,nan
51:49.0,3.369911E+00,1.019879E+00,3.436901E+00,nan
51:50.0,3.370349E+00,1.019876E+00,3.437340E+00,nan
51:51.0,3.370778E+00,1.019889E+00,3.437819E+00,nan
51:52.0,3.371226E+00,1.019881E+00,3.438251E+00,nan
51:53.0,3.371640E+00,1.019879E+00,3.438664E+00,nan
51:54.0,3.372091E+00,1.019889E+00,3.439158E+00,nan
51:55.0,3.372517E+00,1.019880E+00,3.439563E+00,nan
51:56.0,3.372943E+00,1.019880E+00,3.439997E+00,nan
51:57.0,3.373366E+00,1.019875E+00,3.440412E+00,nan
51:58.0,3.373792E+00,1.019881E+00,3.440868E+00,nan
51:59.0,3.374218E+00,1.019871E+00,3.441269E+00,nan
52:00.0,3.374637E+00,1.019875E+00,3.441708E+00,nan
52:01.0,3.375048E+00,1.019876E+00,3.442132E+00,nan
52:02.0,3.375474E+00,1.019875E+00,3.442562E+00,nan
52:03.0,3.375883E+00,1.019881E+00,3.443000E+00,nan
52:04.0,3.376301E+00,1.019874E+00,3.443401E+00,nan
52:05.0,3.376717E+00,1.019874E+00,3.443826E+00,nan
52:06.0,3.377104E+00,1.019880E+00,3.444241E+00,nan
52:07.0,3.377545E+00,1.019875E+00,3.444674E+00,nan
52:08.0,3.377926E+00,1.019878E+00,3.445071E+00,nan
52:09.0,3.378327E+00,1.019876E+00,3.445476E+00,nan
52:10.0,3.378741E+00,1.019875E+00,3.445894E+00,nan
52:11.0,3.379150E+00,1.019873E+00,3.446302E+00,nan
52:12.0,3.379553E+00,1.019878E+00,3.446731E+00,nan
52:13.0,3.379960E+00,1.019878E+00,3.447145E+00,nan
52:14.0,3.380339E+00,1.019883E+00,3.447549E+00,nan
52:15.0,3.380730E+00,1.019881E+00,3.447943E+00,nan
52:16.0,3.381161E+00,1.019878E+00,3.448371E+00,nan
52:17.0,3.381535E+00,1.019868E+00,3.448718E+00,nan
52:18.0,3.381924E+00,1.019880E+00,3.449157E+00,nan
52:19.0,3.382337E+00,1.019884E+00,3.449592E+00,nan
52:20.0,3.382697E+00,1.019885E+00,3.449962E+00,nan
52:21.0,3.383088E+00,1.019884E+00,3.450357E+00,nan
52:22.0,3.383472E+00,1.019885E+00,3.450753E+00,nan
52:23.0,3.383841E+00,1.019889E+00,3.451142E+00,nan
52:24.0,3.384242E+00,1.019879E+00,3.451517E+00,nan
52:25.0,3.384639E+00,1.019883E+00,3.451934E+00,nan
52:26.0,3.384985E+00,1.019883E+00,3.452288E+00,nan
52:27.0,3.385384E+00,1.019880E+00,3.452686E+00,nan
52:28.0,3.385761E+00,1.019881E+00,3.453074E+00,nan
52:29.0,3.386139E+00,1.019876E+00,3.453444E+00,nan
52:30.0,3.386474E+00,1.019888E+00,3.453823E+00,nan
52:31.0,3.386845E+00,1.019888E+00,3.454202E+00,nan
52:32.0,3.387209E+00,1.019893E+00,3.454591E+00,nan
52:33.0,3.387564E+00,1.019883E+00,3.454918E+00,nan
52:34.0,3.387933E+00,1.019886E+00,3.455307E+00,nan
52:35.0,3.388282E+00,1.019879E+00,3.455637E+00,nan
52:36.0,3.388666E+00,1.019881E+00,3.456037E+00,nan
52:37.0,3.388995E+00,1.019889E+00,3.456399E+00,nan
52:38.0,3.389387E+00,1.019889E+00,3.456798E+00,nan
52:39.0,3.389731E+00,1.019885E+00,3.457136E+00,nan
52:40.0,3.390088E+00,1.019900E+00,3.457552E+00,nan
52:41.0,3.390427E+00,1.019890E+00,3.457864E+00,nan
52:42.0,3.390759E+00,1.019895E+00,3.458219E+00,nan
52:43.0,3.391108E+00,1.019884E+00,3.458537E+00,nan
52:44.0,3.391428E+00,1.019890E+00,3.458884E+00,nan
52:45.0,3.391764E+00,1.019886E+00,3.459215E+00,nan
52:46.0,3.392116E+00,1.019895E+00,3.459604E+00,nan
52:47.0,3.392468E+00,1.019900E+00,3.459980E+00,nan
52:48.0,3.392790E+00,1.019886E+00,3.460261E+00,nan
52:49.0,3.393137E+00,1.019888E+00,3.460619E+00,nan
52:50.0,3.393464E+00,1.019892E+00,3.460965E+00,nan
52:51.0,3.393788E+00,1.019893E+00,3.461300E+00,nan
52:52.0,3.394123E+00,1.019893E+00,3.461641E+00,nan
52:53.0,3.394439E+00,1.019888E+00,3.461947E+00,nan
52:54.0,3.394747E+00,1.019892E+00,3.462273E+00,nan
52:55.0,3.395091E+00,1.019888E+00,3.462612E+00,nan
52:56.0,3.395423E+00,1.019892E+00,3.462963E+00,nan
52:57.0,3.395732E+00,1.019889E+00,3.463270E+00,nan
52:58.0,3.396032E+00,1.019890E+00,3.463580E+00,nan
52:59.0,3.396352E+00,1.019889E+00,3.463902E+00,nan
53:00.0,3.396716E+00,1.019888E+00,3.464269E+00,nan
53:01.0,3.396973E+00,1.019889E+00,3.464536E+00,nan
53:02.0,3.397295E+00,1.019884E+00,3.464847E+00,nan
53:03.0,3.397600E+00,1.019881E+00,3.465149E+00,nan
53:04.0,3.397900E+00,1.019883E+00,3.465459E+00,nan
53:05.0,3.398219E+00,1.019885E+00,3.465794E+00,nan
53:06.0,3.398492E+00,1.019884E+00,3.466067E+00,nan
53:07.0,3.398806E+00,1.019885E+00,3.466392E+00,nan
53:08.0,3.399116E+00,1.019880E+00,3.466691E+00,nan
53:09.0,3.399403E+00,1.019881E+00,3.466988E+00,nan
53:10.0,3.399710E+00,1.019881E+00,3.467301E+00,nan
53:11.0,3.400020E+00,1.019875E+00,3.467595E+00,nan
53:12.0,3.400285E+00,1.019878E+00,3.467875E+00,nan
53:13.0,3.400572E+00,1.019883E+00,3.468185E+00,nan
53:14.0,3.400855E+00,1.019886E+00,3.468486E+00,nan
53:15.0,3.401159E+00,1.019883E+00,3.468783E+00,nan
53:16.0,3.401424E+00,1.019880E+00,3.469045E+00,nan
53:17.0,3.401699E+00,1.019886E+00,3.469347E+00,nan
53:18.0,3.401979E+00,1.019885E+00,3.469628E+00,nan
53:19.0,3.402232E+00,1.019879E+00,3.469864E+00,nan
53:20.0,3.402539E+00,1.019879E+00,3.470178E+00,nan
53:21.0,3.402809E+00,1.019885E+00,3.470474E+00,nan
53:22.0,3.403062E+00,1.019885E+00,3.470732E+00,nan
53:23.0,3.403342E+00,1.019889E+00,3.471031E+00,nan
53:24.0,3.403604E+00,1.019883E+00,3.471277E+00,nan
53:25.0,3.403894E+00,1.019897E+00,3.471620E+00,nan
53:26.0,3.404159E+00,1.019894E+00,3.471882E+00,nan
53:27.0,3.404404E+00,1.019886E+00,3.472106E+00,nan
53:28.0,3.404696E+00,1.019885E+00,3.472399E+00,nan
53:29.0,3.404939E+00,1.019892E+00,3.472669E+00,nan
53:30.0,3.405194E+00,1.019888E+00,3.472916E+00,nan
53:31.0,3.405452E+00,1.019890E+00,3.473187E+00,nan
53:32.0,3.405694E+00,1.019893E+00,3.473443E+00,nan
53:33.0,3.405955E+00,1.019892E+00,3.473704E+00,nan
53:34.0,3.406212E+00,1.019892E+00,3.473967E+00,nan
53:35.0,3.406457E+00,1.019894E+00,3.474226E+00,nan
53:36.0,3.406703E+00,1.019894E+00,3.474476E+00,nan
53:37.0,3.406975E+00,1.019900E+00,3.474775E+00,nan
53:38.0,3.407196E+00,1.019897E+00,3.474987E+00,nan
53:39.0,3.407431E+00,1.019902E+00,3.475244E+00,nan
53:40.0,3.407686E+00,1.019894E+00,3.475479E+00,nan
53:41.0,3.407936E+00,1.019897E+00,3.475743E+00,nan
53:42.0,3.408181E+00,1.019895E+00,3.475988E+00,nan
53:43.0,3.408432E+00,1.019892E+00,3.476230E+00,nan
53:44.0,3.408654E+00,1.019893E+00,3.476462E+00,nan
53:45.0,3.408885E+00,1.019892E+00,3.476693E+00,nan
53:46.0,3.409135E+00,1.019892E+00,3.476948E+00,nan
53:47.0,3.409355E+00,1.019888E+00,3.477160E+00,nan
53:48.0,3.409591E+00,1.019888E+00,3.477400E+00,nan
53:49.0,3.409826E+00,1.019892E+00,3.477653E+00,nan
53:50.0,3.410064E+00,1.019894E+00,3.477904E+00,nan
53:51.0,3.410272E+00,1.019894E+00,3.478116E+00,nan
53:52.0,3.410524E+00,1.019888E+00,3.478352E+00,nan
53:53.0,3.410760E+00,1.019892E+00,3.478605E+00,nan
53:54.0,3.410965E+00,1.019892E+00,3.478815E+00,nan
53:55.0,3.411221E+00,1.019893E+00,3.479079E+00,nan
53:56.0,3.411404E+00,1.019893E+00,3.479266E+00,nan
53:57.0,3.411634E+00,1.019890E+00,3.479493E+00,nan
53:58.0,3.411855E+00,1.019888E+00,3.479709E+00,nan
53:59.0,3.412087E+00,1.019888E+00,3.479946E+00,nan
54:00.0,3.412286E+00,1.019892E+00,3.480161E+00,nan
54:01.0,3.412508E+00,1.019892E+00,3.480388E+00,nan
54:02.0,3.412697E+00,1.019895E+00,3.480593E+00,nan
54:03.0,3.412930E+00,1.019886E+00,3.480801E+00,nan
54:04.0,3.413150E+00,1.019892E+00,3.481043E+00,nan
54:05.0,3.413356E+00,1.019893E+00,3.481257E+00,nan
54:06.0,3.413576E+00,1.019890E+00,3.481473E+00,nan
54:07.0,3.413782E+00,1.019886E+00,3.481670E+00,nan
54:08.0,3.413975E+00,1.019897E+00,3.481901E+00,nan
54:09.0,3.414205E+00,1.019890E+00,3.482115E+00,nan
54:10.0,3.414423E+00,1.019892E+00,3.482341E+00,nan
54:11.0,3.414609E+00,1.019892E+00,3.482531E+00,nan
54:12.0,3.414822E+00,1.019899E+00,3.482774E+00,nan
54:13.0,3.415013E+00,1.019888E+00,3.482930E+00,nan
54:14.0,3.415223E+00,1.019894E+00,3.483166E+00,nan
54:15.0,3.415426E+00,1.019897E+00,3.483382E+00,nan
54:16.0,3.415617E+00,1.019893E+00,3.483563E+00,nan
54:17.0,3.415803E+00,1.019895E+00,3.483761E+00,nan
54:18.0,3.416036E+00,1.019898E+00,3.484007E+00,nan
54:19.0,3.416229E+00,1.019898E+00,3.484204E+00,nan
54:20.0,3.416427E+00,1.019894E+00,3.484394E+00,nan
54:21.0,3.416620E+00,1.019898E+00,3.484603E+00,nan
54:22.0,3.416838E+00,1.019898E+00,3.484826E+00,nan
54:23.0,3.417029E+00,1.019902E+00,3.485033E+00,nan
54:24.0,3.417219E+00,1.019898E+00,3.485215E+00,nan
54:25.0,3.417405E+00,1.019902E+00,3.485417E+00,nan
54:26.0,3.417603E+00,1.019893E+00,3.485589E+00,nan
54:27.0,3.417807E+00,1.019895E+00,3.485805E+00,nan
54:28.0,3.417960E+00,1.019895E+00,3.485962E+00,nan
54:29.0,3.418171E+00,1.019895E+00,3.486176E+00,nan
54:30.0,3.418354E+00,1.019886E+00,3.486333E+00,nan
54:31.0,3.418545E+00,1.019890E+00,3.486540E+00,nan
54:32.0,3.418743E+00,1.019893E+00,3.486751E+00,nan
54:33.0,3.418946E+00,1.019893E+00,3.486958E+00,nan
54:34.0,3.419124E+00,1.019895E+00,3.487149E+00,nan
54:35.0,3.419347E+00,1.019899E+00,3.487389E+00,nan
54:36.0,3.419498E+00,1.019895E+00,3.487530E+00,nan
54:37.0,3.419682E+00,1.019897E+00,3.487722E+00,nan
54:38.0,3.419887E+00,1.019889E+00,3.487905E+00,nan
54:39.0,3.420083E+00,1.019888E+00,3.488101E+00,nan
54:40.0,3.420254E+00,1.019893E+00,3.488292E+00,nan
54:41.0,3.420415E+00,1.019889E+00,3.488443E+00,nan
54:42.0,3.420600E+00,1.019893E+00,3.488646E+00,nan
54:43.0,3.420789E+00,1.019893E+00,3.488838E+00,nan
54:44.0,3.420972E+00,1.019894E+00,3.489029E+00,nan
54:45.0,3.421153E+00,1.019894E+00,3.489214E+00,nan
54:46.0,3.421331E+00,1.019898E+00,3.489408E+00,nan
54:47.0,3.421502E+00,1.019892E+00,3.489561E+00,nan
54:48.0,3.421703E+00,1.019888E+00,3.489753E+00,nan
54:49.0,3.421888E+00,1.019880E+00,3.489916E+00,nan
54:50.0,3.422045E+00,1.019888E+00,3.490101E+00,nan
54:51.0,3.422240E+00,1.019885E+00,3.490292E+00,nan
54:52.0,3.422428E+00,1.019888E+00,3.490493E+00,nan
54:53.0,3.422599E+00,1.019893E+00,3.490684E+00,nan
54:54.0,3.422770E+00,1.019898E+00,3.490876E+00,nan
54:55.0,3.422954E+00,1.019893E+00,3.491046E+00,nan
54:56.0,3.423112E+00,1.019883E+00,3.491173E+00,nan
54:57.0,3.423285E+00,1.019889E+00,3.491371E+00,nan
54:58.0,3.423481E+00,1.019886E+00,3.491562E+00,nan
54:59.0,3.423647E+00,1.019889E+00,3.491740E+00,nan
55:00.0,3.423815E+00,1.019892E+00,3.491920E+00,nan
55:01.0,3.423979E+00,1.019884E+00,3.492061E+00,nan
55:02.0,3.424182E+00,1.019888E+00,3.492281E+00,nan
55:03.0,3.424356E+00,1.019895E+00,3.492484E+00,nan
55:04.0,3.424529E+00,1.019884E+00,3.492622E+00,nan
55:05.0,3.424690E+00,1.019883E+00,3.492782E+00,nan
55:06.0,3.424863E+00,1.019885E+00,3.492967E+00,nan
55:07.0,3.425051E+00,1.019892E+00,3.493181E+00,nan
55:08.0,3.425232E+00,1.019890E+00,3.493361E+00,nan
55:09.0,3.425373E+00,1.019892E+00,3.493509E+00,nan
55:10.0,3.425576E+00,1.019889E+00,3.493708E+00,nan
55:11.0,3.425720E+00,1.019890E+00,3.493859E+00,nan
55:12.0,3.425906E+00,1.019907E+00,3.494105E+00,nan
55:13.0,3.426072E+00,1.019893E+00,3.494226E+00,nan
55:14.0,3.426238E+00,1.019898E+00,3.494412E+00,nan
55:15.0,3.426389E+00,1.019898E+00,3.494567E+00,nan
55:16.0,3.426585E+00,1.019903E+00,3.494784E+00,nan
55:17.0,3.426763E+00,1.019894E+00,3.494936E+00,nan
55:18.0,3.426921E+00,1.019899E+00,3.495114E+00,nan
55:19.0,3.427105E+00,1.019900E+00,3.495306E+00,nan
55:20.0,3.427248E+00,1.019898E+00,3.495443E+00,nan
55:21.0,3.427437E+00,1.019893E+00,3.495618E+00,nan
55:22.0,3.427593E+00,1.019892E+00,3.495773E+00,nan
55:23.0,3.427768E+00,1.019894E+00,3.495961E+00,nan
55:24.0,3.427922E+00,1.019895E+00,3.496122E+00,nan
55:25.0,3.428093E+00,1.019895E+00,3.496296E+00,nan
55:26.0,3.428281E+00,1.019899E+00,3.496501E+00,nan
55:27.0,3.428437E+00,1.019908E+00,3.496690E+00,nan
55:28.0,3.428616E+00,1.019903E+00,3.496855E+00,nan
55:29.0,3.428779E+00,1.019898E+00,3.497004E+00,nan
55:30.0,3.428928E+00,1.019897E+00,3.497152E+00,nan
55:31.0,3.429094E+00,1.019897E+00,3.497321E+00,nan
55:32.0,3.429260E+00,1.019893E+00,3.497477E+00,nan
55:33.0,3.429450E+00,1.019889E+00,3.497659E+00,nan
55:34.0,3.429636E+00,1.019895E+00,3.497870E+00,nan
55:35.0,3.429765E+00,1.019888E+00,3.497975E+00,nan
55:36.0,3.429948E+00,1.019889E+00,3.498167E+00,nan
55:37.0,3.430089E+00,1.019892E+00,3.498319E+00,nan
55:38.0,3.430280E+00,1.019890E+00,3.498510E+00,nan
55:39.0,3.430456E+00,1.019890E+00,3.498689E+00,nan
55:40.0,3.430602E+00,1.019892E+00,3.498842E+00,nan
55:41.0,3.430778E+00,1.019897E+00,3.499039E+00,nan
55:42.0,3.430951E+00,1.019895E+00,3.499211E+00,nan
55:43.0,3.431095E+00,1.019888E+00,3.499332E+00,nan
55:44.0,3.431286E+00,1.019893E+00,3.499544E+00,nan
55:45.0,3.431439E+00,1.019889E+00,3.499687E+00,nan
55:46.0,3.431605E+00,1.019899E+00,3.499891E+00,nan
55:47.0,3.431746E+00,1.019893E+00,3.500014E+00,nan
55:48.0,3.431902E+00,1.019894E+00,3.500177E+00,nan
55:49.0,3.432098E+00,1.019900E+00,3.500398E+00,nan
55:50.0,3.432287E+00,1.019899E+00,3.500586E+00,nan
55:51.0,3.432440E+00,1.019904E+00,3.500760E+00,nan
55:52.0,3.432626E+00,1.019899E+00,3.500932E+00,nan
55:53.0,3.432762E+00,1.019894E+00,3.501054E+00,nan
55:54.0,3.432911E+00,1.019895E+00,3.501210E+00,nan
55:55.0,3.433109E+00,1.019898E+00,3.501420E+00,nan
55:56.0,3.433257E+00,1.019894E+00,3.501559E+00,nan
55:57.0,3.433416E+00,1.019892E+00,3.501712E+00,nan
55:58.0,3.433579E+00,1.019892E+00,3.501878E+00,nan
55:59.0,3.433733E+00,1.019895E+00,3.502048E+00,nan
56:00.0,3.433862E+00,1.019902E+00,3.502201E+00,nan
56:01.0,3.434057E+00,1.019900E+00,3.502397E+00,nan
56:02.0,3.434218E+00,1.019894E+00,3.502539E+00,nan
56:03.0,3.434374E+00,1.019900E+00,3.502720E+00,nan
56:04.0,3.434558E+00,1.019895E+00,3.502889E+00,nan
56:05.0,3.434701E+00,1.019895E+00,3.503036E+00,nan
56:06.0,3.434902E+00,1.019893E+00,3.503232E+00,nan
56:07.0,3.435051E+00,1.019899E+00,3.503405E+00,nan
56:08.0,3.435231E+00,1.019889E+00,3.503555E+00,nan
56:09.0,3.435380E+00,1.019899E+00,3.503741E+00,nan
56:10.0,3.435549E+00,1.019899E+00,3.503913E+00,nan
56:11.0,3.435714E+00,1.019898E+00,3.504078E+00,nan
56:12.0,3.435868E+00,1.019897E+00,3.504230E+00,nan
56:13.0,3.436027E+00,1.019889E+00,3.504366E+00,nan
56:14.0,3.436205E+00,1.019899E+00,3.504582E+00,nan
56:15.0,3.436361E+00,1.019894E+00,3.504724E+00,nan
56:16.0,3.436519E+00,1.019893E+00,3.504881E+00,nan
56:17.0,3.436668E+00,1.019895E+00,3.505042E+00,nan
56:18.0,3.436831E+00,1.019890E+00,3.505191E+00,nan
56:19.0,3.437005E+00,1.019894E+00,3.505381E+00,nan
56:20.0,3.437154E+00,1.019892E+00,3.505524E+00,nan
56:21.0,3.437342E+00,1.019890E+00,3.505711E+00,nan
56:22.0,3.437483E+00,1.019894E+00,3.505869E+00,nan
56:23.0,3.437666E+00,1.019894E+00,3.506056E+00,nan
56:24.0,3.437815E+00,1.019892E+00,3.506198E+00,nan
56:25.0,3.437968E+00,1.019889E+00,3.506346E+00,nan
56:26.0,3.438127E+00,1.019893E+00,3.506521E+00,nan
56:27.0,3.438295E+00,1.019889E+00,3.506680E+00,nan
56:28.0,3.438449E+00,1.019893E+00,3.506849E+00,nan
56:29.0,3.438650E+00,1.019897E+00,3.507067E+00,nan
56:30.0,3.438786E+00,1.019900E+00,3.507219E+00,nan
56:31.0,3.438929E+00,1.019889E+00,3.507326E+00,nan
56:32.0,3.439080E+00,1.019889E+00,3.507480E+00,nan
56:33.0,3.439232E+00,1.019898E+00,3.507665E+00,nan
56:34.0,3.439403E+00,1.019892E+00,3.507817E+00,nan
56:35.0,3.439574E+00,1.019893E+00,3.507996E+00,nan
56:36.0,3.439720E+00,1.019897E+00,3.508158E+00,nan
56:37.0,3.439878E+00,1.019897E+00,3.508320E+00,nan
56:38.0,3.440056E+00,1.019893E+00,3.508489E+00,nan
56:39.0,3.440185E+00,1.019893E+00,3.508620E+00,nan
56:40.0,3.440344E+00,1.019895E+00,3.508791E+00,nan
56:41.0,3.440537E+00,1.019892E+00,3.508974E+00,nan
56:42.0,3.440686E+00,1.019890E+00,3.509122E+00,nan
56:43.0,3.440832E+00,1.019892E+00,3.509275E+00,nan
56:44.0,3.440993E+00,1.019893E+00,3.509444E+00,nan
56:45.0,3.441159E+00,1.019898E+00,3.509630E+00,nan
56:46.0,3.441329E+00,1.019894E+00,3.509792E+00,nan
56:47.0,3.441491E+00,1.019895E+00,3.509960E+00,nan
56:48.0,3.441644E+00,1.019895E+00,3.510117E+00,nan
56:49.0,3.441785E+00,1.019892E+00,3.510248E+00,nan
56:50.0,3.441951E+00,1.019893E+00,3.510421E+00,nan
56:51.0,3.442110E+00,1.019888E+00,3.510566E+00,nan
56:52.0,3.442263E+00,1.019888E+00,3.510722E+00,nan
56:53.0,3.442417E+00,1.019897E+00,3.510909E+00,nan
56:54.0,3.442620E+00,1.019899E+00,3.511125E+00,nan
56:55.0,3.442749E+00,1.019895E+00,3.511243E+00,nan
56:56.0,3.442902E+00,1.019889E+00,3.511378E+00,nan
56:57.0,3.443073E+00,1.019903E+00,3.511601E+00,nan
56:58.0,3.443217E+00,1.019897E+00,3.511725E+00,nan
56:59.0,3.443371E+00,1.019893E+00,3.511869E+00,nan
57:00.0,3.443529E+00,1.019900E+00,3.512057E+00,nan
57:01.0,3.443690E+00,1.019897E+00,3.512208E+00,nan
57:02.0,3.443858E+00,1.019895E+00,3.512375E+00,nan
57:03.0,3.444022E+00,1.019900E+00,3.512559E+00,nan
57:04.0,3.444146E+00,1.019893E+00,3.512659E+00,nan
57:05.0,3.444302E+00,1.019895E+00,3.512827E+00,nan
57:06.0,3.444483E+00,1.019899E+00,3.513025E+00,nan
57:07.0,3.444639E+00,1.019900E+00,3.513189E+00,nan
57:08.0,3.444790E+00,1.019898E+00,3.513333E+00,nan
57:09.0,3.444968E+00,1.019894E+00,3.513503E+00,nan
57:10.0,3.445129E+00,1.019893E+00,3.513662E+00,nan
57:11.0,3.445285E+00,1.019889E+00,3.513808E+00,nan
57:12.0,3.445424E+00,1.019894E+00,3.513968E+00,nan
57:13.0,3.445592E+00,1.019900E+00,3.514161E+00,nan
57:14.0,3.445734E+00,1.019894E+00,3.514283E+00,nan
57:15.0,3.445917E+00,1.019893E+00,3.514466E+00,nan
57:16.0,3.446075E+00,1.019894E+00,3.514632E+00,nan
57:17.0,3.446199E+00,1.019894E+00,3.514758E+00,nan
57:18.0,3.446360E+00,1.019892E+00,3.514913E+00,nan
57:19.0,3.446516E+00,1.019889E+00,3.515064E+00,nan
57:20.0,3.446690E+00,1.019894E+00,3.515258E+00,nan
57:21.0,3.446833E+00,1.019889E+00,3.515387E+00,nan
57:22.0,3.447009E+00,1.019885E+00,3.515553E+00,nan
57:23.0,3.447163E+00,1.019895E+00,3.515745E+00,nan
57:24.0,3.447314E+00,1.019898E+00,3.515908E+00,nan
57:25.0,3.447475E+00,1.019894E+00,3.516059E+00,nan
57:26.0,3.447616E+00,1.019889E+00,3.516185E+00,nan
57:27.0,3.447764E+00,1.019889E+00,3.516337E+00,nan
57:28.0,3.447930E+00,1.019893E+00,3.516519E+00,nan
57:29.0,3.448097E+00,1.019888E+00,3.516672E+00,nan
57:30.0,3.448242E+00,1.019890E+00,3.516829E+00,nan
57:31.0,3.448391E+00,1.019894E+00,3.516994E+00,nan
57:32.0,3.448532E+00,1.019893E+00,3.517133E+00,nan
57:33.0,3.448691E+00,1.019889E+00,3.517282E+00,nan
57:34.0,3.448847E+00,1.019890E+00,3.517445E+00,nan
57:35.0,3.449005E+00,1.019895E+00,3.517624E+00,nan
57:36.0,3.449171E+00,1.019892E+00,3.517780E+00,nan
57:37.0,3.449312E+00,1.019890E+00,3.517920E+00,nan
57:38.0,3.449456E+00,1.019893E+00,3.518076E+00,nan
57:39.0,3.449620E+00,1.019890E+00,3.518234E+00,nan
57:40.0,3.449788E+00,1.019886E+00,3.518392E+00,nan
57:41.0,3.449944E+00,1.019890E+00,3.518565E+00,nan
57:42.0,3.450103E+00,1.019892E+00,3.518731E+00,nan
57:43.0,3.450256E+00,1.019889E+00,3.518878E+00,nan
57:44.0,3.450435E+00,1.019894E+00,3.519078E+00,nan
57:45.0,3.450561E+00,1.019897E+00,3.519215E+00,nan
57:46.0,3.450724E+00,1.019893E+00,3.519369E+00,nan
57:47.0,3.450895E+00,1.019893E+00,3.519543E+00,nan
57:48.0,3.451044E+00,1.019897E+00,3.519708E+00,nan
57:49.0,3.451197E+00,1.019894E+00,3.519856E+00,nan
57:50.0,3.451331E+00,1.019890E+00,3.519979E+00,nan
57:51.0,3.451507E+00,1.019885E+00,3.520141E+00,nan
57:52.0,3.451646E+00,1.019894E+00,3.520313E+00,nan
57:53.0,3.451812E+00,1.019889E+00,3.520465E+00,nan
57:54.0,3.451978E+00,1.019886E+00,3.520625E+00,nan
57:55.0,3.452131E+00,1.019884E+00,3.520773E+00,nan
57:56.0,3.452253E+00,1.019895E+00,3.520936E+00,nan
57:57.0,3.452419E+00,1.019886E+00,3.521075E+00,nan
57:58.0,3.452572E+00,1.019890E+00,3.521245E+00,nan
57:59.0,3.452718E+00,1.019893E+00,3.521403E+00,nan
58:00.0,3.452874E+00,1.019892E+00,3.521557E+00,nan
58:01.0,3.453045E+00,1.019888E+00,3.521719E+00,nan
58:02.0,3.453211E+00,1.019895E+00,3.521914E+00,nan
58:03.0,3.453345E+00,1.019894E+00,3.522046E+00,nan
58:04.0,3.453503E+00,1.019889E+00,3.522190E+00,nan
58:05.0,3.453660E+00,1.019897E+00,3.522376E+00,nan
58:06.0,3.453801E+00,1.019893E+00,3.522506E+00,nan
58:07.0,3.453986E+00,1.019898E+00,3.522713E+00,nan
58:08.0,3.454115E+00,1.019889E+00,3.522814E+00,nan
58:09.0,3.454259E+00,1.019897E+00,3.522987E+00,nan
58:10.0,3.454422E+00,1.019893E+00,3.523141E+00,nan
58:11.0,3.454564E+00,1.019890E+00,3.523276E+00,nan
58:12.0,3.454712E+00,1.019889E+00,3.523423E+00,nan
58:13.0,3.454890E+00,1.019892E+00,3.523613E+00,nan
58:14.0,3.455037E+00,1.019895E+00,3.523776E+00,nan
58:15.0,3.455205E+00,1.019895E+00,3.523947E+00,nan
58:16.0,3.455341E+00,1.019892E+00,3.524073E+00,nan
58:17.0,3.455502E+00,1.019893E+00,3.524242E+00,nan
58:18.0,3.455646E+00,1.019895E+00,3.524397E+00,nan
58:19.0,3.455790E+00,1.019895E+00,3.524544E+00,nan
58:20.0,3.455946E+00,1.019895E+00,3.524703E+00,nan
58:21.0,3.456092E+00,1.019892E+00,3.524839E+00,nan
58:22.0,3.456250E+00,1.019893E+00,3.525005E+00,nan
58:23.0,3.456411E+00,1.019895E+00,3.525178E+00,nan
58:24.0,3.456582E+00,1.019888E+00,3.525326E+00,nan
58:25.0,3.456718E+00,1.019889E+00,3.525469E+00,nan
58:26.0,3.456862E+00,1.019886E+00,3.525607E+00,nan
58:27.0,3.457013E+00,1.019900E+00,3.525809E+00,nan
58:28.0,3.457179E+00,1.019900E+00,3.525978E+00,nan
58:29.0,3.457315E+00,1.019894E+00,3.526096E+00,nan
58:30.0,3.457476E+00,1.019899E+00,3.526277E+00,nan
58:31.0,3.457637E+00,1.019894E+00,3.526424E+00,nan
58:32.0,3.457771E+00,1.019903E+00,3.526591E+00,nan
58:33.0,3.457935E+00,1.019898E+00,3.526740E+00,nan
58:34.0,3.458096E+00,1.019897E+00,3.526900E+00,nan
58:35.0,3.458217E+00,1.019888E+00,3.526993E+00,nan
58:36.0,3.458385E+00,1.019893E+00,3.527182E+00,nan
58:37.0,3.458527E+00,1.019886E+00,3.527305E+00,nan
58:38.0,3.458673E+00,1.019892E+00,3.527471E+00,nan
58:39.0,3.458839E+00,1.019892E+00,3.527640E+00,nan
58:40.0,3.458967E+00,1.019894E+00,3.527781E+00,nan
58:41.0,3.459106E+00,1.019893E+00,3.527918E+00,nan
58:42.0,3.459262E+00,1.019886E+00,3.528055E+00,nan
58:43.0,3.459404E+00,1.019888E+00,3.528203E+00,nan
58:44.0,3.459550E+00,1.019893E+00,3.528370E+00,nan
58:45.0,3.459696E+00,1.019883E+00,3.528484E+00,nan
58:46.0,3.459827E+00,1.019883E+00,3.528618E+00,nan
58:47.0,3.459968E+00,1.019893E+00,3.528797E+00,nan
58:48.0,3.460151E+00,1.019889E+00,3.528970E+00,nan
58:49.0,3.460285E+00,1.019883E+00,3.529085E+00,nan
58:50.0,3.460431E+00,1.019890E+00,3.529260E+00,nan
58:51.0,3.460592E+00,1.019889E+00,3.529420E+00,nan
58:52.0,3.460719E+00,1.019893E+00,3.529562E+00,nan
58:53.0,3.460882E+00,1.019886E+00,3.529707E+00,nan
58:54.0,3.461013E+00,1.019894E+00,3.529867E+00,nan
58:55.0,3.461157E+00,1.019890E+00,3.530001E+00,nan
58:56.0,3.461296E+00,1.019884E+00,3.530120E+00,nan
58:57.0,3.461467E+00,1.019894E+00,3.530329E+00,nan
58:58.0,3.461598E+00,1.019897E+00,3.530472E+00,nan
58:59.0,3.461749E+00,1.019888E+00,3.530596E+00,nan
59:00.0,3.461900E+00,1.019888E+00,3.530750E+00,nan
59:01.0,3.462046E+00,1.019889E+00,3.530903E+00,nan
59:02.0,3.462190E+00,1.019885E+00,3.531036E+00,nan
59:03.0,3.462336E+00,1.019892E+00,3.531207E+00,nan
59:04.0,3.462470E+00,1.019895E+00,3.531357E+00,nan
59:05.0,3.462618E+00,1.019898E+00,3.531517E+00,nan
59:06.0,3.462759E+00,1.019889E+00,3.531630E+00,nan
59:07.0,3.462898E+00,1.019894E+00,3.531790E+00,nan
59:08.0,3.463062E+00,1.019889E+00,3.531939E+00,nan
59:09.0,3.463173E+00,1.019890E+00,3.532057E+00,nan
59:10.0,3.463319E+00,1.019893E+00,3.532214E+00,nan
59:11.0,3.463456E+00,1.019885E+00,3.532327E+00,nan
59:12.0,3.463587E+00,1.019889E+00,3.532474E+00,nan
59:13.0,3.463736E+00,1.019885E+00,3.532613E+00,nan
59:14.0,3.463864E+00,1.019884E+00,3.532740E+00,nan
59:15.0,3.464020E+00,1.019886E+00,3.532907E+00,nan
59:16.0,3.464152E+00,1.019888E+00,3.533046E+00,nan
59:17.0,3.464283E+00,1.019893E+00,3.533197E+00,nan
59:18.0,3.464451E+00,1.019897E+00,3.533382E+00,nan
59:19.0,3.464543E+00,1.019892E+00,3.533458E+00,nan
59:20.0,3.464701E+00,1.019892E+00,3.533620E+00,nan
59:21.0,3.464848E+00,1.019886E+00,3.533751E+00,nan
59:22.0,3.464947E+00,1.019894E+00,3.533879E+00,nan
59:23.0,3.465098E+00,1.019898E+00,3.534046E+00,nan
59:24.0,3.465231E+00,1.019892E+00,3.534160E+00,nan
59:25.0,3.465373E+00,1.019888E+00,3.534291E+00,nan
59:26.0,3.465497E+00,1.019892E+00,3.534430E+00,nan
59:27.0,3.465640E+00,1.019884E+00,3.534551E+00,nan
59:28.0,3.465771E+00,1.019883E+00,3.534680E+00,nan
59:29.0,3.465895E+00,1.019886E+00,3.534820E+00,nan
59:30.0,3.466054E+00,1.019893E+00,3.535004E+00,nan
59:31.0,3.466156E+00,1.019895E+00,3.535116E+00,nan
59:32.0,3.466289E+00,1.019893E+00,3.535244E+00,nan
59:33.0,3.466448E+00,1.019897E+00,3.535418E+00,nan
59:34.0,3.466549E+00,1.019898E+00,3.535526E+00,nan
59:35.0,3.466686E+00,1.019898E+00,3.535665E+00,nan
59:36.0,3.466824E+00,1.019892E+00,3.535785E+00,nan
59:37.0,3.466943E+00,1.019893E+00,3.535910E+00,nan
59:38.0,3.467089E+00,1.019900E+00,3.536086E+00,nan
59:39.0,3.467188E+00,1.019893E+00,3.536160E+00,nan
59:40.0,3.467324E+00,1.019890E+00,3.536291E+00,nan
59:41.0,3.467458E+00,1.019885E+00,3.536409E+00,nan
59:42.0,3.467594E+00,1.019890E+00,3.536566E+00,nan
59:43.0,3.467701E+00,1.019894E+00,3.536688E+00,nan
59:44.0,3.467813E+00,1.019898E+00,3.536814E+00,nan
59:45.0,3.467931E+00,1.019893E+00,3.536918E+00,nan
59:46.0,3.468080E+00,1.019899E+00,3.537092E+00,nan
59:47.0,3.468184E+00,1.019903E+00,3.537211E+00,nan
59:48.0,3.468313E+00,1.019895E+00,3.537316E+00,nan
59:49.0,3.468432E+00,1.019894E+00,3.537433E+00,nan
59:50.0,3.468553E+00,1.019892E+00,3.537548E+00,nan
59:51.0,3.468674E+00,1.019899E+00,3.537698E+00,nan
59:52.0,3.468806E+00,1.019897E+00,3.537823E+00,nan
59:53.0,3.468935E+00,1.019899E+00,3.537963E+00,nan
59:54.0,3.469036E+00,1.019899E+00,3.538067E+00,nan
59:55.0,3.469160E+00,1.019900E+00,3.538198E+00,nan
59:56.0,3.469254E+00,1.019903E+00,3.538302E+00,nan
59:57.0,3.469390E+00,1.019900E+00,3.538433E+00,nan
59:58.0,3.469519E+00,1.019899E+00,3.538560E+00,nan
59:59.0,3.469616E+00,1.019898E+00,3.538653E+00,nan
00:00.0,3.469747E+00,1.019894E+00,3.538774E+00,nan
00:01.0,3.469843E+00,1.019897E+00,3.538882E+00,nan
00:02.0,3.469957E+00,1.019898E+00,3.539002E+00,nan
00:03.0,3.470089E+00,1.019893E+00,3.539119E+00,nan
00:04.0,3.470185E+00,1.019893E+00,3.539217E+00,nan
00:05.0,3.470297E+00,1.019894E+00,3.539335E+00,nan
00:06.0,3.470418E+00,1.019895E+00,3.539463E+00,nan
00:07.0,3.470510E+00,1.019892E+00,3.539543E+00,nan
00:08.0,3.470634E+00,1.019890E+00,3.539666E+00,nan
00:09.0,3.470720E+00,1.019894E+00,3.539767E+00,nan
00:10.0,3.470842E+00,1.019899E+00,3.539908E+00,nan
00:11.0,3.470983E+00,1.019898E+00,3.540048E+00,nan
00:12.0,3.471072E+00,1.019894E+00,3.540126E+00,nan
00:13.0,3.471166E+00,1.019894E+00,3.540222E+00,nan
00:14.0,3.471285E+00,1.019895E+00,3.540347E+00,nan
00:15.0,3.471392E+00,1.019894E+00,3.540452E+00,nan
00:16.0,3.471498E+00,1.019902E+00,3.540586E+00,nan
00:17.0,3.471627E+00,1.019890E+00,3.540678E+00,nan
00:18.0,3.471684E+00,1.019892E+00,3.540741E+00,nan
00:19.0,3.471810E+00,1.019895E+00,3.540883E+00,nan
00:20.0,3.471917E+00,1.019894E+00,3.540987E+00,nan
00:21.0,3.472038E+00,1.019895E+00,3.541115E+00,nan
00:22.0,3.472122E+00,1.019894E+00,3.541197E+00,nan
00:23.0,3.472234E+00,1.019895E+00,3.541315E+00,nan
00:24.0,3.472318E+00,1.019895E+00,3.541401E+00,nan
00:25.0,3.472442E+00,1.019895E+00,3.541527E+00,nan
00:26.0,3.472504E+00,1.019881E+00,3.541542E+00,nan
00:27.0,3.472630E+00,1.019889E+00,3.541697E+00,nan
00:28.0,3.472712E+00,1.019888E+00,3.541776E+00,nan
00:29.0,3.472818E+00,1.019894E+00,3.541907E+00,nan
00:30.0,3.472915E+00,1.019890E+00,3.541992E+00,nan
00:31.0,3.473011E+00,1.019883E+00,3.542064E+00,nan
00:32.0,3.473123E+00,1.019886E+00,3.542191E+00,nan
00:33.0,3.473182E+00,1.019886E+00,3.542252E+00,nan
00:34.0,3.473314E+00,1.019892E+00,3.542403E+00,nan
00:35.0,3.473435E+00,1.019883E+00,3.542496E+00,nan
00:36.0,3.473490E+00,1.019885E+00,3.542560E+00,nan
00:37.0,3.473593E+00,1.019890E+00,3.542684E+00,nan
00:38.0,3.473675E+00,1.019885E+00,3.542750E+00,nan
00:39.0,3.473784E+00,1.019893E+00,3.542888E+00,nan
00:40.0,3.473876E+00,1.019890E+00,3.542972E+00,nan
00:41.0,3.473992E+00,1.019893E+00,3.543100E+00,nan
00:42.0,3.474042E+00,1.019890E+00,3.543142E+00,nan
00:43.0,3.474153E+00,1.019893E+00,3.543264E+00,nan
00:44.0,3.474245E+00,1.019897E+00,3.543371E+00,nan
00:45.0,3.474322E+00,1.019894E+00,3.543440E+00,nan
00:46.0,3.474411E+00,1.019890E+00,3.543518E+00,nan
00:47.0,3.474500E+00,1.019899E+00,3.543639E+00,nan
00:48.0,3.474584E+00,1.019900E+00,3.543730E+00,nan
00:49.0,3.474688E+00,1.019892E+00,3.543805E+00,nan
00:50.0,3.474775E+00,1.019888E+00,3.543881E+00,nan
00:51.0,3.474854E+00,1.019897E+00,3.543992E+00,nan
00:52.0,3.474911E+00,1.019890E+00,3.544028E+00,nan
00:53.0,3.475047E+00,1.019892E+00,3.544171E+00,nan
00:54.0,3.475107E+00,1.019889E+00,3.544223E+00,nan
00:55.0,3.475189E+00,1.019886E+00,3.544298E+00,nan
00:56.0,3.475283E+00,1.019890E+00,3.544407E+00,nan
00:57.0,3.475359E+00,1.019890E+00,3.544485E+00,nan
00:58.0,3.475436E+00,1.019897E+00,3.544586E+00,nan
00:59.0,3.475543E+00,1.019900E+00,3.544708E+00,nan
01:00.0,3.475605E+00,1.019897E+00,3.544758E+00,nan
01:01.0,3.475711E+00,1.019897E+00,3.544866E+00,nan
01:02.0,3.475823E+00,1.019892E+00,3.544962E+00,nan
01:03.0,3.475870E+00,1.019893E+00,3.545015E+00,nan
01:04.0,3.475944E+00,1.019894E+00,3.545095E+00,nan
01:05.0,3.476026E+00,1.019890E+00,3.545165E+00,nan
01:06.0,3.476103E+00,1.019897E+00,3.545265E+00,nan
01:07.0,3.476194E+00,1.019899E+00,3.545367E+00,nan
01:08.0,3.476271E+00,1.019899E+00,3.545446E+00,nan
01:09.0,3.476368E+00,1.019894E+00,3.545527E+00,nan
01:10.0,3.476452E+00,1.019888E+00,3.545591E+00,nan
01:11.0,3.476548E+00,1.019890E+00,3.545698E+00,nan
01:12.0,3.476618E+00,1.019890E+00,3.545769E+00,nan
01:13.0,3.476667E+00,1.019889E+00,3.545815E+00,nan
01:14.0,3.476742E+00,1.019892E+00,3.545899E+00,nan
01:15.0,3.476816E+00,1.019881E+00,3.545940E+00,nan
01:16.0,3.476905E+00,1.019886E+00,3.546049E+00,nan
01:17.0,3.476979E+00,1.019888E+00,3.546129E+00,nan
01:18.0,3.477069E+00,1.019890E+00,3.546229E+00,nan
01:19.0,3.477145E+00,1.019892E+00,3.546311E+00,nan
01:20.0,3.477210E+00,1.019894E+00,3.546386E+00,nan
01:21.0,3.477304E+00,1.019889E+00,3.546464E+00,nan
01:22.0,3.477376E+00,1.019885E+00,3.546524E+00,nan
01:23.0,3.477460E+00,1.019893E+00,3.546636E+00,nan
01:24.0,3.477527E+00,1.019890E+00,3.546696E+00,nan
01:25.0,3.477623E+00,1.019889E+00,3.546790E+00,nan
01:26.0,3.477703E+00,1.019899E+00,3.546906E+00,nan
01:27.0,3.477767E+00,1.019889E+00,3.546936E+00,nan
01:28.0,3.477844E+00,1.019899E+00,3.547050E+00,nan
01:29.0,3.477926E+00,1.019890E+00,3.547103E+00,nan
01:30.0,3.477998E+00,1.019886E+00,3.547163E+00,nan
01:31.0,3.478096E+00,1.019892E+00,3.547281E+00,nan
01:32.0,3.478168E+00,1.019893E+00,3.547359E+00,nan
01:33.0,3.478230E+00,1.019897E+00,3.547435E+00,nan
01:34.0,3.478300E+00,1.019886E+00,3.547471E+00,nan
01:35.0,3.478399E+00,1.019888E+00,3.547577E+00,nan
01:36.0,3.478453E+00,1.019889E+00,3.547636E+00,nan
01:37.0,3.478547E+00,1.019886E+00,3.547723E+00,nan
01:38.0,3.478592E+00,1.019892E+00,3.547786E+00,nan
01:39.0,3.478686E+00,1.019885E+00,3.547860E+00,nan
01:40.0,3.478740E+00,1.019894E+00,3.547947E+00,nan
01:41.0,3.478820E+00,1.019892E+00,3.548019E+00,nan
01:42.0,3.478869E+00,1.019888E+00,3.548056E+00,nan
01:43.0,3.478958E+00,1.019884E+00,3.548134E+00,nan
01:44.0,3.479045E+00,1.019884E+00,3.548222E+00,nan
01:45.0,3.479122E+00,1.019888E+00,3.548314E+00,nan
01:46.0,3.479167E+00,1.019880E+00,3.548333E+00,nan
01:47.0,3.479263E+00,1.019883E+00,3.548440E+00,nan
01:48.0,3.479337E+00,1.019885E+00,3.548525E+00,nan
01:49.0,3.479384E+00,1.019883E+00,3.548564E+00,nan
01:50.0,3.479451E+00,1.019883E+00,3.548632E+00,nan
01:51.0,3.479558E+00,1.019894E+00,3.548781E+00,nan
01:52.0,3.479625E+00,1.019895E+00,3.548853E+00,nan
01:53.0,3.479674E+00,1.019893E+00,3.548895E+00,nan
01:54.0,3.479753E+00,1.019892E+00,3.548971E+00,nan
01:55.0,3.479808E+00,1.019889E+00,3.549018E+00,nan
01:56.0,3.479880E+00,1.019895E+00,3.549113E+00,nan
01:57.0,3.479957E+00,1.019888E+00,3.549165E+00,nan
01:58.0,3.480038E+00,1.019895E+00,3.549275E+00,nan
01:59.0,3.480105E+00,1.019890E+00,3.549326E+00,nan
02:00.0,3.480162E+00,1.019894E+00,3.549397E+00,nan
02:01.0,3.480256E+00,1.019881E+00,3.549449E+00,nan
02:02.0,3.480308E+00,1.019884E+00,3.549511E+00,nan
02:03.0,3.480363E+00,1.019892E+00,3.549593E+00,nan
02:04.0,3.480442E+00,1.019893E+00,3.549678E+00,nan
02:05.0,3.480509E+00,1.019893E+00,3.549746E+00,nan
02:06.0,3.480608E+00,1.019885E+00,3.549821E+00,nan
02:07.0,3.480677E+00,1.019899E+00,3.549940E+00,nan
02:08.0,3.480747E+00,1.019890E+00,3.549980E+00,nan
02:09.0,3.480809E+00,1.019898E+00,3.550069E+00,nan
02:10.0,3.480900E+00,1.019890E+00,3.550136E+00,nan
02:11.0,3.480977E+00,1.019892E+00,3.550219E+00,nan
02:12.0,3.481029E+00,1.019883E+00,3.550241E+00,nan
02:13.0,3.481079E+00,1.019892E+00,3.550323E+00,nan
02:14.0,3.481183E+00,1.019899E+00,3.550455E+00,nan
02:15.0,3.481210E+00,1.019895E+00,3.550470E+00,nan
02:16.0,3.481324E+00,1.019888E+00,3.550560E+00,nan
02:17.0,3.481366E+00,1.019886E+00,3.550598E+00,nan
02:18.0,3.481435E+00,1.019893E+00,3.550691E+00,nan
02:19.0,3.481500E+00,1.019888E+00,3.550739E+00,nan
02:20.0,3.481567E+00,1.019894E+00,3.550829E+00,nan
02:21.0,3.481651E+00,1.019885E+00,3.550884E+00,nan
02:22.0,3.481705E+00,1.019893E+00,3.550966E+00,nan
02:23.0,3.481785E+00,1.019892E+00,3.551043E+00,nan
02:24.0,3.481854E+00,1.019898E+00,3.551135E+00,nan
02:25.0,3.481936E+00,1.019893E+00,3.551201E+00,nan
02:26.0,3.481988E+00,1.019885E+00,3.551228E+00,nan
02:27.0,3.482069E+00,1.019886E+00,3.551316E+00,nan
02:28.0,3.482129E+00,1.019892E+00,3.551394E+00,nan
02:29.0,3.482203E+00,1.019894E+00,3.551479E+00,nan
02:30.0,3.482295E+00,1.019894E+00,3.551572E+00,nan
02:31.0,3.482332E+00,1.019888E+00,3.551588E+00,nan
02:32.0,3.482406E+00,1.019892E+00,3.551677E+00,nan
02:33.0,3.482476E+00,1.019894E+00,3.551757E+00,nan
02:34.0,3.482557E+00,1.019890E+00,3.551826E+00,nan
02:35.0,3.482654E+00,1.019889E+00,3.551921E+00,nan
02:36.0,3.482694E+00,1.019894E+00,3.551979E+00,nan
02:37.0,3.482741E+00,1.019889E+00,3.552009E+00,nan
02:38.0,3.482798E+00,1.019886E+00,3.552058E+00,nan
02:39.0,3.482874E+00,1.019893E+00,3.552159E+00,nan
02:40.0,3.482951E+00,1.019892E+00,3.552232E+00,nan
02:41.0,3.483043E+00,1.019894E+00,3.552335E+00,nan
02:42.0,3.483122E+00,1.019888E+00,3.552394E+00,nan
02:43.0,3.483169E+00,1.019897E+00,3.552472E+00,nan
02:44.0,3.483281E+00,1.019899E+00,3.552595E+00,nan
02:45.0,3.483318E+00,1.019897E+00,3.552624E+00,nan
02:46.0,3.483407E+00,1.019890E+00,3.552693E+00,nan
02:47.0,3.483459E+00,1.019893E+00,3.552755E+00,nan
02:48.0,3.483504E+00,1.019897E+00,3.552814E+00,nan
02:49.0,3.483570E+00,1.019894E+00,3.552873E+00,nan
02:50.0,3.483642E+00,1.019897E+00,3.552955E+00,nan
02:51.0,3.483746E+00,1.019898E+00,3.553065E+00,nan
02:52.0,3.483793E+00,1.019897E+00,3.553109E+00,nan
02:53.0,3.483885E+00,1.019897E+00,3.553203E+00,nan
02:54.0,3.483942E+00,1.019897E+00,3.553261E+00,nan
02:55.0,3.484001E+00,1.019898E+00,3.553325E+00,nan
02:56.0,3.484068E+00,1.019893E+00,3.553376E+00,nan
02:57.0,3.484138E+00,1.019894E+00,3.553451E+00,nan
02:58.0,3.484202E+00,1.019894E+00,3.553517E+00,nan
02:59.0,3.484271E+00,1.019892E+00,3.553579E+00,nan
03:00.0,3.484326E+00,1.019892E+00,3.553634E+00,nan
03:01.0,3.484393E+00,1.019890E+00,3.553698E+00,nan
03:02.0,3.484474E+00,1.019890E+00,3.553782E+00,nan
03:03.0,3.484519E+00,1.019893E+00,3.553836E+00,nan
03:04.0,3.484606E+00,1.019897E+00,3.553938E+00,nan
03:05.0,3.484697E+00,1.019893E+00,3.554018E+00,nan
03:06.0,3.484740E+00,1.019895E+00,3.554070E+00,nan
03:07.0,3.484821E+00,1.019898E+00,3.554162E+00,nan
03:08.0,3.484886E+00,1.019892E+00,3.554205E+00,nan
03:09.0,3.484972E+00,1.019895E+00,3.554307E+00,nan
03:10.0,3.485012E+00,1.019892E+00,3.554334E+00,nan
03:11.0,3.485104E+00,1.019892E+00,3.554428E+00,nan
03:12.0,3.485183E+00,1.019902E+00,3.554544E+00,nan
03:13.0,3.485220E+00,1.019897E+00,3.554564E+00,nan
03:14.0,3.485275E+00,1.019903E+00,3.554642E+00,nan
03:15.0,3.485349E+00,1.019902E+00,3.554713E+00,nan
03:16.0,3.485408E+00,1.019903E+00,3.554778E+00,nan
03:17.0,3.485473E+00,1.019892E+00,3.554804E+00,nan
03:18.0,3.485530E+00,1.019895E+00,3.554875E+00,nan
03:19.0,3.485631E+00,1.019899E+00,3.554992E+00,nan
03:20.0,3.485698E+00,1.019892E+00,3.555034E+00,nan
03:21.0,3.485748E+00,1.019897E+00,3.555102E+00,nan
03:22.0,3.485832E+00,1.019890E+00,3.555166E+00,nan
03:23.0,3.485924E+00,1.019890E+00,3.555260E+00,nan
03:24.0,3.485961E+00,1.019886E+00,3.555284E+00,nan
03:25.0,3.486050E+00,1.019899E+00,3.555419E+00,nan
03:26.0,3.486094E+00,1.019897E+00,3.555456E+00,nan
03:27.0,3.486166E+00,1.019898E+00,3.555533E+00,nan
03:28.0,3.486238E+00,1.019890E+00,3.555580E+00,nan
03:29.0,3.486312E+00,1.019897E+00,3.555678E+00,nan
03:30.0,3.486387E+00,1.019897E+00,3.555754E+00,nan
03:31.0,3.486407E+00,1.019897E+00,3.555774E+00,nan
03:32.0,3.486503E+00,1.019899E+00,3.555882E+00,nan
03:33.0,3.486577E+00,1.019897E+00,3.555948E+00,nan
03:34.0,3.486639E+00,1.019900E+00,3.556025E+00,nan
03:35.0,3.486751E+00,1.019898E+00,3.556130E+00,nan
03:36.0,3.486766E+00,1.019907E+00,3.556176E+00,nan
03:37.0,3.486850E+00,1.019894E+00,3.556218E+00,nan
03:38.0,3.486912E+00,1.019895E+00,3.556285E+00,nan
03:39.0,3.486986E+00,1.019898E+00,3.556370E+00,nan
03:40.0,3.487055E+00,1.019895E+00,3.556431E+00,nan
03:41.0,3.487130E+00,1.019899E+00,3.556521E+00,nan
03:42.0,3.487192E+00,1.019890E+00,3.556553E+00,nan
03:43.0,3.487266E+00,1.019889E+00,3.556624E+00,nan
03:44.0,3.487311E+00,1.019894E+00,3.556688E+00,nan
03:45.0,3.487392E+00,1.019894E+00,3.556771E+00,nan
03:46.0,3.487462E+00,1.019894E+00,3.556842E+00,nan
03:47.0,3.487531E+00,1.019895E+00,3.556916E+00,nan
03:48.0,3.487593E+00,1.019889E+00,3.556958E+00,nan
03:49.0,3.487672E+00,1.019892E+00,3.557047E+00,nan
03:50.0,3.487736E+00,1.019893E+00,3.557117E+00,nan
03:51.0,3.487791E+00,1.019894E+00,3.557178E+00,nan
03:52.0,3.487870E+00,1.019899E+00,3.557276E+00,nan
03:53.0,3.487940E+00,1.019900E+00,3.557351E+00,nan
03:54.0,3.488012E+00,1.019897E+00,3.557411E+00,nan
03:55.0,3.488059E+00,1.019899E+00,3.557468E+00,nan
03:56.0,3.488153E+00,1.019899E+00,3.557564E+00,nan
03:57.0,3.488190E+00,1.019892E+00,3.557575E+00,nan
03:58.0,3.488276E+00,1.019900E+00,3.557695E+00,nan
03:59.0,3.488346E+00,1.019890E+00,3.557730E+00,nan
04:00.0,3.488395E+00,1.019899E+00,3.557811E+00,nan
04:01.0,3.488480E+00,1.019898E+00,3.557893E+00,nan
04:02.0,3.488559E+00,1.019900E+00,3.557983E+00,nan
04:03.0,3.488623E+00,1.019899E+00,3.558044E+00,nan
04:04.0,3.488690E+00,1.019899E+00,3.558112E+00,nan
04:05.0,3.488765E+00,1.019894E+00,3.558170E+00,nan
04:06.0,3.488826E+00,1.019889E+00,3.558216E+00,nan
04:07.0,3.488893E+00,1.019894E+00,3.558302E+00,nan
04:08.0,3.488980E+00,1.019894E+00,3.558390E+00,nan
04:09.0,3.489017E+00,1.019903E+00,3.558459E+00,nan
04:10.0,3.489091E+00,1.019892E+00,3.558495E+00,nan
04:11.0,3.489166E+00,1.019893E+00,3.558575E+00,nan
04:12.0,3.489223E+00,1.019898E+00,3.558651E+00,nan
04:13.0,3.489280E+00,1.019894E+00,3.558696E+00,nan
04:14.0,3.489357E+00,1.019890E+00,3.558761E+00,nan
04:15.0,3.489436E+00,1.019898E+00,3.558868E+00,nan
04:16.0,3.489510E+00,1.019889E+00,3.558913E+00,nan
04:17.0,3.489589E+00,1.019894E+00,3.559012E+00,nan
04:18.0,3.489629E+00,1.019890E+00,3.559039E+00,nan
04:19.0,3.489716E+00,1.019890E+00,3.559127E+00,nan
04:19.9,3.489783E+00,1.019886E+00,3.559182E+00,nan
04:20.9,3.489849E+00,1.019895E+00,3.559281E+00,nan
04:22.0,3.489904E+00,1.019893E+00,3.559328E+00,nan
04:22.9,3.489995E+00,1.019892E+00,3.559417E+00,nan
04:23.9,3.490042E+00,1.019884E+00,3.559438E+00,nan
04:24.9,3.490139E+00,1.019894E+00,3.559573E+00,nan
04:25.9,3.490191E+00,1.019897E+00,3.559634E+00,nan
04:26.9,3.490261E+00,1.019895E+00,3.559700E+00,nan
04:27.9,3.490332E+00,1.019898E+00,3.559782E+00,nan
04:28.9,3.490394E+00,1.019895E+00,3.559837E+00,nan
04:29.9,3.490444E+00,1.019893E+00,3.559878E+00,nan
04:30.9,3.490548E+00,1.019897E+00,3.559998E+00,nan
04:31.9,3.490620E+00,1.019893E+00,3.560058E+00,nan
04:32.9,3.490691E+00,1.019897E+00,3.560144E+00,nan
04:33.9,3.490751E+00,1.019893E+00,3.560192E+00,nan
04:34.9,3.490813E+00,1.019895E+00,3.560264E+00,nan
04:35.9,3.490900E+00,1.019894E+00,3.560348E+00,nan
04:36.9,3.490942E+00,1.019897E+00,3.560400E+00,nan
04:37.9,3.491026E+00,1.019897E+00,3.560486E+00,nan
04:38.9,3.491108E+00,1.019893E+00,3.560556E+00,nan
04:39.9,3.491160E+00,1.019892E+00,3.560604E+00,nan
04:40.9,3.491241E+00,1.019898E+00,3.560710E+00,nan
04:41.9,3.491326E+00,1.019890E+00,3.560769E+00,nan
04:42.9,3.491353E+00,1.019893E+00,3.560806E+00,nan
04:43.9,3.491425E+00,1.019892E+00,3.560874E+00,nan
04:44.9,3.491477E+00,1.019894E+00,3.560937E+00,nan
04:45.9,3.491588E+00,1.019893E+00,3.561046E+00,nan
04:46.9,3.491628E+00,1.019890E+00,3.561077E+00,nan
04:47.9,3.491697E+00,1.019892E+00,3.561152E+00,nan
04:48.9,3.491781E+00,1.019889E+00,3.561229E+00,nan
04:49.9,3.491863E+00,1.019883E+00,3.561291E+00,nan
04:50.9,3.491920E+00,1.019890E+00,3.561375E+00,nan
04:51.9,3.491982E+00,1.019892E+00,3.561443E+00,nan
04:52.9,3.492054E+00,1.019889E+00,3.561507E+00,nan
04:53.9,3.492136E+00,1.019894E+00,3.561608E+00,nan
04:54.9,3.492188E+00,1.019893E+00,3.561657E+00,nan
04:55.9,3.492239E+00,1.019894E+00,3.561715E+00,nan
04:56.9,3.492336E+00,1.019899E+00,3.561830E+00,nan
04:57.9,3.492388E+00,1.019886E+00,3.561840E+00,nan
04:58.9,3.492460E+00,1.019888E+00,3.561917E+00,nan
04:59.9,3.492537E+00,1.019893E+00,3.562013E+00,nan
05:00.9,3.492581E+00,1.019884E+00,3.562028E+00,nan
05:01.9,3.492673E+00,1.019879E+00,3.562103E+00,nan
05:02.9,3.492737E+00,1.019888E+00,3.562200E+00,nan
05:03.9,3.492824E+00,1.019899E+00,3.562328E+00,nan
05:04.9,3.492901E+00,1.019892E+00,3.562380E+00,nan
05:05.9,3.492980E+00,1.019898E+00,3.562483E+00,nan
05:06.9,3.493000E+00,1.019897E+00,3.562499E+00,nan
05:07.9,3.493102E+00,1.019889E+00,3.562576E+00,nan
05:08.9,3.493154E+00,1.019894E+00,3.562647E+00,nan
05:09.9,3.493223E+00,1.019897E+00,3.562726E+00,nan
05:10.9,3.493302E+00,1.019899E+00,3.562816E+00,nan
05:11.9,3.493384E+00,1.019895E+00,3.562886E+00,nan
05:12.9,3.493441E+00,1.019893E+00,3.562935E+00,nan
05:13.9,3.493523E+00,1.019892E+00,3.563014E+00,nan
05:14.9,3.493594E+00,1.019892E+00,3.563087E+00,nan
05:15.9,3.493659E+00,1.019888E+00,3.563140E+00,nan
05:16.9,3.493741E+00,1.019886E+00,3.563219E+00,nan
05:17.9,3.493785E+00,1.019894E+00,3.563291E+00,nan
05:18.9,3.493857E+00,1.019886E+00,3.563337E+00,nan
05:19.9,3.493912E+00,1.019892E+00,3.563411E+00,nan
05:20.9,3.493978E+00,1.019894E+00,3.563488E+00,nan
05:21.9,3.494087E+00,1.019895E+00,3.563603E+00,nan
05:22.9,3.494117E+00,1.019893E+00,3.563625E+00,nan
05:23.9,3.494186E+00,1.019888E+00,3.563678E+00,nan
05:24.9,3.494271E+00,1.019898E+00,3.563799E+00,nan
05:25.9,3.494335E+00,1.019889E+00,3.563834E+00,nan
05:26.9,3.494387E+00,1.019888E+00,3.563883E+00,nan
05:27.9,3.494479E+00,1.019889E+00,3.563980E+00,nan
05:28.9,3.494538E+00,1.019889E+00,3.564041E+00,nan
05:29.9,3.494612E+00,1.019890E+00,3.564121E+00,nan
05:30.9,3.494679E+00,1.019894E+00,3.564203E+00,nan
05:31.9,3.494771E+00,1.019897E+00,3.564305E+00,nan
05:32.9,3.494825E+00,1.019893E+00,3.564347E+00,nan
05:33.9,3.494892E+00,1.019894E+00,3.564420E+00,nan
05:34.9,3.494954E+00,1.019895E+00,3.564487E+00,nan
05:35.9,3.495031E+00,1.019893E+00,3.564557E+00,nan
05:36.9,3.495110E+00,1.019894E+00,3.564642E+00,nan
05:37.9,3.495185E+00,1.019899E+00,3.564736E+00,nan
05:38.9,3.495279E+00,1.019898E+00,3.564827E+00,nan
05:39.9,3.495333E+00,1.019895E+00,3.564874E+00,nan
05:40.9,3.495393E+00,1.019894E+00,3.564930E+00,nan
05:41.9,3.495455E+00,1.019897E+00,3.565002E+00,nan
05:42.9,3.495571E+00,1.019897E+00,3.565121E+00,nan
05:43.9,3.495631E+00,1.019899E+00,3.565191E+00,nan
05:44.9,3.495697E+00,1.019897E+00,3.565250E+00,nan
05:45.9,3.495757E+00,1.019892E+00,3.565292E+00,nan
05:46.9,3.495841E+00,1.019902E+00,3.565414E+00,nan
05:47.9,3.495910E+00,1.019895E+00,3.565463E+00,nan
05:48.9,3.495952E+00,1.019899E+00,3.565519E+00,nan
05:49.9,3.496042E+00,1.019903E+00,3.565623E+00,nan
05:50.9,3.496106E+00,1.019897E+00,3.565667E+00,nan
05:51.9,3.496180E+00,1.019905E+00,3.565773E+00,nan
05:52.9,3.496245E+00,1.019900E+00,3.565821E+00,nan
05:53.9,3.496304E+00,1.019889E+00,3.565842E+00,nan
05:54.9,3.496364E+00,1.019898E+00,3.565934E+00,nan
05:55.9,3.496463E+00,1.019902E+00,3.566048E+00,nan
05:56.9,3.496507E+00,1.019890E+00,3.566054E+00,nan
05:57.9,3.496584E+00,1.019888E+00,3.566123E+00,nan
05:58.9,3.496658E+00,1.019888E+00,3.566199E+00,nan
05:59.9,3.496758E+00,1.019892E+00,3.566313E+00,nan
06:00.9,3.496824E+00,1.019897E+00,3.566399E+00,nan
06:01.9,3.496881E+00,1.019895E+00,3.566453E+00,nan
06:02.9,3.496953E+00,1.019900E+00,3.566544E+00,nan
06:03.9,3.497010E+00,1.019900E+00,3.566602E+00,nan
06:04.9,3.497097E+00,1.019904E+00,3.566703E+00,nan
06:05.9,3.497146E+00,1.019894E+00,3.566719E+00,nan
06:06.9,3.497238E+00,1.019893E+00,3.566808E+00,nan
06:07.9,3.497285E+00,1.019894E+00,3.566860E+00,nan
06:08.9,3.497357E+00,1.019895E+00,3.566938E+00,nan
06:09.9,3.497443E+00,1.019894E+00,3.567022E+00,nan
06:10.9,3.497510E+00,1.019900E+00,3.567112E+00,nan
06:11.9,3.497600E+00,1.019897E+00,3.567190E+00,nan
06:12.9,3.497639E+00,1.019892E+00,3.567212E+00,nan
06:13.9,3.497748E+00,1.019892E+00,3.567324E+00,nan
06:14.9,3.497810E+00,1.019892E+00,3.567387E+00,nan
06:15.9,3.497862E+00,1.019892E+00,3.567440E+00,nan
06:16.9,3.497921E+00,1.019889E+00,3.567492E+00,nan
06:17.9,3.498011E+00,1.019893E+00,3.567596E+00,nan
06:18.9,3.498092E+00,1.019893E+00,3.567679E+00,nan
06:19.9,3.498137E+00,1.019890E+00,3.567716E+00,nan
06:20.9,3.498206E+00,1.019894E+00,3.567800E+00,nan
06:21.9,3.498301E+00,1.019893E+00,3.567892E+00,nan
06:22.9,3.498377E+00,1.019892E+00,3.567965E+00,nan
06:23.9,3.498427E+00,1.019898E+00,3.568038E+00,nan
06:24.9,3.498513E+00,1.019890E+00,3.568100E+00,nan
06:25.9,3.498598E+00,1.019893E+00,3.568195E+00,nan
06:26.9,3.498684E+00,1.019899E+00,3.568305E+00,nan
06:27.9,3.498724E+00,1.019897E+00,3.568337E+00,nan
06:28.9,3.498786E+00,1.019888E+00,3.568369E+00,nan
06:29.9,3.498853E+00,1.019894E+00,3.568459E+00,nan
06:30.9,3.498932E+00,1.019892E+00,3.568531E+00,nan
06:31.9,3.499021E+00,1.019898E+00,3.568644E+00,nan
06:32.9,3.499073E+00,1.019897E+00,3.568693E+00,nan
06:33.9,3.499133E+00,1.019895E+00,3.568749E+00,nan
06:34.9,3.499207E+00,1.019898E+00,3.568834E+00,nan
06:35.9,3.499296E+00,1.019903E+00,3.568942E+00,nan
06:36.9,3.499368E+00,1.019895E+00,3.568989E+00,nan
06:37.9,3.499430E+00,1.019899E+00,3.569066E+00,nan
06:38.9,3.499485E+00,1.019888E+00,3.569082E+00,nan
06:39.9,3.499588E+00,1.019897E+00,3.569218E+00,nan
06:40.9,3.499640E+00,1.019898E+00,3.569276E+00,nan
06:41.9,3.499717E+00,1.019897E+00,3.569350E+00,nan
06:42.9,3.499797E+00,1.019893E+00,3.569417E+00,nan
06:43.9,3.499863E+00,1.019894E+00,3.569490E+00,nan
06:44.9,3.499945E+00,1.019894E+00,3.569574E+00,nan
06:45.9,3.500017E+00,1.019889E+00,3.569629E+00,nan
06:46.9,3.500069E+00,1.019899E+00,3.569717E+00,nan
06:47.9,3.500170E+00,1.019897E+00,3.569812E+00,nan
06:48.9,3.500232E+00,1.019894E+00,3.569867E+00,nan
06:49.9,3.500297E+00,1.019894E+00,3.569932E+00,nan
06:50.9,3.500391E+00,1.019900E+00,3.570050E+00,nan
06:51.9,3.500455E+00,1.019895E+00,3.570098E+00,nan
06:52.9,3.500510E+00,1.019898E+00,3.570162E+00,nan
06:53.9,3.500587E+00,1.019895E+00,3.570232E+00,nan
06:54.9,3.500656E+00,1.019894E+00,3.570299E+00,nan
06:55.9,3.500740E+00,1.019899E+00,3.570402E+00,nan
06:56.9,3.500812E+00,1.019893E+00,3.570453E+00,nan
06:57.9,3.500881E+00,1.019889E+00,3.570510E+00,nan
06:58.9,3.500948E+00,1.019890E+00,3.570583E+00,nan
06:59.9,3.501023E+00,1.019889E+00,3.570654E+00,nan
07:00.9,3.501117E+00,1.019894E+00,3.570768E+00,nan
07:01.9,3.501171E+00,1.019888E+00,3.570802E+00,nan
07:02.9,3.501256E+00,1.019886E+00,3.570883E+00,nan
07:03.9,3.501300E+00,1.019894E+00,3.570955E+00,nan
07:04.9,3.501359E+00,1.019892E+00,3.571007E+00,nan
07:05.9,3.501451E+00,1.019888E+00,3.571087E+00,nan
07:06.9,3.501528E+00,1.019898E+00,3.571201E+00,nan
07:07.9,3.501602E+00,1.019902E+00,3.571290E+00,nan
07:08.9,3.501672E+00,1.019892E+00,3.571325E+00,nan
07:09.9,3.501736E+00,1.019898E+00,3.571413E+00,nan
07:10.9,3.501820E+00,1.019892E+00,3.571477E+00,nan
07:11.9,3.501892E+00,1.019904E+00,3.571594E+00,nan
07:12.9,3.501929E+00,1.019897E+00,3.571606E+00,nan
07:13.9,3.502028E+00,1.019890E+00,3.571685E+00,nan
07:14.9,3.502090E+00,1.019892E+00,3.571752E+00,nan
07:15.9,3.502172E+00,1.019899E+00,3.571862E+00,nan
07:16.9,3.502249E+00,1.019899E+00,3.571940E+00,nan
07:17.9,3.502293E+00,1.019893E+00,3.571964E+00,nan
07:18.9,3.502380E+00,1.019894E+00,3.572057E+00,nan
07:19.9,3.502464E+00,1.019897E+00,3.572151E+00,nan
07:20.9,3.502546E+00,1.019894E+00,3.572226E+00,nan
07:21.9,3.502608E+00,1.019893E+00,3.572285E+00,nan
07:22.9,3.502685E+00,1.019892E+00,3.572358E+00,nan
07:23.9,3.502766E+00,1.019892E+00,3.572442E+00,nan
07:24.9,3.502816E+00,1.019888E+00,3.572479E+00,nan
07:25.9,3.502893E+00,1.019893E+00,3.572575E+00,nan
07:26.9,3.502977E+00,1.019894E+00,3.572666E+00,nan
07:27.9,3.503029E+00,1.019900E+00,3.572741E+00,nan
07:28.9,3.503118E+00,1.019898E+00,3.572822E+00,nan
07:29.9,3.503202E+00,1.019892E+00,3.572886E+00,nan
07:30.9,3.503267E+00,1.019894E+00,3.572961E+00,nan
07:31.9,3.503324E+00,1.019890E+00,3.573006E+00,nan
07:32.9,3.503430E+00,1.019890E+00,3.573114E+00,nan
07:33.9,3.503480E+00,1.019893E+00,3.573174E+00,nan
07:34.9,3.503546E+00,1.019884E+00,3.573211E+00,nan
07:35.9,3.503628E+00,1.019895E+00,3.573334E+00,nan
07:36.9,3.503698E+00,1.019892E+00,3.573391E+00,nan
07:37.9,3.503767E+00,1.019892E+00,3.573462E+00,nan
07:38.9,3.503844E+00,1.019890E+00,3.573536E+00,nan
07:39.9,3.503958E+00,1.019892E+00,3.573657E+00,nan
07:40.9,3.503997E+00,1.019897E+00,3.573715E+00,nan
07:41.9,3.504062E+00,1.019892E+00,3.573763E+00,nan
07:42.9,3.504136E+00,1.019886E+00,3.573821E+00,nan
07:43.9,3.504225E+00,1.019892E+00,3.573930E+00,nan
07:44.9,3.504280E+00,1.019890E+00,3.573981E+00,nan
07:45.9,3.504359E+00,1.019892E+00,3.574066E+00,nan
07:46.9,3.504411E+00,1.019889E+00,3.574110E+00,nan
07:47.9,3.504493E+00,1.019890E+00,3.574198E+00,nan
07:48.9,3.504577E+00,1.019884E+00,3.574262E+00,nan
07:49.9,3.504644E+00,1.019885E+00,3.574334E+00,nan
07:50.9,3.504735E+00,1.019890E+00,3.574446E+00,nan
07:51.9,3.504782E+00,1.019894E+00,3.574507E+00,nan
07:52.9,3.504859E+00,1.019889E+00,3.574567E+00,nan
07:53.9,3.504911E+00,1.019894E+00,3.574639E+00,nan
07:54.9,3.505010E+00,1.019893E+00,3.574735E+00,nan
07:55.9,3.505057E+00,1.019889E+00,3.574769E+00,nan
07:56.9,3.505162E+00,1.019892E+00,3.574884E+00,nan
07:57.9,3.505238E+00,1.019895E+00,3.574976E+00,nan
07:58.9,3.505315E+00,1.019892E+00,3.575041E+00,nan
07:59.9,3.505377E+00,1.019892E+00,3.575104E+00,nan
08:00.9,3.505439E+00,1.019886E+00,3.575150E+00,nan
08:01.9,3.505511E+00,1.019889E+00,3.575232E+00,nan
08:02.9,3.505597E+00,1.019890E+00,3.575325E+00,nan
08:03.9,3.505652E+00,1.019888E+00,3.575372E+00,nan
08:04.9,3.505746E+00,1.019890E+00,3.575476E+00,nan
08:05.9,3.505798E+00,1.019890E+00,3.575530E+00,nan
08:06.9,3.505877E+00,1.019888E+00,3.575601E+00,nan
08:07.9,3.505964E+00,1.019892E+00,3.575703E+00,nan
08:08.9,3.506031E+00,1.019883E+00,3.575740E+00,nan
08:09.9,3.506108E+00,1.019888E+00,3.575836E+00,nan
08:10.9,3.506187E+00,1.019888E+00,3.575917E+00,nan
08:11.9,3.506249E+00,1.019890E+00,3.575989E+00,nan
08:12.9,3.506316E+00,1.019886E+00,3.576044E+00,nan
08:13.9,3.506395E+00,1.019884E+00,3.576116E+00,nan
08:14.9,3.506459E+00,1.019888E+00,3.576195E+00,nan
08:15.9,3.506531E+00,1.019898E+00,3.576304E+00,nan
08:16.9,3.506628E+00,1.019890E+00,3.576376E+00,nan
08:17.9,3.506685E+00,1.019890E+00,3.576434E+00,nan
08:18.9,3.506754E+00,1.019890E+00,3.576505E+00,nan
08:19.9,3.506821E+00,1.019888E+00,3.576564E+00,nan
08:20.9,3.506881E+00,1.019895E+00,3.576651E+00,nan
08:21.9,3.506982E+00,1.019892E+00,3.576741E+00,nan
08:22.9,3.507079E+00,1.019888E+00,3.576827E+00,nan
08:23.9,3.507118E+00,1.019889E+00,3.576871E+00,nan
08:24.9,3.507197E+00,1.019889E+00,3.576952E+00,nan
08:25.9,3.507274E+00,1.019894E+00,3.577049E+00,nan
08:26.9,3.507331E+00,1.019888E+00,3.577084E+00,nan
08:27.9,3.507423E+00,1.019886E+00,3.577173E+00,nan
08:28.9,3.507468E+00,1.019890E+00,3.577232E+00,nan
08:29.9,3.507562E+00,1.019888E+00,3.577319E+00,nan
08:30.9,3.507614E+00,1.019886E+00,3.577368E+00,nan
08:31.9,3.507700E+00,1.019883E+00,3.577443E+00,nan
08:32.9,3.507772E+00,1.019883E+00,3.577516E+00,nan
08:33.9,3.507846E+00,1.019894E+00,3.577632E+00,nan
08:34.9,3.507926E+00,1.019890E+00,3.577699E+00,nan
08:35.9,3.508003E+00,1.019889E+00,3.577773E+00,nan
08:36.9,3.508060E+00,1.019884E+00,3.577814E+00,nan
08:37.9,3.508144E+00,1.019893E+00,3.577931E+00,nan
08:38.9,3.508206E+00,1.019881E+00,3.577954E+00,nan
08:39.9,3.508275E+00,1.019890E+00,3.578056E+00,nan
08:40.9,3.508359E+00,1.019890E+00,3.578142E+00,nan
08:41.9,3.508431E+00,1.019893E+00,3.578224E+00,nan
08:42.9,3.508505E+00,1.019889E+00,3.578286E+00,nan
08:43.9,3.508570E+00,1.019895E+00,3.578374E+00,nan
08:44.9,3.508651E+00,1.019890E+00,3.578440E+00,nan
08:45.9,3.508708E+00,1.019892E+00,3.578502E+00,nan
08:46.9,3.508790E+00,1.019888E+00,3.578572E+00,nan
08:47.9,3.508877E+00,1.019892E+00,3.578674E+00,nan
08:48.9,3.508951E+00,1.019890E+00,3.578745E+00,nan
08:49.9,3.509018E+00,1.019881E+00,3.578782E+00,nan
08:50.9,3.509085E+00,1.019886E+00,3.578868E+00,nan
08:51.9,3.509162E+00,1.019894E+00,3.578973E+00,nan
08:52.9,3.509258E+00,1.019889E+00,3.579054E+00,nan
08:53.9,3.509310E+00,1.019884E+00,3.579089E+00,nan
08:54.9,3.509392E+00,1.019893E+00,3.579204E+00,nan
08:55.9,3.509449E+00,1.019888E+00,3.579244E+00,nan
08:56.9,3.509553E+00,1.019895E+00,3.579377E+00,nan
08:57.9,3.509598E+00,1.019890E+00,3.579405E+00,nan
08:58.9,3.509689E+00,1.019892E+00,3.579502E+00,nan
08:59.9,3.509763E+00,1.019894E+00,3.579587E+00,nan
09:00.9,3.509833E+00,1.019894E+00,3.579658E+00,nan
09:01.9,3.509907E+00,1.019885E+00,3.579702E+00,nan
09:02.9,3.510001E+00,1.019897E+00,3.579839E+00,nan
09:03.9,3.510041E+00,1.019886E+00,3.579843E+00,nan
09:04.9,3.510130E+00,1.019888E+00,3.579939E+00,nan
09:05.9,3.510209E+00,1.019888E+00,3.580020E+00,nan
09:06.9,3.510266E+00,1.019898E+00,3.580113E+00,nan
09:07.9,3.510336E+00,1.019889E+00,3.580153E+00,nan
09:08.9,3.510420E+00,1.019888E+00,3.580234E+00,nan
09:09.9,3.510492E+00,1.019897E+00,3.580339E+00,nan
09:10.9,3.510561E+00,1.019897E+00,3.580409E+00,nan
09:11.9,3.510630E+00,1.019892E+00,3.580462E+00,nan
09:12.9,3.510702E+00,1.019883E+00,3.580505E+00,nan
09:13.9,3.510764E+00,1.019889E+00,3.580590E+00,nan
09:14.9,3.510841E+00,1.019894E+00,3.580686E+00,nan
09:15.9,3.510925E+00,1.019890E+00,3.580759E+00,nan
09:16.9,3.510982E+00,1.019880E+00,3.580781E+00,nan
09:17.9,3.511059E+00,1.019888E+00,3.580886E+00,nan
09:18.9,3.511148E+00,1.019888E+00,3.580977E+00,nan
09:19.9,3.511250E+00,1.019888E+00,3.581081E+00,nan
09:20.9,3.511297E+00,1.019883E+00,3.581111E+00,nan
09:21.9,3.511386E+00,1.019883E+00,3.581202E+00,nan
09:22.9,3.511436E+00,1.019889E+00,3.581274E+00,nan
09:23.9,3.511557E+00,1.019886E+00,3.581389E+00,nan
09:24.9,3.511594E+00,1.019885E+00,3.581423E+00,nan
09:25.9,3.511666E+00,1.019889E+00,3.581509E+00,nan
09:26.9,3.511730E+00,1.019890E+00,3.581580E+00,nan
09:27.9,3.511805E+00,1.019885E+00,3.581637E+00,nan
09:28.9,3.511891E+00,1.019894E+00,3.581757E+00,nan
09:29.9,3.511980E+00,1.019889E+00,3.581830E+00,nan
09:30.9,3.512037E+00,1.019884E+00,3.581871E+00,nan
09:31.9,3.512131E+00,1.019886E+00,3.581975E+00,nan
09:32.9,3.512213E+00,1.019888E+00,3.582063E+00,nan
09:33.9,3.512290E+00,1.019893E+00,3.582159E+00,nan
09:34.9,3.512352E+00,1.019889E+00,3.582209E+00,nan
09:35.9,3.512411E+00,1.019892E+00,3.582278E+00,nan
09:36.9,3.512478E+00,1.019894E+00,3.582356E+00,nan
09:37.9,3.512560E+00,1.019886E+00,3.582412E+00,nan
09:38.9,3.512632E+00,1.019889E+00,3.582495E+00,nan
09:39.9,3.512681E+00,1.019893E+00,3.582558E+00,nan
09:40.9,3.512780E+00,1.019892E+00,3.582655E+00,nan
09:41.9,3.512875E+00,1.019894E+00,3.582760E+00,nan
09:42.9,3.512924E+00,1.019889E+00,3.582792E+00,nan
09:43.9,3.513006E+00,1.019900E+00,3.582916E+00,nan
09:44.9,3.513068E+00,1.019890E+00,3.582944E+00,nan
09:45.9,3.513142E+00,1.019892E+00,3.583024E+00,nan
09:46.9,3.513206E+00,1.019892E+00,3.583089E+00,nan
09:47.9,3.513296E+00,1.019895E+00,3.583194E+00,nan
09:48.9,3.513365E+00,1.019894E+00,3.583260E+00,nan
09:49.9,3.513459E+00,1.019892E+00,3.583347E+00,nan
09:50.9,3.513519E+00,1.019881E+00,3.583372E+00,nan
09:51.9,3.513605E+00,1.019890E+00,3.583492E+00,nan
09:52.9,3.513682E+00,1.019893E+00,3.583579E+00,nan
09:53.9,3.513744E+00,1.019893E+00,3.583642E+00,nan
09:54.9,3.513793E+00,1.019893E+00,3.583693E+00,nan
09:55.9,3.513890E+00,1.019897E+00,3.583805E+00,nan
09:56.9,3.513972E+00,1.019900E+00,3.583901E+00,nan
09:57.9,3.514049E+00,1.019886E+00,3.583931E+00,nan
09:58.9,3.514115E+00,1.019900E+00,3.584048E+00,nan
09:59.9,3.514180E+00,1.019888E+00,3.584069E+00,nan
10:00.9,3.514259E+00,1.019885E+00,3.584141E+00,nan
10:01.9,3.514346E+00,1.019897E+00,3.584270E+00,nan
10:02.9,3.514408E+00,1.019897E+00,3.584332E+00,nan
10:03.9,3.514499E+00,1.019899E+00,3.584435E+00,nan
10:04.9,3.514576E+00,1.019893E+00,3.584491E+00,nan
10:05.9,3.514655E+00,1.019888E+00,3.584554E+00,nan
10:06.9,3.514715E+00,1.019890E+00,3.584624E+00,nan
10:07.9,3.514779E+00,1.019894E+00,3.584703E+00,nan
10:08.9,3.514876E+00,1.019893E+00,3.584797E+00,nan
10:09.9,3.514958E+00,1.019893E+00,3.584880E+00,nan
10:10.9,3.515034E+00,1.019892E+00,3.584954E+00,nan
10:11.9,3.515119E+00,1.019883E+00,3.585009E+00,nan
10:12.9,3.515173E+00,1.019889E+00,3.585086E+00,nan
10:13.9,3.515247E+00,1.019894E+00,3.585180E+00,nan
10:14.9,3.515302E+00,1.019886E+00,3.585209E+00,nan
10:15.9,3.515384E+00,1.019889E+00,3.585301E+00,nan
10:16.9,3.515463E+00,1.019890E+00,3.585387E+00,nan
10:17.9,3.515542E+00,1.019881E+00,3.585436E+00,nan
10:18.9,3.515636E+00,1.019892E+00,3.585567E+00,nan
10:19.9,3.515696E+00,1.019888E+00,3.585615E+00,nan
10:20.9,3.515740E+00,1.019881E+00,3.585638E+00,nan
10:21.9,3.515825E+00,1.019880E+00,3.585720E+00,nan
10:22.9,3.515896E+00,1.019884E+00,3.585806E+00,nan
10:23.9,3.515996E+00,1.019884E+00,3.585908E+00,nan
10:24.9,3.516067E+00,1.019879E+00,3.585963E+00,nan
10:25.9,3.516146E+00,1.019885E+00,3.586066E+00,nan
10:26.9,3.516238E+00,1.019890E+00,3.586177E+00,nan
10:27.9,3.516270E+00,1.019892E+00,3.586214E+00,nan
10:28.9,3.516365E+00,1.019894E+00,3.586320E+00,nan
10:29.9,3.516426E+00,1.019890E+00,3.586369E+00,nan
10:30.9,3.516496E+00,1.019894E+00,3.586453E+00,nan
10:31.9,3.516553E+00,1.019892E+00,3.586502E+00,nan
10:32.9,3.516639E+00,1.019889E+00,3.586582E+00,nan
10:33.9,3.516733E+00,1.019888E+00,3.586674E+00,nan
10:34.9,3.516783E+00,1.019893E+00,3.586742E+00,nan
10:35.9,3.516867E+00,1.019893E+00,3.586828E+00,nan
10:36.9,3.516981E+00,1.019894E+00,3.586948E+00,nan
10:37.9,3.517045E+00,1.019890E+00,3.587001E+00,nan
10:38.9,3.517127E+00,1.019895E+00,3.587102E+00,nan
10:39.9,3.517194E+00,1.019894E+00,3.587166E+00,nan
10:40.9,3.517271E+00,1.019895E+00,3.587248E+00,nan
10:41.9,3.517335E+00,1.019897E+00,3.587319E+00,nan
10:42.9,3.517402E+00,1.019895E+00,3.587382E+00,nan
10:43.9,3.517462E+00,1.019893E+00,3.587434E+00,nan
10:44.9,3.517546E+00,1.019890E+00,3.587511E+00,nan
10:45.9,3.517648E+00,1.019892E+00,3.587619E+00,nan
10:46.9,3.517697E+00,1.019893E+00,3.587674E+00,nan
10:47.9,3.517794E+00,1.019890E+00,3.587764E+00,nan
10:48.9,3.517880E+00,1.019895E+00,3.587870E+00,nan
10:49.9,3.517945E+00,1.019893E+00,3.587927E+00,nan
10:50.9,3.518024E+00,1.019897E+00,3.588021E+00,nan
10:51.9,3.518101E+00,1.019893E+00,3.588086E+00,nan
10:52.9,3.518188E+00,1.019897E+00,3.588188E+00,nan
10:53.9,3.518237E+00,1.019895E+00,3.588233E+00,nan
10:54.9,3.518301E+00,1.019894E+00,3.588295E+00,nan
10:55.9,3.518413E+00,1.019893E+00,3.588404E+00,nan
10:56.9,3.518462E+00,1.019894E+00,3.588459E+00,nan
10:57.9,3.518571E+00,1.019894E+00,3.588570E+00,nan
10:58.9,3.518648E+00,1.019892E+00,3.588639E+00,nan
10:59.9,3.518732E+00,1.019894E+00,3.588734E+00,nan
11:00.9,3.518792E+00,1.019895E+00,3.588799E+00,nan
11:01.9,3.518851E+00,1.019894E+00,3.588856E+00,nan
11:02.9,3.518903E+00,1.019899E+00,3.588926E+00,nan
11:03.9,3.518978E+00,1.019898E+00,3.588998E+00,nan
11:04.9,3.519072E+00,1.019898E+00,3.589094E+00,nan
11:05.9,3.519151E+00,1.019904E+00,3.589197E+00,nan
11:06.9,3.519228E+00,1.019897E+00,3.589249E+00,nan
11:07.9,3.519315E+00,1.019890E+00,3.589315E+00,nan
11:08.9,3.519374E+00,1.019902E+00,3.589415E+00,nan
11:09.9,3.519478E+00,1.019888E+00,3.589473E+00,nan
11:10.9,3.519542E+00,1.019902E+00,3.589587E+00,nan
11:11.9,3.519617E+00,1.019898E+00,3.589649E+00,nan
11:12.9,3.519698E+00,1.019903E+00,3.589751E+00,nan
11:13.9,3.519758E+00,1.019898E+00,3.589793E+00,nan
11:14.9,3.519835E+00,1.019897E+00,3.589867E+00,nan
11:15.9,3.519924E+00,1.019897E+00,3.589958E+00,nan
11:16.9,3.520000E+00,1.019907E+00,3.590072E+00,nan
11:17.9,3.520122E+00,1.019899E+00,3.590169E+00,nan
11:18.9,3.520157E+00,1.019894E+00,3.590187E+00,nan
11:19.9,3.520258E+00,1.019889E+00,3.590273E+00,nan
11:20.9,3.520320E+00,1.019900E+00,3.590376E+00,nan
11:21.9,3.520402E+00,1.019890E+00,3.590424E+00,nan
11:22.9,3.520474E+00,1.019888E+00,3.590488E+00,nan
11:23.9,3.520535E+00,1.019892E+00,3.590564E+00,nan
11:24.9,3.520602E+00,1.019898E+00,3.590655E+00,nan
11:25.9,3.520677E+00,1.019898E+00,3.590730E+00,nan
11:26.9,3.520778E+00,1.019893E+00,3.590816E+00,nan
11:27.9,3.520806E+00,1.019895E+00,3.590853E+00,nan
11:28.9,3.520910E+00,1.019899E+00,3.590973E+00,nan
11:29.9,3.521009E+00,1.019897E+00,3.591065E+00,nan
11:30.9,3.521070E+00,1.019893E+00,3.591114E+00,nan
11:31.9,3.521137E+00,1.019904E+00,3.591223E+00,nan
11:32.9,3.521197E+00,1.019899E+00,3.591266E+00,nan
11:33.9,3.521286E+00,1.019895E+00,3.591343E+00,nan
11:34.9,3.521363E+00,1.019894E+00,3.591417E+00,nan
11:35.9,3.521442E+00,1.019895E+00,3.591502E+00,nan
11:36.9,3.521539E+00,1.019894E+00,3.591597E+00,nan
11:37.9,3.521613E+00,1.019899E+00,3.591690E+00,nan
11:38.9,3.521710E+00,1.019899E+00,3.591789E+00,nan
11:39.9,3.521764E+00,1.019907E+00,3.591871E+00,nan
11:40.9,3.521846E+00,1.019900E+00,3.591932E+00,nan
11:41.9,3.521945E+00,1.019898E+00,3.592024E+00,nan
11:42.9,3.521997E+00,1.019902E+00,3.592090E+00,nan
11:43.9,3.522079E+00,1.019897E+00,3.592156E+00,nan
11:44.9,3.522148E+00,1.019898E+00,3.592231E+00,nan
11:45.9,3.522304E+00,1.019899E+00,3.592395E+00,nan
11:46.9,3.522368E+00,1.019894E+00,3.592443E+00,nan
11:47.9,3.522450E+00,1.019903E+00,3.592557E+00,nan
11:48.9,3.522515E+00,1.019898E+00,3.592605E+00,nan
11:49.9,3.522611E+00,1.019898E+00,3.592703E+00,nan
11:50.9,3.522676E+00,1.019903E+00,3.592787E+00,nan
11:51.9,3.522730E+00,1.019898E+00,3.592825E+00,nan
11:52.9,3.522829E+00,1.019894E+00,3.592913E+00,nan
11:53.9,3.522921E+00,1.019892E+00,3.592997E+00,nan
11:54.9,3.522988E+00,1.019895E+00,3.593079E+00,nan
11:55.9,3.523060E+00,1.019899E+00,3.593165E+00,nan
11:56.9,3.523173E+00,1.019895E+00,3.593268E+00,nan
11:57.9,3.523203E+00,1.019902E+00,3.593321E+00,nan
11:58.9,3.523278E+00,1.019902E+00,3.593396E+00,nan
11:59.9,3.523391E+00,1.019897E+00,3.593495E+00,nan
12:00.9,3.523426E+00,1.019895E+00,3.593526E+00,nan
12:01.9,3.523535E+00,1.019899E+00,3.593650E+00,nan
12:02.9,3.523619E+00,1.019902E+00,3.593745E+00,nan
12:03.9,3.523679E+00,1.019903E+00,3.593810E+00,nan
12:04.9,3.523758E+00,1.019909E+00,3.593913E+00,nan
12:05.9,3.523825E+00,1.019904E+00,3.593964E+00,nan
12:06.9,3.523911E+00,1.019904E+00,3.594052E+00,nan
12:07.9,3.523986E+00,1.019912E+00,3.594155E+00,nan
12:08.9,3.524080E+00,1.019905E+00,3.594228E+00,nan
12:09.9,3.524167E+00,1.019911E+00,3.594335E+00,nan
12:10.9,3.524231E+00,1.019899E+00,3.594360E+00,nan
12:11.9,3.524293E+00,1.019900E+00,3.594428E+00,nan
12:12.9,3.524377E+00,1.019905E+00,3.594531E+00,nan
12:13.9,3.524476E+00,1.019903E+00,3.594624E+00,nan
12:14.9,3.524528E+00,1.019905E+00,3.594686E+00,nan
12:15.9,3.524642E+00,1.019904E+00,3.594797E+00,nan
12:16.9,3.524674E+00,1.019899E+00,3.594812E+00,nan
12:17.9,3.524774E+00,1.019895E+00,3.594900E+00,nan
12:18.9,3.524855E+00,1.019898E+00,3.594992E+00,nan
12:19.9,3.524969E+00,1.019904E+00,3.595131E+00,nan
12:20.9,3.525029E+00,1.019902E+00,3.595183E+00,nan
12:21.9,3.525090E+00,1.019894E+00,3.595219E+00,nan
12:22.9,3.525162E+00,1.019900E+00,3.595315E+00,nan
12:23.9,3.525271E+00,1.019902E+00,3.595430E+00,nan
12:24.9,3.525326E+00,1.019904E+00,3.595494E+00,nan
12:25.9,3.525437E+00,1.019899E+00,3.595590E+00,nan
12:26.9,3.525499E+00,1.019902E+00,3.595663E+00,nan
12:27.9,3.525573E+00,1.019904E+00,3.595747E+00,nan
12:28.9,3.525638E+00,1.019898E+00,3.595790E+00,nan
12:29.9,3.525695E+00,1.019904E+00,3.595871E+00,nan
12:30.9,3.525819E+00,1.019902E+00,3.595988E+00,nan
12:31.9,3.525893E+00,1.019895E+00,3.596042E+00,nan
12:32.9,3.525953E+00,1.019885E+00,3.596067E+00,nan
12:33.9,3.526034E+00,1.019889E+00,3.596164E+00,nan
12:34.9,3.526126E+00,1.019889E+00,3.596257E+00,nan
12:35.9,3.526185E+00,1.019893E+00,3.596331E+00,nan
12:36.9,3.526284E+00,1.019890E+00,3.596423E+00,nan
12:37.9,3.526346E+00,1.019892E+00,3.596491E+00,nan
12:38.9,3.526413E+00,1.019898E+00,3.596581E+00,nan
12:39.9,3.526522E+00,1.019890E+00,3.596666E+00,nan
12:40.9,3.526577E+00,1.019894E+00,3.596735E+00,nan
12:41.9,3.526688E+00,1.019890E+00,3.596835E+00,nan
12:42.9,3.526743E+00,1.019892E+00,3.596895E+00,nan
12:43.9,3.526814E+00,1.019898E+00,3.596990E+00,nan
12:44.9,3.526906E+00,1.019895E+00,3.597075E+00,nan
12:45.9,3.526980E+00,1.019892E+00,3.597137E+00,nan
12:46.9,3.527072E+00,1.019890E+00,3.597227E+00,nan
12:47.9,3.527127E+00,1.019899E+00,3.597313E+00,nan
12:48.9,3.527223E+00,1.019899E+00,3.597412E+00,nan
12:49.9,3.527282E+00,1.019897E+00,3.597463E+00,nan
12:50.9,3.527392E+00,1.019888E+00,3.597544E+00,nan
12:51.9,3.527466E+00,1.019897E+00,3.597650E+00,nan
12:52.9,3.527550E+00,1.019895E+00,3.597732E+00,nan
12:53.9,3.527627E+00,1.019894E+00,3.597806E+00,nan
12:54.9,3.527699E+00,1.019892E+00,3.597870E+00,nan
12:55.9,3.527771E+00,1.019894E+00,3.597952E+00,nan
12:56.9,3.527833E+00,1.019897E+00,3.598024E+00,nan
12:57.9,3.527929E+00,1.019893E+00,3.598109E+00,nan
12:58.9,3.528018E+00,1.019898E+00,3.598218E+00,nan
12:59.9,3.528080E+00,1.019897E+00,3.598277E+00,nan
13:00.9,3.528159E+00,1.019899E+00,3.598367E+00,nan
13:01.9,3.528239E+00,1.019893E+00,3.598425E+00,nan
13:02.9,3.528308E+00,1.019902E+00,3.598527E+00,nan
13:03.9,3.528387E+00,1.019900E+00,3.598604E+00,nan
13:04.9,3.528489E+00,1.019895E+00,3.598689E+00,nan
13:05.9,3.528583E+00,1.019892E+00,3.598772E+00,nan
13:06.9,3.528628E+00,1.019888E+00,3.598804E+00,nan
13:07.9,3.528712E+00,1.019892E+00,3.598903E+00,nan
13:08.9,3.528836E+00,1.019902E+00,3.599065E+00,nan
13:09.9,3.528915E+00,1.019900E+00,3.599142E+00,nan
13:10.9,3.528952E+00,1.019897E+00,3.599166E+00,nan
13:11.9,3.529068E+00,1.019893E+00,3.599272E+00,nan
13:12.9,3.529123E+00,1.019889E+00,3.599314E+00,nan
13:13.9,3.529195E+00,1.019895E+00,3.599409E+00,nan
13:14.9,3.529279E+00,1.019897E+00,3.599500E+00,nan
13:15.9,3.529373E+00,1.019902E+00,3.599613E+00,nan
13:16.9,3.529465E+00,1.019897E+00,3.599689E+00,nan
13:17.9,3.529536E+00,1.019895E+00,3.599758E+00,nan
13:18.9,3.529638E+00,1.019900E+00,3.599879E+00,nan
13:19.9,3.529702E+00,1.019894E+00,3.599923E+00,nan
13:20.9,3.529804E+00,1.019894E+00,3.600026E+00,nan
13:21.9,3.529888E+00,1.019898E+00,3.600125E+00,nan
13:22.9,3.529963E+00,1.019899E+00,3.600206E+00,nan
13:23.9,3.530052E+00,1.019903E+00,3.600310E+00,nan
13:24.9,3.530109E+00,1.019898E+00,3.600350E+00,nan
13:25.9,3.530198E+00,1.019897E+00,3.600437E+00,nan
13:26.9,3.530262E+00,1.019899E+00,3.600511E+00,nan
13:27.9,3.530361E+00,1.019902E+00,3.600621E+00,nan
13:30.0,3.530446E+00,1.019895E+00,3.600685E+00,nan
13:31.0,3.530525E+00,1.019898E+00,3.600774E+00,nan
13:32.0,3.530609E+00,1.019897E+00,3.600856E+00,nan
13:33.0,3.530686E+00,1.019897E+00,3.600935E+00,nan
13:34.0,3.530745E+00,1.019900E+00,3.601009E+00,nan
13:35.0,3.530839E+00,1.019904E+00,3.601118E+00,nan
13:36.0,3.530931E+00,1.019897E+00,3.601185E+00,nan
13:37.0,3.530993E+00,1.019904E+00,3.601274E+00,nan
13:38.0,3.531090E+00,1.019912E+00,3.601400E+00,nan
13:39.0,3.531159E+00,1.019898E+00,3.601421E+00,nan
13:40.0,3.531248E+00,1.019897E+00,3.601508E+00,nan
13:41.0,3.531342E+00,1.019900E+00,3.601618E+00,nan
13:42.0,3.531424E+00,1.019897E+00,3.601687E+00,nan
13:43.0,3.531513E+00,1.019893E+00,3.601765E+00,nan
13:44.0,3.531607E+00,1.019897E+00,3.601874E+00,nan
13:45.0,3.531679E+00,1.019900E+00,3.601961E+00,nan
13:46.0,3.531739E+00,1.019899E+00,3.602017E+00,nan
13:47.0,3.531830E+00,1.019895E+00,3.602097E+00,nan
13:48.0,3.531882E+00,1.019902E+00,3.602173E+00,nan
13:49.0,3.531981E+00,1.019903E+00,3.602278E+00,nan
13:50.0,3.532058E+00,1.019898E+00,3.602338E+00,nan
13:51.0,3.532140E+00,1.019890E+00,3.602395E+00,nan
13:52.0,3.532229E+00,1.019892E+00,3.602490E+00,nan
13:53.0,3.532308E+00,1.019899E+00,3.602598E+00,nan
13:54.0,3.532382E+00,1.019894E+00,3.602656E+00,nan
13:55.0,3.532509E+00,1.019892E+00,3.602776E+00,nan
13:56.0,3.532556E+00,1.019892E+00,3.602824E+00,nan
13:57.0,3.532648E+00,1.019895E+00,3.602931E+00,nan
13:58.0,3.532719E+00,1.019900E+00,3.603022E+00,nan
13:59.0,3.532816E+00,1.019898E+00,3.603111E+00,nan
14:00.0,3.532885E+00,1.019894E+00,3.603169E+00,nan
14:01.0,3.532997E+00,1.019898E+00,3.603296E+00,nan
14:02.0,3.533061E+00,1.019889E+00,3.603330E+00,nan
14:03.0,3.533138E+00,1.019902E+00,3.603453E+00,nan
14:04.0,3.533215E+00,1.019905E+00,3.603545E+00,nan
14:05.0,3.533314E+00,1.019904E+00,3.603641E+00,nan
14:06.0,3.533403E+00,1.019903E+00,3.603728E+00,nan
14:07.0,3.533460E+00,1.019899E+00,3.603773E+00,nan
14:08.0,3.533579E+00,1.019902E+00,3.603903E+00,nan
14:09.0,3.533670E+00,1.019900E+00,3.603992E+00,nan
14:10.0,3.533787E+00,1.019902E+00,3.604115E+00,nan
14:11.0,3.533856E+00,1.019897E+00,3.604168E+00,nan
14:12.0,3.533906E+00,1.019899E+00,3.604227E+00,nan
14:13.0,3.533998E+00,1.019899E+00,3.604321E+00,nan
14:14.0,3.534091E+00,1.019898E+00,3.604412E+00,nan
14:15.0,3.534163E+00,1.019898E+00,3.604486E+00,nan
14:16.0,3.534248E+00,1.019905E+00,3.604598E+00,nan
14:17.0,3.534337E+00,1.019893E+00,3.604645E+00,nan
14:18.0,3.534409E+00,1.019894E+00,3.604723E+00,nan
14:19.0,3.534518E+00,1.019899E+00,3.604851E+00,nan
14:20.0,3.534582E+00,1.019900E+00,3.604922E+00,nan
14:21.0,3.534674E+00,1.019897E+00,3.605002E+00,nan
14:22.0,3.534745E+00,1.019904E+00,3.605102E+00,nan
14:23.0,3.534825E+00,1.019897E+00,3.605156E+00,nan
14:24.0,3.534921E+00,1.019908E+00,3.605294E+00,nan
14:25.0,3.535018E+00,1.019902E+00,3.605371E+00,nan
14:26.0,3.535122E+00,1.019905E+00,3.605490E+00,nan
14:27.0,3.535184E+00,1.019905E+00,3.605553E+00,nan
14:28.0,3.535270E+00,1.019905E+00,3.605642E+00,nan
14:29.0,3.535355E+00,1.019903E+00,3.605719E+00,nan
14:30.0,3.535444E+00,1.019904E+00,3.605814E+00,nan
14:31.0,3.535521E+00,1.019905E+00,3.605897E+00,nan
14:32.0,3.535603E+00,1.019898E+00,3.605953E+00,nan
14:33.0,3.535697E+00,1.019900E+00,3.606058E+00,nan
14:34.0,3.535773E+00,1.019902E+00,3.606141E+00,nan
14:35.0,3.535905E+00,1.019897E+00,3.606257E+00,nan
14:36.0,3.535929E+00,1.019893E+00,3.606269E+00,nan
14:37.0,3.536028E+00,1.019899E+00,3.606392E+00,nan
14:38.0,3.536113E+00,1.019907E+00,3.606505E+00,nan
14:39.0,3.536199E+00,1.019897E+00,3.606558E+00,nan
14:40.0,3.536318E+00,1.019907E+00,3.606715E+00,nan
14:41.0,3.536383E+00,1.019903E+00,3.606767E+00,nan
14:42.0,3.536469E+00,1.019904E+00,3.606860E+00,nan
14:43.0,3.536561E+00,1.019903E+00,3.606949E+00,nan
14:44.0,3.536655E+00,1.019904E+00,3.607049E+00,nan
14:45.0,3.536737E+00,1.019903E+00,3.607128E+00,nan
14:46.0,3.536836E+00,1.019908E+00,3.607247E+00,nan
14:47.0,3.536908E+00,1.019907E+00,3.607316E+00,nan
14:48.0,3.536987E+00,1.019898E+00,3.607365E+00,nan
14:49.0,3.537111E+00,1.019905E+00,3.607519E+00,nan
14:50.0,3.537173E+00,1.019899E+00,3.607559E+00,nan
14:51.0,3.537250E+00,1.019903E+00,3.607651E+00,nan
14:52.0,3.537336E+00,1.019905E+00,3.607749E+00,nan
14:53.0,3.537435E+00,1.019903E+00,3.607841E+00,nan
14:54.0,3.537544E+00,1.019907E+00,3.607965E+00,nan
14:55.0,3.537596E+00,1.019907E+00,3.608019E+00,nan
14:56.0,3.537718E+00,1.019908E+00,3.608147E+00,nan
14:57.0,3.537767E+00,1.019912E+00,3.608210E+00,nan
14:58.0,3.537847E+00,1.019903E+00,3.608260E+00,nan
14:59.0,3.537938E+00,1.019898E+00,3.608335E+00,nan
15:00.0,3.538037E+00,1.019905E+00,3.608464E+00,nan
15:01.0,3.538121E+00,1.019900E+00,3.608532E+00,nan
15:02.0,3.538211E+00,1.019900E+00,3.608623E+00,nan
15:03.0,3.538327E+00,1.019900E+00,3.608741E+00,nan
15:04.0,3.538399E+00,1.019903E+00,3.608824E+00,nan
15:05.0,3.538478E+00,1.019908E+00,3.608922E+00,nan
15:06.0,3.538565E+00,1.019903E+00,3.608993E+00,nan
15:07.0,3.538644E+00,1.019905E+00,3.609082E+00,nan
15:08.0,3.538743E+00,1.019903E+00,3.609175E+00,nan
15:09.0,3.538815E+00,1.019903E+00,3.609248E+00,nan
15:10.0,3.538922E+00,1.019904E+00,3.609361E+00,nan
15:11.0,3.538993E+00,1.019902E+00,3.609425E+00,nan
15:12.0,3.539073E+00,1.019904E+00,3.609515E+00,nan
15:13.0,3.539177E+00,1.019899E+00,3.609603E+00,nan
15:14.0,3.539268E+00,1.019898E+00,3.609692E+00,nan
15:15.0,3.539347E+00,1.019895E+00,3.609764E+00,nan
15:16.0,3.539459E+00,1.019900E+00,3.609896E+00,nan
15:17.0,3.539553E+00,1.019898E+00,3.609983E+00,nan
15:18.0,3.539635E+00,1.019893E+00,3.610048E+00,nan
15:19.0,3.539687E+00,1.019903E+00,3.610137E+00,nan
15:20.0,3.539786E+00,1.019903E+00,3.610238E+00,nan
15:21.0,3.539892E+00,1.019909E+00,3.610369E+00,nan
15:22.0,3.539964E+00,1.019905E+00,3.610429E+00,nan
15:23.0,3.540096E+00,1.019902E+00,3.610549E+00,nan
15:24.0,3.540145E+00,1.019904E+00,3.610609E+00,nan
15:25.0,3.540257E+00,1.019905E+00,3.610727E+00,nan
15:26.0,3.540321E+00,1.019902E+00,3.610779E+00,nan
15:27.0,3.540410E+00,1.019895E+00,3.610848E+00,nan
15:28.0,3.540499E+00,1.019912E+00,3.610997E+00,nan
15:29.0,3.540606E+00,1.019903E+00,3.611074E+00,nan
15:30.0,3.540690E+00,1.019908E+00,3.611178E+00,nan
15:31.0,3.540787E+00,1.019907E+00,3.611272E+00,nan
15:32.0,3.540876E+00,1.019904E+00,3.611354E+00,nan
15:33.0,3.540952E+00,1.019899E+00,3.611414E+00,nan
15:34.0,3.541042E+00,1.019895E+00,3.611492E+00,nan
15:35.0,3.541138E+00,1.019898E+00,3.611599E+00,nan
15:36.0,3.541210E+00,1.019900E+00,3.611682E+00,nan
15:37.0,3.541324E+00,1.019904E+00,3.611811E+00,nan
15:38.0,3.541401E+00,1.019903E+00,3.611885E+00,nan
15:39.0,3.541505E+00,1.019905E+00,3.612000E+00,nan
15:40.0,3.541574E+00,1.019905E+00,3.612071E+00,nan
15:41.0,3.541676E+00,1.019905E+00,3.612174E+00,nan
15:42.0,3.541780E+00,1.019911E+00,3.612299E+00,nan
15:43.0,3.541879E+00,1.019902E+00,3.612368E+00,nan
15:44.0,3.541941E+00,1.019903E+00,3.612436E+00,nan
15:45.0,3.542027E+00,1.019898E+00,3.612506E+00,nan
15:46.0,3.542122E+00,1.019907E+00,3.612634E+00,nan
15:47.0,3.542196E+00,1.019900E+00,3.612687E+00,nan
15:48.0,3.542300E+00,1.019894E+00,3.612771E+00,nan
15:49.0,3.542402E+00,1.019897E+00,3.612883E+00,nan
15:50.0,3.542473E+00,1.019904E+00,3.612983E+00,nan
15:51.0,3.542557E+00,1.019903E+00,3.613065E+00,nan
15:52.0,3.542676E+00,1.019908E+00,3.613204E+00,nan
15:53.0,3.542773E+00,1.019907E+00,3.613298E+00,nan
15:54.0,3.542885E+00,1.019900E+00,3.613390E+00,nan
15:55.0,3.542944E+00,1.019902E+00,3.613454E+00,nan
15:56.0,3.543026E+00,1.019907E+00,3.613556E+00,nan
15:57.0,3.543110E+00,1.019903E+00,3.613628E+00,nan
15:58.0,3.543249E+00,1.019900E+00,3.613761E+00,nan
15:59.0,3.543288E+00,1.019908E+00,3.613828E+00,nan
16:00.0,3.543405E+00,1.019895E+00,3.613902E+00,nan
16:01.0,3.543511E+00,1.019897E+00,3.614015E+00,nan
16:02.0,3.543568E+00,1.019898E+00,3.614077E+00,nan
16:03.0,3.543650E+00,1.019893E+00,3.614143E+00,nan
16:04.0,3.543774E+00,1.019900E+00,3.614296E+00,nan
16:05.0,3.543863E+00,1.019897E+00,3.614374E+00,nan
16:06.0,3.543952E+00,1.019893E+00,3.614451E+00,nan
16:07.0,3.544034E+00,1.019889E+00,3.614521E+00,nan
16:08.0,3.544130E+00,1.019897E+00,3.614647E+00,nan
16:09.0,3.544207E+00,1.019898E+00,3.614729E+00,nan
16:10.0,3.544306E+00,1.019894E+00,3.614817E+00,nan
16:11.0,3.544398E+00,1.019903E+00,3.614942E+00,nan
16:12.0,3.544514E+00,1.019904E+00,3.615065E+00,nan
16:13.0,3.544596E+00,1.019903E+00,3.615144E+00,nan
16:14.0,3.544683E+00,1.019895E+00,3.615205E+00,nan
16:15.0,3.544772E+00,1.019893E+00,3.615287E+00,nan
16:16.0,3.544888E+00,1.019898E+00,3.615424E+00,nan
16:17.0,3.545002E+00,1.019898E+00,3.615540E+00,nan
16:18.0,3.545062E+00,1.019890E+00,3.615574E+00,nan
16:19.0,3.545143E+00,1.019899E+00,3.615689E+00,nan
16:20.0,3.545243E+00,1.019892E+00,3.615763E+00,nan
16:21.0,3.545332E+00,1.019895E+00,3.615867E+00,nan
16:22.0,3.545413E+00,1.019894E+00,3.615946E+00,nan
16:23.0,3.545527E+00,1.019895E+00,3.616067E+00,nan
16:24.0,3.545614E+00,1.019897E+00,3.616160E+00,nan
16:25.0,3.545726E+00,1.019894E+00,3.616265E+00,nan
16:26.0,3.545817E+00,1.019895E+00,3.616362E+00,nan
16:27.0,3.545874E+00,1.019892E+00,3.616407E+00,nan
16:28.0,3.545993E+00,1.019903E+00,3.616569E+00,nan
16:29.0,3.546062E+00,1.019898E+00,3.616621E+00,nan
16:30.0,3.546161E+00,1.019902E+00,3.616736E+00,nan
16:31.0,3.546256E+00,1.019897E+00,3.616814E+00,nan
16:32.0,3.546350E+00,1.019895E+00,3.616906E+00,nan
16:33.0,3.546449E+00,1.019908E+00,3.617051E+00,nan
16:34.0,3.546525E+00,1.019902E+00,3.617107E+00,nan
16:35.0,3.546625E+00,1.019903E+00,3.617213E+00,nan
16:36.0,3.546701E+00,1.019899E+00,3.617278E+00,nan
16:37.0,3.546796E+00,1.019890E+00,3.617342E+00,nan
16:38.0,3.546937E+00,1.019893E+00,3.617495E+00,nan
16:39.0,3.547001E+00,1.019897E+00,3.617574E+00,nan
16:40.0,3.547078E+00,1.019899E+00,3.617662E+00,nan
16:41.0,3.547187E+00,1.019899E+00,3.617773E+00,nan
16:42.0,3.547283E+00,1.019899E+00,3.617871E+00,nan
16:43.0,3.547385E+00,1.019917E+00,3.618038E+00,nan
16:44.0,3.547464E+00,1.019903E+00,3.618069E+00,nan
16:45.0,3.547568E+00,1.019900E+00,3.618166E+00,nan
16:46.0,3.547677E+00,1.019905E+00,3.618295E+00,nan
16:47.0,3.547749E+00,1.019903E+00,3.618360E+00,nan
16:48.0,3.547851E+00,1.019904E+00,3.618468E+00,nan
16:49.0,3.547920E+00,1.019897E+00,3.618512E+00,nan
16:50.0,3.548009E+00,1.019899E+00,3.618611E+00,nan
16:51.0,3.548148E+00,1.019897E+00,3.618744E+00,nan
16:52.0,3.548232E+00,1.019897E+00,3.618830E+00,nan
16:53.0,3.548311E+00,1.019892E+00,3.618893E+00,nan
16:54.0,3.548430E+00,1.019907E+00,3.619068E+00,nan
16:55.0,3.548507E+00,1.019903E+00,3.619133E+00,nan
16:56.0,3.548591E+00,1.019907E+00,3.619232E+00,nan
16:57.0,3.548693E+00,1.019904E+00,3.619327E+00,nan
16:58.0,3.548814E+00,1.019904E+00,3.619450E+00,nan
16:59.0,3.548886E+00,1.019904E+00,3.619524E+00,nan
17:00.0,3.548993E+00,1.019907E+00,3.619642E+00,nan
17:01.0,3.549094E+00,1.019904E+00,3.619736E+00,nan
17:02.0,3.549188E+00,1.019905E+00,3.619836E+00,nan
17:03.0,3.549280E+00,1.019909E+00,3.619943E+00,nan
17:04.0,3.549371E+00,1.019909E+00,3.620037E+00,nan
17:05.0,3.549461E+00,1.019907E+00,3.620119E+00,nan
17:06.0,3.549535E+00,1.019898E+00,3.620163E+00,nan
17:07.0,3.549641E+00,1.019900E+00,3.620281E+00,nan
17:08.0,3.549736E+00,1.019899E+00,3.620372E+00,nan
17:09.0,3.549835E+00,1.019897E+00,3.620464E+00,nan
17:10.0,3.549926E+00,1.019900E+00,3.620571E+00,nan
17:11.0,3.550020E+00,1.019903E+00,3.620676E+00,nan
17:12.0,3.550120E+00,1.019900E+00,3.620769E+00,nan
17:13.0,3.550241E+00,1.019908E+00,3.620919E+00,nan
17:14.0,3.550330E+00,1.019911E+00,3.621019E+00,nan
17:15.0,3.550404E+00,1.019903E+00,3.621068E+00,nan
17:16.0,3.550521E+00,1.019902E+00,3.621182E+00,nan
17:17.0,3.550610E+00,1.019898E+00,3.621259E+00,nan
17:18.0,3.550707E+00,1.019893E+00,3.621340E+00,nan
17:19.0,3.550821E+00,1.019903E+00,3.621492E+00,nan
17:20.0,3.550895E+00,1.019898E+00,3.621550E+00,nan
17:21.0,3.550989E+00,1.019907E+00,3.621678E+00,nan
17:22.0,3.551071E+00,1.019900E+00,3.621739E+00,nan
17:23.0,3.551167E+00,1.019897E+00,3.621823E+00,nan
17:24.0,3.551303E+00,1.019893E+00,3.621949E+00,nan
17:25.0,3.551360E+00,1.019900E+00,3.622034E+00,nan
17:26.0,3.551445E+00,1.019895E+00,3.622102E+00,nan
17:27.0,3.551566E+00,1.019897E+00,3.622230E+00,nan
17:28.0,3.551663E+00,1.019905E+00,3.622360E+00,nan
17:29.0,3.551762E+00,1.019903E+00,3.622452E+00,nan
17:30.0,3.551831E+00,1.019900E+00,3.622514E+00,nan
17:31.0,3.551972E+00,1.019898E+00,3.622649E+00,nan
17:32.0,3.552039E+00,1.019897E+00,3.622713E+00,nan
17:33.0,3.552138E+00,1.019890E+00,3.622791E+00,nan
17:34.0,3.552227E+00,1.019897E+00,3.622905E+00,nan
17:35.0,3.552369E+00,1.019892E+00,3.623031E+00,nan
17:36.0,3.552440E+00,1.019898E+00,3.623126E+00,nan
17:37.0,3.552522E+00,1.019897E+00,3.623205E+00,nan
17:38.0,3.552634E+00,1.019898E+00,3.623323E+00,nan
17:39.0,3.552742E+00,1.019902E+00,3.623448E+00,nan
17:40.0,3.552829E+00,1.019897E+00,3.623519E+00,nan
17:41.0,3.552928E+00,1.019899E+00,3.623628E+00,nan
17:42.0,3.553015E+00,1.019902E+00,3.623726E+00,nan
17:43.0,3.553114E+00,1.019898E+00,3.623813E+00,nan
17:44.0,3.553206E+00,1.019902E+00,3.623920E+00,nan
17:45.0,3.553329E+00,1.019899E+00,3.624038E+00,nan
17:46.0,3.553406E+00,1.019902E+00,3.624125E+00,nan
17:47.0,3.553513E+00,1.019898E+00,3.624220E+00,nan
17:48.0,3.553612E+00,1.019903E+00,3.624339E+00,nan
17:49.0,3.553723E+00,1.019908E+00,3.624471E+00,nan
17:50.0,3.553773E+00,1.019909E+00,3.624526E+00,nan
17:51.0,3.553899E+00,1.019911E+00,3.624659E+00,nan
17:52.0,3.553998E+00,1.019909E+00,3.624756E+00,nan
17:53.0,3.554080E+00,1.019903E+00,3.624817E+00,nan
17:54.0,3.554182E+00,1.019907E+00,3.624934E+00,nan
17:55.0,3.554276E+00,1.019905E+00,3.625025E+00,nan
17:56.0,3.554380E+00,1.019899E+00,3.625109E+00,nan
17:57.0,3.554481E+00,1.019904E+00,3.625230E+00,nan
17:58.0,3.554590E+00,1.019903E+00,3.625337E+00,nan
17:59.0,3.554660E+00,1.019894E+00,3.625376E+00,nan
18:00.0,3.554774E+00,1.019899E+00,3.625510E+00,nan
18:01.0,3.554868E+00,1.019895E+00,3.625593E+00,nan
18:02.0,3.554952E+00,1.019899E+00,3.625692E+00,nan
18:03.0,3.555048E+00,1.019898E+00,3.625786E+00,nan
18:04.0,3.555170E+00,1.019903E+00,3.625928E+00,nan
18:05.0,3.555269E+00,1.019894E+00,3.625998E+00,nan
18:06.0,3.555363E+00,1.019895E+00,3.626098E+00,nan
18:07.0,3.555447E+00,1.019897E+00,3.626189E+00,nan
18:08.0,3.555544E+00,1.019898E+00,3.626291E+00,nan
18:09.0,3.555663E+00,1.019898E+00,3.626413E+00,nan
18:10.0,3.555740E+00,1.019890E+00,3.626464E+00,nan
18:11.0,3.555871E+00,1.019894E+00,3.626612E+00,nan
18:12.0,3.555948E+00,1.019895E+00,3.626694E+00,nan
18:13.0,3.556027E+00,1.019893E+00,3.626766E+00,nan
18:14.0,3.556136E+00,1.019894E+00,3.626882E+00,nan
18:15.0,3.556230E+00,1.019897E+00,3.626987E+00,nan
18:16.0,3.556322E+00,1.019894E+00,3.627072E+00,nan
18:17.0,3.556416E+00,1.019897E+00,3.627176E+00,nan
18:18.0,3.556532E+00,1.019903E+00,3.627318E+00,nan
18:19.0,3.556648E+00,1.019904E+00,3.627441E+00,nan
18:20.0,3.556750E+00,1.019903E+00,3.627540E+00,nan
18:21.0,3.556839E+00,1.019900E+00,3.627622E+00,nan
18:22.0,3.556921E+00,1.019894E+00,3.627683E+00,nan
18:23.0,3.557047E+00,1.019893E+00,3.627807E+00,nan
18:24.0,3.557144E+00,1.019898E+00,3.627923E+00,nan
18:25.0,3.557206E+00,1.019893E+00,3.627969E+00,nan
18:26.0,3.557325E+00,1.019899E+00,3.628113E+00,nan
18:27.0,3.557409E+00,1.019905E+00,3.628221E+00,nan
18:28.0,3.557506E+00,1.019897E+00,3.628288E+00,nan
18:29.0,3.557632E+00,1.019897E+00,3.628417E+00,nan
18:30.0,3.557699E+00,1.019900E+00,3.628499E+00,nan
18:31.0,3.557818E+00,1.019892E+00,3.628588E+00,nan
18:32.0,3.557899E+00,1.019892E+00,3.628671E+00,nan
18:33.0,3.558003E+00,1.019895E+00,3.628791E+00,nan
18:34.0,3.558112E+00,1.019892E+00,3.628889E+00,nan
18:35.0,3.558197E+00,1.019890E+00,3.628970E+00,nan
18:36.0,3.558293E+00,1.019894E+00,3.629082E+00,nan
18:37.0,3.558397E+00,1.019889E+00,3.629170E+00,nan
18:38.0,3.558494E+00,1.019892E+00,3.629278E+00,nan
18:39.0,3.558615E+00,1.019890E+00,3.629397E+00,nan
18:40.0,3.558687E+00,1.019885E+00,3.629452E+00,nan
18:41.0,3.558786E+00,1.019880E+00,3.629535E+00,nan
18:42.0,3.558893E+00,1.019876E+00,3.629631E+00,nan
18:43.0,3.559009E+00,1.019888E+00,3.629790E+00,nan
18:44.0,3.559078E+00,1.019886E+00,3.629856E+00,nan
18:45.0,3.559165E+00,1.019893E+00,3.629967E+00,nan
18:46.0,3.559304E+00,1.019888E+00,3.630090E+00,nan
18:47.0,3.559408E+00,1.019886E+00,3.630192E+00,nan
18:48.0,3.559475E+00,1.019885E+00,3.630256E+00,nan
18:49.0,3.559594E+00,1.019888E+00,3.630386E+00,nan
18:50.0,3.559703E+00,1.019889E+00,3.630502E+00,nan
18:51.0,3.559789E+00,1.019884E+00,3.630572E+00,nan
18:52.0,3.559893E+00,1.019885E+00,3.630682E+00,nan
18:53.0,3.559975E+00,1.019886E+00,3.630771E+00,nan
18:54.0,3.560091E+00,1.019890E+00,3.630903E+00,nan
18:55.0,3.560186E+00,1.019880E+00,3.630963E+00,nan
18:56.0,3.560287E+00,1.019886E+00,3.631089E+00,nan
18:57.0,3.560369E+00,1.019884E+00,3.631163E+00,nan
18:58.0,3.560475E+00,1.019889E+00,3.631290E+00,nan
18:59.0,3.560575E+00,1.019889E+00,3.631391E+00,nan
19:00.0,3.560683E+00,1.019885E+00,3.631488E+00,nan
19:01.0,3.560755E+00,1.019893E+00,3.631589E+00,nan
19:02.0,3.560874E+00,1.019892E+00,3.631705E+00,nan
19:03.0,3.560971E+00,1.019890E+00,3.631800E+00,nan
19:04.0,3.561077E+00,1.019895E+00,3.631926E+00,nan
19:05.0,3.561194E+00,1.019897E+00,3.632049E+00,nan
19:06.0,3.561278E+00,1.019893E+00,3.632122E+00,nan
19:07.0,3.561367E+00,1.019890E+00,3.632204E+00,nan
19:08.0,3.561501E+00,1.019889E+00,3.632335E+00,nan
19:09.0,3.561568E+00,1.019885E+00,3.632390E+00,nan
19:10.0,3.561674E+00,1.019893E+00,3.632526E+00,nan
19:11.0,3.561791E+00,1.019894E+00,3.632649E+00,nan
19:12.0,3.561909E+00,1.019895E+00,3.632775E+00,nan
19:13.0,3.561989E+00,1.019889E+00,3.632833E+00,nan
19:14.0,3.562068E+00,1.019894E+00,3.632932E+00,nan
19:15.0,3.562150E+00,1.019893E+00,3.633011E+00,nan
19:16.0,3.562266E+00,1.019886E+00,3.633107E+00,nan
19:17.0,3.562370E+00,1.019888E+00,3.633218E+00,nan
19:18.0,3.562469E+00,1.019884E+00,3.633305E+00,nan
19:19.0,3.562571E+00,1.019892E+00,3.633436E+00,nan
19:20.0,3.562653E+00,1.019892E+00,3.633519E+00,nan
19:21.0,3.562759E+00,1.019893E+00,3.633632E+00,nan
19:22.0,3.562861E+00,1.019893E+00,3.633736E+00,nan
19:23.0,3.562957E+00,1.019894E+00,3.633839E+00,nan
19:24.0,3.563074E+00,1.019893E+00,3.633953E+00,nan
19:25.0,3.563165E+00,1.019894E+00,3.634051E+00,nan
19:26.0,3.563254E+00,1.019893E+00,3.634138E+00,nan
19:27.0,3.563361E+00,1.019898E+00,3.634264E+00,nan
19:28.0,3.563460E+00,1.019894E+00,3.634352E+00,nan
19:29.0,3.563547E+00,1.019898E+00,3.634453E+00,nan
19:30.0,3.563643E+00,1.019895E+00,3.634543E+00,nan
19:31.0,3.563765E+00,1.019889E+00,3.634645E+00,nan
19:32.0,3.563856E+00,1.019894E+00,3.634756E+00,nan
19:33.0,3.563965E+00,1.019895E+00,3.634872E+00,nan
19:34.0,3.564052E+00,1.019897E+00,3.634965E+00,nan
19:35.0,3.564176E+00,1.019895E+00,3.635086E+00,nan
19:36.0,3.564255E+00,1.019899E+00,3.635181E+00,nan
19:37.0,3.564347E+00,1.019894E+00,3.635256E+00,nan
19:38.0,3.564453E+00,1.019898E+00,3.635378E+00,nan
19:39.0,3.564555E+00,1.019904E+00,3.635504E+00,nan
19:40.0,3.564646E+00,1.019898E+00,3.635575E+00,nan
19:41.0,3.564755E+00,1.019905E+00,3.635713E+00,nan
19:42.0,3.564847E+00,1.019898E+00,3.635780E+00,nan
19:43.0,3.564949E+00,1.019900E+00,3.635893E+00,nan
19:44.0,3.565035E+00,1.019900E+00,3.635981E+00,nan
19:45.0,3.565167E+00,1.019904E+00,3.636128E+00,nan
19:46.0,3.565258E+00,1.019895E+00,3.636190E+00,nan
19:47.0,3.565347E+00,1.019890E+00,3.636263E+00,nan
19:48.0,3.565451E+00,1.019898E+00,3.636396E+00,nan
19:49.0,3.565551E+00,1.019885E+00,3.636452E+00,nan
19:50.0,3.565640E+00,1.019890E+00,3.636561E+00,nan
19:51.0,3.565754E+00,1.019886E+00,3.636664E+00,nan
19:52.0,3.565838E+00,1.019890E+00,3.636763E+00,nan
19:53.0,3.565942E+00,1.019894E+00,3.636883E+00,nan
19:54.0,3.566026E+00,1.019890E+00,3.636956E+00,nan
19:55.0,3.566170E+00,1.019894E+00,3.637116E+00,nan
19:56.0,3.566237E+00,1.019897E+00,3.637193E+00,nan
19:57.0,3.566308E+00,1.019893E+00,3.637252E+00,nan
19:58.0,3.566427E+00,1.019890E+00,3.637365E+00,nan
19:59.0,3.566517E+00,1.019892E+00,3.637460E+00,nan
20:00.0,3.566611E+00,1.019890E+00,3.637552E+00,nan
20:01.0,3.566715E+00,1.019894E+00,3.637671E+00,nan
20:02.0,3.566819E+00,1.019898E+00,3.637791E+00,nan
20:03.0,3.566905E+00,1.019886E+00,3.637839E+00,nan
20:04.0,3.567014E+00,1.019894E+00,3.637977E+00,nan
20:05.0,3.567121E+00,1.019895E+00,3.638090E+00,nan
20:06.0,3.567198E+00,1.019895E+00,3.638168E+00,nan
20:07.0,3.567312E+00,1.019890E+00,3.638266E+00,nan
20:08.0,3.567413E+00,1.019890E+00,3.638370E+00,nan
20:09.0,3.567497E+00,1.019895E+00,3.638474E+00,nan
20:10.0,3.567606E+00,1.019899E+00,3.638599E+00,nan
20:11.0,3.567705E+00,1.019898E+00,3.638695E+00,nan
20:12.0,3.567800E+00,1.019902E+00,3.638805E+00,nan
20:13.0,3.567901E+00,1.019895E+00,3.638886E+00,nan
20:14.0,3.568005E+00,1.019893E+00,3.638983E+00,nan
20:15.0,3.568112E+00,1.019889E+00,3.639078E+00,nan
20:16.0,3.568183E+00,1.019892E+00,3.639160E+00,nan
20:17.0,3.568300E+00,1.019892E+00,3.639279E+00,nan
20:18.0,3.568401E+00,1.019893E+00,3.639387E+00,nan
20:19.0,3.568498E+00,1.019889E+00,3.639472E+00,nan
20:20.0,3.568592E+00,1.019890E+00,3.639572E+00,nan
20:21.0,3.568713E+00,1.019885E+00,3.639678E+00,nan
20:22.0,3.568808E+00,1.019890E+00,3.639792E+00,nan
20:23.0,3.568936E+00,1.019897E+00,3.639946E+00,nan
20:24.0,3.568993E+00,1.019890E+00,3.639982E+00,nan
20:25.0,3.569105E+00,1.019892E+00,3.640100E+00,nan
20:26.0,3.569214E+00,1.019893E+00,3.640216E+00,nan
20:27.0,3.569276E+00,1.019897E+00,3.640292E+00,nan
20:28.0,3.569380E+00,1.019893E+00,3.640385E+00,nan
20:29.0,3.569496E+00,1.019886E+00,3.640481E+00,nan
20:30.0,3.569561E+00,1.019884E+00,3.640538E+00,nan
20:31.0,3.569677E+00,1.019889E+00,3.640674E+00,nan
20:32.0,3.569766E+00,1.019884E+00,3.640747E+00,nan
20:33.0,3.569858E+00,1.019884E+00,3.640841E+00,nan
20:34.0,3.569989E+00,1.019893E+00,3.641006E+00,nan
20:35.0,3.570096E+00,1.019894E+00,3.641119E+00,nan
20:36.0,3.570172E+00,1.019898E+00,3.641211E+00,nan
20:37.0,3.570274E+00,1.019895E+00,3.641306E+00,nan
20:38.0,3.570361E+00,1.019895E+00,3.641394E+00,nan
20:39.0,3.570487E+00,1.019894E+00,3.641519E+00,nan
20:40.0,3.570556E+00,1.019897E+00,3.641598E+00,nan
20:41.0,3.570685E+00,1.019894E+00,3.641721E+00,nan
20:42.0,3.570799E+00,1.019895E+00,3.641841E+00,nan
20:43.0,3.570886E+00,1.019893E+00,3.641921E+00,nan
20:44.0,3.570977E+00,1.019893E+00,3.642014E+00,nan
20:45.0,3.571069E+00,1.019898E+00,3.642125E+00,nan
20:46.0,3.571176E+00,1.019894E+00,3.642221E+00,nan
20:47.0,3.571257E+00,1.019897E+00,3.642313E+00,nan
20:48.0,3.571393E+00,1.019894E+00,3.642443E+00,nan
20:49.0,3.571463E+00,1.019902E+00,3.642541E+00,nan
20:50.0,3.571579E+00,1.019898E+00,3.642646E+00,nan
20:51.0,3.571691E+00,1.019897E+00,3.642755E+00,nan
20:52.0,3.571760E+00,1.019892E+00,3.642808E+00,nan
20:53.0,3.571877E+00,1.019895E+00,3.642940E+00,nan
20:54.0,3.571961E+00,1.019900E+00,3.643044E+00,nan
20:55.0,3.572060E+00,1.019904E+00,3.643159E+00,nan
20:56.0,3.572171E+00,1.019904E+00,3.643272E+00,nan
20:57.0,3.572236E+00,1.019892E+00,3.643293E+00,nan
20:58.0,3.572360E+00,1.019900E+00,3.643451E+00,nan
20:59.0,3.572469E+00,1.019892E+00,3.643530E+00,nan
21:00.0,3.572555E+00,1.019898E+00,3.643641E+00,nan
21:01.0,3.572664E+00,1.019894E+00,3.643739E+00,nan
21:02.0,3.572751E+00,1.019898E+00,3.643841E+00,nan
21:03.0,3.572862E+00,1.019897E+00,3.643950E+00,nan
21:04.0,3.572934E+00,1.019894E+00,3.644015E+00,nan
21:05.0,3.573053E+00,1.019897E+00,3.644145E+00,nan
21:06.0,3.573127E+00,1.019897E+00,3.644220E+00,nan
21:07.0,3.573216E+00,1.019893E+00,3.644298E+00,nan
21:08.0,3.573323E+00,1.019898E+00,3.644424E+00,nan
21:09.0,3.573435E+00,1.019895E+00,3.644529E+00,nan
21:10.0,3.573521E+00,1.019900E+00,3.644636E+00,nan
21:11.0,3.573610E+00,1.019899E+00,3.644722E+00,nan
21:12.0,3.573714E+00,1.019907E+00,3.644856E+00,nan
21:13.0,3.573794E+00,1.019902E+00,3.644918E+00,nan
21:14.0,3.573913E+00,1.019902E+00,3.645039E+00,nan
21:15.0,3.574019E+00,1.019900E+00,3.645144E+00,nan
21:16.0,3.574131E+00,1.019894E+00,3.645235E+00,nan
21:17.0,3.574212E+00,1.019894E+00,3.645318E+00,nan
21:18.0,3.574336E+00,1.019898E+00,3.645458E+00,nan
21:19.0,3.574418E+00,1.019894E+00,3.645528E+00,nan
21:20.0,3.574527E+00,1.019897E+00,3.645648E+00,nan
21:21.0,3.574614E+00,1.019897E+00,3.645736E+00,nan
21:22.0,3.574703E+00,1.019886E+00,3.645791E+00,nan
21:23.0,3.574789E+00,1.019899E+00,3.645924E+00,nan
21:24.0,3.574873E+00,1.019904E+00,3.646028E+00,nan
21:25.0,3.575000E+00,1.019894E+00,3.646121E+00,nan
21:26.0,3.575087E+00,1.019893E+00,3.646205E+00,nan
21:27.0,3.575198E+00,1.019892E+00,3.646314E+00,nan
21:28.0,3.575272E+00,1.019897E+00,3.646408E+00,nan
21:29.0,3.575354E+00,1.019897E+00,3.646492E+00,nan
21:30.0,3.575465E+00,1.019893E+00,3.646592E+00,nan
21:31.0,3.575550E+00,1.019890E+00,3.646669E+00,nan
21:32.0,3.575674E+00,1.019897E+00,3.646817E+00,nan
21:33.0,3.575758E+00,1.019886E+00,3.646867E+00,nan
21:34.0,3.575854E+00,1.019888E+00,3.646970E+00,nan
21:35.0,3.575953E+00,1.019895E+00,3.647098E+00,nan
21:36.0,3.576043E+00,1.019895E+00,3.647189E+00,nan
21:37.0,3.576147E+00,1.019895E+00,3.647295E+00,nan
21:38.0,3.576223E+00,1.019895E+00,3.647373E+00,nan
21:39.0,3.576323E+00,1.019900E+00,3.647493E+00,nan
21:40.0,3.576434E+00,1.019895E+00,3.647588E+00,nan
21:41.0,3.576523E+00,1.019893E+00,3.647670E+00,nan
21:42.0,3.576635E+00,1.019899E+00,3.647807E+00,nan
21:43.0,3.576726E+00,1.019900E+00,3.647905E+00,nan
21:44.0,3.576830E+00,1.019902E+00,3.648015E+00,nan
21:45.0,3.576887E+00,1.019895E+00,3.648051E+00,nan
21:46.0,3.577036E+00,1.019892E+00,3.648189E+00,nan
21:47.0,3.577110E+00,1.019889E+00,3.648255E+00,nan
21:48.0,3.577187E+00,1.019902E+00,3.648379E+00,nan
21:49.0,3.577293E+00,1.019892E+00,3.648451E+00,nan
21:50.0,3.577398E+00,1.019893E+00,3.648562E+00,nan
21:51.0,3.577472E+00,1.019892E+00,3.648633E+00,nan
21:52.0,3.577588E+00,1.019895E+00,3.648766E+00,nan
21:53.0,3.577675E+00,1.019893E+00,3.648845E+00,nan
21:54.0,3.577774E+00,1.019890E+00,3.648937E+00,nan
21:55.0,3.577881E+00,1.019881E+00,3.649014E+00,nan
21:56.0,3.577945E+00,1.019897E+00,3.649134E+00,nan
21:57.0,3.578056E+00,1.019888E+00,3.649216E+00,nan
21:58.0,3.578156E+00,1.019889E+00,3.649321E+00,nan
21:59.0,3.578277E+00,1.019890E+00,3.649450E+00,nan
22:00.0,3.578349E+00,1.019890E+00,3.649523E+00,nan
22:01.0,3.578450E+00,1.019890E+00,3.649627E+00,nan
22:02.0,3.578549E+00,1.019898E+00,3.649755E+00,nan
22:03.0,3.578624E+00,1.019895E+00,3.649821E+00,nan
22:04.0,3.578730E+00,1.019886E+00,3.649899E+00,nan
22:05.0,3.578829E+00,1.019897E+00,3.650036E+00,nan
22:06.0,3.578955E+00,1.019892E+00,3.650146E+00,nan
22:07.0,3.579022E+00,1.019900E+00,3.650247E+00,nan
22:08.0,3.579121E+00,1.019898E+00,3.650338E+00,nan
22:09.0,3.579221E+00,1.019895E+00,3.650430E+00,nan
22:10.0,3.579305E+00,1.019902E+00,3.650539E+00,nan
22:11.0,3.579416E+00,1.019898E+00,3.650639E+00,nan
22:12.0,3.579495E+00,1.019900E+00,3.650729E+00,nan
22:13.0,3.579622E+00,1.019897E+00,3.650844E+00,nan
22:14.0,3.579701E+00,1.019904E+00,3.650952E+00,nan
22:15.0,3.579820E+00,1.019900E+00,3.651060E+00,nan
22:16.0,3.579892E+00,1.019895E+00,3.651115E+00,nan
22:17.0,3.579956E+00,1.019902E+00,3.651203E+00,nan
22:18.0,3.580075E+00,1.019899E+00,3.651315E+00,nan
22:19.0,3.580159E+00,1.019902E+00,3.651410E+00,nan
22:20.0,3.580268E+00,1.019905E+00,3.651535E+00,nan
22:21.0,3.580355E+00,1.019899E+00,3.651601E+00,nan
22:22.0,3.580476E+00,1.019904E+00,3.651743E+00,nan
22:23.0,3.580553E+00,1.019895E+00,3.651789E+00,nan
22:24.0,3.580652E+00,1.019905E+00,3.651927E+00,nan
22:25.0,3.580726E+00,1.019904E+00,3.651998E+00,nan
22:26.0,3.580848E+00,1.019904E+00,3.652121E+00,nan
22:27.0,3.580925E+00,1.019895E+00,3.652168E+00,nan
22:28.0,3.581016E+00,1.019908E+00,3.652307E+00,nan
22:29.0,3.581110E+00,1.019907E+00,3.652399E+00,nan
22:30.0,3.581204E+00,1.019912E+00,3.652513E+00,nan
22:31.0,3.581296E+00,1.019905E+00,3.652584E+00,nan
22:32.0,3.581375E+00,1.019909E+00,3.652678E+00,nan
22:33.0,3.581465E+00,1.019899E+00,3.652733E+00,nan
22:34.0,3.581571E+00,1.019900E+00,3.652846E+00,nan
22:35.0,3.581660E+00,1.019898E+00,3.652927E+00,nan
22:36.0,3.581769E+00,1.019903E+00,3.653057E+00,nan
22:37.0,3.581873E+00,1.019903E+00,3.653163E+00,nan
22:38.0,3.581953E+00,1.019902E+00,3.653239E+00,nan
22:39.0,3.582059E+00,1.019905E+00,3.653361E+00,nan
22:40.0,3.582128E+00,1.019903E+00,3.653423E+00,nan
22:41.0,3.582237E+00,1.019903E+00,3.653534E+00,nan
22:42.0,3.582329E+00,1.019904E+00,3.653632E+00,nan
22:43.0,3.582403E+00,1.019897E+00,3.653681E+00,nan
22:44.0,3.582510E+00,1.019894E+00,3.653781E+00,nan
22:45.0,3.582604E+00,1.019890E+00,3.653863E+00,nan
22:46.0,3.582691E+00,1.019897E+00,3.653974E+00,nan
22:47.0,3.582780E+00,1.019900E+00,3.654079E+00,nan
22:48.0,3.582881E+00,1.019905E+00,3.654200E+00,nan
22:49.0,3.582985E+00,1.019903E+00,3.654297E+00,nan
22:50.0,3.583082E+00,1.019898E+00,3.654377E+00,nan
22:51.0,3.583179E+00,1.019902E+00,3.654490E+00,nan
22:52.0,3.583268E+00,1.019900E+00,3.654576E+00,nan
22:53.0,3.583359E+00,1.019898E+00,3.654661E+00,nan
22:54.0,3.583444E+00,1.019909E+00,3.654787E+00,nan
22:55.0,3.583538E+00,1.019894E+00,3.654829E+00,nan
22:56.0,3.583629E+00,1.019897E+00,3.654932E+00,nan
22:57.0,3.583729E+00,1.019905E+00,3.655064E+00,nan
22:58.0,3.583781E+00,1.019902E+00,3.655104E+00,nan
22:59.0,3.583919E+00,1.019895E+00,3.655222E+00,nan
23:00.0,3.584011E+00,1.019894E+00,3.655312E+00,nan
23:01.0,3.584075E+00,1.019894E+00,3.655377E+00,nan
23:02.0,3.584179E+00,1.019898E+00,3.655497E+00,nan
23:03.0,3.584276E+00,1.019894E+00,3.655582E+00,nan
23:04.0,3.584390E+00,1.019889E+00,3.655680E+00,nan
23:05.0,3.584471E+00,1.019890E+00,3.655768E+00,nan
23:06.0,3.584573E+00,1.019889E+00,3.655867E+00,nan
23:07.0,3.584652E+00,1.019892E+00,3.655957E+00,nan
23:08.0,3.584761E+00,1.019902E+00,3.656104E+00,nan
23:09.0,3.584851E+00,1.019904E+00,3.656204E+00,nan
23:10.0,3.584967E+00,1.019898E+00,3.656300E+00,nan
23:11.0,3.585058E+00,1.019899E+00,3.656398E+00,nan
23:12.0,3.585143E+00,1.019902E+00,3.656493E+00,nan
23:13.0,3.585224E+00,1.019905E+00,3.656590E+00,nan
23:14.0,3.585301E+00,1.019904E+00,3.656663E+00,nan
23:15.0,3.585418E+00,1.019903E+00,3.656778E+00,nan
23:16.0,3.585502E+00,1.019903E+00,3.656864E+00,nan
23:17.0,3.585606E+00,1.019898E+00,3.656952E+00,nan
23:18.0,3.585668E+00,1.019902E+00,3.657028E+00,nan
23:19.0,3.585797E+00,1.019904E+00,3.657169E+00,nan
23:20.0,3.585871E+00,1.019904E+00,3.657245E+00,nan
23:21.0,3.585980E+00,1.019895E+00,3.657324E+00,nan
23:22.0,3.586062E+00,1.019895E+00,3.657408E+00,nan
23:23.0,3.586153E+00,1.019894E+00,3.657497E+00,nan
23:24.0,3.586257E+00,1.019904E+00,3.657639E+00,nan
23:25.0,3.586339E+00,1.019905E+00,3.657727E+00,nan
23:26.0,3.586456E+00,1.019897E+00,3.657814E+00,nan
23:27.0,3.586535E+00,1.019895E+00,3.657890E+00,nan
23:28.0,3.586673E+00,1.019899E+00,3.658045E+00,nan
23:29.0,3.586760E+00,1.019904E+00,3.658151E+00,nan
23:30.0,3.586802E+00,1.019900E+00,3.658181E+00,nan
23:31.0,3.586901E+00,1.019902E+00,3.658287E+00,nan
23:32.0,3.587025E+00,1.019899E+00,3.658404E+00,nan
23:33.0,3.587077E+00,1.019903E+00,3.658471E+00,nan
23:34.0,3.587174E+00,1.019904E+00,3.658573E+00,nan
23:35.0,3.587300E+00,1.019908E+00,3.658716E+00,nan
23:36.0,3.587369E+00,1.019908E+00,3.658787E+00,nan
23:37.0,3.587459E+00,1.019894E+00,3.658828E+00,nan
23:38.0,3.587563E+00,1.019898E+00,3.658947E+00,nan
23:39.0,3.587642E+00,1.019897E+00,3.659024E+00,nan
23:40.0,3.587736E+00,1.019903E+00,3.659143E+00,nan
23:41.0,3.587852E+00,1.019903E+00,3.659261E+00,nan
23:42.0,3.587937E+00,1.019904E+00,3.659351E+00,nan
23:43.0,3.588031E+00,1.019899E+00,3.659430E+00,nan
23:44.0,3.588125E+00,1.019900E+00,3.659530E+00,nan
23:45.0,3.588219E+00,1.019908E+00,3.659653E+00,nan
23:46.0,3.588318E+00,1.019902E+00,3.659732E+00,nan
23:47.0,3.588432E+00,1.019902E+00,3.659848E+00,nan
23:48.0,3.588479E+00,1.019905E+00,3.659909E+00,nan
23:49.0,3.588598E+00,1.019912E+00,3.660053E+00,nan
23:50.0,3.588677E+00,1.019900E+00,3.660093E+00,nan
23:51.0,3.588791E+00,1.019900E+00,3.660210E+00,nan
23:52.0,3.588853E+00,1.019897E+00,3.660259E+00,nan
23:53.0,3.588935E+00,1.019902E+00,3.660361E+00,nan
23:54.0,3.589039E+00,1.019905E+00,3.660480E+00,nan
23:55.0,3.589140E+00,1.019903E+00,3.660575E+00,nan
23:56.0,3.589220E+00,1.019900E+00,3.660647E+00,nan
23:57.0,3.589304E+00,1.019899E+00,3.660728E+00,nan
23:58.0,3.589420E+00,1.019904E+00,3.660865E+00,nan
23:59.0,3.589500E+00,1.019908E+00,3.660959E+00,nan
24:00.0,3.589589E+00,1.019905E+00,3.661041E+00,nan
24:01.0,3.589680E+00,1.019902E+00,3.661121E+00,nan
24:02.0,3.589792E+00,1.019904E+00,3.661243E+00,nan
24:03.0,3.589881E+00,1.019907E+00,3.661344E+00,nan
24:04.0,3.589968E+00,1.019908E+00,3.661437E+00,nan
24:05.0,3.590062E+00,1.019908E+00,3.661533E+00,nan
24:06.0,3.590168E+00,1.019907E+00,3.661637E+00,nan
24:07.0,3.590267E+00,1.019899E+00,3.661711E+00,nan
24:08.0,3.590352E+00,1.019900E+00,3.661801E+00,nan
24:09.0,3.590466E+00,1.019898E+00,3.661908E+00,nan
24:10.0,3.590537E+00,1.019895E+00,3.661972E+00,nan
24:11.0,3.590631E+00,1.019898E+00,3.662077E+00,nan
24:12.0,3.590728E+00,1.019894E+00,3.662162E+00,nan
24:13.0,3.590835E+00,1.019898E+00,3.662284E+00,nan
24:14.0,3.590902E+00,1.019897E+00,3.662348E+00,nan
24:15.0,3.591003E+00,1.019895E+00,3.662447E+00,nan
24:16.0,3.591082E+00,1.019893E+00,3.662519E+00,nan
24:17.0,3.591194E+00,1.019890E+00,3.662624E+00,nan
24:18.0,3.591261E+00,1.019897E+00,3.662715E+00,nan
24:19.0,3.591377E+00,1.019900E+00,3.662847E+00,nan
24:20.0,3.591461E+00,1.019895E+00,3.662914E+00,nan
24:21.0,3.591548E+00,1.019895E+00,3.663003E+00,nan
24:22.0,3.591669E+00,1.019904E+00,3.663158E+00,nan
24:23.0,3.591756E+00,1.019902E+00,3.663238E+00,nan
24:24.0,3.591855E+00,1.019893E+00,3.663307E+00,nan
24:25.0,3.591917E+00,1.019895E+00,3.663379E+00,nan
24:26.0,3.592043E+00,1.019892E+00,3.663495E+00,nan
24:27.0,3.592113E+00,1.019890E+00,3.663561E+00,nan
24:28.0,3.592214E+00,1.019893E+00,3.663674E+00,nan
24:29.0,3.592291E+00,1.019897E+00,3.663766E+00,nan
24:30.0,3.592400E+00,1.019895E+00,3.663872E+00,nan
24:31.0,3.592509E+00,1.019898E+00,3.663992E+00,nan
24:32.0,3.592583E+00,1.019898E+00,3.664068E+00,nan
24:33.0,3.592675E+00,1.019890E+00,3.664134E+00,nan
24:34.0,3.592777E+00,1.019899E+00,3.664270E+00,nan
24:35.0,3.592873E+00,1.019900E+00,3.664373E+00,nan
24:36.0,3.592947E+00,1.019899E+00,3.664444E+00,nan
24:37.0,3.593029E+00,1.019908E+00,3.664559E+00,nan
24:38.0,3.593148E+00,1.019905E+00,3.664671E+00,nan
24:39.0,3.593212E+00,1.019904E+00,3.664732E+00,nan
24:40.0,3.593321E+00,1.019905E+00,3.664848E+00,nan
24:41.0,3.593421E+00,1.019889E+00,3.664890E+00,nan
24:42.0,3.593510E+00,1.019893E+00,3.664995E+00,nan
24:43.0,3.593626E+00,1.019899E+00,3.665136E+00,nan
24:44.0,3.593703E+00,1.019892E+00,3.665187E+00,nan
24:45.0,3.593777E+00,1.019903E+00,3.665304E+00,nan
24:46.0,3.593866E+00,1.019899E+00,3.665381E+00,nan
24:47.0,3.593958E+00,1.019899E+00,3.665475E+00,nan
24:48.0,3.594079E+00,1.019902E+00,3.665607E+00,nan
24:49.0,3.594161E+00,1.019903E+00,3.665695E+00,nan
24:50.0,3.594265E+00,1.019913E+00,3.665838E+00,nan
24:51.0,3.594364E+00,1.019919E+00,3.665962E+00,nan
24:52.0,3.594426E+00,1.019908E+00,3.665984E+00,nan
24:53.0,3.594545E+00,1.019904E+00,3.666091E+00,nan
24:54.0,3.594634E+00,1.019907E+00,3.666192E+00,nan
24:55.0,3.594721E+00,1.019908E+00,3.666284E+00,nan
24:56.0,3.594808E+00,1.019907E+00,3.666369E+00,nan
24:57.0,3.594887E+00,1.019903E+00,3.666436E+00,nan
24:58.0,3.595006E+00,1.019902E+00,3.666552E+00,nan
24:59.0,3.595093E+00,1.019897E+00,3.666623E+00,nan
25:00.0,3.595177E+00,1.019899E+00,3.666718E+00,nan
25:01.0,3.595268E+00,1.019903E+00,3.666825E+00,nan
25:02.0,3.595357E+00,1.019902E+00,3.666911E+00,nan
25:03.0,3.595437E+00,1.019904E+00,3.667001E+00,nan
25:04.0,3.595543E+00,1.019904E+00,3.667109E+00,nan
25:05.0,3.595645E+00,1.019894E+00,3.667177E+00,nan
25:06.0,3.595719E+00,1.019902E+00,3.667280E+00,nan
25:07.0,3.595811E+00,1.019904E+00,3.667382E+00,nan
25:08.0,3.595895E+00,1.019898E+00,3.667445E+00,nan
25:09.0,3.596019E+00,1.019903E+00,3.667590E+00,nan
25:10.0,3.596098E+00,1.019900E+00,3.667662E+00,nan
25:11.0,3.596160E+00,1.019899E+00,3.667720E+00,nan
25:12.0,3.596279E+00,1.019903E+00,3.667855E+00,nan
25:13.0,3.596358E+00,1.019899E+00,3.667922E+00,nan
25:14.0,3.596467E+00,1.019908E+00,3.668065E+00,nan
25:15.0,3.596564E+00,1.019897E+00,3.668123E+00,nan
25:16.0,3.596636E+00,1.019902E+00,3.668215E+00,nan
25:17.0,3.596727E+00,1.019903E+00,3.668313E+00,nan
25:18.0,3.596831E+00,1.019899E+00,3.668405E+00,nan
25:19.0,3.596920E+00,1.019893E+00,3.668473E+00,nan
25:20.0,3.597012E+00,1.019900E+00,3.668594E+00,nan
25:21.0,3.597079E+00,1.019902E+00,3.668667E+00,nan
25:22.0,3.597171E+00,1.019903E+00,3.668765E+00,nan
25:23.0,3.597275E+00,1.019898E+00,3.668852E+00,nan
25:24.0,3.597364E+00,1.019895E+00,3.668934E+00,nan
25:25.0,3.597453E+00,1.019898E+00,3.669034E+00,nan
25:26.0,3.597592E+00,1.019903E+00,3.669194E+00,nan
25:27.0,3.597658E+00,1.019898E+00,3.669244E+00,nan
25:28.0,3.597753E+00,1.019903E+00,3.669358E+00,nan
25:29.0,3.597810E+00,1.019899E+00,3.669403E+00,nan
25:30.0,3.597921E+00,1.019894E+00,3.669499E+00,nan
25:31.0,3.598018E+00,1.019897E+00,3.669606E+00,nan
25:32.0,3.598114E+00,1.019899E+00,3.669714E+00,nan
25:33.0,3.598216E+00,1.019903E+00,3.669831E+00,nan
25:34.0,3.598290E+00,1.019902E+00,3.669902E+00,nan
25:35.0,3.598387E+00,1.019904E+00,3.670010E+00,nan
25:36.0,3.598473E+00,1.019902E+00,3.670089E+00,nan
25:37.0,3.598580E+00,1.019898E+00,3.670184E+00,nan
25:38.0,3.598649E+00,1.019899E+00,3.670259E+00,nan
25:39.0,3.598768E+00,1.019895E+00,3.670367E+00,nan
25:40.0,3.598872E+00,1.019898E+00,3.670482E+00,nan
25:41.0,3.598947E+00,1.019892E+00,3.670535E+00,nan
25:42.0,3.599046E+00,1.019895E+00,3.670650E+00,nan
25:43.0,3.599130E+00,1.019890E+00,3.670717E+00,nan
25:44.0,3.599211E+00,1.019898E+00,3.670828E+00,nan
25:45.0,3.599313E+00,1.019900E+00,3.670941E+00,nan
25:46.0,3.599382E+00,1.019904E+00,3.671025E+00,nan
25:47.0,3.599519E+00,1.019904E+00,3.671164E+00,nan
25:48.0,3.599581E+00,1.019902E+00,3.671218E+00,nan
25:49.0,3.599675E+00,1.019907E+00,3.671333E+00,nan
25:50.0,3.599779E+00,1.019900E+00,3.671416E+00,nan
25:51.0,3.599868E+00,1.019894E+00,3.671484E+00,nan
25:52.0,3.599979E+00,1.019895E+00,3.671602E+00,nan
25:53.0,3.600056E+00,1.019898E+00,3.671689E+00,nan
25:54.0,3.600140E+00,1.019897E+00,3.671771E+00,nan
25:55.0,3.600212E+00,1.019899E+00,3.671853E+00,nan
25:56.0,3.600356E+00,1.019902E+00,3.672009E+00,nan
25:57.0,3.600440E+00,1.019902E+00,3.672095E+00,nan
25:58.0,3.600514E+00,1.019904E+00,3.672180E+00,nan
25:59.0,3.600611E+00,1.019907E+00,3.672287E+00,nan
26:00.0,3.600737E+00,1.019909E+00,3.672425E+00,nan
26:01.0,3.600799E+00,1.019902E+00,3.672461E+00,nan
26:02.0,3.600883E+00,1.019909E+00,3.672574E+00,nan
26:03.0,3.600987E+00,1.019900E+00,3.672649E+00,nan
26:04.0,3.601059E+00,1.019905E+00,3.672740E+00,nan
26:05.0,3.601176E+00,1.019903E+00,3.672850E+00,nan
26:06.0,3.601243E+00,1.019905E+00,3.672927E+00,nan
26:07.0,3.601346E+00,1.019905E+00,3.673033E+00,nan
26:08.0,3.601436E+00,1.019899E+00,3.673101E+00,nan
26:09.0,3.601520E+00,1.019897E+00,3.673178E+00,nan
26:10.0,3.601636E+00,1.019894E+00,3.673288E+00,nan
26:11.0,3.601726E+00,1.019907E+00,3.673424E+00,nan
26:12.0,3.601802E+00,1.019902E+00,3.673484E+00,nan
26:13.0,3.601901E+00,1.019902E+00,3.673585E+00,nan
26:14.0,3.601986E+00,1.019902E+00,3.673671E+00,nan
26:15.0,3.602060E+00,1.019900E+00,3.673742E+00,nan
26:16.0,3.602159E+00,1.019911E+00,3.673880E+00,nan
26:17.0,3.602275E+00,1.019898E+00,3.673953E+00,nan
26:18.0,3.602362E+00,1.019903E+00,3.674060E+00,nan
26:19.0,3.602436E+00,1.019907E+00,3.674149E+00,nan
26:20.0,3.602565E+00,1.019898E+00,3.674248E+00,nan
26:21.0,3.602657E+00,1.019909E+00,3.674383E+00,nan
26:22.0,3.602719E+00,1.019900E+00,3.674415E+00,nan
26:23.0,3.602815E+00,1.019908E+00,3.674540E+00,nan
26:24.0,3.602897E+00,1.019902E+00,3.674601E+00,nan
26:25.0,3.603004E+00,1.019900E+00,3.674705E+00,nan
26:26.0,3.603068E+00,1.019909E+00,3.674803E+00,nan
26:27.0,3.603165E+00,1.019899E+00,3.674865E+00,nan
26:28.0,3.603274E+00,1.019903E+00,3.674989E+00,nan
26:29.0,3.603348E+00,1.019899E+00,3.675051E+00,nan
26:30.0,3.603449E+00,1.019905E+00,3.675178E+00,nan
26:31.0,3.603529E+00,1.019899E+00,3.675236E+00,nan
26:32.0,3.603630E+00,1.019905E+00,3.675362E+00,nan
26:33.0,3.603752E+00,1.019900E+00,3.675468E+00,nan
26:34.0,3.603838E+00,1.019898E+00,3.675547E+00,nan
26:35.0,3.603940E+00,1.019898E+00,3.675650E+00,nan
26:36.0,3.604014E+00,1.019905E+00,3.675754E+00,nan
26:37.0,3.604121E+00,1.019899E+00,3.675840E+00,nan
26:38.0,3.604200E+00,1.019894E+00,3.675902E+00,nan
26:39.0,3.604296E+00,1.019892E+00,3.675991E+00,nan
26:40.0,3.604393E+00,1.019899E+00,3.676118E+00,nan
26:41.0,3.604460E+00,1.019892E+00,3.676158E+00,nan
26:42.0,3.604539E+00,1.019898E+00,3.676262E+00,nan
26:43.0,3.604633E+00,1.019897E+00,3.676353E+00,nan
26:44.0,3.604735E+00,1.019895E+00,3.676452E+00,nan
26:45.0,3.604839E+00,1.019892E+00,3.676545E+00,nan
26:46.0,3.604916E+00,1.019898E+00,3.676646E+00,nan
26:47.0,3.605012E+00,1.019899E+00,3.676749E+00,nan
26:48.0,3.605104E+00,1.019898E+00,3.676838E+00,nan
26:49.0,3.605191E+00,1.019900E+00,3.676936E+00,nan
26:50.0,3.605295E+00,1.019900E+00,3.677042E+00,nan
26:51.0,3.605357E+00,1.019897E+00,3.677091E+00,nan
26:52.0,3.605466E+00,1.019903E+00,3.677225E+00,nan
26:53.0,3.605585E+00,1.019902E+00,3.677342E+00,nan
26:54.0,3.605646E+00,1.019903E+00,3.677409E+00,nan
26:55.0,3.605743E+00,1.019905E+00,3.677517E+00,nan
26:56.0,3.605800E+00,1.019898E+00,3.677547E+00,nan
26:57.0,3.605901E+00,1.019902E+00,3.677665E+00,nan
26:58.0,3.605981E+00,1.019900E+00,3.677741E+00,nan
26:59.0,3.606110E+00,1.019899E+00,3.677868E+00,nan
27:00.0,3.606191E+00,1.019898E+00,3.677947E+00,nan
27:01.0,3.606276E+00,1.019895E+00,3.678024E+00,nan
27:02.0,3.606370E+00,1.019900E+00,3.678138E+00,nan
27:03.0,3.606452E+00,1.019900E+00,3.678221E+00,nan
27:04.0,3.606555E+00,1.019899E+00,3.678323E+00,nan
27:05.0,3.606622E+00,1.019903E+00,3.678405E+00,nan
27:06.0,3.606726E+00,1.019899E+00,3.678497E+00,nan
27:07.0,3.606811E+00,1.019899E+00,3.678583E+00,nan
27:08.0,3.606895E+00,1.019897E+00,3.678660E+00,nan
27:09.0,3.606979E+00,1.019909E+00,3.678791E+00,nan
27:10.0,3.607095E+00,1.019907E+00,3.678901E+00,nan
27:11.0,3.607162E+00,1.019898E+00,3.678937E+00,nan
27:12.0,3.607274E+00,1.019897E+00,3.679046E+00,nan
27:13.0,3.607346E+00,1.019893E+00,3.679106E+00,nan
27:14.0,3.607450E+00,1.019898E+00,3.679230E+00,nan
27:15.0,3.607522E+00,1.019893E+00,3.679285E+00,nan
27:16.0,3.607623E+00,1.019894E+00,3.679394E+00,nan
27:17.0,3.607695E+00,1.019897E+00,3.679476E+00,nan
27:18.0,3.607814E+00,1.019898E+00,3.679601E+00,nan
27:19.0,3.607898E+00,1.019885E+00,3.679642E+00,nan
27:20.0,3.607997E+00,1.019897E+00,3.679784E+00,nan
27:21.0,3.608081E+00,1.019894E+00,3.679861E+00,nan
27:22.0,3.608150E+00,1.019898E+00,3.679945E+00,nan
27:23.0,3.608255E+00,1.019899E+00,3.680056E+00,nan
27:24.0,3.608341E+00,1.019902E+00,3.680153E+00,nan
27:25.0,3.608428E+00,1.019904E+00,3.680251E+00,nan
27:26.0,3.608515E+00,1.019902E+00,3.680330E+00,nan
27:27.0,3.608611E+00,1.019907E+00,3.680447E+00,nan
27:28.0,3.608720E+00,1.019898E+00,3.680526E+00,nan
27:29.0,3.608799E+00,1.019898E+00,3.680607E+00,nan
27:30.0,3.608894E+00,1.019894E+00,3.680689E+00,nan
27:31.0,3.608980E+00,1.019900E+00,3.680801E+00,nan
27:32.0,3.609060E+00,1.019899E+00,3.680877E+00,nan
27:33.0,3.609149E+00,1.019899E+00,3.680968E+00,nan
27:34.0,3.609226E+00,1.019904E+00,3.681064E+00,nan
27:35.0,3.609339E+00,1.019897E+00,3.681153E+00,nan
27:36.0,3.609434E+00,1.019900E+00,3.681263E+00,nan
27:37.0,3.609535E+00,1.019900E+00,3.681367E+00,nan
27:38.0,3.609587E+00,1.019894E+00,3.681397E+00,nan
27:39.0,3.609671E+00,1.019898E+00,3.681496E+00,nan
27:40.0,3.609778E+00,1.019898E+00,3.681605E+00,nan
27:41.0,3.609847E+00,1.019900E+00,3.681685E+00,nan
27:42.0,3.609944E+00,1.019894E+00,3.681761E+00,nan
27:43.0,3.610040E+00,1.019892E+00,3.681850E+00,nan
27:44.0,3.610122E+00,1.019895E+00,3.681947E+00,nan
27:45.0,3.610219E+00,1.019899E+00,3.682059E+00,nan
27:46.0,3.610308E+00,1.019898E+00,3.682145E+00,nan
27:47.0,3.610385E+00,1.019897E+00,3.682219E+00,nan
27:48.0,3.610504E+00,1.019895E+00,3.682336E+00,nan
27:49.0,3.610578E+00,1.019892E+00,3.682398E+00,nan
27:50.0,3.610679E+00,1.019903E+00,3.682543E+00,nan
27:51.0,3.610746E+00,1.019898E+00,3.682592E+00,nan
27:52.0,3.610855E+00,1.019894E+00,3.682690E+00,nan
27:53.0,3.610952E+00,1.019905E+00,3.682830E+00,nan
27:54.0,3.611044E+00,1.019905E+00,3.682923E+00,nan
27:55.0,3.611138E+00,1.019900E+00,3.683001E+00,nan
27:56.0,3.611214E+00,1.019898E+00,3.683070E+00,nan
27:57.0,3.611294E+00,1.019899E+00,3.683155E+00,nan
27:58.0,3.611405E+00,1.019894E+00,3.683251E+00,nan
27:59.0,3.611470E+00,1.019893E+00,3.683312E+00,nan
28:00.0,3.611571E+00,1.019902E+00,3.683447E+00,nan
28:01.0,3.611688E+00,1.019903E+00,3.683571E+00,nan
28:02.0,3.611754E+00,1.019888E+00,3.683584E+00,nan
28:03.0,3.611819E+00,1.019889E+00,3.683654E+00,nan
28:04.0,3.611898E+00,1.019894E+00,3.683754E+00,nan
28:05.0,3.612022E+00,1.019884E+00,3.683843E+00,nan
28:06.0,3.612089E+00,1.019892E+00,3.683939E+00,nan
28:07.0,3.612183E+00,1.019894E+00,3.684044E+00,nan
28:08.0,3.612257E+00,1.019895E+00,3.684124E+00,nan
28:09.0,3.612324E+00,1.019892E+00,3.684179E+00,nan
28:10.0,3.612441E+00,1.019893E+00,3.684302E+00,nan
28:11.0,3.612515E+00,1.019892E+00,3.684373E+00,nan
28:12.0,3.612587E+00,1.019889E+00,3.684437E+00,nan
28:13.0,3.612676E+00,1.019890E+00,3.684533E+00,nan
28:14.0,3.612802E+00,1.019893E+00,3.684671E+00,nan
28:15.0,3.612884E+00,1.019893E+00,3.684754E+00,nan
28:16.0,3.612948E+00,1.019899E+00,3.684843E+00,nan
28:17.0,3.613052E+00,1.019902E+00,3.684958E+00,nan
28:18.0,3.613137E+00,1.019905E+00,3.685058E+00,nan
28:19.0,3.613226E+00,1.019902E+00,3.685135E+00,nan
28:20.0,3.613300E+00,1.019892E+00,3.685174E+00,nan
28:21.0,3.613394E+00,1.019897E+00,3.685289E+00,nan
28:22.0,3.613481E+00,1.019895E+00,3.685372E+00,nan
28:23.0,3.613575E+00,1.019900E+00,3.685487E+00,nan
28:24.0,3.613652E+00,1.019895E+00,3.685546E+00,nan
28:25.0,3.613729E+00,1.019897E+00,3.685630E+00,nan
28:26.0,3.613808E+00,1.019902E+00,3.685729E+00,nan
28:27.0,3.613914E+00,1.019893E+00,3.685805E+00,nan
28:28.0,3.614016E+00,1.019899E+00,3.685932E+00,nan
28:29.0,3.614103E+00,1.019895E+00,3.686006E+00,nan
28:30.0,3.614187E+00,1.019900E+00,3.686111E+00,nan
28:31.0,3.614266E+00,1.019895E+00,3.686173E+00,nan
28:32.0,3.614350E+00,1.019899E+00,3.686273E+00,nan
28:33.0,3.614437E+00,1.019898E+00,3.686356E+00,nan
28:34.0,3.614529E+00,1.019898E+00,3.686450E+00,nan
28:35.0,3.614598E+00,1.019902E+00,3.686534E+00,nan
28:36.0,3.614680E+00,1.019905E+00,3.686631E+00,nan
28:37.0,3.614776E+00,1.019897E+00,3.686698E+00,nan
28:38.0,3.614861E+00,1.019902E+00,3.686802E+00,nan
28:39.0,3.614962E+00,1.019894E+00,3.686879E+00,nan
28:40.0,3.615026E+00,1.019899E+00,3.686962E+00,nan
28:41.0,3.615101E+00,1.019902E+00,3.687047E+00,nan
28:42.0,3.615195E+00,1.019894E+00,3.687116E+00,nan
28:43.0,3.615287E+00,1.019902E+00,3.687237E+00,nan
28:44.0,3.615363E+00,1.019898E+00,3.687301E+00,nan
28:45.0,3.615472E+00,1.019890E+00,3.687385E+00,nan
28:46.0,3.615584E+00,1.019899E+00,3.687531E+00,nan
28:47.0,3.615633E+00,1.019904E+00,3.687599E+00,nan
28:48.0,3.615717E+00,1.019892E+00,3.687639E+00,nan
28:49.0,3.615794E+00,1.019890E+00,3.687713E+00,nan
28:50.0,3.615896E+00,1.019899E+00,3.687849E+00,nan
28:51.0,3.616010E+00,1.019900E+00,3.687970E+00,nan
28:52.0,3.616064E+00,1.019900E+00,3.688026E+00,nan
28:53.0,3.616171E+00,1.019893E+00,3.688106E+00,nan
28:54.0,3.616230E+00,1.019907E+00,3.688218E+00,nan
28:55.0,3.616324E+00,1.019907E+00,3.688314E+00,nan
28:56.0,3.616414E+00,1.019895E+00,3.688363E+00,nan
28:57.0,3.616503E+00,1.019894E+00,3.688450E+00,nan
28:58.0,3.616572E+00,1.019895E+00,3.688525E+00,nan
28:59.0,3.616659E+00,1.019903E+00,3.688641E+00,nan
29:00.0,3.616726E+00,1.019895E+00,3.688682E+00,nan
29:01.0,3.616820E+00,1.019890E+00,3.688759E+00,nan
29:02.0,3.616904E+00,1.019893E+00,3.688854E+00,nan
29:03.0,3.617003E+00,1.019894E+00,3.688960E+00,nan
29:04.0,3.617077E+00,1.019900E+00,3.689059E+00,nan
29:05.0,3.617194E+00,1.019888E+00,3.689132E+00,nan
29:06.0,3.617258E+00,1.019902E+00,3.689247E+00,nan
29:07.0,3.617320E+00,1.019897E+00,3.689293E+00,nan
29:08.0,3.617417E+00,1.019895E+00,3.689386E+00,nan
29:09.0,3.617511E+00,1.019895E+00,3.689482E+00,nan
29:10.0,3.617595E+00,1.019894E+00,3.689564E+00,nan
29:11.0,3.617672E+00,1.019892E+00,3.689633E+00,nan
29:12.0,3.617754E+00,1.019895E+00,3.689730E+00,nan
29:13.0,3.617835E+00,1.019898E+00,3.689822E+00,nan
29:14.0,3.617944E+00,1.019907E+00,3.689966E+00,nan
29:15.0,3.617989E+00,1.019899E+00,3.689984E+00,nan
29:16.0,3.618083E+00,1.019900E+00,3.690084E+00,nan
29:17.0,3.618177E+00,1.019900E+00,3.690180E+00,nan
29:18.0,3.618266E+00,1.019897E+00,3.690257E+00,nan
29:19.0,3.618331E+00,1.019895E+00,3.690319E+00,nan
29:20.0,3.618417E+00,1.019895E+00,3.690407E+00,nan
29:21.0,3.618489E+00,1.019898E+00,3.690489E+00,nan
29:22.0,3.618578E+00,1.019895E+00,3.690571E+00,nan
29:23.0,3.618660E+00,1.019899E+00,3.690668E+00,nan
29:24.0,3.618749E+00,1.019902E+00,3.690768E+00,nan
29:25.0,3.618821E+00,1.019902E+00,3.690842E+00,nan
29:26.0,3.618905E+00,1.019897E+00,3.690909E+00,nan
29:27.0,3.618972E+00,1.019895E+00,3.690973E+00,nan
29:28.0,3.619074E+00,1.019897E+00,3.691081E+00,nan
29:29.0,3.619155E+00,1.019893E+00,3.691151E+00,nan
29:30.0,3.619245E+00,1.019892E+00,3.691237E+00,nan
29:31.0,3.619319E+00,1.019893E+00,3.691317E+00,nan
29:32.0,3.619386E+00,1.019894E+00,3.691390E+00,nan
29:33.0,3.619522E+00,1.019895E+00,3.691534E+00,nan
29:34.0,3.619564E+00,1.019893E+00,3.691567E+00,nan
29:35.0,3.619648E+00,1.019885E+00,3.691626E+00,nan
29:36.0,3.619725E+00,1.019897E+00,3.691745E+00,nan
29:37.0,3.619814E+00,1.019895E+00,3.691832E+00,nan
29:38.0,3.619876E+00,1.019885E+00,3.691858E+00,nan
29:39.0,3.619965E+00,1.019898E+00,3.691995E+00,nan
29:40.0,3.620052E+00,1.019894E+00,3.692070E+00,nan
29:41.0,3.620126E+00,1.019898E+00,3.692159E+00,nan
29:42.0,3.620215E+00,1.019897E+00,3.692245E+00,nan
29:43.0,3.620287E+00,1.019894E+00,3.692310E+00,nan
29:44.0,3.620367E+00,1.019890E+00,3.692377E+00,nan
29:45.0,3.620468E+00,1.019898E+00,3.692508E+00,nan
29:46.0,3.620587E+00,1.019895E+00,3.692620E+00,nan
29:47.0,3.620622E+00,1.019892E+00,3.692641E+00,nan
29:48.0,3.620748E+00,1.019897E+00,3.692789E+00,nan
29:49.0,3.620810E+00,1.019894E+00,3.692843E+00,nan
29:50.0,3.620904E+00,1.019892E+00,3.692929E+00,nan
29:51.0,3.620961E+00,1.019893E+00,3.692992E+00,nan
29:52.0,3.621050E+00,1.019902E+00,3.693115E+00,nan
29:53.0,3.621112E+00,1.019900E+00,3.693174E+00,nan
29:54.0,3.621211E+00,1.019897E+00,3.693261E+00,nan
29:55.0,3.621298E+00,1.019888E+00,3.693318E+00,nan
29:56.0,3.621352E+00,1.019892E+00,3.693387E+00,nan
29:57.0,3.621459E+00,1.019892E+00,3.693495E+00,nan
29:58.0,3.621543E+00,1.019895E+00,3.693595E+00,nan
29:59.0,3.621610E+00,1.019885E+00,3.693626E+00,nan
30:00.0,3.621699E+00,1.019890E+00,3.693736E+00,nan
30:01.0,3.621786E+00,1.019892E+00,3.693829E+00,nan
30:02.0,3.621873E+00,1.019892E+00,3.693917E+00,nan
30:03.0,3.621942E+00,1.019889E+00,3.693979E+00,nan
30:04.0,3.622011E+00,1.019890E+00,3.694054E+00,nan
30:05.0,3.622103E+00,1.019883E+00,3.694120E+00,nan
30:06.0,3.622187E+00,1.019890E+00,3.694234E+00,nan
30:07.0,3.622239E+00,1.019889E+00,3.694282E+00,nan
30:08.0,3.622323E+00,1.019895E+00,3.694391E+00,nan
30:09.0,3.622400E+00,1.019898E+00,3.694478E+00,nan
30:10.0,3.622477E+00,1.019886E+00,3.694515E+00,nan
30:11.0,3.622566E+00,1.019886E+00,3.694606E+00,nan
30:12.0,3.622658E+00,1.019890E+00,3.694714E+00,nan
30:13.0,3.622725E+00,1.019893E+00,3.694791E+00,nan
30:14.0,3.622809E+00,1.019890E+00,3.694868E+00,nan
30:15.0,3.622886E+00,1.019899E+00,3.694978E+00,nan
30:16.0,3.622943E+00,1.019897E+00,3.695027E+00,nan
30:17.0,3.623042E+00,1.019893E+00,3.695114E+00,nan
30:18.0,3.623111E+00,1.019898E+00,3.695203E+00,nan
30:19.0,3.623195E+00,1.019894E+00,3.695275E+00,nan
30:20.0,3.623262E+00,1.019892E+00,3.695334E+00,nan
30:21.0,3.623356E+00,1.019898E+00,3.695453E+00,nan
30:22.0,3.623418E+00,1.019893E+00,3.695498E+00,nan
30:23.0,3.623505E+00,1.019894E+00,3.695591E+00,nan
30:24.0,3.623594E+00,1.019892E+00,3.695673E+00,nan
30:25.0,3.623676E+00,1.019893E+00,3.695761E+00,nan
30:26.0,3.623735E+00,1.019883E+00,3.695785E+00,nan
30:27.0,3.623819E+00,1.019893E+00,3.695907E+00,nan
30:28.0,3.623896E+00,1.019890E+00,3.695977E+00,nan
30:29.0,3.623980E+00,1.019893E+00,3.696071E+00,nan
30:30.0,3.624055E+00,1.019885E+00,3.696120E+00,nan
30:31.0,3.624131E+00,1.019895E+00,3.696235E+00,nan
30:32.0,3.624240E+00,1.019893E+00,3.696337E+00,nan
30:33.0,3.624302E+00,1.019894E+00,3.696405E+00,nan
30:34.0,3.624377E+00,1.019900E+00,3.696503E+00,nan
30:35.0,3.624444E+00,1.019893E+00,3.696544E+00,nan
30:36.0,3.624528E+00,1.019894E+00,3.696634E+00,nan
30:36.9,3.624597E+00,1.019899E+00,3.696723E+00,nan
30:38.0,3.624689E+00,1.019894E+00,3.696799E+00,nan
30:38.9,3.624758E+00,1.019894E+00,3.696870E+00,nan
30:40.0,3.624818E+00,1.019894E+00,3.696930E+00,nan
30:41.0,3.624875E+00,1.019900E+00,3.697011E+00,nan
30:42.0,3.624946E+00,1.019898E+00,3.697075E+00,nan
30:42.9,3.625046E+00,1.019895E+00,3.697167E+00,nan
30:44.0,3.625112E+00,1.019897E+00,3.697240E+00,nan
30:45.0,3.625189E+00,1.019897E+00,3.697318E+00,nan
30:45.9,3.625288E+00,1.019898E+00,3.697424E+00,nan
30:46.9,3.625372E+00,1.019904E+00,3.697532E+00,nan
30:47.9,3.625429E+00,1.019903E+00,3.697586E+00,nan
30:48.9,3.625514E+00,1.019902E+00,3.697667E+00,nan
30:49.9,3.625571E+00,1.019898E+00,3.697711E+00,nan
30:50.9,3.625665E+00,1.019899E+00,3.697812E+00,nan
30:51.9,3.625756E+00,1.019899E+00,3.697906E+00,nan
30:52.9,3.625793E+00,1.019897E+00,3.697935E+00,nan
30:53.9,3.625900E+00,1.019898E+00,3.698048E+00,nan
30:54.9,3.625977E+00,1.019898E+00,3.698126E+00,nan
30:55.9,3.626068E+00,1.019899E+00,3.698224E+00,nan
30:56.9,3.626111E+00,1.019893E+00,3.698244E+00,nan
30:57.9,3.626185E+00,1.019902E+00,3.698352E+00,nan
30:58.9,3.626269E+00,1.019902E+00,3.698438E+00,nan
30:59.9,3.626351E+00,1.019911E+00,3.698554E+00,nan
31:00.9,3.626432E+00,1.019902E+00,3.698604E+00,nan
31:01.9,3.626504E+00,1.019909E+00,3.698705E+00,nan
31:02.9,3.626591E+00,1.019902E+00,3.698766E+00,nan
31:03.9,3.626636E+00,1.019907E+00,3.698830E+00,nan
31:04.9,3.626717E+00,1.019897E+00,3.698877E+00,nan
31:05.9,3.626819E+00,1.019897E+00,3.698980E+00,nan
31:06.9,3.626886E+00,1.019892E+00,3.699030E+00,nan
31:07.9,3.626975E+00,1.019895E+00,3.699135E+00,nan
31:08.9,3.627007E+00,1.019893E+00,3.699159E+00,nan
31:09.9,3.627114E+00,1.019898E+00,3.699285E+00,nan
31:10.9,3.627186E+00,1.019895E+00,3.699350E+00,nan
31:11.9,3.627250E+00,1.019897E+00,3.699420E+00,nan
31:12.9,3.627337E+00,1.019898E+00,3.699513E+00,nan
31:13.9,3.627428E+00,1.019898E+00,3.699606E+00,nan
31:14.9,3.627475E+00,1.019894E+00,3.699641E+00,nan
31:15.9,3.627550E+00,1.019885E+00,3.699684E+00,nan
31:16.9,3.627611E+00,1.019897E+00,3.699789E+00,nan
31:17.9,3.627708E+00,1.019890E+00,3.699864E+00,nan
31:18.9,3.627770E+00,1.019893E+00,3.699936E+00,nan
31:19.9,3.627820E+00,1.019892E+00,3.699982E+00,nan
31:20.9,3.627926E+00,1.019895E+00,3.700105E+00,nan
31:21.9,3.627990E+00,1.019893E+00,3.700161E+00,nan
31:22.9,3.628062E+00,1.019893E+00,3.700235E+00,nan
31:23.9,3.628149E+00,1.019898E+00,3.700341E+00,nan
31:24.9,3.628206E+00,1.019897E+00,3.700395E+00,nan
31:25.9,3.628308E+00,1.019894E+00,3.700490E+00,nan
31:26.9,3.628367E+00,1.019902E+00,3.700577E+00,nan
31:27.9,3.628439E+00,1.019900E+00,3.700646E+00,nan
31:28.9,3.628511E+00,1.019900E+00,3.700720E+00,nan
31:29.9,3.628577E+00,1.019898E+00,3.700778E+00,nan
31:30.9,3.628662E+00,1.019907E+00,3.700897E+00,nan
31:31.9,3.628751E+00,1.019902E+00,3.700969E+00,nan
31:32.9,3.628791E+00,1.019902E+00,3.701009E+00,nan
31:33.9,3.628872E+00,1.019905E+00,3.701106E+00,nan
31:34.9,3.628949E+00,1.019902E+00,3.701171E+00,nan
31:35.9,3.629028E+00,1.019898E+00,3.701238E+00,nan
31:36.9,3.629095E+00,1.019903E+00,3.701325E+00,nan
31:37.9,3.629164E+00,1.019903E+00,3.701396E+00,nan
31:38.9,3.629251E+00,1.019905E+00,3.701493E+00,nan
31:39.9,3.629335E+00,1.019911E+00,3.701598E+00,nan
31:40.9,3.629417E+00,1.019912E+00,3.701685E+00,nan
31:41.9,3.629474E+00,1.019898E+00,3.701693E+00,nan
31:42.9,3.629549E+00,1.019907E+00,3.701801E+00,nan
31:43.9,3.629623E+00,1.019899E+00,3.701849E+00,nan
31:44.9,3.629694E+00,1.019900E+00,3.701927E+00,nan
31:45.9,3.629786E+00,1.019908E+00,3.702048E+00,nan
31:46.9,3.629838E+00,1.019900E+00,3.702074E+00,nan
31:47.9,3.629947E+00,1.019907E+00,3.702208E+00,nan
31:48.9,3.629994E+00,1.019904E+00,3.702246E+00,nan
31:49.9,3.630059E+00,1.019899E+00,3.702294E+00,nan
31:50.9,3.630150E+00,1.019903E+00,3.702401E+00,nan
31:51.9,3.630220E+00,1.019902E+00,3.702467E+00,nan
31:52.9,3.630274E+00,1.019899E+00,3.702513E+00,nan
31:53.9,3.630336E+00,1.019900E+00,3.702581E+00,nan
31:54.9,3.630423E+00,1.019895E+00,3.702651E+00,nan
31:55.9,3.630480E+00,1.019890E+00,3.702691E+00,nan
31:56.9,3.630584E+00,1.019899E+00,3.702829E+00,nan
31:57.9,3.630638E+00,1.019897E+00,3.702876E+00,nan
31:58.9,3.630710E+00,1.019897E+00,3.702949E+00,nan
31:59.9,3.630802E+00,1.019890E+00,3.703019E+00,nan
32:00.9,3.630856E+00,1.019897E+00,3.703098E+00,nan
32:01.9,3.630935E+00,1.019895E+00,3.703174E+00,nan
32:02.9,3.631027E+00,1.019895E+00,3.703268E+00,nan
32:03.9,3.631067E+00,1.019885E+00,3.703271E+00,nan
32:04.9,3.631141E+00,1.019885E+00,3.703347E+00,nan
32:05.9,3.631233E+00,1.019885E+00,3.703440E+00,nan
32:06.9,3.631302E+00,1.019890E+00,3.703530E+00,nan
32:07.9,3.631352E+00,1.019897E+00,3.703603E+00,nan
32:08.9,3.631446E+00,1.019894E+00,3.703690E+00,nan
32:09.9,3.631518E+00,1.019903E+00,3.703796E+00,nan
32:10.9,3.631570E+00,1.019897E+00,3.703826E+00,nan
32:11.9,3.631646E+00,1.019893E+00,3.703890E+00,nan
32:12.9,3.631696E+00,1.019888E+00,3.703922E+00,nan
32:13.9,3.631798E+00,1.019902E+00,3.704076E+00,nan
32:14.9,3.631847E+00,1.019886E+00,3.704072E+00,nan
32:15.9,3.631931E+00,1.019898E+00,3.704199E+00,nan
32:16.9,3.631991E+00,1.019902E+00,3.704273E+00,nan
32:17.9,3.632055E+00,1.019897E+00,3.704321E+00,nan
32:18.9,3.632132E+00,1.019890E+00,3.704376E+00,nan
32:19.9,3.632191E+00,1.019889E+00,3.704432E+00,nan
32:20.9,3.632280E+00,1.019899E+00,3.704560E+00,nan
32:21.9,3.632375E+00,1.019894E+00,3.704637E+00,nan
32:22.9,3.632422E+00,1.019897E+00,3.704695E+00,nan
32:23.9,3.632508E+00,1.019902E+00,3.704801E+00,nan
32:24.9,3.632548E+00,1.019895E+00,3.704819E+00,nan
32:25.9,3.632642E+00,1.019897E+00,3.704919E+00,nan
32:26.9,3.632702E+00,1.019898E+00,3.704984E+00,nan
32:27.9,3.632768E+00,1.019899E+00,3.705057E+00,nan
32:28.9,3.632843E+00,1.019898E+00,3.705128E+00,nan
32:29.9,3.632907E+00,1.019900E+00,3.705204E+00,nan
32:30.9,3.632969E+00,1.019890E+00,3.705230E+00,nan
32:31.9,3.633048E+00,1.019898E+00,3.705338E+00,nan
32:32.9,3.633110E+00,1.019892E+00,3.705378E+00,nan
32:33.9,3.633199E+00,1.019897E+00,3.705488E+00,nan
32:34.9,3.633271E+00,1.019893E+00,3.705547E+00,nan
32:35.9,3.633321E+00,1.019892E+00,3.705593E+00,nan
32:36.9,3.633403E+00,1.019893E+00,3.705681E+00,nan
32:37.9,3.633479E+00,1.019897E+00,3.705773E+00,nan
32:38.9,3.633539E+00,1.019893E+00,3.705820E+00,nan
32:39.9,3.633615E+00,1.019893E+00,3.705898E+00,nan
32:40.9,3.633675E+00,1.019900E+00,3.705987E+00,nan
32:41.9,3.633752E+00,1.019890E+00,3.706028E+00,nan
32:42.9,3.633814E+00,1.019899E+00,3.706123E+00,nan
32:43.9,3.633903E+00,1.019895E+00,3.706200E+00,nan
32:44.9,3.633970E+00,1.019893E+00,3.706260E+00,nan
32:45.9,3.634039E+00,1.019904E+00,3.706371E+00,nan
32:46.9,3.634131E+00,1.019890E+00,3.706415E+00,nan
32:47.9,3.634173E+00,1.019898E+00,3.706485E+00,nan
32:48.9,3.634225E+00,1.019898E+00,3.706538E+00,nan
32:49.9,3.634319E+00,1.019897E+00,3.706630E+00,nan
32:50.9,3.634346E+00,1.019893E+00,3.706644E+00,nan
32:51.9,3.634440E+00,1.019893E+00,3.706739E+00,nan
32:52.9,3.634502E+00,1.019890E+00,3.706794E+00,nan
32:53.9,3.634562E+00,1.019899E+00,3.706886E+00,nan
32:54.9,3.634631E+00,1.019902E+00,3.706966E+00,nan
32:55.9,3.634713E+00,1.019902E+00,3.707049E+00,nan
32:56.9,3.634782E+00,1.019893E+00,3.707088E+00,nan
32:57.9,3.634849E+00,1.019893E+00,3.707156E+00,nan
32:58.9,3.634943E+00,1.019899E+00,3.707275E+00,nan
32:59.9,3.635000E+00,1.019895E+00,3.707319E+00,nan
33:00.9,3.635057E+00,1.019899E+00,3.707391E+00,nan
33:01.9,3.635107E+00,1.019897E+00,3.707433E+00,nan
33:02.9,3.635181E+00,1.019895E+00,3.707504E+00,nan
33:03.9,3.635253E+00,1.019890E+00,3.707559E+00,nan
33:04.9,3.635292E+00,1.019889E+00,3.707595E+00,nan
33:05.9,3.635401E+00,1.019892E+00,3.707715E+00,nan
33:06.9,3.635471E+00,1.019895E+00,3.707799E+00,nan
33:07.9,3.635533E+00,1.019888E+00,3.707835E+00,nan
33:08.9,3.635572E+00,1.019890E+00,3.707885E+00,nan
33:09.9,3.635634E+00,1.019890E+00,3.707948E+00,nan
33:10.9,3.635704E+00,1.019897E+00,3.708042E+00,nan
33:11.9,3.635783E+00,1.019892E+00,3.708104E+00,nan
33:12.9,3.635852E+00,1.019892E+00,3.708175E+00,nan
33:13.9,3.635909E+00,1.019894E+00,3.708242E+00,nan
33:14.9,3.635996E+00,1.019895E+00,3.708335E+00,nan
33:15.9,3.636043E+00,1.019898E+00,3.708392E+00,nan
33:16.9,3.636105E+00,1.019897E+00,3.708451E+00,nan
33:17.9,3.636179E+00,1.019898E+00,3.708531E+00,nan
33:18.9,3.636244E+00,1.019893E+00,3.708579E+00,nan
33:19.9,3.636318E+00,1.019893E+00,3.708654E+00,nan
33:20.9,3.636380E+00,1.019895E+00,3.708727E+00,nan
33:21.9,3.636446E+00,1.019888E+00,3.708767E+00,nan
33:22.9,3.636489E+00,1.019889E+00,3.708815E+00,nan
33:23.9,3.636563E+00,1.019894E+00,3.708909E+00,nan
33:24.9,3.636635E+00,1.019885E+00,3.708950E+00,nan
33:25.9,3.636714E+00,1.019889E+00,3.709045E+00,nan
33:26.9,3.636776E+00,1.019897E+00,3.709136E+00,nan
33:27.9,3.636843E+00,1.019893E+00,3.709190E+00,nan
33:28.9,3.636930E+00,1.019897E+00,3.709292E+00,nan
33:29.9,3.636977E+00,1.019893E+00,3.709326E+00,nan
33:30.9,3.637048E+00,1.019892E+00,3.709395E+00,nan
33:31.9,3.637091E+00,1.019889E+00,3.709429E+00,nan
33:32.9,3.637177E+00,1.019894E+00,3.709536E+00,nan
33:33.9,3.637244E+00,1.019895E+00,3.709608E+00,nan
33:34.9,3.637306E+00,1.019899E+00,3.709685E+00,nan
33:35.9,3.637385E+00,1.019895E+00,3.709752E+00,nan
33:36.9,3.637437E+00,1.019890E+00,3.709787E+00,nan
33:37.9,3.637492E+00,1.019895E+00,3.709861E+00,nan
33:38.9,3.637556E+00,1.019894E+00,3.709922E+00,nan
33:39.9,3.637628E+00,1.019892E+00,3.709986E+00,nan
33:40.9,3.637685E+00,1.019897E+00,3.710063E+00,nan
33:41.9,3.637749E+00,1.019890E+00,3.710105E+00,nan
33:42.9,3.637839E+00,1.019893E+00,3.710205E+00,nan
33:43.9,3.637858E+00,1.019889E+00,3.710212E+00,nan
33:44.9,3.637958E+00,1.019890E+00,3.710318E+00,nan
33:45.9,3.638042E+00,1.019886E+00,3.710390E+00,nan
33:46.9,3.638069E+00,1.019893E+00,3.710440E+00,nan
33:47.9,3.638163E+00,1.019892E+00,3.710532E+00,nan
33:48.9,3.638208E+00,1.019892E+00,3.710577E+00,nan
33:49.9,3.638277E+00,1.019890E+00,3.710644E+00,nan
33:50.9,3.638339E+00,1.019894E+00,3.710721E+00,nan
33:51.9,3.638398E+00,1.019890E+00,3.710767E+00,nan
33:52.9,3.638483E+00,1.019893E+00,3.710862E+00,nan
33:53.9,3.638525E+00,1.019898E+00,3.710923E+00,nan
33:54.9,3.638569E+00,1.019900E+00,3.710978E+00,nan
33:55.9,3.638646E+00,1.019897E+00,3.711043E+00,nan
33:56.9,3.638733E+00,1.019893E+00,3.711117E+00,nan
33:57.9,3.638760E+00,1.019885E+00,3.711117E+00,nan
33:58.9,3.638837E+00,1.019893E+00,3.711224E+00,nan
33:59.9,3.638894E+00,1.019890E+00,3.711273E+00,nan
34:00.9,3.638963E+00,1.019899E+00,3.711375E+00,nan
34:01.9,3.639010E+00,1.019895E+00,3.711409E+00,nan
34:02.9,3.639082E+00,1.019895E+00,3.711483E+00,nan
34:03.9,3.639154E+00,1.019898E+00,3.711565E+00,nan
34:04.9,3.639213E+00,1.019905E+00,3.711653E+00,nan
34:05.9,3.639312E+00,1.019899E+00,3.711731E+00,nan
34:06.9,3.639342E+00,1.019895E+00,3.711748E+00,nan
34:07.9,3.639411E+00,1.019898E+00,3.711828E+00,nan
34:08.9,3.639473E+00,1.019888E+00,3.711855E+00,nan
34:09.9,3.639530E+00,1.019898E+00,3.711949E+00,nan
34:10.9,3.639610E+00,1.019903E+00,3.712049E+00,nan
34:11.9,3.639654E+00,1.019890E+00,3.712048E+00,nan
34:12.9,3.639714E+00,1.019895E+00,3.712127E+00,nan
34:13.9,3.639776E+00,1.019895E+00,3.712190E+00,nan
34:14.9,3.639850E+00,1.019902E+00,3.712289E+00,nan
34:15.9,3.639934E+00,1.019895E+00,3.712352E+00,nan
34:16.9,3.639981E+00,1.019902E+00,3.712423E+00,nan
34:17.9,3.640028E+00,1.019904E+00,3.712480E+00,nan
34:18.9,3.640100E+00,1.019893E+00,3.712512E+00,nan
34:19.9,3.640172E+00,1.019899E+00,3.712608E+00,nan
34:20.9,3.640216E+00,1.019900E+00,3.712658E+00,nan
34:21.9,3.640298E+00,1.019902E+00,3.712746E+00,nan
34:22.9,3.640382E+00,1.019892E+00,3.712795E+00,nan
34:23.9,3.640427E+00,1.019895E+00,3.712854E+00,nan
34:24.9,3.640481E+00,1.019897E+00,3.712915E+00,nan
34:25.9,3.640516E+00,1.019900E+00,3.712964E+00,nan
34:26.9,3.640618E+00,1.019894E+00,3.713045E+00,nan
34:27.9,3.640662E+00,1.019902E+00,3.713117E+00,nan
34:28.9,3.640742E+00,1.019902E+00,3.713198E+00,nan
34:29.9,3.640796E+00,1.019898E+00,3.713240E+00,nan
34:30.9,3.640856E+00,1.019897E+00,3.713296E+00,nan
34:31.9,3.640910E+00,1.019902E+00,3.713370E+00,nan
34:32.9,3.640984E+00,1.019902E+00,3.713446E+00,nan
34:33.9,3.641044E+00,1.019894E+00,3.713479E+00,nan
34:34.9,3.641098E+00,1.019897E+00,3.713544E+00,nan
34:35.9,3.641168E+00,1.019907E+00,3.713651E+00,nan
34:36.9,3.641207E+00,1.019902E+00,3.713673E+00,nan
34:37.9,3.641274E+00,1.019893E+00,3.713709E+00,nan
34:38.9,3.641343E+00,1.019899E+00,3.713803E+00,nan
34:39.9,3.641395E+00,1.019900E+00,3.713861E+00,nan
34:40.9,3.641443E+00,1.019900E+00,3.713909E+00,nan
34:41.9,3.641504E+00,1.019899E+00,3.713967E+00,nan
34:42.9,3.641557E+00,1.019897E+00,3.714011E+00,nan
34:43.9,3.641636E+00,1.019902E+00,3.714110E+00,nan
34:44.9,3.641720E+00,1.019900E+00,3.714192E+00,nan
34:45.9,3.641764E+00,1.019894E+00,3.714214E+00,nan
34:46.9,3.641831E+00,1.019894E+00,3.714282E+00,nan
34:47.9,3.641886E+00,1.019894E+00,3.714338E+00,nan
34:48.9,3.641928E+00,1.019893E+00,3.714376E+00,nan
34:49.9,3.641987E+00,1.019893E+00,3.714437E+00,nan
34:50.9,3.642032E+00,1.019890E+00,3.714473E+00,nan
34:51.9,3.642124E+00,1.019890E+00,3.714567E+00,nan
34:52.9,3.642166E+00,1.019889E+00,3.714605E+00,nan
34:53.9,3.642235E+00,1.019893E+00,3.714689E+00,nan
34:54.9,3.642285E+00,1.019895E+00,3.714749E+00,nan
34:55.9,3.642339E+00,1.019883E+00,3.714758E+00,nan
34:56.9,3.642399E+00,1.019895E+00,3.714865E+00,nan
34:57.9,3.642458E+00,1.019894E+00,3.714921E+00,nan
34:58.9,3.642513E+00,1.019886E+00,3.714949E+00,nan
34:59.9,3.642584E+00,1.019892E+00,3.715041E+00,nan
35:00.9,3.642634E+00,1.019894E+00,3.715101E+00,nan
35:01.9,3.642678E+00,1.019895E+00,3.715151E+00,nan
35:02.9,3.642763E+00,1.019894E+00,3.715232E+00,nan
35:03.9,3.642820E+00,1.019898E+00,3.715304E+00,nan
35:04.9,3.642901E+00,1.019897E+00,3.715383E+00,nan
35:05.9,3.642968E+00,1.019888E+00,3.715419E+00,nan
35:06.9,3.643003E+00,1.019899E+00,3.715496E+00,nan
35:07.9,3.643065E+00,1.019888E+00,3.715517E+00,nan
35:08.9,3.643129E+00,1.019898E+00,3.715620E+00,nan
35:09.9,3.643186E+00,1.019890E+00,3.715650E+00,nan
35:10.9,3.643251E+00,1.019897E+00,3.715739E+00,nan
35:11.9,3.643312E+00,1.019898E+00,3.715806E+00,nan
35:12.9,3.643337E+00,1.019895E+00,3.715823E+00,nan
35:13.9,3.643394E+00,1.019895E+00,3.715881E+00,nan
35:14.9,3.643459E+00,1.019895E+00,3.715946E+00,nan
35:15.9,3.643506E+00,1.019895E+00,3.715995E+00,nan
35:16.9,3.643592E+00,1.019899E+00,3.716097E+00,nan
35:17.9,3.643637E+00,1.019895E+00,3.716128E+00,nan
35:18.9,3.643694E+00,1.019898E+00,3.716195E+00,nan
35:19.9,3.643771E+00,1.019898E+00,3.716274E+00,nan
35:20.9,3.643818E+00,1.019902E+00,3.716336E+00,nan
35:21.9,3.643865E+00,1.019890E+00,3.716342E+00,nan
35:22.9,3.643947E+00,1.019897E+00,3.716449E+00,nan
35:23.9,3.644028E+00,1.019895E+00,3.716528E+00,nan
35:24.9,3.644031E+00,1.019904E+00,3.716562E+00,nan
35:25.9,3.644105E+00,1.019898E+00,3.716615E+00,nan
35:26.9,3.644157E+00,1.019895E+00,3.716659E+00,nan
35:27.9,3.644246E+00,1.019902E+00,3.716773E+00,nan
35:28.9,3.644276E+00,1.019899E+00,3.716794E+00,nan
35:29.9,3.644331E+00,1.019895E+00,3.716836E+00,nan
35:30.9,3.644407E+00,1.019897E+00,3.716919E+00,nan
35:31.9,3.644447E+00,1.019895E+00,3.716954E+00,nan
35:32.9,3.644514E+00,1.019898E+00,3.717032E+00,nan
35:33.9,3.644541E+00,1.019892E+00,3.717036E+00,nan
35:34.9,3.644613E+00,1.019895E+00,3.717124E+00,nan
35:35.9,3.644690E+00,1.019893E+00,3.717193E+00,nan
35:36.9,3.644737E+00,1.019893E+00,3.717241E+00,nan
35:37.9,3.644781E+00,1.019893E+00,3.717286E+00,nan
35:38.9,3.644848E+00,1.019898E+00,3.717373E+00,nan
35:39.9,3.644871E+00,1.019890E+00,3.717368E+00,nan
35:40.9,3.644942E+00,1.019900E+00,3.717478E+00,nan
35:41.9,3.645031E+00,1.019892E+00,3.717537E+00,nan
35:42.9,3.645059E+00,1.019900E+00,3.717597E+00,nan
35:43.9,3.645131E+00,1.019890E+00,3.717633E+00,nan
35:44.9,3.645153E+00,1.019894E+00,3.717670E+00,nan
35:45.9,3.645232E+00,1.019897E+00,3.717760E+00,nan
35:46.9,3.645282E+00,1.019899E+00,3.717819E+00,nan
35:47.9,3.645358E+00,1.019895E+00,3.717884E+00,nan
35:48.9,3.645396E+00,1.019894E+00,3.717917E+00,nan
35:49.9,3.645465E+00,1.019893E+00,3.717983E+00,nan
35:50.9,3.645529E+00,1.019889E+00,3.718035E+00,nan
35:51.9,3.645594E+00,1.019886E+00,3.718092E+00,nan
35:52.9,3.645658E+00,1.019894E+00,3.718185E+00,nan
35:53.9,3.645695E+00,1.019892E+00,3.718214E+00,nan
35:54.9,3.645762E+00,1.019892E+00,3.718282E+00,nan
35:55.9,3.645797E+00,1.019895E+00,3.718331E+00,nan
35:56.9,3.645846E+00,1.019892E+00,3.718368E+00,nan
35:57.9,3.645911E+00,1.019892E+00,3.718433E+00,nan
35:58.9,3.645970E+00,1.019894E+00,3.718503E+00,nan
35:59.9,3.646020E+00,1.019893E+00,3.718549E+00,nan
36:00.9,3.646064E+00,1.019893E+00,3.718595E+00,nan
36:01.9,3.646119E+00,1.019903E+00,3.718687E+00,nan
36:02.9,3.646210E+00,1.019895E+00,3.718753E+00,nan
36:03.9,3.646255E+00,1.019892E+00,3.718784E+00,nan
36:04.9,3.646319E+00,1.019897E+00,3.718869E+00,nan
36:05.9,3.646376E+00,1.019893E+00,3.718913E+00,nan
36:06.9,3.646414E+00,1.019902E+00,3.718983E+00,nan
36:07.9,3.646463E+00,1.019898E+00,3.719020E+00,nan
36:08.9,3.646520E+00,1.019899E+00,3.719083E+00,nan
36:09.9,3.646582E+00,1.019897E+00,3.719137E+00,nan
36:10.9,3.646617E+00,1.019902E+00,3.719190E+00,nan
36:11.9,3.646706E+00,1.019908E+00,3.719304E+00,nan
36:12.9,3.646745E+00,1.019898E+00,3.719308E+00,nan
36:13.9,3.646815E+00,1.019898E+00,3.719378E+00,nan
36:14.9,3.646852E+00,1.019900E+00,3.719426E+00,nan
36:15.9,3.646911E+00,1.019894E+00,3.719463E+00,nan
36:16.9,3.646959E+00,1.019900E+00,3.719535E+00,nan
36:17.9,3.647025E+00,1.019899E+00,3.719598E+00,nan
36:18.9,3.647053E+00,1.019904E+00,3.719644E+00,nan
36:19.9,3.647112E+00,1.019903E+00,3.719700E+00,nan
36:20.9,3.647189E+00,1.019890E+00,3.719733E+00,nan
36:21.9,3.647231E+00,1.019905E+00,3.719831E+00,nan
36:22.9,3.647300E+00,1.019900E+00,3.719883E+00,nan
36:23.9,3.647345E+00,1.019900E+00,3.719929E+00,nan
36:24.9,3.647412E+00,1.019897E+00,3.719983E+00,nan
36:25.9,3.647446E+00,1.019902E+00,3.720037E+00,nan
36:26.9,3.647508E+00,1.019899E+00,3.720091E+00,nan
36:27.9,3.647553E+00,1.019899E+00,3.720136E+00,nan
36:28.9,3.647620E+00,1.019899E+00,3.720204E+00,nan
36:29.9,3.647714E+00,1.019898E+00,3.720295E+00,nan
36:30.9,3.647736E+00,1.019900E+00,3.720328E+00,nan
36:31.9,3.647813E+00,1.019903E+00,3.720415E+00,nan
36:32.9,3.647833E+00,1.019903E+00,3.720435E+00,nan
36:33.9,3.647885E+00,1.019898E+00,3.720470E+00,nan
36:34.9,3.647947E+00,1.019902E+00,3.720547E+00,nan
36:35.9,3.647981E+00,1.019903E+00,3.720587E+00,nan
36:36.9,3.648048E+00,1.019903E+00,3.720655E+00,nan
36:37.9,3.648100E+00,1.019899E+00,3.720694E+00,nan
36:38.9,3.648172E+00,1.019899E+00,3.720768E+00,nan
36:39.9,3.648202E+00,1.019902E+00,3.720807E+00,nan
36:40.9,3.648286E+00,1.019900E+00,3.720889E+00,nan
36:41.9,3.648326E+00,1.019898E+00,3.720919E+00,nan
36:42.9,3.648395E+00,1.019897E+00,3.720986E+00,nan
36:43.9,3.648430E+00,1.019892E+00,3.721003E+00,nan
36:44.9,3.648469E+00,1.019897E+00,3.721062E+00,nan
36:45.9,3.648544E+00,1.019900E+00,3.721151E+00,nan
36:46.9,3.648591E+00,1.019888E+00,3.721153E+00,nan
36:47.9,3.648643E+00,1.019892E+00,3.721220E+00,nan
36:48.9,3.648710E+00,1.019892E+00,3.721288E+00,nan
36:49.9,3.648749E+00,1.019892E+00,3.721328E+00,nan
36:50.9,3.648806E+00,1.019894E+00,3.721396E+00,nan
36:51.9,3.648871E+00,1.019892E+00,3.721452E+00,nan
36:52.9,3.648890E+00,1.019888E+00,3.721459E+00,nan
36:53.9,3.648952E+00,1.019895E+00,3.721550E+00,nan
36:54.9,3.649019E+00,1.019900E+00,3.721636E+00,nan
36:55.9,3.649071E+00,1.019897E+00,3.721675E+00,nan
36:56.9,3.649116E+00,1.019898E+00,3.721725E+00,nan
36:57.9,3.649151E+00,1.019898E+00,3.721761E+00,nan
36:58.9,3.649250E+00,1.019895E+00,3.721853E+00,nan
36:59.9,3.649297E+00,1.019898E+00,3.721910E+00,nan
37:00.9,3.649322E+00,1.019899E+00,3.721940E+00,nan
37:01.9,3.649379E+00,1.019895E+00,3.721984E+00,nan
37:02.9,3.649426E+00,1.019894E+00,3.722028E+00,nan
37:03.9,3.649520E+00,1.019895E+00,3.722128E+00,nan
37:04.9,3.649559E+00,1.019898E+00,3.722178E+00,nan
37:05.9,3.649604E+00,1.019902E+00,3.722237E+00,nan
37:06.9,3.649651E+00,1.019899E+00,3.722276E+00,nan
37:07.9,3.649713E+00,1.019897E+00,3.722330E+00,nan
37:08.9,3.649765E+00,1.019892E+00,3.722364E+00,nan
37:09.9,3.649812E+00,1.019897E+00,3.722431E+00,nan
37:10.9,3.649847E+00,1.019895E+00,3.722461E+00,nan
37:11.9,3.649921E+00,1.019902E+00,3.722560E+00,nan
37:12.9,3.649958E+00,1.019904E+00,3.722607E+00,nan
37:13.9,3.650015E+00,1.019898E+00,3.722642E+00,nan
37:14.9,3.650077E+00,1.019893E+00,3.722687E+00,nan
37:15.9,3.650141E+00,1.019889E+00,3.722739E+00,nan
37:16.9,3.650161E+00,1.019892E+00,3.722768E+00,nan
37:17.9,3.650213E+00,1.019898E+00,3.722845E+00,nan
37:18.9,3.650250E+00,1.019894E+00,3.722869E+00,nan
37:19.9,3.650335E+00,1.019899E+00,3.722973E+00,nan
37:20.9,3.650406E+00,1.019897E+00,3.723037E+00,nan
37:21.9,3.650429E+00,1.019902E+00,3.723078E+00,nan
37:22.9,3.650505E+00,1.019895E+00,3.723133E+00,nan
37:23.9,3.650520E+00,1.019902E+00,3.723172E+00,nan
37:24.9,3.650587E+00,1.019902E+00,3.723240E+00,nan
37:25.9,3.650639E+00,1.019902E+00,3.723293E+00,nan
37:26.9,3.650671E+00,1.019899E+00,3.723316E+00,nan
37:27.9,3.650721E+00,1.019900E+00,3.723372E+00,nan
37:28.9,3.650817E+00,1.019895E+00,3.723452E+00,nan
37:29.9,3.650860E+00,1.019894E+00,3.723490E+00,nan
37:30.9,3.650922E+00,1.019894E+00,3.723553E+00,nan
37:31.9,3.650966E+00,1.019897E+00,3.723608E+00,nan
37:32.9,3.651026E+00,1.019899E+00,3.723678E+00,nan
37:33.9,3.651050E+00,1.019902E+00,3.723712E+00,nan
37:34.9,3.651100E+00,1.019898E+00,3.723749E+00,nan
37:35.9,3.651164E+00,1.019898E+00,3.723814E+00,nan
37:36.9,3.651191E+00,1.019900E+00,3.723852E+00,nan
37:37.9,3.651278E+00,1.019900E+00,3.723940E+00,nan
37:38.9,3.651318E+00,1.019897E+00,3.723967E+00,nan
37:39.9,3.651407E+00,1.019889E+00,3.724030E+00,nan
37:40.9,3.651417E+00,1.019890E+00,3.724045E+00,nan
37:41.9,3.651484E+00,1.019894E+00,3.724127E+00,nan
37:42.9,3.651546E+00,1.019897E+00,3.724199E+00,nan
37:43.9,3.651578E+00,1.019898E+00,3.724236E+00,nan
37:44.9,3.651620E+00,1.019903E+00,3.724298E+00,nan
37:45.9,3.651675E+00,1.019894E+00,3.724321E+00,nan
37:46.9,3.651754E+00,1.019903E+00,3.724434E+00,nan
37:47.9,3.651791E+00,1.019897E+00,3.724449E+00,nan
37:48.9,3.651848E+00,1.019892E+00,3.724489E+00,nan
37:49.9,3.651887E+00,1.019894E+00,3.724539E+00,nan
37:50.9,3.651962E+00,1.019893E+00,3.724610E+00,nan
37:51.9,3.651997E+00,1.019895E+00,3.724654E+00,nan
37:52.9,3.652058E+00,1.019893E+00,3.724708E+00,nan
37:53.9,3.652115E+00,1.019895E+00,3.724775E+00,nan
37:54.9,3.652153E+00,1.019894E+00,3.724809E+00,nan
37:55.9,3.652207E+00,1.019895E+00,3.724869E+00,nan
37:56.9,3.652254E+00,1.019893E+00,3.724908E+00,nan
37:57.9,3.652294E+00,1.019897E+00,3.724962E+00,nan
37:58.9,3.652375E+00,1.019888E+00,3.725013E+00,nan
37:59.9,3.652418E+00,1.019892E+00,3.725070E+00,nan
38:00.9,3.652470E+00,1.019886E+00,3.725104E+00,nan
38:01.9,3.652494E+00,1.019897E+00,3.725167E+00,nan
38:02.9,3.652564E+00,1.019893E+00,3.725224E+00,nan
38:03.9,3.652611E+00,1.019898E+00,3.725290E+00,nan
38:04.9,3.652641E+00,1.019892E+00,3.725297E+00,nan
38:05.9,3.652705E+00,1.019893E+00,3.725368E+00,nan
38:06.9,3.652767E+00,1.019889E+00,3.725417E+00,nan
38:07.9,3.652841E+00,1.019898E+00,3.725525E+00,nan
38:08.9,3.652893E+00,1.019885E+00,3.725532E+00,nan
38:09.9,3.652945E+00,1.019893E+00,3.725612E+00,nan
38:10.9,3.652967E+00,1.019893E+00,3.725635E+00,nan
38:11.9,3.653027E+00,1.019890E+00,3.725687E+00,nan
38:12.9,3.653104E+00,1.019890E+00,3.725765E+00,nan
38:13.9,3.653138E+00,1.019893E+00,3.725810E+00,nan
38:14.9,3.653173E+00,1.019892E+00,3.725840E+00,nan
38:15.9,3.653237E+00,1.019892E+00,3.725906E+00,nan
38:16.9,3.653297E+00,1.019881E+00,3.725929E+00,nan
38:17.9,3.653376E+00,1.019888E+00,3.726034E+00,nan
38:18.9,3.653378E+00,1.019886E+00,3.726031E+00,nan
38:19.9,3.653438E+00,1.019892E+00,3.726110E+00,nan
38:20.9,3.653488E+00,1.019890E+00,3.726157E+00,nan
38:21.9,3.653552E+00,1.019889E+00,3.726218E+00,nan
38:22.9,3.653606E+00,1.019893E+00,3.726287E+00,nan
38:23.9,3.653661E+00,1.019886E+00,3.726320E+00,nan
38:24.9,3.653696E+00,1.019888E+00,3.726360E+00,nan
38:25.9,3.653745E+00,1.019885E+00,3.726401E+00,nan
38:26.9,3.653805E+00,1.019892E+00,3.726484E+00,nan
38:27.9,3.653857E+00,1.019890E+00,3.726533E+00,nan
38:28.9,3.653909E+00,1.019893E+00,3.726595E+00,nan
38:29.9,3.653963E+00,1.019897E+00,3.726665E+00,nan
38:30.9,3.654010E+00,1.019893E+00,3.726699E+00,nan
38:31.9,3.654050E+00,1.019899E+00,3.726762E+00,nan
38:32.9,3.654104E+00,1.019899E+00,3.726818E+00,nan
38:33.9,3.654166E+00,1.019894E+00,3.726863E+00,nan
38:34.9,3.654208E+00,1.019898E+00,3.726919E+00,nan
38:35.9,3.654243E+00,1.019894E+00,3.726941E+00,nan
38:36.9,3.654307E+00,1.019895E+00,3.727011E+00,nan
38:37.9,3.654387E+00,1.019895E+00,3.727092E+00,nan
38:38.9,3.654436E+00,1.019894E+00,3.727138E+00,nan
38:39.9,3.654473E+00,1.019892E+00,3.727166E+00,nan
38:40.9,3.654488E+00,1.019892E+00,3.727182E+00,nan
38:41.9,3.654560E+00,1.019888E+00,3.727241E+00,nan
38:42.9,3.654610E+00,1.019889E+00,3.727296E+00,nan
38:43.9,3.654667E+00,1.019883E+00,3.727331E+00,nan
38:44.9,3.654728E+00,1.019885E+00,3.727403E+00,nan
38:45.9,3.654793E+00,1.019890E+00,3.727488E+00,nan
38:46.9,3.654845E+00,1.019890E+00,3.727541E+00,nan
38:47.9,3.654867E+00,1.019889E+00,3.727559E+00,nan
38:48.9,3.654902E+00,1.019890E+00,3.727599E+00,nan
38:49.9,3.654979E+00,1.019889E+00,3.727673E+00,nan
38:50.9,3.655038E+00,1.019888E+00,3.727729E+00,nan
38:51.9,3.655070E+00,1.019892E+00,3.727775E+00,nan
38:52.9,3.655117E+00,1.019889E+00,3.727814E+00,nan
38:53.9,3.655172E+00,1.019895E+00,3.727893E+00,nan
38:54.9,3.655241E+00,1.019899E+00,3.727977E+00,nan
38:55.9,3.655244E+00,1.019902E+00,3.727989E+00,nan
38:56.9,3.655318E+00,1.019893E+00,3.728033E+00,nan
38:57.9,3.655382E+00,1.019895E+00,3.728107E+00,nan
38:58.9,3.655434E+00,1.019899E+00,3.728174E+00,nan
38:59.9,3.655486E+00,1.019899E+00,3.728227E+00,nan
39:00.9,3.655506E+00,1.019898E+00,3.728243E+00,nan
39:01.9,3.655568E+00,1.019890E+00,3.728279E+00,nan
39:02.9,3.655605E+00,1.019895E+00,3.728335E+00,nan
39:03.9,3.655652E+00,1.019892E+00,3.728369E+00,nan
39:04.9,3.655722E+00,1.019890E+00,3.728435E+00,nan
39:05.9,3.655756E+00,1.019885E+00,3.728452E+00,nan
39:06.9,3.655803E+00,1.019895E+00,3.728537E+00,nan
39:07.9,3.655855E+00,1.019895E+00,3.728590E+00,nan
39:08.9,3.655912E+00,1.019893E+00,3.728639E+00,nan
39:09.9,3.655997E+00,1.019894E+00,3.728729E+00,nan
39:10.9,3.656019E+00,1.019890E+00,3.728738E+00,nan
39:11.9,3.656039E+00,1.019890E+00,3.728758E+00,nan
39:12.9,3.656116E+00,1.019895E+00,3.728855E+00,nan
39:13.9,3.656160E+00,1.019890E+00,3.728882E+00,nan
39:14.9,3.656222E+00,1.019893E+00,3.728955E+00,nan
39:15.9,3.656276E+00,1.019892E+00,3.729005E+00,nan
39:16.9,3.656319E+00,1.019888E+00,3.729035E+00,nan
39:17.9,3.656373E+00,1.019892E+00,3.729104E+00,nan
39:18.9,3.656415E+00,1.019897E+00,3.729166E+00,nan
39:19.9,3.656475E+00,1.019897E+00,3.729226E+00,nan
39:20.9,3.656522E+00,1.019900E+00,3.729288E+00,nan
39:21.9,3.656569E+00,1.019892E+00,3.729303E+00,nan
39:22.9,3.656618E+00,1.019890E+00,3.729350E+00,nan
39:23.9,3.656678E+00,1.019890E+00,3.729410E+00,nan
39:24.9,3.656695E+00,1.019886E+00,3.729414E+00,nan
39:25.9,3.656767E+00,1.019902E+00,3.729543E+00,nan
39:26.9,3.656819E+00,1.019899E+00,3.729587E+00,nan
39:27.9,3.656866E+00,1.019899E+00,3.729635E+00,nan
39:28.9,3.656916E+00,1.019904E+00,3.729703E+00,nan
39:29.9,3.656958E+00,1.019902E+00,3.729737E+00,nan
39:30.9,3.657025E+00,1.019907E+00,3.729824E+00,nan
39:31.9,3.657067E+00,1.019893E+00,3.729816E+00,nan
39:32.9,3.657139E+00,1.019890E+00,3.729880E+00,nan
39:33.9,3.657171E+00,1.019897E+00,3.729936E+00,nan
39:34.9,3.657225E+00,1.019889E+00,3.729964E+00,nan
39:35.9,3.657270E+00,1.019894E+00,3.730028E+00,nan
39:36.9,3.657339E+00,1.019893E+00,3.730094E+00,nan
39:37.9,3.657391E+00,1.019898E+00,3.730165E+00,nan
39:38.9,3.657416E+00,1.019892E+00,3.730167E+00,nan
39:39.9,3.657493E+00,1.019898E+00,3.730269E+00,nan
39:40.9,3.657525E+00,1.019895E+00,3.730292E+00,nan
39:41.9,3.657569E+00,1.019893E+00,3.730329E+00,nan
39:42.9,3.657626E+00,1.019894E+00,3.730392E+00,nan
39:43.9,3.657674E+00,1.019895E+00,3.730444E+00,nan
39:44.9,3.657716E+00,1.019895E+00,3.730487E+00,nan
39:45.9,3.657802E+00,1.019898E+00,3.730585E+00,nan
39:46.9,3.657825E+00,1.019894E+00,3.730594E+00,nan
39:47.9,3.657862E+00,1.019897E+00,3.730641E+00,nan
39:48.9,3.657897E+00,1.019890E+00,3.730653E+00,nan
39:49.9,3.657958E+00,1.019885E+00,3.730697E+00,nan
39:50.9,3.658003E+00,1.019893E+00,3.730771E+00,nan
39:51.9,3.658057E+00,1.019892E+00,3.730822E+00,nan
39:52.9,3.658109E+00,1.019893E+00,3.730880E+00,nan
39:53.9,3.658166E+00,1.019895E+00,3.730947E+00,nan
39:54.9,3.658221E+00,1.019894E+00,3.730998E+00,nan
39:55.9,3.658270E+00,1.019894E+00,3.731048E+00,nan
39:56.9,3.658325E+00,1.019903E+00,3.731136E+00,nan
39:57.9,3.658357E+00,1.019905E+00,3.731178E+00,nan
39:58.9,3.658419E+00,1.019900E+00,3.731223E+00,nan
39:59.9,3.658473E+00,1.019900E+00,3.731279E+00,nan
40:00.9,3.658503E+00,1.019898E+00,3.731300E+00,nan
40:01.9,3.658592E+00,1.019898E+00,3.731390E+00,nan
40:02.9,3.658637E+00,1.019892E+00,3.731413E+00,nan
40:03.9,3.658699E+00,1.019889E+00,3.731467E+00,nan
40:04.9,3.658739E+00,1.019893E+00,3.731521E+00,nan
40:05.9,3.658796E+00,1.019897E+00,3.731593E+00,nan
40:06.9,3.658825E+00,1.019895E+00,3.731619E+00,nan
40:07.9,3.658895E+00,1.019892E+00,3.731675E+00,nan
40:08.9,3.658937E+00,1.019895E+00,3.731732E+00,nan
40:09.9,3.658962E+00,1.019895E+00,3.731758E+00,nan
40:10.9,3.659024E+00,1.019897E+00,3.731826E+00,nan
40:11.9,3.659060E+00,1.019904E+00,3.731891E+00,nan
40:12.9,3.659135E+00,1.019898E+00,3.731944E+00,nan
40:13.9,3.659170E+00,1.019903E+00,3.731998E+00,nan
40:14.9,3.659231E+00,1.019912E+00,3.732093E+00,nan
40:15.9,3.659254E+00,1.019900E+00,3.732075E+00,nan
40:16.9,3.659328E+00,1.019900E+00,3.732150E+00,nan
40:17.9,3.659395E+00,1.019903E+00,3.732228E+00,nan
40:18.9,3.659415E+00,1.019900E+00,3.732239E+00,nan
40:19.9,3.659454E+00,1.019904E+00,3.732293E+00,nan
40:20.9,3.659514E+00,1.019893E+00,3.732312E+00,nan
40:21.9,3.659573E+00,1.019902E+00,3.732405E+00,nan
40:22.9,3.659606E+00,1.019900E+00,3.732433E+00,nan
40:23.9,3.659697E+00,1.019903E+00,3.732536E+00,nan
40:24.9,3.659707E+00,1.019898E+00,3.732527E+00,nan
40:25.9,3.659774E+00,1.019898E+00,3.732595E+00,nan
40:26.9,3.659796E+00,1.019900E+00,3.732628E+00,nan
40:27.9,3.659880E+00,1.019899E+00,3.732709E+00,nan
40:28.9,3.659910E+00,1.019900E+00,3.732744E+00,nan
40:29.9,3.659977E+00,1.019904E+00,3.732826E+00,nan
40:30.9,3.660017E+00,1.019908E+00,3.732880E+00,nan
40:31.9,3.660061E+00,1.019905E+00,3.732917E+00,nan
40:32.9,3.660096E+00,1.019905E+00,3.732952E+00,nan
40:33.9,3.660173E+00,1.019903E+00,3.733021E+00,nan
40:34.9,3.660242E+00,1.019905E+00,3.733101E+00,nan
40:35.9,3.660277E+00,1.019902E+00,3.733122E+00,nan
40:36.9,3.660326E+00,1.019908E+00,3.733196E+00,nan
40:37.9,3.660376E+00,1.019890E+00,3.733182E+00,nan
40:38.9,3.660410E+00,1.019897E+00,3.733240E+00,nan
40:39.9,3.660470E+00,1.019897E+00,3.733301E+00,nan
40:40.9,3.660522E+00,1.019895E+00,3.733349E+00,nan
40:41.9,3.660584E+00,1.019899E+00,3.733426E+00,nan
40:42.9,3.660631E+00,1.019894E+00,3.733456E+00,nan
40:43.9,3.660656E+00,1.019890E+00,3.733467E+00,nan
40:44.9,3.660713E+00,1.019903E+00,3.733572E+00,nan
40:45.9,3.660767E+00,1.019894E+00,3.733595E+00,nan
40:46.9,3.660807E+00,1.019897E+00,3.733645E+00,nan
40:47.9,3.660866E+00,1.019890E+00,3.733682E+00,nan
40:48.9,3.660886E+00,1.019900E+00,3.733739E+00,nan
40:49.9,3.660963E+00,1.019898E+00,3.733808E+00,nan
40:50.9,3.661032E+00,1.019890E+00,3.733851E+00,nan
40:51.9,3.661079E+00,1.019889E+00,3.733894E+00,nan
40:52.9,3.661139E+00,1.019895E+00,3.733978E+00,nan
40:53.9,3.661159E+00,1.019897E+00,3.734003E+00,nan
40:54.9,3.661201E+00,1.019899E+00,3.734055E+00,nan
40:55.9,3.661273E+00,1.019889E+00,3.734092E+00,nan
40:56.9,3.661325E+00,1.019895E+00,3.734168E+00,nan
40:57.9,3.661364E+00,1.019897E+00,3.734213E+00,nan
40:58.9,3.661389E+00,1.019895E+00,3.734233E+00,nan
40:59.9,3.661468E+00,1.019886E+00,3.734282E+00,nan
41:00.9,3.661493E+00,1.019895E+00,3.734339E+00,nan
41:01.9,3.661565E+00,1.019893E+00,3.734404E+00,nan
41:02.9,3.661614E+00,1.019902E+00,3.734486E+00,nan
41:03.9,3.661644E+00,1.019893E+00,3.734484E+00,nan
41:04.9,3.661701E+00,1.019893E+00,3.734542E+00,nan
41:05.9,3.661753E+00,1.019886E+00,3.734572E+00,nan
41:06.9,3.661800E+00,1.019899E+00,3.734667E+00,nan
41:07.9,3.661840E+00,1.019889E+00,3.734670E+00,nan
41:08.9,3.661914E+00,1.019888E+00,3.734741E+00,nan
41:09.9,3.661956E+00,1.019894E+00,3.734807E+00,nan
41:10.9,3.661993E+00,1.019899E+00,3.734864E+00,nan
41:11.9,3.662043E+00,1.019895E+00,3.734900E+00,nan
41:12.9,3.662102E+00,1.019900E+00,3.734980E+00,nan
41:13.9,3.662127E+00,1.019895E+00,3.734986E+00,nan
41:14.9,3.662201E+00,1.019892E+00,3.735048E+00,nan
41:15.9,3.662243E+00,1.019899E+00,3.735119E+00,nan
41:16.9,3.662263E+00,1.019894E+00,3.735121E+00,nan
41:17.9,3.662343E+00,1.019893E+00,3.735197E+00,nan
41:18.9,3.662390E+00,1.019905E+00,3.735291E+00,nan
41:19.9,3.662454E+00,1.019894E+00,3.735315E+00,nan
41:20.9,3.662486E+00,1.019898E+00,3.735362E+00,nan
41:21.9,3.662518E+00,1.019904E+00,3.735418E+00,nan
41:22.9,3.662588E+00,1.019898E+00,3.735465E+00,nan
41:23.9,3.662645E+00,1.019895E+00,3.735514E+00,nan
41:24.9,3.662677E+00,1.019895E+00,3.735547E+00,nan
41:25.9,3.662756E+00,1.019898E+00,3.735637E+00,nan
41:26.9,3.662786E+00,1.019889E+00,3.735635E+00,nan
41:27.9,3.662843E+00,1.019894E+00,3.735712E+00,nan
41:28.9,3.662885E+00,1.019894E+00,3.735755E+00,nan
41:29.9,3.662939E+00,1.019902E+00,3.735838E+00,nan
41:30.9,3.662987E+00,1.019895E+00,3.735863E+00,nan
41:31.9,3.663019E+00,1.019895E+00,3.735896E+00,nan
41:32.9,3.663085E+00,1.019892E+00,3.735950E+00,nan
41:33.9,3.663133E+00,1.019894E+00,3.736007E+00,nan
41:34.9,3.663192E+00,1.019892E+00,3.736058E+00,nan
41:35.9,3.663219E+00,1.019893E+00,3.736091E+00,nan
41:36.9,3.663304E+00,1.019904E+00,3.736219E+00,nan
41:37.9,3.663343E+00,1.019892E+00,3.736213E+00,nan
41:38.9,3.663368E+00,1.019894E+00,3.736247E+00,nan
41:39.9,3.663437E+00,1.019897E+00,3.736327E+00,nan
41:40.9,3.663482E+00,1.019894E+00,3.736364E+00,nan
41:41.9,3.663539E+00,1.019898E+00,3.736435E+00,nan
41:42.9,3.663583E+00,1.019895E+00,3.736471E+00,nan
41:43.9,3.663653E+00,1.019899E+00,3.736556E+00,nan
41:44.9,3.663692E+00,1.019894E+00,3.736578E+00,nan
41:45.9,3.663769E+00,1.019889E+00,3.736638E+00,nan
41:46.9,3.663779E+00,1.019897E+00,3.736676E+00,nan
41:47.9,3.663829E+00,1.019899E+00,3.736736E+00,nan
41:48.9,3.663863E+00,1.019888E+00,3.736729E+00,nan
41:49.9,3.663945E+00,1.019892E+00,3.736826E+00,nan
41:50.9,3.663960E+00,1.019889E+00,3.736832E+00,nan
41:51.9,3.664012E+00,1.019894E+00,3.736904E+00,nan
41:52.9,3.664079E+00,1.019893E+00,3.736968E+00,nan
41:53.9,3.664114E+00,1.019899E+00,3.737026E+00,nan
41:54.9,3.664160E+00,1.019902E+00,3.737083E+00,nan
41:55.9,3.664222E+00,1.019895E+00,3.737123E+00,nan
41:56.9,3.664269E+00,1.019895E+00,3.737171E+00,nan
41:57.9,3.664329E+00,1.019895E+00,3.737232E+00,nan
41:58.9,3.664378E+00,1.019892E+00,3.737268E+00,nan
41:59.9,3.664428E+00,1.019890E+00,3.737315E+00,nan
42:00.9,3.664470E+00,1.019889E+00,3.737353E+00,nan
42:01.9,3.664532E+00,1.019885E+00,3.737402E+00,nan
42:02.9,3.664554E+00,1.019888E+00,3.737434E+00,nan
42:03.9,3.664614E+00,1.019893E+00,3.737513E+00,nan
42:04.9,3.664678E+00,1.019890E+00,3.737570E+00,nan
42:05.9,3.664703E+00,1.019886E+00,3.737581E+00,nan
42:06.9,3.664750E+00,1.019890E+00,3.737643E+00,nan
42:07.9,3.664827E+00,1.019890E+00,3.737721E+00,nan
42:08.9,3.664879E+00,1.019895E+00,3.737793E+00,nan
42:09.9,3.664904E+00,1.019895E+00,3.737818E+00,nan
42:10.9,3.664941E+00,1.019893E+00,3.737847E+00,nan
42:11.9,3.665020E+00,1.019893E+00,3.737928E+00,nan
42:12.9,3.665057E+00,1.019899E+00,3.737989E+00,nan
42:13.9,3.665097E+00,1.019899E+00,3.738029E+00,nan
42:14.9,3.665144E+00,1.019892E+00,3.738049E+00,nan
42:15.9,3.665223E+00,1.019899E+00,3.738158E+00,nan
42:16.9,3.665290E+00,1.019895E+00,3.738212E+00,nan
42:17.9,3.665290E+00,1.019897E+00,3.738217E+00,nan
42:18.9,3.665337E+00,1.019900E+00,3.738279E+00,nan
42:19.9,3.665419E+00,1.019895E+00,3.738344E+00,nan
42:20.9,3.665471E+00,1.019897E+00,3.738401E+00,nan
42:21.9,3.665505E+00,1.019898E+00,3.738441E+00,nan
42:22.9,3.665545E+00,1.019898E+00,3.738481E+00,nan
42:23.9,3.665617E+00,1.019894E+00,3.738541E+00,nan
42:24.9,3.665654E+00,1.019904E+00,3.738616E+00,nan
42:25.9,3.665714E+00,1.019902E+00,3.738667E+00,nan
42:26.9,3.665753E+00,1.019898E+00,3.738694E+00,nan
42:27.9,3.665812E+00,1.019899E+00,3.738759E+00,nan
42:28.9,3.665869E+00,1.019892E+00,3.738789E+00,nan
42:29.9,3.665931E+00,1.019895E+00,3.738866E+00,nan
42:30.9,3.665956E+00,1.019898E+00,3.738901E+00,nan
42:31.9,3.666031E+00,1.019893E+00,3.738958E+00,nan
42:32.9,3.666058E+00,1.019893E+00,3.738986E+00,nan
42:33.9,3.666090E+00,1.019892E+00,3.739014E+00,nan
42:34.9,3.666162E+00,1.019897E+00,3.739106E+00,nan
42:35.9,3.666204E+00,1.019899E+00,3.739158E+00,nan
42:36.9,3.666244E+00,1.019890E+00,3.739166E+00,nan
42:37.9,3.666325E+00,1.019902E+00,3.739291E+00,nan
42:38.9,3.666343E+00,1.019898E+00,3.739295E+00,nan
42:39.9,3.666417E+00,1.019897E+00,3.739366E+00,nan
42:40.9,3.666474E+00,1.019899E+00,3.739434E+00,nan
42:41.9,3.666494E+00,1.019899E+00,3.739454E+00,nan
42:42.9,3.666566E+00,1.019897E+00,3.739518E+00,nan
42:43.9,3.666588E+00,1.019898E+00,3.739545E+00,nan
42:44.9,3.666647E+00,1.019897E+00,3.739601E+00,nan
42:45.9,3.666692E+00,1.019888E+00,3.739614E+00,nan
42:46.9,3.666744E+00,1.019893E+00,3.739686E+00,nan
42:47.9,3.666789E+00,1.019890E+00,3.739722E+00,nan
42:48.9,3.666831E+00,1.019886E+00,3.739751E+00,nan
42:49.9,3.666878E+00,1.019893E+00,3.739822E+00,nan
42:50.9,3.666922E+00,1.019895E+00,3.739877E+00,nan
42:51.9,3.666977E+00,1.019895E+00,3.739932E+00,nan
42:52.9,3.667014E+00,1.019893E+00,3.739961E+00,nan
42:53.9,3.667091E+00,1.019898E+00,3.740058E+00,nan
42:54.9,3.667138E+00,1.019899E+00,3.740110E+00,nan
42:55.9,3.667190E+00,1.019897E+00,3.740155E+00,nan
42:56.9,3.667212E+00,1.019895E+00,3.740172E+00,nan
42:57.9,3.667259E+00,1.019893E+00,3.740211E+00,nan
42:58.9,3.667316E+00,1.019895E+00,3.740278E+00,nan
42:59.9,3.667366E+00,1.019893E+00,3.740320E+00,nan
43:00.9,3.667450E+00,1.019899E+00,3.740429E+00,nan
43:01.9,3.667517E+00,1.019893E+00,3.740474E+00,nan
43:02.9,3.667544E+00,1.019889E+00,3.740488E+00,nan
43:03.9,3.667579E+00,1.019893E+00,3.740537E+00,nan
43:04.9,3.667633E+00,1.019902E+00,3.740625E+00,nan
43:05.9,3.667685E+00,1.019899E+00,3.740669E+00,nan
43:06.9,3.667747E+00,1.019895E+00,3.740718E+00,nan
43:07.9,3.667764E+00,1.019894E+00,3.740731E+00,nan
43:08.9,3.667819E+00,1.019897E+00,3.740796E+00,nan
43:09.9,3.667896E+00,1.019895E+00,3.740869E+00,nan
43:10.9,3.667925E+00,1.019897E+00,3.740905E+00,nan
43:11.9,3.667980E+00,1.019894E+00,3.740951E+00,nan
43:12.9,3.668020E+00,1.019903E+00,3.741024E+00,nan
43:13.9,3.668067E+00,1.019893E+00,3.741035E+00,nan
43:14.9,3.668116E+00,1.019894E+00,3.741090E+00,nan
43:15.9,3.668163E+00,1.019892E+00,3.741128E+00,nan
43:16.9,3.668223E+00,1.019895E+00,3.741203E+00,nan
43:17.9,3.668282E+00,1.019894E+00,3.741259E+00,nan
43:18.9,3.668339E+00,1.019895E+00,3.741322E+00,nan
43:19.9,3.668394E+00,1.019889E+00,3.741354E+00,nan
43:20.9,3.668438E+00,1.019889E+00,3.741400E+00,nan
43:21.9,3.668515E+00,1.019894E+00,3.741497E+00,nan
43:22.9,3.668530E+00,1.019893E+00,3.741507E+00,nan
43:23.9,3.668597E+00,1.019893E+00,3.741575E+00,nan
43:24.9,3.668651E+00,1.019900E+00,3.741659E+00,nan
43:25.9,3.668678E+00,1.019894E+00,3.741663E+00,nan
43:26.9,3.668735E+00,1.019894E+00,3.741722E+00,nan
43:27.9,3.668785E+00,1.019893E+00,3.741767E+00,nan
43:28.9,3.668812E+00,1.019889E+00,3.741781E+00,nan
43:29.9,3.668874E+00,1.019889E+00,3.741844E+00,nan
43:30.9,3.668916E+00,1.019892E+00,3.741896E+00,nan
43:31.9,3.668993E+00,1.019893E+00,3.741980E+00,nan
43:32.9,3.669055E+00,1.019889E+00,3.742029E+00,nan
43:33.9,3.669075E+00,1.019892E+00,3.742058E+00,nan
43:34.9,3.669144E+00,1.019893E+00,3.742134E+00,nan
43:35.9,3.669194E+00,1.019890E+00,3.742175E+00,nan
43:36.9,3.669238E+00,1.019895E+00,3.742239E+00,nan
43:37.9,3.669288E+00,1.019890E+00,3.742271E+00,nan
43:38.9,3.669337E+00,1.019889E+00,3.742317E+00,nan
43:39.9,3.669345E+00,1.019885E+00,3.742310E+00,nan
43:40.9,3.669409E+00,1.019895E+00,3.742413E+00,nan
43:41.9,3.669488E+00,1.019890E+00,3.742475E+00,nan
43:42.9,3.669523E+00,1.019892E+00,3.742515E+00,nan
43:43.9,3.669582E+00,1.019893E+00,3.742581E+00,nan
43:44.9,3.669597E+00,1.019899E+00,3.742619E+00,nan
43:45.9,3.669637E+00,1.019900E+00,3.742664E+00,nan
43:46.9,3.669714E+00,1.019893E+00,3.742715E+00,nan
43:47.9,3.669768E+00,1.019899E+00,3.742793E+00,nan
43:48.9,3.669803E+00,1.019902E+00,3.742838E+00,nan
43:49.9,3.669847E+00,1.019902E+00,3.742883E+00,nan
43:50.9,3.669899E+00,1.019902E+00,3.742936E+00,nan
43:51.9,3.669954E+00,1.019897E+00,3.742974E+00,nan
43:52.9,3.669996E+00,1.019904E+00,3.743044E+00,nan
43:53.9,3.670043E+00,1.019902E+00,3.743083E+00,nan
43:54.9,3.670105E+00,1.019902E+00,3.743146E+00,nan
43:55.9,3.670145E+00,1.019912E+00,3.743224E+00,nan
43:56.9,3.670207E+00,1.019907E+00,3.743268E+00,nan
43:57.9,3.670276E+00,1.019907E+00,3.743339E+00,nan
43:58.9,3.670293E+00,1.019903E+00,3.743343E+00,nan
43:59.9,3.670370E+00,1.019900E+00,3.743412E+00,nan
44:00.9,3.670392E+00,1.019895E+00,3.743416E+00,nan
44:01.9,3.670439E+00,1.019902E+00,3.743487E+00,nan
44:02.9,3.670501E+00,1.019902E+00,3.743550E+00,nan
44:03.9,3.670573E+00,1.019903E+00,3.743628E+00,nan
44:04.9,3.670610E+00,1.019900E+00,3.743657E+00,nan
44:05.9,3.670662E+00,1.019898E+00,3.743701E+00,nan
44:06.9,3.670717E+00,1.019895E+00,3.743747E+00,nan
44:07.9,3.670759E+00,1.019894E+00,3.743785E+00,nan
44:08.9,3.670801E+00,1.019894E+00,3.743829E+00,nan
44:09.9,3.670870E+00,1.019899E+00,3.743917E+00,nan
44:10.9,3.670898E+00,1.019899E+00,3.743945E+00,nan
44:11.9,3.670947E+00,1.019902E+00,3.744005E+00,nan
44:12.9,3.671004E+00,1.019904E+00,3.744072E+00,nan
44:13.9,3.671049E+00,1.019899E+00,3.744099E+00,nan
44:14.9,3.671098E+00,1.019895E+00,3.744136E+00,nan
44:15.9,3.671138E+00,1.019904E+00,3.744209E+00,nan
44:16.9,3.671190E+00,1.019893E+00,3.744220E+00,nan
44:17.9,3.671239E+00,1.019903E+00,3.744308E+00,nan
44:18.9,3.671304E+00,1.019902E+00,3.744369E+00,nan
44:19.9,3.671373E+00,1.019903E+00,3.744444E+00,nan
44:20.9,3.671393E+00,1.019895E+00,3.744436E+00,nan
44:21.9,3.671428E+00,1.019890E+00,3.744454E+00,nan
44:22.9,3.671507E+00,1.019894E+00,3.744548E+00,nan
44:23.9,3.671569E+00,1.019899E+00,3.744630E+00,nan
44:24.9,3.671618E+00,1.019902E+00,3.744690E+00,nan
44:25.9,3.671626E+00,1.019902E+00,3.744697E+00,nan
44:26.9,3.671693E+00,1.019902E+00,3.744766E+00,nan
44:27.9,3.671762E+00,1.019902E+00,3.744836E+00,nan
44:28.9,3.671802E+00,1.019902E+00,3.744877E+00,nan
44:29.9,3.671861E+00,1.019900E+00,3.744933E+00,nan
44:30.9,3.671896E+00,1.019908E+00,3.744996E+00,nan
44:31.9,3.671950E+00,1.019907E+00,3.745047E+00,nan
44:32.9,3.672025E+00,1.019903E+00,3.745109E+00,nan
44:33.9,3.672035E+00,1.019907E+00,3.745133E+00,nan
44:34.9,3.672104E+00,1.019903E+00,3.745190E+00,nan
44:35.9,3.672161E+00,1.019909E+00,3.745271E+00,nan
44:36.9,3.672198E+00,1.019904E+00,3.745290E+00,nan
44:37.9,3.672250E+00,1.019905E+00,3.745348E+00,nan
44:38.9,3.672292E+00,1.019904E+00,3.745386E+00,nan
44:39.9,3.672337E+00,1.019911E+00,3.745455E+00,nan
44:40.9,3.672379E+00,1.019904E+00,3.745474E+00,nan
44:41.9,3.672448E+00,1.019903E+00,3.745541E+00,nan
44:42.9,3.672505E+00,1.019895E+00,3.745571E+00,nan
44:43.9,3.672537E+00,1.019900E+00,3.745622E+00,nan
44:44.9,3.672575E+00,1.019899E+00,3.745656E+00,nan
44:45.9,3.672639E+00,1.019905E+00,3.745744E+00,nan
44:46.9,3.672688E+00,1.019909E+00,3.745809E+00,nan
44:47.9,3.672750E+00,1.019904E+00,3.745853E+00,nan
44:48.9,3.672768E+00,1.019903E+00,3.745867E+00,nan
44:49.9,3.672832E+00,1.019900E+00,3.745923E+00,nan
44:50.9,3.672882E+00,1.019902E+00,3.745978E+00,nan
44:51.9,3.672951E+00,1.019903E+00,3.746054E+00,nan
44:52.9,3.672988E+00,1.019900E+00,3.746082E+00,nan
44:53.9,3.673040E+00,1.019908E+00,3.746163E+00,nan
44:54.9,3.673085E+00,1.019903E+00,3.746190E+00,nan
44:55.9,3.673124E+00,1.019899E+00,3.746216E+00,nan
44:56.9,3.673221E+00,1.019905E+00,3.746338E+00,nan
44:57.9,3.673226E+00,1.019907E+00,3.746348E+00,nan
44:58.9,3.673268E+00,1.019909E+00,3.746400E+00,nan
44:59.9,3.673352E+00,1.019905E+00,3.746472E+00,nan
45:00.9,3.673397E+00,1.019908E+00,3.746527E+00,nan
45:01.9,3.673427E+00,1.019903E+00,3.746539E+00,nan
45:02.9,3.673488E+00,1.019900E+00,3.746592E+00,nan
45:03.9,3.673536E+00,1.019909E+00,3.746673E+00,nan
45:04.9,3.673565E+00,1.019909E+00,3.746703E+00,nan
45:05.9,3.673620E+00,1.019905E+00,3.746745E+00,nan
45:06.9,3.673664E+00,1.019909E+00,3.746804E+00,nan
45:07.9,3.673719E+00,1.019911E+00,3.746865E+00,nan
45:08.9,3.673746E+00,1.019903E+00,3.746864E+00,nan
45:09.9,3.673803E+00,1.019908E+00,3.746941E+00,nan
45:10.9,3.673882E+00,1.019911E+00,3.747031E+00,nan
45:11.9,3.673917E+00,1.019916E+00,3.747085E+00,nan
45:12.9,3.673954E+00,1.019907E+00,3.747091E+00,nan
45:13.9,3.674004E+00,1.019898E+00,3.747108E+00,nan
45:14.9,3.674061E+00,1.019903E+00,3.747185E+00,nan
45:15.9,3.674108E+00,1.019903E+00,3.747233E+00,nan
45:16.9,3.674180E+00,1.019908E+00,3.747325E+00,nan
45:17.9,3.674217E+00,1.019904E+00,3.747349E+00,nan
45:18.9,3.674308E+00,1.019908E+00,3.747456E+00,nan
45:19.9,3.674326E+00,1.019902E+00,3.747451E+00,nan
45:20.9,3.674370E+00,1.019895E+00,3.747473E+00,nan
45:21.9,3.674405E+00,1.019902E+00,3.747532E+00,nan
45:22.9,3.674452E+00,1.019903E+00,3.747584E+00,nan
45:23.9,3.674506E+00,1.019899E+00,3.747626E+00,nan
45:24.9,3.674583E+00,1.019903E+00,3.747718E+00,nan
45:25.9,3.674630E+00,1.019897E+00,3.747743E+00,nan
45:26.9,3.674680E+00,1.019904E+00,3.747821E+00,nan
45:27.9,3.674720E+00,1.019898E+00,3.747838E+00,nan
45:28.9,3.674789E+00,1.019903E+00,3.747928E+00,nan
45:29.9,3.674826E+00,1.019905E+00,3.747975E+00,nan
45:30.9,3.674868E+00,1.019902E+00,3.748004E+00,nan
45:31.9,3.674975E+00,1.019900E+00,3.748108E+00,nan
45:32.9,3.674989E+00,1.019909E+00,3.748156E+00,nan
45:33.9,3.675032E+00,1.019904E+00,3.748180E+00,nan
45:34.9,3.675089E+00,1.019904E+00,3.748238E+00,nan
45:35.9,3.675148E+00,1.019909E+00,3.748317E+00,nan
45:36.9,3.675180E+00,1.019912E+00,3.748360E+00,nan
45:37.9,3.675255E+00,1.019905E+00,3.748412E+00,nan
45:38.9,3.675289E+00,1.019912E+00,3.748471E+00,nan
45:39.9,3.675331E+00,1.019907E+00,3.748495E+00,nan
45:40.9,3.675373E+00,1.019904E+00,3.748528E+00,nan
45:41.9,3.675438E+00,1.019903E+00,3.748590E+00,nan
45:42.9,3.675517E+00,1.019907E+00,3.748685E+00,nan
45:43.9,3.675547E+00,1.019900E+00,3.748692E+00,nan
45:44.9,3.675601E+00,1.019900E+00,3.748747E+00,nan
45:45.9,3.675633E+00,1.019903E+00,3.748789E+00,nan
45:46.9,3.675678E+00,1.019898E+00,3.748816E+00,nan
45:47.9,3.675745E+00,1.019895E+00,3.748875E+00,nan
45:48.9,3.675817E+00,1.019900E+00,3.748967E+00,nan
45:49.9,3.675847E+00,1.019895E+00,3.748979E+00,nan
45:50.9,3.675879E+00,1.019895E+00,3.749012E+00,nan
45:51.9,3.675916E+00,1.019898E+00,3.749058E+00,nan
45:52.9,3.675997E+00,1.019893E+00,3.749123E+00,nan
45:53.9,3.676064E+00,1.019890E+00,3.749183E+00,nan
45:54.9,3.676084E+00,1.019889E+00,3.749198E+00,nan
45:55.9,3.676134E+00,1.019894E+00,3.749267E+00,nan
45:56.9,3.676176E+00,1.019890E+00,3.749296E+00,nan
45:57.9,3.676233E+00,1.019902E+00,3.749396E+00,nan
45:58.9,3.676282E+00,1.019898E+00,3.749432E+00,nan
45:59.9,3.676339E+00,1.019903E+00,3.749509E+00,nan
46:00.9,3.676384E+00,1.019897E+00,3.749532E+00,nan
46:01.9,3.676429E+00,1.019899E+00,3.749586E+00,nan
46:02.9,3.676486E+00,1.019897E+00,3.749635E+00,nan
46:03.9,3.676560E+00,1.019900E+00,3.749725E+00,nan
46:04.9,3.676612E+00,1.019900E+00,3.749778E+00,nan
46:05.9,3.676646E+00,1.019897E+00,3.749799E+00,nan
46:06.9,3.676691E+00,1.019903E+00,3.749868E+00,nan
46:07.9,3.676748E+00,1.019903E+00,3.749926E+00,nan
46:08.9,3.676773E+00,1.019904E+00,3.749956E+00,nan
46:09.9,3.676862E+00,1.019900E+00,3.750033E+00,nan
46:10.9,3.676917E+00,1.019900E+00,3.750089E+00,nan
46:11.9,3.676934E+00,1.019902E+00,3.750111E+00,nan
46:12.9,3.676993E+00,1.019903E+00,3.750176E+00,nan
46:13.9,3.677043E+00,1.019898E+00,3.750208E+00,nan
46:14.9,3.677095E+00,1.019899E+00,3.750266E+00,nan
46:15.9,3.677132E+00,1.019897E+00,3.750294E+00,nan
46:16.9,3.677231E+00,1.019899E+00,3.750405E+00,nan
46:17.9,3.677243E+00,1.019904E+00,3.750436E+00,nan
46:18.9,3.677293E+00,1.019898E+00,3.750463E+00,nan
46:19.9,3.677340E+00,1.019897E+00,3.750507E+00,nan
46:20.9,3.677395E+00,1.019905E+00,3.750595E+00,nan
46:21.9,3.677449E+00,1.019907E+00,3.750655E+00,nan
46:22.9,3.677491E+00,1.019902E+00,3.750679E+00,nan
46:23.9,3.677546E+00,1.019900E+00,3.750730E+00,nan
46:24.9,3.677615E+00,1.019907E+00,3.750824E+00,nan
46:25.9,3.677645E+00,1.019909E+00,3.750864E+00,nan
46:26.9,3.677684E+00,1.019903E+00,3.750881E+00,nan
46:27.9,3.677727E+00,1.019904E+00,3.750928E+00,nan
46:28.9,3.677781E+00,1.019904E+00,3.750984E+00,nan
46:29.9,3.677843E+00,1.019904E+00,3.751047E+00,nan
46:30.9,3.677882E+00,1.019908E+00,3.751102E+00,nan
46:31.9,3.677952E+00,1.019898E+00,3.751135E+00,nan
46:32.9,3.677999E+00,1.019902E+00,3.751197E+00,nan
46:33.9,3.678073E+00,1.019904E+00,3.751282E+00,nan
46:34.9,3.678088E+00,1.019911E+00,3.751321E+00,nan
46:35.9,3.678157E+00,1.019904E+00,3.751368E+00,nan
46:36.9,3.678222E+00,1.019904E+00,3.751434E+00,nan
46:37.9,3.678252E+00,1.019903E+00,3.751460E+00,nan
46:38.9,3.678296E+00,1.019903E+00,3.751505E+00,nan
46:39.9,3.678355E+00,1.019900E+00,3.751556E+00,nan
46:40.9,3.678398E+00,1.019905E+00,3.751618E+00,nan
46:41.9,3.678440E+00,1.019898E+00,3.751633E+00,nan
46:42.9,3.678507E+00,1.019902E+00,3.751715E+00,nan
46:43.9,3.678551E+00,1.019904E+00,3.751770E+00,nan
46:44.9,3.678603E+00,1.019897E+00,3.751795E+00,nan
46:45.9,3.678643E+00,1.019903E+00,3.751859E+00,nan
46:46.9,3.678683E+00,1.019899E+00,3.751885E+00,nan
46:47.9,3.678747E+00,1.019897E+00,3.751942E+00,nan
46:48.9,3.678806E+00,1.019903E+00,3.752025E+00,nan
46:49.9,3.678856E+00,1.019898E+00,3.752057E+00,nan
46:50.9,3.678918E+00,1.019900E+00,3.752130E+00,nan
46:51.9,3.678985E+00,1.019904E+00,3.752212E+00,nan
46:52.9,3.679024E+00,1.019902E+00,3.752243E+00,nan
46:53.9,3.679079E+00,1.019907E+00,3.752317E+00,nan
46:54.9,3.679109E+00,1.019902E+00,3.752329E+00,nan
46:55.9,3.679166E+00,1.019895E+00,3.752364E+00,nan
46:56.9,3.679225E+00,1.019899E+00,3.752438E+00,nan
46:57.9,3.679267E+00,1.019895E+00,3.752467E+00,nan
46:58.9,3.679319E+00,1.019894E+00,3.752516E+00,nan
46:59.9,3.679368E+00,1.019895E+00,3.752571E+00,nan
47:00.9,3.679416E+00,1.019902E+00,3.752642E+00,nan
47:01.9,3.679492E+00,1.019890E+00,3.752679E+00,nan
47:02.9,3.679522E+00,1.019893E+00,3.752718E+00,nan
47:03.9,3.679574E+00,1.019895E+00,3.752781E+00,nan
47:04.9,3.679616E+00,1.019898E+00,3.752833E+00,nan
47:05.9,3.679678E+00,1.019903E+00,3.752915E+00,nan
47:06.9,3.679715E+00,1.019905E+00,3.752962E+00,nan
47:07.9,3.679795E+00,1.019897E+00,3.753010E+00,nan
47:08.9,3.679822E+00,1.019909E+00,3.753085E+00,nan
47:09.9,3.679886E+00,1.019907E+00,3.753141E+00,nan
47:10.9,3.679933E+00,1.019904E+00,3.753179E+00,nan
47:11.9,3.679990E+00,1.019900E+00,3.753224E+00,nan
47:12.9,3.680017E+00,1.019899E+00,3.753247E+00,nan
47:13.9,3.680079E+00,1.019909E+00,3.753347E+00,nan
47:14.9,3.680131E+00,1.019909E+00,3.753400E+00,nan
47:15.9,3.680154E+00,1.019907E+00,3.753414E+00,nan
47:16.9,3.680226E+00,1.019902E+00,3.753468E+00,nan
47:17.9,3.680270E+00,1.019904E+00,3.753523E+00,nan
47:18.9,3.680295E+00,1.019902E+00,3.753539E+00,nan
47:19.9,3.680357E+00,1.019904E+00,3.753611E+00,nan
47:20.9,3.680409E+00,1.019912E+00,3.753692E+00,nan
47:21.9,3.680466E+00,1.019909E+00,3.753741E+00,nan
47:22.9,3.680501E+00,1.019903E+00,3.753753E+00,nan
47:23.9,3.680560E+00,1.019909E+00,3.753837E+00,nan
47:24.9,3.680634E+00,1.019907E+00,3.753904E+00,nan
47:25.9,3.680664E+00,1.019895E+00,3.753892E+00,nan
47:26.9,3.680704E+00,1.019902E+00,3.753956E+00,nan
47:27.9,3.680778E+00,1.019903E+00,3.754036E+00,nan
47:28.9,3.680800E+00,1.019898E+00,3.754040E+00,nan
47:29.9,3.680862E+00,1.019903E+00,3.754122E+00,nan
47:30.9,3.680907E+00,1.019902E+00,3.754163E+00,nan
47:31.9,3.680932E+00,1.019898E+00,3.754174E+00,nan
47:32.9,3.681011E+00,1.019916E+00,3.754320E+00,nan
47:33.9,3.681051E+00,1.019909E+00,3.754338E+00,nan
47:34.9,3.681117E+00,1.019904E+00,3.754387E+00,nan
47:35.9,3.681152E+00,1.019907E+00,3.754432E+00,nan
47:36.9,3.681221E+00,1.019905E+00,3.754498E+00,nan
47:37.9,3.681266E+00,1.019902E+00,3.754529E+00,nan
47:38.9,3.681308E+00,1.019894E+00,3.754544E+00,nan
47:39.9,3.681355E+00,1.019903E+00,3.754625E+00,nan
47:40.9,3.681417E+00,1.019900E+00,3.754679E+00,nan
47:41.9,3.681472E+00,1.019900E+00,3.754734E+00,nan
47:42.9,3.681529E+00,1.019899E+00,3.754788E+00,nan
47:43.9,3.681561E+00,1.019899E+00,3.754821E+00,nan
47:44.9,3.681623E+00,1.019905E+00,3.754907E+00,nan
47:45.9,3.681684E+00,1.019900E+00,3.754952E+00,nan
47:46.9,3.681690E+00,1.019904E+00,3.754970E+00,nan
47:47.9,3.681749E+00,1.019900E+00,3.755017E+00,nan
47:48.9,3.681828E+00,1.019895E+00,3.755079E+00,nan
47:49.9,3.681888E+00,1.019902E+00,3.755163E+00,nan
47:50.9,3.681922E+00,1.019890E+00,3.755157E+00,nan
47:51.9,3.681999E+00,1.019898E+00,3.755263E+00,nan
47:52.9,3.682014E+00,1.019905E+00,3.755306E+00,nan
47:53.9,3.682068E+00,1.019900E+00,3.755343E+00,nan
47:54.9,3.682133E+00,1.019899E+00,3.755404E+00,nan
47:55.9,3.682209E+00,1.019900E+00,3.755487E+00,nan
47:56.9,3.682266E+00,1.019902E+00,3.755550E+00,nan
47:57.9,3.682271E+00,1.019905E+00,3.755569E+00,nan
47:58.9,3.682336E+00,1.019903E+00,3.755625E+00,nan
47:59.9,3.682405E+00,1.019905E+00,3.755705E+00,nan
48:00.9,3.682437E+00,1.019909E+00,3.755752E+00,nan
48:01.9,3.682499E+00,1.019908E+00,3.755810E+00,nan
48:02.9,3.682537E+00,1.019905E+00,3.755839E+00,nan
48:03.9,3.682594E+00,1.019902E+00,3.755883E+00,nan
48:04.9,3.682663E+00,1.019907E+00,3.755973E+00,nan
48:05.9,3.682690E+00,1.019902E+00,3.755982E+00,nan
48:06.9,3.682755E+00,1.019909E+00,3.756075E+00,nan
48:07.9,3.682817E+00,1.019904E+00,3.756120E+00,nan
48:08.9,3.682839E+00,1.019907E+00,3.756152E+00,nan
48:09.9,3.682913E+00,1.019907E+00,3.756228E+00,nan
48:10.9,3.682943E+00,1.019903E+00,3.756244E+00,nan
48:11.9,3.683005E+00,1.019908E+00,3.756326E+00,nan
48:12.9,3.683052E+00,1.019904E+00,3.756360E+00,nan
48:13.9,3.683119E+00,1.019893E+00,3.756386E+00,nan
48:14.9,3.683153E+00,1.019895E+00,3.756431E+00,nan
48:15.9,3.683190E+00,1.019903E+00,3.756497E+00,nan
48:16.9,3.683238E+00,1.019902E+00,3.756540E+00,nan
48:17.9,3.683309E+00,1.019902E+00,3.756613E+00,nan
48:18.9,3.683364E+00,1.019905E+00,3.756683E+00,nan
48:19.9,3.683413E+00,1.019908E+00,3.756742E+00,nan
48:20.9,3.683475E+00,1.019911E+00,3.756815E+00,nan
48:21.9,3.683517E+00,1.019903E+00,3.756830E+00,nan
48:22.9,3.683572E+00,1.019908E+00,3.756904E+00,nan
48:23.9,3.683602E+00,1.019902E+00,3.756911E+00,nan
48:24.9,3.683661E+00,1.019907E+00,3.756991E+00,nan
48:25.9,3.683713E+00,1.019903E+00,3.757030E+00,nan
48:26.9,3.683768E+00,1.019903E+00,3.757085E+00,nan
48:27.9,3.683844E+00,1.019902E+00,3.757159E+00,nan
48:28.9,3.683872E+00,1.019899E+00,3.757177E+00,nan
48:29.9,3.683946E+00,1.019902E+00,3.757262E+00,nan
48:30.9,3.683985E+00,1.019898E+00,3.757289E+00,nan
48:31.9,3.684013E+00,1.019905E+00,3.757345E+00,nan
48:32.9,3.684094E+00,1.019902E+00,3.757414E+00,nan
48:33.9,3.684134E+00,1.019903E+00,3.757459E+00,nan
48:34.9,3.684206E+00,1.019904E+00,3.757537E+00,nan
48:35.9,3.684236E+00,1.019905E+00,3.757572E+00,nan
48:36.9,3.684315E+00,1.019899E+00,3.757630E+00,nan
48:37.9,3.684347E+00,1.019904E+00,3.757681E+00,nan
48:38.9,3.684389E+00,1.019900E+00,3.757710E+00,nan
48:39.9,3.684444E+00,1.019899E+00,3.757761E+00,nan
48:40.9,3.684491E+00,1.019904E+00,3.757828E+00,nan
48:41.9,3.684515E+00,1.019903E+00,3.757848E+00,nan
48:42.9,3.684580E+00,1.019902E+00,3.757909E+00,nan
48:43.9,3.684659E+00,1.019900E+00,3.757986E+00,nan
48:44.9,3.684701E+00,1.019898E+00,3.758019E+00,nan
48:45.9,3.684753E+00,1.019905E+00,3.758100E+00,nan
48:46.9,3.684776E+00,1.019908E+00,3.758132E+00,nan
48:47.9,3.684838E+00,1.019893E+00,3.758139E+00,nan
48:48.9,3.684909E+00,1.019907E+00,3.758264E+00,nan
48:49.9,3.684914E+00,1.019899E+00,3.758241E+00,nan
48:50.9,3.684989E+00,1.019903E+00,3.758331E+00,nan
48:51.9,3.685046E+00,1.019897E+00,3.758366E+00,nan
48:52.9,3.685112E+00,1.019903E+00,3.758457E+00,nan
48:53.9,3.685137E+00,1.019903E+00,3.758482E+00,nan
48:54.9,3.685194E+00,1.019899E+00,3.758526E+00,nan
48:55.9,3.685236E+00,1.019902E+00,3.758579E+00,nan
48:56.9,3.685296E+00,1.019904E+00,3.758648E+00,nan
48:57.9,3.685363E+00,1.019905E+00,3.758721E+00,nan
48:58.9,3.685435E+00,1.019905E+00,3.758795E+00,nan
48:59.9,3.685444E+00,1.019904E+00,3.758800E+00,nan
49:00.9,3.685511E+00,1.019898E+00,3.758845E+00,nan
49:01.9,3.685546E+00,1.019903E+00,3.758899E+00,nan
49:02.9,3.685623E+00,1.019905E+00,3.758987E+00,nan
49:03.9,3.685680E+00,1.019907E+00,3.759050E+00,nan
49:04.9,3.685690E+00,1.019911E+00,3.759074E+00,nan
49:05.9,3.685779E+00,1.019908E+00,3.759155E+00,nan
49:06.9,3.685794E+00,1.019904E+00,3.759156E+00,nan
49:07.9,3.685883E+00,1.019900E+00,3.759234E+00,nan
49:08.9,3.685903E+00,1.019907E+00,3.759277E+00,nan
49:09.9,3.685977E+00,1.019908E+00,3.759357E+00,nan
49:10.9,3.686017E+00,1.019900E+00,3.759370E+00,nan
49:11.9,3.686079E+00,1.019903E+00,3.759442E+00,nan
49:12.9,3.686138E+00,1.019905E+00,3.759512E+00,nan
49:13.9,3.686182E+00,1.019902E+00,3.759544E+00,nan
49:14.9,3.686254E+00,1.019905E+00,3.759631E+00,nan
49:15.9,3.686286E+00,1.019900E+00,3.759645E+00,nan
49:16.9,3.686343E+00,1.019899E+00,3.759698E+00,nan
49:17.9,3.686393E+00,1.019902E+00,3.759758E+00,nan
49:18.9,3.686433E+00,1.019903E+00,3.759803E+00,nan
49:19.9,3.686522E+00,1.019897E+00,3.759871E+00,nan
49:20.9,3.686529E+00,1.019899E+00,3.759888E+00,nan
49:21.9,3.686576E+00,1.019902E+00,3.759945E+00,nan
49:22.9,3.686638E+00,1.019904E+00,3.760018E+00,nan
49:23.9,3.686690E+00,1.019900E+00,3.760057E+00,nan
49:24.9,3.686737E+00,1.019900E+00,3.760105E+00,nan
49:25.9,3.686799E+00,1.019897E+00,3.760154E+00,nan
49:26.9,3.686878E+00,1.019897E+00,3.760235E+00,nan
49:27.9,3.686886E+00,1.019894E+00,3.760233E+00,nan
49:28.9,3.686963E+00,1.019898E+00,3.760325E+00,nan
49:29.9,3.686997E+00,1.019900E+00,3.760370E+00,nan
49:30.9,3.687059E+00,1.019913E+00,3.760480E+00,nan
49:31.9,3.687109E+00,1.019898E+00,3.760474E+00,nan
49:32.9,3.687149E+00,1.019899E+00,3.760520E+00,nan
49:33.9,3.687176E+00,1.019888E+00,3.760506E+00,nan
49:34.9,3.687250E+00,1.019897E+00,3.760614E+00,nan
49:35.9,3.687290E+00,1.019892E+00,3.760635E+00,nan
49:36.9,3.687347E+00,1.019895E+00,3.760708E+00,nan
49:37.9,3.687416E+00,1.019890E+00,3.760760E+00,nan
49:38.9,3.687458E+00,1.019894E+00,3.760817E+00,nan
49:39.9,3.687503E+00,1.019898E+00,3.760876E+00,nan
49:40.9,3.687540E+00,1.019900E+00,3.760923E+00,nan
49:41.9,3.687604E+00,1.019893E+00,3.760961E+00,nan
49:42.9,3.687674E+00,1.019904E+00,3.761074E+00,nan
49:43.9,3.687706E+00,1.019890E+00,3.761055E+00,nan
49:44.9,3.687773E+00,1.019894E+00,3.761138E+00,nan
49:45.9,3.687820E+00,1.019893E+00,3.761181E+00,nan
49:46.9,3.687869E+00,1.019895E+00,3.761241E+00,nan
49:47.9,3.687916E+00,1.019895E+00,3.761289E+00,nan
49:48.9,3.687981E+00,1.019890E+00,3.761336E+00,nan
49:49.9,3.688013E+00,1.019893E+00,3.761378E+00,nan
49:50.9,3.688062E+00,1.019894E+00,3.761433E+00,nan
49:51.9,3.688147E+00,1.019893E+00,3.761514E+00,nan
49:52.9,3.688174E+00,1.019893E+00,3.761542E+00,nan
49:53.9,3.688231E+00,1.019898E+00,3.761619E+00,nan
49:54.9,3.688305E+00,1.019907E+00,3.761727E+00,nan
49:55.9,3.688333E+00,1.019904E+00,3.761746E+00,nan
49:56.9,3.688372E+00,1.019898E+00,3.761763E+00,nan
49:57.9,3.688412E+00,1.019897E+00,3.761799E+00,nan
49:58.9,3.688518E+00,1.019894E+00,3.761898E+00,nan
49:59.9,3.688558E+00,1.019897E+00,3.761948E+00,nan
50:00.9,3.688600E+00,1.019894E+00,3.761982E+00,nan
50:01.9,3.688640E+00,1.019895E+00,3.762026E+00,nan
50:02.9,3.688706E+00,1.019902E+00,3.762118E+00,nan
50:03.9,3.688773E+00,1.019899E+00,3.762177E+00,nan
50:04.9,3.688801E+00,1.019897E+00,3.762195E+00,nan
50:05.9,3.688848E+00,1.019899E+00,3.762253E+00,nan
50:06.9,3.688917E+00,1.019902E+00,3.762332E+00,nan
50:07.9,3.688969E+00,1.019899E+00,3.762376E+00,nan
50:08.9,3.689063E+00,1.019902E+00,3.762481E+00,nan
50:09.9,3.689085E+00,1.019905E+00,3.762518E+00,nan
50:10.9,3.689132E+00,1.019898E+00,3.762538E+00,nan
50:11.9,3.689165E+00,1.019898E+00,3.762571E+00,nan
50:12.9,3.689237E+00,1.019905E+00,3.762673E+00,nan
50:13.9,3.689296E+00,1.019902E+00,3.762719E+00,nan
50:14.9,3.689306E+00,1.019898E+00,3.762715E+00,nan
50:15.9,3.689390E+00,1.019902E+00,3.762815E+00,nan
50:16.9,3.689462E+00,1.019892E+00,3.762851E+00,nan
50:17.9,3.689477E+00,1.019886E+00,3.762847E+00,nan
50:18.9,3.689544E+00,1.019889E+00,3.762925E+00,nan
50:19.9,3.689591E+00,1.019888E+00,3.762969E+00,nan
50:20.9,3.689665E+00,1.019886E+00,3.763040E+00,nan
50:21.9,3.689685E+00,1.019892E+00,3.763078E+00,nan
50:22.9,3.689729E+00,1.019890E+00,3.763119E+00,nan
50:23.9,3.689786E+00,1.019894E+00,3.763191E+00,nan
50:24.9,3.689841E+00,1.019893E+00,3.763242E+00,nan
50:25.9,3.689903E+00,1.019893E+00,3.763305E+00,nan
50:26.9,3.689952E+00,1.019894E+00,3.763361E+00,nan
50:27.9,3.689985E+00,1.019897E+00,3.763403E+00,nan
50:28.9,3.690071E+00,1.019893E+00,3.763477E+00,nan
50:29.9,3.690104E+00,1.019892E+00,3.763505E+00,nan
50:30.9,3.690158E+00,1.019893E+00,3.763566E+00,nan
50:31.9,3.690190E+00,1.019897E+00,3.763612E+00,nan
50:32.9,3.690267E+00,1.019897E+00,3.763691E+00,nan
50:33.9,3.690302E+00,1.019893E+00,3.763712E+00,nan
50:34.9,3.690381E+00,1.019894E+00,3.763798E+00,nan
50:35.9,3.690423E+00,1.019890E+00,3.763827E+00,nan
50:36.9,3.690482E+00,1.019894E+00,3.763901E+00,nan
50:37.9,3.690532E+00,1.019899E+00,3.763970E+00,nan
50:38.9,3.690577E+00,1.019895E+00,3.764002E+00,nan
50:39.9,3.690606E+00,1.019895E+00,3.764032E+00,nan
50:40.9,3.690673E+00,1.019897E+00,3.764105E+00,nan
50:41.9,3.690740E+00,1.019892E+00,3.764154E+00,nan
50:42.9,3.690787E+00,1.019888E+00,3.764189E+00,nan
50:43.9,3.690817E+00,1.019895E+00,3.764247E+00,nan
50:44.9,3.690891E+00,1.019893E+00,3.764313E+00,nan
50:45.9,3.690918E+00,1.019893E+00,3.764341E+00,nan
50:46.9,3.690990E+00,1.019898E+00,3.764433E+00,nan
50:47.9,3.691045E+00,1.019895E+00,3.764479E+00,nan
50:48.9,3.691092E+00,1.019900E+00,3.764546E+00,nan
50:49.9,3.691151E+00,1.019892E+00,3.764574E+00,nan
50:50.9,3.691183E+00,1.019894E+00,3.764616E+00,nan
50:51.9,3.691260E+00,1.019898E+00,3.764708E+00,nan
50:52.9,3.691305E+00,1.019894E+00,3.764740E+00,nan
50:53.9,3.691359E+00,1.019893E+00,3.764791E+00,nan
50:54.9,3.691411E+00,1.019895E+00,3.764853E+00,nan
50:55.9,3.691458E+00,1.019895E+00,3.764901E+00,nan
50:56.9,3.691498E+00,1.019894E+00,3.764937E+00,nan
50:57.9,3.691545E+00,1.019892E+00,3.764975E+00,nan
50:58.9,3.691607E+00,1.019897E+00,3.765058E+00,nan
50:59.9,3.691649E+00,1.019900E+00,3.765114E+00,nan
51:00.9,3.691706E+00,1.019902E+00,3.765177E+00,nan
51:01.9,3.691761E+00,1.019905E+00,3.765247E+00,nan
51:02.9,3.691832E+00,1.019902E+00,3.765306E+00,nan
51:03.9,3.691877E+00,1.019899E+00,3.765342E+00,nan
51:04.9,3.691902E+00,1.019894E+00,3.765349E+00,nan
51:05.9,3.691968E+00,1.019893E+00,3.765412E+00,nan
51:06.9,3.692043E+00,1.019894E+00,3.765493E+00,nan
51:07.9,3.692075E+00,1.019894E+00,3.765526E+00,nan
51:08.9,3.692125E+00,1.019894E+00,3.765576E+00,nan
51:09.9,3.692184E+00,1.019893E+00,3.765632E+00,nan
51:10.9,3.692244E+00,1.019898E+00,3.765711E+00,nan
51:11.9,3.692283E+00,1.019900E+00,3.765761E+00,nan
51:12.9,3.692360E+00,1.019897E+00,3.765825E+00,nan
51:13.9,3.692407E+00,1.019894E+00,3.765864E+00,nan
51:14.9,3.692469E+00,1.019897E+00,3.765937E+00,nan
51:15.9,3.692523E+00,1.019900E+00,3.766006E+00,nan
51:16.9,3.692583E+00,1.019898E+00,3.766057E+00,nan
51:17.9,3.692610E+00,1.019900E+00,3.766095E+00,nan
51:18.9,3.692677E+00,1.019892E+00,3.766130E+00,nan
51:19.9,3.692707E+00,1.019898E+00,3.766183E+00,nan
51:20.9,3.692764E+00,1.019895E+00,3.766232E+00,nan
51:21.9,3.692828E+00,1.019898E+00,3.766307E+00,nan
51:22.9,3.692858E+00,1.019893E+00,3.766319E+00,nan
51:23.9,3.692912E+00,1.019900E+00,3.766403E+00,nan
51:24.9,3.692964E+00,1.019895E+00,3.766437E+00,nan
51:25.9,3.693031E+00,1.019902E+00,3.766528E+00,nan
51:26.9,3.693078E+00,1.019902E+00,3.766577E+00,nan
51:27.9,3.693143E+00,1.019899E+00,3.766633E+00,nan
51:28.9,3.693205E+00,1.019895E+00,3.766682E+00,nan
51:29.9,3.693247E+00,1.019893E+00,3.766716E+00,nan
51:30.9,3.693291E+00,1.019904E+00,3.766803E+00,nan
51:31.9,3.693341E+00,1.019895E+00,3.766821E+00,nan
51:32.9,3.693415E+00,1.019892E+00,3.766883E+00,nan
51:33.9,3.693450E+00,1.019893E+00,3.766923E+00,nan
51:34.9,3.693499E+00,1.019903E+00,3.767011E+00,nan
51:35.9,3.693534E+00,1.019899E+00,3.767032E+00,nan
51:36.9,3.693606E+00,1.019902E+00,3.767114E+00,nan
51:37.9,3.693683E+00,1.019899E+00,3.767184E+00,nan
51:38.9,3.693710E+00,1.019899E+00,3.767211E+00,nan
51:39.9,3.693774E+00,1.019900E+00,3.767282E+00,nan
51:40.9,3.693819E+00,1.019899E+00,3.767323E+00,nan
51:41.9,3.693866E+00,1.019899E+00,3.767370E+00,nan
51:42.9,3.693940E+00,1.019904E+00,3.767465E+00,nan
51:43.9,3.693997E+00,1.019898E+00,3.767500E+00,nan
51:44.9,3.694037E+00,1.019899E+00,3.767545E+00,nan
51:45.9,3.694106E+00,1.019904E+00,3.767634E+00,nan
51:46.9,3.694151E+00,1.019895E+00,3.767647E+00,nan
51:47.9,3.694178E+00,1.019893E+00,3.767665E+00,nan
51:48.9,3.694227E+00,1.019897E+00,3.767730E+00,nan
51:49.9,3.694277E+00,1.019899E+00,3.767790E+00,nan
51:50.9,3.694359E+00,1.019900E+00,3.767878E+00,nan
51:51.9,3.694393E+00,1.019899E+00,3.767909E+00,nan
51:52.9,3.694463E+00,1.019899E+00,3.767979E+00,nan
51:53.9,3.694502E+00,1.019899E+00,3.768020E+00,nan
51:54.9,3.694564E+00,1.019902E+00,3.768092E+00,nan
51:55.9,3.694604E+00,1.019900E+00,3.768128E+00,nan
51:56.9,3.694661E+00,1.019909E+00,3.768219E+00,nan
51:57.9,3.694696E+00,1.019903E+00,3.768231E+00,nan
51:58.9,3.694743E+00,1.019902E+00,3.768274E+00,nan
51:59.9,3.694809E+00,1.019903E+00,3.768347E+00,nan
52:00.9,3.694879E+00,1.019895E+00,3.768390E+00,nan
52:01.9,3.694926E+00,1.019898E+00,3.768447E+00,nan
52:02.9,3.694961E+00,1.019900E+00,3.768492E+00,nan
52:03.9,3.695010E+00,1.019900E+00,3.768543E+00,nan
52:04.9,3.695075E+00,1.019907E+00,3.768632E+00,nan
52:05.9,3.695117E+00,1.019902E+00,3.768656E+00,nan
52:06.9,3.695161E+00,1.019898E+00,3.768687E+00,nan
52:07.9,3.695228E+00,1.019903E+00,3.768774E+00,nan
52:08.9,3.695288E+00,1.019895E+00,3.768807E+00,nan
52:09.9,3.695349E+00,1.019898E+00,3.768879E+00,nan
52:10.9,3.695404E+00,1.019903E+00,3.768953E+00,nan
52:11.9,3.695441E+00,1.019905E+00,3.769001E+00,nan
52:12.9,3.695503E+00,1.019897E+00,3.769031E+00,nan
52:13.9,3.695543E+00,1.019900E+00,3.769086E+00,nan
52:14.9,3.695600E+00,1.019907E+00,3.769167E+00,nan
52:15.9,3.695654E+00,1.019909E+00,3.769232E+00,nan
52:16.9,3.695726E+00,1.019897E+00,3.769258E+00,nan
52:17.9,3.695763E+00,1.019907E+00,3.769334E+00,nan
52:18.9,3.695803E+00,1.019898E+00,3.769341E+00,nan
52:19.9,3.695884E+00,1.019902E+00,3.769439E+00,nan
52:20.9,3.695897E+00,1.019903E+00,3.769456E+00,nan
52:21.9,3.695971E+00,1.019902E+00,3.769527E+00,nan
52:22.9,3.696031E+00,1.019908E+00,3.769611E+00,nan
52:23.9,3.696083E+00,1.019905E+00,3.769655E+00,nan
52:24.9,3.696117E+00,1.019902E+00,3.769676E+00,nan
52:25.9,3.696167E+00,1.019900E+00,3.769722E+00,nan
52:26.9,3.696246E+00,1.019904E+00,3.769817E+00,nan
52:27.9,3.696276E+00,1.019900E+00,3.769833E+00,nan
52:28.9,3.696348E+00,1.019895E+00,3.769888E+00,nan
52:29.9,3.696392E+00,1.019899E+00,3.769947E+00,nan
52:30.9,3.696464E+00,1.019899E+00,3.770020E+00,nan
52:31.9,3.696521E+00,1.019897E+00,3.770069E+00,nan
52:32.9,3.696578E+00,1.019895E+00,3.770123E+00,nan
52:33.9,3.696620E+00,1.019897E+00,3.770170E+00,nan
52:34.9,3.696650E+00,1.019890E+00,3.770177E+00,nan
52:35.9,3.696692E+00,1.019893E+00,3.770230E+00,nan
52:36.9,3.696786E+00,1.019897E+00,3.770340E+00,nan
52:37.9,3.696826E+00,1.019897E+00,3.770380E+00,nan
52:38.9,3.696878E+00,1.019892E+00,3.770414E+00,nan
52:39.9,3.696935E+00,1.019902E+00,3.770510E+00,nan
52:40.9,3.696967E+00,1.019895E+00,3.770519E+00,nan
52:41.9,3.697039E+00,1.019908E+00,3.770639E+00,nan
52:42.9,3.697091E+00,1.019899E+00,3.770660E+00,nan
52:43.9,3.697150E+00,1.019902E+00,3.770730E+00,nan
52:44.9,3.697200E+00,1.019900E+00,3.770776E+00,nan
52:45.9,3.697249E+00,1.019895E+00,3.770807E+00,nan
52:46.9,3.697326E+00,1.019900E+00,3.770905E+00,nan
52:47.9,3.697363E+00,1.019900E+00,3.770942E+00,nan
52:48.9,3.697403E+00,1.019903E+00,3.770992E+00,nan
52:49.9,3.697462E+00,1.019902E+00,3.771048E+00,nan
52:50.9,3.697529E+00,1.019902E+00,3.771116E+00,nan
52:51.9,3.697576E+00,1.019895E+00,3.771141E+00,nan
52:52.9,3.697626E+00,1.019904E+00,3.771224E+00,nan
52:53.9,3.697685E+00,1.019894E+00,3.771247E+00,nan
52:54.9,3.697715E+00,1.019899E+00,3.771296E+00,nan
52:55.9,3.697812E+00,1.019902E+00,3.771404E+00,nan
52:56.9,3.697861E+00,1.019893E+00,3.771422E+00,nan
52:57.9,3.697896E+00,1.019897E+00,3.771471E+00,nan
52:58.9,3.697963E+00,1.019902E+00,3.771558E+00,nan
52:59.9,3.698015E+00,1.019902E+00,3.771611E+00,nan
53:00.9,3.698049E+00,1.019895E+00,3.771623E+00,nan
53:01.9,3.698121E+00,1.019902E+00,3.771720E+00,nan
53:02.9,3.698158E+00,1.019905E+00,3.771772E+00,nan
53:03.9,3.698218E+00,1.019900E+00,3.771814E+00,nan
53:04.9,3.698275E+00,1.019895E+00,3.771853E+00,nan
53:05.9,3.698332E+00,1.019895E+00,3.771911E+00,nan
53:06.9,3.698376E+00,1.019893E+00,3.771947E+00,nan
53:07.9,3.698448E+00,1.019899E+00,3.772044E+00,nan
53:08.9,3.698470E+00,1.019890E+00,3.772034E+00,nan
53:09.9,3.698545E+00,1.019894E+00,3.772124E+00,nan
53:10.9,3.698589E+00,1.019885E+00,3.772136E+00,nan
53:11.9,3.698659E+00,1.019898E+00,3.772254E+00,nan
53:12.9,3.698706E+00,1.019893E+00,3.772283E+00,nan
53:13.9,3.698745E+00,1.019890E+00,3.772314E+00,nan
53:14.9,3.698817E+00,1.019902E+00,3.772430E+00,nan
53:15.9,3.698872E+00,1.019899E+00,3.772476E+00,nan
53:16.9,3.698919E+00,1.019903E+00,3.772538E+00,nan
53:17.9,3.698976E+00,1.019899E+00,3.772582E+00,nan
53:18.9,3.699045E+00,1.019900E+00,3.772658E+00,nan
53:19.9,3.699072E+00,1.019897E+00,3.772671E+00,nan
53:20.9,3.699127E+00,1.019899E+00,3.772736E+00,nan
53:21.9,3.699171E+00,1.019893E+00,3.772758E+00,nan
53:22.9,3.699251E+00,1.019894E+00,3.772844E+00,nan
53:23.9,3.699275E+00,1.019902E+00,3.772897E+00,nan
53:24.9,3.699335E+00,1.019904E+00,3.772967E+00,nan
53:25.9,3.699379E+00,1.019902E+00,3.773003E+00,nan
53:26.9,3.699454E+00,1.019902E+00,3.773079E+00,nan
53:27.9,3.699523E+00,1.019898E+00,3.773135E+00,nan
53:28.9,3.699568E+00,1.019898E+00,3.773181E+00,nan
53:29.9,3.699640E+00,1.019903E+00,3.773273E+00,nan
53:30.9,3.699662E+00,1.019905E+00,3.773305E+00,nan
53:31.9,3.699724E+00,1.019908E+00,3.773378E+00,nan
53:32.9,3.699786E+00,1.019897E+00,3.773399E+00,nan
53:33.9,3.699825E+00,1.019900E+00,3.773453E+00,nan
53:34.9,3.699914E+00,1.019897E+00,3.773530E+00,nan
53:35.9,3.699947E+00,1.019894E+00,3.773554E+00,nan
53:36.9,3.699999E+00,1.019899E+00,3.773625E+00,nan
53:37.9,3.700063E+00,1.019894E+00,3.773672E+00,nan
53:38.9,3.700123E+00,1.019895E+00,3.773738E+00,nan
53:39.9,3.700167E+00,1.019898E+00,3.773792E+00,nan
53:40.9,3.700209E+00,1.019899E+00,3.773840E+00,nan
53:41.9,3.700279E+00,1.019902E+00,3.773920E+00,nan
53:42.9,3.700321E+00,1.019888E+00,3.773912E+00,nan
53:43.9,3.700387E+00,1.019893E+00,3.773999E+00,nan
53:44.9,3.700417E+00,1.019895E+00,3.774038E+00,nan
53:45.9,3.700491E+00,1.019898E+00,3.774123E+00,nan
53:46.9,3.700566E+00,1.019895E+00,3.774190E+00,nan
53:47.9,3.700588E+00,1.019900E+00,3.774232E+00,nan
53:48.9,3.700657E+00,1.019900E+00,3.774302E+00,nan
53:49.9,3.700722E+00,1.019900E+00,3.774368E+00,nan
53:50.9,3.700764E+00,1.019907E+00,3.774434E+00,nan
53:51.9,3.700848E+00,1.019903E+00,3.774506E+00,nan
53:52.9,3.700873E+00,1.019900E+00,3.774522E+00,nan
53:53.9,3.700940E+00,1.019890E+00,3.774553E+00,nan
53:54.9,3.700987E+00,1.019895E+00,3.774619E+00,nan
53:55.9,3.701064E+00,1.019897E+00,3.774702E+00,nan
53:56.9,3.701096E+00,1.019899E+00,3.774744E+00,nan
53:57.9,3.701168E+00,1.019902E+00,3.774827E+00,nan
53:58.9,3.701197E+00,1.019900E+00,3.774853E+00,nan
53:59.9,3.701267E+00,1.019900E+00,3.774924E+00,nan
54:00.9,3.701349E+00,1.019902E+00,3.775011E+00,nan
54:01.9,3.701366E+00,1.019893E+00,3.774997E+00,nan
54:02.9,3.701413E+00,1.019895E+00,3.775054E+00,nan
54:03.9,3.701487E+00,1.019900E+00,3.775149E+00,nan
54:04.9,3.701534E+00,1.019902E+00,3.775201E+00,nan
54:05.9,3.701604E+00,1.019898E+00,3.775257E+00,nan
54:06.9,3.701633E+00,1.019903E+00,3.775307E+00,nan
54:07.9,3.701708E+00,1.019909E+00,3.775406E+00,nan
54:08.9,3.701737E+00,1.019913E+00,3.775450E+00,nan
54:09.9,3.701812E+00,1.019899E+00,3.775475E+00,nan
54:10.9,3.701864E+00,1.019907E+00,3.775556E+00,nan
54:11.9,3.701901E+00,1.019897E+00,3.775556E+00,nan
54:12.9,3.701978E+00,1.019903E+00,3.775658E+00,nan
54:13.9,3.702042E+00,1.019907E+00,3.775738E+00,nan
54:14.9,3.702057E+00,1.019904E+00,3.775743E+00,nan
54:15.9,3.702136E+00,1.019902E+00,3.775815E+00,nan
54:16.9,3.702168E+00,1.019902E+00,3.775848E+00,nan
54:17.9,3.702233E+00,1.019907E+00,3.775932E+00,nan
54:18.9,3.702285E+00,1.019902E+00,3.775966E+00,nan
54:19.9,3.702357E+00,1.019905E+00,3.776054E+00,nan
54:20.9,3.702399E+00,1.019905E+00,3.776097E+00,nan
54:21.9,3.702453E+00,1.019909E+00,3.776166E+00,nan
54:22.9,3.702503E+00,1.019899E+00,3.776179E+00,nan
54:23.9,3.702572E+00,1.019907E+00,3.776278E+00,nan
54:24.9,3.702602E+00,1.019905E+00,3.776304E+00,nan
54:25.9,3.702639E+00,1.019905E+00,3.776342E+00,nan
54:26.9,3.702733E+00,1.019907E+00,3.776442E+00,nan
54:27.9,3.702765E+00,1.019905E+00,3.776470E+00,nan
54:28.9,3.702840E+00,1.019909E+00,3.776560E+00,nan
54:29.9,3.702874E+00,1.019907E+00,3.776586E+00,nan
54:30.9,3.702949E+00,1.019909E+00,3.776672E+00,nan
54:31.9,3.702976E+00,1.019911E+00,3.776704E+00,nan
54:32.9,3.703058E+00,1.019908E+00,3.776778E+00,nan
54:33.9,3.703097E+00,1.019905E+00,3.776809E+00,nan
54:34.9,3.703149E+00,1.019908E+00,3.776871E+00,nan
54:35.9,3.703206E+00,1.019919E+00,3.776972E+00,nan
54:36.9,3.703263E+00,1.019916E+00,3.777016E+00,nan
54:37.9,3.703340E+00,1.019912E+00,3.777080E+00,nan
54:38.9,3.703397E+00,1.019913E+00,3.777143E+00,nan
54:39.9,3.703427E+00,1.019912E+00,3.777168E+00,nan
54:40.9,3.703481E+00,1.019911E+00,3.777220E+00,nan
54:41.9,3.703518E+00,1.019908E+00,3.777248E+00,nan
54:42.9,3.703605E+00,1.019909E+00,3.777341E+00,nan
54:43.9,3.703667E+00,1.019905E+00,3.777390E+00,nan
54:44.9,3.703744E+00,1.019916E+00,3.777506E+00,nan
54:45.9,3.703756E+00,1.019911E+00,3.777500E+00,nan
54:46.9,3.703828E+00,1.019909E+00,3.777568E+00,nan
54:47.9,3.703872E+00,1.019911E+00,3.777619E+00,nan
54:48.9,3.703927E+00,1.019909E+00,3.777669E+00,nan
54:49.9,3.703972E+00,1.019909E+00,3.777715E+00,nan
54:50.9,3.704038E+00,1.019902E+00,3.777755E+00,nan
54:51.9,3.704108E+00,1.019904E+00,3.777835E+00,nan
54:52.9,3.704152E+00,1.019908E+00,3.777894E+00,nan
54:53.9,3.704200E+00,1.019905E+00,3.777933E+00,nan
54:54.9,3.704242E+00,1.019898E+00,3.777948E+00,nan
54:55.9,3.704321E+00,1.019912E+00,3.778080E+00,nan
54:56.9,3.704380E+00,1.019908E+00,3.778127E+00,nan
54:57.9,3.704407E+00,1.019912E+00,3.778169E+00,nan
54:58.9,3.704469E+00,1.019914E+00,3.778241E+00,nan
54:59.9,3.704529E+00,1.019914E+00,3.778302E+00,nan
55:00.9,3.704568E+00,1.019914E+00,3.778342E+00,nan
55:01.9,3.704633E+00,1.019911E+00,3.778394E+00,nan
55:02.9,3.704670E+00,1.019909E+00,3.778427E+00,nan
55:03.9,3.704735E+00,1.019905E+00,3.778479E+00,nan
55:04.9,3.704816E+00,1.019908E+00,3.778571E+00,nan
55:05.9,3.704873E+00,1.019903E+00,3.778611E+00,nan
55:06.9,3.704908E+00,1.019903E+00,3.778646E+00,nan
55:07.9,3.704977E+00,1.019898E+00,3.778698E+00,nan
55:08.9,3.705037E+00,1.019908E+00,3.778796E+00,nan
55:09.9,3.705099E+00,1.019902E+00,3.778836E+00,nan
55:10.9,3.705126E+00,1.019911E+00,3.778897E+00,nan
55:11.9,3.705198E+00,1.019904E+00,3.778946E+00,nan
55:12.9,3.705252E+00,1.019908E+00,3.779016E+00,nan
55:13.9,3.705304E+00,1.019900E+00,3.779041E+00,nan
55:14.9,3.705381E+00,1.019902E+00,3.779124E+00,nan
55:15.9,3.705413E+00,1.019897E+00,3.779138E+00,nan
55:16.9,3.705463E+00,1.019898E+00,3.779193E+00,nan
55:17.9,3.705559E+00,1.019898E+00,3.779292E+00,nan
55:18.9,3.705564E+00,1.019895E+00,3.779288E+00,nan
55:19.9,3.705616E+00,1.019904E+00,3.779373E+00,nan
55:20.9,3.705673E+00,1.019905E+00,3.779436E+00,nan
55:21.9,3.705743E+00,1.019912E+00,3.779530E+00,nan
55:22.9,3.705800E+00,1.019908E+00,3.779574E+00,nan
55:23.9,3.705871E+00,1.019897E+00,3.779606E+00,nan
55:24.9,3.705931E+00,1.019902E+00,3.779685E+00,nan
55:25.9,3.705963E+00,1.019905E+00,3.779732E+00,nan
55:26.9,3.706035E+00,1.019902E+00,3.779791E+00,nan
55:27.9,3.706082E+00,1.019903E+00,3.779844E+00,nan
55:28.9,3.706144E+00,1.019909E+00,3.779930E+00,nan
55:29.9,3.706196E+00,1.019904E+00,3.779964E+00,nan
55:30.9,3.706268E+00,1.019900E+00,3.780024E+00,nan
55:31.9,3.706297E+00,1.019905E+00,3.780073E+00,nan
55:32.9,3.706335E+00,1.019902E+00,3.780097E+00,nan
55:33.9,3.706434E+00,1.019905E+00,3.780212E+00,nan
55:34.9,3.706458E+00,1.019903E+00,3.780228E+00,nan
55:35.9,3.706528E+00,1.019898E+00,3.780280E+00,nan
55:36.9,3.706590E+00,1.019902E+00,3.780357E+00,nan
55:37.9,3.706617E+00,1.019900E+00,3.780380E+00,nan
55:38.9,3.706684E+00,1.019904E+00,3.780462E+00,nan
55:39.9,3.706736E+00,1.019902E+00,3.780506E+00,nan
55:40.9,3.706795E+00,1.019908E+00,3.780590E+00,nan
55:41.9,3.706872E+00,1.019909E+00,3.780673E+00,nan
55:42.9,3.706872E+00,1.019912E+00,3.780682E+00,nan
55:43.9,3.706946E+00,1.019907E+00,3.780740E+00,nan
55:44.9,3.707026E+00,1.019904E+00,3.780811E+00,nan
55:45.9,3.707107E+00,1.019907E+00,3.780904E+00,nan
55:46.9,3.707159E+00,1.019919E+00,3.781004E+00,nan
55:47.9,3.707184E+00,1.019909E+00,3.780991E+00,nan
55:48.9,3.707234E+00,1.019903E+00,3.781019E+00,nan
55:49.9,3.707293E+00,1.019907E+00,3.781093E+00,nan
55:50.9,3.707348E+00,1.019905E+00,3.781144E+00,nan
55:51.9,3.707397E+00,1.019905E+00,3.781195E+00,nan
55:52.9,3.707459E+00,1.019904E+00,3.781253E+00,nan
55:53.9,3.707533E+00,1.019911E+00,3.781352E+00,nan
55:54.9,3.707548E+00,1.019909E+00,3.781363E+00,nan
55:55.9,3.707603E+00,1.019904E+00,3.781399E+00,nan
55:56.9,3.707662E+00,1.019907E+00,3.781470E+00,nan
55:57.9,3.707756E+00,1.019912E+00,3.781584E+00,nan
55:58.9,3.707766E+00,1.019899E+00,3.781547E+00,nan
55:59.9,3.707853E+00,1.019900E+00,3.781641E+00,nan
56:00.9,3.707878E+00,1.019900E+00,3.781666E+00,nan
56:01.9,3.707967E+00,1.019908E+00,3.781785E+00,nan
56:02.9,3.708024E+00,1.019903E+00,3.781824E+00,nan
56:03.9,3.708054E+00,1.019905E+00,3.781864E+00,nan
56:04.9,3.708106E+00,1.019900E+00,3.781899E+00,nan
56:05.9,3.708172E+00,1.019907E+00,3.781990E+00,nan
56:06.9,3.708227E+00,1.019908E+00,3.782050E+00,nan
56:07.9,3.708279E+00,1.019908E+00,3.782103E+00,nan
56:08.9,3.708356E+00,1.019905E+00,3.782172E+00,nan
56:09.9,3.708427E+00,1.019905E+00,3.782245E+00,nan
56:10.9,3.708442E+00,1.019902E+00,3.782247E+00,nan
56:11.9,3.708497E+00,1.019905E+00,3.782316E+00,nan
56:12.9,3.708571E+00,1.019898E+00,3.782364E+00,nan
56:13.9,3.708611E+00,1.019908E+00,3.782442E+00,nan
56:14.9,3.708665E+00,1.019900E+00,3.782469E+00,nan
56:15.9,3.708764E+00,1.019909E+00,3.782603E+00,nan
56:16.9,3.708779E+00,1.019903E+00,3.782595E+00,nan
56:17.9,3.708834E+00,1.019911E+00,3.782679E+00,nan
56:18.9,3.708925E+00,1.019908E+00,3.782762E+00,nan
56:19.9,3.708940E+00,1.019905E+00,3.782768E+00,nan
56:20.9,3.709047E+00,1.019905E+00,3.782877E+00,nan
56:21.9,3.709044E+00,1.019904E+00,3.782870E+00,nan
56:22.9,3.709121E+00,1.019900E+00,3.782934E+00,nan
56:23.9,3.709205E+00,1.019898E+00,3.783010E+00,nan
56:24.9,3.709252E+00,1.019904E+00,3.783082E+00,nan
56:25.9,3.709309E+00,1.019907E+00,3.783150E+00,nan
56:26.9,3.709359E+00,1.019898E+00,3.783167E+00,nan
56:27.9,3.709406E+00,1.019897E+00,3.783211E+00,nan
56:28.9,3.709470E+00,1.019900E+00,3.783290E+00,nan
56:29.9,3.709542E+00,1.019899E+00,3.783359E+00,nan
56:30.9,3.709597E+00,1.019903E+00,3.783429E+00,nan
56:31.9,3.709634E+00,1.019899E+00,3.783452E+00,nan
56:32.9,3.709683E+00,1.019895E+00,3.783488E+00,nan
56:33.9,3.709765E+00,1.019897E+00,3.783577E+00,nan
56:34.9,3.709812E+00,1.019897E+00,3.783625E+00,nan
56:35.9,3.709842E+00,1.019903E+00,3.783679E+00,nan
56:36.9,3.709926E+00,1.019900E+00,3.783755E+00,nan
56:37.9,3.709973E+00,1.019902E+00,3.783808E+00,nan
56:38.9,3.710032E+00,1.019899E+00,3.783859E+00,nan
56:39.9,3.710070E+00,1.019902E+00,3.783906E+00,nan
56:40.9,3.710134E+00,1.019897E+00,3.783953E+00,nan
56:41.9,3.710201E+00,1.019897E+00,3.784022E+00,nan
56:42.9,3.710265E+00,1.019895E+00,3.784082E+00,nan
56:43.9,3.710317E+00,1.019888E+00,3.784107E+00,nan
56:44.9,3.710382E+00,1.019900E+00,3.784220E+00,nan
56:45.9,3.710404E+00,1.019888E+00,3.784196E+00,nan
56:46.9,3.710503E+00,1.019895E+00,3.784325E+00,nan
56:47.9,3.710538E+00,1.019902E+00,3.784384E+00,nan
56:48.9,3.710602E+00,1.019900E+00,3.784445E+00,nan
56:49.9,3.710637E+00,1.019897E+00,3.784466E+00,nan
56:50.9,3.710716E+00,1.019897E+00,3.784547E+00,nan
56:51.9,3.710773E+00,1.019898E+00,3.784609E+00,nan
56:52.9,3.710818E+00,1.019895E+00,3.784645E+00,nan
56:53.9,3.710877E+00,1.019903E+00,3.784735E+00,nan
56:54.9,3.710917E+00,1.019897E+00,3.784751E+00,nan
56:55.9,3.710986E+00,1.019905E+00,3.784855E+00,nan
56:56.9,3.711033E+00,1.019900E+00,3.784884E+00,nan
56:57.9,3.711097E+00,1.019899E+00,3.784945E+00,nan
56:58.9,3.711169E+00,1.019903E+00,3.785033E+00,nan
56:59.9,3.711221E+00,1.019898E+00,3.785067E+00,nan
57:00.9,3.711291E+00,1.019897E+00,3.785133E+00,nan
57:01.9,3.711340E+00,1.019903E+00,3.785207E+00,nan
57:02.9,3.711390E+00,1.019905E+00,3.785267E+00,nan
57:03.9,3.711457E+00,1.019904E+00,3.785330E+00,nan
57:04.9,3.711494E+00,1.019898E+00,3.785345E+00,nan
57:05.9,3.711546E+00,1.019907E+00,3.785431E+00,nan
57:06.9,3.711610E+00,1.019895E+00,3.785454E+00,nan
57:07.9,3.711687E+00,1.019902E+00,3.785556E+00,nan
57:08.9,3.711744E+00,1.019900E+00,3.785609E+00,nan
57:09.9,3.711784E+00,1.019902E+00,3.785654E+00,nan
57:10.9,3.711826E+00,1.019902E+00,3.785697E+00,nan
57:11.9,3.711908E+00,1.019905E+00,3.785795E+00,nan
57:12.9,3.712007E+00,1.019904E+00,3.785891E+00,nan
57:13.9,3.711992E+00,1.019904E+00,3.785876E+00,nan
57:14.9,3.712051E+00,1.019912E+00,3.785965E+00,nan
57:15.9,3.712123E+00,1.019903E+00,3.786005E+00,nan
57:16.9,3.712168E+00,1.019902E+00,3.786046E+00,nan
57:17.9,3.712244E+00,1.019895E+00,3.786101E+00,nan
57:18.9,3.712294E+00,1.019897E+00,3.786156E+00,nan
57:19.9,3.712361E+00,1.019903E+00,3.786248E+00,nan
57:20.9,3.712393E+00,1.019899E+00,3.786266E+00,nan
57:21.9,3.712457E+00,1.019895E+00,3.786318E+00,nan
57:22.9,3.712519E+00,1.019897E+00,3.786386E+00,nan
57:23.9,3.712566E+00,1.019898E+00,3.786438E+00,nan
57:24.9,3.712633E+00,1.019898E+00,3.786506E+00,nan
57:25.9,3.712688E+00,1.019893E+00,3.786544E+00,nan
57:26.9,3.712747E+00,1.019894E+00,3.786609E+00,nan
57:27.9,3.712787E+00,1.019893E+00,3.786645E+00,nan
57:28.9,3.712878E+00,1.019895E+00,3.786747E+00,nan
57:29.9,3.712918E+00,1.019892E+00,3.786774E+00,nan
57:30.9,3.712987E+00,1.019889E+00,3.786835E+00,nan
57:31.9,3.713032E+00,1.019889E+00,3.786880E+00,nan
57:32.9,3.713096E+00,1.019895E+00,3.786970E+00,nan
57:33.9,3.713153E+00,1.019897E+00,3.787033E+00,nan
57:34.9,3.713208E+00,1.019903E+00,3.787112E+00,nan
57:35.9,3.713250E+00,1.019904E+00,3.787159E+00,nan
57:36.9,3.713319E+00,1.019897E+00,3.787202E+00,nan
57:37.9,3.713369E+00,1.019897E+00,3.787252E+00,nan
57:38.9,3.713426E+00,1.019897E+00,3.787311E+00,nan
57:39.9,3.713498E+00,1.019904E+00,3.787412E+00,nan
57:40.9,3.713562E+00,1.019900E+00,3.787464E+00,nan
57:41.9,3.713607E+00,1.019900E+00,3.787509E+00,nan
57:42.9,3.713666E+00,1.019898E+00,3.787560E+00,nan
57:43.9,3.713731E+00,1.019897E+00,3.787621E+00,nan
57:44.9,3.713778E+00,1.019899E+00,3.787678E+00,nan
57:45.9,3.713827E+00,1.019900E+00,3.787734E+00,nan
57:46.9,3.713902E+00,1.019902E+00,3.787814E+00,nan
57:47.9,3.713946E+00,1.019902E+00,3.787860E+00,nan
57:48.9,3.714008E+00,1.019903E+00,3.787928E+00,nan
57:49.9,3.714048E+00,1.019903E+00,3.787968E+00,nan
57:50.9,3.714109E+00,1.019900E+00,3.788022E+00,nan
57:51.9,3.714184E+00,1.019907E+00,3.788121E+00,nan
57:52.9,3.714241E+00,1.019904E+00,3.788170E+00,nan
57:53.9,3.714285E+00,1.019904E+00,3.788215E+00,nan
57:54.9,3.714335E+00,1.019897E+00,3.788238E+00,nan
57:55.9,3.714412E+00,1.019905E+00,3.788349E+00,nan
57:56.9,3.714459E+00,1.019905E+00,3.788397E+00,nan
57:57.9,3.714535E+00,1.019903E+00,3.788466E+00,nan
57:58.9,3.714602E+00,1.019904E+00,3.788538E+00,nan
57:59.9,3.714637E+00,1.019897E+00,3.788546E+00,nan
58:00.9,3.714689E+00,1.019900E+00,3.788613E+00,nan
58:01.9,3.714761E+00,1.019900E+00,3.788686E+00,nan
58:02.9,3.714808E+00,1.019900E+00,3.788734E+00,nan
58:03.9,3.714895E+00,1.019908E+00,3.788850E+00,nan
58:04.9,3.714919E+00,1.019902E+00,3.788852E+00,nan
58:05.9,3.714994E+00,1.019904E+00,3.788937E+00,nan
58:06.9,3.715036E+00,1.019895E+00,3.788948E+00,nan
58:07.9,3.715120E+00,1.019907E+00,3.789076E+00,nan
58:08.9,3.715162E+00,1.019904E+00,3.789109E+00,nan
58:09.9,3.715251E+00,1.019894E+00,3.789163E+00,nan
58:10.9,3.715281E+00,1.019899E+00,3.789212E+00,nan
58:11.9,3.715321E+00,1.019898E+00,3.789247E+00,nan
58:12.9,3.715363E+00,1.019893E+00,3.789272E+00,nan
58:13.9,3.715454E+00,1.019894E+00,3.789370E+00,nan
58:14.9,3.715487E+00,1.019900E+00,3.789426E+00,nan
58:15.9,3.715559E+00,1.019908E+00,3.789528E+00,nan
58:16.9,3.715598E+00,1.019902E+00,3.789545E+00,nan
58:17.9,3.715670E+00,1.019899E+00,3.789608E+00,nan
58:18.9,3.715722E+00,1.019905E+00,3.789685E+00,nan
58:19.9,3.715811E+00,1.019905E+00,3.789776E+00,nan
58:20.9,3.715843E+00,1.019903E+00,3.789799E+00,nan
58:21.9,3.715893E+00,1.019902E+00,3.789845E+00,nan
58:22.9,3.715967E+00,1.019897E+00,3.789902E+00,nan
58:23.9,3.716007E+00,1.019898E+00,3.789947E+00,nan
58:24.9,3.716056E+00,1.019902E+00,3.790012E+00,nan
58:25.9,3.716118E+00,1.019895E+00,3.790052E+00,nan
58:26.9,3.716208E+00,1.019903E+00,3.790171E+00,nan
58:27.9,3.716254E+00,1.019897E+00,3.790195E+00,nan
58:28.9,3.716314E+00,1.019900E+00,3.790270E+00,nan
58:29.9,3.716351E+00,1.019894E+00,3.790285E+00,nan
58:30.9,3.716428E+00,1.019903E+00,3.790396E+00,nan
58:31.9,3.716512E+00,1.019894E+00,3.790449E+00,nan
58:32.9,3.716549E+00,1.019895E+00,3.790491E+00,nan
58:33.9,3.716589E+00,1.019890E+00,3.790513E+00,nan
58:34.9,3.716676E+00,1.019894E+00,3.790616E+00,nan
58:35.9,3.716713E+00,1.019905E+00,3.790696E+00,nan
58:36.9,3.716767E+00,1.019904E+00,3.790746E+00,nan
58:37.9,3.716849E+00,1.019907E+00,3.790839E+00,nan
58:38.9,3.716911E+00,1.019903E+00,3.790888E+00,nan
58:39.9,3.716958E+00,1.019908E+00,3.790955E+00,nan
58:40.9,3.717015E+00,1.019908E+00,3.791013E+00,nan
58:41.9,3.717077E+00,1.019905E+00,3.791067E+00,nan
58:42.9,3.717121E+00,1.019902E+00,3.791098E+00,nan
58:43.9,3.717171E+00,1.019903E+00,3.791154E+00,nan
58:44.9,3.717225E+00,1.019911E+00,3.791237E+00,nan
58:45.9,3.717290E+00,1.019902E+00,3.791270E+00,nan
58:46.9,3.717344E+00,1.019900E+00,3.791321E+00,nan
58:47.9,3.717406E+00,1.019893E+00,3.791356E+00,nan
58:48.9,3.717471E+00,1.019894E+00,3.791426E+00,nan
58:49.9,3.717535E+00,1.019902E+00,3.791520E+00,nan
58:50.9,3.717602E+00,1.019900E+00,3.791584E+00,nan
58:51.9,3.717659E+00,1.019900E+00,3.791642E+00,nan
58:52.9,3.717689E+00,1.019902E+00,3.791677E+00,nan
58:53.9,3.717770E+00,1.019895E+00,3.791737E+00,nan
58:54.9,3.717803E+00,1.019900E+00,3.791788E+00,nan
58:55.9,3.717867E+00,1.019894E+00,3.791831E+00,nan
58:56.9,3.717949E+00,1.019895E+00,3.791918E+00,nan
58:57.9,3.718008E+00,1.019898E+00,3.791988E+00,nan
58:58.9,3.718075E+00,1.019902E+00,3.792071E+00,nan
58:59.9,3.718152E+00,1.019894E+00,3.792121E+00,nan
59:00.9,3.718196E+00,1.019895E+00,3.792171E+00,nan
59:01.9,3.718263E+00,1.019893E+00,3.792230E+00,nan
59:02.9,3.718308E+00,1.019898E+00,3.792294E+00,nan
59:03.9,3.718325E+00,1.019897E+00,3.792307E+00,nan
59:04.9,3.718414E+00,1.019895E+00,3.792393E+00,nan
59:05.9,3.718466E+00,1.019892E+00,3.792432E+00,nan
59:06.9,3.718523E+00,1.019888E+00,3.792477E+00,nan
59:07.9,3.718585E+00,1.019894E+00,3.792563E+00,nan
59:08.9,3.718635E+00,1.019892E+00,3.792604E+00,nan
59:09.9,3.718707E+00,1.019898E+00,3.792701E+00,nan
59:10.9,3.718766E+00,1.019898E+00,3.792761E+00,nan
59:11.9,3.718813E+00,1.019897E+00,3.792805E+00,nan
59:12.9,3.718860E+00,1.019892E+00,3.792834E+00,nan
59:13.9,3.718930E+00,1.019898E+00,3.792928E+00,nan
59:14.9,3.719006E+00,1.019888E+00,3.792969E+00,nan
59:15.9,3.719024E+00,1.019895E+00,3.793015E+00,nan
59:16.9,3.719088E+00,1.019893E+00,3.793071E+00,nan
59:17.9,3.719162E+00,1.019897E+00,3.793161E+00,nan
59:18.9,3.719204E+00,1.019895E+00,3.793199E+00,nan
59:19.9,3.719299E+00,1.019898E+00,3.793305E+00,nan
59:20.9,3.719326E+00,1.019899E+00,3.793337E+00,nan
59:21.9,3.719422E+00,1.019903E+00,3.793450E+00,nan
59:22.9,3.719447E+00,1.019897E+00,3.793452E+00,nan
59:23.9,3.719527E+00,1.019890E+00,3.793509E+00,nan
59:24.9,3.719576E+00,1.019895E+00,3.793578E+00,nan
59:25.9,3.719633E+00,1.019895E+00,3.793636E+00,nan
59:26.9,3.719690E+00,1.019890E+00,3.793676E+00,nan
59:27.9,3.719767E+00,1.019898E+00,3.793782E+00,nan
59:28.9,3.719816E+00,1.019892E+00,3.793809E+00,nan
59:29.9,3.719910E+00,1.019900E+00,3.793938E+00,nan
59:30.9,3.719910E+00,1.019893E+00,3.793910E+00,nan
59:31.9,3.719997E+00,1.019897E+00,3.794012E+00,nan
59:32.9,3.720069E+00,1.019900E+00,3.794100E+00,nan
59:33.9,3.720111E+00,1.019892E+00,3.794109E+00,nan
59:34.9,3.720190E+00,1.019894E+00,3.794200E+00,nan
59:35.9,3.720240E+00,1.019898E+00,3.794265E+00,nan
59:36.9,3.720289E+00,1.019898E+00,3.794315E+00,nan
59:37.9,3.720393E+00,1.019899E+00,3.794426E+00,nan
59:38.9,3.720433E+00,1.019904E+00,3.794485E+00,nan
59:39.9,3.720455E+00,1.019900E+00,3.794494E+00,nan
59:40.9,3.720544E+00,1.019903E+00,3.794594E+00,nan
59:41.9,3.720579E+00,1.019902E+00,3.794625E+00,nan
59:42.9,3.720678E+00,1.019899E+00,3.794716E+00,nan
59:43.9,3.720703E+00,1.019898E+00,3.794737E+00,nan
59:44.9,3.720799E+00,1.019897E+00,3.794831E+00,nan
59:45.9,3.720812E+00,1.019889E+00,3.794815E+00,nan
59:46.9,3.720874E+00,1.019892E+00,3.794888E+00,nan
59:47.9,3.720918E+00,1.019890E+00,3.794929E+00,nan
59:48.9,3.720985E+00,1.019893E+00,3.795006E+00,nan
59:49.9,3.721035E+00,1.019894E+00,3.795061E+00,nan
59:50.9,3.721132E+00,1.019885E+00,3.795127E+00,nan
59:51.9,3.721181E+00,1.019885E+00,3.795177E+00,nan
59:52.9,3.721255E+00,1.019889E+00,3.795267E+00,nan
59:53.9,3.721305E+00,1.019894E+00,3.795337E+00,nan
59:54.9,3.721367E+00,1.019893E+00,3.795395E+00,nan
59:55.9,3.721431E+00,1.019893E+00,3.795461E+00,nan
59:56.9,3.721478E+00,1.019890E+00,3.795500E+00,nan
59:57.9,3.721572E+00,1.019898E+00,3.795624E+00,nan
59:58.9,3.721595E+00,1.019903E+00,3.795665E+00,nan
59:59.9,3.721696E+00,1.019897E+00,3.795745E+00,nan
00:00.9,3.721714E+00,1.019897E+00,3.795763E+00,nan
00:01.9,3.721798E+00,1.019897E+00,3.795849E+00,nan
00:02.9,3.721850E+00,1.019890E+00,3.795878E+00,nan
00:03.9,3.721912E+00,1.019892E+00,3.795946E+00,nan
00:04.9,3.722011E+00,1.019892E+00,3.796047E+00,nan
00:05.9,3.722043E+00,1.019897E+00,3.796099E+00,nan
00:06.9,3.722097E+00,1.019893E+00,3.796140E+00,nan
00:07.9,3.722135E+00,1.019889E+00,3.796164E+00,nan
00:08.9,3.722216E+00,1.019893E+00,3.796262E+00,nan
00:09.9,3.722249E+00,1.019894E+00,3.796299E+00,nan
00:10.9,3.722313E+00,1.019897E+00,3.796374E+00,nan
00:11.9,3.722377E+00,1.019890E+00,3.796417E+00,nan
00:12.9,3.722437E+00,1.019899E+00,3.796510E+00,nan
00:13.9,3.722506E+00,1.019895E+00,3.796566E+00,nan
00:14.9,3.722570E+00,1.019898E+00,3.796641E+00,nan
00:15.9,3.722645E+00,1.019897E+00,3.796713E+00,nan
00:16.9,3.722684E+00,1.019893E+00,3.796739E+00,nan
00:17.9,3.722754E+00,1.019897E+00,3.796824E+00,nan
00:18.9,3.722811E+00,1.019897E+00,3.796882E+00,nan
00:19.9,3.722868E+00,1.019894E+00,3.796931E+00,nan
00:20.9,3.722905E+00,1.019902E+00,3.796997E+00,nan
00:21.9,3.722974E+00,1.019903E+00,3.797072E+00,nan
00:22.9,3.723051E+00,1.019895E+00,3.797122E+00,nan
00:23.9,3.723123E+00,1.019904E+00,3.797228E+00,nan
00:24.9,3.723167E+00,1.019900E+00,3.797260E+00,nan
00:25.9,3.723219E+00,1.019895E+00,3.797294E+00,nan
00:26.9,3.723311E+00,1.019894E+00,3.797383E+00,nan
00:27.9,3.723338E+00,1.019892E+00,3.797401E+00,nan
00:28.9,3.723428E+00,1.019892E+00,3.797492E+00,nan
00:29.9,3.723480E+00,1.019892E+00,3.797545E+00,nan
00:30.9,3.723544E+00,1.019904E+00,3.797658E+00,nan
00:31.9,3.723586E+00,1.019895E+00,3.797668E+00,nan
00:32.9,3.723663E+00,1.019898E+00,3.797756E+00,nan
00:33.9,3.723695E+00,1.019898E+00,3.797788E+00,nan
00:34.9,3.723787E+00,1.019894E+00,3.797868E+00,nan
00:35.9,3.723819E+00,1.019899E+00,3.797920E+00,nan
00:36.9,3.723891E+00,1.019900E+00,3.797998E+00,nan
00:37.9,3.723950E+00,1.019902E+00,3.798063E+00,nan
00:38.9,3.724005E+00,1.019898E+00,3.798104E+00,nan
00:39.9,3.724089E+00,1.019899E+00,3.798195E+00,nan
00:40.9,3.724143E+00,1.019898E+00,3.798246E+00,nan
00:41.9,3.724183E+00,1.019902E+00,3.798300E+00,nan
00:42.9,3.724250E+00,1.019897E+00,3.798350E+00,nan
00:43.9,3.724307E+00,1.019903E+00,3.798431E+00,nan
00:44.9,3.724379E+00,1.019903E+00,3.798505E+00,nan
00:45.9,3.724431E+00,1.019895E+00,3.798529E+00,nan
00:46.9,3.724468E+00,1.019899E+00,3.798581E+00,nan
00:47.9,3.724569E+00,1.019893E+00,3.798661E+00,nan
00:48.9,3.724604E+00,1.019898E+00,3.798716E+00,nan
00:49.9,3.724681E+00,1.019898E+00,3.798794E+00,nan
00:50.9,3.724735E+00,1.019894E+00,3.798836E+00,nan
00:51.9,3.724802E+00,1.019886E+00,3.798876E+00,nan
00:52.9,3.724854E+00,1.019892E+00,3.798947E+00,nan
00:53.9,3.724958E+00,1.019900E+00,3.799086E+00,nan
00:54.9,3.724963E+00,1.019889E+00,3.799049E+00,nan
00:55.9,3.725045E+00,1.019895E+00,3.799156E+00,nan
00:56.9,3.725099E+00,1.019890E+00,3.799193E+00,nan
00:57.9,3.725139E+00,1.019894E+00,3.799248E+00,nan
00:58.9,3.725199E+00,1.019890E+00,3.799294E+00,nan
00:59.9,3.725245E+00,1.019897E+00,3.799365E+00,nan
01:00.9,3.725300E+00,1.019897E+00,3.799421E+00,nan
01:01.9,3.725387E+00,1.019888E+00,3.799477E+00,nan
01:02.9,3.725434E+00,1.019894E+00,3.799548E+00,nan
01:03.9,3.725506E+00,1.019895E+00,3.799626E+00,nan
01:04.9,3.725575E+00,1.019895E+00,3.799696E+00,nan
01:05.9,3.725615E+00,1.019898E+00,3.799746E+00,nan
01:06.9,3.725694E+00,1.019894E+00,3.799813E+00,nan
01:07.9,3.725748E+00,1.019885E+00,3.799835E+00,nan
01:08.9,3.725815E+00,1.019897E+00,3.799946E+00,nan
01:09.9,3.725867E+00,1.019894E+00,3.799990E+00,nan
01:10.9,3.725949E+00,1.019895E+00,3.800078E+00,nan
01:11.9,3.726018E+00,1.019903E+00,3.800177E+00,nan
01:12.9,3.726060E+00,1.019894E+00,3.800187E+00,nan
01:13.9,3.726147E+00,1.019899E+00,3.800294E+00,nan
01:14.9,3.726162E+00,1.019897E+00,3.800300E+00,nan
01:15.9,3.726236E+00,1.019895E+00,3.800371E+00,nan
01:16.9,3.726301E+00,1.019897E+00,3.800442E+00,nan
01:17.9,3.726340E+00,1.019905E+00,3.800515E+00,nan
01:18.9,3.726407E+00,1.019899E+00,3.800560E+00,nan
01:19.9,3.726464E+00,1.019900E+00,3.800623E+00,nan
01:20.9,3.726543E+00,1.019902E+00,3.800708E+00,nan
01:21.9,3.726588E+00,1.019900E+00,3.800749E+00,nan
01:22.9,3.726665E+00,1.019898E+00,3.800817E+00,nan
01:23.9,3.726707E+00,1.019900E+00,3.800870E+00,nan
01:24.9,3.726816E+00,1.019893E+00,3.800953E+00,nan
01:25.9,3.726838E+00,1.019904E+00,3.801018E+00,nan
01:26.9,3.726883E+00,1.019898E+00,3.801040E+00,nan
01:27.9,3.726987E+00,1.019904E+00,3.801169E+00,nan
01:28.9,3.727026E+00,1.019900E+00,3.801196E+00,nan
01:29.9,3.727086E+00,1.019904E+00,3.801270E+00,nan
01:30.9,3.727155E+00,1.019902E+00,3.801332E+00,nan
01:31.9,3.727205E+00,1.019909E+00,3.801411E+00,nan
01:32.9,3.727262E+00,1.019904E+00,3.801450E+00,nan
01:33.9,3.727339E+00,1.019897E+00,3.801500E+00,nan
01:34.9,3.727393E+00,1.019900E+00,3.801570E+00,nan
01:35.9,3.727460E+00,1.019890E+00,3.801600E+00,nan
01:36.9,3.727509E+00,1.019894E+00,3.801665E+00,nan
01:37.9,3.727569E+00,1.019900E+00,3.801749E+00,nan
01:38.9,3.727631E+00,1.019905E+00,3.801831E+00,nan
01:39.9,3.727717E+00,1.019902E+00,3.801905E+00,nan
01:40.9,3.727779E+00,1.019898E+00,3.801954E+00,nan
01:41.9,3.727819E+00,1.019903E+00,3.802014E+00,nan
01:42.9,3.727891E+00,1.019894E+00,3.802054E+00,nan
01:43.9,3.727936E+00,1.019900E+00,3.802123E+00,nan
01:44.9,3.728015E+00,1.019900E+00,3.802204E+00,nan
01:45.9,3.728062E+00,1.019899E+00,3.802247E+00,nan
01:46.9,3.728134E+00,1.019893E+00,3.802297E+00,nan
01:47.9,3.728196E+00,1.019895E+00,3.802369E+00,nan
01:48.9,3.728252E+00,1.019900E+00,3.802446E+00,nan
01:49.9,3.728302E+00,1.019902E+00,3.802501E+00,nan
01:50.9,3.728369E+00,1.019903E+00,3.802575E+00,nan
01:51.9,3.728423E+00,1.019902E+00,3.802625E+00,nan
01:52.9,3.728505E+00,1.019894E+00,3.802680E+00,nan
01:53.9,3.728555E+00,1.019899E+00,3.802750E+00,nan
01:54.9,3.728602E+00,1.019902E+00,3.802807E+00,nan
01:55.9,3.728688E+00,1.019897E+00,3.802877E+00,nan
01:56.9,3.728750E+00,1.019894E+00,3.802931E+00,nan
01:57.9,3.728827E+00,1.019900E+00,3.803033E+00,nan
01:58.9,3.728892E+00,1.019900E+00,3.803098E+00,nan
01:59.9,3.728931E+00,1.019902E+00,3.803143E+00,nan
02:00.9,3.728993E+00,1.019893E+00,3.803173E+00,nan
02:01.9,3.729055E+00,1.019899E+00,3.803260E+00,nan
02:02.9,3.729137E+00,1.019892E+00,3.803315E+00,nan
02:03.9,3.729199E+00,1.019893E+00,3.803383E+00,nan
02:04.9,3.729261E+00,1.019897E+00,3.803460E+00,nan
02:05.9,3.729303E+00,1.019903E+00,3.803527E+00,nan
02:06.9,3.729402E+00,1.019900E+00,3.803619E+00,nan
02:07.9,3.729449E+00,1.019893E+00,3.803638E+00,nan
02:08.9,3.729503E+00,1.019898E+00,3.803712E+00,nan
02:09.9,3.729563E+00,1.019899E+00,3.803778E+00,nan
02:10.9,3.729635E+00,1.019898E+00,3.803846E+00,nan
02:11.9,3.729692E+00,1.019899E+00,3.803909E+00,nan
02:12.9,3.729741E+00,1.019903E+00,3.803974E+00,nan
02:13.9,3.729808E+00,1.019903E+00,3.804042E+00,nan
02:14.9,3.729875E+00,1.019904E+00,3.804115E+00,nan
02:15.9,3.729957E+00,1.019898E+00,3.804175E+00,nan
02:16.9,3.729994E+00,1.019902E+00,3.804227E+00,nan
02:17.9,3.730058E+00,1.019899E+00,3.804283E+00,nan
02:18.9,3.730130E+00,1.019893E+00,3.804333E+00,nan
02:19.9,3.730187E+00,1.019895E+00,3.804400E+00,nan
02:20.9,3.730204E+00,1.019893E+00,3.804409E+00,nan
02:21.9,3.730308E+00,1.019902E+00,3.804548E+00,nan
02:22.9,3.730358E+00,1.019907E+00,3.804617E+00,nan
02:23.9,3.730427E+00,1.019898E+00,3.804655E+00,nan
02:24.9,3.730492E+00,1.019904E+00,3.804744E+00,nan
02:25.9,3.730529E+00,1.019903E+00,3.804777E+00,nan
02:26.9,3.730650E+00,1.019905E+00,3.804910E+00,nan
02:27.9,3.730665E+00,1.019907E+00,3.804930E+00,nan
02:28.9,3.730722E+00,1.019903E+00,3.804974E+00,nan
02:29.9,3.730791E+00,1.019898E+00,3.805026E+00,nan
02:30.9,3.730853E+00,1.019904E+00,3.805113E+00,nan
02:31.9,3.730947E+00,1.019895E+00,3.805176E+00,nan
02:32.9,3.730987E+00,1.019895E+00,3.805216E+00,nan
02:33.9,3.731044E+00,1.019899E+00,3.805289E+00,nan
02:34.9,3.731096E+00,1.019899E+00,3.805342E+00,nan
02:35.9,3.731163E+00,1.019900E+00,3.805415E+00,nan
02:36.9,3.731217E+00,1.019903E+00,3.805480E+00,nan
02:37.9,3.731284E+00,1.019894E+00,3.805515E+00,nan
02:38.9,3.731361E+00,1.019903E+00,3.805626E+00,nan
02:39.9,3.731428E+00,1.019899E+00,3.805680E+00,nan
02:40.9,3.731485E+00,1.019899E+00,3.805738E+00,nan
02:41.9,3.731589E+00,1.019905E+00,3.805868E+00,nan
02:42.9,3.731599E+00,1.019898E+00,3.805850E+00,nan
02:43.9,3.731708E+00,1.019900E+00,3.805970E+00,nan
02:44.9,3.731723E+00,1.019903E+00,3.805995E+00,nan
02:45.9,3.731790E+00,1.019902E+00,3.806058E+00,nan
02:46.9,3.731871E+00,1.019905E+00,3.806156E+00,nan
02:47.9,3.731953E+00,1.019905E+00,3.806239E+00,nan
02:48.9,3.732010E+00,1.019908E+00,3.806307E+00,nan
02:49.9,3.732099E+00,1.019905E+00,3.806388E+00,nan
02:50.9,3.732154E+00,1.019903E+00,3.806435E+00,nan
02:51.9,3.732193E+00,1.019907E+00,3.806489E+00,nan
02:52.9,3.732248E+00,1.019905E+00,3.806540E+00,nan
02:53.9,3.732307E+00,1.019899E+00,3.806577E+00,nan
02:54.9,3.732401E+00,1.019905E+00,3.806696E+00,nan
02:55.9,3.732436E+00,1.019899E+00,3.806708E+00,nan
02:56.9,3.732483E+00,1.019897E+00,3.806747E+00,nan
02:57.9,3.732552E+00,1.019902E+00,3.806836E+00,nan
02:58.9,3.732592E+00,1.019904E+00,3.806886E+00,nan
02:59.9,3.732691E+00,1.019898E+00,3.806963E+00,nan
03:00.9,3.732743E+00,1.019898E+00,3.807016E+00,nan
03:01.9,3.732810E+00,1.019890E+00,3.807057E+00,nan
03:02.9,3.732857E+00,1.019889E+00,3.807100E+00,nan
03:03.9,3.732917E+00,1.019893E+00,3.807175E+00,nan
03:04.9,3.732996E+00,1.019899E+00,3.807279E+00,nan
03:05.9,3.733060E+00,1.019894E+00,3.807326E+00,nan
03:06.9,3.733167E+00,1.019899E+00,3.807453E+00,nan
03:07.9,3.733172E+00,1.019898E+00,3.807454E+00,nan
03:08.9,3.733258E+00,1.019894E+00,3.807528E+00,nan
03:09.9,3.733320E+00,1.019902E+00,3.807619E+00,nan
03:10.9,3.733392E+00,1.019902E+00,3.807693E+00,nan
03:11.9,3.733466E+00,1.019900E+00,3.807764E+00,nan
03:12.9,3.733501E+00,1.019897E+00,3.807785E+00,nan
03:13.9,3.733546E+00,1.019903E+00,3.807854E+00,nan
03:14.9,3.733632E+00,1.019895E+00,3.807914E+00,nan
03:15.9,3.733699E+00,1.019893E+00,3.807973E+00,nan
03:16.9,3.733749E+00,1.019893E+00,3.808023E+00,nan
03:17.9,3.733811E+00,1.019888E+00,3.808068E+00,nan
03:18.9,3.733860E+00,1.019890E+00,3.808128E+00,nan
03:19.9,3.733934E+00,1.019893E+00,3.808213E+00,nan
03:20.9,3.733987E+00,1.019897E+00,3.808280E+00,nan
03:21.9,3.734046E+00,1.019893E+00,3.808327E+00,nan
03:22.9,3.734135E+00,1.019894E+00,3.808422E+00,nan
03:23.9,3.734187E+00,1.019886E+00,3.808447E+00,nan
03:24.9,3.734251E+00,1.019900E+00,3.808565E+00,nan
03:25.9,3.734311E+00,1.019900E+00,3.808626E+00,nan
03:26.9,3.734393E+00,1.019895E+00,3.808690E+00,nan
03:27.9,3.734455E+00,1.019892E+00,3.808739E+00,nan
03:28.9,3.734512E+00,1.019895E+00,3.808811E+00,nan
03:29.9,3.734564E+00,1.019903E+00,3.808892E+00,nan
03:30.9,3.734635E+00,1.019894E+00,3.808933E+00,nan
03:31.9,3.734700E+00,1.019889E+00,3.808979E+00,nan
03:32.9,3.734752E+00,1.019892E+00,3.809042E+00,nan
03:33.9,3.734824E+00,1.019902E+00,3.809153E+00,nan
03:34.9,3.734893E+00,1.019899E+00,3.809214E+00,nan
03:35.9,3.734960E+00,1.019900E+00,3.809287E+00,nan
03:36.9,3.734997E+00,1.019894E+00,3.809302E+00,nan
03:37.9,3.735091E+00,1.019897E+00,3.809407E+00,nan
03:38.9,3.735141E+00,1.019892E+00,3.809438E+00,nan
03:39.9,3.735215E+00,1.019898E+00,3.809538E+00,nan
03:40.9,3.735267E+00,1.019899E+00,3.809596E+00,nan
03:41.9,3.735356E+00,1.019899E+00,3.809687E+00,nan
03:42.9,3.735379E+00,1.019894E+00,3.809691E+00,nan
03:43.9,3.735455E+00,1.019894E+00,3.809769E+00,nan
03:44.9,3.735539E+00,1.019885E+00,3.809821E+00,nan
03:45.9,3.735619E+00,1.019889E+00,3.809917E+00,nan
03:46.9,3.735663E+00,1.019893E+00,3.809976E+00,nan
03:47.9,3.735715E+00,1.019895E+00,3.810039E+00,nan
03:48.9,3.735785E+00,1.019888E+00,3.810081E+00,nan
03:49.9,3.735849E+00,1.019883E+00,3.810128E+00,nan
03:50.9,3.735924E+00,1.019892E+00,3.810237E+00,nan
03:51.9,3.735968E+00,1.019890E+00,3.810278E+00,nan
03:52.9,3.736020E+00,1.019879E+00,3.810288E+00,nan
03:53.9,3.736087E+00,1.019885E+00,3.810380E+00,nan
03:54.9,3.736159E+00,1.019893E+00,3.810482E+00,nan
03:55.9,3.736216E+00,1.019892E+00,3.810535E+00,nan
03:56.9,3.736295E+00,1.019892E+00,3.810615E+00,nan
03:57.9,3.736340E+00,1.019895E+00,3.810675E+00,nan
03:58.8,3.736419E+00,1.019895E+00,3.810756E+00,nan
03:59.9,3.736478E+00,1.019893E+00,3.810807E+00,nan
04:00.9,3.736575E+00,1.019892E+00,3.810901E+00,nan
04:01.9,3.736647E+00,1.019898E+00,3.810998E+00,nan
04:02.9,3.736696E+00,1.019893E+00,3.811030E+00,nan
04:03.9,3.736768E+00,1.019892E+00,3.811098E+00,nan
04:04.9,3.736835E+00,1.019885E+00,3.811143E+00,nan
04:05.9,3.736882E+00,1.019884E+00,3.811186E+00,nan
04:06.8,3.736937E+00,1.019880E+00,3.811228E+00,nan
04:07.9,3.737013E+00,1.019886E+00,3.811329E+00,nan
04:08.9,3.737070E+00,1.019897E+00,3.811425E+00,nan
04:09.9,3.737135E+00,1.019902E+00,3.811510E+00,nan
04:10.8,3.737182E+00,1.019898E+00,3.811543E+00,nan
04:11.9,3.737241E+00,1.019894E+00,3.811590E+00,nan
04:12.9,3.737303E+00,1.019893E+00,3.811648E+00,nan
04:13.8,3.737382E+00,1.019888E+00,3.811711E+00,nan
04:14.8,3.737449E+00,1.019900E+00,3.811826E+00,nan
04:15.9,3.737509E+00,1.019895E+00,3.811868E+00,nan
04:16.8,3.737625E+00,1.019890E+00,3.811968E+00,nan
04:17.8,3.737665E+00,1.019890E+00,3.812008E+00,nan
04:18.9,3.737729E+00,1.019889E+00,3.812069E+00,nan
04:19.9,3.737774E+00,1.019886E+00,3.812105E+00,nan
04:20.8,3.737858E+00,1.019888E+00,3.812196E+00,nan
04:21.8,3.737917E+00,1.019889E+00,3.812261E+00,nan
04:22.8,3.737982E+00,1.019890E+00,3.812331E+00,nan
04:23.8,3.738029E+00,1.019894E+00,3.812394E+00,nan
04:24.8,3.738098E+00,1.019892E+00,3.812455E+00,nan
04:25.8,3.738150E+00,1.019893E+00,3.812512E+00,nan
04:26.8,3.738232E+00,1.019890E+00,3.812586E+00,nan
04:27.8,3.738309E+00,1.019893E+00,3.812674E+00,nan
04:28.8,3.738361E+00,1.019897E+00,3.812741E+00,nan
04:29.8,3.738440E+00,1.019898E+00,3.812827E+00,nan
04:30.8,3.738475E+00,1.019888E+00,3.812825E+00,nan
04:31.8,3.738576E+00,1.019893E+00,3.812947E+00,nan
04:32.8,3.738608E+00,1.019892E+00,3.812975E+00,nan
04:33.8,3.738683E+00,1.019890E+00,3.813046E+00,nan
04:34.8,3.738772E+00,1.019886E+00,3.813123E+00,nan
04:35.8,3.738814E+00,1.019890E+00,3.813180E+00,nan
04:36.8,3.738883E+00,1.019886E+00,3.813237E+00,nan
04:37.8,3.738945E+00,1.019889E+00,3.813309E+00,nan
04:38.8,3.738982E+00,1.019878E+00,3.813305E+00,nan
04:39.8,3.739079E+00,1.019890E+00,3.813450E+00,nan
04:40.8,3.739151E+00,1.019895E+00,3.813542E+00,nan
04:41.8,3.739205E+00,1.019892E+00,3.813584E+00,nan
04:42.8,3.739265E+00,1.019892E+00,3.813644E+00,nan
04:43.8,3.739336E+00,1.019888E+00,3.813704E+00,nan
04:44.8,3.739418E+00,1.019890E+00,3.813796E+00,nan
04:45.8,3.739475E+00,1.019892E+00,3.813859E+00,nan
04:46.8,3.739540E+00,1.019886E+00,3.813906E+00,nan
04:47.8,3.739619E+00,1.019892E+00,3.814006E+00,nan
04:48.8,3.739676E+00,1.019888E+00,3.814050E+00,nan
04:49.8,3.739753E+00,1.019889E+00,3.814133E+00,nan
04:50.8,3.739805E+00,1.019894E+00,3.814205E+00,nan
04:51.8,3.739857E+00,1.019895E+00,3.814262E+00,nan
04:52.8,3.739909E+00,1.019893E+00,3.814306E+00,nan
04:53.8,3.739973E+00,1.019893E+00,3.814372E+00,nan
04:54.8,3.740040E+00,1.019892E+00,3.814435E+00,nan
04:55.8,3.740117E+00,1.019890E+00,3.814509E+00,nan
04:56.8,3.740169E+00,1.019897E+00,3.814586E+00,nan
04:57.8,3.740263E+00,1.019892E+00,3.814662E+00,nan
04:58.8,3.740335E+00,1.019894E+00,3.814745E+00,nan
04:59.8,3.740382E+00,1.019889E+00,3.814774E+00,nan
05:00.8,3.740454E+00,1.019892E+00,3.814857E+00,nan
05:01.8,3.740516E+00,1.019897E+00,3.814939E+00,nan
05:02.8,3.740565E+00,1.019904E+00,3.815018E+00,nan
05:03.8,3.740664E+00,1.019899E+00,3.815100E+00,nan
05:04.8,3.740711E+00,1.019895E+00,3.815134E+00,nan
05:05.8,3.740763E+00,1.019895E+00,3.815187E+00,nan
05:06.8,3.740820E+00,1.019890E+00,3.815226E+00,nan
05:07.8,3.740909E+00,1.019897E+00,3.815341E+00,nan
05:08.8,3.740974E+00,1.019903E+00,3.815430E+00,nan
05:09.8,3.741041E+00,1.019902E+00,3.815494E+00,nan
05:10.8,3.741098E+00,1.019897E+00,3.815533E+00,nan
05:11.8,3.741182E+00,1.019898E+00,3.815623E+00,nan
05:12.8,3.741234E+00,1.019898E+00,3.815676E+00,nan
05:13.8,3.741313E+00,1.019898E+00,3.815757E+00,nan
05:14.8,3.741358E+00,1.019894E+00,3.815789E+00,nan
05:15.8,3.741425E+00,1.019900E+00,3.815881E+00,nan
05:16.8,3.741499E+00,1.019902E+00,3.815961E+00,nan
05:17.8,3.741561E+00,1.019904E+00,3.816033E+00,nan
05:18.8,3.741650E+00,1.019897E+00,3.816096E+00,nan
05:19.8,3.741712E+00,1.019892E+00,3.816140E+00,nan
05:20.8,3.741764E+00,1.019897E+00,3.816213E+00,nan
05:21.8,3.741828E+00,1.019893E+00,3.816264E+00,nan
05:22.8,3.741888E+00,1.019893E+00,3.816324E+00,nan
05:23.8,3.741965E+00,1.019895E+00,3.816412E+00,nan
05:24.8,3.742036E+00,1.019890E+00,3.816467E+00,nan
05:25.8,3.742093E+00,1.019898E+00,3.816553E+00,nan
05:26.8,3.742145E+00,1.019892E+00,3.816582E+00,nan
05:27.8,3.742220E+00,1.019898E+00,3.816682E+00,nan
05:28.8,3.742284E+00,1.019905E+00,3.816776E+00,nan
05:29.8,3.742346E+00,1.019894E+00,3.816797E+00,nan
05:30.8,3.742400E+00,1.019897E+00,3.816862E+00,nan
05:31.8,3.742465E+00,1.019899E+00,3.816937E+00,nan
05:32.8,3.742562E+00,1.019903E+00,3.817050E+00,nan
05:33.8,3.742576E+00,1.019900E+00,3.817055E+00,nan
05:34.8,3.742661E+00,1.019903E+00,3.817150E+00,nan
05:35.8,3.742752E+00,1.019904E+00,3.817249E+00,nan
05:36.8,3.742790E+00,1.019899E+00,3.817268E+00,nan
05:37.8,3.742871E+00,1.019898E+00,3.817346E+00,nan
05:38.8,3.742945E+00,1.019895E+00,3.817413E+00,nan
05:39.8,3.743005E+00,1.019902E+00,3.817497E+00,nan
05:40.8,3.743074E+00,1.019895E+00,3.817544E+00,nan
05:41.8,3.743154E+00,1.019897E+00,3.817630E+00,nan
05:42.8,3.743208E+00,1.019898E+00,3.817690E+00,nan
05:43.8,3.743302E+00,1.019889E+00,3.817753E+00,nan
05:44.8,3.743364E+00,1.019892E+00,3.817825E+00,nan
05:45.8,3.743428E+00,1.019895E+00,3.817905E+00,nan
05:46.8,3.743483E+00,1.019897E+00,3.817966E+00,nan
05:47.8,3.743560E+00,1.019894E+00,3.818034E+00,nan
05:48.8,3.743617E+00,1.019890E+00,3.818078E+00,nan
05:49.8,3.743703E+00,1.019897E+00,3.818190E+00,nan
05:50.8,3.743800E+00,1.019899E+00,3.818298E+00,nan
05:51.8,3.743815E+00,1.019904E+00,3.818332E+00,nan
05:52.8,3.743894E+00,1.019893E+00,3.818371E+00,nan
05:53.8,3.743948E+00,1.019903E+00,3.818464E+00,nan
05:54.8,3.744010E+00,1.019904E+00,3.818532E+00,nan
05:55.8,3.744062E+00,1.019897E+00,3.818557E+00,nan
05:56.8,3.744162E+00,1.019897E+00,3.818658E+00,nan
05:57.8,3.744224E+00,1.019897E+00,3.818721E+00,nan
05:58.8,3.744283E+00,1.019895E+00,3.818777E+00,nan
05:59.8,3.744342E+00,1.019897E+00,3.818842E+00,nan
06:00.8,3.744434E+00,1.019889E+00,3.818907E+00,nan
06:01.8,3.744496E+00,1.019892E+00,3.818980E+00,nan
06:02.8,3.744570E+00,1.019894E+00,3.819065E+00,nan
06:03.8,3.744630E+00,1.019894E+00,3.819126E+00,nan
06:04.8,3.744729E+00,1.019894E+00,3.819227E+00,nan
06:05.8,3.744756E+00,1.019894E+00,3.819255E+00,nan
06:06.8,3.744848E+00,1.019900E+00,3.819372E+00,nan
06:07.8,3.744900E+00,1.019902E+00,3.819429E+00,nan
06:08.8,3.744994E+00,1.019899E+00,3.819516E+00,nan
06:09.8,3.745061E+00,1.019893E+00,3.819560E+00,nan
06:10.8,3.745110E+00,1.019893E+00,3.819611E+00,nan
06:11.8,3.745165E+00,1.019892E+00,3.819662E+00,nan
06:12.8,3.745244E+00,1.019894E+00,3.819752E+00,nan
06:13.8,3.745303E+00,1.019897E+00,3.819822E+00,nan
06:14.8,3.745358E+00,1.019905E+00,3.819911E+00,nan
06:15.8,3.745425E+00,1.019895E+00,3.819941E+00,nan
06:16.8,3.745474E+00,1.019894E+00,3.819987E+00,nan
06:17.8,3.745574E+00,1.019898E+00,3.820102E+00,nan
06:18.8,3.745653E+00,1.019895E+00,3.820174E+00,nan
06:19.8,3.745722E+00,1.019897E+00,3.820249E+00,nan
06:20.8,3.745779E+00,1.019892E+00,3.820288E+00,nan
06:21.8,3.745836E+00,1.019895E+00,3.820361E+00,nan
06:22.8,3.745918E+00,1.019893E+00,3.820435E+00,nan
06:23.8,3.745985E+00,1.019902E+00,3.820536E+00,nan
06:24.8,3.746059E+00,1.019898E+00,3.820597E+00,nan
06:25.8,3.746118E+00,1.019893E+00,3.820639E+00,nan
06:26.8,3.746165E+00,1.019898E+00,3.820706E+00,nan
06:27.8,3.746259E+00,1.019894E+00,3.820788E+00,nan
06:28.8,3.746311E+00,1.019894E+00,3.820841E+00,nan
06:29.8,3.746376E+00,1.019889E+00,3.820888E+00,nan
06:30.8,3.746445E+00,1.019893E+00,3.820973E+00,nan
06:31.8,3.746527E+00,1.019902E+00,3.821089E+00,nan
06:32.8,3.746589E+00,1.019889E+00,3.821105E+00,nan
06:33.8,3.746666E+00,1.019892E+00,3.821193E+00,nan
06:34.8,3.746713E+00,1.019899E+00,3.821269E+00,nan
06:35.8,3.746782E+00,1.019895E+00,3.821325E+00,nan
06:36.8,3.746832E+00,1.019890E+00,3.821357E+00,nan
06:37.8,3.746923E+00,1.019903E+00,3.821498E+00,nan
06:38.8,3.746960E+00,1.019892E+00,3.821493E+00,nan
06:39.8,3.747052E+00,1.019897E+00,3.821606E+00,nan
06:40.8,3.747139E+00,1.019894E+00,3.821685E+00,nan
06:41.8,3.747179E+00,1.019895E+00,3.821730E+00,nan
06:42.8,3.747263E+00,1.019892E+00,3.821801E+00,nan
06:43.8,3.747369E+00,1.019894E+00,3.821920E+00,nan
06:44.8,3.747399E+00,1.019893E+00,3.821945E+00,nan
06:45.8,3.747473E+00,1.019892E+00,3.822016E+00,nan
06:46.8,3.747533E+00,1.019895E+00,3.822091E+00,nan
06:47.8,3.747607E+00,1.019900E+00,3.822186E+00,nan
06:48.8,3.747684E+00,1.019899E+00,3.822259E+00,nan
06:49.8,3.747761E+00,1.019893E+00,3.822314E+00,nan
06:50.8,3.747803E+00,1.019893E+00,3.822357E+00,nan
06:51.8,3.747887E+00,1.019895E+00,3.822452E+00,nan
06:52.8,3.747944E+00,1.019895E+00,3.822510E+00,nan
06:53.8,3.748013E+00,1.019892E+00,3.822567E+00,nan
06:54.8,3.748102E+00,1.019897E+00,3.822677E+00,nan
06:55.8,3.748154E+00,1.019890E+00,3.822706E+00,nan
06:56.8,3.748221E+00,1.019897E+00,3.822798E+00,nan
06:57.8,3.748271E+00,1.019894E+00,3.822839E+00,nan
06:58.8,3.748370E+00,1.019893E+00,3.822936E+00,nan
06:59.8,3.748410E+00,1.019897E+00,3.822990E+00,nan
07:00.8,3.748513E+00,1.019903E+00,3.823120E+00,nan
07:01.8,3.748565E+00,1.019890E+00,3.823126E+00,nan
07:02.8,3.748665E+00,1.019892E+00,3.823231E+00,nan
07:03.8,3.748689E+00,1.019894E+00,3.823266E+00,nan
07:04.8,3.748774E+00,1.019897E+00,3.823362E+00,nan
07:05.8,3.748840E+00,1.019893E+00,3.823415E+00,nan
07:06.8,3.748930E+00,1.019897E+00,3.823521E+00,nan
07:07.8,3.748974E+00,1.019893E+00,3.823552E+00,nan
07:08.8,3.749021E+00,1.019886E+00,3.823576E+00,nan
07:09.8,3.749091E+00,1.019890E+00,3.823661E+00,nan
07:10.8,3.749177E+00,1.019892E+00,3.823754E+00,nan
07:11.8,3.749257E+00,1.019892E+00,3.823835E+00,nan
07:12.8,3.749333E+00,1.019889E+00,3.823904E+00,nan
07:13.8,3.749388E+00,1.019893E+00,3.823974E+00,nan
07:14.8,3.749462E+00,1.019888E+00,3.824031E+00,nan
07:15.8,3.749541E+00,1.019890E+00,3.824121E+00,nan
07:16.8,3.749581E+00,1.019880E+00,3.824123E+00,nan
07:17.8,3.749678E+00,1.019883E+00,3.824231E+00,nan
07:18.8,3.749749E+00,1.019893E+00,3.824342E+00,nan
07:19.8,3.749809E+00,1.019888E+00,3.824384E+00,nan
07:20.8,3.749883E+00,1.019881E+00,3.824436E+00,nan
07:21.8,3.749955E+00,1.019880E+00,3.824505E+00,nan
07:22.8,3.750007E+00,1.019890E+00,3.824596E+00,nan
07:23.8,3.750089E+00,1.019885E+00,3.824660E+00,nan
07:24.8,3.750146E+00,1.019885E+00,3.824718E+00,nan
07:25.8,3.750213E+00,1.019883E+00,3.824777E+00,nan
07:26.8,3.750277E+00,1.019885E+00,3.824852E+00,nan
07:27.8,3.750371E+00,1.019880E+00,3.824929E+00,nan
07:28.8,3.750423E+00,1.019888E+00,3.825011E+00,nan
07:29.8,3.750490E+00,1.019885E+00,3.825069E+00,nan
07:30.8,3.750542E+00,1.019889E+00,3.825137E+00,nan
07:31.8,3.750643E+00,1.019885E+00,3.825226E+00,nan
07:32.8,3.750696E+00,1.019879E+00,3.825255E+00,nan
07:33.8,3.750795E+00,1.019883E+00,3.825370E+00,nan
07:34.8,3.750817E+00,1.019881E+00,3.825388E+00,nan
07:35.8,3.750916E+00,1.019888E+00,3.825513E+00,nan
07:36.8,3.750988E+00,1.019889E+00,3.825591E+00,nan
07:37.8,3.751060E+00,1.019892E+00,3.825674E+00,nan
07:38.8,3.751124E+00,1.019889E+00,3.825730E+00,nan
07:39.8,3.751216E+00,1.019895E+00,3.825847E+00,nan
07:40.8,3.751268E+00,1.019888E+00,3.825872E+00,nan
07:41.8,3.751322E+00,1.019892E+00,3.825942E+00,nan
07:42.8,3.751397E+00,1.019881E+00,3.825980E+00,nan
07:43.8,3.751461E+00,1.019883E+00,3.826050E+00,nan
07:44.8,3.751548E+00,1.019890E+00,3.826167E+00,nan
07:45.8,3.751607E+00,1.019892E+00,3.826232E+00,nan
07:46.8,3.751662E+00,1.019899E+00,3.826316E+00,nan
07:47.8,3.751756E+00,1.019893E+00,3.826389E+00,nan
07:48.8,3.751835E+00,1.019884E+00,3.826437E+00,nan
07:49.8,3.751889E+00,1.019886E+00,3.826501E+00,nan
07:50.8,3.751944E+00,1.019883E+00,3.826543E+00,nan
07:51.8,3.751998E+00,1.019886E+00,3.826613E+00,nan
07:52.8,3.752085E+00,1.019889E+00,3.826710E+00,nan
07:53.8,3.752147E+00,1.019885E+00,3.826759E+00,nan
07:54.8,3.752231E+00,1.019879E+00,3.826821E+00,nan
07:55.8,3.752311E+00,1.019884E+00,3.826921E+00,nan
07:56.8,3.752375E+00,1.019894E+00,3.827025E+00,nan
07:57.8,3.752429E+00,1.019880E+00,3.827028E+00,nan
07:58.8,3.752499E+00,1.019884E+00,3.827114E+00,nan
07:59.8,3.752561E+00,1.019884E+00,3.827176E+00,nan
08:00.8,3.752638E+00,1.019885E+00,3.827260E+00,nan
08:01.8,3.752717E+00,1.019881E+00,3.827326E+00,nan
08:02.8,3.752789E+00,1.019883E+00,3.827404E+00,nan
08:03.8,3.752853E+00,1.019884E+00,3.827475E+00,nan
08:04.8,3.752940E+00,1.019878E+00,3.827539E+00,nan
08:05.8,3.753004E+00,1.019886E+00,3.827638E+00,nan
08:06.8,3.753096E+00,1.019886E+00,3.827732E+00,nan
08:07.8,3.753135E+00,1.019889E+00,3.827782E+00,nan
08:08.8,3.753217E+00,1.019879E+00,3.827827E+00,nan
08:09.8,3.753274E+00,1.019885E+00,3.827909E+00,nan
08:10.8,3.753356E+00,1.019890E+00,3.828011E+00,nan
08:11.8,3.753395E+00,1.019886E+00,3.828037E+00,nan
08:12.8,3.753480E+00,1.019890E+00,3.828138E+00,nan
08:13.8,3.753537E+00,1.019889E+00,3.828191E+00,nan
08:14.8,3.753626E+00,1.019886E+00,3.828272E+00,nan
08:15.8,3.753703E+00,1.019894E+00,3.828379E+00,nan
08:16.8,3.753737E+00,1.019885E+00,3.828381E+00,nan
08:17.8,3.753824E+00,1.019892E+00,3.828493E+00,nan
08:18.8,3.753916E+00,1.019885E+00,3.828563E+00,nan
08:19.8,3.753992E+00,1.019892E+00,3.828665E+00,nan
08:20.8,3.754035E+00,1.019885E+00,3.828684E+00,nan
08:21.8,3.754126E+00,1.019892E+00,3.828801E+00,nan
08:22.8,3.754200E+00,1.019892E+00,3.828877E+00,nan
08:23.8,3.754267E+00,1.019884E+00,3.828917E+00,nan
08:24.8,3.754327E+00,1.019885E+00,3.828982E+00,nan
08:25.8,3.754389E+00,1.019888E+00,3.829055E+00,nan
08:26.8,3.754468E+00,1.019889E+00,3.829141E+00,nan
08:27.8,3.754562E+00,1.019881E+00,3.829208E+00,nan
08:28.8,3.754649E+00,1.019880E+00,3.829292E+00,nan
08:29.8,3.754683E+00,1.019888E+00,3.829356E+00,nan
08:30.8,3.754738E+00,1.019879E+00,3.829378E+00,nan
08:31.8,3.754815E+00,1.019883E+00,3.829470E+00,nan
08:32.8,3.754879E+00,1.019888E+00,3.829555E+00,nan
08:33.8,3.754951E+00,1.019889E+00,3.829633E+00,nan
08:34.8,3.755015E+00,1.019885E+00,3.829685E+00,nan
08:35.8,3.755107E+00,1.019886E+00,3.829783E+00,nan
08:36.8,3.755211E+00,1.019883E+00,3.829875E+00,nan
08:37.8,3.755260E+00,1.019881E+00,3.829920E+00,nan
08:38.8,3.755317E+00,1.019880E+00,3.829974E+00,nan
08:39.8,3.755389E+00,1.019890E+00,3.830085E+00,nan
08:40.8,3.755486E+00,1.019878E+00,3.830136E+00,nan
08:41.8,3.755553E+00,1.019876E+00,3.830199E+00,nan
08:42.8,3.755585E+00,1.019879E+00,3.830242E+00,nan
08:43.8,3.755677E+00,1.019884E+00,3.830355E+00,nan
08:44.8,3.755734E+00,1.019884E+00,3.830413E+00,nan
08:45.8,3.755798E+00,1.019885E+00,3.830483E+00,nan
08:46.8,3.755882E+00,1.019883E+00,3.830559E+00,nan
08:47.8,3.755949E+00,1.019883E+00,3.830627E+00,nan
08:48.8,3.756051E+00,1.019884E+00,3.830736E+00,nan
08:49.8,3.756098E+00,1.019880E+00,3.830770E+00,nan
08:50.8,3.756170E+00,1.019883E+00,3.830852E+00,nan
08:51.8,3.756229E+00,1.019886E+00,3.830927E+00,nan
08:52.8,3.756333E+00,1.019890E+00,3.831048E+00,nan
08:53.8,3.756378E+00,1.019892E+00,3.831098E+00,nan
08:54.8,3.756484E+00,1.019886E+00,3.831187E+00,nan
08:55.8,3.756534E+00,1.019885E+00,3.831233E+00,nan
08:56.8,3.756623E+00,1.019890E+00,3.831343E+00,nan
08:57.8,3.756710E+00,1.019885E+00,3.831412E+00,nan
08:58.8,3.756729E+00,1.019880E+00,3.831414E+00,nan
08:59.8,3.756816E+00,1.019876E+00,3.831488E+00,nan
09:00.8,3.756893E+00,1.019876E+00,3.831566E+00,nan
09:01.8,3.756974E+00,1.019883E+00,3.831673E+00,nan
09:02.8,3.757022E+00,1.019886E+00,3.831736E+00,nan
09:03.8,3.757091E+00,1.019890E+00,3.831821E+00,nan
09:04.8,3.757185E+00,1.019893E+00,3.831926E+00,nan
09:05.8,3.757252E+00,1.019879E+00,3.831942E+00,nan
09:06.8,3.757346E+00,1.019880E+00,3.832043E+00,nan
09:07.8,3.757413E+00,1.019879E+00,3.832106E+00,nan
09:08.8,3.757487E+00,1.019888E+00,3.832215E+00,nan
09:09.8,3.757559E+00,1.019885E+00,3.832279E+00,nan
09:10.8,3.757636E+00,1.019883E+00,3.832348E+00,nan
09:11.8,3.757678E+00,1.019886E+00,3.832405E+00,nan
09:12.8,3.757767E+00,1.019881E+00,3.832477E+00,nan
09:13.8,3.757827E+00,1.019880E+00,3.832533E+00,nan
09:14.8,3.757898E+00,1.019878E+00,3.832597E+00,nan
09:15.8,3.757965E+00,1.019890E+00,3.832712E+00,nan
09:16.8,3.758054E+00,1.019883E+00,3.832775E+00,nan
09:17.8,3.758104E+00,1.019892E+00,3.832858E+00,nan
09:18.8,3.758178E+00,1.019890E+00,3.832930E+00,nan
09:19.8,3.758233E+00,1.019892E+00,3.832990E+00,nan
09:20.8,3.758339E+00,1.019886E+00,3.833080E+00,nan
09:21.8,3.758404E+00,1.019881E+00,3.833126E+00,nan
09:22.8,3.758481E+00,1.019889E+00,3.833233E+00,nan
09:23.8,3.758582E+00,1.019890E+00,3.833341E+00,nan
09:24.8,3.758629E+00,1.019892E+00,3.833394E+00,nan
09:25.8,3.758684E+00,1.019895E+00,3.833464E+00,nan
09:26.8,3.758760E+00,1.019892E+00,3.833528E+00,nan
09:27.8,3.758840E+00,1.019893E+00,3.833613E+00,nan
09:28.8,3.758919E+00,1.019892E+00,3.833690E+00,nan
09:29.8,3.758993E+00,1.019890E+00,3.833761E+00,nan
09:30.8,3.759065E+00,1.019888E+00,3.833825E+00,nan
09:31.8,3.759134E+00,1.019889E+00,3.833900E+00,nan
09:32.8,3.759204E+00,1.019893E+00,3.833985E+00,nan
09:33.8,3.759276E+00,1.019894E+00,3.834063E+00,nan
09:34.8,3.759335E+00,1.019888E+00,3.834100E+00,nan
09:35.8,3.759419E+00,1.019893E+00,3.834205E+00,nan
09:36.8,3.759508E+00,1.019890E+00,3.834286E+00,nan
09:37.8,3.759560E+00,1.019890E+00,3.834339E+00,nan
09:38.8,3.759627E+00,1.019888E+00,3.834398E+00,nan
09:39.8,3.759694E+00,1.019895E+00,3.834494E+00,nan
09:40.8,3.759776E+00,1.019886E+00,3.834545E+00,nan
09:41.8,3.759877E+00,1.019888E+00,3.834653E+00,nan
09:42.8,3.759932E+00,1.019883E+00,3.834690E+00,nan
09:43.8,3.760006E+00,1.019885E+00,3.834775E+00,nan
09:44.8,3.760115E+00,1.019890E+00,3.834905E+00,nan
09:45.8,3.760140E+00,1.019893E+00,3.834940E+00,nan
09:46.8,3.760217E+00,1.019889E+00,3.835004E+00,nan
09:47.8,3.760303E+00,1.019878E+00,3.835050E+00,nan
09:48.8,3.760358E+00,1.019884E+00,3.835129E+00,nan
09:49.8,3.760457E+00,1.019886E+00,3.835239E+00,nan
09:50.8,3.760516E+00,1.019881E+00,3.835281E+00,nan
09:51.8,3.760586E+00,1.019885E+00,3.835366E+00,nan
09:52.8,3.760653E+00,1.019881E+00,3.835420E+00,nan
09:53.8,3.760735E+00,1.019889E+00,3.835532E+00,nan
09:54.8,3.760811E+00,1.019884E+00,3.835591E+00,nan
09:55.8,3.760878E+00,1.019888E+00,3.835674E+00,nan
09:56.8,3.760950E+00,1.019884E+00,3.835733E+00,nan
09:57.8,3.761014E+00,1.019884E+00,3.835798E+00,nan
09:58.8,3.761084E+00,1.019885E+00,3.835873E+00,nan
09:59.8,3.761170E+00,1.019888E+00,3.835972E+00,nan
10:00.8,3.761222E+00,1.019893E+00,3.836044E+00,nan
10:01.8,3.761309E+00,1.019893E+00,3.836132E+00,nan
10:02.8,3.761366E+00,1.019897E+00,3.836205E+00,nan
10:03.8,3.761490E+00,1.019893E+00,3.836316E+00,nan
10:04.8,3.761537E+00,1.019893E+00,3.836365E+00,nan
10:05.8,3.761611E+00,1.019893E+00,3.836440E+00,nan
10:06.8,3.761688E+00,1.019889E+00,3.836504E+00,nan
10:07.8,3.761725E+00,1.019889E+00,3.836542E+00,nan
10:08.8,3.761839E+00,1.019894E+00,3.836678E+00,nan
10:09.8,3.761901E+00,1.019888E+00,3.836717E+00,nan
10:10.8,3.761953E+00,1.019883E+00,3.836751E+00,nan
10:11.8,3.762062E+00,1.019892E+00,3.836895E+00,nan
10:12.8,3.762102E+00,1.019895E+00,3.836950E+00,nan
10:13.8,3.762161E+00,1.019895E+00,3.837011E+00,nan
10:14.8,3.762265E+00,1.019900E+00,3.837136E+00,nan
10:15.8,3.762342E+00,1.019895E+00,3.837195E+00,nan
10:16.8,3.762414E+00,1.019899E+00,3.837282E+00,nan
10:17.8,3.762458E+00,1.019904E+00,3.837347E+00,nan
10:18.8,3.762560E+00,1.019894E+00,3.837413E+00,nan
10:19.8,3.762607E+00,1.019892E+00,3.837451E+00,nan
10:20.8,3.762701E+00,1.019894E+00,3.837557E+00,nan
10:21.8,3.762778E+00,1.019899E+00,3.837654E+00,nan
10:22.8,3.762862E+00,1.019893E+00,3.837716E+00,nan
10:23.8,3.762924E+00,1.019893E+00,3.837779E+00,nan
10:24.8,3.762979E+00,1.019895E+00,3.837844E+00,nan
10:25.8,3.763045E+00,1.019905E+00,3.837950E+00,nan
10:26.8,3.763144E+00,1.019908E+00,3.838061E+00,nan
10:27.8,3.763204E+00,1.019903E+00,3.838103E+00,nan
10:28.8,3.763300E+00,1.019902E+00,3.838196E+00,nan
10:29.8,3.763377E+00,1.019903E+00,3.838279E+00,nan
10:30.8,3.763449E+00,1.019903E+00,3.838353E+00,nan
10:31.8,3.763523E+00,1.019900E+00,3.838419E+00,nan
10:32.8,3.763603E+00,1.019899E+00,3.838495E+00,nan
10:33.8,3.763655E+00,1.019899E+00,3.838548E+00,nan
10:34.8,3.763726E+00,1.019895E+00,3.838607E+00,nan
10:35.8,3.763806E+00,1.019892E+00,3.838674E+00,nan
10:36.8,3.763875E+00,1.019897E+00,3.838764E+00,nan
10:37.8,3.763972E+00,1.019899E+00,3.838872E+00,nan
10:38.8,3.764066E+00,1.019905E+00,3.838991E+00,nan
10:39.8,3.764118E+00,1.019903E+00,3.839035E+00,nan
10:40.8,3.764160E+00,1.019900E+00,3.839068E+00,nan
10:41.8,3.764269E+00,1.019892E+00,3.839146E+00,nan
10:42.8,3.764323E+00,1.019904E+00,3.839249E+00,nan
10:43.8,3.764420E+00,1.019904E+00,3.839348E+00,nan
10:44.8,3.764480E+00,1.019904E+00,3.839408E+00,nan
10:45.8,3.764579E+00,1.019902E+00,3.839500E+00,nan
10:46.8,3.764638E+00,1.019903E+00,3.839565E+00,nan
10:47.8,3.764710E+00,1.019895E+00,3.839610E+00,nan
10:48.8,3.764791E+00,1.019900E+00,3.839713E+00,nan
10:49.8,3.764826E+00,1.019902E+00,3.839752E+00,nan
10:50.8,3.764918E+00,1.019898E+00,3.839832E+00,nan
10:51.8,3.764985E+00,1.019904E+00,3.839924E+00,nan
10:52.8,3.765069E+00,1.019908E+00,3.840024E+00,nan
10:53.8,3.765161E+00,1.019907E+00,3.840113E+00,nan
10:54.8,3.765203E+00,1.019898E+00,3.840122E+00,nan
10:55.8,3.765307E+00,1.019900E+00,3.840238E+00,nan
10:56.8,3.765349E+00,1.019912E+00,3.840324E+00,nan
10:57.8,3.765445E+00,1.019898E+00,3.840370E+00,nan
10:58.8,3.765562E+00,1.019902E+00,3.840503E+00,nan
10:59.8,3.765614E+00,1.019911E+00,3.840590E+00,nan
11:00.8,3.765661E+00,1.019911E+00,3.840637E+00,nan
11:01.8,3.765755E+00,1.019908E+00,3.840724E+00,nan
11:02.8,3.765805E+00,1.019903E+00,3.840755E+00,nan
11:03.8,3.765896E+00,1.019908E+00,3.840868E+00,nan
11:04.8,3.765966E+00,1.019905E+00,3.840929E+00,nan
11:05.8,3.766025E+00,1.019899E+00,3.840966E+00,nan
11:06.8,3.766134E+00,1.019904E+00,3.841096E+00,nan
11:07.8,3.766189E+00,1.019898E+00,3.841128E+00,nan
11:08.8,3.766258E+00,1.019905E+00,3.841227E+00,nan
11:09.8,3.766374E+00,1.019903E+00,3.841336E+00,nan
11:10.8,3.766431E+00,1.019912E+00,3.841428E+00,nan
11:11.8,3.766508E+00,1.019904E+00,3.841477E+00,nan
11:12.8,3.766563E+00,1.019904E+00,3.841533E+00,nan
11:13.8,3.766657E+00,1.019913E+00,3.841662E+00,nan
11:14.8,3.766721E+00,1.019903E+00,3.841690E+00,nan
11:15.8,3.766800E+00,1.019903E+00,3.841771E+00,nan
11:16.8,3.766860E+00,1.019909E+00,3.841855E+00,nan
11:17.8,3.766927E+00,1.019909E+00,3.841923E+00,nan
11:18.8,3.767026E+00,1.019911E+00,3.842029E+00,nan
11:19.8,3.767093E+00,1.019905E+00,3.842078E+00,nan
11:20.8,3.767199E+00,1.019903E+00,3.842177E+00,nan
11:21.8,3.767273E+00,1.019902E+00,3.842248E+00,nan
11:22.8,3.767343E+00,1.019907E+00,3.842338E+00,nan
11:23.8,3.767405E+00,1.019909E+00,3.842411E+00,nan
11:24.8,3.767467E+00,1.019905E+00,3.842460E+00,nan
11:25.8,3.767553E+00,1.019902E+00,3.842534E+00,nan
11:26.8,3.767618E+00,1.019909E+00,3.842628E+00,nan
11:27.8,3.767704E+00,1.019909E+00,3.842717E+00,nan
11:28.8,3.767779E+00,1.019909E+00,3.842792E+00,nan
11:29.8,3.767851E+00,1.019908E+00,3.842861E+00,nan
11:30.8,3.767940E+00,1.019908E+00,3.842952E+00,nan
11:31.8,3.768019E+00,1.019904E+00,3.843018E+00,nan
11:32.8,3.768096E+00,1.019900E+00,3.843082E+00,nan
11:33.8,3.768140E+00,1.019904E+00,3.843142E+00,nan
11:34.8,3.768239E+00,1.019903E+00,3.843239E+00,nan
11:35.8,3.768291E+00,1.019902E+00,3.843287E+00,nan
11:36.8,3.768368E+00,1.019905E+00,3.843379E+00,nan
11:37.8,3.768462E+00,1.019903E+00,3.843466E+00,nan
11:38.8,3.768534E+00,1.019899E+00,3.843525E+00,nan
11:39.8,3.768621E+00,1.019895E+00,3.843599E+00,nan
11:40.8,3.768703E+00,1.019902E+00,3.843706E+00,nan
11:41.8,3.768770E+00,1.019903E+00,3.843779E+00,nan
11:42.8,3.768851E+00,1.019908E+00,3.843881E+00,nan
11:43.8,3.768940E+00,1.019903E+00,3.843953E+00,nan
11:44.8,3.769007E+00,1.019908E+00,3.844040E+00,nan
11:45.8,3.769039E+00,1.019911E+00,3.844083E+00,nan
11:46.8,3.769146E+00,1.019909E+00,3.844187E+00,nan
11:47.8,3.769213E+00,1.019900E+00,3.844222E+00,nan
11:48.8,3.769280E+00,1.019911E+00,3.844328E+00,nan
11:49.8,3.769364E+00,1.019904E+00,3.844390E+00,nan
11:50.8,3.769433E+00,1.019897E+00,3.844432E+00,nan
11:51.8,3.769547E+00,1.019898E+00,3.844553E+00,nan
11:52.8,3.769626E+00,1.019899E+00,3.844639E+00,nan
11:53.8,3.769671E+00,1.019899E+00,3.844684E+00,nan
11:54.8,3.769743E+00,1.019903E+00,3.844772E+00,nan
11:55.8,3.769840E+00,1.019898E+00,3.844851E+00,nan
11:56.8,3.769924E+00,1.019898E+00,3.844937E+00,nan
11:57.8,3.769968E+00,1.019894E+00,3.844968E+00,nan
11:58.8,3.770060E+00,1.019893E+00,3.845057E+00,nan
11:59.8,3.770171E+00,1.019890E+00,3.845161E+00,nan
12:00.8,3.770251E+00,1.019893E+00,3.845251E+00,nan
12:01.8,3.770285E+00,1.019897E+00,3.845301E+00,nan
12:02.8,3.770377E+00,1.019897E+00,3.845395E+00,nan
12:03.8,3.770444E+00,1.019902E+00,3.845482E+00,nan
12:04.8,3.770503E+00,1.019897E+00,3.845524E+00,nan
12:05.8,3.770597E+00,1.019895E+00,3.845615E+00,nan
12:06.8,3.770654E+00,1.019895E+00,3.845673E+00,nan
12:07.8,3.770753E+00,1.019898E+00,3.845783E+00,nan
12:08.8,3.770813E+00,1.019900E+00,3.845854E+00,nan
12:09.8,3.770907E+00,1.019890E+00,3.845912E+00,nan
12:10.8,3.770989E+00,1.019899E+00,3.846028E+00,nan
12:11.8,3.771046E+00,1.019893E+00,3.846062E+00,nan
12:12.8,3.771135E+00,1.019897E+00,3.846168E+00,nan
12:13.8,3.771219E+00,1.019895E+00,3.846249E+00,nan
12:14.8,3.771271E+00,1.019892E+00,3.846287E+00,nan
12:15.8,3.771368E+00,1.019900E+00,3.846420E+00,nan
12:16.8,3.771422E+00,1.019897E+00,3.846461E+00,nan
12:17.8,3.771516E+00,1.019900E+00,3.846571E+00,nan
12:18.8,3.771583E+00,1.019893E+00,3.846611E+00,nan
12:19.8,3.771655E+00,1.019898E+00,3.846703E+00,nan
12:20.8,3.771754E+00,1.019895E+00,3.846795E+00,nan
12:21.8,3.771841E+00,1.019892E+00,3.846868E+00,nan
12:22.8,3.771910E+00,1.019890E+00,3.846935E+00,nan
12:23.8,3.771987E+00,1.019898E+00,3.847041E+00,nan
12:24.8,3.772066E+00,1.019899E+00,3.847127E+00,nan
12:25.8,3.772141E+00,1.019895E+00,3.847188E+00,nan
12:26.8,3.772217E+00,1.019899E+00,3.847281E+00,nan
12:27.8,3.772292E+00,1.019899E+00,3.847357E+00,nan
12:28.8,3.772386E+00,1.019911E+00,3.847496E+00,nan
12:29.8,3.772435E+00,1.019905E+00,3.847527E+00,nan
12:30.8,3.772490E+00,1.019899E+00,3.847559E+00,nan
12:31.8,3.772586E+00,1.019897E+00,3.847648E+00,nan
12:32.8,3.772663E+00,1.019904E+00,3.847755E+00,nan
12:33.8,3.772745E+00,1.019900E+00,3.847824E+00,nan
12:34.8,3.772819E+00,1.019892E+00,3.847866E+00,nan
12:35.8,3.772881E+00,1.019898E+00,3.847953E+00,nan
12:36.8,3.772970E+00,1.019900E+00,3.848054E+00,nan
12:37.8,3.773045E+00,1.019893E+00,3.848101E+00,nan
12:38.8,3.773124E+00,1.019899E+00,3.848206E+00,nan
12:39.8,3.773193E+00,1.019902E+00,3.848286E+00,nan
12:40.8,3.773282E+00,1.019900E+00,3.848372E+00,nan
12:41.8,3.773362E+00,1.019900E+00,3.848453E+00,nan
12:42.8,3.773436E+00,1.019889E+00,3.848486E+00,nan
12:43.8,3.773498E+00,1.019899E+00,3.848587E+00,nan
12:44.8,3.773577E+00,1.019892E+00,3.848639E+00,nan
12:45.8,3.773674E+00,1.019899E+00,3.848767E+00,nan
12:46.8,3.773733E+00,1.019897E+00,3.848818E+00,nan
12:47.8,3.773803E+00,1.019899E+00,3.848898E+00,nan
12:48.8,3.773899E+00,1.019897E+00,3.848987E+00,nan
12:49.8,3.773988E+00,1.019893E+00,3.849063E+00,nan
12:50.8,3.774045E+00,1.019890E+00,3.849112E+00,nan
12:51.8,3.774149E+00,1.019897E+00,3.849242E+00,nan
12:52.8,3.774214E+00,1.019895E+00,3.849303E+00,nan
12:53.8,3.774283E+00,1.019893E+00,3.849364E+00,nan
12:54.8,3.774345E+00,1.019890E+00,3.849418E+00,nan
12:55.8,3.774424E+00,1.019898E+00,3.849527E+00,nan
12:56.8,3.774494E+00,1.019898E+00,3.849598E+00,nan
12:57.8,3.774590E+00,1.019892E+00,3.849673E+00,nan
12:58.8,3.774667E+00,1.019892E+00,3.849751E+00,nan
12:59.8,3.774741E+00,1.019892E+00,3.849826E+00,nan
13:00.8,3.774828E+00,1.019892E+00,3.849915E+00,nan
13:01.8,3.774892E+00,1.019890E+00,3.849976E+00,nan
13:02.8,3.774987E+00,1.019893E+00,3.850082E+00,nan
13:03.8,3.775038E+00,1.019897E+00,3.850149E+00,nan
13:04.8,3.775133E+00,1.019898E+00,3.850250E+00,nan
13:05.8,3.775214E+00,1.019888E+00,3.850295E+00,nan
13:06.8,3.775289E+00,1.019888E+00,3.850371E+00,nan
13:07.8,3.775383E+00,1.019897E+00,3.850500E+00,nan
13:08.8,3.775418E+00,1.019893E+00,3.850521E+00,nan
13:09.8,3.775544E+00,1.019900E+00,3.850679E+00,nan
13:10.8,3.775596E+00,1.019902E+00,3.850736E+00,nan
13:11.8,3.775648E+00,1.019904E+00,3.850799E+00,nan
13:12.8,3.775754E+00,1.019905E+00,3.850912E+00,nan
13:13.8,3.775841E+00,1.019905E+00,3.851001E+00,nan
13:14.8,3.775933E+00,1.019903E+00,3.851085E+00,nan
13:15.8,3.775997E+00,1.019907E+00,3.851165E+00,nan
13:16.8,3.776062E+00,1.019902E+00,3.851211E+00,nan
13:17.8,3.776153E+00,1.019898E+00,3.851290E+00,nan
13:18.8,3.776252E+00,1.019904E+00,3.851415E+00,nan
13:19.8,3.776317E+00,1.019905E+00,3.851486E+00,nan
13:20.8,3.776391E+00,1.019904E+00,3.851557E+00,nan
13:21.8,3.776473E+00,1.019907E+00,3.851650E+00,nan
13:22.8,3.776559E+00,1.019908E+00,3.851743E+00,nan
13:23.8,3.776626E+00,1.019911E+00,3.851821E+00,nan
13:24.8,3.776711E+00,1.019909E+00,3.851902E+00,nan
13:25.8,3.776762E+00,1.019912E+00,3.851964E+00,nan
13:26.8,3.776871E+00,1.019900E+00,3.852033E+00,nan
13:27.8,3.776916E+00,1.019902E+00,3.852083E+00,nan
13:28.8,3.777010E+00,1.019902E+00,3.852179E+00,nan
13:29.8,3.777067E+00,1.019908E+00,3.852261E+00,nan
13:30.8,3.777164E+00,1.019902E+00,3.852335E+00,nan
13:31.8,3.777248E+00,1.019911E+00,3.852455E+00,nan
13:32.8,3.777325E+00,1.019913E+00,3.852543E+00,nan
13:33.8,3.777394E+00,1.019902E+00,3.852570E+00,nan
13:34.8,3.777466E+00,1.019907E+00,3.852663E+00,nan
13:35.8,3.777577E+00,1.019903E+00,3.852762E+00,nan
13:36.8,3.777632E+00,1.019900E+00,3.852808E+00,nan
13:37.8,3.777724E+00,1.019908E+00,3.852930E+00,nan
13:38.8,3.777817E+00,1.019903E+00,3.853007E+00,nan
13:39.8,3.777872E+00,1.019902E+00,3.853058E+00,nan
13:40.8,3.777944E+00,1.019912E+00,3.853169E+00,nan
13:41.8,3.778033E+00,1.019902E+00,3.853222E+00,nan
13:42.8,3.778093E+00,1.019892E+00,3.853245E+00,nan
13:43.8,3.778202E+00,1.019898E+00,3.853380E+00,nan
13:44.8,3.778281E+00,1.019900E+00,3.853470E+00,nan
13:45.8,3.778368E+00,1.019895E+00,3.853539E+00,nan
13:46.8,3.778417E+00,1.019905E+00,3.853628E+00,nan
13:47.8,3.778531E+00,1.019904E+00,3.853739E+00,nan
13:48.8,3.778563E+00,1.019900E+00,3.853758E+00,nan
13:49.8,3.778650E+00,1.019895E+00,3.853827E+00,nan
13:50.8,3.778744E+00,1.019897E+00,3.853928E+00,nan
13:51.8,3.778803E+00,1.019898E+00,3.853993E+00,nan
13:52.8,3.778905E+00,1.019895E+00,3.854087E+00,nan
13:53.8,3.778972E+00,1.019895E+00,3.854156E+00,nan
13:54.8,3.779051E+00,1.019893E+00,3.854227E+00,nan
13:55.8,3.779160E+00,1.019897E+00,3.854353E+00,nan
13:56.8,3.779210E+00,1.019897E+00,3.854403E+00,nan
13:57.8,3.779309E+00,1.019902E+00,3.854523E+00,nan
13:58.8,3.779385E+00,1.019895E+00,3.854577E+00,nan
13:59.8,3.779470E+00,1.019900E+00,3.854683E+00,nan
14:00.8,3.779564E+00,1.019900E+00,3.854779E+00,nan
14:01.8,3.779608E+00,1.019900E+00,3.854824E+00,nan
14:02.8,3.779675E+00,1.019905E+00,3.854911E+00,nan
14:03.8,3.779777E+00,1.019900E+00,3.854996E+00,nan
14:04.8,3.779844E+00,1.019905E+00,3.855083E+00,nan
14:05.8,3.779950E+00,1.019898E+00,3.855163E+00,nan
14:06.8,3.780020E+00,1.019900E+00,3.855244E+00,nan
14:07.8,3.780111E+00,1.019890E+00,3.855299E+00,nan
14:08.8,3.780178E+00,1.019890E+00,3.855367E+00,nan
14:09.8,3.780247E+00,1.019889E+00,3.855433E+00,nan
14:10.8,3.780329E+00,1.019888E+00,3.855512E+00,nan
14:11.8,3.780396E+00,1.019897E+00,3.855613E+00,nan
14:12.8,3.780490E+00,1.019895E+00,3.855704E+00,nan
14:13.8,3.780560E+00,1.019892E+00,3.855761E+00,nan
14:14.8,3.780636E+00,1.019893E+00,3.855844E+00,nan
14:15.8,3.780738E+00,1.019897E+00,3.855962E+00,nan
14:16.8,3.780792E+00,1.019897E+00,3.856017E+00,nan
14:17.8,3.780894E+00,1.019894E+00,3.856111E+00,nan
14:18.8,3.780978E+00,1.019893E+00,3.856192E+00,nan
14:19.8,3.781047E+00,1.019890E+00,3.856254E+00,nan
14:20.8,3.781119E+00,1.019898E+00,3.856355E+00,nan
14:21.8,3.781213E+00,1.019893E+00,3.856432E+00,nan
14:22.8,3.781280E+00,1.019890E+00,3.856491E+00,nan
14:23.8,3.781352E+00,1.019889E+00,3.856559E+00,nan
14:24.8,3.781429E+00,1.019895E+00,3.856662E+00,nan
14:25.8,3.781516E+00,1.019889E+00,3.856726E+00,nan
14:26.8,3.781600E+00,1.019888E+00,3.856807E+00,nan
14:27.8,3.781699E+00,1.019889E+00,3.856913E+00,nan
14:28.8,3.781783E+00,1.019900E+00,3.857042E+00,nan
14:29.8,3.781837E+00,1.019903E+00,3.857107E+00,nan
14:30.8,3.781934E+00,1.019898E+00,3.857187E+00,nan
14:31.8,3.782026E+00,1.019884E+00,3.857228E+00,nan
14:32.8,3.782088E+00,1.019890E+00,3.857315E+00,nan
14:33.8,3.782187E+00,1.019886E+00,3.857401E+00,nan
14:34.8,3.782276E+00,1.019898E+00,3.857535E+00,nan
14:35.8,3.782333E+00,1.019890E+00,3.857565E+00,nan
14:36.8,3.782425E+00,1.019884E+00,3.857634E+00,nan
14:37.8,3.782482E+00,1.019897E+00,3.857740E+00,nan
14:38.8,3.782595E+00,1.019895E+00,3.857851E+00,nan
14:39.8,3.782628E+00,1.019892E+00,3.857870E+00,nan
14:40.8,3.782727E+00,1.019890E+00,3.857966E+00,nan
14:41.8,3.782804E+00,1.019893E+00,3.858054E+00,nan
14:42.8,3.782895E+00,1.019902E+00,3.858181E+00,nan
14:43.8,3.782969E+00,1.019889E+00,3.858209E+00,nan
14:44.8,3.783086E+00,1.019903E+00,3.858380E+00,nan
14:45.8,3.783148E+00,1.019897E+00,3.858420E+00,nan
14:46.8,3.783195E+00,1.019892E+00,3.858448E+00,nan
14:47.8,3.783284E+00,1.019897E+00,3.858559E+00,nan
14:48.8,3.783349E+00,1.019892E+00,3.858605E+00,nan
14:49.8,3.783463E+00,1.019885E+00,3.858697E+00,nan
14:50.8,3.783539E+00,1.019898E+00,3.858823E+00,nan
14:51.8,3.783611E+00,1.019897E+00,3.858892E+00,nan
14:52.8,3.783661E+00,1.019892E+00,3.858923E+00,nan
14:53.8,3.783775E+00,1.019897E+00,3.859059E+00,nan
14:54.8,3.783846E+00,1.019894E+00,3.859123E+00,nan
14:55.8,3.783945E+00,1.019895E+00,3.859228E+00,nan
14:56.8,3.783995E+00,1.019899E+00,3.859293E+00,nan
14:57.8,3.784096E+00,1.019894E+00,3.859378E+00,nan
14:58.8,3.784181E+00,1.019894E+00,3.859464E+00,nan
14:59.8,3.784257E+00,1.019902E+00,3.859570E+00,nan
15:00.8,3.784344E+00,1.019893E+00,3.859625E+00,nan
15:01.8,3.784428E+00,1.019889E+00,3.859697E+00,nan
15:02.8,3.784515E+00,1.019895E+00,3.859809E+00,nan
15:03.8,3.784604E+00,1.019890E+00,3.859881E+00,nan
15:04.8,3.784678E+00,1.019889E+00,3.859952E+00,nan
15:05.8,3.784760E+00,1.019893E+00,3.860050E+00,nan
15:06.8,3.784820E+00,1.019895E+00,3.860120E+00,nan
15:07.8,3.784904E+00,1.019886E+00,3.860172E+00,nan
15:08.8,3.784968E+00,1.019890E+00,3.860253E+00,nan
15:09.8,3.785072E+00,1.019894E+00,3.860373E+00,nan
15:10.8,3.785144E+00,1.019889E+00,3.860427E+00,nan
15:11.8,3.785238E+00,1.019898E+00,3.860556E+00,nan
15:12.8,3.785337E+00,1.019897E+00,3.860653E+00,nan
15:13.8,3.785402E+00,1.019902E+00,3.860737E+00,nan
15:14.8,3.785489E+00,1.019897E+00,3.860807E+00,nan
15:15.8,3.785548E+00,1.019892E+00,3.860848E+00,nan
15:16.8,3.785650E+00,1.019894E+00,3.860962E+00,nan
15:17.8,3.785714E+00,1.019894E+00,3.861027E+00,nan
15:18.8,3.785791E+00,1.019903E+00,3.861139E+00,nan
15:19.8,3.785885E+00,1.019893E+00,3.861197E+00,nan
15:20.8,3.785967E+00,1.019890E+00,3.861271E+00,nan
15:21.8,3.786048E+00,1.019890E+00,3.861354E+00,nan
15:22.8,3.786137E+00,1.019893E+00,3.861454E+00,nan
15:23.8,3.786197E+00,1.019895E+00,3.861525E+00,nan
15:24.8,3.786286E+00,1.019898E+00,3.861625E+00,nan
15:25.8,3.786363E+00,1.019897E+00,3.861699E+00,nan
15:26.8,3.786469E+00,1.019902E+00,3.861826E+00,nan
15:27.8,3.786546E+00,1.019894E+00,3.861876E+00,nan
15:28.8,3.786615E+00,1.019890E+00,3.861932E+00,nan
15:29.8,3.786710E+00,1.019897E+00,3.862052E+00,nan
15:30.8,3.786762E+00,1.019897E+00,3.862105E+00,nan
15:31.8,3.786846E+00,1.019892E+00,3.862172E+00,nan
15:32.8,3.786940E+00,1.019899E+00,3.862297E+00,nan
15:33.8,3.787046E+00,1.019894E+00,3.862386E+00,nan
15:34.8,3.787096E+00,1.019893E+00,3.862432E+00,nan
15:35.8,3.787180E+00,1.019892E+00,3.862513E+00,nan
15:36.8,3.787272E+00,1.019898E+00,3.862630E+00,nan
15:37.8,3.787339E+00,1.019899E+00,3.862703E+00,nan
15:38.8,3.787435E+00,1.019897E+00,3.862792E+00,nan
15:39.8,3.787497E+00,1.019900E+00,3.862870E+00,nan
15:40.8,3.787579E+00,1.019894E+00,3.862930E+00,nan
15:41.8,3.787695E+00,1.019889E+00,3.863029E+00,nan
15:42.8,3.787772E+00,1.019886E+00,3.863098E+00,nan
15:43.8,3.787844E+00,1.019885E+00,3.863166E+00,nan
15:44.8,3.787941E+00,1.019890E+00,3.863284E+00,nan
15:45.8,3.788000E+00,1.019883E+00,3.863316E+00,nan
15:46.8,3.788082E+00,1.019892E+00,3.863433E+00,nan
15:47.8,3.788164E+00,1.019897E+00,3.863535E+00,nan
15:48.8,3.788265E+00,1.019897E+00,3.863639E+00,nan
15:49.8,3.788344E+00,1.019894E+00,3.863710E+00,nan
15:50.8,3.788414E+00,1.019897E+00,3.863790E+00,nan
15:51.8,3.788473E+00,1.019895E+00,3.863846E+00,nan
15:52.8,3.788582E+00,1.019894E+00,3.863953E+00,nan
15:53.8,3.788656E+00,1.019893E+00,3.864024E+00,nan
15:54.8,3.788748E+00,1.019888E+00,3.864098E+00,nan
15:55.8,3.788812E+00,1.019893E+00,3.864183E+00,nan
15:56.8,3.788894E+00,1.019892E+00,3.864261E+00,nan
15:57.8,3.788996E+00,1.019889E+00,3.864355E+00,nan
15:58.8,3.789068E+00,1.019890E+00,3.864433E+00,nan
15:59.8,3.789154E+00,1.019897E+00,3.864546E+00,nan
16:00.8,3.789248E+00,1.019898E+00,3.864646E+00,nan
16:01.8,3.789315E+00,1.019893E+00,3.864695E+00,nan
16:02.8,3.789417E+00,1.019893E+00,3.864799E+00,nan
16:03.8,3.789474E+00,1.019889E+00,3.864843E+00,nan
16:04.8,3.789556E+00,1.019897E+00,3.864955E+00,nan
16:05.8,3.789625E+00,1.019902E+00,3.865045E+00,nan
16:06.8,3.789716E+00,1.019903E+00,3.865143E+00,nan
16:07.8,3.789791E+00,1.019897E+00,3.865195E+00,nan
16:08.8,3.789882E+00,1.019900E+00,3.865303E+00,nan
16:09.8,3.789967E+00,1.019902E+00,3.865393E+00,nan
16:10.8,3.790041E+00,1.019902E+00,3.865469E+00,nan
16:11.8,3.790140E+00,1.019893E+00,3.865537E+00,nan
16:12.8,3.790229E+00,1.019899E+00,3.865652E+00,nan
16:13.8,3.790281E+00,1.019897E+00,3.865695E+00,nan
16:14.8,3.790378E+00,1.019890E+00,3.865770E+00,nan
16:15.8,3.790455E+00,1.019892E+00,3.865852E+00,nan
16:16.8,3.790546E+00,1.019897E+00,3.865966E+00,nan
16:17.8,3.790621E+00,1.019897E+00,3.866041E+00,nan
16:18.8,3.790720E+00,1.019904E+00,3.866171E+00,nan
16:19.8,3.790772E+00,1.019905E+00,3.866229E+00,nan
16:20.8,3.790876E+00,1.019902E+00,3.866320E+00,nan
16:21.8,3.790943E+00,1.019894E+00,3.866360E+00,nan
16:22.8,3.791037E+00,1.019886E+00,3.866427E+00,nan
16:23.8,3.791106E+00,1.019889E+00,3.866507E+00,nan
16:24.8,3.791198E+00,1.019895E+00,3.866625E+00,nan
16:25.8,3.791277E+00,1.019892E+00,3.866691E+00,nan
16:26.8,3.791351E+00,1.019895E+00,3.866781E+00,nan
16:27.8,3.791433E+00,1.019888E+00,3.866836E+00,nan
16:28.8,3.791554E+00,1.019893E+00,3.866979E+00,nan
16:29.8,3.791639E+00,1.019894E+00,3.867070E+00,nan
16:30.8,3.791710E+00,1.019889E+00,3.867124E+00,nan
16:31.8,3.791780E+00,1.019890E+00,3.867199E+00,nan
16:32.8,3.791864E+00,1.019899E+00,3.867319E+00,nan
16:33.8,3.791956E+00,1.019898E+00,3.867407E+00,nan
16:34.8,3.792037E+00,1.019900E+00,3.867501E+00,nan
16:35.8,3.792119E+00,1.019902E+00,3.867588E+00,nan
16:36.8,3.792201E+00,1.019894E+00,3.867643E+00,nan
16:37.8,3.792293E+00,1.019899E+00,3.867756E+00,nan
16:38.8,3.792377E+00,1.019895E+00,3.867827E+00,nan
16:39.8,3.792449E+00,1.019895E+00,3.867900E+00,nan
16:40.8,3.792543E+00,1.019894E+00,3.867992E+00,nan
16:41.8,3.792617E+00,1.019884E+00,3.868029E+00,nan
16:42.8,3.792704E+00,1.019895E+00,3.868161E+00,nan
16:43.8,3.792805E+00,1.019888E+00,3.868236E+00,nan
16:44.8,3.792865E+00,1.019894E+00,3.868321E+00,nan
16:45.8,3.792946E+00,1.019889E+00,3.868384E+00,nan
16:46.8,3.793031E+00,1.019885E+00,3.868456E+00,nan
16:47.8,3.793142E+00,1.019892E+00,3.868593E+00,nan
16:48.8,3.793224E+00,1.019885E+00,3.868653E+00,nan
16:49.8,3.793278E+00,1.019885E+00,3.868708E+00,nan
16:50.8,3.793370E+00,1.019889E+00,3.868816E+00,nan
16:51.8,3.793434E+00,1.019903E+00,3.868935E+00,nan
16:52.8,3.793563E+00,1.019894E+00,3.869033E+00,nan
16:53.8,3.793643E+00,1.019899E+00,3.869133E+00,nan
16:54.8,3.793739E+00,1.019888E+00,3.869188E+00,nan
16:55.8,3.793789E+00,1.019894E+00,3.869263E+00,nan
16:56.8,3.793868E+00,1.019897E+00,3.869353E+00,nan
16:57.8,3.793955E+00,1.019895E+00,3.869437E+00,nan
16:58.8,3.794064E+00,1.019893E+00,3.869538E+00,nan
16:59.8,3.794128E+00,1.019889E+00,3.869589E+00,nan
17:00.8,3.794210E+00,1.019898E+00,3.869706E+00,nan
17:01.8,3.794286E+00,1.019899E+00,3.869789E+00,nan
17:02.8,3.794376E+00,1.019894E+00,3.869861E+00,nan
17:03.8,3.794445E+00,1.019899E+00,3.869951E+00,nan
17:04.8,3.794542E+00,1.019894E+00,3.870031E+00,nan
17:05.8,3.794648E+00,1.019892E+00,3.870129E+00,nan
17:06.8,3.794742E+00,1.019889E+00,3.870216E+00,nan
17:07.8,3.794799E+00,1.019886E+00,3.870264E+00,nan
17:08.8,3.794873E+00,1.019884E+00,3.870331E+00,nan
17:09.8,3.794963E+00,1.019889E+00,3.870441E+00,nan
17:10.8,3.795072E+00,1.019894E+00,3.870571E+00,nan
17:11.8,3.795138E+00,1.019897E+00,3.870649E+00,nan
17:12.8,3.795230E+00,1.019897E+00,3.870742E+00,nan
17:13.8,3.795290E+00,1.019898E+00,3.870807E+00,nan
17:14.8,3.795376E+00,1.019895E+00,3.870887E+00,nan
17:15.8,3.795465E+00,1.019899E+00,3.870992E+00,nan
17:16.8,3.795557E+00,1.019893E+00,3.871061E+00,nan
17:17.8,3.795644E+00,1.019890E+00,3.871140E+00,nan
17:18.8,3.795706E+00,1.019884E+00,3.871180E+00,nan
17:19.8,3.795780E+00,1.019885E+00,3.871260E+00,nan
17:20.8,3.795896E+00,1.019892E+00,3.871402E+00,nan
17:21.8,3.795998E+00,1.019888E+00,3.871492E+00,nan
17:22.8,3.796065E+00,1.019889E+00,3.871565E+00,nan
17:23.8,3.796151E+00,1.019889E+00,3.871653E+00,nan
17:24.8,3.796231E+00,1.019893E+00,3.871748E+00,nan
17:25.8,3.796315E+00,1.019889E+00,3.871820E+00,nan
17:26.8,3.796431E+00,1.019892E+00,3.871948E+00,nan
17:27.8,3.796498E+00,1.019888E+00,3.872002E+00,nan
17:28.8,3.796575E+00,1.019894E+00,3.872105E+00,nan
17:29.8,3.796669E+00,1.019892E+00,3.872191E+00,nan
17:30.8,3.796734E+00,1.019894E+00,3.872266E+00,nan
17:31.8,3.796838E+00,1.019894E+00,3.872372E+00,nan
17:32.8,3.796919E+00,1.019892E+00,3.872446E+00,nan
17:33.8,3.796999E+00,1.019894E+00,3.872536E+00,nan
17:34.8,3.797080E+00,1.019894E+00,3.872620E+00,nan
17:35.8,3.797147E+00,1.019886E+00,3.872659E+00,nan
17:36.8,3.797281E+00,1.019885E+00,3.872791E+00,nan
17:37.8,3.797323E+00,1.019885E+00,3.872833E+00,nan
17:38.8,3.797435E+00,1.019892E+00,3.872971E+00,nan
17:39.8,3.797514E+00,1.019892E+00,3.873052E+00,nan
17:40.8,3.797573E+00,1.019881E+00,3.873074E+00,nan
17:41.8,3.797712E+00,1.019886E+00,3.873235E+00,nan
17:42.8,3.797744E+00,1.019888E+00,3.873273E+00,nan
17:43.8,3.797843E+00,1.019890E+00,3.873383E+00,nan
17:44.8,3.797927E+00,1.019888E+00,3.873460E+00,nan
17:45.8,3.798049E+00,1.019885E+00,3.873574E+00,nan
17:46.8,3.798113E+00,1.019890E+00,3.873659E+00,nan
17:47.8,3.798173E+00,1.019889E+00,3.873715E+00,nan
17:48.8,3.798257E+00,1.019892E+00,3.873810E+00,nan
17:49.8,3.798361E+00,1.019888E+00,3.873902E+00,nan
17:50.8,3.798423E+00,1.019888E+00,3.873965E+00,nan
17:51.8,3.798537E+00,1.019886E+00,3.874076E+00,nan
17:52.8,3.798596E+00,1.019892E+00,3.874156E+00,nan
17:53.8,3.798671E+00,1.019892E+00,3.874232E+00,nan
17:54.8,3.798769E+00,1.019892E+00,3.874333E+00,nan
17:55.8,3.798881E+00,1.019884E+00,3.874418E+00,nan
17:56.8,3.798948E+00,1.019881E+00,3.874476E+00,nan
17:57.8,3.799012E+00,1.019875E+00,3.874518E+00,nan
17:58.8,3.799129E+00,1.019881E+00,3.874661E+00,nan
17:59.8,3.799201E+00,1.019880E+00,3.874729E+00,nan
18:00.8,3.799287E+00,1.019880E+00,3.874818E+00,nan
18:01.8,3.799389E+00,1.019881E+00,3.874926E+00,nan
18:02.8,3.799438E+00,1.019886E+00,3.874996E+00,nan
18:03.8,3.799525E+00,1.019878E+00,3.875051E+00,nan
18:04.8,3.799609E+00,1.019878E+00,3.875137E+00,nan
18:05.8,3.799703E+00,1.019874E+00,3.875218E+00,nan
18:06.8,3.799775E+00,1.019876E+00,3.875301E+00,nan
18:07.8,3.799877E+00,1.019876E+00,3.875404E+00,nan
18:08.8,3.799939E+00,1.019875E+00,3.875463E+00,nan
18:09.8,3.800033E+00,1.019879E+00,3.875573E+00,nan
18:10.8,3.800112E+00,1.019883E+00,3.875668E+00,nan
18:11.8,3.800209E+00,1.019879E+00,3.875752E+00,nan
18:12.8,3.800290E+00,1.019883E+00,3.875850E+00,nan
18:13.8,3.800392E+00,1.019879E+00,3.875939E+00,nan
18:14.8,3.800469E+00,1.019884E+00,3.876037E+00,nan
18:15.8,3.800558E+00,1.019885E+00,3.876133E+00,nan
18:16.8,3.800652E+00,1.019883E+00,3.876219E+00,nan
18:17.8,3.800744E+00,1.019880E+00,3.876303E+00,nan
18:18.8,3.800786E+00,1.019881E+00,3.876351E+00,nan
18:19.8,3.800897E+00,1.019889E+00,3.876493E+00,nan
18:20.8,3.800984E+00,1.019883E+00,3.876558E+00,nan
18:21.8,3.801051E+00,1.019885E+00,3.876635E+00,nan
18:22.8,3.801150E+00,1.019879E+00,3.876712E+00,nan
18:23.8,3.801237E+00,1.019886E+00,3.876830E+00,nan
18:24.8,3.801308E+00,1.019881E+00,3.876884E+00,nan
18:25.8,3.801417E+00,1.019879E+00,3.876985E+00,nan
18:26.8,3.801497E+00,1.019880E+00,3.877071E+00,nan
18:27.8,3.801569E+00,1.019883E+00,3.877154E+00,nan
18:28.8,3.801663E+00,1.019886E+00,3.877264E+00,nan
18:29.8,3.801744E+00,1.019878E+00,3.877314E+00,nan
18:30.8,3.801833E+00,1.019883E+00,3.877424E+00,nan
18:31.8,3.801905E+00,1.019886E+00,3.877512E+00,nan
18:32.8,3.802002E+00,1.019885E+00,3.877605E+00,nan
18:33.8,3.802089E+00,1.019885E+00,3.877694E+00,nan
18:34.8,3.802161E+00,1.019884E+00,3.877763E+00,nan
18:35.8,3.802264E+00,1.019883E+00,3.877864E+00,nan
18:36.8,3.802334E+00,1.019884E+00,3.877939E+00,nan
18:37.8,3.802425E+00,1.019884E+00,3.878033E+00,nan
18:38.8,3.802522E+00,1.019886E+00,3.878141E+00,nan
18:39.8,3.802614E+00,1.019883E+00,3.878220E+00,nan
18:40.8,3.802715E+00,1.019881E+00,3.878318E+00,nan
18:41.8,3.802782E+00,1.019873E+00,3.878353E+00,nan
18:42.8,3.802881E+00,1.019878E+00,3.878474E+00,nan
18:43.8,3.802970E+00,1.019878E+00,3.878565E+00,nan
18:44.8,3.803050E+00,1.019879E+00,3.878650E+00,nan
18:45.8,3.803144E+00,1.019884E+00,3.878765E+00,nan
18:46.8,3.803223E+00,1.019876E+00,3.878817E+00,nan
18:47.8,3.803295E+00,1.019880E+00,3.878905E+00,nan
18:48.8,3.803386E+00,1.019878E+00,3.878989E+00,nan
18:49.8,3.803505E+00,1.019894E+00,3.879173E+00,nan
18:50.8,3.803585E+00,1.019880E+00,3.879201E+00,nan
18:51.8,3.803649E+00,1.019881E+00,3.879271E+00,nan
18:52.8,3.803743E+00,1.019883E+00,3.879372E+00,nan
18:53.8,3.803823E+00,1.019878E+00,3.879434E+00,nan
18:54.8,3.803914E+00,1.019892E+00,3.879580E+00,nan
18:55.8,3.804003E+00,1.019890E+00,3.879666E+00,nan
18:56.8,3.804080E+00,1.019885E+00,3.879725E+00,nan
18:57.8,3.804167E+00,1.019889E+00,3.879828E+00,nan
18:58.8,3.804239E+00,1.019883E+00,3.879877E+00,nan
18:59.8,3.804350E+00,1.019883E+00,3.879991E+00,nan
19:00.8,3.804410E+00,1.019885E+00,3.880061E+00,nan
19:01.8,3.804536E+00,1.019880E+00,3.880171E+00,nan
19:02.8,3.804588E+00,1.019888E+00,3.880253E+00,nan
19:03.8,3.804692E+00,1.019886E+00,3.880354E+00,nan
19:04.8,3.804781E+00,1.019893E+00,3.880469E+00,nan
19:05.8,3.804850E+00,1.019890E+00,3.880530E+00,nan
19:06.8,3.804957E+00,1.019893E+00,3.880648E+00,nan
19:07.8,3.805039E+00,1.019886E+00,3.880708E+00,nan
19:08.8,3.805103E+00,1.019888E+00,3.880778E+00,nan
19:09.8,3.805205E+00,1.019888E+00,3.880882E+00,nan
19:10.8,3.805321E+00,1.019883E+00,3.880981E+00,nan
19:11.8,3.805373E+00,1.019884E+00,3.881039E+00,nan
19:12.8,3.805440E+00,1.019886E+00,3.881117E+00,nan
19:13.8,3.805532E+00,1.019886E+00,3.881210E+00,nan
19:14.8,3.805618E+00,1.019885E+00,3.881294E+00,nan
19:15.8,3.805692E+00,1.019874E+00,3.881326E+00,nan
19:16.8,3.805794E+00,1.019878E+00,3.881444E+00,nan
19:17.8,3.805878E+00,1.019878E+00,3.881530E+00,nan
19:18.8,3.805953E+00,1.019878E+00,3.881606E+00,nan
19:19.8,3.806069E+00,1.019871E+00,3.881701E+00,nan
19:20.8,3.806136E+00,1.019880E+00,3.881803E+00,nan
19:21.8,3.806235E+00,1.019878E+00,3.881894E+00,nan
19:22.8,3.806332E+00,1.019879E+00,3.881997E+00,nan
19:23.8,3.806411E+00,1.019876E+00,3.882068E+00,nan
19:24.8,3.806485E+00,1.019885E+00,3.882178E+00,nan
19:25.8,3.806579E+00,1.019875E+00,3.882235E+00,nan
19:26.8,3.806701E+00,1.019876E+00,3.882364E+00,nan
19:27.8,3.806775E+00,1.019878E+00,3.882445E+00,nan
19:28.8,3.806827E+00,1.019883E+00,3.882517E+00,nan
19:29.8,3.806924E+00,1.019885E+00,3.882625E+00,nan
19:30.8,3.807015E+00,1.019886E+00,3.882723E+00,nan
19:31.8,3.807112E+00,1.019886E+00,3.882822E+00,nan
19:32.8,3.807176E+00,1.019889E+00,3.882897E+00,nan
19:33.8,3.807302E+00,1.019886E+00,3.883016E+00,nan
19:34.8,3.807345E+00,1.019885E+00,3.883054E+00,nan
19:35.8,3.807481E+00,1.019893E+00,3.883222E+00,nan
19:36.8,3.807575E+00,1.019889E+00,3.883304E+00,nan
19:37.8,3.807607E+00,1.019884E+00,3.883318E+00,nan
19:38.8,3.807704E+00,1.019886E+00,3.883426E+00,nan
19:39.8,3.807781E+00,1.019886E+00,3.883504E+00,nan
19:40.8,3.807867E+00,1.019880E+00,3.883568E+00,nan
19:41.8,3.807964E+00,1.019886E+00,3.883691E+00,nan
19:42.8,3.808046E+00,1.019888E+00,3.883779E+00,nan
19:43.8,3.808150E+00,1.019880E+00,3.883856E+00,nan
19:44.8,3.808216E+00,1.019879E+00,3.883919E+00,nan
19:45.8,3.808301E+00,1.019893E+00,3.884059E+00,nan
19:46.8,3.808437E+00,1.019889E+00,3.884183E+00,nan
19:47.8,3.808484E+00,1.019889E+00,3.884231E+00,nan
19:48.8,3.808563E+00,1.019883E+00,3.884288E+00,nan
19:49.8,3.808645E+00,1.019894E+00,3.884415E+00,nan
19:50.8,3.808747E+00,1.019888E+00,3.884494E+00,nan
19:51.8,3.808843E+00,1.019892E+00,3.884607E+00,nan
19:52.8,3.808910E+00,1.019895E+00,3.884689E+00,nan
19:53.8,3.808982E+00,1.019894E+00,3.884758E+00,nan
19:54.8,3.809071E+00,1.019892E+00,3.884839E+00,nan
19:55.8,3.809148E+00,1.019890E+00,3.884913E+00,nan
19:56.8,3.809249E+00,1.019888E+00,3.885007E+00,nan
19:57.8,3.809331E+00,1.019884E+00,3.885076E+00,nan
19:58.8,3.809418E+00,1.019888E+00,3.885179E+00,nan
19:59.8,3.809509E+00,1.019894E+00,3.885296E+00,nan
20:00.8,3.809586E+00,1.019895E+00,3.885379E+00,nan
20:01.8,3.809700E+00,1.019897E+00,3.885500E+00,nan
20:02.8,3.809784E+00,1.019890E+00,3.885562E+00,nan
20:03.8,3.809861E+00,1.019897E+00,3.885665E+00,nan
20:04.8,3.809970E+00,1.019893E+00,3.885761E+00,nan
20:05.8,3.810040E+00,1.019895E+00,3.885841E+00,nan
20:06.8,3.810143E+00,1.019895E+00,3.885947E+00,nan
20:07.8,3.810220E+00,1.019895E+00,3.886026E+00,nan
20:08.8,3.810312E+00,1.019898E+00,3.886129E+00,nan
20:09.8,3.810384E+00,1.019890E+00,3.886174E+00,nan
20:10.8,3.810495E+00,1.019884E+00,3.886263E+00,nan
20:11.8,3.810575E+00,1.019880E+00,3.886329E+00,nan
20:12.8,3.810683E+00,1.019886E+00,3.886465E+00,nan
20:13.8,3.810745E+00,1.019883E+00,3.886513E+00,nan
20:14.8,3.810827E+00,1.019892E+00,3.886630E+00,nan
20:15.8,3.810919E+00,1.019884E+00,3.886695E+00,nan
20:16.8,3.811013E+00,1.019893E+00,3.886825E+00,nan
20:17.8,3.811082E+00,1.019892E+00,3.886890E+00,nan
20:18.8,3.811169E+00,1.019888E+00,3.886965E+00,nan
20:19.8,3.811263E+00,1.019890E+00,3.887070E+00,nan
20:20.8,3.811345E+00,1.019888E+00,3.887144E+00,nan
20:21.8,3.811461E+00,1.019892E+00,3.887277E+00,nan
20:22.8,3.811518E+00,1.019890E+00,3.887330E+00,nan
20:23.8,3.811615E+00,1.019890E+00,3.887429E+00,nan
20:24.8,3.811731E+00,1.019892E+00,3.887552E+00,nan
20:25.8,3.811788E+00,1.019889E+00,3.887601E+00,nan
20:26.8,3.811882E+00,1.019895E+00,3.887721E+00,nan
20:27.8,3.811994E+00,1.019888E+00,3.887806E+00,nan
20:28.8,3.812063E+00,1.019893E+00,3.887896E+00,nan
20:29.8,3.812145E+00,1.019892E+00,3.887974E+00,nan
20:30.8,3.812261E+00,1.019895E+00,3.888107E+00,nan
20:31.8,3.812296E+00,1.019889E+00,3.888119E+00,nan
20:32.8,3.812402E+00,1.019889E+00,3.888227E+00,nan
20:33.8,3.812474E+00,1.019890E+00,3.888306E+00,nan
20:34.8,3.812573E+00,1.019898E+00,3.888435E+00,nan
20:35.8,3.812653E+00,1.019897E+00,3.888512E+00,nan
20:36.8,3.812747E+00,1.019892E+00,3.888588E+00,nan
20:37.8,3.812843E+00,1.019895E+00,3.888701E+00,nan
20:38.8,3.812920E+00,1.019886E+00,3.888746E+00,nan
20:39.8,3.812970E+00,1.019894E+00,3.888825E+00,nan
20:40.8,3.813093E+00,1.019889E+00,3.888932E+00,nan
20:41.8,3.813188E+00,1.019898E+00,3.889062E+00,nan
20:42.8,3.813299E+00,1.019895E+00,3.889166E+00,nan
20:43.8,3.813366E+00,1.019886E+00,3.889200E+00,nan
20:44.8,3.813460E+00,1.019890E+00,3.889311E+00,nan
20:45.8,3.813547E+00,1.019902E+00,3.889442E+00,nan
20:46.8,3.813638E+00,1.019897E+00,3.889517E+00,nan
20:47.8,3.813698E+00,1.019899E+00,3.889587E+00,nan
20:48.8,3.813809E+00,1.019893E+00,3.889677E+00,nan
20:49.8,3.813879E+00,1.019884E+00,3.889714E+00,nan
20:50.8,3.813978E+00,1.019890E+00,3.889839E+00,nan
20:51.8,3.814044E+00,1.019884E+00,3.889883E+00,nan
20:52.8,3.814154E+00,1.019886E+00,3.890004E+00,nan
20:53.8,3.814243E+00,1.019889E+00,3.890104E+00,nan
20:54.8,3.814332E+00,1.019895E+00,3.890219E+00,nan
20:55.8,3.814429E+00,1.019885E+00,3.890279E+00,nan
20:56.8,3.814493E+00,1.019890E+00,3.890364E+00,nan
20:57.8,3.814570E+00,1.019889E+00,3.890438E+00,nan
20:58.8,3.814639E+00,1.019889E+00,3.890508E+00,nan
20:59.8,3.814768E+00,1.019888E+00,3.890635E+00,nan
21:00.8,3.814822E+00,1.019889E+00,3.890695E+00,nan
21:01.8,3.814919E+00,1.019884E+00,3.890775E+00,nan
21:02.8,3.815008E+00,1.019885E+00,3.890870E+00,nan
21:03.8,3.815102E+00,1.019885E+00,3.890966E+00,nan
21:04.8,3.815181E+00,1.019889E+00,3.891062E+00,nan
21:05.8,3.815310E+00,1.019890E+00,3.891198E+00,nan
21:06.8,3.815394E+00,1.019886E+00,3.891269E+00,nan
21:07.8,3.815466E+00,1.019892E+00,3.891362E+00,nan
21:08.8,3.815553E+00,1.019890E+00,3.891445E+00,nan
21:09.8,3.815635E+00,1.019889E+00,3.891524E+00,nan
21:10.8,3.815744E+00,1.019897E+00,3.891664E+00,nan
21:11.8,3.815825E+00,1.019890E+00,3.891723E+00,nan
21:12.8,3.815897E+00,1.019889E+00,3.891792E+00,nan
21:13.8,3.815986E+00,1.019889E+00,3.891883E+00,nan
21:14.8,3.816081E+00,1.019894E+00,3.891998E+00,nan
21:15.8,3.816204E+00,1.019898E+00,3.892138E+00,nan
21:16.8,3.816269E+00,1.019898E+00,3.892204E+00,nan
21:17.8,3.816341E+00,1.019890E+00,3.892249E+00,nan
21:18.8,3.816415E+00,1.019895E+00,3.892344E+00,nan
21:19.8,3.816514E+00,1.019900E+00,3.892464E+00,nan
21:20.8,3.816613E+00,1.019894E+00,3.892541E+00,nan
21:21.8,3.816705E+00,1.019889E+00,3.892615E+00,nan
21:22.8,3.816784E+00,1.019897E+00,3.892725E+00,nan
21:23.8,3.816881E+00,1.019893E+00,3.892809E+00,nan
21:24.8,3.816967E+00,1.019889E+00,3.892883E+00,nan
21:25.8,3.817039E+00,1.019880E+00,3.892923E+00,nan
21:26.8,3.817136E+00,1.019890E+00,3.893060E+00,nan
21:27.8,3.817217E+00,1.019884E+00,3.893119E+00,nan
21:28.8,3.817302E+00,1.019890E+00,3.893229E+00,nan
21:29.8,3.817381E+00,1.019890E+00,3.893310E+00,nan
21:30.8,3.817480E+00,1.019890E+00,3.893411E+00,nan
21:31.8,3.817552E+00,1.019884E+00,3.893460E+00,nan
21:32.8,3.817663E+00,1.019888E+00,3.893588E+00,nan
21:33.8,3.817760E+00,1.019886E+00,3.893682E+00,nan
21:34.8,3.817847E+00,1.019890E+00,3.893785E+00,nan
21:35.8,3.817921E+00,1.019893E+00,3.893870E+00,nan
21:36.8,3.818012E+00,1.019889E+00,3.893949E+00,nan
21:37.8,3.818119E+00,1.019894E+00,3.894077E+00,nan
21:38.8,3.818183E+00,1.019892E+00,3.894133E+00,nan
21:39.8,3.818285E+00,1.019886E+00,3.894217E+00,nan
21:40.8,3.818352E+00,1.019888E+00,3.894291E+00,nan
21:41.8,3.818463E+00,1.019888E+00,3.894404E+00,nan
21:42.8,3.818540E+00,1.019881E+00,3.894458E+00,nan
21:43.8,3.818617E+00,1.019888E+00,3.894561E+00,nan
21:44.8,3.818716E+00,1.019888E+00,3.894662E+00,nan
21:45.8,3.818810E+00,1.019886E+00,3.894753E+00,nan
21:46.8,3.818914E+00,1.019881E+00,3.894839E+00,nan
21:47.8,3.818979E+00,1.019879E+00,3.894896E+00,nan
21:48.8,3.819050E+00,1.019890E+00,3.895012E+00,nan
21:49.8,3.819162E+00,1.019892E+00,3.895131E+00,nan
21:50.8,3.819236E+00,1.019890E+00,3.895202E+00,nan
21:51.8,3.819348E+00,1.019886E+00,3.895301E+00,nan
21:52.8,3.819424E+00,1.019885E+00,3.895374E+00,nan
21:53.8,3.819499E+00,1.019883E+00,3.895441E+00,nan
21:54.8,3.819618E+00,1.019884E+00,3.895567E+00,nan
21:55.8,3.819712E+00,1.019881E+00,3.895653E+00,nan
21:56.8,3.819796E+00,1.019888E+00,3.895763E+00,nan
21:57.8,3.819868E+00,1.019886E+00,3.895832E+00,nan
21:58.8,3.819964E+00,1.019884E+00,3.895921E+00,nan
21:59.8,3.820054E+00,1.019890E+00,3.896036E+00,nan
22:00.8,3.820130E+00,1.019878E+00,3.896066E+00,nan
22:01.8,3.820264E+00,1.019879E+00,3.896207E+00,nan
22:02.8,3.820323E+00,1.019880E+00,3.896272E+00,nan
22:03.8,3.820410E+00,1.019890E+00,3.896399E+00,nan
22:04.8,3.820499E+00,1.019893E+00,3.896500E+00,nan
22:05.8,3.820564E+00,1.019886E+00,3.896541E+00,nan
22:06.8,3.820650E+00,1.019894E+00,3.896659E+00,nan
22:07.8,3.820735E+00,1.019890E+00,3.896730E+00,nan
22:08.8,3.820824E+00,1.019889E+00,3.896816E+00,nan
22:09.8,3.820918E+00,1.019885E+00,3.896897E+00,nan
22:10.8,3.821010E+00,1.019895E+00,3.897030E+00,nan
22:11.8,3.821091E+00,1.019888E+00,3.897085E+00,nan
22:12.8,3.821193E+00,1.019889E+00,3.897193E+00,nan
22:13.8,3.821285E+00,1.019888E+00,3.897281E+00,nan
22:14.8,3.821379E+00,1.019885E+00,3.897368E+00,nan
22:15.8,3.821438E+00,1.019883E+00,3.897419E+00,nan
22:16.8,3.821550E+00,1.019890E+00,3.897561E+00,nan
22:17.8,3.821641E+00,1.019892E+00,3.897659E+00,nan
22:18.8,3.821745E+00,1.019886E+00,3.897746E+00,nan
22:19.8,3.821812E+00,1.019886E+00,3.897815E+00,nan
22:20.8,3.821901E+00,1.019892E+00,3.897925E+00,nan
22:21.8,3.821985E+00,1.019894E+00,3.898021E+00,nan
22:22.8,3.822075E+00,1.019888E+00,3.898087E+00,nan
22:23.8,3.822194E+00,1.019884E+00,3.898194E+00,nan
22:24.8,3.822258E+00,1.019898E+00,3.898313E+00,nan
22:25.8,3.822345E+00,1.019899E+00,3.898406E+00,nan
22:26.8,3.822426E+00,1.019881E+00,3.898421E+00,nan
22:27.8,3.822528E+00,1.019888E+00,3.898550E+00,nan
22:28.8,3.822597E+00,1.019889E+00,3.898625E+00,nan
22:29.8,3.822706E+00,1.019888E+00,3.898731E+00,nan
22:30.8,3.822798E+00,1.019878E+00,3.898786E+00,nan
22:31.8,3.822857E+00,1.019881E+00,3.898861E+00,nan
22:32.8,3.822947E+00,1.019886E+00,3.898972E+00,nan
22:33.8,3.823048E+00,1.019883E+00,3.899061E+00,nan
22:34.8,3.823137E+00,1.019884E+00,3.899157E+00,nan
22:35.8,3.823214E+00,1.019888E+00,3.899249E+00,nan
22:36.8,3.823325E+00,1.019889E+00,3.899368E+00,nan
22:37.8,3.823412E+00,1.019886E+00,3.899446E+00,nan
22:38.8,3.823506E+00,1.019883E+00,3.899528E+00,nan
22:39.8,3.823620E+00,1.019893E+00,3.899683E+00,nan
22:40.8,3.823712E+00,1.019888E+00,3.899757E+00,nan
22:41.8,3.823759E+00,1.019876E+00,3.899761E+00,nan
22:42.8,3.823858E+00,1.019883E+00,3.899887E+00,nan
22:43.8,3.823952E+00,1.019890E+00,3.900012E+00,nan
22:44.8,3.824041E+00,1.019890E+00,3.900103E+00,nan
22:45.8,3.824128E+00,1.019883E+00,3.900162E+00,nan
22:46.8,3.824200E+00,1.019883E+00,3.900235E+00,nan
22:47.8,3.824299E+00,1.019890E+00,3.900365E+00,nan
22:48.8,3.824403E+00,1.019883E+00,3.900442E+00,nan
22:49.8,3.824480E+00,1.019885E+00,3.900530E+00,nan
22:50.8,3.824581E+00,1.019890E+00,3.900653E+00,nan
22:51.8,3.824651E+00,1.019889E+00,3.900719E+00,nan
22:52.8,3.824767E+00,1.019890E+00,3.900843E+00,nan
22:53.8,3.824849E+00,1.019894E+00,3.900941E+00,nan
22:54.8,3.824916E+00,1.019886E+00,3.900980E+00,nan
22:55.8,3.825012E+00,1.019895E+00,3.901112E+00,nan
22:56.8,3.825092E+00,1.019897E+00,3.901198E+00,nan
22:57.8,3.825181E+00,1.019889E+00,3.901260E+00,nan
22:58.8,3.825297E+00,1.019894E+00,3.901398E+00,nan
22:59.8,3.825404E+00,1.019893E+00,3.901502E+00,nan
23:00.8,3.825453E+00,1.019895E+00,3.901562E+00,nan
23:01.8,3.825547E+00,1.019895E+00,3.901658E+00,nan
23:02.8,3.825649E+00,1.019893E+00,3.901752E+00,nan
23:03.8,3.825738E+00,1.019892E+00,3.901838E+00,nan
23:04.8,3.825845E+00,1.019893E+00,3.901951E+00,nan
23:05.8,3.825882E+00,1.019895E+00,3.901999E+00,nan
23:06.8,3.825986E+00,1.019890E+00,3.902086E+00,nan
23:07.8,3.826057E+00,1.019892E+00,3.902163E+00,nan
23:08.8,3.826171E+00,1.019893E+00,3.902285E+00,nan
23:09.8,3.826273E+00,1.019895E+00,3.902398E+00,nan
23:10.8,3.826332E+00,1.019893E+00,3.902449E+00,nan
23:11.8,3.826434E+00,1.019897E+00,3.902567E+00,nan
23:12.8,3.826518E+00,1.019881E+00,3.902595E+00,nan
23:13.8,3.826615E+00,1.019888E+00,3.902718E+00,nan
23:14.8,3.826692E+00,1.019883E+00,3.902777E+00,nan
23:15.8,3.826810E+00,1.019889E+00,3.902922E+00,nan
23:16.8,3.826875E+00,1.019892E+00,3.902997E+00,nan
23:17.8,3.826949E+00,1.019892E+00,3.903073E+00,nan
23:18.8,3.827063E+00,1.019888E+00,3.903175E+00,nan
23:19.8,3.827142E+00,1.019889E+00,3.903261E+00,nan
23:20.8,3.827234E+00,1.019886E+00,3.903344E+00,nan
23:21.8,3.827326E+00,1.019884E+00,3.903428E+00,nan
23:22.8,3.827435E+00,1.019895E+00,3.903583E+00,nan
23:23.8,3.827507E+00,1.019892E+00,3.903641E+00,nan
23:24.8,3.827610E+00,1.019903E+00,3.903791E+00,nan
23:25.8,3.827722E+00,1.019895E+00,3.903876E+00,nan
23:26.8,3.827769E+00,1.019886E+00,3.903890E+00,nan
23:27.8,3.827833E+00,1.019886E+00,3.903956E+00,nan
23:28.8,3.827933E+00,1.019888E+00,3.904062E+00,nan
23:29.8,3.828034E+00,1.019890E+00,3.904175E+00,nan
23:30.8,3.828140E+00,1.019898E+00,3.904312E+00,nan
23:31.8,3.828200E+00,1.019892E+00,3.904349E+00,nan
23:32.8,3.828284E+00,1.019892E+00,3.904435E+00,nan
23:33.8,3.828378E+00,1.019888E+00,3.904516E+00,nan
23:34.8,3.828482E+00,1.019892E+00,3.904637E+00,nan
23:35.8,3.828552E+00,1.019892E+00,3.904707E+00,nan
23:36.8,3.828666E+00,1.019899E+00,3.904853E+00,nan
23:37.8,3.828755E+00,1.019893E+00,3.904920E+00,nan
23:38.8,3.828849E+00,1.019895E+00,3.905025E+00,nan
23:39.8,3.828928E+00,1.019895E+00,3.905106E+00,nan
23:40.8,3.829022E+00,1.019897E+00,3.905207E+00,nan
23:41.8,3.829094E+00,1.019890E+00,3.905256E+00,nan
23:42.8,3.829228E+00,1.019898E+00,3.905421E+00,nan
23:43.8,3.829312E+00,1.019897E+00,3.905502E+00,nan
23:44.8,3.829404E+00,1.019895E+00,3.905591E+00,nan
23:45.8,3.829471E+00,1.019895E+00,3.905659E+00,nan
23:46.8,3.829555E+00,1.019889E+00,3.905721E+00,nan
23:47.8,3.829664E+00,1.019883E+00,3.905808E+00,nan
23:48.8,3.829746E+00,1.019879E+00,3.905877E+00,nan
23:49.8,3.829832E+00,1.019888E+00,3.905999E+00,nan
23:50.8,3.829931E+00,1.019892E+00,3.906114E+00,nan
23:51.8,3.830003E+00,1.019890E+00,3.906183E+00,nan
23:52.8,3.830137E+00,1.019893E+00,3.906329E+00,nan
23:53.8,3.830184E+00,1.019885E+00,3.906348E+00,nan
23:54.8,3.830273E+00,1.019884E+00,3.906434E+00,nan
23:55.8,3.830352E+00,1.019880E+00,3.906500E+00,nan
23:56.8,3.830449E+00,1.019888E+00,3.906628E+00,nan
23:57.8,3.830531E+00,1.019881E+00,3.906687E+00,nan
23:58.8,3.830630E+00,1.019886E+00,3.906808E+00,nan
23:59.8,3.830712E+00,1.019885E+00,3.906886E+00,nan
24:00.8,3.830806E+00,1.019886E+00,3.906987E+00,nan
24:01.8,3.830887E+00,1.019885E+00,3.907065E+00,nan
24:02.8,3.831016E+00,1.019884E+00,3.907192E+00,nan
24:03.8,3.831073E+00,1.019884E+00,3.907250E+00,nan
24:04.8,3.831145E+00,1.019884E+00,3.907323E+00,nan
24:05.8,3.831254E+00,1.019888E+00,3.907449E+00,nan
24:06.8,3.831323E+00,1.019885E+00,3.907510E+00,nan
24:07.8,3.831425E+00,1.019889E+00,3.907628E+00,nan
24:08.8,3.831517E+00,1.019888E+00,3.907717E+00,nan
24:09.8,3.831596E+00,1.019886E+00,3.907793E+00,nan
24:10.8,3.831687E+00,1.019889E+00,3.907896E+00,nan
24:11.8,3.831779E+00,1.019889E+00,3.907989E+00,nan
24:12.8,3.831900E+00,1.019890E+00,3.908118E+00,nan
24:13.8,3.831980E+00,1.019897E+00,3.908223E+00,nan
24:14.8,3.832027E+00,1.019897E+00,3.908271E+00,nan
24:15.8,3.832133E+00,1.019892E+00,3.908360E+00,nan
24:16.8,3.832235E+00,1.019894E+00,3.908474E+00,nan
24:17.8,3.832312E+00,1.019892E+00,3.908542E+00,nan
24:18.8,3.832433E+00,1.019904E+00,3.908714E+00,nan
24:19.8,3.832512E+00,1.019898E+00,3.908771E+00,nan
24:20.8,3.832582E+00,1.019900E+00,3.908852E+00,nan
24:21.8,3.832676E+00,1.019892E+00,3.908913E+00,nan
24:22.8,3.832777E+00,1.019889E+00,3.909007E+00,nan
24:23.8,3.832854E+00,1.019894E+00,3.909105E+00,nan
24:24.8,3.832943E+00,1.019895E+00,3.909201E+00,nan
24:25.8,3.833010E+00,1.019890E+00,3.909250E+00,nan
24:26.8,3.833129E+00,1.019888E+00,3.909361E+00,nan
24:27.8,3.833216E+00,1.019884E+00,3.909435E+00,nan
24:28.8,3.833312E+00,1.019886E+00,3.909543E+00,nan
24:29.8,3.833392E+00,1.019884E+00,3.909615E+00,nan
24:30.8,3.833466E+00,1.019889E+00,3.909710E+00,nan
24:31.8,3.833553E+00,1.019888E+00,3.909794E+00,nan
24:32.8,3.833672E+00,1.019888E+00,3.909915E+00,nan
24:33.8,3.833733E+00,1.019884E+00,3.909963E+00,nan
24:34.8,3.833838E+00,1.019881E+00,3.910059E+00,nan
24:35.8,3.833951E+00,1.019885E+00,3.910190E+00,nan
24:36.8,3.834023E+00,1.019883E+00,3.910254E+00,nan
24:37.8,3.834120E+00,1.019894E+00,3.910396E+00,nan
24:38.8,3.834179E+00,1.019888E+00,3.910433E+00,nan
24:39.8,3.834308E+00,1.019889E+00,3.910568E+00,nan
24:40.8,3.834387E+00,1.019886E+00,3.910640E+00,nan
24:41.8,3.834486E+00,1.019886E+00,3.910741E+00,nan
24:42.8,3.834538E+00,1.019888E+00,3.910799E+00,nan
24:43.8,3.834657E+00,1.019886E+00,3.910915E+00,nan
24:44.8,3.834737E+00,1.019884E+00,3.910986E+00,nan
24:45.8,3.834826E+00,1.019892E+00,3.911106E+00,nan
24:46.8,3.834915E+00,1.019890E+00,3.911193E+00,nan
24:47.8,3.835029E+00,1.019897E+00,3.911333E+00,nan
24:48.8,3.835091E+00,1.019898E+00,3.911401E+00,nan
24:49.8,3.835197E+00,1.019890E+00,3.911480E+00,nan
24:50.8,3.835279E+00,1.019883E+00,3.911535E+00,nan
24:51.8,3.835376E+00,1.019890E+00,3.911662E+00,nan
24:52.8,3.835452E+00,1.019898E+00,3.911769E+00,nan
24:53.8,3.835529E+00,1.019902E+00,3.911862E+00,nan
24:54.8,3.835645E+00,1.019893E+00,3.911947E+00,nan
24:55.8,3.835732E+00,1.019890E+00,3.912026E+00,nan
24:56.8,3.835821E+00,1.019898E+00,3.912146E+00,nan
24:57.8,3.835911E+00,1.019898E+00,3.912237E+00,nan
24:58.8,3.835995E+00,1.019897E+00,3.912318E+00,nan
24:59.8,3.836059E+00,1.019900E+00,3.912398E+00,nan
25:00.8,3.836208E+00,1.019894E+00,3.912526E+00,nan
25:01.8,3.836277E+00,1.019893E+00,3.912592E+00,nan
25:02.8,3.836344E+00,1.019892E+00,3.912655E+00,nan
25:03.8,3.836446E+00,1.019889E+00,3.912749E+00,nan
25:04.8,3.836530E+00,1.019892E+00,3.912844E+00,nan
25:05.8,3.836617E+00,1.019890E+00,3.912928E+00,nan
25:06.8,3.836688E+00,1.019894E+00,3.913016E+00,nan
25:07.8,3.836815E+00,1.019894E+00,3.913145E+00,nan
25:08.8,3.836884E+00,1.019897E+00,3.913225E+00,nan
25:09.8,3.836983E+00,1.019895E+00,3.913321E+00,nan
25:10.8,3.837043E+00,1.019885E+00,3.913343E+00,nan
25:11.8,3.837184E+00,1.019889E+00,3.913501E+00,nan
25:12.8,3.837233E+00,1.019892E+00,3.913562E+00,nan
25:13.8,3.837310E+00,1.019888E+00,3.913626E+00,nan
25:14.8,3.837409E+00,1.019892E+00,3.913741E+00,nan
25:15.8,3.837503E+00,1.019895E+00,3.913852E+00,nan
25:16.8,3.837610E+00,1.019888E+00,3.913931E+00,nan
25:17.8,3.837679E+00,1.019886E+00,3.913997E+00,nan
25:18.8,3.837763E+00,1.019889E+00,3.914093E+00,nan
25:19.8,3.837860E+00,1.019885E+00,3.914176E+00,nan
25:20.8,3.837949E+00,1.019888E+00,3.914277E+00,nan
25:21.8,3.838023E+00,1.019886E+00,3.914348E+00,nan
25:22.8,3.838157E+00,1.019892E+00,3.914504E+00,nan
25:23.8,3.838236E+00,1.019892E+00,3.914585E+00,nan
25:24.8,3.838293E+00,1.019885E+00,3.914618E+00,nan
25:25.8,3.838417E+00,1.019884E+00,3.914740E+00,nan
25:26.8,3.838504E+00,1.019885E+00,3.914833E+00,nan
25:27.8,3.838593E+00,1.019888E+00,3.914934E+00,nan
25:28.8,3.838655E+00,1.019885E+00,3.914987E+00,nan
25:29.8,3.838769E+00,1.019883E+00,3.915094E+00,nan
25:30.8,3.838851E+00,1.019880E+00,3.915168E+00,nan
25:31.8,3.838940E+00,1.019884E+00,3.915273E+00,nan
25:32.8,3.839031E+00,1.019883E+00,3.915362E+00,nan
25:33.8,3.839116E+00,1.019885E+00,3.915457E+00,nan
25:34.8,3.839200E+00,1.019888E+00,3.915553E+00,nan
25:35.8,3.839306E+00,1.019889E+00,3.915666E+00,nan
25:36.8,3.839378E+00,1.019888E+00,3.915735E+00,nan
25:37.8,3.839482E+00,1.019884E+00,3.915827E+00,nan
25:38.8,3.839579E+00,1.019881E+00,3.915915E+00,nan
25:39.8,3.839680E+00,1.019888E+00,3.916043E+00,nan
25:40.8,3.839757E+00,1.019886E+00,3.916117E+00,nan
25:41.8,3.839869E+00,1.019886E+00,3.916230E+00,nan
25:42.8,3.839955E+00,1.019890E+00,3.916333E+00,nan
25:43.8,3.840039E+00,1.019885E+00,3.916399E+00,nan
25:44.8,3.840131E+00,1.019885E+00,3.916493E+00,nan
25:45.8,3.840200E+00,1.019886E+00,3.916569E+00,nan
25:46.8,3.840292E+00,1.019888E+00,3.916667E+00,nan
25:47.8,3.840367E+00,1.019892E+00,3.916757E+00,nan
25:48.8,3.840461E+00,1.019890E+00,3.916848E+00,nan
25:49.8,3.840545E+00,1.019892E+00,3.916939E+00,nan
25:50.8,3.840649E+00,1.019894E+00,3.917055E+00,nan
25:51.8,3.840745E+00,1.019892E+00,3.917144E+00,nan
25:52.8,3.840830E+00,1.019895E+00,3.917244E+00,nan
25:53.8,3.840954E+00,1.019895E+00,3.917371E+00,nan
25:54.8,3.841023E+00,1.019890E+00,3.917422E+00,nan
25:55.8,3.841090E+00,1.019890E+00,3.917490E+00,nan
25:56.8,3.841189E+00,1.019890E+00,3.917591E+00,nan
25:57.8,3.841283E+00,1.019885E+00,3.917667E+00,nan
25:58.8,3.841402E+00,1.019886E+00,3.917794E+00,nan
25:59.8,3.841441E+00,1.019881E+00,3.917815E+00,nan
26:00.8,3.841553E+00,1.019881E+00,3.917928E+00,nan
26:01.8,3.841645E+00,1.019886E+00,3.918041E+00,nan
26:02.8,3.841726E+00,1.019885E+00,3.918120E+00,nan
26:03.8,3.841828E+00,1.019886E+00,3.918228E+00,nan
26:04.8,3.841922E+00,1.019883E+00,3.918310E+00,nan
26:05.8,3.842016E+00,1.019888E+00,3.918425E+00,nan
26:06.8,3.842100E+00,1.019895E+00,3.918540E+00,nan
26:07.8,3.842172E+00,1.019890E+00,3.918594E+00,nan
26:08.8,3.842261E+00,1.019897E+00,3.918709E+00,nan
26:09.8,3.842365E+00,1.019890E+00,3.918791E+00,nan
26:10.8,3.842462E+00,1.019893E+00,3.918899E+00,nan
26:11.8,3.842519E+00,1.019894E+00,3.918962E+00,nan
26:12.8,3.842623E+00,1.019886E+00,3.919039E+00,nan
26:13.8,3.842700E+00,1.019892E+00,3.919137E+00,nan
26:14.8,3.842779E+00,1.019889E+00,3.919208E+00,nan
26:15.8,3.842883E+00,1.019889E+00,3.919314E+00,nan
26:16.8,3.842977E+00,1.019888E+00,3.919405E+00,nan
26:17.8,3.843054E+00,1.019886E+00,3.919479E+00,nan
26:18.8,3.843146E+00,1.019892E+00,3.919592E+00,nan
26:19.8,3.843227E+00,1.019890E+00,3.919670E+00,nan
26:20.8,3.843336E+00,1.019883E+00,3.919752E+00,nan
26:21.8,3.843398E+00,1.019889E+00,3.919839E+00,nan
26:22.8,3.843519E+00,1.019893E+00,3.919978E+00,nan
26:23.8,3.843594E+00,1.019884E+00,3.920020E+00,nan
26:24.8,3.843690E+00,1.019879E+00,3.920099E+00,nan
26:25.8,3.843760E+00,1.019883E+00,3.920184E+00,nan
26:26.8,3.843899E+00,1.019883E+00,3.920326E+00,nan
26:27.8,3.843968E+00,1.019883E+00,3.920396E+00,nan
26:28.8,3.844052E+00,1.019889E+00,3.920506E+00,nan
26:29.8,3.844121E+00,1.019886E+00,3.920568E+00,nan
26:30.8,3.844225E+00,1.019889E+00,3.920683E+00,nan
26:31.8,3.844327E+00,1.019884E+00,3.920768E+00,nan
26:32.8,3.844409E+00,1.019886E+00,3.920861E+00,nan
26:33.8,3.844508E+00,1.019885E+00,3.920957E+00,nan
26:34.8,3.844609E+00,1.019888E+00,3.921070E+00,nan
26:35.8,3.844681E+00,1.019885E+00,3.921133E+00,nan
26:36.8,3.844770E+00,1.019889E+00,3.921239E+00,nan
26:37.8,3.844845E+00,1.019885E+00,3.921300E+00,nan
26:38.8,3.844944E+00,1.019885E+00,3.921401E+00,nan
26:39.8,3.845016E+00,1.019886E+00,3.921479E+00,nan
26:40.8,3.845132E+00,1.019898E+00,3.921642E+00,nan
26:41.8,3.845209E+00,1.019889E+00,3.921686E+00,nan
26:42.8,3.845298E+00,1.019888E+00,3.921773E+00,nan
26:43.8,3.845407E+00,1.019888E+00,3.921884E+00,nan
26:44.8,3.845489E+00,1.019889E+00,3.921972E+00,nan
26:45.8,3.845590E+00,1.019888E+00,3.922071E+00,nan
26:46.8,3.845640E+00,1.019888E+00,3.922121E+00,nan
26:47.8,3.845749E+00,1.019878E+00,3.922193E+00,nan
26:48.8,3.845838E+00,1.019888E+00,3.922323E+00,nan
26:49.8,3.845922E+00,1.019888E+00,3.922409E+00,nan
26:50.8,3.845996E+00,1.019885E+00,3.922475E+00,nan
26:51.8,3.846120E+00,1.019885E+00,3.922601E+00,nan
26:52.8,3.846177E+00,1.019893E+00,3.922689E+00,nan
26:53.8,3.846276E+00,1.019895E+00,3.922799E+00,nan
26:54.8,3.846385E+00,1.019889E+00,3.922886E+00,nan
26:55.8,3.846465E+00,1.019892E+00,3.922977E+00,nan
26:56.8,3.846536E+00,1.019888E+00,3.923036E+00,nan
26:57.8,3.846653E+00,1.019893E+00,3.923173E+00,nan
26:58.8,3.846725E+00,1.019890E+00,3.923237E+00,nan
26:59.8,3.846814E+00,1.019895E+00,3.923347E+00,nan
27:00.8,3.846913E+00,1.019886E+00,3.923414E+00,nan
27:01.8,3.846992E+00,1.019888E+00,3.923500E+00,nan
27:02.8,3.847116E+00,1.019884E+00,3.923612E+00,nan
27:03.8,3.847200E+00,1.019892E+00,3.923727E+00,nan
27:04.8,3.847307E+00,1.019889E+00,3.923826E+00,nan
27:05.8,3.847364E+00,1.019886E+00,3.923874E+00,nan
27:06.8,3.847473E+00,1.019884E+00,3.923976E+00,nan
27:07.8,3.847537E+00,1.019895E+00,3.924085E+00,nan
27:08.8,3.847611E+00,1.019886E+00,3.924127E+00,nan
27:09.8,3.847733E+00,1.019889E+00,3.924260E+00,nan
27:10.8,3.847802E+00,1.019888E+00,3.924327E+00,nan
27:11.8,3.847886E+00,1.019894E+00,3.924437E+00,nan
27:12.8,3.847990E+00,1.019888E+00,3.924518E+00,nan
27:13.8,3.848077E+00,1.019893E+00,3.924626E+00,nan
27:14.8,3.848188E+00,1.019892E+00,3.924735E+00,nan
27:15.8,3.848255E+00,1.019893E+00,3.924808E+00,nan
27:16.8,3.848345E+00,1.019892E+00,3.924894E+00,nan
27:17.8,3.848431E+00,1.019890E+00,3.924978E+00,nan
27:18.8,3.848535E+00,1.019890E+00,3.925084E+00,nan
27:19.8,3.848627E+00,1.019889E+00,3.925172E+00,nan
27:20.8,3.848714E+00,1.019888E+00,3.925256E+00,nan
27:21.8,3.848810E+00,1.019895E+00,3.925383E+00,nan
27:22.8,3.848907E+00,1.019890E+00,3.925463E+00,nan
27:23.8,3.849006E+00,1.019884E+00,3.925540E+00,nan
27:24.8,3.849085E+00,1.019885E+00,3.925625E+00,nan
27:25.8,3.849164E+00,1.019885E+00,3.925706E+00,nan
27:26.8,3.849241E+00,1.019889E+00,3.925799E+00,nan
27:27.8,3.849323E+00,1.019881E+00,3.925853E+00,nan
27:28.8,3.849434E+00,1.019888E+00,3.925991E+00,nan
27:29.8,3.849531E+00,1.019889E+00,3.926094E+00,nan
27:30.8,3.849610E+00,1.019886E+00,3.926166E+00,nan
27:31.8,3.849694E+00,1.019897E+00,3.926290E+00,nan
27:32.8,3.849796E+00,1.019881E+00,3.926335E+00,nan
27:33.8,3.849865E+00,1.019881E+00,3.926406E+00,nan
27:34.8,3.849972E+00,1.019890E+00,3.926549E+00,nan
27:35.8,3.850036E+00,1.019878E+00,3.926566E+00,nan
27:36.8,3.850148E+00,1.019886E+00,3.926714E+00,nan
27:37.8,3.850235E+00,1.019883E+00,3.926787E+00,nan
27:38.8,3.850324E+00,1.019881E+00,3.926873E+00,nan
27:39.8,3.850418E+00,1.019885E+00,3.926984E+00,nan
27:40.8,3.850517E+00,1.019888E+00,3.927095E+00,nan
27:41.8,3.850596E+00,1.019890E+00,3.927185E+00,nan
27:42.8,3.850673E+00,1.019893E+00,3.927273E+00,nan
27:43.8,3.850762E+00,1.019881E+00,3.927320E+00,nan
27:44.8,3.850861E+00,1.019883E+00,3.927427E+00,nan
27:45.8,3.850938E+00,1.019889E+00,3.927529E+00,nan
27:46.8,3.851042E+00,1.019893E+00,3.927650E+00,nan
27:47.8,3.851139E+00,1.019890E+00,3.927739E+00,nan
27:48.8,3.851228E+00,1.019894E+00,3.927845E+00,nan
27:49.8,3.851327E+00,1.019888E+00,3.927921E+00,nan
27:50.8,3.851403E+00,1.019893E+00,3.928019E+00,nan
27:51.8,3.851500E+00,1.019900E+00,3.928147E+00,nan
27:52.8,3.851589E+00,1.019893E+00,3.928208E+00,nan
27:53.8,3.851666E+00,1.019886E+00,3.928262E+00,nan
27:54.8,3.851785E+00,1.019888E+00,3.928388E+00,nan
27:55.8,3.851849E+00,1.019898E+00,3.928493E+00,nan
27:56.8,3.851956E+00,1.019894E+00,3.928587E+00,nan
27:57.8,3.852030E+00,1.019888E+00,3.928639E+00,nan
27:58.8,3.852099E+00,1.019892E+00,3.928723E+00,nan
27:59.8,3.852196E+00,1.019892E+00,3.928822E+00,nan
28:00.8,3.852308E+00,1.019892E+00,3.928936E+00,nan
28:01.8,3.852384E+00,1.019893E+00,3.929019E+00,nan
28:02.8,3.852464E+00,1.019895E+00,3.929110E+00,nan
28:03.8,3.852615E+00,1.019898E+00,3.929273E+00,nan
28:04.8,3.852662E+00,1.019898E+00,3.929321E+00,nan
28:05.8,3.852748E+00,1.019893E+00,3.929390E+00,nan
28:06.8,3.852845E+00,1.019897E+00,3.929504E+00,nan
28:07.8,3.852927E+00,1.019895E+00,3.929582E+00,nan
28:08.8,3.853041E+00,1.019888E+00,3.929669E+00,nan
28:09.8,3.853125E+00,1.019889E+00,3.929760E+00,nan
28:10.8,3.853194E+00,1.019886E+00,3.929821E+00,nan
28:11.8,3.853298E+00,1.019899E+00,3.929976E+00,nan
28:12.8,3.853390E+00,1.019894E+00,3.930050E+00,nan
28:13.8,3.853494E+00,1.019890E+00,3.930141E+00,nan
28:14.8,3.853554E+00,1.019888E+00,3.930192E+00,nan
28:15.8,3.853645E+00,1.019888E+00,3.930286E+00,nan
28:16.8,3.853732E+00,1.019890E+00,3.930384E+00,nan
28:17.8,3.853841E+00,1.019888E+00,3.930485E+00,nan
28:18.8,3.853925E+00,1.019895E+00,3.930600E+00,nan
28:19.8,3.854002E+00,1.019886E+00,3.930644E+00,nan
28:20.8,3.854118E+00,1.019889E+00,3.930773E+00,nan
28:21.8,3.854192E+00,1.019883E+00,3.930824E+00,nan
28:22.8,3.854274E+00,1.019883E+00,3.930908E+00,nan
28:23.8,3.854358E+00,1.019888E+00,3.931013E+00,nan
28:24.8,3.854480E+00,1.019888E+00,3.931137E+00,nan
28:25.8,3.854522E+00,1.019889E+00,3.931185E+00,nan
28:26.8,3.854636E+00,1.019888E+00,3.931296E+00,nan
28:27.8,3.854715E+00,1.019884E+00,3.931362E+00,nan
28:28.8,3.854819E+00,1.019888E+00,3.931483E+00,nan
28:29.8,3.854881E+00,1.019886E+00,3.931541E+00,nan
28:30.8,3.854953E+00,1.019885E+00,3.931609E+00,nan
28:31.8,3.855062E+00,1.019893E+00,3.931750E+00,nan
28:32.8,3.855168E+00,1.019888E+00,3.931839E+00,nan
28:33.8,3.855273E+00,1.019889E+00,3.931950E+00,nan
28:34.8,3.855329E+00,1.019898E+00,3.932042E+00,nan
28:35.8,3.855448E+00,1.019893E+00,3.932144E+00,nan
28:36.8,3.855528E+00,1.019888E+00,3.932206E+00,nan
28:37.8,3.855589E+00,1.019893E+00,3.932288E+00,nan
28:38.8,3.855691E+00,1.019889E+00,3.932377E+00,nan
28:39.8,3.855795E+00,1.019885E+00,3.932468E+00,nan
28:40.8,3.855872E+00,1.019893E+00,3.932576E+00,nan
28:41.8,3.855973E+00,1.019888E+00,3.932660E+00,nan
28:42.8,3.856040E+00,1.019892E+00,3.932743E+00,nan
28:43.8,3.856137E+00,1.019886E+00,3.932822E+00,nan
28:44.8,3.856253E+00,1.019885E+00,3.932935E+00,nan
28:45.8,3.856300E+00,1.019885E+00,3.932984E+00,nan
28:46.8,3.856390E+00,1.019889E+00,3.933089E+00,nan
28:47.8,3.856501E+00,1.019893E+00,3.933218E+00,nan
28:48.8,3.856585E+00,1.019889E+00,3.933289E+00,nan
28:49.8,3.856684E+00,1.019892E+00,3.933399E+00,nan
28:50.8,3.856776E+00,1.019892E+00,3.933493E+00,nan
28:51.8,3.856882E+00,1.019889E+00,3.933592E+00,nan
28:52.8,3.856937E+00,1.019888E+00,3.933643E+00,nan
28:53.8,3.857056E+00,1.019889E+00,3.933769E+00,nan
28:54.8,3.857110E+00,1.019892E+00,3.933834E+00,nan
28:55.8,3.857239E+00,1.019894E+00,3.933975E+00,nan
28:56.8,3.857311E+00,1.019895E+00,3.934053E+00,nan
28:57.8,3.857395E+00,1.019893E+00,3.934130E+00,nan
28:58.8,3.857482E+00,1.019886E+00,3.934194E+00,nan
28:59.8,3.857554E+00,1.019892E+00,3.934286E+00,nan
29:00.8,3.857650E+00,1.019890E+00,3.934380E+00,nan
29:01.8,3.857764E+00,1.019894E+00,3.934511E+00,nan
29:02.8,3.857811E+00,1.019892E+00,3.934549E+00,nan
29:03.8,3.857925E+00,1.019892E+00,3.934665E+00,nan
29:04.8,3.858069E+00,1.019884E+00,3.934783E+00,nan
29:05.8,3.858146E+00,1.019890E+00,3.934885E+00,nan
29:06.8,3.858217E+00,1.019894E+00,3.934973E+00,nan
29:07.8,3.858304E+00,1.019889E+00,3.935042E+00,nan
29:08.8,3.858386E+00,1.019890E+00,3.935130E+00,nan
29:09.8,3.858480E+00,1.019890E+00,3.935226E+00,nan
29:10.8,3.858562E+00,1.019889E+00,3.935305E+00,nan
29:11.8,3.858663E+00,1.019889E+00,3.935408E+00,nan
29:12.8,3.858742E+00,1.019898E+00,3.935523E+00,nan
29:13.8,3.858839E+00,1.019897E+00,3.935617E+00,nan
29:14.8,3.858928E+00,1.019892E+00,3.935688E+00,nan
29:15.8,3.859015E+00,1.019892E+00,3.935777E+00,nan
29:16.8,3.859102E+00,1.019898E+00,3.935889E+00,nan
29:17.8,3.859186E+00,1.019894E+00,3.935961E+00,nan
29:18.8,3.859297E+00,1.019894E+00,3.936075E+00,nan
29:19.8,3.859369E+00,1.019886E+00,3.936119E+00,nan
29:20.8,3.859456E+00,1.019889E+00,3.936217E+00,nan
29:21.8,3.859550E+00,1.019889E+00,3.936313E+00,nan
29:22.8,3.859644E+00,1.019889E+00,3.936409E+00,nan
29:23.8,3.859711E+00,1.019888E+00,3.936472E+00,nan
29:24.8,3.859830E+00,1.019885E+00,3.936583E+00,nan
29:25.8,3.859904E+00,1.019879E+00,3.936635E+00,nan
29:26.8,3.860008E+00,1.019889E+00,3.936780E+00,nan
29:27.8,3.860080E+00,1.019886E+00,3.936843E+00,nan
29:28.8,3.860172E+00,1.019889E+00,3.936947E+00,nan
29:29.8,3.860268E+00,1.019892E+00,3.937055E+00,nan
29:30.8,3.860365E+00,1.019880E+00,3.937110E+00,nan
29:31.8,3.860469E+00,1.019884E+00,3.937230E+00,nan
29:32.8,3.860511E+00,1.019888E+00,3.937288E+00,nan
29:33.8,3.860605E+00,1.019884E+00,3.937369E+00,nan
29:34.8,3.860697E+00,1.019875E+00,3.937428E+00,nan
29:35.8,3.860816E+00,1.019885E+00,3.937589E+00,nan
29:36.8,3.860895E+00,1.019885E+00,3.937670E+00,nan
29:37.8,3.860987E+00,1.019884E+00,3.937759E+00,nan
29:38.8,3.861073E+00,1.019893E+00,3.937881E+00,nan
29:39.8,3.861135E+00,1.019880E+00,3.937895E+00,nan
29:40.8,3.861232E+00,1.019886E+00,3.938018E+00,nan
29:41.8,3.861341E+00,1.019886E+00,3.938129E+00,nan
29:42.8,3.861420E+00,1.019881E+00,3.938190E+00,nan
29:43.8,3.861502E+00,1.019881E+00,3.938274E+00,nan
29:44.8,3.861596E+00,1.019879E+00,3.938360E+00,nan
29:45.8,3.861692E+00,1.019888E+00,3.938493E+00,nan
29:46.8,3.861772E+00,1.019888E+00,3.938574E+00,nan
29:47.8,3.861863E+00,1.019880E+00,3.938638E+00,nan
29:48.8,3.861968E+00,1.019885E+00,3.938763E+00,nan
29:49.8,3.862079E+00,1.019889E+00,3.938892E+00,nan
29:50.8,3.862134E+00,1.019900E+00,3.938992E+00,nan
29:51.8,3.862227E+00,1.019886E+00,3.939034E+00,nan
29:52.8,3.862314E+00,1.019894E+00,3.939152E+00,nan
29:53.8,3.862423E+00,1.019895E+00,3.939267E+00,nan
29:54.8,3.862517E+00,1.019892E+00,3.939349E+00,nan
29:55.8,3.862597E+00,1.019894E+00,3.939439E+00,nan
29:56.8,3.862691E+00,1.019889E+00,3.939516E+00,nan
29:57.8,3.862767E+00,1.019892E+00,3.939604E+00,nan
29:58.8,3.862854E+00,1.019889E+00,3.939683E+00,nan
29:59.8,3.862948E+00,1.019893E+00,3.939793E+00,nan
30:00.8,3.863003E+00,1.019889E+00,3.939834E+00,nan
30:01.8,3.863090E+00,1.019889E+00,3.939923E+00,nan
30:02.8,3.863189E+00,1.019893E+00,3.940038E+00,nan
30:03.8,3.863283E+00,1.019894E+00,3.940139E+00,nan
30:04.8,3.863379E+00,1.019893E+00,3.940233E+00,nan
30:05.8,3.863461E+00,1.019897E+00,3.940331E+00,nan
30:06.8,3.863572E+00,1.019892E+00,3.940425E+00,nan
30:07.8,3.863649E+00,1.019899E+00,3.940533E+00,nan
30:08.8,3.863741E+00,1.019895E+00,3.940611E+00,nan
30:09.8,3.863835E+00,1.019888E+00,3.940678E+00,nan
30:10.8,3.863944E+00,1.019893E+00,3.940809E+00,nan
30:11.8,3.864006E+00,1.019888E+00,3.940853E+00,nan
30:12.8,3.864068E+00,1.019889E+00,3.940920E+00,nan
30:13.8,3.864169E+00,1.019892E+00,3.941033E+00,nan
30:14.8,3.864291E+00,1.019892E+00,3.941157E+00,nan
30:15.8,3.864375E+00,1.019895E+00,3.941258E+00,nan
30:16.8,3.864444E+00,1.019893E+00,3.941319E+00,nan
30:17.8,3.864603E+00,1.019885E+00,3.941451E+00,nan
30:18.8,3.864635E+00,1.019893E+00,3.941513E+00,nan
30:19.8,3.864732E+00,1.019889E+00,3.941597E+00,nan
30:20.8,3.864811E+00,1.019890E+00,3.941683E+00,nan
30:21.8,3.864922E+00,1.019892E+00,3.941801E+00,nan
30:22.8,3.864984E+00,1.019890E+00,3.941860E+00,nan
30:23.8,3.865071E+00,1.019885E+00,3.941929E+00,nan
30:24.8,3.865190E+00,1.019889E+00,3.942065E+00,nan
30:25.8,3.865247E+00,1.019890E+00,3.942128E+00,nan
30:26.8,3.865346E+00,1.019886E+00,3.942214E+00,nan
30:27.8,3.865450E+00,1.019885E+00,3.942315E+00,nan
30:28.8,3.865542E+00,1.019890E+00,3.942429E+00,nan
30:29.8,3.865621E+00,1.019892E+00,3.942514E+00,nan
30:30.8,3.865705E+00,1.019890E+00,3.942595E+00,nan
30:31.8,3.865809E+00,1.019890E+00,3.942701E+00,nan
30:32.8,3.865891E+00,1.019893E+00,3.942794E+00,nan
30:33.8,3.865975E+00,1.019899E+00,3.942905E+00,nan
30:34.8,3.866054E+00,1.019889E+00,3.942946E+00,nan
30:35.8,3.866129E+00,1.019889E+00,3.943022E+00,nan
30:36.8,3.866275E+00,1.019888E+00,3.943167E+00,nan
30:37.8,3.866329E+00,1.019894E+00,3.943246E+00,nan
30:38.8,3.866423E+00,1.019886E+00,3.943313E+00,nan
30:39.8,3.866513E+00,1.019895E+00,3.943438E+00,nan
30:40.8,3.866567E+00,1.019886E+00,3.943460E+00,nan
30:41.8,3.866691E+00,1.019888E+00,3.943591E+00,nan
30:42.8,3.866780E+00,1.019880E+00,3.943652E+00,nan
30:43.8,3.866852E+00,1.019885E+00,3.943745E+00,nan
30:44.8,3.866939E+00,1.019883E+00,3.943824E+00,nan
30:45.8,3.867040E+00,1.019885E+00,3.943937E+00,nan
30:46.8,3.867142E+00,1.019888E+00,3.944051E+00,nan
30:47.8,3.867233E+00,1.019881E+00,3.944119E+00,nan
30:48.8,3.867335E+00,1.019884E+00,3.944233E+00,nan
30:49.8,3.867417E+00,1.019884E+00,3.944316E+00,nan
30:50.8,3.867486E+00,1.019885E+00,3.944392E+00,nan
30:51.8,3.867610E+00,1.019892E+00,3.944542E+00,nan
30:52.8,3.867679E+00,1.019888E+00,3.944599E+00,nan
30:53.8,3.867768E+00,1.019890E+00,3.944699E+00,nan
30:54.8,3.867867E+00,1.019884E+00,3.944776E+00,nan
30:55.8,3.867939E+00,1.019889E+00,3.944869E+00,nan
30:56.8,3.868043E+00,1.019892E+00,3.944984E+00,nan
30:57.8,3.868125E+00,1.019879E+00,3.945019E+00,nan
30:58.8,3.868180E+00,1.019884E+00,3.945094E+00,nan
30:59.8,3.868303E+00,1.019892E+00,3.945250E+00,nan
31:00.8,3.868373E+00,1.019888E+00,3.945306E+00,nan
31:01.8,3.868467E+00,1.019881E+00,3.945377E+00,nan
31:02.8,3.868539E+00,1.019885E+00,3.945465E+00,nan
31:03.8,3.868640E+00,1.019886E+00,3.945574E+00,nan
31:04.8,3.868729E+00,1.019885E+00,3.945660E+00,nan
31:05.8,3.868833E+00,1.019881E+00,3.945751E+00,nan
31:06.8,3.868945E+00,1.019881E+00,3.945865E+00,nan
31:07.8,3.868989E+00,1.019880E+00,3.945906E+00,nan
31:08.8,3.869074E+00,1.019880E+00,3.945991E+00,nan
31:09.8,3.869175E+00,1.019884E+00,3.946110E+00,nan
31:10.8,3.869272E+00,1.019885E+00,3.946213E+00,nan
31:11.8,3.869366E+00,1.019884E+00,3.946304E+00,nan
31:12.8,3.869457E+00,1.019880E+00,3.946383E+00,nan
31:13.8,3.869519E+00,1.019880E+00,3.946446E+00,nan
31:14.8,3.869611E+00,1.019884E+00,3.946554E+00,nan
31:15.8,3.869720E+00,1.019883E+00,3.946661E+00,nan
31:16.8,3.869762E+00,1.019884E+00,3.946708E+00,nan
31:17.8,3.869874E+00,1.019886E+00,3.946832E+00,nan
31:18.8,3.869958E+00,1.019895E+00,3.946952E+00,nan
31:19.8,3.870082E+00,1.019892E+00,3.947063E+00,nan
31:20.8,3.870171E+00,1.019888E+00,3.947140E+00,nan
31:21.8,3.870208E+00,1.019884E+00,3.947163E+00,nan
31:22.8,3.870300E+00,1.019885E+00,3.947261E+00,nan
31:23.8,3.870396E+00,1.019879E+00,3.947335E+00,nan
31:24.8,3.870525E+00,1.019881E+00,3.947476E+00,nan
31:25.8,3.870577E+00,1.019890E+00,3.947564E+00,nan
31:26.8,3.870664E+00,1.019881E+00,3.947618E+00,nan
31:27.8,3.870731E+00,1.019886E+00,3.947706E+00,nan
31:28.8,3.870842E+00,1.019895E+00,3.947854E+00,nan
31:29.8,3.870946E+00,1.019889E+00,3.947935E+00,nan
31:30.8,3.871025E+00,1.019888E+00,3.948012E+00,nan
31:31.8,3.871107E+00,1.019888E+00,3.948095E+00,nan
31:32.8,3.871224E+00,1.019898E+00,3.948253E+00,nan
31:33.8,3.871315E+00,1.019888E+00,3.948307E+00,nan
31:34.8,3.871404E+00,1.019883E+00,3.948378E+00,nan
31:35.8,3.871476E+00,1.019895E+00,3.948500E+00,nan
31:36.8,3.871578E+00,1.019898E+00,3.948614E+00,nan
31:37.8,3.871662E+00,1.019889E+00,3.948665E+00,nan
31:38.8,3.871734E+00,1.019890E+00,3.948744E+00,nan
31:39.8,3.871840E+00,1.019895E+00,3.948872E+00,nan
31:40.8,3.871915E+00,1.019892E+00,3.948933E+00,nan
31:41.8,3.872034E+00,1.019892E+00,3.949054E+00,nan
31:42.8,3.872100E+00,1.019898E+00,3.949147E+00,nan
31:43.8,3.872185E+00,1.019894E+00,3.949218E+00,nan
31:44.8,3.872306E+00,1.019893E+00,3.949337E+00,nan
31:45.8,3.872368E+00,1.019889E+00,3.949385E+00,nan
31:46.8,3.872442E+00,1.019892E+00,3.949471E+00,nan
31:47.8,3.872529E+00,1.019884E+00,3.949530E+00,nan
31:48.8,3.872653E+00,1.019892E+00,3.949686E+00,nan
31:49.8,3.872717E+00,1.019886E+00,3.949732E+00,nan
31:50.8,3.872804E+00,1.019894E+00,3.949850E+00,nan
31:51.8,3.872888E+00,1.019892E+00,3.949926E+00,nan
31:52.8,3.872977E+00,1.019892E+00,3.950017E+00,nan
31:53.8,3.873069E+00,1.019894E+00,3.950120E+00,nan
31:54.8,3.873156E+00,1.019899E+00,3.950228E+00,nan
31:55.8,3.873257E+00,1.019894E+00,3.950312E+00,nan
31:56.8,3.873369E+00,1.019893E+00,3.950421E+00,nan
31:57.8,3.873425E+00,1.019888E+00,3.950459E+00,nan
31:58.8,3.873505E+00,1.019889E+00,3.950545E+00,nan
31:59.8,3.873609E+00,1.019899E+00,3.950690E+00,nan
32:00.8,3.873688E+00,1.019894E+00,3.950752E+00,nan
32:01.8,3.873790E+00,1.019888E+00,3.950831E+00,nan
32:02.8,3.873874E+00,1.019898E+00,3.950956E+00,nan
32:03.8,3.874010E+00,1.019903E+00,3.951114E+00,nan
32:04.8,3.874062E+00,1.019904E+00,3.951172E+00,nan
32:05.8,3.874134E+00,1.019902E+00,3.951235E+00,nan
32:06.8,3.874240E+00,1.019899E+00,3.951334E+00,nan
32:07.8,3.874300E+00,1.019905E+00,3.951420E+00,nan
32:08.8,3.874389E+00,1.019899E+00,3.951486E+00,nan
32:09.8,3.874496E+00,1.019898E+00,3.951590E+00,nan
32:10.8,3.874572E+00,1.019900E+00,3.951678E+00,nan
32:11.8,3.874659E+00,1.019897E+00,3.951752E+00,nan
32:12.8,3.874733E+00,1.019898E+00,3.951832E+00,nan
32:13.8,3.874852E+00,1.019897E+00,3.951949E+00,nan
32:14.8,3.874932E+00,1.019900E+00,3.952044E+00,nan
32:15.8,3.875016E+00,1.019894E+00,3.952106E+00,nan
32:16.8,3.875122E+00,1.019893E+00,3.952209E+00,nan
32:17.8,3.875189E+00,1.019898E+00,3.952297E+00,nan
32:18.8,3.875286E+00,1.019894E+00,3.952381E+00,nan
32:19.8,3.875380E+00,1.019897E+00,3.952487E+00,nan
32:20.8,3.875457E+00,1.019894E+00,3.952555E+00,nan
32:21.8,3.875538E+00,1.019902E+00,3.952668E+00,nan
32:22.8,3.875652E+00,1.019904E+00,3.952794E+00,nan
32:23.8,3.875736E+00,1.019903E+00,3.952875E+00,nan
32:24.8,3.875791E+00,1.019897E+00,3.952906E+00,nan
32:25.8,3.875885E+00,1.019898E+00,3.953007E+00,nan
32:26.8,3.875969E+00,1.019905E+00,3.953122E+00,nan
32:27.8,3.876083E+00,1.019904E+00,3.953233E+00,nan
32:28.8,3.876168E+00,1.019902E+00,3.953310E+00,nan
32:29.8,3.876269E+00,1.019912E+00,3.953452E+00,nan
32:30.8,3.876356E+00,1.019908E+00,3.953526E+00,nan
32:31.8,3.876432E+00,1.019905E+00,3.953595E+00,nan
32:32.8,3.876529E+00,1.019895E+00,3.953654E+00,nan
32:33.8,3.876606E+00,1.019893E+00,3.953723E+00,nan
32:34.8,3.876705E+00,1.019897E+00,3.953838E+00,nan
32:35.8,3.876782E+00,1.019908E+00,3.953960E+00,nan
32:36.8,3.876901E+00,1.019902E+00,3.954057E+00,nan
32:37.8,3.876970E+00,1.019900E+00,3.954123E+00,nan
32:38.8,3.877074E+00,1.019897E+00,3.954215E+00,nan
32:39.8,3.877168E+00,1.019893E+00,3.954296E+00,nan
32:40.8,3.877240E+00,1.019900E+00,3.954399E+00,nan
32:41.8,3.877312E+00,1.019902E+00,3.954477E+00,nan
32:42.8,3.877436E+00,1.019898E+00,3.954588E+00,nan
32:43.8,3.877502E+00,1.019894E+00,3.954642E+00,nan
32:44.8,3.877574E+00,1.019902E+00,3.954745E+00,nan
32:45.8,3.877678E+00,1.019900E+00,3.954846E+00,nan
32:46.8,3.877758E+00,1.019897E+00,3.954912E+00,nan
32:47.8,3.877852E+00,1.019905E+00,3.955042E+00,nan
32:48.8,3.877968E+00,1.019888E+00,3.955092E+00,nan
32:49.8,3.878020E+00,1.019892E+00,3.955160E+00,nan
32:50.8,3.878129E+00,1.019892E+00,3.955271E+00,nan
32:51.8,3.878206E+00,1.019895E+00,3.955364E+00,nan
32:52.8,3.878290E+00,1.019890E+00,3.955431E+00,nan
32:53.8,3.878382E+00,1.019895E+00,3.955543E+00,nan
32:54.8,3.878483E+00,1.019897E+00,3.955652E+00,nan
32:55.8,3.878570E+00,1.019895E+00,3.955735E+00,nan
32:56.8,3.878652E+00,1.019895E+00,3.955819E+00,nan
32:57.8,3.878751E+00,1.019886E+00,3.955886E+00,nan
32:58.8,3.878833E+00,1.019886E+00,3.955969E+00,nan
32:59.8,3.878949E+00,1.019886E+00,3.956088E+00,nan
33:00.8,3.879028E+00,1.019892E+00,3.956188E+00,nan
33:01.8,3.879095E+00,1.019899E+00,3.956286E+00,nan
33:02.8,3.879192E+00,1.019895E+00,3.956369E+00,nan
33:03.8,3.879264E+00,1.019892E+00,3.956428E+00,nan
33:04.8,3.879345E+00,1.019892E+00,3.956511E+00,nan
33:05.8,3.879457E+00,1.019890E+00,3.956620E+00,nan
33:06.8,3.879534E+00,1.019892E+00,3.956703E+00,nan
33:07.8,3.879610E+00,1.019892E+00,3.956782E+00,nan
33:08.8,3.879734E+00,1.019886E+00,3.956889E+00,nan
33:09.8,3.879826E+00,1.019892E+00,3.957001E+00,nan
33:10.8,3.879888E+00,1.019892E+00,3.957065E+00,nan
33:11.8,3.879982E+00,1.019893E+00,3.957166E+00,nan
33:12.8,3.880054E+00,1.019893E+00,3.957239E+00,nan
33:13.8,3.880155E+00,1.019893E+00,3.957343E+00,nan
33:14.8,3.880242E+00,1.019895E+00,3.957441E+00,nan
33:15.8,3.880319E+00,1.019894E+00,3.957514E+00,nan
33:16.8,3.880428E+00,1.019886E+00,3.957596E+00,nan
33:17.8,3.880517E+00,1.019895E+00,3.957721E+00,nan
33:18.8,3.880604E+00,1.019892E+00,3.957795E+00,nan
33:19.8,3.880668E+00,1.019885E+00,3.957836E+00,nan
33:20.8,3.880769E+00,1.019892E+00,3.957964E+00,nan
33:21.8,3.880886E+00,1.019888E+00,3.958068E+00,nan
33:22.8,3.880987E+00,1.019888E+00,3.958172E+00,nan
33:23.8,3.881047E+00,1.019890E+00,3.958242E+00,nan
33:24.8,3.881129E+00,1.019894E+00,3.958340E+00,nan
33:25.8,3.881233E+00,1.019899E+00,3.958466E+00,nan
33:26.8,3.881312E+00,1.019893E+00,3.958522E+00,nan
33:27.8,3.881391E+00,1.019894E+00,3.958608E+00,nan
33:28.8,3.881493E+00,1.019892E+00,3.958702E+00,nan
33:29.8,3.881587E+00,1.019885E+00,3.958773E+00,nan
33:30.8,3.881674E+00,1.019898E+00,3.958910E+00,nan
33:31.8,3.881763E+00,1.019892E+00,3.958977E+00,nan
33:32.8,3.881862E+00,1.019903E+00,3.959122E+00,nan
33:33.8,3.881951E+00,1.019898E+00,3.959193E+00,nan
33:34.8,3.882030E+00,1.019899E+00,3.959279E+00,nan
33:35.8,3.882105E+00,1.019900E+00,3.959360E+00,nan
33:36.8,3.882186E+00,1.019899E+00,3.959439E+00,nan
33:37.8,3.882280E+00,1.019893E+00,3.959510E+00,nan
33:38.8,3.882377E+00,1.019895E+00,3.959618E+00,nan
33:39.8,3.882442E+00,1.019898E+00,3.959694E+00,nan
33:40.8,3.882518E+00,1.019892E+00,3.959747E+00,nan
33:41.8,3.882622E+00,1.019895E+00,3.959868E+00,nan
33:42.8,3.882711E+00,1.019895E+00,3.959959E+00,nan
33:43.8,3.882818E+00,1.019886E+00,3.960034E+00,nan
33:44.8,3.882900E+00,1.019894E+00,3.960147E+00,nan
33:45.8,3.882979E+00,1.019893E+00,3.960222E+00,nan
33:46.8,3.883056E+00,1.019888E+00,3.960281E+00,nan
33:47.8,3.883177E+00,1.019890E+00,3.960415E+00,nan
33:48.8,3.883254E+00,1.019886E+00,3.960478E+00,nan
33:49.8,3.883336E+00,1.019892E+00,3.960581E+00,nan
33:50.8,3.883432E+00,1.019890E+00,3.960675E+00,nan
33:51.8,3.883494E+00,1.019894E+00,3.960753E+00,nan
33:52.8,3.883564E+00,1.019892E+00,3.960813E+00,nan
33:53.8,3.883680E+00,1.019894E+00,3.960942E+00,nan
33:54.8,3.883764E+00,1.019886E+00,3.960998E+00,nan
33:55.8,3.883871E+00,1.019898E+00,3.961151E+00,nan
33:56.8,3.883965E+00,1.019892E+00,3.961223E+00,nan
33:57.8,3.884029E+00,1.019898E+00,3.961313E+00,nan
33:58.8,3.884103E+00,1.019889E+00,3.961354E+00,nan
33:59.8,3.884240E+00,1.019899E+00,3.961533E+00,nan
34:00.8,3.884306E+00,1.019895E+00,3.961586E+00,nan
34:01.8,3.884373E+00,1.019886E+00,3.961620E+00,nan
34:02.8,3.884485E+00,1.019894E+00,3.961763E+00,nan
34:03.8,3.884552E+00,1.019890E+00,3.961817E+00,nan
34:04.8,3.884634E+00,1.019889E+00,3.961895E+00,nan
34:05.8,3.884725E+00,1.019895E+00,3.962013E+00,nan
34:06.8,3.884841E+00,1.019897E+00,3.962137E+00,nan
34:07.8,3.884931E+00,1.019898E+00,3.962232E+00,nan
34:08.8,3.885000E+00,1.019898E+00,3.962303E+00,nan
34:09.8,3.885060E+00,1.019894E+00,3.962349E+00,nan
34:10.8,3.885164E+00,1.019897E+00,3.962465E+00,nan
34:11.8,3.885267E+00,1.019886E+00,3.962532E+00,nan
34:12.8,3.885359E+00,1.019893E+00,3.962650E+00,nan
34:13.8,3.885421E+00,1.019886E+00,3.962688E+00,nan
34:14.8,3.885525E+00,1.019895E+00,3.962829E+00,nan
34:15.8,3.885617E+00,1.019892E+00,3.962908E+00,nan
34:16.8,3.885686E+00,1.019893E+00,3.962983E+00,nan
34:17.8,3.885803E+00,1.019893E+00,3.963102E+00,nan
34:18.8,3.885882E+00,1.019895E+00,3.963193E+00,nan
34:19.8,3.885983E+00,1.019892E+00,3.963282E+00,nan
34:20.8,3.886050E+00,1.019890E+00,3.963345E+00,nan
34:21.8,3.886152E+00,1.019888E+00,3.963439E+00,nan
34:22.8,3.886234E+00,1.019892E+00,3.963537E+00,nan
34:23.8,3.886313E+00,1.019895E+00,3.963632E+00,nan
34:24.8,3.886437E+00,1.019895E+00,3.963759E+00,nan
34:25.8,3.886503E+00,1.019897E+00,3.963832E+00,nan
34:26.8,3.886573E+00,1.019892E+00,3.963883E+00,nan
34:27.8,3.886679E+00,1.019893E+00,3.963996E+00,nan
34:28.8,3.886744E+00,1.019888E+00,3.964043E+00,nan
34:29.8,3.886840E+00,1.019892E+00,3.964155E+00,nan
34:30.8,3.886905E+00,1.019898E+00,3.964246E+00,nan
34:31.8,3.887029E+00,1.019894E+00,3.964358E+00,nan
34:32.8,3.887113E+00,1.019899E+00,3.964463E+00,nan
34:33.8,3.887209E+00,1.019895E+00,3.964547E+00,nan
34:34.8,3.887301E+00,1.019897E+00,3.964645E+00,nan
34:35.8,3.887393E+00,1.019894E+00,3.964729E+00,nan
34:36.8,3.887455E+00,1.019895E+00,3.964797E+00,nan
34:37.8,3.887568E+00,1.019897E+00,3.964918E+00,nan
34:38.8,3.887625E+00,1.019897E+00,3.964976E+00,nan
34:39.8,3.887722E+00,1.019893E+00,3.965060E+00,nan
34:40.8,3.887844E+00,1.019890E+00,3.965174E+00,nan
34:41.8,3.887923E+00,1.019889E+00,3.965250E+00,nan
34:42.8,3.887995E+00,1.019897E+00,3.965353E+00,nan
34:43.8,3.888069E+00,1.019889E+00,3.965399E+00,nan
34:44.8,3.888165E+00,1.019893E+00,3.965512E+00,nan
34:45.8,3.888257E+00,1.019889E+00,3.965591E+00,nan
34:46.8,3.888369E+00,1.019894E+00,3.965724E+00,nan
34:47.8,3.888440E+00,1.019890E+00,3.965783E+00,nan
34:48.8,3.888532E+00,1.019888E+00,3.965867E+00,nan
34:49.8,3.888626E+00,1.019894E+00,3.965987E+00,nan
34:50.8,3.888723E+00,1.019888E+00,3.966061E+00,nan
34:51.8,3.888795E+00,1.019893E+00,3.966154E+00,nan
34:52.8,3.888889E+00,1.019892E+00,3.966245E+00,nan
34:53.8,3.888983E+00,1.019889E+00,3.966331E+00,nan
34:54.8,3.889042E+00,1.019884E+00,3.966372E+00,nan
34:55.8,3.889151E+00,1.019899E+00,3.966542E+00,nan
34:56.8,3.889310E+00,1.019894E+00,3.966684E+00,nan
34:57.8,3.889335E+00,1.019902E+00,3.966739E+00,nan
34:58.8,3.889387E+00,1.019900E+00,3.966787E+00,nan
34:59.8,3.889501E+00,1.019890E+00,3.966864E+00,nan
35:00.8,3.889610E+00,1.019900E+00,3.967015E+00,nan
35:01.8,3.889679E+00,1.019893E+00,3.967056E+00,nan
35:02.8,3.889781E+00,1.019892E+00,3.967154E+00,nan
35:03.8,3.889865E+00,1.019890E+00,3.967235E+00,nan
35:04.8,3.889949E+00,1.019890E+00,3.967321E+00,nan
35:05.8,3.890023E+00,1.019895E+00,3.967416E+00,nan
35:06.8,3.890120E+00,1.019890E+00,3.967495E+00,nan
35:07.8,3.890204E+00,1.019897E+00,3.967606E+00,nan
35:08.8,3.890281E+00,1.019893E+00,3.967669E+00,nan
35:09.8,3.890395E+00,1.019895E+00,3.967795E+00,nan
35:10.8,3.890457E+00,1.019895E+00,3.967859E+00,nan
35:11.8,3.890541E+00,1.019895E+00,3.967944E+00,nan
35:12.8,3.890642E+00,1.019894E+00,3.968043E+00,nan
35:13.8,3.890756E+00,1.019894E+00,3.968160E+00,nan
35:14.8,3.890848E+00,1.019889E+00,3.968233E+00,nan
35:15.8,3.890927E+00,1.019892E+00,3.968324E+00,nan
35:16.8,3.891014E+00,1.019888E+00,3.968398E+00,nan
35:17.8,3.891096E+00,1.019893E+00,3.968500E+00,nan
35:18.8,3.891180E+00,1.019890E+00,3.968577E+00,nan
35:19.8,3.891262E+00,1.019890E+00,3.968660E+00,nan
35:20.8,3.891358E+00,1.019899E+00,3.968793E+00,nan
35:21.8,3.891457E+00,1.019894E+00,3.968874E+00,nan
35:22.8,3.891517E+00,1.019898E+00,3.968949E+00,nan
35:23.8,3.891598E+00,1.019904E+00,3.969057E+00,nan
35:24.8,3.891678E+00,1.019899E+00,3.969119E+00,nan
35:25.8,3.891804E+00,1.019898E+00,3.969242E+00,nan
35:26.8,3.891873E+00,1.019894E+00,3.969299E+00,nan
35:27.8,3.891955E+00,1.019889E+00,3.969362E+00,nan
35:28.8,3.892049E+00,1.019889E+00,3.969458E+00,nan
35:29.8,3.892138E+00,1.019892E+00,3.969559E+00,nan
35:30.8,3.892220E+00,1.019894E+00,3.969653E+00,nan
35:31.8,3.892324E+00,1.019897E+00,3.969768E+00,nan
35:32.8,3.892423E+00,1.019895E+00,3.969864E+00,nan
35:33.8,3.892485E+00,1.019894E+00,3.969923E+00,nan
35:34.8,3.892552E+00,1.019899E+00,3.970011E+00,nan
35:35.8,3.892671E+00,1.019894E+00,3.970112E+00,nan
35:36.8,3.892758E+00,1.019897E+00,3.970210E+00,nan
35:37.8,3.892877E+00,1.019890E+00,3.970307E+00,nan
35:38.8,3.892931E+00,1.019889E+00,3.970357E+00,nan
35:39.8,3.893018E+00,1.019897E+00,3.970476E+00,nan
35:40.8,3.893102E+00,1.019897E+00,3.970562E+00,nan
35:41.8,3.893196E+00,1.019897E+00,3.970658E+00,nan
35:42.8,3.893283E+00,1.019895E+00,3.970741E+00,nan
35:43.8,3.893364E+00,1.019900E+00,3.970844E+00,nan
35:44.8,3.893446E+00,1.019903E+00,3.970937E+00,nan
35:45.8,3.893521E+00,1.019905E+00,3.971023E+00,nan
35:46.8,3.893615E+00,1.019899E+00,3.971094E+00,nan
35:47.8,3.893734E+00,1.019898E+00,3.971210E+00,nan
35:48.8,3.893793E+00,1.019898E+00,3.971271E+00,nan
35:49.8,3.893899E+00,1.019895E+00,3.971370E+00,nan
35:50.8,3.893996E+00,1.019900E+00,3.971488E+00,nan
35:51.8,3.894083E+00,1.019895E+00,3.971557E+00,nan
35:52.8,3.894160E+00,1.019894E+00,3.971630E+00,nan
35:53.8,3.894227E+00,1.019897E+00,3.971709E+00,nan
35:54.8,3.894363E+00,1.019893E+00,3.971833E+00,nan
35:55.8,3.894432E+00,1.019893E+00,3.971903E+00,nan
35:56.8,3.894519E+00,1.019889E+00,3.971977E+00,nan
35:57.8,3.894576E+00,1.019892E+00,3.972045E+00,nan
35:58.8,3.894670E+00,1.019892E+00,3.972141E+00,nan
35:59.8,3.894774E+00,1.019890E+00,3.972242E+00,nan
36:00.8,3.894838E+00,1.019886E+00,3.972293E+00,nan
36:01.8,3.894952E+00,1.019889E+00,3.972419E+00,nan
36:02.8,3.895004E+00,1.019884E+00,3.972452E+00,nan
36:03.8,3.895111E+00,1.019892E+00,3.972590E+00,nan
36:04.8,3.895195E+00,1.019892E+00,3.972676E+00,nan
36:05.8,3.895299E+00,1.019895E+00,3.972797E+00,nan
36:06.8,3.895363E+00,1.019894E+00,3.972858E+00,nan
36:07.8,3.895447E+00,1.019895E+00,3.972949E+00,nan
36:08.8,3.895566E+00,1.019897E+00,3.973075E+00,nan
36:09.8,3.895648E+00,1.019890E+00,3.973134E+00,nan
36:10.8,3.895735E+00,1.019890E+00,3.973222E+00,nan
36:11.8,3.895827E+00,1.019897E+00,3.973340E+00,nan
36:12.8,3.895903E+00,1.019898E+00,3.973423E+00,nan
36:13.8,3.895983E+00,1.019898E+00,3.973504E+00,nan
36:14.8,3.896079E+00,1.019898E+00,3.973603E+00,nan
36:15.8,3.896151E+00,1.019893E+00,3.973656E+00,nan
36:16.8,3.896248E+00,1.019894E+00,3.973760E+00,nan
36:17.8,3.896334E+00,1.019895E+00,3.973853E+00,nan
36:18.8,3.896411E+00,1.019899E+00,3.973946E+00,nan
36:19.8,3.896508E+00,1.019898E+00,3.974040E+00,nan
36:20.8,3.896587E+00,1.019903E+00,3.974140E+00,nan
36:21.8,3.896688E+00,1.019894E+00,3.974210E+00,nan
36:22.8,3.896753E+00,1.019900E+00,3.974300E+00,nan
36:23.8,3.896847E+00,1.019902E+00,3.974401E+00,nan
36:24.8,3.896931E+00,1.019900E+00,3.974482E+00,nan
36:25.8,3.897015E+00,1.019900E+00,3.974568E+00,nan
36:26.8,3.897105E+00,1.019904E+00,3.974673E+00,nan
36:27.8,3.897209E+00,1.019900E+00,3.974765E+00,nan
36:28.8,3.897275E+00,1.019893E+00,3.974803E+00,nan
36:29.8,3.897350E+00,1.019898E+00,3.974899E+00,nan
36:30.8,3.897454E+00,1.019899E+00,3.975010E+00,nan
36:31.8,3.897560E+00,1.019898E+00,3.975113E+00,nan
36:32.8,3.897655E+00,1.019902E+00,3.975224E+00,nan
36:33.8,3.897734E+00,1.019897E+00,3.975285E+00,nan
36:34.8,3.897818E+00,1.019903E+00,3.975396E+00,nan
36:35.8,3.897902E+00,1.019903E+00,3.975482E+00,nan
36:36.8,3.897972E+00,1.019904E+00,3.975557E+00,nan
36:37.8,3.898061E+00,1.019905E+00,3.975653E+00,nan
36:38.8,3.898175E+00,1.019909E+00,3.975784E+00,nan
36:39.8,3.898264E+00,1.019904E+00,3.975855E+00,nan
36:40.8,3.898318E+00,1.019911E+00,3.975936E+00,nan
36:41.8,3.898420E+00,1.019900E+00,3.976000E+00,nan
36:42.8,3.898541E+00,1.019898E+00,3.976114E+00,nan
36:43.8,3.898586E+00,1.019898E+00,3.976159E+00,nan
36:44.8,3.898720E+00,1.019898E+00,3.976296E+00,nan
36:45.8,3.898774E+00,1.019911E+00,3.976401E+00,nan
36:46.8,3.898873E+00,1.019898E+00,3.976452E+00,nan
36:47.8,3.898932E+00,1.019904E+00,3.976537E+00,nan
36:48.8,3.899044E+00,1.019899E+00,3.976632E+00,nan
36:49.8,3.899148E+00,1.019898E+00,3.976733E+00,nan
36:50.8,3.899252E+00,1.019899E+00,3.976844E+00,nan
36:51.8,3.899317E+00,1.019898E+00,3.976904E+00,nan
36:52.8,3.899410E+00,1.019903E+00,3.977020E+00,nan
36:53.8,3.899490E+00,1.019898E+00,3.977081E+00,nan
36:54.8,3.899589E+00,1.019903E+00,3.977202E+00,nan
36:55.8,3.899656E+00,1.019903E+00,3.977270E+00,nan
36:56.8,3.899760E+00,1.019903E+00,3.977376E+00,nan
36:57.8,3.899829E+00,1.019899E+00,3.977432E+00,nan
36:58.8,3.899921E+00,1.019903E+00,3.977541E+00,nan
36:59.8,3.900000E+00,1.019903E+00,3.977622E+00,nan
37:00.8,3.900082E+00,1.019902E+00,3.977700E+00,nan
37:01.8,3.900168E+00,1.019903E+00,3.977793E+00,nan
37:02.8,3.900248E+00,1.019900E+00,3.977864E+00,nan
37:03.8,3.900357E+00,1.019899E+00,3.977970E+00,nan
37:04.8,3.900426E+00,1.019902E+00,3.978051E+00,nan
37:05.8,3.900537E+00,1.019897E+00,3.978145E+00,nan
37:06.8,3.900614E+00,1.019892E+00,3.978203E+00,nan
37:07.8,3.900716E+00,1.019900E+00,3.978342E+00,nan
37:08.8,3.900773E+00,1.019893E+00,3.978370E+00,nan
37:09.8,3.900902E+00,1.019900E+00,3.978531E+00,nan
37:10.8,3.900966E+00,1.019890E+00,3.978558E+00,nan
37:11.8,3.901038E+00,1.019899E+00,3.978665E+00,nan
37:12.8,3.901129E+00,1.019894E+00,3.978739E+00,nan
37:13.8,3.901214E+00,1.019889E+00,3.978805E+00,nan
37:14.8,3.901315E+00,1.019888E+00,3.978904E+00,nan
37:15.8,3.901380E+00,1.019893E+00,3.978989E+00,nan
37:16.8,3.901506E+00,1.019883E+00,3.979078E+00,nan
37:17.8,3.901548E+00,1.019884E+00,3.979126E+00,nan
37:18.8,3.901660E+00,1.019883E+00,3.979235E+00,nan
37:19.8,3.901744E+00,1.019888E+00,3.979341E+00,nan
37:20.8,3.901813E+00,1.019886E+00,3.979407E+00,nan
37:21.8,3.901900E+00,1.019879E+00,3.979465E+00,nan
37:22.8,3.902001E+00,1.019886E+00,3.979599E+00,nan
37:23.8,3.902061E+00,1.019889E+00,3.979669E+00,nan
37:24.8,3.902153E+00,1.019876E+00,3.979713E+00,nan
37:25.8,3.902249E+00,1.019884E+00,3.979841E+00,nan
37:26.8,3.902341E+00,1.019885E+00,3.979939E+00,nan
37:27.8,3.902420E+00,1.019885E+00,3.980020E+00,nan
37:28.8,3.902524E+00,1.019886E+00,3.980132E+00,nan
37:29.8,3.902608E+00,1.019883E+00,3.980202E+00,nan
37:30.8,3.902673E+00,1.019881E+00,3.980263E+00,nan
37:31.8,3.902767E+00,1.019880E+00,3.980354E+00,nan
37:32.8,3.902853E+00,1.019876E+00,3.980428E+00,nan
37:33.8,3.902933E+00,1.019881E+00,3.980528E+00,nan
37:34.8,3.903032E+00,1.019884E+00,3.980640E+00,nan
37:35.8,3.903119E+00,1.019885E+00,3.980733E+00,nan
37:36.8,3.903195E+00,1.019886E+00,3.980816E+00,nan
37:37.8,3.903270E+00,1.019889E+00,3.980902E+00,nan
37:38.8,3.903361E+00,1.019885E+00,3.980980E+00,nan
37:39.8,3.903453E+00,1.019894E+00,3.981109E+00,nan
37:40.8,3.903540E+00,1.019889E+00,3.981177E+00,nan
37:41.8,3.903606E+00,1.019892E+00,3.981255E+00,nan
37:42.8,3.903718E+00,1.019889E+00,3.981359E+00,nan
37:43.8,3.903807E+00,1.019883E+00,3.981425E+00,nan
37:44.8,3.903901E+00,1.019886E+00,3.981536E+00,nan
37:45.8,3.903986E+00,1.019889E+00,3.981632E+00,nan
37:46.8,3.904092E+00,1.019890E+00,3.981745E+00,nan
37:47.8,3.904132E+00,1.019888E+00,3.981776E+00,nan
37:48.8,3.904248E+00,1.019889E+00,3.981900E+00,nan
37:49.8,3.904315E+00,1.019889E+00,3.981968E+00,nan
37:50.8,3.904407E+00,1.019888E+00,3.982057E+00,nan
37:51.8,3.904496E+00,1.019880E+00,3.982118E+00,nan
37:52.8,3.904602E+00,1.019879E+00,3.982221E+00,nan
37:53.8,3.904659E+00,1.019886E+00,3.982309E+00,nan
37:54.8,3.904738E+00,1.019889E+00,3.982400E+00,nan
37:55.8,3.904837E+00,1.019886E+00,3.982491E+00,nan
37:56.8,3.904932E+00,1.019888E+00,3.982592E+00,nan
37:57.8,3.905023E+00,1.019893E+00,3.982705E+00,nan
37:58.7,3.905117E+00,1.019888E+00,3.982781E+00,nan
37:59.7,3.905206E+00,1.019897E+00,3.982907E+00,nan
38:00.8,3.905278E+00,1.019886E+00,3.982941E+00,nan
38:01.7,3.905358E+00,1.019893E+00,3.983046E+00,nan
38:02.7,3.905442E+00,1.019893E+00,3.983132E+00,nan
38:03.7,3.905521E+00,1.019890E+00,3.983203E+00,nan
38:04.7,3.905610E+00,1.019889E+00,3.983289E+00,nan
38:05.7,3.905694E+00,1.019897E+00,3.983405E+00,nan
38:06.7,3.905786E+00,1.019890E+00,3.983473E+00,nan
38:07.7,3.905873E+00,1.019890E+00,3.983562E+00,nan
38:08.7,3.905984E+00,1.019893E+00,3.983685E+00,nan
38:09.7,3.906046E+00,1.019885E+00,3.983719E+00,nan
38:10.7,3.906138E+00,1.019892E+00,3.983837E+00,nan
38:11.7,3.906227E+00,1.019886E+00,3.983908E+00,nan
38:12.7,3.906286E+00,1.019888E+00,3.983974E+00,nan
38:13.7,3.906410E+00,1.019884E+00,3.984085E+00,nan
38:14.7,3.906485E+00,1.019884E+00,3.984161E+00,nan
38:15.7,3.906547E+00,1.019890E+00,3.984249E+00,nan
38:16.7,3.906663E+00,1.019890E+00,3.984368E+00,nan
38:17.7,3.906725E+00,1.019893E+00,3.984441E+00,nan
38:18.7,3.906849E+00,1.019883E+00,3.984527E+00,nan
38:19.7,3.906920E+00,1.019888E+00,3.984621E+00,nan
38:20.7,3.907000E+00,1.019883E+00,3.984681E+00,nan
38:21.7,3.907094E+00,1.019884E+00,3.984783E+00,nan
38:22.7,3.907156E+00,1.019889E+00,3.984865E+00,nan
38:23.7,3.907233E+00,1.019888E+00,3.984939E+00,nan
38:24.7,3.907317E+00,1.019888E+00,3.985025E+00,nan
38:25.7,3.907416E+00,1.019888E+00,3.985126E+00,nan
38:26.7,3.907503E+00,1.019883E+00,3.985194E+00,nan
38:27.7,3.907572E+00,1.019885E+00,3.985275E+00,nan
38:28.7,3.907698E+00,1.019886E+00,3.985409E+00,nan
38:29.7,3.907775E+00,1.019885E+00,3.985482E+00,nan
38:30.7,3.907872E+00,1.019884E+00,3.985576E+00,nan
38:31.7,3.907948E+00,1.019888E+00,3.985669E+00,nan
38:32.7,3.908028E+00,1.019885E+00,3.985739E+00,nan
38:33.7,3.908107E+00,1.019890E+00,3.985840E+00,nan
38:34.7,3.908194E+00,1.019884E+00,3.985904E+00,nan
38:35.7,3.908288E+00,1.019881E+00,3.985990E+00,nan
38:36.7,3.908397E+00,1.019890E+00,3.986136E+00,nan
38:37.7,3.908454E+00,1.019880E+00,3.986154E+00,nan
38:38.7,3.908528E+00,1.019881E+00,3.986235E+00,nan
38:39.7,3.908622E+00,1.019885E+00,3.986346E+00,nan
38:40.7,3.908706E+00,1.019888E+00,3.986442E+00,nan
38:41.7,3.908818E+00,1.019884E+00,3.986541E+00,nan
38:42.7,3.908885E+00,1.019890E+00,3.986634E+00,nan
38:43.7,3.908967E+00,1.019888E+00,3.986707E+00,nan
38:44.7,3.909058E+00,1.019890E+00,3.986810E+00,nan
38:45.7,3.909130E+00,1.019888E+00,3.986874E+00,nan
38:46.7,3.909226E+00,1.019886E+00,3.986967E+00,nan
38:47.7,3.909323E+00,1.019889E+00,3.987076E+00,nan
38:48.7,3.909395E+00,1.019894E+00,3.987169E+00,nan
38:49.7,3.909494E+00,1.019893E+00,3.987265E+00,nan
38:50.7,3.909556E+00,1.019892E+00,3.987323E+00,nan
38:51.7,3.909650E+00,1.019894E+00,3.987429E+00,nan
38:52.7,3.909732E+00,1.019890E+00,3.987498E+00,nan
38:53.7,3.909838E+00,1.019886E+00,3.987591E+00,nan
38:54.7,3.909925E+00,1.019894E+00,3.987710E+00,nan
38:55.7,3.909982E+00,1.019898E+00,3.987782E+00,nan
38:56.7,3.910091E+00,1.019889E+00,3.987859E+00,nan
38:57.7,3.910168E+00,1.019889E+00,3.987937E+00,nan
38:58.7,3.910259E+00,1.019892E+00,3.988040E+00,nan
38:59.7,3.910349E+00,1.019892E+00,3.988131E+00,nan
39:00.7,3.910440E+00,1.019892E+00,3.988225E+00,nan
39:01.7,3.910529E+00,1.019903E+00,3.988360E+00,nan
39:02.7,3.910604E+00,1.019898E+00,3.988416E+00,nan
39:03.7,3.910690E+00,1.019889E+00,3.988470E+00,nan
39:04.7,3.910767E+00,1.019897E+00,3.988578E+00,nan
39:05.7,3.910871E+00,1.019895E+00,3.988679E+00,nan
39:06.7,3.910953E+00,1.019898E+00,3.988772E+00,nan
39:07.7,3.911035E+00,1.019893E+00,3.988836E+00,nan
39:08.7,3.911134E+00,1.019894E+00,3.988942E+00,nan
39:09.7,3.911213E+00,1.019897E+00,3.989033E+00,nan
39:10.7,3.911292E+00,1.019897E+00,3.989114E+00,nan
39:11.7,3.911401E+00,1.019893E+00,3.989210E+00,nan
39:12.7,3.911473E+00,1.019892E+00,3.989278E+00,nan
39:13.7,3.911545E+00,1.019900E+00,3.989386E+00,nan
39:14.7,3.911629E+00,1.019897E+00,3.989457E+00,nan
39:15.7,3.911760E+00,1.019897E+00,3.989591E+00,nan
39:16.7,3.911830E+00,1.019898E+00,3.989667E+00,nan
39:17.7,3.911892E+00,1.019895E+00,3.989720E+00,nan
39:18.7,3.911981E+00,1.019902E+00,3.989836E+00,nan
39:19.7,3.912087E+00,1.019904E+00,3.989954E+00,nan
39:20.7,3.912142E+00,1.019897E+00,3.989980E+00,nan
39:21.7,3.912204E+00,1.019894E+00,3.990034E+00,nan
39:22.7,3.912305E+00,1.019895E+00,3.990142E+00,nan
39:23.7,3.912395E+00,1.019894E+00,3.990228E+00,nan
39:24.7,3.912471E+00,1.019895E+00,3.990311E+00,nan
39:25.7,3.912570E+00,1.019897E+00,3.990417E+00,nan
39:26.7,3.912650E+00,1.019893E+00,3.990483E+00,nan
39:27.7,3.912766E+00,1.019890E+00,3.990592E+00,nan
39:28.7,3.912825E+00,1.019893E+00,3.990662E+00,nan
39:29.7,3.912910E+00,1.019902E+00,3.990783E+00,nan
39:30.7,3.912971E+00,1.019892E+00,3.990806E+00,nan
39:31.7,3.913088E+00,1.019898E+00,3.990950E+00,nan
39:32.7,3.913152E+00,1.019900E+00,3.991026E+00,nan
39:33.7,3.913224E+00,1.019895E+00,3.991079E+00,nan
39:34.7,3.913328E+00,1.019895E+00,3.991185E+00,nan
39:35.7,3.913400E+00,1.019903E+00,3.991288E+00,nan
39:36.7,3.913502E+00,1.019903E+00,3.991392E+00,nan
39:37.7,3.913588E+00,1.019902E+00,3.991475E+00,nan
39:38.7,3.913700E+00,1.019895E+00,3.991564E+00,nan
39:39.7,3.913767E+00,1.019899E+00,3.991647E+00,nan
39:40.7,3.913838E+00,1.019899E+00,3.991720E+00,nan
39:41.7,3.913965E+00,1.019898E+00,3.991844E+00,nan
39:42.7,3.914032E+00,1.019897E+00,3.991908E+00,nan
39:43.7,3.914099E+00,1.019908E+00,3.992020E+00,nan
39:44.7,3.914193E+00,1.019900E+00,3.992087E+00,nan
39:45.7,3.914269E+00,1.019895E+00,3.992145E+00,nan
39:46.7,3.914351E+00,1.019902E+00,3.992253E+00,nan
39:47.7,3.914426E+00,1.019894E+00,3.992300E+00,nan
39:48.7,3.914502E+00,1.019890E+00,3.992363E+00,nan
39:49.7,3.914596E+00,1.019894E+00,3.992474E+00,nan
39:50.7,3.914696E+00,1.019905E+00,3.992619E+00,nan
39:51.7,3.914785E+00,1.019900E+00,3.992691E+00,nan
39:52.7,3.914856E+00,1.019897E+00,3.992749E+00,nan
39:53.7,3.914948E+00,1.019895E+00,3.992837E+00,nan
39:54.7,3.915045E+00,1.019897E+00,3.992941E+00,nan
39:55.7,3.915119E+00,1.019900E+00,3.993032E+00,nan
39:56.7,3.915181E+00,1.019895E+00,3.993075E+00,nan
39:57.7,3.915287E+00,1.019892E+00,3.993168E+00,nan
39:58.7,3.915362E+00,1.019895E+00,3.993259E+00,nan
39:59.7,3.915441E+00,1.019897E+00,3.993345E+00,nan
40:00.7,3.915538E+00,1.019895E+00,3.993438E+00,nan
40:01.7,3.915629E+00,1.019892E+00,3.993517E+00,nan
40:02.7,3.915721E+00,1.019900E+00,3.993646E+00,nan
40:03.7,3.915832E+00,1.019900E+00,3.993759E+00,nan
40:04.7,3.915874E+00,1.019898E+00,3.993792E+00,nan
40:05.7,3.915971E+00,1.019902E+00,3.993905E+00,nan
40:06.7,3.916055E+00,1.019900E+00,3.993986E+00,nan
40:07.7,3.916132E+00,1.019895E+00,3.994045E+00,nan
40:08.7,3.916234E+00,1.019907E+00,3.994193E+00,nan
40:09.7,3.916310E+00,1.019900E+00,3.994247E+00,nan
40:10.7,3.916395E+00,1.019899E+00,3.994328E+00,nan
40:11.7,3.916489E+00,1.019902E+00,3.994433E+00,nan
40:12.7,3.916558E+00,1.019903E+00,3.994509E+00,nan
40:13.7,3.916637E+00,1.019899E+00,3.994575E+00,nan
40:14.7,3.916756E+00,1.019900E+00,3.994701E+00,nan
40:15.7,3.916823E+00,1.019905E+00,3.994789E+00,nan
40:16.7,3.916902E+00,1.019903E+00,3.994860E+00,nan
40:17.7,3.916974E+00,1.019898E+00,3.994914E+00,nan
40:18.7,3.917066E+00,1.019902E+00,3.995022E+00,nan
40:19.7,3.917167E+00,1.019897E+00,3.995106E+00,nan
40:20.7,3.917239E+00,1.019892E+00,3.995159E+00,nan
40:21.7,3.917323E+00,1.019892E+00,3.995245E+00,nan
40:22.7,3.917425E+00,1.019897E+00,3.995368E+00,nan
40:23.7,3.917494E+00,1.019893E+00,3.995424E+00,nan
40:24.7,3.917588E+00,1.019895E+00,3.995530E+00,nan
40:25.7,3.917675E+00,1.019893E+00,3.995609E+00,nan
40:26.7,3.917757E+00,1.019893E+00,3.995692E+00,nan
40:27.7,3.917839E+00,1.019898E+00,3.995795E+00,nan
40:28.7,3.917925E+00,1.019890E+00,3.995854E+00,nan
40:29.7,3.918025E+00,1.019895E+00,3.995975E+00,nan
40:30.7,3.918101E+00,1.019899E+00,3.996068E+00,nan
40:31.7,3.918170E+00,1.019898E+00,3.996133E+00,nan
40:32.7,3.918242E+00,1.019899E+00,3.996212E+00,nan
40:33.7,3.918354E+00,1.019898E+00,3.996320E+00,nan
40:34.7,3.918423E+00,1.019897E+00,3.996387E+00,nan
40:35.7,3.918475E+00,1.019898E+00,3.996444E+00,nan
40:36.7,3.918599E+00,1.019893E+00,3.996551E+00,nan
40:37.7,3.918676E+00,1.019897E+00,3.996644E+00,nan
40:38.7,3.918758E+00,1.019893E+00,3.996713E+00,nan
40:39.7,3.918852E+00,1.019894E+00,3.996814E+00,nan
40:40.7,3.918933E+00,1.019899E+00,3.996917E+00,nan
40:41.7,3.918998E+00,1.019899E+00,3.996982E+00,nan
40:42.7,3.919075E+00,1.019900E+00,3.997066E+00,nan
40:43.7,3.919171E+00,1.019895E+00,3.997144E+00,nan
40:44.7,3.919275E+00,1.019902E+00,3.997275E+00,nan
40:45.7,3.919377E+00,1.019902E+00,3.997379E+00,nan
40:46.7,3.919441E+00,1.019898E+00,3.997430E+00,nan
40:47.7,3.919508E+00,1.019898E+00,3.997498E+00,nan
40:48.7,3.919595E+00,1.019895E+00,3.997576E+00,nan
40:49.7,3.919664E+00,1.019903E+00,3.997677E+00,nan
40:50.7,3.919758E+00,1.019900E+00,3.997763E+00,nan
40:51.7,3.919865E+00,1.019900E+00,3.997872E+00,nan
40:52.7,3.919937E+00,1.019898E+00,3.997935E+00,nan
40:53.7,3.920033E+00,1.019904E+00,3.998058E+00,nan
40:54.7,3.920100E+00,1.019902E+00,3.998116E+00,nan
40:55.7,3.920209E+00,1.019900E+00,3.998223E+00,nan
40:56.7,3.920278E+00,1.019897E+00,3.998279E+00,nan
40:57.7,3.920348E+00,1.019897E+00,3.998349E+00,nan
40:58.7,3.920449E+00,1.019902E+00,3.998473E+00,nan
40:59.7,3.920526E+00,1.019900E+00,3.998546E+00,nan
41:00.7,3.920620E+00,1.019898E+00,3.998632E+00,nan
41:01.7,3.920695E+00,1.019900E+00,3.998718E+00,nan
41:02.7,3.920806E+00,1.019897E+00,3.998817E+00,nan
41:03.7,3.920883E+00,1.019893E+00,3.998880E+00,nan
41:04.7,3.920989E+00,1.019898E+00,3.999008E+00,nan
41:05.7,3.921029E+00,1.019894E+00,3.999034E+00,nan
41:06.7,3.921106E+00,1.019890E+00,3.999098E+00,nan
41:07.7,3.921212E+00,1.019902E+00,3.999251E+00,nan
41:08.7,3.921301E+00,1.019903E+00,3.999347E+00,nan
41:09.7,3.921371E+00,1.019900E+00,3.999408E+00,nan
41:10.7,3.921462E+00,1.019900E+00,3.999501E+00,nan
41:11.7,3.921561E+00,1.019898E+00,3.999592E+00,nan
41:12.7,3.921628E+00,1.019894E+00,3.999646E+00,nan
41:13.7,3.921698E+00,1.019893E+00,3.999711E+00,nan
41:14.7,3.921787E+00,1.019898E+00,3.999822E+00,nan
41:15.7,3.921896E+00,1.019899E+00,3.999938E+00,nan
41:16.7,3.921960E+00,1.019897E+00,3.999994E+00,nan
41:17.7,3.922054E+00,1.019902E+00,4.000110E+00,nan
41:18.7,3.922141E+00,1.019900E+00,4.000193E+00,nan
41:19.7,3.922218E+00,1.019902E+00,4.000276E+00,nan
41:20.7,3.922339E+00,1.019900E+00,4.000395E+00,nan
41:21.7,3.922364E+00,1.019900E+00,4.000421E+00,nan
41:22.7,3.922458E+00,1.019899E+00,4.000512E+00,nan
41:23.7,3.922530E+00,1.019900E+00,4.000590E+00,nan
41:24.7,3.922626E+00,1.019905E+00,4.000708E+00,nan
41:25.7,3.922738E+00,1.019903E+00,4.000812E+00,nan
41:26.7,3.922805E+00,1.019904E+00,4.000885E+00,nan
41:27.7,3.922901E+00,1.019902E+00,4.000974E+00,nan
41:28.7,3.922981E+00,1.019904E+00,4.001064E+00,nan
41:29.7,3.923048E+00,1.019902E+00,4.001123E+00,nan
41:30.7,3.923149E+00,1.019894E+00,4.001197E+00,nan
41:31.7,3.923213E+00,1.019894E+00,4.001262E+00,nan
41:32.7,3.923280E+00,1.019893E+00,4.001326E+00,nan
41:33.7,3.923392E+00,1.019894E+00,4.001444E+00,nan
41:34.7,3.923471E+00,1.019892E+00,4.001515E+00,nan
41:35.7,3.923563E+00,1.019899E+00,4.001638E+00,nan
41:36.7,3.923647E+00,1.019899E+00,4.001724E+00,nan
41:37.7,3.923721E+00,1.019897E+00,4.001790E+00,nan
41:38.7,3.923825E+00,1.019899E+00,4.001906E+00,nan
41:39.7,3.923885E+00,1.019894E+00,4.001947E+00,nan
41:40.7,3.923974E+00,1.019898E+00,4.002053E+00,nan
41:41.7,3.924061E+00,1.019898E+00,4.002141E+00,nan
41:42.7,3.924160E+00,1.019900E+00,4.002252E+00,nan
41:43.7,3.924254E+00,1.019899E+00,4.002343E+00,nan
41:44.7,3.924311E+00,1.019898E+00,4.002396E+00,nan
41:45.7,3.924387E+00,1.019897E+00,4.002470E+00,nan
41:46.7,3.924452E+00,1.019897E+00,4.002535E+00,nan
41:47.7,3.924544E+00,1.019897E+00,4.002629E+00,nan
41:48.7,3.924630E+00,1.019898E+00,4.002722E+00,nan
41:49.7,3.924742E+00,1.019897E+00,4.002831E+00,nan
41:50.7,3.924809E+00,1.019899E+00,4.002909E+00,nan
41:51.7,3.924881E+00,1.019904E+00,4.003002E+00,nan
41:52.7,3.924952E+00,1.019897E+00,4.003046E+00,nan
41:53.7,3.925046E+00,1.019892E+00,4.003122E+00,nan
41:54.7,3.925121E+00,1.019894E+00,4.003208E+00,nan
41:55.7,3.925237E+00,1.019894E+00,4.003326E+00,nan
41:56.7,3.925311E+00,1.019894E+00,4.003402E+00,nan
41:57.7,3.925393E+00,1.019893E+00,4.003480E+00,nan
41:58.7,3.925450E+00,1.019895E+00,4.003548E+00,nan
41:59.7,3.925581E+00,1.019898E+00,4.003692E+00,nan
42:00.7,3.925604E+00,1.019905E+00,4.003745E+00,nan
42:01.7,3.925708E+00,1.019897E+00,4.003816E+00,nan
42:02.7,3.925814E+00,1.019889E+00,4.003895E+00,nan
42:03.7,3.925903E+00,1.019897E+00,4.004016E+00,nan
42:04.7,3.925995E+00,1.019898E+00,4.004114E+00,nan
42:05.7,3.926057E+00,1.019894E+00,4.004163E+00,nan
42:06.7,3.926136E+00,1.019899E+00,4.004263E+00,nan
42:07.7,3.926215E+00,1.019905E+00,4.004368E+00,nan
42:08.7,3.926305E+00,1.019898E+00,4.004429E+00,nan
42:09.7,3.926389E+00,1.019907E+00,4.004551E+00,nan
42:10.7,3.926483E+00,1.019903E+00,4.004631E+00,nan
42:11.7,3.926560E+00,1.019899E+00,4.004695E+00,nan
42:12.7,3.926609E+00,1.019889E+00,4.004706E+00,nan
42:13.7,3.926693E+00,1.019895E+00,4.004816E+00,nan
42:14.7,3.926778E+00,1.019894E+00,4.004898E+00,nan
42:15.7,3.926869E+00,1.019902E+00,4.005021E+00,nan
42:16.7,3.926973E+00,1.019898E+00,4.005112E+00,nan
42:17.7,3.927021E+00,1.019892E+00,4.005135E+00,nan
42:18.7,3.927137E+00,1.019902E+00,4.005293E+00,nan
42:19.7,3.927216E+00,1.019904E+00,4.005384E+00,nan
42:20.7,3.927290E+00,1.019897E+00,4.005430E+00,nan
42:21.7,3.927367E+00,1.019898E+00,4.005513E+00,nan
42:22.7,3.927494E+00,1.019900E+00,4.005652E+00,nan
42:23.7,3.927556E+00,1.019904E+00,4.005730E+00,nan
42:24.7,3.927617E+00,1.019899E+00,4.005773E+00,nan
42:25.7,3.927699E+00,1.019902E+00,4.005867E+00,nan
42:26.7,3.927771E+00,1.019905E+00,4.005955E+00,nan
42:27.7,3.927855E+00,1.019904E+00,4.006036E+00,nan
42:28.7,3.927957E+00,1.019899E+00,4.006120E+00,nan
42:29.7,3.928043E+00,1.019900E+00,4.006213E+00,nan
42:30.7,3.928118E+00,1.019903E+00,4.006299E+00,nan
42:31.7,3.928207E+00,1.019900E+00,4.006380E+00,nan
42:32.7,3.928279E+00,1.019900E+00,4.006453E+00,nan
42:33.7,3.928351E+00,1.019903E+00,4.006536E+00,nan
42:34.7,3.928460E+00,1.019903E+00,4.006648E+00,nan
42:35.7,3.928546E+00,1.019903E+00,4.006736E+00,nan
42:36.7,3.928611E+00,1.019897E+00,4.006777E+00,nan
42:37.7,3.928695E+00,1.019890E+00,4.006838E+00,nan
42:38.7,3.928792E+00,1.019905E+00,4.006996E+00,nan
42:39.7,3.928858E+00,1.019904E+00,4.007059E+00,nan
42:40.7,3.928913E+00,1.019903E+00,4.007110E+00,nan
42:41.7,3.929014E+00,1.019899E+00,4.007198E+00,nan
42:42.7,3.929084E+00,1.019893E+00,4.007244E+00,nan
42:43.7,3.929168E+00,1.019893E+00,4.007330E+00,nan
42:44.7,3.929257E+00,1.019885E+00,4.007391E+00,nan
42:45.7,3.929341E+00,1.019898E+00,4.007527E+00,nan
42:46.7,3.929450E+00,1.019892E+00,4.007613E+00,nan
42:47.7,3.929497E+00,1.019889E+00,4.007651E+00,nan
42:48.7,3.929567E+00,1.019893E+00,4.007737E+00,nan
42:49.7,3.929676E+00,1.019894E+00,4.007853E+00,nan
42:50.7,3.929760E+00,1.019895E+00,4.007944E+00,nan
42:51.7,3.929837E+00,1.019892E+00,4.008007E+00,nan
42:52.7,3.929943E+00,1.019893E+00,4.008121E+00,nan
42:53.7,3.930000E+00,1.019893E+00,4.008179E+00,nan
42:54.7,3.930060E+00,1.019892E+00,4.008234E+00,nan
42:55.7,3.930169E+00,1.019889E+00,4.008336E+00,nan
42:56.7,3.930233E+00,1.019894E+00,4.008422E+00,nan
42:57.7,3.930354E+00,1.019894E+00,4.008545E+00,nan
42:58.7,3.930416E+00,1.019892E+00,4.008598E+00,nan
42:59.7,3.930491E+00,1.019890E+00,4.008669E+00,nan
43:00.7,3.930565E+00,1.019899E+00,4.008780E+00,nan
43:01.7,3.930654E+00,1.019883E+00,4.008806E+00,nan
43:02.7,3.930758E+00,1.019892E+00,4.008947E+00,nan
43:03.7,3.930830E+00,1.019894E+00,4.009030E+00,nan
43:04.7,3.930912E+00,1.019895E+00,4.009119E+00,nan
43:05.7,3.931001E+00,1.019895E+00,4.009209E+00,nan
43:06.7,3.931070E+00,1.019897E+00,4.009285E+00,nan
43:07.7,3.931144E+00,1.019892E+00,4.009341E+00,nan
43:08.7,3.931276E+00,1.019885E+00,4.009450E+00,nan
43:09.7,3.931360E+00,1.019890E+00,4.009556E+00,nan
43:10.7,3.931397E+00,1.019889E+00,4.009589E+00,nan
43:11.7,3.931486E+00,1.019894E+00,4.009700E+00,nan
43:12.7,3.931566E+00,1.019893E+00,4.009775E+00,nan
43:13.7,3.931642E+00,1.019897E+00,4.009869E+00,nan
43:14.7,3.931727E+00,1.019897E+00,4.009955E+00,nan
43:15.7,3.931833E+00,1.019889E+00,4.010033E+00,nan
43:16.7,3.931905E+00,1.019895E+00,4.010132E+00,nan
43:17.7,3.931994E+00,1.019894E+00,4.010218E+00,nan
43:18.7,3.932061E+00,1.019892E+00,4.010276E+00,nan
43:19.7,3.932150E+00,1.019893E+00,4.010372E+00,nan
43:20.7,3.932232E+00,1.019904E+00,4.010500E+00,nan
43:21.7,3.932309E+00,1.019898E+00,4.010553E+00,nan
43:22.7,3.932393E+00,1.019895E+00,4.010629E+00,nan
43:23.7,3.932462E+00,1.019899E+00,4.010715E+00,nan
43:24.7,3.932539E+00,1.019902E+00,4.010803E+00,nan
43:25.7,3.932623E+00,1.019894E+00,4.010859E+00,nan
43:26.7,3.932735E+00,1.019895E+00,4.010978E+00,nan
43:27.7,3.932821E+00,1.019897E+00,4.011071E+00,nan
43:28.7,3.932908E+00,1.019902E+00,4.011179E+00,nan
43:29.7,3.932967E+00,1.019897E+00,4.011220E+00,nan
43:30.7,3.933059E+00,1.019894E+00,4.011304E+00,nan
43:31.7,3.933136E+00,1.019900E+00,4.011407E+00,nan
43:32.7,3.933200E+00,1.019893E+00,4.011443E+00,nan
43:33.7,3.933290E+00,1.019895E+00,4.011544E+00,nan
43:34.7,3.933352E+00,1.019894E+00,4.011602E+00,nan
43:35.7,3.933455E+00,1.019902E+00,4.011738E+00,nan
43:36.7,3.933537E+00,1.019899E+00,4.011811E+00,nan
43:37.7,3.933634E+00,1.019902E+00,4.011920E+00,nan
43:38.7,3.933683E+00,1.019904E+00,4.011980E+00,nan
43:39.7,3.933812E+00,1.019902E+00,4.012101E+00,nan
43:40.7,3.933834E+00,1.019899E+00,4.012114E+00,nan
43:41.7,3.933933E+00,1.019899E+00,4.012215E+00,nan
43:42.7,3.934003E+00,1.019902E+00,4.012296E+00,nan
43:43.7,3.934089E+00,1.019895E+00,4.012359E+00,nan
43:44.7,3.934206E+00,1.019899E+00,4.012493E+00,nan
43:45.7,3.934241E+00,1.019898E+00,4.012523E+00,nan
43:46.7,3.934342E+00,1.019897E+00,4.012622E+00,nan
43:47.7,3.934412E+00,1.019897E+00,4.012693E+00,nan
43:48.7,3.934515E+00,1.019903E+00,4.012824E+00,nan
43:49.7,3.934624E+00,1.019907E+00,4.012950E+00,nan
43:50.7,3.934699E+00,1.019903E+00,4.013011E+00,nan
43:51.7,3.934795E+00,1.019902E+00,4.013104E+00,nan
43:52.7,3.934840E+00,1.019898E+00,4.013135E+00,nan
43:53.7,3.934912E+00,1.019903E+00,4.013228E+00,nan
43:54.7,3.934999E+00,1.019907E+00,4.013332E+00,nan
43:55.7,3.935093E+00,1.019898E+00,4.013392E+00,nan
43:56.7,3.935155E+00,1.019902E+00,4.013471E+00,nan
43:57.7,3.935246E+00,1.019907E+00,4.013584E+00,nan
43:58.7,3.935340E+00,1.019905E+00,4.013675E+00,nan
43:59.7,3.935397E+00,1.019897E+00,4.013699E+00,nan
44:00.7,3.935479E+00,1.019902E+00,4.013802E+00,nan
44:01.7,3.935558E+00,1.019900E+00,4.013878E+00,nan
44:02.7,3.935628E+00,1.019904E+00,4.013963E+00,nan
44:03.7,3.935719E+00,1.019898E+00,4.014031E+00,nan
44:04.7,3.935799E+00,1.019900E+00,4.014123E+00,nan
44:05.7,3.935880E+00,1.019902E+00,4.014211E+00,nan
44:06.7,3.935972E+00,1.019899E+00,4.014294E+00,nan
44:07.7,3.936056E+00,1.019897E+00,4.014370E+00,nan
44:08.7,3.936126E+00,1.019892E+00,4.014421E+00,nan
44:09.7,3.936205E+00,1.019902E+00,4.014542E+00,nan
44:10.7,3.936289E+00,1.019894E+00,4.014598E+00,nan
44:11.7,3.936381E+00,1.019893E+00,4.014686E+00,nan
44:12.7,3.936452E+00,1.019893E+00,4.014759E+00,nan
44:13.7,3.936542E+00,1.019902E+00,4.014885E+00,nan
44:14.7,3.936616E+00,1.019895E+00,4.014936E+00,nan
44:15.7,3.936725E+00,1.019897E+00,4.015052E+00,nan
44:16.7,3.936812E+00,1.019904E+00,4.015171E+00,nan
44:17.7,3.936851E+00,1.019899E+00,4.015191E+00,nan
44:18.7,3.936963E+00,1.019899E+00,4.015305E+00,nan
44:19.7,3.937067E+00,1.019908E+00,4.015446E+00,nan
44:20.7,3.937134E+00,1.019898E+00,4.015474E+00,nan
44:21.7,3.937201E+00,1.019898E+00,4.015542E+00,nan
44:22.7,3.937275E+00,1.019895E+00,4.015608E+00,nan
44:23.7,3.937376E+00,1.019895E+00,4.015712E+00,nan
44:24.7,3.937453E+00,1.019895E+00,4.015790E+00,nan
44:25.7,3.937525E+00,1.019899E+00,4.015878E+00,nan
44:26.7,3.937604E+00,1.019899E+00,4.015959E+00,nan
44:27.7,3.937693E+00,1.019897E+00,4.016040E+00,nan
44:28.7,3.937768E+00,1.019897E+00,4.016116E+00,nan
44:29.7,3.937810E+00,1.019898E+00,4.016164E+00,nan
44:30.7,3.937907E+00,1.019889E+00,4.016228E+00,nan
44:31.7,3.938008E+00,1.019892E+00,4.016341E+00,nan
44:32.7,3.938077E+00,1.019900E+00,4.016447E+00,nan
44:33.7,3.938169E+00,1.019899E+00,4.016535E+00,nan
44:34.7,3.938280E+00,1.019895E+00,4.016634E+00,nan
44:35.7,3.938320E+00,1.019895E+00,4.016674E+00,nan
44:36.7,3.938432E+00,1.019893E+00,4.016778E+00,nan
44:37.7,3.938513E+00,1.019892E+00,4.016856E+00,nan
44:38.7,3.938600E+00,1.019902E+00,4.016985E+00,nan
44:39.7,3.938645E+00,1.019894E+00,4.017001E+00,nan
44:40.7,3.938736E+00,1.019900E+00,4.017119E+00,nan
44:41.7,3.938820E+00,1.019900E+00,4.017205E+00,nan
44:42.7,3.938868E+00,1.019900E+00,4.017253E+00,nan
44:43.7,3.938979E+00,1.019899E+00,4.017361E+00,nan
44:44.7,3.939073E+00,1.019900E+00,4.017462E+00,nan
44:45.7,3.939125E+00,1.019902E+00,4.017520E+00,nan
44:46.7,3.939236E+00,1.019904E+00,4.017644E+00,nan
44:47.7,3.939279E+00,1.019903E+00,4.017682E+00,nan
44:48.7,3.939365E+00,1.019899E+00,4.017755E+00,nan
44:49.7,3.939474E+00,1.019898E+00,4.017861E+00,nan
44:50.7,3.939514E+00,1.019894E+00,4.017887E+00,nan
44:51.7,3.939635E+00,1.019898E+00,4.018025E+00,nan
44:52.7,3.939700E+00,1.019898E+00,4.018091E+00,nan
44:53.7,3.939781E+00,1.019897E+00,4.018170E+00,nan
44:54.7,3.939843E+00,1.019897E+00,4.018233E+00,nan
44:55.7,3.939947E+00,1.019892E+00,4.018319E+00,nan
44:56.7,3.940004E+00,1.019895E+00,4.018392E+00,nan
44:57.7,3.940076E+00,1.019890E+00,4.018445E+00,nan
44:58.7,3.940156E+00,1.019894E+00,4.018541E+00,nan
44:59.7,3.940230E+00,1.019892E+00,4.018607E+00,nan
45:00.7,3.940331E+00,1.019903E+00,4.018755E+00,nan
45:01.7,3.940398E+00,1.019897E+00,4.018799E+00,nan
45:02.7,3.940500E+00,1.019890E+00,4.018878E+00,nan
45:03.7,3.940582E+00,1.019889E+00,4.018956E+00,nan
45:04.7,3.940658E+00,1.019890E+00,4.019039E+00,nan
45:05.7,3.940715E+00,1.019895E+00,4.019117E+00,nan
45:06.7,3.940834E+00,1.019892E+00,4.019223E+00,nan
45:07.7,3.940869E+00,1.019888E+00,4.019244E+00,nan
45:08.7,3.940965E+00,1.019886E+00,4.019337E+00,nan
45:09.7,3.941047E+00,1.019889E+00,4.019431E+00,nan
45:10.7,3.941126E+00,1.019894E+00,4.019532E+00,nan
45:11.7,3.941240E+00,1.019899E+00,4.019668E+00,nan
45:12.7,3.941324E+00,1.019897E+00,4.019744E+00,nan
45:13.7,3.941367E+00,1.019889E+00,4.019757E+00,nan
45:14.7,3.941433E+00,1.019890E+00,4.019830E+00,nan
45:15.7,3.941552E+00,1.019884E+00,4.019926E+00,nan
45:16.7,3.941617E+00,1.019888E+00,4.020007E+00,nan
45:17.7,3.941701E+00,1.019894E+00,4.020118E+00,nan
45:18.7,3.941768E+00,1.019884E+00,4.020146E+00,nan
45:19.7,3.941847E+00,1.019892E+00,4.020256E+00,nan
45:20.7,3.941924E+00,1.019894E+00,4.020345E+00,nan
45:21.7,3.942021E+00,1.019889E+00,4.020423E+00,nan
45:22.7,3.942110E+00,1.019893E+00,4.020529E+00,nan
45:23.7,3.942179E+00,1.019895E+00,4.020610E+00,nan
45:24.7,3.942251E+00,1.019904E+00,4.020718E+00,nan
45:25.7,3.942357E+00,1.019897E+00,4.020797E+00,nan
45:26.7,3.942429E+00,1.019895E+00,4.020865E+00,nan
45:27.7,3.942486E+00,1.019892E+00,4.020908E+00,nan
45:28.7,3.942593E+00,1.019897E+00,4.021037E+00,nan
45:29.7,3.942640E+00,1.019894E+00,4.021075E+00,nan
45:30.7,3.942751E+00,1.019899E+00,4.021208E+00,nan
45:31.7,3.942801E+00,1.019897E+00,4.021249E+00,nan
45:32.7,3.942907E+00,1.019904E+00,4.021387E+00,nan
45:33.7,3.942979E+00,1.019893E+00,4.021416E+00,nan
45:34.7,3.943051E+00,1.019895E+00,4.021499E+00,nan
45:35.7,3.943138E+00,1.019890E+00,4.021568E+00,nan
45:36.7,3.943257E+00,1.019889E+00,4.021684E+00,nan
45:37.7,3.943311E+00,1.019894E+00,4.021760E+00,nan
45:38.7,3.943410E+00,1.019890E+00,4.021846E+00,nan
45:39.7,3.943487E+00,1.019890E+00,4.021924E+00,nan
45:40.7,3.943539E+00,1.019895E+00,4.021997E+00,nan
45:41.7,3.943611E+00,1.019893E+00,4.022060E+00,nan
45:42.7,3.943687E+00,1.019902E+00,4.022173E+00,nan
45:43.7,3.943769E+00,1.019894E+00,4.022227E+00,nan
45:44.7,3.943871E+00,1.019890E+00,4.022316E+00,nan
45:45.7,3.943943E+00,1.019889E+00,4.022384E+00,nan
45:46.7,3.944037E+00,1.019893E+00,4.022495E+00,nan
45:47.7,3.944099E+00,1.019897E+00,4.022573E+00,nan
45:48.7,3.944165E+00,1.019899E+00,4.022651E+00,nan
45:49.7,3.944237E+00,1.019898E+00,4.022719E+00,nan
45:50.7,3.944302E+00,1.019898E+00,4.022785E+00,nan
45:51.7,3.944386E+00,1.019895E+00,4.022861E+00,nan
45:52.7,3.944463E+00,1.019895E+00,4.022939E+00,nan
45:53.7,3.944527E+00,1.019898E+00,4.023015E+00,nan
45:54.7,3.944654E+00,1.019894E+00,4.023129E+00,nan
45:55.7,3.944713E+00,1.019898E+00,4.023204E+00,nan
45:56.7,3.944802E+00,1.019900E+00,4.023305E+00,nan
45:57.7,3.944901E+00,1.019902E+00,4.023411E+00,nan
45:58.7,3.944948E+00,1.019897E+00,4.023439E+00,nan
45:59.7,3.945030E+00,1.019900E+00,4.023538E+00,nan
46:00.7,3.945127E+00,1.019904E+00,4.023651E+00,nan
46:01.7,3.945213E+00,1.019893E+00,4.023695E+00,nan
46:02.7,3.945255E+00,1.019897E+00,4.023753E+00,nan
46:03.7,3.945342E+00,1.019898E+00,4.023846E+00,nan
46:04.7,3.945431E+00,1.019894E+00,4.023922E+00,nan
46:05.7,3.945498E+00,1.019900E+00,4.024015E+00,nan
46:06.7,3.945605E+00,1.019898E+00,4.024113E+00,nan
46:07.7,3.945662E+00,1.019900E+00,4.024182E+00,nan
46:08.7,3.945731E+00,1.019890E+00,4.024213E+00,nan
46:09.7,3.945827E+00,1.019895E+00,4.024331E+00,nan
46:10.7,3.945907E+00,1.019895E+00,4.024412E+00,nan
46:11.7,3.945988E+00,1.019898E+00,4.024505E+00,nan
46:12.7,3.946065E+00,1.019890E+00,4.024554E+00,nan
46:13.7,3.946147E+00,1.019894E+00,4.024652E+00,nan
46:14.7,3.946209E+00,1.019900E+00,4.024740E+00,nan
46:15.7,3.946281E+00,1.019902E+00,4.024818E+00,nan
46:16.7,3.946442E+00,1.019902E+00,4.024983E+00,nan
46:17.7,3.946469E+00,1.019904E+00,4.025020E+00,nan
46:18.7,3.946533E+00,1.019903E+00,4.025081E+00,nan
46:19.7,3.946618E+00,1.019903E+00,4.025167E+00,nan
46:20.7,3.946675E+00,1.019897E+00,4.025200E+00,nan
46:21.7,3.946761E+00,1.019900E+00,4.025304E+00,nan
46:22.7,3.946831E+00,1.019898E+00,4.025364E+00,nan
46:23.7,3.946940E+00,1.019900E+00,4.025486E+00,nan
46:24.7,3.947006E+00,1.019898E+00,4.025543E+00,nan
46:25.7,3.947103E+00,1.019895E+00,4.025632E+00,nan
46:26.7,3.947180E+00,1.019894E+00,4.025705E+00,nan
46:27.7,3.947257E+00,1.019898E+00,4.025799E+00,nan
46:28.7,3.947326E+00,1.019893E+00,4.025849E+00,nan
46:29.7,3.947425E+00,1.019893E+00,4.025951E+00,nan
46:30.7,3.947495E+00,1.019894E+00,4.026026E+00,nan
46:31.7,3.947596E+00,1.019893E+00,4.026125E+00,nan
46:32.7,3.947678E+00,1.019899E+00,4.026233E+00,nan
46:33.7,3.947730E+00,1.019900E+00,4.026291E+00,nan
46:34.7,3.947821E+00,1.019894E+00,4.026360E+00,nan
46:35.7,3.947903E+00,1.019898E+00,4.026458E+00,nan
46:36.7,3.947968E+00,1.019888E+00,4.026484E+00,nan
46:37.7,3.948042E+00,1.019897E+00,4.026595E+00,nan
46:38.7,3.948106E+00,1.019897E+00,4.026660E+00,nan
46:39.7,3.948208E+00,1.019904E+00,4.026794E+00,nan
46:40.7,3.948260E+00,1.019894E+00,4.026807E+00,nan
46:41.7,3.948344E+00,1.019902E+00,4.026922E+00,nan
46:42.7,3.948413E+00,1.019895E+00,4.026968E+00,nan
46:43.7,3.948522E+00,1.019893E+00,4.027070E+00,nan
46:44.7,3.948629E+00,1.019902E+00,4.027213E+00,nan
46:45.7,3.948673E+00,1.019899E+00,4.027249E+00,nan
46:46.7,3.948738E+00,1.019899E+00,4.027314E+00,nan
46:47.7,3.948844E+00,1.019899E+00,4.027423E+00,nan
46:48.7,3.948946E+00,1.019894E+00,4.027507E+00,nan
46:49.7,3.948968E+00,1.019893E+00,4.027524E+00,nan
46:50.7,3.949065E+00,1.019894E+00,4.027628E+00,nan
46:51.7,3.949144E+00,1.019890E+00,4.027694E+00,nan
46:52.7,3.949231E+00,1.019893E+00,4.027792E+00,nan
46:53.7,3.949300E+00,1.019900E+00,4.027893E+00,nan
46:54.7,3.949384E+00,1.019895E+00,4.027959E+00,nan
46:55.7,3.949466E+00,1.019897E+00,4.028047E+00,nan
46:56.7,3.949558E+00,1.019899E+00,4.028151E+00,nan
46:57.7,3.949625E+00,1.019893E+00,4.028194E+00,nan
46:58.7,3.949709E+00,1.019899E+00,4.028304E+00,nan
46:59.7,3.949753E+00,1.019903E+00,4.028365E+00,nan
47:00.7,3.949870E+00,1.019905E+00,4.028494E+00,nan
47:01.7,3.949899E+00,1.019909E+00,4.028539E+00,nan
47:02.7,3.950013E+00,1.019899E+00,4.028615E+00,nan
47:03.7,3.950105E+00,1.019900E+00,4.028714E+00,nan
47:04.7,3.950135E+00,1.019900E+00,4.028744E+00,nan
47:05.7,3.950244E+00,1.019897E+00,4.028840E+00,nan
47:06.7,3.950353E+00,1.019890E+00,4.028927E+00,nan
47:07.7,3.950400E+00,1.019904E+00,4.029029E+00,nan
47:08.7,3.950482E+00,1.019899E+00,4.029093E+00,nan
47:09.7,3.950573E+00,1.019897E+00,4.029176E+00,nan
47:10.7,3.950635E+00,1.019895E+00,4.029234E+00,nan
47:11.7,3.950732E+00,1.019900E+00,4.029353E+00,nan
47:12.7,3.950794E+00,1.019897E+00,4.029401E+00,nan
47:13.7,3.950866E+00,1.019889E+00,4.029444E+00,nan
47:14.7,3.950945E+00,1.019898E+00,4.029560E+00,nan
47:15.7,3.951007E+00,1.019905E+00,4.029653E+00,nan
47:16.7,3.951091E+00,1.019898E+00,4.029709E+00,nan
47:17.7,3.951158E+00,1.019894E+00,4.029763E+00,nan
47:18.7,3.951240E+00,1.019894E+00,4.029846E+00,nan
47:19.7,3.951339E+00,1.019894E+00,4.029947E+00,nan
47:20.7,3.951391E+00,1.019893E+00,4.029995E+00,nan
47:21.7,3.951468E+00,1.019890E+00,4.030063E+00,nan
47:22.7,3.951542E+00,1.019902E+00,4.030184E+00,nan
47:23.7,3.951653E+00,1.019893E+00,4.030263E+00,nan
47:24.7,3.951695E+00,1.019900E+00,4.030336E+00,nan
47:25.7,3.951782E+00,1.019902E+00,4.030429E+00,nan
47:26.7,3.951854E+00,1.019900E+00,4.030497E+00,nan
47:27.7,3.951958E+00,1.019898E+00,4.030593E+00,nan
47:28.7,3.952015E+00,1.019900E+00,4.030662E+00,nan
47:29.7,3.952106E+00,1.019898E+00,4.030745E+00,nan
47:30.7,3.952193E+00,1.019897E+00,4.030828E+00,nan
47:31.7,3.952262E+00,1.019897E+00,4.030899E+00,nan
47:32.7,3.952339E+00,1.019900E+00,4.030992E+00,nan
47:33.7,3.952419E+00,1.019894E+00,4.031048E+00,nan
47:34.7,3.952515E+00,1.019903E+00,4.031182E+00,nan
47:35.7,3.952577E+00,1.019894E+00,4.031210E+00,nan
47:36.7,3.952654E+00,1.019892E+00,4.031278E+00,nan
47:37.7,3.952728E+00,1.019898E+00,4.031379E+00,nan
47:38.7,3.952802E+00,1.019898E+00,4.031455E+00,nan
47:39.7,3.952867E+00,1.019902E+00,4.031535E+00,nan
47:40.7,3.952963E+00,1.019897E+00,4.031614E+00,nan
47:41.7,3.953048E+00,1.019895E+00,4.031695E+00,nan
47:42.7,3.953137E+00,1.019893E+00,4.031776E+00,nan
47:43.7,3.953194E+00,1.019898E+00,4.031854E+00,nan
47:44.7,3.953283E+00,1.019894E+00,4.031930E+00,nan
47:45.7,3.953372E+00,1.019895E+00,4.032026E+00,nan
47:46.7,3.953434E+00,1.019894E+00,4.032084E+00,nan
47:47.7,3.953526E+00,1.019892E+00,4.032167E+00,nan
47:48.7,3.953600E+00,1.019890E+00,4.032238E+00,nan
47:49.7,3.953664E+00,1.019894E+00,4.032319E+00,nan
47:50.7,3.953749E+00,1.019897E+00,4.032415E+00,nan
47:51.7,3.953818E+00,1.019893E+00,4.032471E+00,nan
47:52.7,3.953892E+00,1.019898E+00,4.032566E+00,nan
47:53.7,3.953981E+00,1.019894E+00,4.032642E+00,nan
47:54.7,3.954053E+00,1.019895E+00,4.032720E+00,nan
47:55.7,3.954115E+00,1.019893E+00,4.032774E+00,nan
47:56.7,3.954192E+00,1.019886E+00,4.032827E+00,nan
47:57.7,3.954261E+00,1.019892E+00,4.032917E+00,nan
47:58.7,3.954343E+00,1.019890E+00,4.032996E+00,nan
47:59.7,3.954410E+00,1.019893E+00,4.033074E+00,nan
48:00.7,3.954487E+00,1.019893E+00,4.033153E+00,nan
48:01.7,3.954598E+00,1.019892E+00,4.033261E+00,nan
48:02.7,3.954638E+00,1.019895E+00,4.033317E+00,nan
48:03.7,3.954730E+00,1.019894E+00,4.033405E+00,nan
48:04.7,3.954831E+00,1.019893E+00,4.033504E+00,nan
48:05.7,3.954895E+00,1.019892E+00,4.033564E+00,nan
48:06.7,3.954945E+00,1.019900E+00,4.033650E+00,nan
48:07.7,3.955054E+00,1.019902E+00,4.033766E+00,nan
48:08.7,3.955121E+00,1.019893E+00,4.033799E+00,nan
48:09.7,3.955220E+00,1.019892E+00,4.033895E+00,nan
48:10.7,3.955287E+00,1.019889E+00,4.033953E+00,nan
48:11.7,3.955354E+00,1.019890E+00,4.034027E+00,nan
48:12.7,3.955431E+00,1.019890E+00,4.034105E+00,nan
48:13.7,3.955512E+00,1.019897E+00,4.034213E+00,nan
48:14.7,3.955572E+00,1.019895E+00,4.034269E+00,nan
48:15.7,3.955671E+00,1.019892E+00,4.034355E+00,nan
48:16.7,3.955740E+00,1.019890E+00,4.034421E+00,nan
48:17.7,3.955807E+00,1.019902E+00,4.034534E+00,nan
48:18.7,3.955916E+00,1.019894E+00,4.034615E+00,nan
48:19.7,3.955973E+00,1.019898E+00,4.034688E+00,nan
48:20.7,3.956037E+00,1.019903E+00,4.034774E+00,nan
48:21.7,3.956109E+00,1.019890E+00,4.034797E+00,nan
48:22.7,3.956193E+00,1.019900E+00,4.034923E+00,nan
48:23.7,3.956263E+00,1.019899E+00,4.034989E+00,nan
48:24.7,3.956364E+00,1.019899E+00,4.035092E+00,nan
48:25.7,3.956448E+00,1.019900E+00,4.035183E+00,nan
48:26.7,3.956518E+00,1.019900E+00,4.035254E+00,nan
48:27.7,3.956597E+00,1.019902E+00,4.035340E+00,nan
48:28.7,3.956671E+00,1.019894E+00,4.035386E+00,nan
48:29.7,3.956758E+00,1.019895E+00,4.035479E+00,nan
48:30.7,3.956805E+00,1.019897E+00,4.035532E+00,nan
48:31.7,3.956914E+00,1.019898E+00,4.035648E+00,nan
48:32.7,3.956979E+00,1.019904E+00,4.035739E+00,nan
48:33.7,3.957031E+00,1.019899E+00,4.035772E+00,nan
48:34.7,3.957097E+00,1.019903E+00,4.035855E+00,nan
48:35.7,3.957204E+00,1.019907E+00,4.035979E+00,nan
48:36.7,3.957258E+00,1.019900E+00,4.036010E+00,nan
48:37.7,3.957323E+00,1.019902E+00,4.036080E+00,nan
48:38.7,3.957412E+00,1.019903E+00,4.036176E+00,nan
48:39.7,3.957489E+00,1.019900E+00,4.036245E+00,nan
48:40.7,3.957566E+00,1.019904E+00,4.036337E+00,nan
48:41.7,3.957652E+00,1.019905E+00,4.036431E+00,nan
48:42.7,3.957714E+00,1.019900E+00,4.036474E+00,nan
48:43.7,3.957793E+00,1.019908E+00,4.036585E+00,nan
48:44.7,3.957878E+00,1.019908E+00,4.036671E+00,nan
48:45.7,3.957949E+00,1.019903E+00,4.036724E+00,nan
48:46.7,3.958039E+00,1.019907E+00,4.036830E+00,nan
48:47.7,3.958110E+00,1.019903E+00,4.036888E+00,nan
48:48.7,3.958180E+00,1.019897E+00,4.036934E+00,nan
48:49.7,3.958244E+00,1.019898E+00,4.037005E+00,nan
48:50.7,3.958336E+00,1.019898E+00,4.037098E+00,nan
48:51.7,3.958408E+00,1.019894E+00,4.037157E+00,nan
48:52.7,3.958497E+00,1.019894E+00,4.037248E+00,nan
48:53.7,3.958566E+00,1.019904E+00,4.037358E+00,nan
48:54.7,3.958636E+00,1.019900E+00,4.037414E+00,nan
48:55.7,3.958720E+00,1.019897E+00,4.037485E+00,nan
48:56.7,3.958789E+00,1.019894E+00,4.037546E+00,nan
48:57.7,3.958861E+00,1.019894E+00,4.037619E+00,nan
48:58.7,3.958972E+00,1.019895E+00,4.037737E+00,nan
48:59.7,3.959014E+00,1.019894E+00,4.037776E+00,nan
49:00.7,3.959116E+00,1.019894E+00,4.037879E+00,nan
49:01.7,3.959161E+00,1.019902E+00,4.037954E+00,nan
49:02.7,3.959255E+00,1.019897E+00,4.038031E+00,nan
49:03.7,3.959319E+00,1.019899E+00,4.038106E+00,nan
49:04.7,3.959406E+00,1.019892E+00,4.038164E+00,nan
49:05.7,3.959488E+00,1.019897E+00,4.038268E+00,nan
49:06.7,3.959545E+00,1.019892E+00,4.038306E+00,nan
49:07.7,3.959649E+00,1.019885E+00,4.038387E+00,nan
49:08.7,3.959718E+00,1.019890E+00,4.038478E+00,nan
49:09.7,3.959800E+00,1.019889E+00,4.038556E+00,nan
49:10.7,3.959847E+00,1.019892E+00,4.038614E+00,nan
49:11.7,3.959921E+00,1.019892E+00,4.038690E+00,nan
49:12.7,3.960013E+00,1.019893E+00,4.038788E+00,nan
49:13.7,3.960107E+00,1.019889E+00,4.038869E+00,nan
49:14.7,3.960198E+00,1.019890E+00,4.038968E+00,nan
49:15.7,3.960226E+00,1.019893E+00,4.039006E+00,nan
49:16.7,3.960295E+00,1.019893E+00,4.039076E+00,nan
49:17.7,3.960374E+00,1.019893E+00,4.039157E+00,nan
49:18.7,3.960473E+00,1.019899E+00,4.039283E+00,nan
49:19.7,3.960540E+00,1.019895E+00,4.039336E+00,nan
49:20.7,3.960632E+00,1.019897E+00,4.039435E+00,nan
49:21.7,3.960733E+00,1.019894E+00,4.039529E+00,nan
49:22.7,3.960763E+00,1.019890E+00,4.039544E+00,nan
49:23.7,3.960880E+00,1.019893E+00,4.039673E+00,nan
49:24.7,3.960966E+00,1.019902E+00,4.039796E+00,nan
49:25.7,3.960996E+00,1.019899E+00,4.039816E+00,nan
49:26.7,3.961102E+00,1.019894E+00,4.039905E+00,nan
49:27.7,3.961184E+00,1.019899E+00,4.040008E+00,nan
49:28.7,3.961241E+00,1.019893E+00,4.040041E+00,nan
49:29.7,3.961313E+00,1.019893E+00,4.040115E+00,nan
49:30.7,3.961370E+00,1.019893E+00,4.040173E+00,nan
49:31.7,3.961491E+00,1.019889E+00,4.040281E+00,nan
49:32.7,3.961543E+00,1.019886E+00,4.040325E+00,nan
49:33.7,3.961630E+00,1.019884E+00,4.040403E+00,nan
49:34.7,3.961699E+00,1.019890E+00,4.040499E+00,nan
49:35.7,3.961803E+00,1.019884E+00,4.040580E+00,nan
49:36.7,3.961833E+00,1.019890E+00,4.040635E+00,nan
49:37.7,3.961910E+00,1.019886E+00,4.040699E+00,nan
49:38.7,3.962017E+00,1.019884E+00,4.040797E+00,nan
49:39.7,3.962069E+00,1.019881E+00,4.040840E+00,nan
49:40.7,3.962118E+00,1.019881E+00,4.040890E+00,nan
49:41.7,3.962205E+00,1.019890E+00,4.041014E+00,nan
49:42.7,3.962284E+00,1.019893E+00,4.041105E+00,nan
49:43.7,3.962358E+00,1.019890E+00,4.041171E+00,nan
49:44.7,3.962428E+00,1.019892E+00,4.041246E+00,nan
49:45.7,3.962495E+00,1.019895E+00,4.041330E+00,nan
49:46.7,3.962591E+00,1.019893E+00,4.041418E+00,nan
49:47.7,3.962683E+00,1.019889E+00,4.041497E+00,nan
49:48.7,3.962737E+00,1.019897E+00,4.041582E+00,nan
49:49.7,3.962849E+00,1.019898E+00,4.041701E+00,nan
49:50.7,3.962923E+00,1.019892E+00,4.041752E+00,nan
49:51.7,3.962977E+00,1.019894E+00,4.041817E+00,nan
49:52.7,3.963049E+00,1.019897E+00,4.041901E+00,nan
49:53.7,3.963116E+00,1.019898E+00,4.041974E+00,nan
49:54.7,3.963223E+00,1.019900E+00,4.042093E+00,nan
49:55.7,3.963275E+00,1.019898E+00,4.042135E+00,nan
49:56.7,3.963381E+00,1.019888E+00,4.042204E+00,nan
49:57.7,3.963433E+00,1.019888E+00,4.042257E+00,nan
49:58.7,3.963527E+00,1.019892E+00,4.042368E+00,nan
49:59.7,3.963594E+00,1.019890E+00,4.042431E+00,nan
50:00.7,3.963651E+00,1.019885E+00,4.042469E+00,nan
50:01.7,3.963738E+00,1.019899E+00,4.042613E+00,nan
50:02.7,3.963842E+00,1.019898E+00,4.042714E+00,nan
50:03.7,3.963881E+00,1.019893E+00,4.042734E+00,nan
50:04.7,3.963968E+00,1.019894E+00,4.042828E+00,nan
50:05.7,3.964075E+00,1.019889E+00,4.042916E+00,nan
50:06.7,3.964095E+00,1.019886E+00,4.042927E+00,nan
50:07.7,3.964179E+00,1.019881E+00,4.042992E+00,nan
50:08.7,3.964236E+00,1.019884E+00,4.043061E+00,nan
50:09.7,3.964327E+00,1.019892E+00,4.043184E+00,nan
50:10.7,3.964422E+00,1.019890E+00,4.043275E+00,nan
50:11.7,3.964486E+00,1.019895E+00,4.043361E+00,nan
50:12.7,3.964550E+00,1.019888E+00,4.043396E+00,nan
50:13.7,3.964649E+00,1.019893E+00,4.043517E+00,nan
50:14.7,3.964719E+00,1.019897E+00,4.043603E+00,nan
50:15.7,3.964781E+00,1.019893E+00,4.043651E+00,nan
50:16.7,3.964882E+00,1.019897E+00,4.043770E+00,nan
50:17.7,3.964929E+00,1.019892E+00,4.043798E+00,nan
50:18.7,3.965016E+00,1.019895E+00,4.043901E+00,nan
50:19.7,3.965093E+00,1.019897E+00,4.043985E+00,nan
50:20.7,3.965172E+00,1.019900E+00,4.044081E+00,nan
50:21.7,3.965236E+00,1.019893E+00,4.044116E+00,nan
50:22.7,3.965316E+00,1.019897E+00,4.044212E+00,nan
50:23.7,3.965410E+00,1.019895E+00,4.044303E+00,nan
50:24.7,3.965467E+00,1.019890E+00,4.044341E+00,nan
50:25.7,3.965541E+00,1.019898E+00,4.044447E+00,nan
50:26.7,3.965620E+00,1.019900E+00,4.044538E+00,nan
50:27.7,3.965695E+00,1.019894E+00,4.044589E+00,nan
50:28.7,3.965754E+00,1.019899E+00,4.044669E+00,nan
50:29.7,3.965841E+00,1.019892E+00,4.044727E+00,nan
50:30.7,3.965898E+00,1.019899E+00,4.044816E+00,nan
50:31.7,3.965970E+00,1.019890E+00,4.044854E+00,nan
50:32.7,3.966039E+00,1.019886E+00,4.044910E+00,nan
50:33.7,3.966143E+00,1.019893E+00,4.045041E+00,nan
50:34.7,3.966225E+00,1.019895E+00,4.045134E+00,nan
50:35.7,3.966279E+00,1.019892E+00,4.045175E+00,nan
50:36.7,3.966344E+00,1.019895E+00,4.045255E+00,nan
50:37.7,3.966438E+00,1.019892E+00,4.045336E+00,nan
50:38.7,3.966500E+00,1.019888E+00,4.045385E+00,nan
50:39.7,3.966576E+00,1.019890E+00,4.045473E+00,nan
50:40.7,3.966666E+00,1.019892E+00,4.045568E+00,nan
50:41.7,3.966733E+00,1.019895E+00,4.045652E+00,nan
50:42.7,3.966822E+00,1.019895E+00,4.045743E+00,nan
50:43.7,3.966869E+00,1.019890E+00,4.045771E+00,nan
50:44.7,3.966980E+00,1.019886E+00,4.045870E+00,nan
50:45.7,3.967022E+00,1.019890E+00,4.045927E+00,nan
50:46.7,3.967087E+00,1.019889E+00,4.045988E+00,nan
50:47.7,3.967186E+00,1.019893E+00,4.046104E+00,nan
50:48.7,3.967263E+00,1.019888E+00,4.046163E+00,nan
50:49.7,3.967319E+00,1.019886E+00,4.046216E+00,nan
50:50.7,3.967399E+00,1.019881E+00,4.046276E+00,nan
50:51.7,3.967500E+00,1.019897E+00,4.046440E+00,nan
50:52.7,3.967540E+00,1.019886E+00,4.046440E+00,nan
50:53.7,3.967619E+00,1.019894E+00,4.046551E+00,nan
50:54.7,3.967701E+00,1.019894E+00,4.046635E+00,nan
50:55.7,3.967773E+00,1.019893E+00,4.046703E+00,nan
50:56.7,3.967874E+00,1.019897E+00,4.046822E+00,nan
50:57.7,3.967921E+00,1.019888E+00,4.046835E+00,nan
50:58.7,3.968018E+00,1.019881E+00,4.046908E+00,nan
50:59.7,3.968080E+00,1.019889E+00,4.047001E+00,nan
51:00.7,3.968174E+00,1.019889E+00,4.047097E+00,nan
51:01.7,3.968226E+00,1.019889E+00,4.047150E+00,nan
51:02.7,3.968288E+00,1.019889E+00,4.047213E+00,nan
51:03.7,3.968397E+00,1.019883E+00,4.047299E+00,nan
51:04.7,3.968454E+00,1.019881E+00,4.047352E+00,nan
51:05.7,3.968531E+00,1.019884E+00,4.047441E+00,nan
51:06.7,3.968575E+00,1.019880E+00,4.047471E+00,nan
51:07.7,3.968682E+00,1.019889E+00,4.047615E+00,nan
51:08.7,3.968766E+00,1.019884E+00,4.047681E+00,nan
51:09.7,3.968825E+00,1.019890E+00,4.047767E+00,nan
51:10.7,3.968910E+00,1.019883E+00,4.047822E+00,nan
51:11.7,3.968996E+00,1.019888E+00,4.047931E+00,nan
51:12.7,3.969038E+00,1.019890E+00,4.047984E+00,nan
51:13.7,3.969108E+00,1.019897E+00,4.048080E+00,nan
51:14.7,3.969204E+00,1.019899E+00,4.048188E+00,nan
51:15.7,3.969276E+00,1.019889E+00,4.048221E+00,nan
51:16.7,3.969365E+00,1.019894E+00,4.048332E+00,nan
51:17.7,3.969432E+00,1.019893E+00,4.048396E+00,nan
51:18.7,3.969497E+00,1.019884E+00,4.048426E+00,nan
51:19.7,3.969556E+00,1.019893E+00,4.048522E+00,nan
51:20.7,3.969635E+00,1.019889E+00,4.048588E+00,nan
51:21.7,3.969702E+00,1.019885E+00,4.048640E+00,nan
51:22.7,3.969782E+00,1.019886E+00,4.048727E+00,nan
51:23.7,3.969891E+00,1.019892E+00,4.048858E+00,nan
51:24.7,3.969943E+00,1.019885E+00,4.048886E+00,nan
51:25.7,3.970022E+00,1.019895E+00,4.049007E+00,nan
51:26.7,3.970114E+00,1.019892E+00,4.049085E+00,nan
51:27.7,3.970180E+00,1.019894E+00,4.049164E+00,nan
51:28.7,3.970245E+00,1.019900E+00,4.049254E+00,nan
51:29.7,3.970294E+00,1.019898E+00,4.049294E+00,nan
51:30.7,3.970391E+00,1.019886E+00,4.049348E+00,nan
51:31.7,3.970450E+00,1.019888E+00,4.049414E+00,nan
51:32.7,3.970542E+00,1.019893E+00,4.049527E+00,nan
51:33.7,3.970619E+00,1.019898E+00,4.049625E+00,nan
51:34.7,3.970681E+00,1.019889E+00,4.049654E+00,nan
51:35.7,3.970757E+00,1.019889E+00,4.049732E+00,nan
51:36.7,3.970854E+00,1.019890E+00,4.049836E+00,nan
51:37.7,3.970928E+00,1.019899E+00,4.049946E+00,nan
51:38.7,3.970980E+00,1.019895E+00,4.049984E+00,nan
51:39.7,3.971042E+00,1.019895E+00,4.050047E+00,nan
51:40.7,3.971134E+00,1.019899E+00,4.050156E+00,nan
51:41.7,3.971208E+00,1.019899E+00,4.050232E+00,nan
51:42.7,3.971295E+00,1.019895E+00,4.050305E+00,nan
51:43.7,3.971364E+00,1.019888E+00,4.050346E+00,nan
51:44.7,3.971456E+00,1.019895E+00,4.050469E+00,nan
51:45.7,3.971528E+00,1.019886E+00,4.050508E+00,nan
51:46.7,3.971585E+00,1.019894E+00,4.050596E+00,nan
51:47.7,3.971664E+00,1.019894E+00,4.050677E+00,nan
51:48.7,3.971721E+00,1.019892E+00,4.050724E+00,nan
51:49.7,3.971825E+00,1.019889E+00,4.050820E+00,nan
51:50.7,3.971862E+00,1.019892E+00,4.050868E+00,nan
51:51.7,3.971976E+00,1.019894E+00,4.050995E+00,nan
51:52.7,3.972063E+00,1.019892E+00,4.051073E+00,nan
51:53.7,3.972110E+00,1.019892E+00,4.051121E+00,nan
51:54.7,3.972224E+00,1.019893E+00,4.051242E+00,nan
51:55.7,3.972256E+00,1.019892E+00,4.051270E+00,nan
51:56.7,3.972318E+00,1.019902E+00,4.051374E+00,nan
51:57.7,3.972400E+00,1.019892E+00,4.051417E+00,nan
51:58.7,3.972454E+00,1.019898E+00,4.051497E+00,nan
51:59.7,3.972558E+00,1.019908E+00,4.051644E+00,nan
52:00.7,3.972637E+00,1.019898E+00,4.051684E+00,nan
52:01.7,3.972687E+00,1.019897E+00,4.051730E+00,nan
52:02.7,3.972764E+00,1.019895E+00,4.051803E+00,nan
52:03.7,3.972848E+00,1.019898E+00,4.051899E+00,nan
52:04.7,3.972920E+00,1.019893E+00,4.051952E+00,nan
52:05.7,3.973024E+00,1.019902E+00,4.052094E+00,nan
52:06.7,3.973066E+00,1.019902E+00,4.052136E+00,nan
52:07.7,3.973153E+00,1.019894E+00,4.052195E+00,nan
52:08.7,3.973239E+00,1.019900E+00,4.052308E+00,nan
52:09.7,3.973294E+00,1.019897E+00,4.052349E+00,nan
52:10.7,3.973373E+00,1.019889E+00,4.052399E+00,nan
52:11.7,3.973467E+00,1.019898E+00,4.052530E+00,nan
52:12.7,3.973502E+00,1.019890E+00,4.052536E+00,nan
52:13.7,3.973566E+00,1.019892E+00,4.052606E+00,nan
52:14.7,3.973663E+00,1.019894E+00,4.052715E+00,nan
52:15.7,3.973740E+00,1.019893E+00,4.052788E+00,nan
52:16.7,3.973806E+00,1.019899E+00,4.052882E+00,nan
52:17.7,3.973911E+00,1.019905E+00,4.053013E+00,nan
52:18.7,3.973975E+00,1.019899E+00,4.053054E+00,nan
52:19.7,3.974025E+00,1.019898E+00,4.053099E+00,nan
52:20.7,3.974116E+00,1.019895E+00,4.053182E+00,nan
52:21.7,3.974200E+00,1.019888E+00,4.053238E+00,nan
52:22.7,3.974265E+00,1.019890E+00,4.053314E+00,nan
52:23.7,3.974322E+00,1.019895E+00,4.053392E+00,nan
52:24.7,3.974406E+00,1.019897E+00,4.053483E+00,nan
52:25.7,3.974488E+00,1.019895E+00,4.053561E+00,nan
52:26.7,3.974542E+00,1.019890E+00,4.053597E+00,nan
52:27.7,3.974619E+00,1.019893E+00,4.053685E+00,nan
52:28.7,3.974683E+00,1.019894E+00,4.053756E+00,nan
52:29.7,3.974758E+00,1.019895E+00,4.053837E+00,nan
52:30.7,3.974859E+00,1.019897E+00,4.053946E+00,nan
52:31.7,3.974914E+00,1.019894E+00,4.053991E+00,nan
52:32.7,3.974985E+00,1.019902E+00,4.054094E+00,nan
52:33.7,3.975060E+00,1.019895E+00,4.054145E+00,nan
52:34.7,3.975139E+00,1.019886E+00,4.054191E+00,nan
52:35.7,3.975221E+00,1.019897E+00,4.054314E+00,nan
52:36.7,3.975280E+00,1.019893E+00,4.054360E+00,nan
52:37.7,3.975357E+00,1.019892E+00,4.054433E+00,nan
52:38.7,3.975407E+00,1.019888E+00,4.054469E+00,nan
52:39.7,3.975488E+00,1.019889E+00,4.054557E+00,nan
52:40.7,3.975570E+00,1.019889E+00,4.054640E+00,nan
52:41.7,3.975649E+00,1.019889E+00,4.054721E+00,nan
52:42.7,3.975699E+00,1.019888E+00,4.054767E+00,nan
52:43.7,3.975788E+00,1.019890E+00,4.054868E+00,nan
52:44.7,3.975865E+00,1.019898E+00,4.054976E+00,nan
52:45.7,3.975942E+00,1.019893E+00,4.055034E+00,nan
52:46.7,3.976018E+00,1.019889E+00,4.055097E+00,nan
52:47.7,3.976075E+00,1.019893E+00,4.055171E+00,nan
52:48.7,3.976165E+00,1.019890E+00,4.055252E+00,nan
52:49.7,3.976224E+00,1.019892E+00,4.055317E+00,nan
52:50.7,3.976303E+00,1.019894E+00,4.055408E+00,nan
52:51.7,3.976392E+00,1.019897E+00,4.055509E+00,nan
52:52.7,3.976447E+00,1.019892E+00,4.055544E+00,nan
52:53.7,3.976531E+00,1.019893E+00,4.055635E+00,nan
52:54.7,3.976603E+00,1.019897E+00,4.055724E+00,nan
52:55.7,3.976680E+00,1.019894E+00,4.055792E+00,nan
52:56.7,3.976749E+00,1.019893E+00,4.055858E+00,nan
52:57.7,3.976836E+00,1.019899E+00,4.055971E+00,nan
52:58.7,3.976902E+00,1.019883E+00,4.055974E+00,nan
52:59.7,3.976967E+00,1.019889E+00,4.056065E+00,nan
53:00.7,3.977066E+00,1.019894E+00,4.056186E+00,nan
53:01.7,3.977116E+00,1.019881E+00,4.056186E+00,nan
53:02.7,3.977202E+00,1.019892E+00,4.056315E+00,nan
53:03.7,3.977257E+00,1.019886E+00,4.056350E+00,nan
53:04.7,3.977339E+00,1.019883E+00,4.056419E+00,nan
53:05.7,3.977403E+00,1.019898E+00,4.056545E+00,nan
53:06.7,3.977467E+00,1.019894E+00,4.056596E+00,nan
53:07.7,3.977561E+00,1.019897E+00,4.056702E+00,nan
53:08.7,3.977631E+00,1.019897E+00,4.056772E+00,nan
53:09.7,3.977698E+00,1.019893E+00,4.056825E+00,nan
53:10.7,3.977809E+00,1.019889E+00,4.056924E+00,nan
53:11.7,3.977846E+00,1.019892E+00,4.056972E+00,nan
53:12.7,3.977950E+00,1.019894E+00,4.057088E+00,nan
53:13.7,3.978012E+00,1.019886E+00,4.057121E+00,nan
53:14.7,3.978129E+00,1.019893E+00,4.057265E+00,nan
53:15.7,3.978156E+00,1.019893E+00,4.057293E+00,nan
53:16.7,3.978220E+00,1.019888E+00,4.057338E+00,nan
53:17.7,3.978314E+00,1.019889E+00,4.057439E+00,nan
53:18.7,3.978379E+00,1.019890E+00,4.057510E+00,nan
53:19.7,3.978448E+00,1.019890E+00,4.057581E+00,nan
53:20.7,3.978515E+00,1.019888E+00,4.057639E+00,nan
53:21.7,3.978621E+00,1.019890E+00,4.057757E+00,nan
53:22.7,3.978649E+00,1.019885E+00,4.057765E+00,nan
53:23.7,3.978730E+00,1.019889E+00,4.057863E+00,nan
53:24.7,3.978825E+00,1.019895E+00,4.057985E+00,nan
53:25.7,3.978892E+00,1.019885E+00,4.058013E+00,nan
53:26.7,3.978971E+00,1.019888E+00,4.058104E+00,nan
53:27.7,3.979070E+00,1.019884E+00,4.058190E+00,nan
53:28.7,3.979124E+00,1.019889E+00,4.058265E+00,nan
53:29.7,3.979204E+00,1.019889E+00,4.058346E+00,nan
53:30.7,3.979261E+00,1.019889E+00,4.058404E+00,nan
53:31.7,3.979345E+00,1.019890E+00,4.058495E+00,nan
53:32.7,3.979412E+00,1.019898E+00,4.058593E+00,nan
53:33.7,3.979484E+00,1.019890E+00,4.058637E+00,nan
53:34.7,3.979545E+00,1.019893E+00,4.058710E+00,nan
53:35.7,3.979659E+00,1.019889E+00,4.058811E+00,nan
53:36.7,3.979709E+00,1.019890E+00,4.058867E+00,nan
53:37.7,3.979786E+00,1.019893E+00,4.058955E+00,nan
53:38.7,3.979840E+00,1.019894E+00,4.059016E+00,nan
53:39.7,3.979944E+00,1.019883E+00,4.059076E+00,nan
53:40.7,3.980014E+00,1.019888E+00,4.059167E+00,nan
53:41.7,3.980051E+00,1.019893E+00,4.059225E+00,nan
53:42.7,3.980160E+00,1.019894E+00,4.059342E+00,nan
53:43.7,3.980227E+00,1.019885E+00,4.059374E+00,nan
53:44.7,3.980316E+00,1.019889E+00,4.059480E+00,nan
53:45.7,3.980400E+00,1.019888E+00,4.059561E+00,nan
53:46.7,3.980437E+00,1.019886E+00,4.059594E+00,nan
53:47.7,3.980514E+00,1.019885E+00,4.059667E+00,nan
53:48.7,3.980603E+00,1.019893E+00,4.059788E+00,nan
53:49.7,3.980645E+00,1.019886E+00,4.059806E+00,nan
53:50.7,3.980722E+00,1.019890E+00,4.059900E+00,nan
53:51.7,3.980801E+00,1.019889E+00,4.059975E+00,nan
53:52.7,3.980868E+00,1.019890E+00,4.060049E+00,nan
53:53.7,3.980957E+00,1.019886E+00,4.060125E+00,nan
53:54.7,3.981032E+00,1.019885E+00,4.060195E+00,nan
53:55.7,3.981079E+00,1.019875E+00,4.060203E+00,nan
53:56.7,3.981173E+00,1.019883E+00,4.060329E+00,nan
53:57.7,3.981227E+00,1.019890E+00,4.060415E+00,nan
53:58.7,3.981304E+00,1.019880E+00,4.060453E+00,nan
53:59.7,3.981383E+00,1.019885E+00,4.060554E+00,nan
54:00.7,3.981482E+00,1.019885E+00,4.060655E+00,nan
54:01.7,3.981529E+00,1.019886E+00,4.060708E+00,nan
54:02.7,3.981631E+00,1.019890E+00,4.060827E+00,nan
54:03.7,3.981690E+00,1.019886E+00,4.060872E+00,nan
54:04.7,3.981750E+00,1.019889E+00,4.060943E+00,nan
54:05.7,3.981827E+00,1.019889E+00,4.061021E+00,nan
54:06.7,3.981911E+00,1.019884E+00,4.061087E+00,nan
54:07.7,3.981970E+00,1.019889E+00,4.061168E+00,nan
54:08.7,3.982030E+00,1.019888E+00,4.061224E+00,nan
54:09.7,3.982111E+00,1.019880E+00,4.061277E+00,nan
54:10.7,3.982173E+00,1.019889E+00,4.061375E+00,nan
54:11.7,3.982277E+00,1.019886E+00,4.061471E+00,nan
54:12.7,3.982339E+00,1.019878E+00,4.061499E+00,nan
54:13.7,3.982424E+00,1.019889E+00,4.061630E+00,nan
54:14.7,3.982483E+00,1.019880E+00,4.061655E+00,nan
54:15.7,3.982548E+00,1.019881E+00,4.061726E+00,nan
54:16.7,3.982646E+00,1.019880E+00,4.061822E+00,nan
54:17.7,3.982711E+00,1.019883E+00,4.061898E+00,nan
54:18.7,3.982778E+00,1.019886E+00,4.061981E+00,nan
54:19.7,3.982894E+00,1.019883E+00,4.062085E+00,nan
54:20.7,3.982907E+00,1.019880E+00,4.062087E+00,nan
54:21.7,3.982978E+00,1.019885E+00,4.062181E+00,nan
54:22.7,3.983045E+00,1.019883E+00,4.062239E+00,nan
54:23.7,3.983119E+00,1.019880E+00,4.062305E+00,nan
54:24.7,3.983206E+00,1.019881E+00,4.062398E+00,nan
54:25.7,3.983283E+00,1.019888E+00,4.062502E+00,nan
54:26.7,3.983352E+00,1.019888E+00,4.062573E+00,nan
54:27.7,3.983437E+00,1.019883E+00,4.062638E+00,nan
54:28.7,3.983508E+00,1.019881E+00,4.062706E+00,nan
54:29.7,3.983590E+00,1.019884E+00,4.062800E+00,nan
54:30.7,3.983679E+00,1.019890E+00,4.062916E+00,nan
54:31.7,3.983724E+00,1.019884E+00,4.062936E+00,nan
54:32.7,3.983796E+00,1.019879E+00,4.062989E+00,nan
54:33.7,3.983882E+00,1.019889E+00,4.063118E+00,nan
54:34.7,3.983944E+00,1.019892E+00,4.063191E+00,nan
54:35.7,3.984029E+00,1.019890E+00,4.063272E+00,nan
54:36.7,3.984073E+00,1.019889E+00,4.063312E+00,nan
54:37.7,3.984167E+00,1.019894E+00,4.063429E+00,nan
54:38.7,3.984224E+00,1.019885E+00,4.063451E+00,nan
54:39.7,3.984343E+00,1.019894E+00,4.063608E+00,nan
54:40.7,3.984383E+00,1.019895E+00,4.063653E+00,nan
54:41.7,3.984462E+00,1.019894E+00,4.063729E+00,nan
54:42.7,3.984502E+00,1.019888E+00,4.063745E+00,nan
54:43.7,3.984598E+00,1.019889E+00,4.063848E+00,nan
54:44.7,3.984663E+00,1.019898E+00,4.063949E+00,nan
54:45.7,3.984757E+00,1.019895E+00,4.064035E+00,nan
54:46.7,3.984797E+00,1.019889E+00,4.064050E+00,nan
54:47.7,3.984866E+00,1.019894E+00,4.064141E+00,nan
54:48.7,3.984970E+00,1.019886E+00,4.064217E+00,nan
54:49.7,3.985032E+00,1.019890E+00,4.064295E+00,nan
54:50.7,3.985096E+00,1.019889E+00,4.064356E+00,nan
54:51.7,3.985173E+00,1.019886E+00,4.064424E+00,nan
54:52.7,3.985270E+00,1.019884E+00,4.064513E+00,nan
54:53.7,3.985336E+00,1.019893E+00,4.064616E+00,nan
54:54.7,3.985398E+00,1.019893E+00,4.064679E+00,nan
54:55.7,3.985478E+00,1.019897E+00,4.064775E+00,nan
54:56.7,3.985549E+00,1.019894E+00,4.064838E+00,nan
54:57.7,3.985616E+00,1.019895E+00,4.064911E+00,nan
54:58.7,3.985710E+00,1.019892E+00,4.064992E+00,nan
54:59.7,3.985810E+00,1.019892E+00,4.065093E+00,nan
55:00.7,3.985847E+00,1.019886E+00,4.065111E+00,nan
55:01.7,3.985946E+00,1.019893E+00,4.065237E+00,nan
55:02.7,3.985978E+00,1.019888E+00,4.065250E+00,nan
55:03.7,3.986037E+00,1.019883E+00,4.065290E+00,nan
55:04.7,3.986141E+00,1.019886E+00,4.065412E+00,nan
55:05.7,3.986186E+00,1.019881E+00,4.065437E+00,nan
55:06.7,3.986310E+00,1.019884E+00,4.065574E+00,nan
55:07.7,3.986345E+00,1.019884E+00,4.065609E+00,nan
55:08.7,3.986402E+00,1.019889E+00,4.065687E+00,nan
55:09.7,3.986491E+00,1.019894E+00,4.065798E+00,nan
55:10.7,3.986577E+00,1.019899E+00,4.065907E+00,nan
55:11.7,3.986637E+00,1.019892E+00,4.065937E+00,nan
55:12.7,3.986701E+00,1.019890E+00,4.065998E+00,nan
55:13.7,3.986761E+00,1.019885E+00,4.066038E+00,nan
55:14.7,3.986884E+00,1.019884E+00,4.066160E+00,nan
55:15.7,3.986932E+00,1.019883E+00,4.066202E+00,nan
55:16.7,3.987018E+00,1.019893E+00,4.066331E+00,nan
55:17.7,3.987075E+00,1.019885E+00,4.066359E+00,nan
55:18.7,3.987169E+00,1.019881E+00,4.066440E+00,nan
55:19.7,3.987214E+00,1.019889E+00,4.066516E+00,nan
55:20.7,3.987313E+00,1.019897E+00,4.066647E+00,nan
55:21.7,3.987392E+00,1.019888E+00,4.066693E+00,nan
55:22.7,3.987437E+00,1.019892E+00,4.066753E+00,nan
55:23.7,3.987491E+00,1.019886E+00,4.066789E+00,nan
55:24.7,3.987578E+00,1.019884E+00,4.066867E+00,nan
55:25.7,3.987670E+00,1.019888E+00,4.066976E+00,nan
55:26.7,3.987751E+00,1.019897E+00,4.067094E+00,nan
55:27.7,3.987808E+00,1.019898E+00,4.067157E+00,nan
55:28.7,3.987880E+00,1.019902E+00,4.067246E+00,nan
55:29.7,3.987947E+00,1.019890E+00,4.067268E+00,nan
55:30.7,3.988034E+00,1.019893E+00,4.067367E+00,nan
55:31.7,3.988093E+00,1.019892E+00,4.067422E+00,nan
55:32.7,3.988197E+00,1.019897E+00,4.067549E+00,nan
55:33.7,3.988259E+00,1.019897E+00,4.067612E+00,nan
55:34.7,3.988321E+00,1.019899E+00,4.067685E+00,nan
55:35.7,3.988393E+00,1.019902E+00,4.067768E+00,nan
55:36.7,3.988472E+00,1.019895E+00,4.067824E+00,nan
55:37.7,3.988542E+00,1.019893E+00,4.067885E+00,nan
55:38.7,3.988621E+00,1.019888E+00,4.067946E+00,nan
55:39.7,3.988693E+00,1.019888E+00,4.068019E+00,nan
55:40.7,3.988755E+00,1.019894E+00,4.068107E+00,nan
55:41.7,3.988824E+00,1.019894E+00,4.068178E+00,nan
55:42.7,3.988923E+00,1.019888E+00,4.068254E+00,nan
55:43.7,3.988972E+00,1.019886E+00,4.068299E+00,nan
55:44.7,3.989077E+00,1.019888E+00,4.068411E+00,nan
55:45.7,3.989121E+00,1.019892E+00,4.068471E+00,nan
55:46.7,3.989188E+00,1.019885E+00,4.068514E+00,nan
55:47.7,3.989280E+00,1.019890E+00,4.068628E+00,nan
55:48.7,3.989381E+00,1.019886E+00,4.068716E+00,nan
55:49.7,3.989443E+00,1.019889E+00,4.068789E+00,nan
55:50.7,3.989502E+00,1.019893E+00,4.068865E+00,nan
55:51.7,3.989584E+00,1.019886E+00,4.068923E+00,nan
55:52.7,3.989676E+00,1.019889E+00,4.069027E+00,nan
55:53.7,3.989760E+00,1.019893E+00,4.069128E+00,nan
55:54.7,3.989822E+00,1.019894E+00,4.069196E+00,nan
55:55.7,3.989879E+00,1.019898E+00,4.069269E+00,nan
55:56.7,3.989971E+00,1.019890E+00,4.069332E+00,nan
55:57.7,3.990020E+00,1.019889E+00,4.069378E+00,nan
55:58.7,3.990094E+00,1.019892E+00,4.069463E+00,nan
55:59.7,3.990191E+00,1.019888E+00,4.069547E+00,nan
56:00.7,3.990273E+00,1.019890E+00,4.069641E+00,nan
56:01.7,3.990327E+00,1.019897E+00,4.069721E+00,nan
56:02.7,3.990374E+00,1.019890E+00,4.069744E+00,nan
56:03.7,3.990449E+00,1.019893E+00,4.069830E+00,nan
56:04.7,3.990525E+00,1.019893E+00,4.069908E+00,nan
56:05.7,3.990605E+00,1.019894E+00,4.069994E+00,nan
56:06.7,3.990667E+00,1.019892E+00,4.070047E+00,nan
56:07.7,3.990761E+00,1.019899E+00,4.070173E+00,nan
56:08.7,3.990830E+00,1.019894E+00,4.070224E+00,nan
56:09.7,3.990895E+00,1.019894E+00,4.070290E+00,nan
56:10.7,3.990947E+00,1.019897E+00,4.070353E+00,nan
56:11.7,3.991048E+00,1.019894E+00,4.070446E+00,nan
56:12.7,3.991100E+00,1.019889E+00,4.070479E+00,nan
56:13.7,3.991202E+00,1.019895E+00,4.070608E+00,nan
56:14.7,3.991261E+00,1.019895E+00,4.070668E+00,nan
56:15.7,3.991340E+00,1.019903E+00,4.070780E+00,nan
56:16.7,3.991420E+00,1.019893E+00,4.070820E+00,nan
56:17.7,3.991504E+00,1.019892E+00,4.070901E+00,nan
56:18.7,3.991551E+00,1.019893E+00,4.070954E+00,nan
56:19.7,3.991603E+00,1.019897E+00,4.071022E+00,nan
56:20.7,3.991707E+00,1.019895E+00,4.071123E+00,nan
56:21.7,3.991766E+00,1.019894E+00,4.071179E+00,nan
56:22.7,3.991843E+00,1.019888E+00,4.071232E+00,nan
56:23.7,3.991935E+00,1.019888E+00,4.071326E+00,nan
56:24.7,3.991987E+00,1.019892E+00,4.071393E+00,nan
56:25.7,3.992054E+00,1.019888E+00,4.071447E+00,nan
56:26.7,3.992126E+00,1.019892E+00,4.071535E+00,nan
56:27.7,3.992177E+00,1.019892E+00,4.071588E+00,nan
56:28.7,3.992284E+00,1.019886E+00,4.071677E+00,nan
56:29.7,3.992334E+00,1.019884E+00,4.071717E+00,nan
56:30.7,3.992420E+00,1.019893E+00,4.071841E+00,nan
56:31.7,3.992475E+00,1.019892E+00,4.071891E+00,nan
56:32.7,3.992569E+00,1.019888E+00,4.071972E+00,nan
56:33.7,3.992643E+00,1.019883E+00,4.072028E+00,nan
56:34.7,3.992712E+00,1.019886E+00,4.072114E+00,nan
56:35.7,3.992799E+00,1.019886E+00,4.072202E+00,nan
56:36.7,3.992886E+00,1.019890E+00,4.072306E+00,nan
56:37.7,3.992931E+00,1.019895E+00,4.072371E+00,nan
56:38.7,3.993027E+00,1.019893E+00,4.072460E+00,nan
56:39.7,3.993099E+00,1.019894E+00,4.072538E+00,nan
56:40.7,3.993129E+00,1.019892E+00,4.072558E+00,nan
56:41.7,3.993230E+00,1.019892E+00,4.072662E+00,nan
56:42.7,3.993324E+00,1.019883E+00,4.072722E+00,nan
56:43.7,3.993391E+00,1.019889E+00,4.072816E+00,nan
56:44.7,3.993446E+00,1.019890E+00,4.072877E+00,nan
56:45.7,3.993562E+00,1.019890E+00,4.072995E+00,nan
56:46.7,3.993592E+00,1.019889E+00,4.073020E+00,nan
56:47.7,3.993669E+00,1.019893E+00,4.073114E+00,nan
56:48.7,3.993760E+00,1.019890E+00,4.073197E+00,nan
56:49.7,3.993810E+00,1.019888E+00,4.073238E+00,nan
56:50.7,3.993914E+00,1.019886E+00,4.073339E+00,nan
56:51.7,3.993963E+00,1.019888E+00,4.073395E+00,nan
56:52.7,3.994062E+00,1.019886E+00,4.073490E+00,nan
56:53.7,3.994134E+00,1.019888E+00,4.073569E+00,nan
56:54.7,3.994194E+00,1.019899E+00,4.073675E+00,nan
56:55.7,3.994263E+00,1.019888E+00,4.073700E+00,nan
56:56.7,3.994335E+00,1.019888E+00,4.073773E+00,nan
56:57.7,3.994392E+00,1.019894E+00,4.073857E+00,nan
56:58.7,3.994488E+00,1.019892E+00,4.073945E+00,nan
56:59.7,3.994573E+00,1.019893E+00,4.074036E+00,nan
57:00.7,3.994620E+00,1.019888E+00,4.074064E+00,nan
57:01.7,3.994714E+00,1.019885E+00,4.074150E+00,nan
57:02.7,3.994783E+00,1.019890E+00,4.074241E+00,nan
57:03.7,3.994877E+00,1.019879E+00,4.074291E+00,nan
57:04.7,3.994944E+00,1.019889E+00,4.074400E+00,nan
57:05.7,3.995001E+00,1.019881E+00,4.074427E+00,nan
57:06.7,3.995105E+00,1.019890E+00,4.074569E+00,nan
57:07.7,3.995142E+00,1.019880E+00,4.074567E+00,nan
57:08.7,3.995222E+00,1.019883E+00,4.074657E+00,nan
57:09.7,3.995301E+00,1.019886E+00,4.074754E+00,nan
57:10.7,3.995398E+00,1.019888E+00,4.074857E+00,nan
57:11.7,3.995440E+00,1.019898E+00,4.074940E+00,nan
57:12.7,3.995521E+00,1.019899E+00,4.075029E+00,nan
57:13.7,3.995610E+00,1.019889E+00,4.075079E+00,nan
57:14.7,3.995667E+00,1.019886E+00,4.075127E+00,nan
57:15.7,3.995739E+00,1.019889E+00,4.075211E+00,nan
57:16.7,3.995838E+00,1.019897E+00,4.075342E+00,nan
57:17.7,3.995883E+00,1.019892E+00,4.075367E+00,nan
57:18.7,3.995999E+00,1.019888E+00,4.075471E+00,nan
57:19.7,3.996051E+00,1.019892E+00,4.075539E+00,nan
57:20.7,3.996099E+00,1.019889E+00,4.075577E+00,nan
57:21.7,3.996195E+00,1.019888E+00,4.075671E+00,nan
57:22.7,3.996254E+00,1.019888E+00,4.075731E+00,nan
57:23.7,3.996341E+00,1.019893E+00,4.075840E+00,nan
57:24.7,3.996411E+00,1.019884E+00,4.075875E+00,nan
57:25.7,3.996470E+00,1.019894E+00,4.075976E+00,nan
57:26.7,3.996574E+00,1.019888E+00,4.076057E+00,nan
57:27.7,3.996636E+00,1.019893E+00,4.076140E+00,nan
57:28.7,3.996700E+00,1.019888E+00,4.076186E+00,nan
57:29.7,3.996792E+00,1.019893E+00,4.076300E+00,nan
57:30.7,3.996839E+00,1.019890E+00,4.076337E+00,nan
57:31.7,3.996928E+00,1.019892E+00,4.076433E+00,nan
57:32.7,3.996988E+00,1.019893E+00,4.076499E+00,nan
57:33.7,3.997055E+00,1.019892E+00,4.076562E+00,nan
57:34.7,3.997154E+00,1.019892E+00,4.076663E+00,nan
57:35.7,3.997233E+00,1.019888E+00,4.076729E+00,nan
57:36.7,3.997288E+00,1.019885E+00,4.076774E+00,nan
57:37.7,3.997396E+00,1.019888E+00,4.076896E+00,nan
57:38.7,3.997451E+00,1.019890E+00,4.076961E+00,nan
57:39.7,3.997543E+00,1.019878E+00,4.077004E+00,nan
57:40.7,3.997595E+00,1.019884E+00,4.077083E+00,nan
57:41.7,3.997681E+00,1.019884E+00,4.077171E+00,nan
57:42.7,3.997770E+00,1.019885E+00,4.077267E+00,nan
57:43.7,3.997820E+00,1.019885E+00,4.077317E+00,nan
57:44.7,3.997882E+00,1.019889E+00,4.077396E+00,nan
57:45.7,3.997956E+00,1.019889E+00,4.077472E+00,nan
57:46.7,3.998058E+00,1.019890E+00,4.077580E+00,nan
57:47.7,3.998122E+00,1.019890E+00,4.077646E+00,nan
57:48.7,3.998199E+00,1.019886E+00,4.077709E+00,nan
57:49.7,3.998273E+00,1.019889E+00,4.077795E+00,nan
57:50.7,3.998315E+00,1.019884E+00,4.077818E+00,nan
57:51.7,3.998397E+00,1.019886E+00,4.077911E+00,nan
57:52.7,3.998461E+00,1.019885E+00,4.077972E+00,nan
57:53.7,3.998570E+00,1.019892E+00,4.078108E+00,nan
57:54.7,3.998637E+00,1.019892E+00,4.078176E+00,nan
57:55.7,3.998731E+00,1.019897E+00,4.078293E+00,nan
57:56.7,3.998769E+00,1.019895E+00,4.078325E+00,nan
57:57.7,3.998865E+00,1.019892E+00,4.078409E+00,nan
57:58.7,3.998952E+00,1.019892E+00,4.078497E+00,nan
57:59.7,3.999026E+00,1.019897E+00,4.078593E+00,nan
58:00.7,3.999081E+00,1.019894E+00,4.078639E+00,nan
58:01.7,3.999165E+00,1.019894E+00,4.078725E+00,nan
58:02.7,3.999224E+00,1.019890E+00,4.078770E+00,nan
58:03.7,3.999316E+00,1.019888E+00,4.078854E+00,nan
58:04.7,3.999375E+00,1.019883E+00,4.078894E+00,nan
58:05.7,3.999442E+00,1.019889E+00,4.078987E+00,nan
58:06.7,3.999512E+00,1.019889E+00,4.079058E+00,nan
58:07.7,3.999601E+00,1.019884E+00,4.079129E+00,nan
58:08.7,3.999665E+00,1.019894E+00,4.079235E+00,nan
58:09.7,3.999772E+00,1.019893E+00,4.079339E+00,nan
58:10.7,3.999846E+00,1.019893E+00,4.079414E+00,nan
58:11.7,3.999910E+00,1.019886E+00,4.079455E+00,nan
58:12.7,3.999980E+00,1.019895E+00,4.079561E+00,nan
58:13.7,4.000062E+00,1.019892E+00,4.079629E+00,nan
58:14.7,4.000136E+00,1.019900E+00,4.079740E+00,nan
58:15.7,4.000200E+00,1.019889E+00,4.079760E+00,nan
58:16.7,4.000282E+00,1.019895E+00,4.079869E+00,nan
58:17.7,4.000354E+00,1.019899E+00,4.079957E+00,nan
58:18.7,4.000426E+00,1.019895E+00,4.080016E+00,nan
58:19.7,4.000503E+00,1.019897E+00,4.080099E+00,nan
58:20.7,4.000614E+00,1.019895E+00,4.080207E+00,nan
58:21.7,4.000651E+00,1.019897E+00,4.080250E+00,nan
58:22.7,4.000713E+00,1.019890E+00,4.080288E+00,nan
58:23.7,4.000810E+00,1.019892E+00,4.080392E+00,nan
58:24.7,4.000908E+00,1.019892E+00,4.080492E+00,nan
58:25.7,4.000946E+00,1.019890E+00,4.080526E+00,nan
58:26.7,4.001005E+00,1.019895E+00,4.080606E+00,nan
58:27.7,4.001102E+00,1.019895E+00,4.080705E+00,nan
58:28.7,4.001159E+00,1.019892E+00,4.080748E+00,nan
58:29.7,4.001221E+00,1.019885E+00,4.080786E+00,nan
58:30.7,4.001327E+00,1.019889E+00,4.080909E+00,nan
58:31.7,4.001394E+00,1.019894E+00,4.080999E+00,nan
58:32.7,4.001468E+00,1.019880E+00,4.081018E+00,nan
58:33.7,4.001553E+00,1.019890E+00,4.081145E+00,nan
58:34.7,4.001625E+00,1.019888E+00,4.081208E+00,nan
58:35.7,4.001704E+00,1.019892E+00,4.081304E+00,nan
58:36.7,4.001758E+00,1.019894E+00,4.081370E+00,nan
58:37.7,4.001835E+00,1.019893E+00,4.081443E+00,nan
58:38.7,4.001909E+00,1.019893E+00,4.081518E+00,nan
58:39.7,4.002006E+00,1.019898E+00,4.081637E+00,nan
58:40.7,4.002058E+00,1.019892E+00,4.081665E+00,nan
58:41.7,4.002132E+00,1.019894E+00,4.081751E+00,nan
58:42.7,4.002226E+00,1.019897E+00,4.081857E+00,nan
58:43.7,4.002301E+00,1.019899E+00,4.081943E+00,nan
58:44.7,4.002353E+00,1.019895E+00,4.081981E+00,nan
58:45.7,4.002432E+00,1.019900E+00,4.082082E+00,nan
58:46.7,4.002486E+00,1.019902E+00,4.082142E+00,nan
58:47.7,4.002561E+00,1.019899E+00,4.082208E+00,nan
58:48.7,4.002652E+00,1.019898E+00,4.082296E+00,nan
58:49.7,4.002727E+00,1.019899E+00,4.082377E+00,nan
58:50.7,4.002809E+00,1.019898E+00,4.082456E+00,nan
58:51.7,4.002861E+00,1.019899E+00,4.082514E+00,nan
58:52.7,4.002937E+00,1.019902E+00,4.082602E+00,nan
58:53.7,4.003021E+00,1.019904E+00,4.082698E+00,nan
58:54.7,4.003098E+00,1.019904E+00,4.082776E+00,nan
58:55.7,4.003165E+00,1.019903E+00,4.082840E+00,nan
58:56.7,4.003254E+00,1.019907E+00,4.082946E+00,nan
58:57.7,4.003346E+00,1.019905E+00,4.083034E+00,nan
58:58.7,4.003417E+00,1.019904E+00,4.083102E+00,nan
58:59.7,4.003500E+00,1.019899E+00,4.083166E+00,nan
59:00.7,4.003554E+00,1.019899E+00,4.083221E+00,nan
59:01.7,4.003643E+00,1.019895E+00,4.083297E+00,nan
59:02.7,4.003705E+00,1.019897E+00,4.083365E+00,nan
59:03.7,4.003777E+00,1.019898E+00,4.083443E+00,nan
59:04.7,4.003869E+00,1.019893E+00,4.083517E+00,nan
59:05.7,4.003958E+00,1.019903E+00,4.083648E+00,nan
59:06.7,4.004017E+00,1.019898E+00,4.083688E+00,nan
59:07.7,4.004114E+00,1.019893E+00,4.083767E+00,nan
59:08.7,4.004148E+00,1.019894E+00,4.083808E+00,nan
59:09.7,4.004230E+00,1.019889E+00,4.083870E+00,nan
59:10.7,4.004339E+00,1.019894E+00,4.084002E+00,nan
59:11.7,4.004376E+00,1.019894E+00,4.084040E+00,nan
59:12.7,4.004480E+00,1.019890E+00,4.084131E+00,nan
59:13.7,4.004560E+00,1.019890E+00,4.084211E+00,nan
59:14.7,4.004619E+00,1.019892E+00,4.084277E+00,nan
59:15.7,4.004696E+00,1.019892E+00,4.084355E+00,nan
59:16.7,4.004797E+00,1.019890E+00,4.084454E+00,nan
59:17.7,4.004852E+00,1.019889E+00,4.084504E+00,nan
59:18.7,4.004921E+00,1.019888E+00,4.084570E+00,nan
59:19.7,4.005003E+00,1.019879E+00,4.084618E+00,nan
59:20.7,4.005045E+00,1.019885E+00,4.084686E+00,nan
59:21.7,4.005154E+00,1.019889E+00,4.084813E+00,nan
59:22.7,4.005208E+00,1.019890E+00,4.084873E+00,nan
59:23.7,4.005308E+00,1.019889E+00,4.084969E+00,nan
59:24.7,4.005387E+00,1.019889E+00,4.085050E+00,nan
59:25.7,4.005424E+00,1.019884E+00,4.085068E+00,nan
59:26.7,4.005533E+00,1.019894E+00,4.085219E+00,nan
59:27.7,4.005610E+00,1.019892E+00,4.085287E+00,nan
59:28.7,4.005657E+00,1.019892E+00,4.085335E+00,nan
59:29.7,4.005764E+00,1.019886E+00,4.085424E+00,nan
59:30.7,4.005820E+00,1.019892E+00,4.085502E+00,nan
59:31.7,4.005899E+00,1.019893E+00,4.085588E+00,nan
59:32.7,4.005957E+00,1.019888E+00,4.085626E+00,nan
59:33.7,4.006055E+00,1.019889E+00,4.085732E+00,nan
59:34.7,4.006152E+00,1.019890E+00,4.085836E+00,nan
59:35.7,4.006224E+00,1.019890E+00,4.085909E+00,nan
59:36.7,4.006258E+00,1.019892E+00,4.085949E+00,nan
59:37.7,4.006326E+00,1.019886E+00,4.085997E+00,nan
59:38.7,4.006430E+00,1.019892E+00,4.086124E+00,nan
59:39.7,4.006496E+00,1.019895E+00,4.086207E+00,nan
59:40.7,4.006613E+00,1.019885E+00,4.086285E+00,nan
59:41.7,4.006660E+00,1.019892E+00,4.086358E+00,nan
59:42.7,4.006742E+00,1.019894E+00,4.086452E+00,nan
59:43.7,4.006809E+00,1.019890E+00,4.086505E+00,nan
59:44.7,4.006888E+00,1.019893E+00,4.086596E+00,nan
59:45.7,4.006967E+00,1.019894E+00,4.086682E+00,nan
59:46.7,4.007036E+00,1.019895E+00,4.086757E+00,nan
59:47.7,4.007106E+00,1.019888E+00,4.086798E+00,nan
59:48.7,4.007203E+00,1.019902E+00,4.086953E+00,nan
59:49.7,4.007284E+00,1.019894E+00,4.087006E+00,nan
59:50.7,4.007353E+00,1.019902E+00,4.087106E+00,nan
59:51.7,4.007411E+00,1.019893E+00,4.087129E+00,nan
59:52.7,4.007522E+00,1.019895E+00,4.087253E+00,nan
59:53.7,4.007576E+00,1.019895E+00,4.087308E+00,nan
59:54.7,4.007643E+00,1.019898E+00,4.087387E+00,nan
59:55.7,4.007745E+00,1.019895E+00,4.087480E+00,nan
59:56.7,4.007804E+00,1.019898E+00,4.087551E+00,nan
59:57.7,4.007866E+00,1.019895E+00,4.087604E+00,nan
59:58.7,4.007948E+00,1.019898E+00,4.087697E+00,nan
59:59.7,4.008029E+00,1.019897E+00,4.087776E+00,nan
00:00.7,4.008091E+00,1.019892E+00,4.087818E+00,nan
00:01.7,4.008178E+00,1.019895E+00,4.087922E+00,nan
00:02.7,4.008257E+00,1.019888E+00,4.087973E+00,nan
00:03.7,4.008329E+00,1.019892E+00,4.088061E+00,nan
00:04.7,4.008411E+00,1.019890E+00,4.088139E+00,nan
00:05.7,4.008493E+00,1.019888E+00,4.088213E+00,nan
00:06.7,4.008564E+00,1.019886E+00,4.088281E+00,nan
00:07.7,4.008629E+00,1.019884E+00,4.088336E+00,nan
00:08.7,4.008713E+00,1.019885E+00,4.088427E+00,nan
00:09.7,4.008790E+00,1.019890E+00,4.088526E+00,nan
00:10.7,4.008852E+00,1.019888E+00,4.088579E+00,nan
00:11.7,4.008926E+00,1.019899E+00,4.088701E+00,nan
00:12.7,4.009003E+00,1.019894E+00,4.088759E+00,nan
00:13.7,4.009095E+00,1.019894E+00,4.088852E+00,nan
00:14.7,4.009169E+00,1.019893E+00,4.088923E+00,nan
00:15.7,4.009233E+00,1.019895E+00,4.088998E+00,nan
00:16.7,4.009327E+00,1.019894E+00,4.089089E+00,nan
00:17.7,4.009399E+00,1.019893E+00,4.089158E+00,nan
00:18.7,4.009451E+00,1.019894E+00,4.089216E+00,nan
00:19.7,4.009543E+00,1.019885E+00,4.089273E+00,nan
00:20.7,4.009627E+00,1.019889E+00,4.089375E+00,nan
00:21.7,4.009696E+00,1.019883E+00,4.089420E+00,nan
00:22.7,4.009764E+00,1.019889E+00,4.089514E+00,nan
00:23.7,4.009835E+00,1.019883E+00,4.089562E+00,nan
00:24.7,4.009914E+00,1.019888E+00,4.089663E+00,nan
00:25.7,4.009984E+00,1.019894E+00,4.089759E+00,nan
00:26.7,4.010080E+00,1.019890E+00,4.089842E+00,nan
00:27.7,4.010157E+00,1.019885E+00,4.089900E+00,nan
00:28.7,4.010237E+00,1.019890E+00,4.090002E+00,nan
00:29.7,4.010271E+00,1.019890E+00,4.090037E+00,nan
00:30.7,4.010355E+00,1.019885E+00,4.090102E+00,nan
00:31.7,4.010494E+00,1.019893E+00,4.090274E+00,nan
00:32.7,4.010544E+00,1.019890E+00,4.090315E+00,nan
00:33.7,4.010613E+00,1.019893E+00,4.090395E+00,nan
00:34.7,4.010685E+00,1.019884E+00,4.090433E+00,nan
00:35.7,4.010779E+00,1.019890E+00,4.090555E+00,nan
00:36.7,4.010853E+00,1.019889E+00,4.090625E+00,nan
00:37.7,4.010930E+00,1.019881E+00,4.090673E+00,nan
00:38.7,4.010992E+00,1.019894E+00,4.090787E+00,nan
00:39.7,4.011086E+00,1.019890E+00,4.090868E+00,nan
00:40.7,4.011153E+00,1.019890E+00,4.090936E+00,nan
00:41.7,4.011257E+00,1.019885E+00,4.091022E+00,nan
00:42.7,4.011334E+00,1.019881E+00,4.091085E+00,nan
00:43.7,4.011388E+00,1.019880E+00,4.091135E+00,nan
00:44.7,4.011465E+00,1.019880E+00,4.091214E+00,nan
00:45.7,4.011549E+00,1.019889E+00,4.091335E+00,nan
00:46.7,4.011636E+00,1.019894E+00,4.091444E+00,nan
00:47.7,4.011720E+00,1.019892E+00,4.091519E+00,nan
00:48.7,4.011782E+00,1.019890E+00,4.091578E+00,nan
00:49.7,4.011879E+00,1.019890E+00,4.091676E+00,nan
00:50.7,4.011931E+00,1.019892E+00,4.091734E+00,nan
00:51.7,4.012015E+00,1.019893E+00,4.091825E+00,nan
00:52.7,4.012102E+00,1.019892E+00,4.091908E+00,nan
00:53.7,4.012166E+00,1.019888E+00,4.091959E+00,nan
00:54.7,4.012245E+00,1.019892E+00,4.092055E+00,nan
00:55.7,4.012337E+00,1.019884E+00,4.092118E+00,nan
00:56.7,4.012448E+00,1.019888E+00,4.092247E+00,nan
00:57.7,4.012483E+00,1.019883E+00,4.092262E+00,nan
00:58.7,4.012585E+00,1.019884E+00,4.092371E+00,nan
00:59.7,4.012649E+00,1.019885E+00,4.092441E+00,nan
01:00.7,4.012713E+00,1.019878E+00,4.092477E+00,nan
01:01.7,4.012800E+00,1.019883E+00,4.092585E+00,nan
01:02.7,4.012882E+00,1.019883E+00,4.092669E+00,nan
01:03.7,4.012964E+00,1.019879E+00,4.092737E+00,nan
01:04.7,4.013006E+00,1.019885E+00,4.092805E+00,nan
01:05.7,4.013142E+00,1.019884E+00,4.092939E+00,nan
01:06.7,4.013194E+00,1.019880E+00,4.092977E+00,nan
01:07.7,4.013288E+00,1.019892E+00,4.093118E+00,nan
01:08.7,4.013330E+00,1.019890E+00,4.093156E+00,nan
01:09.7,4.013417E+00,1.019890E+00,4.093245E+00,nan
01:10.7,4.013521E+00,1.019893E+00,4.093361E+00,nan
01:11.7,4.013597E+00,1.019883E+00,4.093399E+00,nan
01:12.7,4.013682E+00,1.019885E+00,4.093495E+00,nan
01:13.7,4.013734E+00,1.019885E+00,4.093548E+00,nan
01:14.7,4.013811E+00,1.019888E+00,4.093637E+00,nan
01:15.7,4.013920E+00,1.019892E+00,4.093763E+00,nan
01:16.7,4.013967E+00,1.019892E+00,4.093810E+00,nan
01:17.7,4.014053E+00,1.019890E+00,4.093894E+00,nan
01:18.7,4.014153E+00,1.019899E+00,4.094031E+00,nan
01:19.7,4.014212E+00,1.019890E+00,4.094056E+00,nan
01:20.7,4.014289E+00,1.019894E+00,4.094150E+00,nan
01:21.7,4.014351E+00,1.019886E+00,4.094182E+00,nan
01:22.7,4.014489E+00,1.019886E+00,4.094323E+00,nan
01:23.7,4.014522E+00,1.019886E+00,4.094356E+00,nan
01:24.7,4.014588E+00,1.019885E+00,4.094419E+00,nan
01:25.7,4.014692E+00,1.019880E+00,4.094505E+00,nan
01:26.7,4.014742E+00,1.019886E+00,4.094581E+00,nan
01:27.7,4.014858E+00,1.019885E+00,4.094694E+00,nan
01:28.7,4.014908E+00,1.019888E+00,4.094756E+00,nan
01:29.7,4.015007E+00,1.019885E+00,4.094846E+00,nan
01:30.7,4.015077E+00,1.019892E+00,4.094943E+00,nan
01:31.7,4.015148E+00,1.019883E+00,4.094980E+00,nan
01:32.7,4.015250E+00,1.019888E+00,4.095104E+00,nan
01:33.7,4.015337E+00,1.019884E+00,4.095177E+00,nan
01:34.7,4.015391E+00,1.019879E+00,4.095212E+00,nan
01:35.7,4.015473E+00,1.019879E+00,4.095296E+00,nan
01:36.7,4.015557E+00,1.019881E+00,4.095392E+00,nan
01:37.7,4.015619E+00,1.019885E+00,4.095470E+00,nan
01:38.7,4.015733E+00,1.019883E+00,4.095576E+00,nan
01:39.7,4.015787E+00,1.019892E+00,4.095667E+00,nan
01:40.7,4.015879E+00,1.019888E+00,4.095746E+00,nan
01:41.7,4.015946E+00,1.019878E+00,4.095774E+00,nan
01:42.7,4.016017E+00,1.019884E+00,4.095872E+00,nan
01:43.7,4.016087E+00,1.019888E+00,4.095958E+00,nan
01:44.7,4.016171E+00,1.019895E+00,4.096074E+00,nan
01:45.7,4.016253E+00,1.019890E+00,4.096138E+00,nan
01:46.7,4.016359E+00,1.019897E+00,4.096271E+00,nan
01:47.7,4.016431E+00,1.019893E+00,4.096329E+00,nan
01:48.7,4.016491E+00,1.019890E+00,4.096380E+00,nan
01:49.7,4.016560E+00,1.019895E+00,4.096471E+00,nan
01:50.7,4.016672E+00,1.019888E+00,4.096554E+00,nan
01:51.7,4.016734E+00,1.019890E+00,4.096628E+00,nan
01:52.7,4.016820E+00,1.019890E+00,4.096716E+00,nan
01:53.7,4.016907E+00,1.019892E+00,4.096809E+00,nan
01:54.7,4.016996E+00,1.019898E+00,4.096925E+00,nan
01:55.7,4.017063E+00,1.019890E+00,4.096963E+00,nan
01:56.7,4.017159E+00,1.019892E+00,4.097067E+00,nan
01:57.7,4.017231E+00,1.019888E+00,4.097125E+00,nan
01:58.7,4.017318E+00,1.019895E+00,4.097244E+00,nan
01:59.7,4.017377E+00,1.019884E+00,4.097259E+00,nan
02:00.7,4.017479E+00,1.019889E+00,4.097383E+00,nan
02:01.7,4.017558E+00,1.019894E+00,4.097484E+00,nan
02:02.7,4.017635E+00,1.019886E+00,4.097532E+00,nan
02:03.7,4.017729E+00,1.019897E+00,4.097669E+00,nan
02:04.7,4.017791E+00,1.019895E+00,4.097726E+00,nan
02:05.7,4.017846E+00,1.019894E+00,4.097777E+00,nan
02:06.7,4.017962E+00,1.019884E+00,4.097855E+00,nan
02:07.7,4.018012E+00,1.019895E+00,4.097951E+00,nan
02:08.7,4.018103E+00,1.019889E+00,4.098019E+00,nan
02:09.7,4.018165E+00,1.019890E+00,4.098088E+00,nan
02:10.7,4.018252E+00,1.019889E+00,4.098171E+00,nan
02:11.7,4.018336E+00,1.019885E+00,4.098241E+00,nan
02:12.7,4.018437E+00,1.019885E+00,4.098345E+00,nan
02:13.7,4.018489E+00,1.019881E+00,4.098382E+00,nan
02:14.7,4.018566E+00,1.019888E+00,4.098487E+00,nan
02:15.7,4.018665E+00,1.019888E+00,4.098588E+00,nan
02:16.7,4.018735E+00,1.019886E+00,4.098653E+00,nan
02:17.7,4.018806E+00,1.019881E+00,4.098706E+00,nan
02:18.7,4.018888E+00,1.019884E+00,4.098800E+00,nan
02:19.7,4.018980E+00,1.019879E+00,4.098873E+00,nan
02:20.7,4.019059E+00,1.019880E+00,4.098959E+00,nan
02:21.7,4.019119E+00,1.019883E+00,4.099030E+00,nan
02:22.7,4.019235E+00,1.019883E+00,4.099148E+00,nan
02:23.7,4.019344E+00,1.019883E+00,4.099260E+00,nan
02:24.7,4.019384E+00,1.019884E+00,4.099305E+00,nan
02:25.7,4.019458E+00,1.019885E+00,4.099385E+00,nan
02:26.7,4.019542E+00,1.019885E+00,4.099472E+00,nan
02:27.7,4.019646E+00,1.019885E+00,4.099578E+00,nan
02:28.7,4.019703E+00,1.019883E+00,4.099626E+00,nan
02:29.7,4.019802E+00,1.019886E+00,4.099742E+00,nan
02:30.7,4.019867E+00,1.019890E+00,4.099823E+00,nan
02:31.7,4.019971E+00,1.019884E+00,4.099904E+00,nan
02:32.7,4.020020E+00,1.019886E+00,4.099965E+00,nan
02:33.7,4.020100E+00,1.019894E+00,4.100076E+00,nan
02:34.7,4.020211E+00,1.019888E+00,4.100164E+00,nan
02:35.7,4.020283E+00,1.019897E+00,4.100273E+00,nan
02:36.7,4.020382E+00,1.019886E+00,4.100333E+00,nan
02:37.7,4.020434E+00,1.019881E+00,4.100366E+00,nan
02:38.7,4.020521E+00,1.019885E+00,4.100469E+00,nan
02:39.7,4.020590E+00,1.019879E+00,4.100515E+00,nan
02:40.7,4.020679E+00,1.019889E+00,4.100646E+00,nan
02:41.7,4.020763E+00,1.019885E+00,4.100717E+00,nan
02:42.7,4.020838E+00,1.019883E+00,4.100783E+00,nan
02:43.7,4.020919E+00,1.019888E+00,4.100887E+00,nan
02:44.7,4.021029E+00,1.019890E+00,4.101008E+00,nan
02:45.7,4.021108E+00,1.019893E+00,4.101099E+00,nan
02:46.7,4.021199E+00,1.019888E+00,4.101172E+00,nan
02:47.7,4.021271E+00,1.019894E+00,4.101271E+00,nan
02:48.7,4.021340E+00,1.019892E+00,4.101331E+00,nan
02:49.7,4.021440E+00,1.019895E+00,4.101447E+00,nan
02:50.7,4.021496E+00,1.019890E+00,4.101485E+00,nan
02:51.7,4.021593E+00,1.019886E+00,4.101568E+00,nan
02:52.7,4.021680E+00,1.019889E+00,4.101667E+00,nan
02:53.7,4.021779E+00,1.019903E+00,4.101824E+00,nan
02:54.7,4.021851E+00,1.019904E+00,4.101902E+00,nan
02:55.7,4.021933E+00,1.019892E+00,4.101935E+00,nan
02:56.7,4.021995E+00,1.019895E+00,4.102013E+00,nan
02:57.7,4.022091E+00,1.019892E+00,4.102096E+00,nan
02:58.7,4.022173E+00,1.019890E+00,4.102175E+00,nan
02:59.7,4.022237E+00,1.019890E+00,4.102241E+00,nan
03:00.7,4.022321E+00,1.019890E+00,4.102326E+00,nan
03:01.7,4.022406E+00,1.019886E+00,4.102397E+00,nan
03:02.7,4.022472E+00,1.019889E+00,4.102475E+00,nan
03:03.7,4.022564E+00,1.019888E+00,4.102564E+00,nan
03:04.7,4.022651E+00,1.019890E+00,4.102662E+00,nan
03:05.7,4.022715E+00,1.019889E+00,4.102723E+00,nan
03:06.7,4.022807E+00,1.019890E+00,4.102822E+00,nan
03:07.7,4.022891E+00,1.019902E+00,4.102953E+00,nan
03:08.7,4.022970E+00,1.019898E+00,4.103019E+00,nan
03:09.7,4.023065E+00,1.019893E+00,4.103095E+00,nan
03:10.7,4.023124E+00,1.019899E+00,4.103180E+00,nan
03:11.7,4.023238E+00,1.019898E+00,4.103291E+00,nan
03:12.7,4.023302E+00,1.019892E+00,4.103332E+00,nan
03:13.7,4.023404E+00,1.019890E+00,4.103430E+00,nan
03:14.7,4.023478E+00,1.019894E+00,4.103522E+00,nan
03:15.7,4.023562E+00,1.019897E+00,4.103618E+00,nan
03:16.7,4.023652E+00,1.019899E+00,4.103719E+00,nan
03:17.7,4.023726E+00,1.019889E+00,4.103753E+00,nan
03:18.7,4.023802E+00,1.019890E+00,4.103837E+00,nan
03:19.7,4.023889E+00,1.019889E+00,4.103920E+00,nan
03:20.7,4.023983E+00,1.019890E+00,4.104022E+00,nan
03:21.7,4.024075E+00,1.019892E+00,4.104120E+00,nan
03:22.7,4.024129E+00,1.019889E+00,4.104165E+00,nan
03:23.7,4.024219E+00,1.019884E+00,4.104236E+00,nan
03:24.7,4.024308E+00,1.019878E+00,4.104302E+00,nan
03:25.7,4.024402E+00,1.019876E+00,4.104393E+00,nan
03:26.7,4.024474E+00,1.019879E+00,4.104476E+00,nan
03:27.7,4.024543E+00,1.019879E+00,4.104547E+00,nan
03:28.7,4.024632E+00,1.019881E+00,4.104648E+00,nan
03:29.7,4.024724E+00,1.019885E+00,4.104756E+00,nan
03:30.7,4.024793E+00,1.019883E+00,4.104817E+00,nan
03:31.7,4.024880E+00,1.019890E+00,4.104936E+00,nan
03:32.7,4.024964E+00,1.019881E+00,4.104986E+00,nan
03:33.7,4.025054E+00,1.019893E+00,4.105123E+00,nan
03:34.7,4.025113E+00,1.019888E+00,4.105163E+00,nan
03:35.7,4.025207E+00,1.019894E+00,4.105285E+00,nan
03:36.7,4.025276E+00,1.019889E+00,4.105335E+00,nan
03:37.7,4.025368E+00,1.019890E+00,4.105434E+00,nan
03:38.7,4.025469E+00,1.019893E+00,4.105547E+00,nan
03:39.7,4.025534E+00,1.019886E+00,4.105587E+00,nan
03:40.7,4.025640E+00,1.019886E+00,4.105696E+00,nan
03:41.7,4.025715E+00,1.019884E+00,4.105762E+00,nan
03:42.7,4.025779E+00,1.019894E+00,4.105869E+00,nan
03:43.7,4.025841E+00,1.019900E+00,4.105957E+00,nan
03:44.7,4.025970E+00,1.019895E+00,4.106068E+00,nan
03:45.7,4.026062E+00,1.019881E+00,4.106105E+00,nan
03:46.7,4.026114E+00,1.019881E+00,4.106158E+00,nan
03:47.7,4.026183E+00,1.019885E+00,4.106244E+00,nan
03:48.7,4.026321E+00,1.019885E+00,4.106386E+00,nan
03:49.7,4.026393E+00,1.019884E+00,4.106454E+00,nan
03:50.7,4.026445E+00,1.019890E+00,4.106533E+00,nan
03:51.7,4.026554E+00,1.019893E+00,4.106654E+00,nan
03:52.7,4.026621E+00,1.019886E+00,4.106697E+00,nan
03:53.7,4.026740E+00,1.019885E+00,4.106813E+00,nan
03:54.7,4.026812E+00,1.019889E+00,4.106901E+00,nan
03:55.7,4.026876E+00,1.019884E+00,4.106947E+00,nan
03:56.7,4.026995E+00,1.019875E+00,4.107032E+00,nan
03:57.7,4.027050E+00,1.019888E+00,4.107139E+00,nan
03:58.7,4.027144E+00,1.019890E+00,4.107245E+00,nan
03:59.7,4.027225E+00,1.019892E+00,4.107333E+00,nan
04:00.7,4.027344E+00,1.019900E+00,4.107490E+00,nan
04:01.7,4.027377E+00,1.019892E+00,4.107487E+00,nan
04:02.7,4.027461E+00,1.019897E+00,4.107594E+00,nan
04:03.7,4.027570E+00,1.019889E+00,4.107674E+00,nan
04:04.7,4.027624E+00,1.019885E+00,4.107714E+00,nan
04:05.7,4.027719E+00,1.019884E+00,4.107806E+00,nan
04:06.7,4.027795E+00,1.019889E+00,4.107904E+00,nan
04:07.7,4.027879E+00,1.019888E+00,4.107985E+00,nan
04:08.7,4.027968E+00,1.019884E+00,4.108060E+00,nan
04:09.7,4.028058E+00,1.019885E+00,4.108156E+00,nan
04:10.7,4.028132E+00,1.019884E+00,4.108227E+00,nan
04:11.7,4.028187E+00,1.019886E+00,4.108293E+00,nan
04:12.7,4.028318E+00,1.019885E+00,4.108422E+00,nan
04:13.7,4.028390E+00,1.019884E+00,4.108490E+00,nan
04:14.7,4.028476E+00,1.019888E+00,4.108594E+00,nan
04:15.7,4.028526E+00,1.019893E+00,4.108665E+00,nan
04:16.7,4.028623E+00,1.019888E+00,4.108743E+00,nan
04:17.7,4.028712E+00,1.019885E+00,4.108823E+00,nan
04:18.7,4.028808E+00,1.019879E+00,4.108896E+00,nan
04:19.7,4.028870E+00,1.019881E+00,4.108970E+00,nan
04:20.7,4.028992E+00,1.019890E+00,4.109130E+00,nan
04:21.7,4.029046E+00,1.019881E+00,4.109149E+00,nan
04:22.7,4.029145E+00,1.019884E+00,4.109261E+00,nan
04:23.7,4.029217E+00,1.019884E+00,4.109334E+00,nan
04:24.7,4.029328E+00,1.019885E+00,4.109452E+00,nan
04:25.7,4.029418E+00,1.019878E+00,4.109513E+00,nan
04:26.7,4.029504E+00,1.019881E+00,4.109616E+00,nan
04:27.7,4.029566E+00,1.019880E+00,4.109675E+00,nan
04:28.7,4.029643E+00,1.019880E+00,4.109753E+00,nan
04:29.7,4.029742E+00,1.019888E+00,4.109885E+00,nan
04:30.7,4.029826E+00,1.019888E+00,4.109971E+00,nan
04:31.7,4.029908E+00,1.019885E+00,4.110044E+00,nan
04:32.7,4.030019E+00,1.019880E+00,4.110137E+00,nan
04:33.7,4.030087E+00,1.019879E+00,4.110200E+00,nan
04:34.7,4.030156E+00,1.019884E+00,4.110291E+00,nan
04:35.7,4.030297E+00,1.019890E+00,4.110461E+00,nan
04:36.7,4.030364E+00,1.019883E+00,4.110498E+00,nan
04:37.7,4.030436E+00,1.019886E+00,4.110587E+00,nan
04:38.7,4.030518E+00,1.019889E+00,4.110681E+00,nan
04:39.7,4.030594E+00,1.019888E+00,4.110754E+00,nan
04:40.7,4.030701E+00,1.019890E+00,4.110873E+00,nan
04:41.7,4.030760E+00,1.019890E+00,4.110933E+00,nan
04:42.7,4.030867E+00,1.019890E+00,4.111042E+00,nan
04:43.7,4.030919E+00,1.019889E+00,4.111090E+00,nan
04:44.7,4.031033E+00,1.019889E+00,4.111206E+00,nan
04:45.7,4.031132E+00,1.019890E+00,4.111312E+00,nan
04:46.7,4.031196E+00,1.019890E+00,4.111378E+00,nan
04:47.7,4.031315E+00,1.019885E+00,4.111478E+00,nan
04:48.7,4.031377E+00,1.019885E+00,4.111542E+00,nan
04:49.7,4.031458E+00,1.019886E+00,4.111630E+00,nan
04:50.7,4.031558E+00,1.019888E+00,4.111736E+00,nan
04:51.7,4.031657E+00,1.019897E+00,4.111873E+00,nan
04:52.7,4.031731E+00,1.019889E+00,4.111918E+00,nan
04:53.7,4.031793E+00,1.019890E+00,4.111987E+00,nan
04:54.7,4.031887E+00,1.019889E+00,4.112077E+00,nan
04:55.7,4.031974E+00,1.019888E+00,4.112161E+00,nan
04:56.7,4.032048E+00,1.019884E+00,4.112221E+00,nan
04:57.7,4.032184E+00,1.019890E+00,4.112386E+00,nan
04:58.7,4.032248E+00,1.019888E+00,4.112441E+00,nan
04:59.7,4.032313E+00,1.019886E+00,4.112501E+00,nan
05:00.7,4.032405E+00,1.019884E+00,4.112585E+00,nan
05:01.7,4.032494E+00,1.019881E+00,4.112666E+00,nan
05:02.7,4.032576E+00,1.019883E+00,4.112754E+00,nan
05:03.7,4.032660E+00,1.019883E+00,4.112840E+00,nan
05:04.7,4.032737E+00,1.019884E+00,4.112924E+00,nan
05:05.7,4.032833E+00,1.019884E+00,4.113022E+00,nan
05:06.7,4.032907E+00,1.019881E+00,4.113087E+00,nan
05:07.7,4.032992E+00,1.019878E+00,4.113158E+00,nan
05:08.7,4.033125E+00,1.019884E+00,4.113320E+00,nan
05:09.7,4.033183E+00,1.019883E+00,4.113373E+00,nan
05:10.7,4.033269E+00,1.019881E+00,4.113456E+00,nan
05:11.7,4.033381E+00,1.019880E+00,4.113565E+00,nan
05:12.7,4.033460E+00,1.019888E+00,4.113677E+00,nan
05:13.7,4.033519E+00,1.019892E+00,4.113752E+00,nan
05:14.7,4.033668E+00,1.019889E+00,4.113894E+00,nan
05:15.7,4.033705E+00,1.019885E+00,4.113916E+00,nan
05:16.7,4.033802E+00,1.019889E+00,4.114030E+00,nan
05:17.7,4.033871E+00,1.019890E+00,4.114106E+00,nan
05:18.7,4.033978E+00,1.019881E+00,4.114178E+00,nan
05:19.7,4.034087E+00,1.019884E+00,4.114300E+00,nan
05:20.7,4.034153E+00,1.019881E+00,4.114358E+00,nan
05:21.7,4.034272E+00,1.019883E+00,4.114484E+00,nan
05:22.7,4.034339E+00,1.019884E+00,4.114558E+00,nan
05:23.7,4.034419E+00,1.019893E+00,4.114675E+00,nan
05:24.7,4.034468E+00,1.019894E+00,4.114730E+00,nan
05:25.7,4.034579E+00,1.019889E+00,4.114823E+00,nan
05:26.7,4.034651E+00,1.019898E+00,4.114932E+00,nan
05:27.7,4.034740E+00,1.019899E+00,4.115028E+00,nan
05:28.7,4.034817E+00,1.019894E+00,4.115086E+00,nan
05:29.7,4.034929E+00,1.019892E+00,4.115190E+00,nan
05:30.7,4.035010E+00,1.019894E+00,4.115283E+00,nan
05:31.7,4.035114E+00,1.019892E+00,4.115379E+00,nan
05:32.7,4.035172E+00,1.019885E+00,4.115412E+00,nan
05:33.7,4.035273E+00,1.019890E+00,4.115536E+00,nan
05:34.7,4.035357E+00,1.019883E+00,4.115591E+00,nan
05:35.7,4.035441E+00,1.019883E+00,4.115677E+00,nan
05:36.7,4.035533E+00,1.019889E+00,4.115796E+00,nan
05:37.7,4.035600E+00,1.019888E+00,4.115859E+00,nan
05:38.7,4.035701E+00,1.019892E+00,4.115977E+00,nan
05:39.7,4.035788E+00,1.019889E+00,4.116056E+00,nan
05:40.7,4.035895E+00,1.019894E+00,4.116185E+00,nan
05:41.7,4.035972E+00,1.019895E+00,4.116269E+00,nan
05:42.7,4.036061E+00,1.019894E+00,4.116355E+00,nan
05:43.7,4.036155E+00,1.019889E+00,4.116430E+00,nan
05:44.7,4.036236E+00,1.019880E+00,4.116477E+00,nan
05:45.7,4.036296E+00,1.019886E+00,4.116564E+00,nan
05:46.7,4.036412E+00,1.019884E+00,4.116672E+00,nan
05:47.7,4.036507E+00,1.019888E+00,4.116784E+00,nan
05:48.7,4.036586E+00,1.019888E+00,4.116865E+00,nan
05:49.7,4.036673E+00,1.019884E+00,4.116938E+00,nan
05:50.7,4.036767E+00,1.019884E+00,4.117034E+00,nan
05:51.7,4.036878E+00,1.019893E+00,4.117183E+00,nan
05:52.7,4.036932E+00,1.019884E+00,4.117203E+00,nan
05:53.7,4.037029E+00,1.019885E+00,4.117306E+00,nan
05:54.7,4.037133E+00,1.019888E+00,4.117423E+00,nan
05:55.7,4.037188E+00,1.019889E+00,4.117483E+00,nan
05:56.7,4.037302E+00,1.019886E+00,4.117589E+00,nan
05:57.7,4.037374E+00,1.019888E+00,4.117668E+00,nan
05:58.7,4.037470E+00,1.019884E+00,4.117751E+00,nan
05:59.7,4.037534E+00,1.019884E+00,4.117817E+00,nan
06:00.7,4.037616E+00,1.019889E+00,4.117920E+00,nan
06:01.7,4.037718E+00,1.019885E+00,4.118009E+00,nan
06:02.7,4.037814E+00,1.019892E+00,4.118132E+00,nan
06:03.7,4.037913E+00,1.019885E+00,4.118208E+00,nan
06:04.7,4.038010E+00,1.019876E+00,4.118271E+00,nan
06:05.7,4.038087E+00,1.019885E+00,4.118385E+00,nan
06:06.7,4.038191E+00,1.019889E+00,4.118506E+00,nan
06:07.7,4.038282E+00,1.019884E+00,4.118580E+00,nan
06:08.7,4.038379E+00,1.019889E+00,4.118699E+00,nan
06:09.7,4.038431E+00,1.019881E+00,4.118721E+00,nan
06:10.7,4.038548E+00,1.019878E+00,4.118824E+00,nan
06:11.7,4.038624E+00,1.019885E+00,4.118933E+00,nan
06:12.7,4.038708E+00,1.019883E+00,4.119009E+00,nan
06:13.7,4.038790E+00,1.019883E+00,4.119092E+00,nan
06:14.7,4.038897E+00,1.019883E+00,4.119201E+00,nan
06:15.7,4.038971E+00,1.019886E+00,4.119292E+00,nan
06:16.7,4.039083E+00,1.019878E+00,4.119370E+00,nan
06:17.7,4.039159E+00,1.019880E+00,4.119458E+00,nan
06:18.7,4.039236E+00,1.019869E+00,4.119491E+00,nan
06:19.7,4.039360E+00,1.019885E+00,4.119683E+00,nan
06:20.7,4.039432E+00,1.019883E+00,4.119746E+00,nan
06:21.7,4.039508E+00,1.019885E+00,4.119835E+00,nan
06:22.7,4.039595E+00,1.019885E+00,4.119923E+00,nan
06:23.7,4.039697E+00,1.019880E+00,4.120007E+00,nan
06:24.7,4.039801E+00,1.019884E+00,4.120128E+00,nan
06:25.7,4.039883E+00,1.019886E+00,4.120222E+00,nan
06:26.7,4.039991E+00,1.019886E+00,4.120333E+00,nan
06:27.7,4.040046E+00,1.019893E+00,4.120414E+00,nan
06:28.7,4.040177E+00,1.019888E+00,4.120528E+00,nan
06:29.7,4.040264E+00,1.019889E+00,4.120621E+00,nan
06:30.7,4.040331E+00,1.019886E+00,4.120679E+00,nan
06:31.7,4.040427E+00,1.019889E+00,4.120787E+00,nan
06:32.7,4.040519E+00,1.019888E+00,4.120876E+00,nan
06:33.7,4.040613E+00,1.019886E+00,4.120967E+00,nan
06:34.7,4.040690E+00,1.019890E+00,4.121061E+00,nan
06:35.7,4.040792E+00,1.019893E+00,4.121174E+00,nan
06:36.7,4.040873E+00,1.019898E+00,4.121278E+00,nan
06:37.7,4.040972E+00,1.019884E+00,4.121323E+00,nan
06:38.7,4.041071E+00,1.019886E+00,4.121434E+00,nan
06:39.7,4.041163E+00,1.019892E+00,4.121548E+00,nan
06:40.7,4.041227E+00,1.019902E+00,4.121654E+00,nan
06:41.7,4.041349E+00,1.019897E+00,4.121758E+00,nan
06:42.7,4.041416E+00,1.019894E+00,4.121816E+00,nan
06:43.7,4.041530E+00,1.019892E+00,4.121922E+00,nan
06:44.7,4.041631E+00,1.019894E+00,4.122036E+00,nan
06:45.7,4.041720E+00,1.019892E+00,4.122116E+00,nan
06:46.7,4.041797E+00,1.019894E+00,4.122205E+00,nan
06:47.7,4.041901E+00,1.019898E+00,4.122326E+00,nan
06:48.7,4.041953E+00,1.019897E+00,4.122374E+00,nan
06:49.7,4.042035E+00,1.019893E+00,4.122443E+00,nan
06:50.7,4.042141E+00,1.019897E+00,4.122566E+00,nan
06:51.7,4.042235E+00,1.019899E+00,4.122672E+00,nan
06:52.7,4.042347E+00,1.019899E+00,4.122786E+00,nan
06:53.7,4.042441E+00,1.019893E+00,4.122856E+00,nan
06:54.7,4.042488E+00,1.019893E+00,4.122905E+00,nan
06:55.7,4.042629E+00,1.019900E+00,4.123079E+00,nan
06:56.7,4.042689E+00,1.019894E+00,4.123115E+00,nan
06:57.7,4.042780E+00,1.019900E+00,4.123234E+00,nan
06:58.7,4.042887E+00,1.019888E+00,4.123291E+00,nan
06:59.7,4.042979E+00,1.019890E+00,4.123395E+00,nan
07:00.7,4.043080E+00,1.019900E+00,4.123539E+00,nan
07:01.7,4.043145E+00,1.019890E+00,4.123564E+00,nan
07:02.7,4.043266E+00,1.019892E+00,4.123692E+00,nan
07:03.7,4.043318E+00,1.019889E+00,4.123735E+00,nan
07:04.7,4.043415E+00,1.019892E+00,4.123844E+00,nan
07:05.7,4.043506E+00,1.019893E+00,4.123943E+00,nan
07:06.7,4.043615E+00,1.019892E+00,4.124049E+00,nan
07:07.7,4.043684E+00,1.019899E+00,4.124150E+00,nan
07:08.7,4.043764E+00,1.019895E+00,4.124216E+00,nan
07:09.7,4.043860E+00,1.019897E+00,4.124320E+00,nan
07:10.7,4.043947E+00,1.019890E+00,4.124383E+00,nan
07:11.7,4.044041E+00,1.019885E+00,4.124458E+00,nan
07:12.7,4.044140E+00,1.019894E+00,4.124595E+00,nan
07:13.7,4.044232E+00,1.019885E+00,4.124652E+00,nan
07:14.7,4.044321E+00,1.019884E+00,4.124738E+00,nan
07:15.7,4.044410E+00,1.019883E+00,4.124824E+00,nan
07:16.7,4.044519E+00,1.019880E+00,4.124925E+00,nan
07:17.7,4.044601E+00,1.019886E+00,4.125034E+00,nan
07:18.7,4.044680E+00,1.019892E+00,4.125135E+00,nan
07:19.7,4.044784E+00,1.019889E+00,4.125231E+00,nan
07:20.7,4.044883E+00,1.019893E+00,4.125347E+00,nan
07:21.7,4.044960E+00,1.019899E+00,4.125451E+00,nan
07:22.7,4.045052E+00,1.019894E+00,4.125524E+00,nan
07:23.7,4.045151E+00,1.019886E+00,4.125595E+00,nan
07:24.7,4.045210E+00,1.019890E+00,4.125671E+00,nan
07:25.7,4.045302E+00,1.019890E+00,4.125764E+00,nan
07:26.7,4.045408E+00,1.019884E+00,4.125847E+00,nan
07:27.7,4.045500E+00,1.019892E+00,4.125971E+00,nan
07:28.7,4.045587E+00,1.019890E+00,4.126055E+00,nan
07:29.7,4.045681E+00,1.019890E+00,4.126151E+00,nan
07:30.7,4.045780E+00,1.019889E+00,4.126247E+00,nan
07:31.7,4.045891E+00,1.019885E+00,4.126345E+00,nan
07:32.7,4.045986E+00,1.019889E+00,4.126456E+00,nan
07:33.7,4.046097E+00,1.019890E+00,4.126575E+00,nan
07:34.7,4.046164E+00,1.019888E+00,4.126633E+00,nan
07:35.7,4.046248E+00,1.019885E+00,4.126708E+00,nan
07:36.7,4.046374E+00,1.019897E+00,4.126884E+00,nan
07:37.7,4.046463E+00,1.019888E+00,4.126939E+00,nan
07:38.7,4.046543E+00,1.019881E+00,4.126993E+00,nan
07:39.7,4.046674E+00,1.019883E+00,4.127133E+00,nan
07:40.7,4.046726E+00,1.019888E+00,4.127207E+00,nan
07:41.7,4.046820E+00,1.019885E+00,4.127292E+00,nan
07:42.7,4.046954E+00,1.019883E+00,4.127418E+00,nan
07:43.7,4.047011E+00,1.019879E+00,4.127461E+00,nan
07:44.7,4.047085E+00,1.019888E+00,4.127573E+00,nan
07:45.7,4.047189E+00,1.019892E+00,4.127694E+00,nan
07:46.7,4.047281E+00,1.019886E+00,4.127767E+00,nan
07:47.7,4.047373E+00,1.019884E+00,4.127851E+00,nan
07:48.7,4.047452E+00,1.019880E+00,4.127916E+00,nan
07:49.7,4.047568E+00,1.019885E+00,4.128055E+00,nan
07:50.7,4.047655E+00,1.019886E+00,4.128149E+00,nan
07:51.7,4.047722E+00,1.019879E+00,4.128186E+00,nan
07:52.7,4.047836E+00,1.019884E+00,4.128323E+00,nan
07:53.7,4.047945E+00,1.019879E+00,4.128413E+00,nan
07:54.7,4.048007E+00,1.019889E+00,4.128517E+00,nan
07:55.7,4.048116E+00,1.019884E+00,4.128608E+00,nan
07:56.7,4.048205E+00,1.019881E+00,4.128689E+00,nan
07:57.7,4.048311E+00,1.019878E+00,4.128782E+00,nan
07:58.7,4.048415E+00,1.019884E+00,4.128914E+00,nan
07:59.7,4.048485E+00,1.019884E+00,4.128985E+00,nan
08:00.7,4.048591E+00,1.019879E+00,4.129073E+00,nan
08:01.7,4.048673E+00,1.019880E+00,4.129161E+00,nan
08:02.7,4.048792E+00,1.019883E+00,4.129293E+00,nan
08:03.7,4.048869E+00,1.019885E+00,4.129381E+00,nan
08:04.7,4.048973E+00,1.019883E+00,4.129477E+00,nan
08:05.7,4.049049E+00,1.019890E+00,4.129586E+00,nan
08:06.7,4.049166E+00,1.019888E+00,4.129695E+00,nan
08:07.7,4.049248E+00,1.019881E+00,4.129752E+00,nan
08:08.7,4.049339E+00,1.019884E+00,4.129856E+00,nan
08:09.7,4.049404E+00,1.019881E+00,4.129911E+00,nan
08:10.7,4.049572E+00,1.019881E+00,4.130083E+00,nan
08:11.7,4.049619E+00,1.019885E+00,4.130147E+00,nan
08:12.7,4.049703E+00,1.019885E+00,4.130232E+00,nan
08:13.7,4.049790E+00,1.019885E+00,4.130321E+00,nan
08:14.7,4.049901E+00,1.019893E+00,4.130465E+00,nan
08:15.7,4.050005E+00,1.019889E+00,4.130556E+00,nan
08:16.7,4.050102E+00,1.019894E+00,4.130675E+00,nan
08:17.7,4.050167E+00,1.019897E+00,4.130751E+00,nan
08:18.7,4.050273E+00,1.019894E+00,4.130850E+00,nan
08:19.7,4.050372E+00,1.019884E+00,4.130910E+00,nan
08:20.7,4.050459E+00,1.019890E+00,4.131024E+00,nan
08:21.7,4.050550E+00,1.019897E+00,4.131143E+00,nan
08:22.7,4.050652E+00,1.019892E+00,4.131226E+00,nan
08:23.7,4.050729E+00,1.019890E+00,4.131299E+00,nan
08:24.7,4.050858E+00,1.019888E+00,4.131420E+00,nan
08:25.7,4.050920E+00,1.019894E+00,4.131509E+00,nan
08:26.7,4.051026E+00,1.019888E+00,4.131592E+00,nan
08:27.7,4.051105E+00,1.019888E+00,4.131673E+00,nan
08:28.7,4.051195E+00,1.019880E+00,4.131733E+00,nan
08:29.7,4.051306E+00,1.019886E+00,4.131872E+00,nan
08:30.7,4.051388E+00,1.019892E+00,4.131976E+00,nan
08:31.7,4.051482E+00,1.019885E+00,4.132046E+00,nan
08:32.7,4.051566E+00,1.019889E+00,4.132148E+00,nan
08:33.7,4.051690E+00,1.019883E+00,4.132248E+00,nan
08:34.7,4.051766E+00,1.019885E+00,4.132337E+00,nan
08:35.7,4.051883E+00,1.019883E+00,4.132446E+00,nan
08:36.7,4.051977E+00,1.019900E+00,4.132613E+00,nan
08:37.7,4.052069E+00,1.019897E+00,4.132691E+00,nan
08:38.7,4.052151E+00,1.019894E+00,4.132765E+00,nan
08:39.7,4.052262E+00,1.019897E+00,4.132888E+00,nan
08:40.7,4.052378E+00,1.019900E+00,4.133022E+00,nan
08:41.7,4.052425E+00,1.019892E+00,4.133034E+00,nan
08:42.7,4.052535E+00,1.019892E+00,4.133146E+00,nan
08:43.7,4.052626E+00,1.019890E+00,4.133234E+00,nan
08:44.7,4.052718E+00,1.019893E+00,4.133338E+00,nan
08:45.7,4.052827E+00,1.019893E+00,4.133449E+00,nan
08:46.7,4.052913E+00,1.019894E+00,4.133542E+00,nan
08:47.7,4.053022E+00,1.019892E+00,4.133643E+00,nan
08:48.7,4.053122E+00,1.019889E+00,4.133734E+00,nan
08:49.7,4.053216E+00,1.019880E+00,4.133794E+00,nan
08:50.7,4.053322E+00,1.019895E+00,4.133964E+00,nan
08:51.7,4.053416E+00,1.019895E+00,4.134060E+00,nan
08:52.7,4.053463E+00,1.019884E+00,4.134062E+00,nan
08:53.7,4.053572E+00,1.019894E+00,4.134214E+00,nan
08:54.7,4.053669E+00,1.019888E+00,4.134288E+00,nan
08:55.7,4.053765E+00,1.019890E+00,4.134396E+00,nan
08:56.7,4.053877E+00,1.019889E+00,4.134504E+00,nan
08:57.7,4.053966E+00,1.019886E+00,4.134585E+00,nan
08:58.7,4.054058E+00,1.019884E+00,4.134668E+00,nan
08:59.7,4.054164E+00,1.019881E+00,4.134767E+00,nan
09:00.7,4.054271E+00,1.019888E+00,4.134901E+00,nan
09:01.7,4.054343E+00,1.019888E+00,4.134975E+00,nan
09:02.7,4.054464E+00,1.019890E+00,4.135108E+00,nan
09:03.7,4.054558E+00,1.019890E+00,4.135205E+00,nan
09:04.7,4.054630E+00,1.019890E+00,4.135278E+00,nan
09:05.7,4.054734E+00,1.019892E+00,4.135388E+00,nan
09:06.7,4.054801E+00,1.019892E+00,4.135457E+00,nan
09:07.7,4.054932E+00,1.019886E+00,4.135570E+00,nan
09:08.7,4.055017E+00,1.019897E+00,4.135698E+00,nan
09:09.7,4.055150E+00,1.019890E+00,4.135808E+00,nan
09:10.7,4.055227E+00,1.019897E+00,4.135912E+00,nan
09:11.7,4.055311E+00,1.019892E+00,4.135977E+00,nan
09:12.7,4.055422E+00,1.019893E+00,4.136096E+00,nan
09:13.7,4.055494E+00,1.019890E+00,4.136159E+00,nan
09:14.7,4.055611E+00,1.019892E+00,4.136283E+00,nan
09:15.7,4.055700E+00,1.019893E+00,4.136379E+00,nan
09:16.7,4.055777E+00,1.019892E+00,4.136452E+00,nan
09:17.7,4.055876E+00,1.019884E+00,4.136523E+00,nan
09:18.7,4.055987E+00,1.019888E+00,4.136652E+00,nan
09:19.7,4.056079E+00,1.019893E+00,4.136766E+00,nan
09:20.7,4.056173E+00,1.019895E+00,4.136872E+00,nan
09:21.7,4.056262E+00,1.019886E+00,4.136927E+00,nan
09:22.7,4.056364E+00,1.019895E+00,4.137066E+00,nan
09:23.7,4.056465E+00,1.019893E+00,4.137160E+00,nan
09:24.7,4.056579E+00,1.019893E+00,4.137276E+00,nan
09:25.7,4.056649E+00,1.019893E+00,4.137347E+00,nan
09:26.7,4.056765E+00,1.019890E+00,4.137455E+00,nan
09:27.7,4.056842E+00,1.019888E+00,4.137524E+00,nan
09:28.7,4.056946E+00,1.019892E+00,4.137645E+00,nan
09:29.7,4.057027E+00,1.019883E+00,4.137692E+00,nan
09:30.7,4.057149E+00,1.019883E+00,4.137816E+00,nan
09:31.7,4.057243E+00,1.019884E+00,4.137917E+00,nan
09:32.7,4.057307E+00,1.019892E+00,4.138013E+00,nan
09:33.7,4.057421E+00,1.019892E+00,4.138129E+00,nan
09:34.7,4.057523E+00,1.019890E+00,4.138228E+00,nan
09:35.7,4.057617E+00,1.019889E+00,4.138319E+00,nan
09:36.7,4.057731E+00,1.019890E+00,4.138441E+00,nan
09:37.7,4.057810E+00,1.019893E+00,4.138532E+00,nan
09:38.7,4.057894E+00,1.019888E+00,4.138597E+00,nan
09:39.7,4.058016E+00,1.019889E+00,4.138726E+00,nan
09:40.7,4.058105E+00,1.019890E+00,4.138822E+00,nan
09:41.7,4.058207E+00,1.019881E+00,4.138889E+00,nan
09:42.7,4.058306E+00,1.019883E+00,4.138996E+00,nan
09:43.7,4.058370E+00,1.019883E+00,4.139061E+00,nan
09:44.7,4.058489E+00,1.019884E+00,4.139188E+00,nan
09:45.7,4.058563E+00,1.019886E+00,4.139274E+00,nan
09:46.7,4.058672E+00,1.019886E+00,4.139385E+00,nan
09:47.7,4.058759E+00,1.019886E+00,4.139473E+00,nan
09:48.7,4.058863E+00,1.019883E+00,4.139564E+00,nan
09:49.7,4.058967E+00,1.019889E+00,4.139696E+00,nan
09:50.7,4.059046E+00,1.019881E+00,4.139746E+00,nan
09:51.7,4.059187E+00,1.019886E+00,4.139910E+00,nan
09:52.7,4.059281E+00,1.019893E+00,4.140032E+00,nan
09:53.7,4.059420E+00,1.019888E+00,4.140153E+00,nan
09:54.7,4.059484E+00,1.019890E+00,4.140229E+00,nan
09:55.7,4.059564E+00,1.019886E+00,4.140294E+00,nan
09:56.7,4.059656E+00,1.019883E+00,4.140372E+00,nan
09:57.7,4.059772E+00,1.019881E+00,4.140486E+00,nan
09:58.7,4.059854E+00,1.019888E+00,4.140595E+00,nan
09:59.7,4.059965E+00,1.019885E+00,4.140698E+00,nan
10:00.7,4.060034E+00,1.019884E+00,4.140764E+00,nan
10:01.7,4.060136E+00,1.019885E+00,4.140872E+00,nan
10:02.7,4.060225E+00,1.019884E+00,4.140958E+00,nan
10:03.7,4.060337E+00,1.019879E+00,4.141051E+00,nan
10:04.7,4.060411E+00,1.019884E+00,4.141148E+00,nan
10:05.7,4.060540E+00,1.019883E+00,4.141274E+00,nan
10:06.7,4.060639E+00,1.019884E+00,4.141381E+00,nan
10:07.7,4.060735E+00,1.019889E+00,4.141499E+00,nan
10:08.7,4.060802E+00,1.019883E+00,4.141542E+00,nan
10:09.7,4.060934E+00,1.019888E+00,4.141697E+00,nan
10:10.7,4.061048E+00,1.019880E+00,4.141782E+00,nan
10:11.7,4.061100E+00,1.019879E+00,4.141830E+00,nan
10:12.7,4.061224E+00,1.019888E+00,4.141992E+00,nan
10:13.7,4.061317E+00,1.019888E+00,4.142088E+00,nan
10:14.7,4.061417E+00,1.019885E+00,4.142179E+00,nan
10:15.7,4.061516E+00,1.019884E+00,4.142275E+00,nan
10:16.7,4.061612E+00,1.019880E+00,4.142358E+00,nan
10:17.7,4.061726E+00,1.019883E+00,4.142484E+00,nan
10:18.7,4.061818E+00,1.019883E+00,4.142577E+00,nan
10:19.7,4.061904E+00,1.019888E+00,4.142687E+00,nan
10:20.7,4.062008E+00,1.019883E+00,4.142772E+00,nan
10:21.7,4.062108E+00,1.019880E+00,4.142863E+00,nan
10:22.7,4.062207E+00,1.019881E+00,4.142969E+00,nan
10:23.7,4.062338E+00,1.019889E+00,4.143134E+00,nan
10:24.7,4.062410E+00,1.019889E+00,4.143207E+00,nan
10:25.7,4.062497E+00,1.019888E+00,4.143291E+00,nan
10:26.7,4.062598E+00,1.019889E+00,4.143399E+00,nan
10:27.7,4.062709E+00,1.019899E+00,4.143554E+00,nan
10:28.7,4.062826E+00,1.019895E+00,4.143657E+00,nan
10:29.7,4.062893E+00,1.019890E+00,4.143705E+00,nan
10:30.7,4.062989E+00,1.019885E+00,4.143783E+00,nan
10:31.7,4.063081E+00,1.019893E+00,4.143907E+00,nan
10:32.7,4.063180E+00,1.019883E+00,4.143967E+00,nan
10:33.7,4.063302E+00,1.019881E+00,4.144086E+00,nan
10:34.7,4.063356E+00,1.019892E+00,4.144182E+00,nan
10:35.7,4.063457E+00,1.019885E+00,4.144260E+00,nan
10:36.7,4.063579E+00,1.019889E+00,4.144400E+00,nan
10:37.7,4.063688E+00,1.019890E+00,4.144516E+00,nan
10:38.7,4.063765E+00,1.019884E+00,4.144568E+00,nan
10:39.7,4.063881E+00,1.019885E+00,4.144692E+00,nan
10:40.7,4.063955E+00,1.019886E+00,4.144773E+00,nan
10:41.7,4.064052E+00,1.019888E+00,4.144877E+00,nan
10:42.7,4.064168E+00,1.019893E+00,4.145016E+00,nan
10:43.7,4.064268E+00,1.019890E+00,4.145107E+00,nan
10:44.7,4.064357E+00,1.019888E+00,4.145188E+00,nan
10:45.7,4.064456E+00,1.019892E+00,4.145304E+00,nan
10:46.7,4.064567E+00,1.019883E+00,4.145382E+00,nan
10:47.7,4.064662E+00,1.019890E+00,4.145509E+00,nan
10:48.7,4.064741E+00,1.019888E+00,4.145579E+00,nan
10:49.7,4.064855E+00,1.019897E+00,4.145732E+00,nan
10:50.7,4.064986E+00,1.019895E+00,4.145860E+00,nan
10:51.7,4.065075E+00,1.019889E+00,4.145925E+00,nan
10:52.7,4.065149E+00,1.019890E+00,4.146006E+00,nan
10:53.7,4.065273E+00,1.019890E+00,4.146133E+00,nan
10:54.7,4.065362E+00,1.019893E+00,4.146234E+00,nan
10:55.7,4.065476E+00,1.019884E+00,4.146314E+00,nan
10:56.7,4.065588E+00,1.019889E+00,4.146448E+00,nan
10:57.7,4.065639E+00,1.019884E+00,4.146481E+00,nan
10:58.7,4.065753E+00,1.019894E+00,4.146638E+00,nan
10:59.7,4.065877E+00,1.019899E+00,4.146785E+00,nan
11:00.7,4.065962E+00,1.019895E+00,4.146855E+00,nan
11:01.7,4.066056E+00,1.019886E+00,4.146915E+00,nan
11:02.7,4.066182E+00,1.019890E+00,4.147060E+00,nan
11:03.7,4.066251E+00,1.019888E+00,4.147120E+00,nan
11:04.7,4.066365E+00,1.019892E+00,4.147251E+00,nan
11:05.7,4.066469E+00,1.019881E+00,4.147316E+00,nan
11:06.7,4.066546E+00,1.019881E+00,4.147395E+00,nan
11:07.7,4.066660E+00,1.019880E+00,4.147506E+00,nan
11:08.7,4.066749E+00,1.019879E+00,4.147591E+00,nan
11:09.7,4.066851E+00,1.019885E+00,4.147721E+00,nan
11:10.7,4.066937E+00,1.019883E+00,4.147799E+00,nan
11:11.7,4.067061E+00,1.019885E+00,4.147936E+00,nan
11:12.7,4.067143E+00,1.019893E+00,4.148050E+00,nan
11:13.7,4.067262E+00,1.019888E+00,4.148151E+00,nan
11:14.7,4.067337E+00,1.019892E+00,4.148242E+00,nan
11:15.7,4.067448E+00,1.019881E+00,4.148314E+00,nan
11:16.7,4.067567E+00,1.019886E+00,4.148457E+00,nan
11:17.7,4.067653E+00,1.019880E+00,4.148519E+00,nan
11:18.7,4.067745E+00,1.019881E+00,4.148618E+00,nan
11:19.7,4.067839E+00,1.019883E+00,4.148719E+00,nan
11:20.7,4.067926E+00,1.019878E+00,4.148787E+00,nan
11:21.7,4.068050E+00,1.019888E+00,4.148954E+00,nan
11:22.7,4.068149E+00,1.019880E+00,4.149024E+00,nan
11:23.7,4.068250E+00,1.019870E+00,4.149086E+00,nan
11:24.7,4.068347E+00,1.019875E+00,4.149206E+00,nan
11:25.7,4.068436E+00,1.019879E+00,4.149312E+00,nan
11:26.7,4.068528E+00,1.019883E+00,4.149421E+00,nan
11:27.7,4.068652E+00,1.019884E+00,4.149553E+00,nan
11:28.7,4.068760E+00,1.019879E+00,4.149643E+00,nan
11:29.7,4.068850E+00,1.019878E+00,4.149729E+00,nan
11:30.7,4.068944E+00,1.019876E+00,4.149820E+00,nan
11:31.7,4.069063E+00,1.019883E+00,4.149967E+00,nan
11:32.7,4.069181E+00,1.019878E+00,4.150067E+00,nan
11:33.7,4.069258E+00,1.019880E+00,4.150156E+00,nan
11:34.7,4.069370E+00,1.019878E+00,4.150259E+00,nan
11:35.7,4.069432E+00,1.019885E+00,4.150353E+00,nan
11:36.7,4.069561E+00,1.019880E+00,4.150464E+00,nan
11:37.7,4.069650E+00,1.019881E+00,4.150560E+00,nan
11:38.7,4.069739E+00,1.019879E+00,4.150641E+00,nan
11:39.7,4.069875E+00,1.019875E+00,4.150764E+00,nan
11:40.7,4.069962E+00,1.019890E+00,4.150915E+00,nan
11:41.7,4.070066E+00,1.019886E+00,4.151005E+00,nan
11:42.7,4.070168E+00,1.019878E+00,4.151073E+00,nan
11:43.6,4.070264E+00,1.019871E+00,4.151146E+00,nan
11:44.7,4.070333E+00,1.019875E+00,4.151232E+00,nan
11:45.7,4.070447E+00,1.019883E+00,4.151379E+00,nan
11:46.6,4.070546E+00,1.019879E+00,4.151464E+00,nan
11:47.7,4.070641E+00,1.019883E+00,4.151576E+00,nan
11:48.7,4.070735E+00,1.019878E+00,4.151651E+00,nan
11:49.6,4.070854E+00,1.019883E+00,4.151793E+00,nan
11:50.7,4.070982E+00,1.019886E+00,4.151940E+00,nan
11:51.7,4.071062E+00,1.019884E+00,4.152011E+00,nan
11:52.7,4.071136E+00,1.019883E+00,4.152081E+00,nan
11:53.7,4.071262E+00,1.019885E+00,4.152220E+00,nan
11:54.6,4.071376E+00,1.019889E+00,4.152352E+00,nan
11:55.7,4.071445E+00,1.019886E+00,4.152412E+00,nan
11:56.6,4.071557E+00,1.019892E+00,4.152546E+00,nan
11:57.6,4.071676E+00,1.019899E+00,4.152699E+00,nan
11:58.6,4.071745E+00,1.019889E+00,4.152728E+00,nan
11:59.6,4.071872E+00,1.019892E+00,4.152867E+00,nan
12:00.6,4.071943E+00,1.019885E+00,4.152915E+00,nan
12:01.6,4.072072E+00,1.019888E+00,4.153057E+00,nan
12:02.6,4.072174E+00,1.019892E+00,4.153175E+00,nan
12:03.6,4.072270E+00,1.019888E+00,4.153259E+00,nan
12:04.6,4.072384E+00,1.019890E+00,4.153385E+00,nan
12:05.6,4.072459E+00,1.019889E+00,4.153456E+00,nan
12:06.6,4.072563E+00,1.019893E+00,4.153577E+00,nan
12:07.6,4.072667E+00,1.019900E+00,4.153715E+00,nan
12:08.6,4.072763E+00,1.019897E+00,4.153797E+00,nan
12:09.6,4.072850E+00,1.019903E+00,4.153911E+00,nan
12:10.6,4.072959E+00,1.019900E+00,4.154013E+00,nan
12:11.6,4.073095E+00,1.019902E+00,4.154157E+00,nan
12:12.6,4.073202E+00,1.019905E+00,4.154281E+00,nan
12:13.6,4.073288E+00,1.019897E+00,4.154333E+00,nan
12:14.6,4.073385E+00,1.019899E+00,4.154442E+00,nan
12:15.6,4.073486E+00,1.019899E+00,4.154545E+00,nan
12:16.6,4.073575E+00,1.019892E+00,4.154605E+00,nan
12:17.6,4.073682E+00,1.019898E+00,4.154740E+00,nan
12:18.6,4.073799E+00,1.019892E+00,4.154833E+00,nan
12:19.6,4.073851E+00,1.019889E+00,4.154875E+00,nan
12:20.6,4.073987E+00,1.019895E+00,4.155040E+00,nan
12:21.6,4.074083E+00,1.019893E+00,4.155128E+00,nan
12:22.6,4.074183E+00,1.019894E+00,4.155235E+00,nan
12:23.6,4.074291E+00,1.019892E+00,4.155335E+00,nan
12:24.6,4.074383E+00,1.019892E+00,4.155429E+00,nan
12:25.6,4.074504E+00,1.019895E+00,4.155568E+00,nan
12:26.6,4.074574E+00,1.019897E+00,4.155644E+00,nan
12:27.6,4.074690E+00,1.019889E+00,4.155732E+00,nan
12:28.6,4.074807E+00,1.019889E+00,4.155851E+00,nan
12:29.6,4.074908E+00,1.019895E+00,4.155980E+00,nan
12:30.6,4.075007E+00,1.019889E+00,4.156055E+00,nan
12:31.6,4.075077E+00,1.019898E+00,4.156162E+00,nan
12:32.6,4.075183E+00,1.019894E+00,4.156255E+00,nan
12:33.6,4.075282E+00,1.019892E+00,4.156346E+00,nan
12:34.6,4.075379E+00,1.019893E+00,4.156450E+00,nan
12:35.6,4.075495E+00,1.019895E+00,4.156579E+00,nan
12:36.6,4.075602E+00,1.019902E+00,4.156713E+00,nan
12:37.6,4.075726E+00,1.019907E+00,4.156860E+00,nan
12:38.6,4.075807E+00,1.019899E+00,4.156912E+00,nan
12:39.6,4.075924E+00,1.019895E+00,4.157016E+00,nan
12:40.6,4.076013E+00,1.019904E+00,4.157143E+00,nan
12:41.6,4.076107E+00,1.019898E+00,4.157213E+00,nan
12:42.6,4.076209E+00,1.019903E+00,4.157337E+00,nan
12:43.6,4.076333E+00,1.019902E+00,4.157458E+00,nan
12:44.6,4.076434E+00,1.019897E+00,4.157541E+00,nan
12:45.6,4.076513E+00,1.019892E+00,4.157601E+00,nan
12:46.6,4.076659E+00,1.019899E+00,4.157781E+00,nan
12:47.6,4.076741E+00,1.019904E+00,4.157885E+00,nan
12:48.6,4.076843E+00,1.019895E+00,4.157953E+00,nan
12:49.6,4.076927E+00,1.019897E+00,4.158044E+00,nan
12:50.6,4.077048E+00,1.019897E+00,4.158168E+00,nan
12:51.6,4.077167E+00,1.019893E+00,4.158273E+00,nan
12:52.6,4.077251E+00,1.019895E+00,4.158370E+00,nan
12:53.6,4.077348E+00,1.019890E+00,4.158447E+00,nan
12:54.6,4.077442E+00,1.019895E+00,4.158564E+00,nan
12:55.6,4.077534E+00,1.019889E+00,4.158632E+00,nan
12:56.6,4.077638E+00,1.019889E+00,4.158738E+00,nan
12:57.6,4.077732E+00,1.019892E+00,4.158844E+00,nan
12:58.6,4.077858E+00,1.019889E+00,4.158962E+00,nan
12:59.6,4.077938E+00,1.019898E+00,4.159080E+00,nan
13:00.6,4.078059E+00,1.019886E+00,4.159157E+00,nan
13:01.6,4.078190E+00,1.019890E+00,4.159306E+00,nan
13:02.6,4.078257E+00,1.019888E+00,4.159365E+00,nan
13:03.6,4.078376E+00,1.019885E+00,4.159475E+00,nan
13:04.6,4.078460E+00,1.019884E+00,4.159556E+00,nan
13:05.6,4.078562E+00,1.019883E+00,4.159655E+00,nan
13:06.6,4.078673E+00,1.019892E+00,4.159804E+00,nan
13:07.6,4.078784E+00,1.019892E+00,4.159918E+00,nan
13:08.6,4.078864E+00,1.019889E+00,4.159988E+00,nan
13:09.6,4.078988E+00,1.019886E+00,4.160104E+00,nan
13:10.6,4.079067E+00,1.019885E+00,4.160180E+00,nan
13:11.6,4.079158E+00,1.019889E+00,4.160289E+00,nan
13:12.6,4.079309E+00,1.019888E+00,4.160438E+00,nan
13:13.6,4.079401E+00,1.019888E+00,4.160532E+00,nan
13:14.6,4.079483E+00,1.019890E+00,4.160625E+00,nan
13:15.6,4.079609E+00,1.019885E+00,4.160733E+00,nan
13:16.6,4.079713E+00,1.019879E+00,4.160813E+00,nan
13:17.6,4.079785E+00,1.019879E+00,4.160887E+00,nan
13:18.6,4.079912E+00,1.019881E+00,4.161026E+00,nan
13:19.6,4.080001E+00,1.019881E+00,4.161117E+00,nan
13:20.6,4.080144E+00,1.019878E+00,4.161248E+00,nan
13:21.6,4.080209E+00,1.019876E+00,4.161308E+00,nan
13:22.6,4.080308E+00,1.019870E+00,4.161384E+00,nan
13:23.6,4.080392E+00,1.019873E+00,4.161480E+00,nan
13:24.6,4.080531E+00,1.019878E+00,4.161642E+00,nan
13:25.6,4.080645E+00,1.019884E+00,4.161784E+00,nan
13:26.6,4.080724E+00,1.019888E+00,4.161880E+00,nan
13:27.6,4.080845E+00,1.019879E+00,4.161968E+00,nan
13:28.6,4.080935E+00,1.019883E+00,4.162074E+00,nan
13:29.6,4.081036E+00,1.019885E+00,4.162188E+00,nan
13:30.6,4.081142E+00,1.019886E+00,4.162302E+00,nan
13:31.6,4.081244E+00,1.019880E+00,4.162380E+00,nan
13:32.6,4.081346E+00,1.019883E+00,4.162494E+00,nan
13:33.6,4.081437E+00,1.019883E+00,4.162587E+00,nan
13:34.6,4.081542E+00,1.019885E+00,4.162704E+00,nan
13:35.6,4.081638E+00,1.019897E+00,4.162849E+00,nan
13:36.6,4.081767E+00,1.019884E+00,4.162928E+00,nan
13:37.6,4.081866E+00,1.019889E+00,4.163050E+00,nan
13:38.6,4.081982E+00,1.019881E+00,4.163138E+00,nan
13:39.6,4.082052E+00,1.019890E+00,4.163245E+00,nan
13:40.6,4.082183E+00,1.019890E+00,4.163379E+00,nan
13:41.6,4.082287E+00,1.019889E+00,4.163479E+00,nan
13:42.6,4.082388E+00,1.019893E+00,4.163599E+00,nan
13:43.6,4.082488E+00,1.019895E+00,4.163710E+00,nan
13:44.6,4.082582E+00,1.019895E+00,4.163806E+00,nan
13:45.6,4.082703E+00,1.019892E+00,4.163914E+00,nan
13:46.6,4.082809E+00,1.019883E+00,4.163987E+00,nan
13:47.6,4.082891E+00,1.019895E+00,4.164121E+00,nan
13:48.6,4.082998E+00,1.019888E+00,4.164200E+00,nan
13:49.6,4.083141E+00,1.019895E+00,4.164377E+00,nan
13:50.6,4.083218E+00,1.019888E+00,4.164424E+00,nan
13:51.6,4.083334E+00,1.019892E+00,4.164558E+00,nan
13:52.6,4.083416E+00,1.019893E+00,4.164647E+00,nan
13:53.6,4.083508E+00,1.019883E+00,4.164699E+00,nan
13:54.6,4.083612E+00,1.019876E+00,4.164779E+00,nan
13:55.6,4.083718E+00,1.019886E+00,4.164929E+00,nan
13:56.6,4.083800E+00,1.019883E+00,4.164997E+00,nan
13:57.6,4.083917E+00,1.019893E+00,4.165157E+00,nan
13:58.6,4.084038E+00,1.019894E+00,4.165286E+00,nan
13:59.6,4.084135E+00,1.019894E+00,4.165385E+00,nan
14:00.6,4.084231E+00,1.019895E+00,4.165488E+00,nan
14:01.6,4.084338E+00,1.019894E+00,4.165592E+00,nan
14:02.6,4.084444E+00,1.019892E+00,4.165690E+00,nan
14:03.6,4.084573E+00,1.019895E+00,4.165837E+00,nan
14:04.6,4.084647E+00,1.019892E+00,4.165897E+00,nan
14:05.6,4.084719E+00,1.019892E+00,4.165970E+00,nan
14:06.6,4.084831E+00,1.019881E+00,4.166043E+00,nan
14:07.6,4.084945E+00,1.019892E+00,4.166200E+00,nan
14:08.6,4.085036E+00,1.019895E+00,4.166309E+00,nan
14:09.6,4.085130E+00,1.019888E+00,4.166374E+00,nan
14:10.6,4.085229E+00,1.019885E+00,4.166465E+00,nan
14:11.6,4.085336E+00,1.019886E+00,4.166579E+00,nan
14:12.6,4.085467E+00,1.019886E+00,4.166713E+00,nan
14:13.6,4.085557E+00,1.019885E+00,4.166799E+00,nan
14:14.6,4.085665E+00,1.019886E+00,4.166915E+00,nan
14:15.6,4.085772E+00,1.019888E+00,4.167029E+00,nan
14:16.6,4.085868E+00,1.019890E+00,4.167138E+00,nan
14:17.6,4.085992E+00,1.019885E+00,4.167243E+00,nan
14:18.6,4.086084E+00,1.019885E+00,4.167336E+00,nan
14:19.6,4.086181E+00,1.019881E+00,4.167420E+00,nan
14:20.6,4.086260E+00,1.019886E+00,4.167521E+00,nan
14:21.6,4.086386E+00,1.019892E+00,4.167671E+00,nan
14:22.6,4.086465E+00,1.019892E+00,4.167751E+00,nan
14:23.6,4.086607E+00,1.019898E+00,4.167921E+00,nan
14:24.6,4.086703E+00,1.019889E+00,4.167984E+00,nan
14:25.6,4.086805E+00,1.019888E+00,4.168082E+00,nan
14:26.6,4.086901E+00,1.019890E+00,4.168191E+00,nan
14:27.6,4.087030E+00,1.019894E+00,4.168338E+00,nan
14:28.6,4.087122E+00,1.019886E+00,4.168400E+00,nan
14:29.6,4.087216E+00,1.019892E+00,4.168517E+00,nan
14:30.6,4.087305E+00,1.019886E+00,4.168587E+00,nan
14:31.6,4.087426E+00,1.019897E+00,4.168752E+00,nan
14:32.6,4.087513E+00,1.019893E+00,4.168825E+00,nan
14:33.6,4.087639E+00,1.019895E+00,4.168964E+00,nan
14:34.6,4.087714E+00,1.019902E+00,4.169066E+00,nan
14:35.6,4.087857E+00,1.019894E+00,4.169182E+00,nan
14:36.6,4.087954E+00,1.019897E+00,4.169291E+00,nan
14:37.6,4.088033E+00,1.019900E+00,4.169387E+00,nan
14:38.6,4.088172E+00,1.019895E+00,4.169507E+00,nan
14:39.6,4.088261E+00,1.019900E+00,4.169619E+00,nan
14:40.6,4.088355E+00,1.019893E+00,4.169684E+00,nan
14:41.6,4.088491E+00,1.019890E+00,4.169813E+00,nan
14:42.6,4.088593E+00,1.019892E+00,4.169921E+00,nan
14:43.6,4.088665E+00,1.019897E+00,4.170016E+00,nan
14:44.6,4.088794E+00,1.019894E+00,4.170137E+00,nan
14:45.6,4.088878E+00,1.019899E+00,4.170243E+00,nan
14:46.6,4.088989E+00,1.019895E+00,4.170341E+00,nan
14:47.6,4.089091E+00,1.019899E+00,4.170460E+00,nan
14:48.6,4.089197E+00,1.019885E+00,4.170512E+00,nan
14:49.6,4.089319E+00,1.019894E+00,4.170672E+00,nan
14:50.6,4.089396E+00,1.019892E+00,4.170740E+00,nan
14:51.6,4.089509E+00,1.019893E+00,4.170861E+00,nan
14:52.6,4.089621E+00,1.019892E+00,4.170970E+00,nan
14:53.6,4.089713E+00,1.019892E+00,4.171063E+00,nan
14:54.6,4.089809E+00,1.019885E+00,4.171136E+00,nan
14:55.6,4.089906E+00,1.019893E+00,4.171265E+00,nan
14:56.6,4.090030E+00,1.019892E+00,4.171387E+00,nan
14:57.6,4.090146E+00,1.019889E+00,4.171495E+00,nan
14:58.6,4.090242E+00,1.019895E+00,4.171619E+00,nan
14:59.6,4.090334E+00,1.019894E+00,4.171708E+00,nan
15:00.6,4.090441E+00,1.019895E+00,4.171821E+00,nan
15:01.6,4.090547E+00,1.019893E+00,4.171920E+00,nan
15:02.6,4.090656E+00,1.019892E+00,4.172026E+00,nan
15:03.6,4.090793E+00,1.019890E+00,4.172160E+00,nan
15:04.6,4.090847E+00,1.019886E+00,4.172200E+00,nan
15:05.6,4.090971E+00,1.019897E+00,4.172368E+00,nan
15:06.6,4.091060E+00,1.019897E+00,4.172458E+00,nan
15:07.6,4.091174E+00,1.019894E+00,4.172564E+00,nan
15:08.6,4.091283E+00,1.019898E+00,4.172690E+00,nan
15:09.6,4.091377E+00,1.019892E+00,4.172761E+00,nan
15:10.6,4.091449E+00,1.019898E+00,4.172860E+00,nan
15:11.6,4.091583E+00,1.019894E+00,4.172981E+00,nan
15:12.6,4.091684E+00,1.019897E+00,4.173095E+00,nan
15:13.6,4.091788E+00,1.019899E+00,4.173211E+00,nan
15:14.6,4.091897E+00,1.019900E+00,4.173328E+00,nan
15:15.6,4.092016E+00,1.019898E+00,4.173438E+00,nan
15:16.6,4.092113E+00,1.019897E+00,4.173532E+00,nan
15:17.6,4.092249E+00,1.019893E+00,4.173655E+00,nan
15:18.6,4.092330E+00,1.019893E+00,4.173738E+00,nan
15:19.6,4.092427E+00,1.019895E+00,4.173847E+00,nan
15:20.6,4.092526E+00,1.019899E+00,4.173964E+00,nan
15:21.6,4.092675E+00,1.019894E+00,4.174095E+00,nan
15:22.6,4.092737E+00,1.019895E+00,4.174163E+00,nan
15:23.6,4.092831E+00,1.019894E+00,4.174254E+00,nan
15:24.6,4.092947E+00,1.019892E+00,4.174362E+00,nan
15:25.6,4.093054E+00,1.019897E+00,4.174492E+00,nan
15:26.6,4.093173E+00,1.019898E+00,4.174618E+00,nan
15:27.6,4.093242E+00,1.019893E+00,4.174668E+00,nan
15:28.6,4.093376E+00,1.019893E+00,4.174804E+00,nan
15:29.6,4.093477E+00,1.019886E+00,4.174882E+00,nan
15:30.6,4.093559E+00,1.019893E+00,4.174992E+00,nan
15:31.6,4.093680E+00,1.019889E+00,4.175100E+00,nan
15:32.6,4.093787E+00,1.019888E+00,4.175204E+00,nan
15:33.6,4.093866E+00,1.019889E+00,4.175289E+00,nan
15:34.6,4.093993E+00,1.019893E+00,4.175434E+00,nan
15:35.6,4.094119E+00,1.019890E+00,4.175552E+00,nan
15:36.6,4.094240E+00,1.019892E+00,4.175681E+00,nan
15:37.6,4.094322E+00,1.019897E+00,4.175785E+00,nan
15:38.6,4.094399E+00,1.019893E+00,4.175848E+00,nan
15:39.6,4.094518E+00,1.019890E+00,4.175959E+00,nan
15:40.6,4.094622E+00,1.019888E+00,4.176055E+00,nan
15:41.6,4.094716E+00,1.019884E+00,4.176135E+00,nan
15:42.6,4.094812E+00,1.019894E+00,4.176275E+00,nan
15:43.6,4.094954E+00,1.019893E+00,4.176414E+00,nan
15:44.6,4.095050E+00,1.019890E+00,4.176502E+00,nan
15:45.6,4.095181E+00,1.019889E+00,4.176631E+00,nan
15:46.6,4.095226E+00,1.019886E+00,4.176666E+00,nan
15:47.6,4.095360E+00,1.019888E+00,4.176808E+00,nan
15:48.6,4.095459E+00,1.019886E+00,4.176903E+00,nan
15:49.6,4.095548E+00,1.019888E+00,4.177000E+00,nan
15:50.6,4.095654E+00,1.019894E+00,4.177134E+00,nan
15:51.6,4.095766E+00,1.019893E+00,4.177242E+00,nan
15:52.6,4.095872E+00,1.019893E+00,4.177351E+00,nan
15:53.6,4.095979E+00,1.019895E+00,4.177470E+00,nan
15:54.6,4.096076E+00,1.019895E+00,4.177568E+00,nan
15:55.6,4.096170E+00,1.019890E+00,4.177644E+00,nan
15:56.6,4.096291E+00,1.019889E+00,4.177762E+00,nan
15:57.6,4.096403E+00,1.019890E+00,4.177881E+00,nan
15:58.6,4.096507E+00,1.019895E+00,4.178008E+00,nan
15:59.6,4.096591E+00,1.019886E+00,4.178058E+00,nan
16:00.6,4.096703E+00,1.019889E+00,4.178182E+00,nan
16:01.6,4.096819E+00,1.019883E+00,4.178275E+00,nan
16:02.6,4.096913E+00,1.019889E+00,4.178396E+00,nan
16:03.6,4.097029E+00,1.019884E+00,4.178494E+00,nan
16:04.6,4.097143E+00,1.019886E+00,4.178621E+00,nan
16:05.6,4.097235E+00,1.019888E+00,4.178720E+00,nan
16:06.6,4.097339E+00,1.019881E+00,4.178799E+00,nan
16:07.6,4.097470E+00,1.019883E+00,4.178939E+00,nan
16:08.6,4.097547E+00,1.019884E+00,4.179023E+00,nan
16:09.6,4.097653E+00,1.019886E+00,4.179141E+00,nan
16:10.6,4.097767E+00,1.019893E+00,4.179283E+00,nan
16:11.6,4.097847E+00,1.019890E+00,4.179354E+00,nan
16:12.6,4.097939E+00,1.019888E+00,4.179438E+00,nan
16:13.6,4.098050E+00,1.019885E+00,4.179540E+00,nan
16:14.6,4.098159E+00,1.019889E+00,4.179667E+00,nan
16:15.6,4.098263E+00,1.019889E+00,4.179773E+00,nan
16:16.6,4.098379E+00,1.019884E+00,4.179871E+00,nan
16:17.6,4.098478E+00,1.019881E+00,4.179962E+00,nan
16:18.6,4.098585E+00,1.019881E+00,4.180070E+00,nan
16:19.6,4.098691E+00,1.019884E+00,4.180190E+00,nan
16:20.6,4.098803E+00,1.019893E+00,4.180339E+00,nan
16:21.6,4.098904E+00,1.019883E+00,4.180401E+00,nan
16:22.6,4.099018E+00,1.019881E+00,4.180512E+00,nan
16:23.6,4.099080E+00,1.019884E+00,4.180586E+00,nan
16:24.6,4.099199E+00,1.019886E+00,4.180718E+00,nan
16:25.6,4.099303E+00,1.019883E+00,4.180808E+00,nan
16:26.6,4.099402E+00,1.019885E+00,4.180919E+00,nan
16:27.6,4.099506E+00,1.019894E+00,4.181062E+00,nan
16:28.6,4.099625E+00,1.019892E+00,4.181173E+00,nan
16:29.6,4.099749E+00,1.019886E+00,4.181279E+00,nan
16:30.6,4.099845E+00,1.019888E+00,4.181382E+00,nan
16:31.6,4.099935E+00,1.019888E+00,4.181473E+00,nan
16:32.6,4.100061E+00,1.019884E+00,4.181587E+00,nan
16:33.6,4.100150E+00,1.019894E+00,4.181719E+00,nan
16:34.6,4.100289E+00,1.019888E+00,4.181835E+00,nan
16:35.6,4.100368E+00,1.019889E+00,4.181920E+00,nan
16:36.6,4.100450E+00,1.019889E+00,4.182004E+00,nan
16:37.6,4.100556E+00,1.019884E+00,4.182092E+00,nan
16:38.6,4.100660E+00,1.019890E+00,4.182224E+00,nan
16:39.6,4.100730E+00,1.019892E+00,4.182300E+00,nan
16:40.6,4.100896E+00,1.019894E+00,4.182480E+00,nan
16:41.6,4.100987E+00,1.019902E+00,4.182604E+00,nan
16:42.6,4.101089E+00,1.019892E+00,4.182666E+00,nan
16:43.6,4.101193E+00,1.019893E+00,4.182777E+00,nan
16:44.6,4.101282E+00,1.019892E+00,4.182863E+00,nan
16:45.6,4.101394E+00,1.019889E+00,4.182966E+00,nan
16:46.6,4.101527E+00,1.019885E+00,4.183087E+00,nan
16:47.6,4.101589E+00,1.019885E+00,4.183150E+00,nan
16:48.6,4.101708E+00,1.019880E+00,4.183251E+00,nan
16:49.6,4.101805E+00,1.019889E+00,4.183386E+00,nan
16:50.6,4.101923E+00,1.019889E+00,4.183507E+00,nan
16:51.6,4.102040E+00,1.019894E+00,4.183646E+00,nan
16:52.6,4.102129E+00,1.019890E+00,4.183722E+00,nan
16:53.6,4.102223E+00,1.019890E+00,4.183818E+00,nan
16:54.6,4.102340E+00,1.019893E+00,4.183947E+00,nan
16:55.6,4.102446E+00,1.019890E+00,4.184045E+00,nan
16:56.6,4.102543E+00,1.019892E+00,4.184149E+00,nan
16:57.6,4.102632E+00,1.019886E+00,4.184219E+00,nan
16:58.6,4.102696E+00,1.019888E+00,4.184290E+00,nan
16:59.6,4.102786E+00,1.019893E+00,4.184402E+00,nan
17:00.6,4.102922E+00,1.019881E+00,4.184494E+00,nan
17:01.6,4.102999E+00,1.019892E+00,4.184614E+00,nan
17:02.6,4.103080E+00,1.019889E+00,4.184686E+00,nan
17:03.6,4.103204E+00,1.019890E+00,4.184818E+00,nan
17:04.6,4.103298E+00,1.019884E+00,4.184888E+00,nan
17:05.6,4.103395E+00,1.019881E+00,4.184976E+00,nan
17:06.6,4.103497E+00,1.019885E+00,4.185095E+00,nan
17:07.6,4.103621E+00,1.019885E+00,4.185222E+00,nan
17:08.6,4.103712E+00,1.019888E+00,4.185326E+00,nan
17:09.6,4.103843E+00,1.019892E+00,4.185475E+00,nan
17:10.6,4.103950E+00,1.019886E+00,4.185563E+00,nan
17:11.6,4.104009E+00,1.019885E+00,4.185618E+00,nan
17:12.6,4.104118E+00,1.019886E+00,4.185735E+00,nan
17:13.6,4.104237E+00,1.019888E+00,4.185861E+00,nan
17:14.6,4.104361E+00,1.019884E+00,4.185972E+00,nan
17:15.6,4.104477E+00,1.019875E+00,4.186054E+00,nan
17:16.6,4.104549E+00,1.019886E+00,4.186174E+00,nan
17:17.6,4.104668E+00,1.019879E+00,4.186264E+00,nan
17:18.6,4.104774E+00,1.019884E+00,4.186394E+00,nan
17:19.6,4.104866E+00,1.019883E+00,4.186482E+00,nan
17:20.6,4.104992E+00,1.019885E+00,4.186621E+00,nan
17:21.6,4.105094E+00,1.019886E+00,4.186730E+00,nan
17:22.6,4.105220E+00,1.019883E+00,4.186843E+00,nan
17:23.6,4.105307E+00,1.019884E+00,4.186937E+00,nan
17:24.6,4.105371E+00,1.019885E+00,4.187008E+00,nan
17:25.6,4.105503E+00,1.019889E+00,4.187157E+00,nan
17:26.6,4.105609E+00,1.019885E+00,4.187250E+00,nan
17:27.6,4.105689E+00,1.019893E+00,4.187362E+00,nan
17:28.6,4.105822E+00,1.019888E+00,4.187478E+00,nan
17:29.6,4.105941E+00,1.019892E+00,4.187615E+00,nan
17:30.6,4.106018E+00,1.019892E+00,4.187693E+00,nan
17:31.6,4.106127E+00,1.019892E+00,4.187804E+00,nan
17:32.6,4.106231E+00,1.019895E+00,4.187925E+00,nan
17:33.6,4.106342E+00,1.019894E+00,4.188034E+00,nan
17:34.6,4.106427E+00,1.019890E+00,4.188105E+00,nan
17:35.6,4.106545E+00,1.019892E+00,4.188231E+00,nan
17:36.6,4.106637E+00,1.019890E+00,4.188319E+00,nan
17:37.6,4.106749E+00,1.019900E+00,4.188475E+00,nan
17:38.6,4.106865E+00,1.019894E+00,4.188567E+00,nan
17:39.6,4.106959E+00,1.019895E+00,4.188669E+00,nan
17:40.6,4.107056E+00,1.019899E+00,4.188782E+00,nan
17:41.6,4.107165E+00,1.019899E+00,4.188894E+00,nan
17:42.6,4.107286E+00,1.019897E+00,4.189007E+00,nan
17:43.6,4.107365E+00,1.019893E+00,4.189072E+00,nan
17:44.6,4.107487E+00,1.019894E+00,4.189202E+00,nan
17:45.6,4.107586E+00,1.019900E+00,4.189329E+00,nan
17:46.6,4.107697E+00,1.019892E+00,4.189406E+00,nan
17:47.6,4.107784E+00,1.019899E+00,4.189525E+00,nan
17:48.6,4.107873E+00,1.019894E+00,4.189595E+00,nan
17:49.6,4.108002E+00,1.019890E+00,4.189711E+00,nan
17:50.6,4.108066E+00,1.019897E+00,4.189803E+00,nan
17:51.6,4.108205E+00,1.019893E+00,4.189929E+00,nan
17:52.6,4.108289E+00,1.019902E+00,4.190051E+00,nan
17:53.6,4.108423E+00,1.019895E+00,4.190161E+00,nan
17:54.6,4.108500E+00,1.019895E+00,4.190240E+00,nan
17:55.6,4.108629E+00,1.019897E+00,4.190377E+00,nan
17:56.6,4.108723E+00,1.019893E+00,4.190457E+00,nan
17:57.6,4.108809E+00,1.019892E+00,4.190540E+00,nan
17:58.6,4.108918E+00,1.019885E+00,4.190625E+00,nan
17:59.6,4.109013E+00,1.019892E+00,4.190747E+00,nan
18:00.6,4.109141E+00,1.019895E+00,4.190894E+00,nan
18:01.6,4.109241E+00,1.019889E+00,4.190969E+00,nan
18:02.6,4.109339E+00,1.019892E+00,4.191080E+00,nan
18:03.6,4.109451E+00,1.019886E+00,4.191173E+00,nan
18:04.6,4.109538E+00,1.019892E+00,4.191282E+00,nan
18:05.6,4.109647E+00,1.019898E+00,4.191420E+00,nan
18:06.6,4.109760E+00,1.019890E+00,4.191505E+00,nan
18:07.6,4.109872E+00,1.019895E+00,4.191639E+00,nan
18:08.6,4.109996E+00,1.019890E+00,4.191745E+00,nan
18:09.6,4.110058E+00,1.019894E+00,4.191824E+00,nan
18:10.6,4.110187E+00,1.019895E+00,4.191960E+00,nan
18:11.6,4.110259E+00,1.019898E+00,4.192044E+00,nan
18:12.6,4.110402E+00,1.019897E+00,4.192185E+00,nan
18:13.6,4.110471E+00,1.019894E+00,4.192245E+00,nan
18:14.6,4.110598E+00,1.019893E+00,4.192369E+00,nan
18:15.6,4.110689E+00,1.019889E+00,4.192447E+00,nan
18:16.6,4.110788E+00,1.019893E+00,4.192563E+00,nan
18:17.6,4.110912E+00,1.019899E+00,4.192716E+00,nan
18:18.6,4.110989E+00,1.019893E+00,4.192768E+00,nan
18:19.6,4.111115E+00,1.019898E+00,4.192918E+00,nan
18:20.6,4.111202E+00,1.019888E+00,4.192965E+00,nan
18:21.6,4.111326E+00,1.019897E+00,4.193127E+00,nan
18:22.6,4.111415E+00,1.019886E+00,4.193177E+00,nan
18:23.6,4.111514E+00,1.019897E+00,4.193319E+00,nan
18:24.6,4.111618E+00,1.019900E+00,4.193441E+00,nan
18:25.6,4.111732E+00,1.019894E+00,4.193531E+00,nan
18:26.6,4.111819E+00,1.019893E+00,4.193614E+00,nan
18:27.6,4.111930E+00,1.019892E+00,4.193723E+00,nan
18:28.6,4.112054E+00,1.019898E+00,4.193875E+00,nan
18:29.6,4.112121E+00,1.019893E+00,4.193923E+00,nan
18:30.6,4.112245E+00,1.019892E+00,4.194043E+00,nan
18:31.6,4.112324E+00,1.019897E+00,4.194146E+00,nan
18:32.6,4.112438E+00,1.019892E+00,4.194241E+00,nan
18:33.6,4.112540E+00,1.019900E+00,4.194381E+00,nan
18:34.6,4.112646E+00,1.019894E+00,4.194464E+00,nan
18:35.6,4.112743E+00,1.019898E+00,4.194578E+00,nan
18:36.6,4.112852E+00,1.019890E+00,4.194658E+00,nan
18:37.6,4.112966E+00,1.019897E+00,4.194800E+00,nan
18:38.6,4.113072E+00,1.019894E+00,4.194898E+00,nan
18:39.6,4.113169E+00,1.019897E+00,4.195007E+00,nan
18:40.6,4.113287E+00,1.019885E+00,4.195081E+00,nan
18:41.6,4.113384E+00,1.019889E+00,4.195195E+00,nan
18:42.6,4.113483E+00,1.019897E+00,4.195328E+00,nan
18:43.6,4.113602E+00,1.019890E+00,4.195423E+00,nan
18:44.6,4.113701E+00,1.019899E+00,4.195560E+00,nan
18:45.6,4.113805E+00,1.019885E+00,4.195609E+00,nan
18:46.6,4.113907E+00,1.019886E+00,4.195718E+00,nan
18:47.6,4.113976E+00,1.019892E+00,4.195809E+00,nan
18:48.6,4.114100E+00,1.019885E+00,4.195910E+00,nan
18:49.6,4.114194E+00,1.019884E+00,4.196001E+00,nan
18:50.6,4.114288E+00,1.019889E+00,4.196117E+00,nan
18:51.6,4.114419E+00,1.019894E+00,4.196272E+00,nan
18:52.6,4.114521E+00,1.019890E+00,4.196360E+00,nan
18:53.6,4.114605E+00,1.019898E+00,4.196477E+00,nan
18:54.6,4.114705E+00,1.019892E+00,4.196552E+00,nan
18:55.6,4.114801E+00,1.019895E+00,4.196666E+00,nan
18:56.6,4.114920E+00,1.019894E+00,4.196782E+00,nan
18:57.6,4.115024E+00,1.019892E+00,4.196878E+00,nan
18:58.6,4.115162E+00,1.019893E+00,4.197025E+00,nan
18:59.6,4.115240E+00,1.019892E+00,4.197098E+00,nan
19:00.6,4.115334E+00,1.019893E+00,4.197199E+00,nan
19:01.6,4.115435E+00,1.019900E+00,4.197334E+00,nan
19:02.6,4.115529E+00,1.019893E+00,4.197399E+00,nan
19:03.6,4.115633E+00,1.019900E+00,4.197536E+00,nan
19:04.6,4.115737E+00,1.019902E+00,4.197647E+00,nan
19:05.6,4.115844E+00,1.019893E+00,4.197719E+00,nan
19:06.6,4.115935E+00,1.019897E+00,4.197829E+00,nan
19:07.6,4.116047E+00,1.019899E+00,4.197953E+00,nan
19:08.6,4.116143E+00,1.019902E+00,4.198061E+00,nan
19:09.6,4.116267E+00,1.019897E+00,4.198167E+00,nan
19:10.6,4.116379E+00,1.019895E+00,4.198275E+00,nan
19:11.6,4.116466E+00,1.019890E+00,4.198343E+00,nan
19:12.6,4.116580E+00,1.019895E+00,4.198480E+00,nan
19:13.6,4.116666E+00,1.019885E+00,4.198527E+00,nan
19:14.6,4.116810E+00,1.019888E+00,4.198684E+00,nan
19:15.6,4.116897E+00,1.019889E+00,4.198778E+00,nan
19:16.6,4.116986E+00,1.019893E+00,4.198884E+00,nan
19:17.6,4.117107E+00,1.019892E+00,4.199002E+00,nan
19:18.6,4.117179E+00,1.019879E+00,4.199024E+00,nan
19:19.6,4.117295E+00,1.019889E+00,4.199184E+00,nan
19:20.6,4.117384E+00,1.019883E+00,4.199249E+00,nan
19:21.6,4.117511E+00,1.019884E+00,4.199383E+00,nan
19:22.6,4.117600E+00,1.019885E+00,4.199479E+00,nan
19:23.6,4.117694E+00,1.019886E+00,4.199580E+00,nan
19:24.6,4.117801E+00,1.019886E+00,4.199689E+00,nan
19:25.6,4.117907E+00,1.019886E+00,4.199798E+00,nan
19:26.6,4.118013E+00,1.019879E+00,4.199875E+00,nan
19:27.6,4.118093E+00,1.019885E+00,4.199982E+00,nan
19:28.6,4.118189E+00,1.019892E+00,4.200106E+00,nan
19:29.6,4.118289E+00,1.019894E+00,4.200218E+00,nan
19:30.6,4.118388E+00,1.019895E+00,4.200324E+00,nan
19:31.6,4.118511E+00,1.019899E+00,4.200466E+00,nan
19:32.6,4.118593E+00,1.019888E+00,4.200503E+00,nan
19:33.6,4.118710E+00,1.019890E+00,4.200632E+00,nan
19:34.6,4.118836E+00,1.019888E+00,4.200751E+00,nan
19:35.6,4.118955E+00,1.019897E+00,4.200908E+00,nan
19:36.6,4.119059E+00,1.019895E+00,4.201009E+00,nan
19:37.6,4.119133E+00,1.019892E+00,4.201069E+00,nan
19:38.6,4.119245E+00,1.019895E+00,4.201198E+00,nan
19:39.6,4.119359E+00,1.019885E+00,4.201273E+00,nan
19:40.6,4.119440E+00,1.019889E+00,4.201372E+00,nan
19:41.6,4.119542E+00,1.019889E+00,4.201475E+00,nan
19:42.6,4.119626E+00,1.019894E+00,4.201582E+00,nan
19:43.6,4.119728E+00,1.019884E+00,4.201644E+00,nan
19:44.6,4.119846E+00,1.019884E+00,4.201765E+00,nan
19:45.6,4.119963E+00,1.019883E+00,4.201879E+00,nan
19:46.6,4.120027E+00,1.019889E+00,4.201970E+00,nan
19:47.6,4.120166E+00,1.019883E+00,4.202086E+00,nan
19:48.6,4.120277E+00,1.019886E+00,4.202215E+00,nan
19:49.6,4.120359E+00,1.019889E+00,4.202309E+00,nan
19:50.6,4.120463E+00,1.019894E+00,4.202436E+00,nan
19:51.6,4.120584E+00,1.019892E+00,4.202549E+00,nan
19:52.6,4.120706E+00,1.019885E+00,4.202647E+00,nan
19:53.6,4.120773E+00,1.019886E+00,4.202721E+00,nan
19:54.6,4.120894E+00,1.019894E+00,4.202876E+00,nan
19:55.6,4.120978E+00,1.019894E+00,4.202962E+00,nan
19:56.6,4.121075E+00,1.019888E+00,4.203034E+00,nan
19:57.6,4.121164E+00,1.019894E+00,4.203151E+00,nan
19:58.6,4.121298E+00,1.019889E+00,4.203266E+00,nan
19:59.6,4.121377E+00,1.019885E+00,4.203331E+00,nan
20:00.6,4.121493E+00,1.019892E+00,4.203476E+00,nan
20:01.6,4.121583E+00,1.019894E+00,4.203578E+00,nan
20:02.6,4.121682E+00,1.019889E+00,4.203658E+00,nan
20:03.6,4.121796E+00,1.019885E+00,4.203758E+00,nan
20:04.6,4.121885E+00,1.019893E+00,4.203881E+00,nan
20:05.6,4.121992E+00,1.019889E+00,4.203974E+00,nan
20:06.6,4.122088E+00,1.019886E+00,4.204062E+00,nan
20:07.6,4.122190E+00,1.019890E+00,4.204181E+00,nan
20:08.6,4.122269E+00,1.019889E+00,4.204256E+00,nan
20:09.6,4.122383E+00,1.019890E+00,4.204378E+00,nan
20:10.6,4.122497E+00,1.019888E+00,4.204484E+00,nan
20:11.6,4.122608E+00,1.019883E+00,4.204577E+00,nan
20:12.6,4.122690E+00,1.019886E+00,4.204676E+00,nan
20:13.6,4.122791E+00,1.019888E+00,4.204785E+00,nan
20:14.6,4.122923E+00,1.019886E+00,4.204913E+00,nan
20:15.6,4.122990E+00,1.019885E+00,4.204976E+00,nan
20:16.6,4.123116E+00,1.019890E+00,4.205126E+00,nan
20:17.6,4.123195E+00,1.019884E+00,4.205181E+00,nan
20:18.6,4.123334E+00,1.019885E+00,4.205327E+00,nan
20:19.6,4.123428E+00,1.019888E+00,4.205434E+00,nan
20:20.6,4.123535E+00,1.019888E+00,4.205543E+00,nan
20:21.6,4.123606E+00,1.019890E+00,4.205626E+00,nan
20:22.6,4.123713E+00,1.019897E+00,4.205761E+00,nan
20:23.6,4.123809E+00,1.019893E+00,4.205844E+00,nan
20:24.6,4.123913E+00,1.019895E+00,4.205960E+00,nan
20:25.6,4.124018E+00,1.019885E+00,4.206025E+00,nan
20:26.6,4.124094E+00,1.019895E+00,4.206145E+00,nan
20:27.6,4.124226E+00,1.019904E+00,4.206315E+00,nan
20:28.6,4.124340E+00,1.019895E+00,4.206395E+00,nan
20:29.6,4.124424E+00,1.019895E+00,4.206480E+00,nan
20:30.6,4.124518E+00,1.019900E+00,4.206598E+00,nan
20:31.6,4.124637E+00,1.019899E+00,4.206713E+00,nan
20:32.6,4.124731E+00,1.019894E+00,4.206789E+00,nan
20:33.6,4.124835E+00,1.019899E+00,4.206916E+00,nan
20:34.6,4.124914E+00,1.019890E+00,4.206960E+00,nan
20:35.6,4.125021E+00,1.019892E+00,4.207073E+00,nan
20:36.6,4.125140E+00,1.019888E+00,4.207180E+00,nan
20:37.6,4.125219E+00,1.019892E+00,4.207276E+00,nan
20:38.6,4.125320E+00,1.019892E+00,4.207379E+00,nan
20:39.6,4.125452E+00,1.019889E+00,4.207503E+00,nan
20:40.6,4.125546E+00,1.019892E+00,4.207609E+00,nan
20:41.6,4.125628E+00,1.019893E+00,4.207698E+00,nan
20:42.6,4.125764E+00,1.019883E+00,4.207795E+00,nan
20:43.6,4.125828E+00,1.019881E+00,4.207855E+00,nan
20:44.6,4.125952E+00,1.019884E+00,4.207992E+00,nan
20:45.6,4.126031E+00,1.019888E+00,4.208089E+00,nan
20:46.6,4.126125E+00,1.019885E+00,4.208174E+00,nan
20:47.6,4.126274E+00,1.019883E+00,4.208315E+00,nan
20:48.6,4.126328E+00,1.019886E+00,4.208387E+00,nan
20:49.6,4.126418E+00,1.019889E+00,4.208488E+00,nan
20:50.6,4.126532E+00,1.019889E+00,4.208604E+00,nan
20:51.6,4.126616E+00,1.019881E+00,4.208658E+00,nan
20:52.6,4.126772E+00,1.019883E+00,4.208823E+00,nan
20:53.6,4.126831E+00,1.019883E+00,4.208884E+00,nan
20:54.6,4.126940E+00,1.019884E+00,4.209000E+00,nan
20:55.6,4.127029E+00,1.019883E+00,4.209086E+00,nan
20:56.6,4.127116E+00,1.019886E+00,4.209190E+00,nan
20:57.6,4.127230E+00,1.019885E+00,4.209301E+00,nan
20:58.6,4.127322E+00,1.019884E+00,4.209389E+00,nan
20:59.6,4.127428E+00,1.019886E+00,4.209508E+00,nan
21:00.6,4.127507E+00,1.019888E+00,4.209594E+00,nan
21:01.6,4.127606E+00,1.019892E+00,4.209711E+00,nan
21:02.6,4.127720E+00,1.019892E+00,4.209827E+00,nan
21:03.6,4.127854E+00,1.019892E+00,4.209964E+00,nan
21:04.6,4.127944E+00,1.019892E+00,4.210055E+00,nan
21:05.6,4.128015E+00,1.019895E+00,4.210143E+00,nan
21:06.6,4.128119E+00,1.019892E+00,4.210233E+00,nan
21:07.6,4.128226E+00,1.019890E+00,4.210337E+00,nan
21:08.6,4.128330E+00,1.019897E+00,4.210470E+00,nan
21:09.6,4.128414E+00,1.019895E+00,4.210550E+00,nan
21:10.6,4.128506E+00,1.019895E+00,4.210644E+00,nan
21:11.6,4.128624E+00,1.019890E+00,4.210744E+00,nan
21:12.6,4.128709E+00,1.019885E+00,4.210809E+00,nan
21:13.6,4.128850E+00,1.019890E+00,4.210974E+00,nan
21:14.6,4.128917E+00,1.019895E+00,4.211063E+00,nan
21:15.6,4.129001E+00,1.019890E+00,4.211128E+00,nan
21:16.6,4.129090E+00,1.019894E+00,4.211235E+00,nan
21:17.6,4.129167E+00,1.019885E+00,4.211276E+00,nan
21:18.6,4.129254E+00,1.019892E+00,4.211391E+00,nan
21:19.6,4.129402E+00,1.019885E+00,4.211516E+00,nan
21:20.6,4.129514E+00,1.019890E+00,4.211651E+00,nan
21:21.6,4.129586E+00,1.019888E+00,4.211714E+00,nan
21:22.6,4.129680E+00,1.019886E+00,4.211805E+00,nan
21:23.6,4.129771E+00,1.019888E+00,4.211903E+00,nan
21:24.6,4.129873E+00,1.019889E+00,4.212012E+00,nan
21:25.6,4.129987E+00,1.019886E+00,4.212118E+00,nan
21:26.6,4.130084E+00,1.019895E+00,4.212253E+00,nan
21:27.6,4.130173E+00,1.019889E+00,4.212318E+00,nan
21:28.6,4.130301E+00,1.019895E+00,4.212475E+00,nan
21:29.6,4.130391E+00,1.019890E+00,4.212545E+00,nan
21:30.6,4.130482E+00,1.019893E+00,4.212649E+00,nan
21:31.6,4.130564E+00,1.019893E+00,4.212732E+00,nan
21:32.6,4.130688E+00,1.019889E+00,4.212843E+00,nan
21:33.6,4.130794E+00,1.019894E+00,4.212973E+00,nan
21:34.6,4.130886E+00,1.019890E+00,4.213051E+00,nan
21:35.6,4.130963E+00,1.019883E+00,4.213097E+00,nan
21:36.6,4.131074E+00,1.019893E+00,4.213253E+00,nan
21:37.6,4.131173E+00,1.019888E+00,4.213333E+00,nan
21:38.6,4.131292E+00,1.019888E+00,4.213455E+00,nan
21:39.6,4.131396E+00,1.019895E+00,4.213592E+00,nan
21:40.6,4.131468E+00,1.019892E+00,4.213649E+00,nan
21:41.6,4.131565E+00,1.019883E+00,4.213711E+00,nan
21:42.6,4.131686E+00,1.019889E+00,4.213861E+00,nan
21:43.6,4.131765E+00,1.019883E+00,4.213916E+00,nan
21:44.6,4.131876E+00,1.019886E+00,4.214045E+00,nan
21:45.6,4.131938E+00,1.019888E+00,4.214114E+00,nan
21:46.6,4.132070E+00,1.019886E+00,4.214242E+00,nan
21:47.6,4.132139E+00,1.019885E+00,4.214308E+00,nan
21:48.6,4.132246E+00,1.019883E+00,4.214406E+00,nan
21:49.6,4.132340E+00,1.019881E+00,4.214497E+00,nan
21:50.6,4.132459E+00,1.019878E+00,4.214602E+00,nan
21:51.6,4.132550E+00,1.019880E+00,4.214706E+00,nan
21:52.6,4.132645E+00,1.019889E+00,4.214839E+00,nan
21:53.6,4.132731E+00,1.019886E+00,4.214916E+00,nan
21:54.6,4.132820E+00,1.019880E+00,4.214981E+00,nan
21:55.6,4.132915E+00,1.019884E+00,4.215093E+00,nan
21:56.6,4.133023E+00,1.019885E+00,4.215209E+00,nan
21:57.6,4.133120E+00,1.019883E+00,4.215298E+00,nan
21:58.6,4.133217E+00,1.019881E+00,4.215391E+00,nan
21:59.6,4.133333E+00,1.019885E+00,4.215525E+00,nan
22:00.6,4.133420E+00,1.019884E+00,4.215609E+00,nan
22:01.6,4.133531E+00,1.019881E+00,4.215711E+00,nan
22:02.6,4.133605E+00,1.019880E+00,4.215782E+00,nan
22:03.6,4.133712E+00,1.019885E+00,4.215911E+00,nan
22:04.6,4.133833E+00,1.019886E+00,4.216041E+00,nan
22:05.6,4.133895E+00,1.019880E+00,4.216078E+00,nan
22:06.6,4.134012E+00,1.019884E+00,4.216212E+00,nan
22:07.6,4.134109E+00,1.019881E+00,4.216300E+00,nan
22:08.6,4.134225E+00,1.019883E+00,4.216424E+00,nan
22:09.6,4.134309E+00,1.019881E+00,4.216505E+00,nan
22:10.6,4.134401E+00,1.019884E+00,4.216609E+00,nan
22:11.6,4.134492E+00,1.019883E+00,4.216697E+00,nan
22:12.6,4.134609E+00,1.019883E+00,4.216816E+00,nan
22:13.6,4.134673E+00,1.019883E+00,4.216881E+00,nan
22:14.6,4.134809E+00,1.019886E+00,4.217036E+00,nan
22:15.6,4.134886E+00,1.019885E+00,4.217109E+00,nan
22:16.6,4.134973E+00,1.019884E+00,4.217192E+00,nan
22:17.6,4.135052E+00,1.019885E+00,4.217278E+00,nan
22:18.6,4.135188E+00,1.019881E+00,4.217401E+00,nan
22:19.6,4.135252E+00,1.019883E+00,4.217472E+00,nan
22:20.6,4.135357E+00,1.019876E+00,4.217553E+00,nan
22:21.6,4.135456E+00,1.019881E+00,4.217674E+00,nan
22:22.6,4.135545E+00,1.019881E+00,4.217765E+00,nan
22:23.6,4.135629E+00,1.019893E+00,4.217898E+00,nan
22:24.6,4.135741E+00,1.019886E+00,4.217986E+00,nan
22:25.6,4.135855E+00,1.019889E+00,4.218113E+00,nan
22:26.6,4.135959E+00,1.019889E+00,4.218219E+00,nan
22:27.6,4.136033E+00,1.019885E+00,4.218279E+00,nan
22:28.6,4.136137E+00,1.019881E+00,4.218369E+00,nan
22:29.6,4.136233E+00,1.019876E+00,4.218447E+00,nan
22:30.6,4.136318E+00,1.019874E+00,4.218522E+00,nan
22:31.6,4.136409E+00,1.019879E+00,4.218636E+00,nan
22:32.6,4.136516E+00,1.019875E+00,4.218730E+00,nan
22:33.6,4.136580E+00,1.019883E+00,4.218827E+00,nan
22:34.6,4.136712E+00,1.019880E+00,4.218950E+00,nan
22:35.6,4.136808E+00,1.019881E+00,4.219053E+00,nan
22:36.6,4.136905E+00,1.019880E+00,4.219147E+00,nan
22:37.6,4.136977E+00,1.019878E+00,4.219210E+00,nan
22:38.6,4.137081E+00,1.019886E+00,4.219353E+00,nan
22:39.6,4.137160E+00,1.019886E+00,4.219433E+00,nan
22:40.6,4.137257E+00,1.019881E+00,4.219511E+00,nan
22:41.6,4.137371E+00,1.019885E+00,4.219643E+00,nan
22:42.6,4.137462E+00,1.019886E+00,4.219742E+00,nan
22:43.6,4.137564E+00,1.019884E+00,4.219835E+00,nan
22:44.6,4.137655E+00,1.019890E+00,4.219954E+00,nan
22:45.6,4.137749E+00,1.019886E+00,4.220035E+00,nan
22:46.6,4.137836E+00,1.019892E+00,4.220144E+00,nan
22:47.6,4.137952E+00,1.019890E+00,4.220257E+00,nan
22:48.6,4.138012E+00,1.019881E+00,4.220281E+00,nan
22:49.6,4.138151E+00,1.019879E+00,4.220412E+00,nan
22:50.6,4.138210E+00,1.019885E+00,4.220499E+00,nan
22:51.6,4.138331E+00,1.019893E+00,4.220654E+00,nan
22:52.6,4.138406E+00,1.019886E+00,4.220704E+00,nan
22:53.6,4.138500E+00,1.019890E+00,4.220816E+00,nan
22:54.6,4.138607E+00,1.019886E+00,4.220909E+00,nan
22:55.6,4.138669E+00,1.019888E+00,4.220978E+00,nan
22:56.6,4.138787E+00,1.019890E+00,4.221109E+00,nan
22:57.6,4.138881E+00,1.019895E+00,4.221226E+00,nan
22:58.6,4.138966E+00,1.019893E+00,4.221301E+00,nan
22:59.6,4.139067E+00,1.019883E+00,4.221363E+00,nan
23:00.6,4.139188E+00,1.019884E+00,4.221492E+00,nan
23:01.6,4.139265E+00,1.019884E+00,4.221570E+00,nan
23:02.6,4.139369E+00,1.019890E+00,4.221703E+00,nan
23:03.6,4.139429E+00,1.019892E+00,4.221768E+00,nan
23:04.6,4.139543E+00,1.019888E+00,4.221869E+00,nan
23:05.6,4.139625E+00,1.019894E+00,4.221979E+00,nan
23:06.6,4.139689E+00,1.019888E+00,4.222018E+00,nan
23:07.6,4.139803E+00,1.019897E+00,4.222171E+00,nan
23:08.6,4.139909E+00,1.019894E+00,4.222269E+00,nan
23:09.6,4.140008E+00,1.019889E+00,4.222349E+00,nan
23:10.6,4.140115E+00,1.019890E+00,4.222463E+00,nan
23:11.6,4.140167E+00,1.019897E+00,4.222542E+00,nan
23:12.6,4.140278E+00,1.019895E+00,4.222650E+00,nan
23:13.6,4.140390E+00,1.019900E+00,4.222786E+00,nan
23:14.6,4.140474E+00,1.019900E+00,4.222871E+00,nan
23:15.6,4.140556E+00,1.019895E+00,4.222934E+00,nan
23:16.6,4.140667E+00,1.019895E+00,4.223047E+00,nan
23:17.6,4.140749E+00,1.019888E+00,4.223099E+00,nan
23:18.6,4.140813E+00,1.019888E+00,4.223165E+00,nan
23:19.6,4.140947E+00,1.019895E+00,4.223332E+00,nan
23:20.6,4.141009E+00,1.019892E+00,4.223380E+00,nan
23:21.6,4.141128E+00,1.019890E+00,4.223496E+00,nan
23:22.6,4.141217E+00,1.019888E+00,4.223577E+00,nan
23:23.6,4.141286E+00,1.019898E+00,4.223689E+00,nan
23:24.6,4.141393E+00,1.019894E+00,4.223782E+00,nan
23:25.6,4.141482E+00,1.019895E+00,4.223878E+00,nan
23:26.6,4.141606E+00,1.019895E+00,4.224004E+00,nan
23:27.6,4.141663E+00,1.019890E+00,4.224042E+00,nan
23:28.6,4.141774E+00,1.019888E+00,4.224145E+00,nan
23:29.6,4.141861E+00,1.019894E+00,4.224260E+00,nan
23:30.6,4.141935E+00,1.019892E+00,4.224325E+00,nan
23:31.6,4.142049E+00,1.019893E+00,4.224446E+00,nan
23:32.6,4.142163E+00,1.019890E+00,4.224552E+00,nan
23:33.6,4.142213E+00,1.019885E+00,4.224582E+00,nan
23:34.6,4.142332E+00,1.019889E+00,4.224718E+00,nan
23:35.6,4.142404E+00,1.019884E+00,4.224771E+00,nan
23:36.6,4.142535E+00,1.019893E+00,4.224941E+00,nan
23:37.6,4.142599E+00,1.019888E+00,4.224986E+00,nan
23:38.6,4.142666E+00,1.019890E+00,4.225065E+00,nan
23:39.6,4.142800E+00,1.019894E+00,4.225217E+00,nan
23:40.6,4.142849E+00,1.019893E+00,4.225262E+00,nan
23:41.6,4.142998E+00,1.019885E+00,4.225382E+00,nan
23:42.6,4.143055E+00,1.019888E+00,4.225451E+00,nan
23:43.6,4.143161E+00,1.019893E+00,4.225580E+00,nan
23:44.6,4.143258E+00,1.019895E+00,4.225690E+00,nan
23:45.6,4.143352E+00,1.019890E+00,4.225765E+00,nan
23:46.6,4.143429E+00,1.019892E+00,4.225848E+00,nan
23:47.6,4.143516E+00,1.019884E+00,4.225905E+00,nan
23:48.6,4.143582E+00,1.019889E+00,4.225994E+00,nan
23:49.6,4.143672E+00,1.019892E+00,4.226095E+00,nan
23:50.6,4.143800E+00,1.019895E+00,4.226242E+00,nan
23:51.6,4.143872E+00,1.019886E+00,4.226279E+00,nan
23:52.6,4.143971E+00,1.019893E+00,4.226407E+00,nan
23:53.6,4.144073E+00,1.019888E+00,4.226490E+00,nan
23:54.6,4.144140E+00,1.019900E+00,4.226610E+00,nan
23:55.6,4.144256E+00,1.019893E+00,4.226697E+00,nan
23:56.6,4.144365E+00,1.019899E+00,4.226835E+00,nan
23:57.6,4.144427E+00,1.019895E+00,4.226882E+00,nan
23:58.6,4.144511E+00,1.019900E+00,4.226989E+00,nan
23:59.6,4.144606E+00,1.019899E+00,4.227080E+00,nan
24:00.6,4.144744E+00,1.019904E+00,4.227241E+00,nan
24:01.6,4.144821E+00,1.019904E+00,4.227320E+00,nan
24:02.6,4.144897E+00,1.019895E+00,4.227362E+00,nan
24:03.6,4.145002E+00,1.019900E+00,4.227489E+00,nan
24:04.6,4.145091E+00,1.019898E+00,4.227569E+00,nan
24:05.6,4.145187E+00,1.019894E+00,4.227652E+00,nan
24:06.6,4.145289E+00,1.019895E+00,4.227761E+00,nan
24:07.6,4.145356E+00,1.019894E+00,4.227824E+00,nan
24:08.6,4.145442E+00,1.019895E+00,4.227917E+00,nan
24:09.6,4.145546E+00,1.019897E+00,4.228029E+00,nan
24:10.6,4.145608E+00,1.019892E+00,4.228071E+00,nan
24:11.6,4.145703E+00,1.019895E+00,4.228183E+00,nan
24:12.6,4.145794E+00,1.019895E+00,4.228276E+00,nan
24:13.6,4.145886E+00,1.019890E+00,4.228349E+00,nan
24:14.6,4.145958E+00,1.019884E+00,4.228396E+00,nan
24:15.6,4.146064E+00,1.019888E+00,4.228520E+00,nan
24:16.6,4.146166E+00,1.019886E+00,4.228619E+00,nan
24:17.6,4.146257E+00,1.019886E+00,4.228712E+00,nan
24:18.6,4.146334E+00,1.019897E+00,4.228832E+00,nan
24:19.6,4.146441E+00,1.019892E+00,4.228920E+00,nan
24:20.6,4.146525E+00,1.019886E+00,4.228985E+00,nan
24:21.6,4.146592E+00,1.019886E+00,4.229053E+00,nan
24:22.6,4.146684E+00,1.019894E+00,4.229178E+00,nan
24:23.6,4.146755E+00,1.019893E+00,4.229246E+00,nan
24:24.6,4.146857E+00,1.019895E+00,4.229360E+00,nan
24:25.6,4.146931E+00,1.019904E+00,4.229472E+00,nan
24:26.6,4.147060E+00,1.019888E+00,4.229536E+00,nan
24:27.6,4.147127E+00,1.019898E+00,4.229645E+00,nan
24:28.6,4.147228E+00,1.019890E+00,4.229718E+00,nan
24:29.6,4.147305E+00,1.019889E+00,4.229791E+00,nan
24:30.6,4.147369E+00,1.019890E+00,4.229862E+00,nan
24:31.6,4.147461E+00,1.019894E+00,4.229972E+00,nan
24:32.6,4.147568E+00,1.019888E+00,4.230054E+00,nan
24:33.6,4.147659E+00,1.019899E+00,4.230194E+00,nan
24:34.6,4.147736E+00,1.019897E+00,4.230262E+00,nan
24:35.6,4.147815E+00,1.019894E+00,4.230332E+00,nan
24:36.6,4.147929E+00,1.019886E+00,4.230417E+00,nan
24:37.6,4.148014E+00,1.019894E+00,4.230535E+00,nan
24:38.6,4.148090E+00,1.019890E+00,4.230597E+00,nan
24:39.6,4.148202E+00,1.019893E+00,4.230721E+00,nan
24:40.6,4.148264E+00,1.019886E+00,4.230758E+00,nan
24:41.6,4.148363E+00,1.019885E+00,4.230854E+00,nan
24:42.6,4.148462E+00,1.019883E+00,4.230944E+00,nan
24:43.6,4.148534E+00,1.019889E+00,4.231044E+00,nan
24:44.6,4.148608E+00,1.019884E+00,4.231099E+00,nan
24:45.6,4.148729E+00,1.019889E+00,4.231243E+00,nan
24:46.6,4.148794E+00,1.019886E+00,4.231299E+00,nan
24:47.6,4.148890E+00,1.019890E+00,4.231413E+00,nan
24:48.6,4.148977E+00,1.019893E+00,4.231512E+00,nan
24:49.6,4.149076E+00,1.019890E+00,4.231602E+00,nan
24:50.6,4.149156E+00,1.019892E+00,4.231689E+00,nan
24:51.6,4.149215E+00,1.019892E+00,4.231749E+00,nan
24:52.6,4.149341E+00,1.019885E+00,4.231852E+00,nan
24:53.6,4.149426E+00,1.019893E+00,4.231969E+00,nan
24:54.6,4.149495E+00,1.019894E+00,4.232045E+00,nan
24:55.6,4.149574E+00,1.019895E+00,4.232131E+00,nan
24:56.6,4.149678E+00,1.019897E+00,4.232243E+00,nan
24:57.6,4.149755E+00,1.019893E+00,4.232305E+00,nan
24:58.6,4.149827E+00,1.019889E+00,4.232362E+00,nan
24:59.6,4.149943E+00,1.019890E+00,4.232487E+00,nan
25:00.6,4.150015E+00,1.019885E+00,4.232539E+00,nan
25:01.6,4.150112E+00,1.019895E+00,4.232679E+00,nan
25:02.6,4.150188E+00,1.019889E+00,4.232732E+00,nan
25:03.6,4.150265E+00,1.019897E+00,4.232841E+00,nan
25:04.6,4.150377E+00,1.019899E+00,4.232966E+00,nan
25:05.6,4.150436E+00,1.019899E+00,4.233026E+00,nan
25:06.6,4.150530E+00,1.019895E+00,4.233106E+00,nan
25:07.6,4.150614E+00,1.019895E+00,4.233192E+00,nan
25:08.6,4.150728E+00,1.019900E+00,4.233330E+00,nan
25:09.6,4.150793E+00,1.019897E+00,4.233379E+00,nan
25:10.6,4.150884E+00,1.019898E+00,4.233478E+00,nan
25:11.6,4.150976E+00,1.019889E+00,4.233535E+00,nan
25:12.6,4.151031E+00,1.019888E+00,4.233585E+00,nan
25:13.6,4.151127E+00,1.019893E+00,4.233704E+00,nan
25:14.6,4.151211E+00,1.019890E+00,4.233780E+00,nan
25:15.6,4.151315E+00,1.019889E+00,4.233881E+00,nan
25:16.6,4.151390E+00,1.019889E+00,4.233957E+00,nan
25:17.6,4.151454E+00,1.019895E+00,4.234048E+00,nan
25:18.6,4.151526E+00,1.019890E+00,4.234101E+00,nan
25:19.6,4.151642E+00,1.019888E+00,4.234209E+00,nan
25:20.6,4.151729E+00,1.019883E+00,4.234277E+00,nan
25:21.6,4.151823E+00,1.019885E+00,4.234383E+00,nan
25:22.6,4.151863E+00,1.019890E+00,4.234444E+00,nan
25:23.6,4.151967E+00,1.019886E+00,4.234535E+00,nan
25:24.6,4.152068E+00,1.019884E+00,4.234628E+00,nan
25:25.6,4.152163E+00,1.019885E+00,4.234729E+00,nan
25:26.6,4.152259E+00,1.019885E+00,4.234827E+00,nan
25:27.6,4.152294E+00,1.019880E+00,4.234842E+00,nan
25:28.6,4.152358E+00,1.019886E+00,4.234934E+00,nan
25:29.6,4.152455E+00,1.019881E+00,4.235011E+00,nan
25:30.6,4.152569E+00,1.019889E+00,4.235159E+00,nan
25:31.6,4.152626E+00,1.019886E+00,4.235207E+00,nan
25:32.6,4.152698E+00,1.019889E+00,4.235291E+00,nan
25:33.6,4.152794E+00,1.019884E+00,4.235368E+00,nan
25:34.6,4.152871E+00,1.019890E+00,4.235473E+00,nan
25:35.6,4.152945E+00,1.019884E+00,4.235522E+00,nan
25:36.6,4.153009E+00,1.019897E+00,4.235640E+00,nan
25:37.6,4.153143E+00,1.019892E+00,4.235756E+00,nan
25:38.6,4.153200E+00,1.019889E+00,4.235803E+00,nan
25:39.6,4.153289E+00,1.019894E+00,4.235915E+00,nan
25:40.6,4.153384E+00,1.019889E+00,4.235990E+00,nan
25:41.6,4.153445E+00,1.019892E+00,4.236064E+00,nan
25:42.6,4.153540E+00,1.019899E+00,4.236191E+00,nan
25:43.6,4.153616E+00,1.019892E+00,4.236238E+00,nan
25:44.6,4.153671E+00,1.019890E+00,4.236289E+00,nan
25:45.6,4.153758E+00,1.019893E+00,4.236387E+00,nan
25:46.6,4.153869E+00,1.019899E+00,4.236528E+00,nan
25:47.6,4.153951E+00,1.019889E+00,4.236569E+00,nan
25:48.6,4.154005E+00,1.019890E+00,4.236629E+00,nan
25:49.6,4.154089E+00,1.019888E+00,4.236705E+00,nan
25:50.6,4.154191E+00,1.019893E+00,4.236830E+00,nan
25:51.6,4.154295E+00,1.019902E+00,4.236972E+00,nan
25:52.6,4.154337E+00,1.019897E+00,4.236994E+00,nan
25:53.6,4.154426E+00,1.019900E+00,4.237101E+00,nan
25:54.6,4.154493E+00,1.019895E+00,4.237148E+00,nan
25:55.6,4.154580E+00,1.019895E+00,4.237236E+00,nan
25:56.6,4.154666E+00,1.019897E+00,4.237330E+00,nan
25:57.6,4.154756E+00,1.019884E+00,4.237369E+00,nan
25:58.6,4.154835E+00,1.019881E+00,4.237439E+00,nan
25:59.6,4.154952E+00,1.019893E+00,4.237605E+00,nan
26:00.6,4.154974E+00,1.019890E+00,4.237617E+00,nan
26:01.6,4.155033E+00,1.019885E+00,4.237657E+00,nan
26:02.6,4.155145E+00,1.019885E+00,4.237771E+00,nan
26:03.6,4.155216E+00,1.019893E+00,4.237875E+00,nan
26:04.6,4.155315E+00,1.019890E+00,4.237966E+00,nan
26:05.6,4.155392E+00,1.019889E+00,4.238039E+00,nan
26:06.6,4.155439E+00,1.019885E+00,4.238071E+00,nan
26:07.6,4.155541E+00,1.019885E+00,4.238175E+00,nan
26:08.6,4.155618E+00,1.019888E+00,4.238264E+00,nan
26:09.6,4.155692E+00,1.019885E+00,4.238329E+00,nan
26:10.6,4.155754E+00,1.019878E+00,4.238361E+00,nan
26:11.6,4.155873E+00,1.019890E+00,4.238534E+00,nan
26:12.6,4.155937E+00,1.019889E+00,4.238595E+00,nan
26:13.6,4.156016E+00,1.019894E+00,4.238697E+00,nan
26:14.6,4.156096E+00,1.019889E+00,4.238756E+00,nan
26:15.6,4.156188E+00,1.019894E+00,4.238871E+00,nan
26:16.6,4.156289E+00,1.019888E+00,4.238949E+00,nan
26:17.6,4.156346E+00,1.019892E+00,4.239022E+00,nan
26:18.6,4.156447E+00,1.019892E+00,4.239125E+00,nan
26:19.6,4.156509E+00,1.019886E+00,4.239168E+00,nan
26:20.6,4.156576E+00,1.019893E+00,4.239262E+00,nan
26:21.6,4.156673E+00,1.019888E+00,4.239340E+00,nan
26:22.6,4.156727E+00,1.019893E+00,4.239416E+00,nan
26:23.6,4.156804E+00,1.019889E+00,4.239479E+00,nan
26:24.6,4.156888E+00,1.019888E+00,4.239560E+00,nan
26:25.6,4.156982E+00,1.019881E+00,4.239629E+00,nan
26:26.6,4.157054E+00,1.019889E+00,4.239734E+00,nan
26:27.6,4.157126E+00,1.019880E+00,4.239770E+00,nan
26:28.6,4.157200E+00,1.019868E+00,4.239794E+00,nan
26:29.6,4.157285E+00,1.019875E+00,4.239911E+00,nan
26:30.6,4.157356E+00,1.019886E+00,4.240032E+00,nan
26:31.6,4.157431E+00,1.019876E+00,4.240065E+00,nan
26:32.6,4.157483E+00,1.019878E+00,4.240124E+00,nan
26:33.6,4.157567E+00,1.019879E+00,4.240215E+00,nan
26:34.6,4.157636E+00,1.019876E+00,4.240275E+00,nan
26:35.6,4.157723E+00,1.019880E+00,4.240379E+00,nan
26:36.6,4.157810E+00,1.019880E+00,4.240468E+00,nan
26:37.6,4.157907E+00,1.019881E+00,4.240571E+00,nan
26:38.6,4.157946E+00,1.019878E+00,4.240596E+00,nan
26:39.6,4.158023E+00,1.019879E+00,4.240680E+00,nan
26:40.6,4.158149E+00,1.019886E+00,4.240840E+00,nan
26:41.6,4.158206E+00,1.019886E+00,4.240898E+00,nan
26:42.6,4.158312E+00,1.019888E+00,4.241012E+00,nan
26:43.6,4.158362E+00,1.019883E+00,4.241041E+00,nan
26:44.6,4.158451E+00,1.019890E+00,4.241164E+00,nan
26:45.6,4.158515E+00,1.019886E+00,4.241214E+00,nan
26:46.6,4.158573E+00,1.019878E+00,4.241235E+00,nan
26:47.6,4.158669E+00,1.019885E+00,4.241365E+00,nan
26:48.6,4.158733E+00,1.019885E+00,4.241431E+00,nan
26:49.6,4.158803E+00,1.019874E+00,4.241454E+00,nan
26:50.6,4.158880E+00,1.019875E+00,4.241538E+00,nan
26:51.6,4.158961E+00,1.019881E+00,4.241647E+00,nan
26:52.6,4.159021E+00,1.019874E+00,4.241677E+00,nan
26:53.6,4.159120E+00,1.019879E+00,4.241799E+00,nan
26:54.6,4.159177E+00,1.019884E+00,4.241878E+00,nan
26:55.6,4.159246E+00,1.019880E+00,4.241933E+00,nan
26:56.6,4.159328E+00,1.019881E+00,4.242021E+00,nan
26:57.6,4.159417E+00,1.019881E+00,4.242112E+00,nan
26:58.6,4.159482E+00,1.019883E+00,4.242183E+00,nan
26:59.6,4.159561E+00,1.019880E+00,4.242253E+00,nan
27:00.6,4.159645E+00,1.019883E+00,4.242350E+00,nan
27:01.6,4.159697E+00,1.019879E+00,4.242387E+00,nan
27:02.6,4.159784E+00,1.019876E+00,4.242465E+00,nan
27:03.6,4.159856E+00,1.019879E+00,4.242549E+00,nan
27:04.6,4.159927E+00,1.019884E+00,4.242643E+00,nan
27:05.6,4.159989E+00,1.019883E+00,4.242701E+00,nan
27:06.6,4.160113E+00,1.019888E+00,4.242849E+00,nan
27:07.6,4.160151E+00,1.019883E+00,4.242865E+00,nan
27:08.6,4.160240E+00,1.019888E+00,4.242978E+00,nan
27:09.6,4.160319E+00,1.019888E+00,4.243058E+00,nan
27:10.6,4.160393E+00,1.019890E+00,4.243145E+00,nan
27:11.6,4.160452E+00,1.019889E+00,4.243200E+00,nan
27:12.6,4.160502E+00,1.019892E+00,4.243261E+00,nan
27:13.6,4.160601E+00,1.019889E+00,4.243351E+00,nan
27:14.6,4.160653E+00,1.019890E+00,4.243410E+00,nan
27:15.6,4.160735E+00,1.019885E+00,4.243472E+00,nan
27:16.6,4.160812E+00,1.019889E+00,4.243566E+00,nan
27:17.6,4.160886E+00,1.019895E+00,4.243668E+00,nan
27:18.6,4.160963E+00,1.019898E+00,4.243757E+00,nan
27:19.6,4.161045E+00,1.019893E+00,4.243819E+00,nan
27:20.6,4.161074E+00,1.019889E+00,4.243834E+00,nan
27:21.6,4.161161E+00,1.019900E+00,4.243970E+00,nan
27:22.6,4.161230E+00,1.019884E+00,4.243972E+00,nan
27:23.6,4.161337E+00,1.019890E+00,4.244107E+00,nan
27:24.6,4.161401E+00,1.019893E+00,4.244183E+00,nan
27:25.6,4.161436E+00,1.019889E+00,4.244203E+00,nan
27:26.6,4.161555E+00,1.019885E+00,4.244308E+00,nan
27:27.6,4.161632E+00,1.019880E+00,4.244366E+00,nan
27:28.6,4.161681E+00,1.019879E+00,4.244411E+00,nan
27:29.6,4.161743E+00,1.019876E+00,4.244463E+00,nan
27:30.6,4.161822E+00,1.019884E+00,4.244576E+00,nan
27:31.6,4.161889E+00,1.019888E+00,4.244660E+00,nan
27:32.6,4.161968E+00,1.019883E+00,4.244719E+00,nan
27:33.6,4.162085E+00,1.019879E+00,4.244823E+00,nan
27:34.6,4.162105E+00,1.019888E+00,4.244880E+00,nan
27:35.6,4.162177E+00,1.019885E+00,4.244942E+00,nan
27:36.6,4.162253E+00,1.019886E+00,4.245026E+00,nan
27:37.6,4.162305E+00,1.019886E+00,4.245079E+00,nan
27:38.6,4.162395E+00,1.019885E+00,4.245164E+00,nan
27:39.6,4.162459E+00,1.019889E+00,4.245246E+00,nan
27:40.6,4.162519E+00,1.019889E+00,4.245307E+00,nan
27:41.6,4.162620E+00,1.019893E+00,4.245426E+00,nan
27:42.6,4.162682E+00,1.019892E+00,4.245484E+00,nan
27:43.6,4.162746E+00,1.019889E+00,4.245539E+00,nan
27:44.6,4.162838E+00,1.019885E+00,4.245617E+00,nan
27:45.6,4.162887E+00,1.019886E+00,4.245672E+00,nan
27:46.6,4.162957E+00,1.019883E+00,4.245727E+00,nan
27:47.6,4.163023E+00,1.019883E+00,4.245796E+00,nan
27:48.6,4.163090E+00,1.019889E+00,4.245890E+00,nan
27:49.6,4.163152E+00,1.019888E+00,4.245948E+00,nan
27:50.6,4.163239E+00,1.019888E+00,4.246037E+00,nan
27:51.6,4.163293E+00,1.019885E+00,4.246081E+00,nan
27:52.6,4.163341E+00,1.019888E+00,4.246140E+00,nan
27:53.6,4.163422E+00,1.019890E+00,4.246234E+00,nan
27:54.6,4.163517E+00,1.019885E+00,4.246309E+00,nan
27:55.6,4.163603E+00,1.019895E+00,4.246440E+00,nan
27:56.6,4.163658E+00,1.019893E+00,4.246485E+00,nan
27:57.6,4.163710E+00,1.019888E+00,4.246517E+00,nan
27:58.6,4.163769E+00,1.019884E+00,4.246562E+00,nan
27:59.6,4.163861E+00,1.019888E+00,4.246671E+00,nan
28:00.6,4.163918E+00,1.019889E+00,4.246734E+00,nan
28:01.6,4.164002E+00,1.019885E+00,4.246804E+00,nan
28:02.6,4.164064E+00,1.019876E+00,4.246830E+00,nan
28:03.6,4.164126E+00,1.019879E+00,4.246904E+00,nan
28:04.6,4.164165E+00,1.019881E+00,4.246955E+00,nan
28:05.6,4.164252E+00,1.019888E+00,4.247070E+00,nan
28:06.6,4.164311E+00,1.019885E+00,4.247120E+00,nan
28:07.6,4.164401E+00,1.019886E+00,4.247216E+00,nan
28:08.6,4.164490E+00,1.019879E+00,4.247275E+00,nan
28:09.6,4.164527E+00,1.019876E+00,4.247303E+00,nan
28:10.6,4.164609E+00,1.019884E+00,4.247418E+00,nan
28:11.6,4.164651E+00,1.019889E+00,4.247482E+00,nan
28:12.6,4.164760E+00,1.019885E+00,4.247577E+00,nan
28:13.6,4.164802E+00,1.019878E+00,4.247589E+00,nan
28:14.6,4.164876E+00,1.019876E+00,4.247659E+00,nan
28:15.6,4.164916E+00,1.019878E+00,4.247705E+00,nan
28:16.6,4.164998E+00,1.019879E+00,4.247793E+00,nan
28:17.6,4.165074E+00,1.019876E+00,4.247861E+00,nan
28:18.6,4.165154E+00,1.019879E+00,4.247952E+00,nan
28:19.6,4.165196E+00,1.019878E+00,4.247990E+00,nan
28:20.6,4.165267E+00,1.019884E+00,4.248090E+00,nan
28:21.6,4.165337E+00,1.019881E+00,4.248150E+00,nan
28:22.6,4.165406E+00,1.019879E+00,4.248210E+00,nan
28:23.6,4.165473E+00,1.019878E+00,4.248273E+00,nan
28:24.6,4.165572E+00,1.019881E+00,4.248389E+00,nan
28:25.6,4.165580E+00,1.019881E+00,4.248397E+00,nan
28:26.6,4.165654E+00,1.019886E+00,4.248494E+00,nan
28:27.6,4.165711E+00,1.019885E+00,4.248547E+00,nan
28:28.6,4.165795E+00,1.019885E+00,4.248633E+00,nan
28:29.6,4.165842E+00,1.019884E+00,4.248676E+00,nan
28:30.6,4.165949E+00,1.019883E+00,4.248779E+00,nan
28:31.6,4.165974E+00,1.019892E+00,4.248841E+00,nan
28:32.6,4.166063E+00,1.019881E+00,4.248890E+00,nan
28:33.6,4.166100E+00,1.019876E+00,4.248907E+00,nan
28:34.6,4.166177E+00,1.019881E+00,4.249006E+00,nan
28:35.6,4.166241E+00,1.019875E+00,4.249045E+00,nan
28:36.6,4.166323E+00,1.019878E+00,4.249140E+00,nan
28:37.6,4.166375E+00,1.019870E+00,4.249161E+00,nan
28:38.6,4.166432E+00,1.019865E+00,4.249198E+00,nan
28:39.6,4.166543E+00,1.019871E+00,4.249338E+00,nan
28:40.6,4.166563E+00,1.019874E+00,4.249369E+00,nan
28:41.6,4.166627E+00,1.019881E+00,4.249466E+00,nan
28:42.6,4.166689E+00,1.019875E+00,4.249503E+00,nan
28:43.6,4.166754E+00,1.019878E+00,4.249579E+00,nan
28:44.6,4.166808E+00,1.019875E+00,4.249624E+00,nan
28:45.6,4.166907E+00,1.019884E+00,4.249762E+00,nan
28:46.6,4.166949E+00,1.019889E+00,4.249826E+00,nan
28:47.6,4.167011E+00,1.019885E+00,4.249873E+00,nan
28:48.6,4.167120E+00,1.019876E+00,4.249948E+00,nan
28:49.6,4.167150E+00,1.019883E+00,4.250004E+00,nan
28:50.6,4.167210E+00,1.019886E+00,4.250081E+00,nan
28:51.6,4.167286E+00,1.019878E+00,4.250122E+00,nan
28:52.6,4.167318E+00,1.019878E+00,4.250155E+00,nan
28:53.6,4.167370E+00,1.019880E+00,4.250218E+00,nan
28:54.6,4.167438E+00,1.019873E+00,4.250255E+00,nan
28:55.6,4.167507E+00,1.019874E+00,4.250331E+00,nan
28:56.6,4.167566E+00,1.019874E+00,4.250392E+00,nan
28:57.6,4.167655E+00,1.019871E+00,4.250472E+00,nan
28:58.6,4.167730E+00,1.019869E+00,4.250537E+00,nan
28:59.6,4.167759E+00,1.019878E+00,4.250605E+00,nan
29:00.6,4.167816E+00,1.019881E+00,4.250678E+00,nan
29:01.6,4.167898E+00,1.019876E+00,4.250741E+00,nan
29:02.6,4.167965E+00,1.019880E+00,4.250825E+00,nan
29:03.6,4.168025E+00,1.019873E+00,4.250854E+00,nan
29:04.6,4.168104E+00,1.019876E+00,4.250950E+00,nan
29:05.6,4.168141E+00,1.019875E+00,4.250983E+00,nan
29:06.6,4.168210E+00,1.019870E+00,4.251033E+00,nan
29:07.6,4.168270E+00,1.019881E+00,4.251141E+00,nan
29:08.6,4.168342E+00,1.019880E+00,4.251209E+00,nan
29:09.6,4.168398E+00,1.019883E+00,4.251277E+00,nan
29:10.6,4.168443E+00,1.019883E+00,4.251323E+00,nan
29:11.6,4.168508E+00,1.019881E+00,4.251383E+00,nan
29:12.6,4.168587E+00,1.019879E+00,4.251454E+00,nan
29:13.6,4.168636E+00,1.019876E+00,4.251494E+00,nan
29:14.6,4.168686E+00,1.019876E+00,4.251544E+00,nan
29:15.6,4.168770E+00,1.019889E+00,4.251682E+00,nan
29:16.6,4.168825E+00,1.019888E+00,4.251733E+00,nan
29:17.6,4.168891E+00,1.019886E+00,4.251796E+00,nan
29:18.6,4.168978E+00,1.019889E+00,4.251895E+00,nan
29:19.6,4.169023E+00,1.019888E+00,4.251935E+00,nan
29:20.6,4.169077E+00,1.019885E+00,4.251980E+00,nan
29:21.6,4.169139E+00,1.019886E+00,4.252048E+00,nan
29:22.6,4.169209E+00,1.019883E+00,4.252104E+00,nan
29:23.6,4.169236E+00,1.019886E+00,4.252147E+00,nan
29:24.6,4.169347E+00,1.019886E+00,4.252261E+00,nan
29:25.6,4.169384E+00,1.019885E+00,4.252293E+00,nan
29:26.6,4.169419E+00,1.019878E+00,4.252297E+00,nan
29:27.6,4.169458E+00,1.019874E+00,4.252322E+00,nan
29:28.6,4.169538E+00,1.019880E+00,4.252429E+00,nan
29:29.6,4.169610E+00,1.019879E+00,4.252497E+00,nan
29:30.6,4.169672E+00,1.019878E+00,4.252555E+00,nan
29:31.6,4.169719E+00,1.019878E+00,4.252603E+00,nan
29:32.6,4.169771E+00,1.019874E+00,4.252640E+00,nan
29:33.6,4.169840E+00,1.019871E+00,4.252700E+00,nan
29:34.6,4.169909E+00,1.019874E+00,4.252782E+00,nan
29:35.6,4.169961E+00,1.019871E+00,4.252824E+00,nan
29:36.6,4.170051E+00,1.019880E+00,4.252952E+00,nan
29:37.6,4.170103E+00,1.019875E+00,4.252984E+00,nan
29:38.6,4.170147E+00,1.019874E+00,4.253024E+00,nan
29:39.6,4.170199E+00,1.019881E+00,4.253108E+00,nan
29:40.6,4.170279E+00,1.019871E+00,4.253148E+00,nan
29:41.6,4.170325E+00,1.019869E+00,4.253184E+00,nan
29:42.6,4.170407E+00,1.019880E+00,4.253316E+00,nan
29:43.6,4.170417E+00,1.019880E+00,4.253326E+00,nan
29:44.6,4.170482E+00,1.019881E+00,4.253397E+00,nan
29:45.6,4.170558E+00,1.019890E+00,4.253512E+00,nan
29:46.6,4.170603E+00,1.019885E+00,4.253536E+00,nan
29:47.6,4.170682E+00,1.019881E+00,4.253601E+00,nan
29:48.6,4.170734E+00,1.019881E+00,4.253654E+00,nan
29:49.6,4.170816E+00,1.019883E+00,4.253743E+00,nan
29:50.6,4.170846E+00,1.019884E+00,4.253779E+00,nan
29:51.6,4.170907E+00,1.019885E+00,4.253847E+00,nan
29:52.6,4.170964E+00,1.019873E+00,4.253852E+00,nan
29:53.6,4.170994E+00,1.019876E+00,4.253898E+00,nan
29:54.6,4.171059E+00,1.019879E+00,4.253975E+00,nan
29:55.6,4.171121E+00,1.019873E+00,4.254011E+00,nan
29:56.6,4.171227E+00,1.019878E+00,4.254141E+00,nan
29:57.6,4.171242E+00,1.019879E+00,4.254161E+00,nan
29:58.6,4.171324E+00,1.019879E+00,4.254245E+00,nan
29:59.6,4.171388E+00,1.019881E+00,4.254321E+00,nan
30:00.6,4.171425E+00,1.019875E+00,4.254333E+00,nan
30:01.6,4.171450E+00,1.019878E+00,4.254369E+00,nan
30:02.6,4.171546E+00,1.019883E+00,4.254488E+00,nan
30:03.6,4.171598E+00,1.019876E+00,4.254515E+00,nan
30:04.6,4.171653E+00,1.019876E+00,4.254571E+00,nan
30:05.6,4.171695E+00,1.019876E+00,4.254613E+00,nan
30:06.6,4.171757E+00,1.019879E+00,4.254687E+00,nan
30:07.6,4.171797E+00,1.019876E+00,4.254717E+00,nan
30:08.6,4.171878E+00,1.019874E+00,4.254790E+00,nan
30:09.6,4.171933E+00,1.019880E+00,4.254872E+00,nan
30:10.6,4.171982E+00,1.019878E+00,4.254912E+00,nan
30:11.6,4.172050E+00,1.019870E+00,4.254948E+00,nan
30:12.6,4.172106E+00,1.019876E+00,4.255033E+00,nan
30:13.6,4.172139E+00,1.019879E+00,4.255076E+00,nan
30:14.6,4.172195E+00,1.019874E+00,4.255113E+00,nan
30:15.6,4.172270E+00,1.019879E+00,4.255210E+00,nan
30:16.6,4.172329E+00,1.019878E+00,4.255266E+00,nan
30:17.6,4.172367E+00,1.019874E+00,4.255288E+00,nan
30:18.6,4.172443E+00,1.019876E+00,4.255376E+00,nan
30:19.6,4.172480E+00,1.019876E+00,4.255414E+00,nan
30:20.6,4.172523E+00,1.019879E+00,4.255468E+00,nan
30:21.6,4.172585E+00,1.019876E+00,4.255520E+00,nan
30:22.6,4.172624E+00,1.019880E+00,4.255577E+00,nan
30:23.6,4.172716E+00,1.019876E+00,4.255654E+00,nan
30:24.6,4.172788E+00,1.019885E+00,4.255764E+00,nan
30:25.6,4.172815E+00,1.019875E+00,4.255750E+00,nan
30:26.6,4.172896E+00,1.019878E+00,4.255844E+00,nan
30:27.6,4.172929E+00,1.019883E+00,4.255898E+00,nan
30:28.6,4.173003E+00,1.019878E+00,4.255952E+00,nan
30:29.6,4.173035E+00,1.019886E+00,4.256022E+00,nan
30:30.6,4.173110E+00,1.019885E+00,4.256093E+00,nan
30:31.6,4.173166E+00,1.019885E+00,4.256150E+00,nan
30:32.6,4.173201E+00,1.019881E+00,4.256170E+00,nan
30:33.6,4.173268E+00,1.019878E+00,4.256223E+00,nan
30:34.6,4.173342E+00,1.019879E+00,4.256304E+00,nan
30:35.6,4.173392E+00,1.019883E+00,4.256370E+00,nan
30:36.6,4.173437E+00,1.019888E+00,4.256437E+00,nan
30:37.6,4.173523E+00,1.019881E+00,4.256498E+00,nan
30:38.6,4.173545E+00,1.019879E+00,4.256511E+00,nan
30:39.6,4.173610E+00,1.019884E+00,4.256598E+00,nan
30:40.6,4.173669E+00,1.019888E+00,4.256674E+00,nan
30:41.6,4.173716E+00,1.019883E+00,4.256701E+00,nan
30:42.6,4.173761E+00,1.019881E+00,4.256741E+00,nan
30:43.6,4.173815E+00,1.019875E+00,4.256770E+00,nan
30:44.6,4.173877E+00,1.019881E+00,4.256860E+00,nan
30:45.6,4.173934E+00,1.019879E+00,4.256908E+00,nan
30:46.6,4.173981E+00,1.019884E+00,4.256977E+00,nan
30:47.6,4.174033E+00,1.019885E+00,4.257035E+00,nan
30:48.6,4.174088E+00,1.019884E+00,4.257086E+00,nan
30:49.6,4.174145E+00,1.019878E+00,4.257117E+00,nan
30:50.6,4.174204E+00,1.019880E+00,4.257188E+00,nan
30:51.6,4.174242E+00,1.019884E+00,4.257242E+00,nan
30:52.6,4.174313E+00,1.019873E+00,4.257267E+00,nan
30:53.6,4.174360E+00,1.019874E+00,4.257321E+00,nan
30:54.6,4.174429E+00,1.019876E+00,4.257402E+00,nan
30:55.6,4.174477E+00,1.019874E+00,4.257440E+00,nan
30:56.6,4.174556E+00,1.019879E+00,4.257541E+00,nan
30:57.6,4.174603E+00,1.019878E+00,4.257584E+00,nan
30:58.6,4.174657E+00,1.019888E+00,4.257682E+00,nan
30:59.6,4.174690E+00,1.019884E+00,4.257699E+00,nan
31:00.6,4.174737E+00,1.019879E+00,4.257726E+00,nan
31:01.6,4.174757E+00,1.019878E+00,4.257741E+00,nan
31:02.6,4.174831E+00,1.019880E+00,4.257827E+00,nan
31:03.6,4.174870E+00,1.019884E+00,4.257884E+00,nan
31:04.6,4.174930E+00,1.019881E+00,4.257933E+00,nan
31:05.6,4.174987E+00,1.019883E+00,4.257997E+00,nan
31:06.6,4.175039E+00,1.019880E+00,4.258039E+00,nan
31:07.6,4.175118E+00,1.019883E+00,4.258131E+00,nan
31:08.6,4.175178E+00,1.019881E+00,4.258186E+00,nan
31:09.6,4.175208E+00,1.019880E+00,4.258211E+00,nan
31:10.6,4.175279E+00,1.019884E+00,4.258300E+00,nan
31:11.6,4.175306E+00,1.019886E+00,4.258339E+00,nan
31:12.6,4.175346E+00,1.019880E+00,4.258353E+00,nan
31:13.6,4.175401E+00,1.019876E+00,4.258393E+00,nan
31:14.6,4.175478E+00,1.019873E+00,4.258455E+00,nan
31:15.6,4.175507E+00,1.019881E+00,4.258522E+00,nan
31:16.6,4.175542E+00,1.019886E+00,4.258579E+00,nan
31:17.6,4.175641E+00,1.019888E+00,4.258685E+00,nan
31:18.6,4.175673E+00,1.019881E+00,4.258691E+00,nan
31:19.6,4.175710E+00,1.019875E+00,4.258703E+00,nan
31:20.6,4.175772E+00,1.019879E+00,4.258782E+00,nan
31:21.6,4.175864E+00,1.019879E+00,4.258875E+00,nan
31:22.6,4.175881E+00,1.019889E+00,4.258935E+00,nan
31:23.6,4.175953E+00,1.019874E+00,4.258945E+00,nan
31:24.6,4.176005E+00,1.019873E+00,4.258993E+00,nan
31:25.6,4.176057E+00,1.019885E+00,4.259099E+00,nan
31:26.6,4.176102E+00,1.019875E+00,4.259102E+00,nan
31:27.6,4.176151E+00,1.019880E+00,4.259174E+00,nan
31:28.6,4.176191E+00,1.019885E+00,4.259235E+00,nan
31:29.6,4.176272E+00,1.019878E+00,4.259287E+00,nan
31:30.6,4.176310E+00,1.019878E+00,4.259325E+00,nan
31:31.6,4.176357E+00,1.019876E+00,4.259368E+00,nan
31:32.6,4.176394E+00,1.019878E+00,4.259411E+00,nan
31:33.6,4.176471E+00,1.019879E+00,4.259494E+00,nan
31:34.6,4.176510E+00,1.019876E+00,4.259524E+00,nan
31:35.6,4.176552E+00,1.019880E+00,4.259583E+00,nan
31:36.6,4.176617E+00,1.019881E+00,4.259654E+00,nan
31:37.6,4.176634E+00,1.019879E+00,4.259661E+00,nan
31:38.6,4.176716E+00,1.019885E+00,4.259771E+00,nan
31:39.6,4.176743E+00,1.019876E+00,4.259761E+00,nan
31:40.6,4.176790E+00,1.019876E+00,4.259810E+00,nan
31:41.6,4.176845E+00,1.019875E+00,4.259860E+00,nan
31:42.6,4.176897E+00,1.019885E+00,4.259955E+00,nan
31:43.6,4.176959E+00,1.019884E+00,4.260013E+00,nan
31:44.6,4.176986E+00,1.019884E+00,4.260041E+00,nan
31:45.6,4.177048E+00,1.019871E+00,4.260051E+00,nan
31:46.6,4.177100E+00,1.019874E+00,4.260115E+00,nan
31:47.6,4.177152E+00,1.019871E+00,4.260157E+00,nan
31:48.6,4.177216E+00,1.019878E+00,4.260249E+00,nan
31:49.6,4.177276E+00,1.019869E+00,4.260273E+00,nan
31:50.6,4.177328E+00,1.019876E+00,4.260358E+00,nan
31:51.6,4.177357E+00,1.019873E+00,4.260372E+00,nan
31:52.6,4.177466E+00,1.019871E+00,4.260478E+00,nan
31:53.6,4.177504E+00,1.019876E+00,4.260537E+00,nan
31:54.6,4.177511E+00,1.019881E+00,4.260565E+00,nan
31:55.6,4.177543E+00,1.019874E+00,4.260567E+00,nan
31:56.6,4.177608E+00,1.019880E+00,4.260659E+00,nan
31:57.6,4.177670E+00,1.019875E+00,4.260701E+00,nan
31:58.6,4.177736E+00,1.019876E+00,4.260774E+00,nan
31:59.6,4.177734E+00,1.019875E+00,4.260767E+00,nan
32:00.6,4.177811E+00,1.019870E+00,4.260824E+00,nan
32:01.6,4.177858E+00,1.019873E+00,4.260883E+00,nan
32:02.6,4.177912E+00,1.019876E+00,4.260954E+00,nan
32:03.6,4.177959E+00,1.019879E+00,4.261013E+00,nan
32:04.6,4.178029E+00,1.019875E+00,4.261067E+00,nan
32:05.6,4.178085E+00,1.019870E+00,4.261104E+00,nan
32:06.6,4.178150E+00,1.019875E+00,4.261191E+00,nan
32:07.6,4.178172E+00,1.019870E+00,4.261193E+00,nan
32:08.6,4.178246E+00,1.019870E+00,4.261268E+00,nan
32:09.6,4.178269E+00,1.019878E+00,4.261323E+00,nan
32:10.6,4.178319E+00,1.019876E+00,4.261368E+00,nan
32:11.6,4.178380E+00,1.019875E+00,4.261426E+00,nan
32:12.6,4.178408E+00,1.019878E+00,4.261465E+00,nan
32:13.6,4.178492E+00,1.019879E+00,4.261555E+00,nan
32:14.6,4.178531E+00,1.019873E+00,4.261569E+00,nan
32:15.6,4.178586E+00,1.019868E+00,4.261604E+00,nan
32:16.6,4.178633E+00,1.019876E+00,4.261689E+00,nan
32:17.6,4.178680E+00,1.019873E+00,4.261721E+00,nan
32:18.6,4.178732E+00,1.019880E+00,4.261806E+00,nan
32:19.6,4.178779E+00,1.019875E+00,4.261833E+00,nan
32:20.6,4.178823E+00,1.019875E+00,4.261878E+00,nan
32:21.6,4.178885E+00,1.019878E+00,4.261952E+00,nan
32:22.6,4.178935E+00,1.019881E+00,4.262018E+00,nan
32:23.6,4.178965E+00,1.019879E+00,4.262038E+00,nan
32:24.6,4.179017E+00,1.019879E+00,4.262091E+00,nan
32:25.6,4.179076E+00,1.019885E+00,4.262178E+00,nan
32:26.6,4.179161E+00,1.019883E+00,4.262254E+00,nan
32:27.6,4.179188E+00,1.019883E+00,4.262281E+00,nan
32:28.6,4.179217E+00,1.019871E+00,4.262264E+00,nan
32:29.6,4.179272E+00,1.019878E+00,4.262346E+00,nan
32:30.6,4.179307E+00,1.019871E+00,4.262355E+00,nan
32:31.6,4.179366E+00,1.019879E+00,4.262447E+00,nan
32:32.6,4.179391E+00,1.019885E+00,4.262499E+00,nan
32:33.6,4.179455E+00,1.019881E+00,4.262549E+00,nan
32:34.6,4.179512E+00,1.019880E+00,4.262601E+00,nan
32:35.6,4.179552E+00,1.019876E+00,4.262626E+00,nan
32:36.6,4.179599E+00,1.019878E+00,4.262680E+00,nan
32:37.6,4.179648E+00,1.019878E+00,4.262730E+00,nan
32:38.6,4.179713E+00,1.019880E+00,4.262806E+00,nan
32:39.6,4.179765E+00,1.019880E+00,4.262859E+00,nan
32:40.6,4.179795E+00,1.019876E+00,4.262874E+00,nan
32:41.6,4.179879E+00,1.019876E+00,4.262959E+00,nan
32:42.6,4.179876E+00,1.019874E+00,4.262947E+00,nan
32:43.6,4.179948E+00,1.019884E+00,4.263062E+00,nan
32:44.6,4.179980E+00,1.019875E+00,4.263058E+00,nan
32:45.6,4.180037E+00,1.019875E+00,4.263116E+00,nan
32:46.6,4.180084E+00,1.019880E+00,4.263185E+00,nan
32:47.6,4.180141E+00,1.019878E+00,4.263233E+00,nan
32:48.6,4.180166E+00,1.019878E+00,4.263258E+00,nan
32:49.6,4.180243E+00,1.019879E+00,4.263341E+00,nan
32:50.6,4.180287E+00,1.019874E+00,4.263366E+00,nan
32:51.6,4.180339E+00,1.019880E+00,4.263445E+00,nan
32:52.6,4.180389E+00,1.019878E+00,4.263485E+00,nan
32:53.6,4.180426E+00,1.019876E+00,4.263518E+00,nan
32:54.6,4.180486E+00,1.019885E+00,4.263615E+00,nan
32:55.6,4.180528E+00,1.019874E+00,4.263611E+00,nan
32:56.6,4.180600E+00,1.019878E+00,4.263700E+00,nan
32:57.6,4.180619E+00,1.019876E+00,4.263715E+00,nan
32:58.6,4.180654E+00,1.019875E+00,4.263745E+00,nan
32:59.6,4.180723E+00,1.019873E+00,4.263805E+00,nan
33:00.6,4.180768E+00,1.019868E+00,4.263830E+00,nan
33:01.6,4.180822E+00,1.019883E+00,4.263948E+00,nan
33:02.6,4.180874E+00,1.019878E+00,4.263980E+00,nan
33:03.6,4.180956E+00,1.019883E+00,4.264085E+00,nan
33:04.6,4.180979E+00,1.019886E+00,4.264124E+00,nan
33:05.6,4.181018E+00,1.019875E+00,4.264116E+00,nan
33:06.6,4.181098E+00,1.019878E+00,4.264208E+00,nan
33:07.6,4.181120E+00,1.019873E+00,4.264209E+00,nan
33:08.6,4.181159E+00,1.019873E+00,4.264250E+00,nan
33:09.6,4.181209E+00,1.019880E+00,4.264332E+00,nan
33:10.6,4.181303E+00,1.019875E+00,4.264407E+00,nan
33:11.6,4.181298E+00,1.019871E+00,4.264386E+00,nan
33:12.6,4.181365E+00,1.019881E+00,4.264496E+00,nan
33:13.6,4.181390E+00,1.019875E+00,4.264495E+00,nan
33:14.6,4.181425E+00,1.019876E+00,4.264536E+00,nan
33:15.6,4.181464E+00,1.019868E+00,4.264540E+00,nan
33:16.6,4.181521E+00,1.019876E+00,4.264634E+00,nan
33:17.6,4.181575E+00,1.019883E+00,4.264716E+00,nan
33:18.6,4.181618E+00,1.019880E+00,4.264749E+00,nan
33:19.6,4.181674E+00,1.019884E+00,4.264823E+00,nan
33:20.6,4.181724E+00,1.019890E+00,4.264900E+00,nan
33:21.6,4.181751E+00,1.019878E+00,4.264875E+00,nan
33:22.6,4.181828E+00,1.019884E+00,4.264979E+00,nan
33:23.6,4.181880E+00,1.019886E+00,4.265043E+00,nan
33:24.6,4.181915E+00,1.019878E+00,4.265042E+00,nan
33:25.6,4.181962E+00,1.019884E+00,4.265116E+00,nan
33:26.6,4.182012E+00,1.019883E+00,4.265161E+00,nan
33:27.6,4.182046E+00,1.019886E+00,4.265212E+00,nan
33:28.6,4.182093E+00,1.019879E+00,4.265228E+00,nan
33:29.6,4.182140E+00,1.019878E+00,4.265272E+00,nan
33:30.6,4.182197E+00,1.019876E+00,4.265324E+00,nan
33:31.6,4.182237E+00,1.019883E+00,4.265391E+00,nan
33:32.6,4.182304E+00,1.019878E+00,4.265438E+00,nan
33:33.6,4.182343E+00,1.019875E+00,4.265468E+00,nan
33:34.6,4.182413E+00,1.019880E+00,4.265560E+00,nan
33:35.6,4.182440E+00,1.019879E+00,4.265582E+00,nan
33:36.6,4.182467E+00,1.019875E+00,4.265594E+00,nan
33:37.6,4.182537E+00,1.019885E+00,4.265707E+00,nan
33:38.6,4.182606E+00,1.019883E+00,4.265767E+00,nan
33:39.6,4.182623E+00,1.019886E+00,4.265801E+00,nan
33:40.6,4.182683E+00,1.019878E+00,4.265825E+00,nan
33:41.6,4.182734E+00,1.019884E+00,4.265904E+00,nan
33:42.6,4.182814E+00,1.019885E+00,4.265990E+00,nan
33:43.6,4.182827E+00,1.019884E+00,4.265998E+00,nan
33:44.6,4.182848E+00,1.019879E+00,4.265999E+00,nan
33:45.6,4.182920E+00,1.019885E+00,4.266099E+00,nan
33:46.6,4.182980E+00,1.019888E+00,4.266170E+00,nan
33:47.6,4.183014E+00,1.019890E+00,4.266216E+00,nan
33:48.6,4.183052E+00,1.019889E+00,4.266248E+00,nan
33:49.6,4.183101E+00,1.019890E+00,4.266304E+00,nan
33:50.6,4.183153E+00,1.019890E+00,4.266357E+00,nan
33:51.6,4.183190E+00,1.019886E+00,4.266379E+00,nan
33:52.6,4.183250E+00,1.019894E+00,4.266472E+00,nan
33:53.6,4.183302E+00,1.019895E+00,4.266530E+00,nan
33:54.6,4.183371E+00,1.019892E+00,4.266585E+00,nan
33:55.6,4.183371E+00,1.019894E+00,4.266596E+00,nan
33:56.6,4.183448E+00,1.019895E+00,4.266679E+00,nan
33:57.6,4.183468E+00,1.019895E+00,4.266699E+00,nan
33:58.6,4.183540E+00,1.019892E+00,4.266757E+00,nan
33:59.6,4.183567E+00,1.019890E+00,4.266779E+00,nan
34:00.6,4.183601E+00,1.019892E+00,4.266819E+00,nan
34:01.6,4.183646E+00,1.019885E+00,4.266839E+00,nan
34:02.6,4.183703E+00,1.019885E+00,4.266897E+00,nan
34:03.6,4.183767E+00,1.019883E+00,4.266952E+00,nan
34:04.6,4.183825E+00,1.019883E+00,4.267010E+00,nan
34:05.6,4.183869E+00,1.019892E+00,4.267092E+00,nan
34:06.6,4.183911E+00,1.019886E+00,4.267115E+00,nan
34:07.6,4.183939E+00,1.019890E+00,4.267158E+00,nan
34:08.6,4.183953E+00,1.019889E+00,4.267168E+00,nan
34:09.6,4.184032E+00,1.019884E+00,4.267228E+00,nan
34:10.6,4.184062E+00,1.019881E+00,4.267247E+00,nan
34:11.6,4.184127E+00,1.019888E+00,4.267340E+00,nan
34:12.6,4.184198E+00,1.019884E+00,4.267397E+00,nan
34:13.6,4.184238E+00,1.019885E+00,4.267442E+00,nan
34:14.6,4.184293E+00,1.019883E+00,4.267488E+00,nan
34:15.6,4.184342E+00,1.019883E+00,4.267538E+00,nan
34:16.6,4.184372E+00,1.019889E+00,4.267595E+00,nan
34:17.6,4.184429E+00,1.019885E+00,4.267637E+00,nan
34:18.6,4.184461E+00,1.019883E+00,4.267659E+00,nan
34:19.6,4.184523E+00,1.019884E+00,4.267728E+00,nan
34:20.6,4.184563E+00,1.019886E+00,4.267779E+00,nan
34:21.6,4.184627E+00,1.019888E+00,4.267850E+00,nan
34:22.6,4.184677E+00,1.019880E+00,4.267869E+00,nan
34:23.6,4.184726E+00,1.019885E+00,4.267940E+00,nan
34:24.6,4.184766E+00,1.019880E+00,4.267960E+00,nan
34:25.6,4.184808E+00,1.019885E+00,4.268023E+00,nan
34:26.6,4.184853E+00,1.019892E+00,4.268096E+00,nan
34:27.6,4.184862E+00,1.019884E+00,4.268074E+00,nan
34:28.6,4.184961E+00,1.019889E+00,4.268196E+00,nan
34:29.6,4.184971E+00,1.019892E+00,4.268217E+00,nan
34:30.6,4.185050E+00,1.019894E+00,4.268308E+00,nan
34:31.6,4.185108E+00,1.019890E+00,4.268351E+00,nan
34:32.6,4.185105E+00,1.019886E+00,4.268332E+00,nan
34:33.6,4.185184E+00,1.019889E+00,4.268424E+00,nan
34:34.6,4.185202E+00,1.019886E+00,4.268431E+00,nan
34:35.6,4.185278E+00,1.019884E+00,4.268498E+00,nan
34:36.6,4.185296E+00,1.019885E+00,4.268521E+00,nan
34:37.6,4.185343E+00,1.019884E+00,4.268564E+00,nan
34:38.6,4.185395E+00,1.019885E+00,4.268622E+00,nan
34:39.6,4.185442E+00,1.019885E+00,4.268670E+00,nan
34:40.6,4.185516E+00,1.019880E+00,4.268725E+00,nan
34:41.6,4.185558E+00,1.019881E+00,4.268773E+00,nan
34:42.6,4.185608E+00,1.019885E+00,4.268839E+00,nan
34:43.6,4.185645E+00,1.019881E+00,4.268861E+00,nan
34:44.6,4.185714E+00,1.019885E+00,4.268948E+00,nan
34:45.6,4.185727E+00,1.019889E+00,4.268977E+00,nan
34:46.6,4.185766E+00,1.019889E+00,4.269017E+00,nan
34:47.6,4.185865E+00,1.019881E+00,4.269086E+00,nan
34:48.6,4.185893E+00,1.019888E+00,4.269141E+00,nan
34:49.6,4.185950E+00,1.019884E+00,4.269183E+00,nan
34:50.6,4.185999E+00,1.019893E+00,4.269271E+00,nan
34:51.6,4.186014E+00,1.019886E+00,4.269259E+00,nan
34:52.6,4.186064E+00,1.019893E+00,4.269336E+00,nan
34:53.6,4.186128E+00,1.019895E+00,4.269412E+00,nan
34:54.6,4.186168E+00,1.019893E+00,4.269442E+00,nan
34:55.6,4.186224E+00,1.019899E+00,4.269527E+00,nan
34:56.6,4.186259E+00,1.019892E+00,4.269530E+00,nan
34:57.6,4.186311E+00,1.019890E+00,4.269578E+00,nan
34:58.6,4.186353E+00,1.019893E+00,4.269632E+00,nan
34:59.6,4.186396E+00,1.019898E+00,4.269696E+00,nan
35:00.6,4.186458E+00,1.019894E+00,4.269744E+00,nan
35:01.6,4.186487E+00,1.019893E+00,4.269768E+00,nan
35:02.6,4.186527E+00,1.019892E+00,4.269803E+00,nan
35:03.6,4.186581E+00,1.019889E+00,4.269848E+00,nan
35:04.6,4.186631E+00,1.019894E+00,4.269920E+00,nan
35:05.6,4.186685E+00,1.019889E+00,4.269954E+00,nan
35:06.6,4.186740E+00,1.019889E+00,4.270010E+00,nan
35:07.6,4.186759E+00,1.019897E+00,4.270062E+00,nan
35:08.6,4.186827E+00,1.019889E+00,4.270098E+00,nan
35:09.6,4.186881E+00,1.019893E+00,4.270170E+00,nan
35:10.6,4.186886E+00,1.019892E+00,4.270169E+00,nan
35:11.6,4.186990E+00,1.019900E+00,4.270313E+00,nan
35:12.6,4.186987E+00,1.019895E+00,4.270289E+00,nan
35:13.6,4.187042E+00,1.019890E+00,4.270323E+00,nan
35:14.6,4.187087E+00,1.019895E+00,4.270390E+00,nan
35:15.6,4.187101E+00,1.019888E+00,4.270374E+00,nan
35:16.6,4.187181E+00,1.019895E+00,4.270486E+00,nan
35:17.6,4.187235E+00,1.019900E+00,4.270563E+00,nan
35:18.6,4.187273E+00,1.019902E+00,4.270606E+00,nan
35:19.6,4.187352E+00,1.019897E+00,4.270666E+00,nan
35:20.6,4.187349E+00,1.019894E+00,4.270653E+00,nan
35:21.6,4.187421E+00,1.019895E+00,4.270731E+00,nan
35:22.6,4.187446E+00,1.019889E+00,4.270730E+00,nan
35:23.6,4.187518E+00,1.019900E+00,4.270851E+00,nan
35:24.6,4.187545E+00,1.019903E+00,4.270889E+00,nan
35:25.6,4.187570E+00,1.019898E+00,4.270893E+00,nan
35:26.6,4.187636E+00,1.019892E+00,4.270935E+00,nan
35:27.6,4.187711E+00,1.019895E+00,4.271027E+00,nan
35:28.6,4.187730E+00,1.019889E+00,4.271020E+00,nan
35:29.6,4.187790E+00,1.019899E+00,4.271123E+00,nan
35:30.6,4.187825E+00,1.019893E+00,4.271132E+00,nan
35:31.6,4.187877E+00,1.019892E+00,4.271180E+00,nan
35:32.6,4.187921E+00,1.019895E+00,4.271241E+00,nan
35:33.6,4.187973E+00,1.019893E+00,4.271284E+00,nan
35:34.6,4.188025E+00,1.019894E+00,4.271343E+00,nan
35:35.6,4.188080E+00,1.019894E+00,4.271398E+00,nan
35:36.6,4.188092E+00,1.019889E+00,4.271389E+00,nan
35:37.6,4.188174E+00,1.019897E+00,4.271504E+00,nan
35:38.6,4.188211E+00,1.019898E+00,4.271547E+00,nan
35:39.6,4.188295E+00,1.019893E+00,4.271612E+00,nan
35:40.6,4.188295E+00,1.019899E+00,4.271639E+00,nan
35:41.6,4.188352E+00,1.019894E+00,4.271676E+00,nan
35:42.6,4.188377E+00,1.019893E+00,4.271695E+00,nan
35:43.6,4.188444E+00,1.019886E+00,4.271737E+00,nan
35:44.6,4.188471E+00,1.019890E+00,4.271781E+00,nan
35:45.6,4.188511E+00,1.019888E+00,4.271811E+00,nan
35:46.6,4.188568E+00,1.019893E+00,4.271890E+00,nan
35:47.6,4.188637E+00,1.019892E+00,4.271956E+00,nan
35:48.6,4.188652E+00,1.019893E+00,4.271976E+00,nan
35:49.6,4.188729E+00,1.019888E+00,4.272033E+00,nan
35:50.6,4.188766E+00,1.019894E+00,4.272098E+00,nan
35:51.6,4.188843E+00,1.019892E+00,4.272165E+00,nan
35:52.6,4.188875E+00,1.019881E+00,4.272155E+00,nan
35:53.6,4.188962E+00,1.019890E+00,4.272281E+00,nan
35:54.6,4.188999E+00,1.019888E+00,4.272309E+00,nan
35:55.6,4.189016E+00,1.019892E+00,4.272342E+00,nan
35:56.6,4.189075E+00,1.019885E+00,4.272376E+00,nan
35:57.6,4.189115E+00,1.019884E+00,4.272411E+00,nan
35:58.6,4.189157E+00,1.019888E+00,4.272470E+00,nan
35:59.6,4.189189E+00,1.019885E+00,4.272492E+00,nan
36:00.6,4.189264E+00,1.019897E+00,4.272616E+00,nan
36:01.6,4.189313E+00,1.019890E+00,4.272640E+00,nan
36:02.6,4.189343E+00,1.019893E+00,4.272681E+00,nan
36:03.6,4.189407E+00,1.019881E+00,4.272698E+00,nan
36:04.6,4.189442E+00,1.019884E+00,4.272745E+00,nan
36:05.6,4.189489E+00,1.019884E+00,4.272793E+00,nan
36:06.6,4.189526E+00,1.019881E+00,4.272820E+00,nan
36:07.6,4.189608E+00,1.019889E+00,4.272935E+00,nan
36:08.6,4.189635E+00,1.019886E+00,4.272952E+00,nan
36:09.6,4.189697E+00,1.019889E+00,4.273026E+00,nan
36:10.6,4.189712E+00,1.019888E+00,4.273036E+00,nan
36:11.6,4.189786E+00,1.019893E+00,4.273133E+00,nan
36:12.6,4.189816E+00,1.019885E+00,4.273131E+00,nan
36:13.6,4.189856E+00,1.019894E+00,4.273209E+00,nan
36:14.6,4.189915E+00,1.019894E+00,4.273270E+00,nan
36:15.6,4.189955E+00,1.019888E+00,4.273284E+00,nan
36:16.6,4.190004E+00,1.019884E+00,4.273318E+00,nan
36:17.6,4.190049E+00,1.019888E+00,4.273380E+00,nan
36:18.6,4.190086E+00,1.019894E+00,4.273444E+00,nan
36:19.6,4.190156E+00,1.019890E+00,4.273499E+00,nan
36:20.6,4.190193E+00,1.019889E+00,4.273531E+00,nan
36:21.6,4.190259E+00,1.019890E+00,4.273605E+00,nan
36:22.6,4.190277E+00,1.019889E+00,4.273617E+00,nan
36:23.6,4.190336E+00,1.019894E+00,4.273699E+00,nan
36:24.6,4.190408E+00,1.019888E+00,4.273746E+00,nan
36:25.6,4.190428E+00,1.019892E+00,4.273782E+00,nan
36:26.6,4.190473E+00,1.019892E+00,4.273827E+00,nan
36:27.6,4.190525E+00,1.019889E+00,4.273870E+00,nan
36:28.6,4.190591E+00,1.019890E+00,4.273943E+00,nan
36:29.6,4.190649E+00,1.019886E+00,4.273986E+00,nan
36:30.6,4.190668E+00,1.019890E+00,4.274022E+00,nan
36:31.6,4.190725E+00,1.019884E+00,4.274054E+00,nan
36:32.6,4.190757E+00,1.019886E+00,4.274097E+00,nan
36:33.6,4.190802E+00,1.019883E+00,4.274126E+00,nan
36:34.6,4.190851E+00,1.019886E+00,4.274193E+00,nan
36:35.6,4.190886E+00,1.019888E+00,4.274234E+00,nan
36:36.6,4.190938E+00,1.019886E+00,4.274281E+00,nan
36:37.6,4.191000E+00,1.019880E+00,4.274318E+00,nan
36:38.6,4.191050E+00,1.019893E+00,4.274421E+00,nan
36:39.6,4.191067E+00,1.019897E+00,4.274455E+00,nan
36:40.6,4.191131E+00,1.019894E+00,4.274510E+00,nan
36:41.6,4.191195E+00,1.019895E+00,4.274581E+00,nan
36:42.6,4.191230E+00,1.019892E+00,4.274600E+00,nan
36:43.6,4.191257E+00,1.019893E+00,4.274633E+00,nan
36:44.6,4.191327E+00,1.019898E+00,4.274725E+00,nan
36:45.6,4.191381E+00,1.019886E+00,4.274733E+00,nan
36:46.6,4.191414E+00,1.019884E+00,4.274756E+00,nan
36:47.6,4.191468E+00,1.019881E+00,4.274800E+00,nan
36:48.6,4.191520E+00,1.019893E+00,4.274901E+00,nan
36:49.6,4.191617E+00,1.019894E+00,4.275006E+00,nan
36:50.6,4.191622E+00,1.019902E+00,4.275042E+00,nan
36:51.6,4.191676E+00,1.019893E+00,4.275060E+00,nan
36:52.6,4.191706E+00,1.019898E+00,4.275112E+00,nan
36:53.6,4.191748E+00,1.019888E+00,4.275113E+00,nan
36:54.6,4.191803E+00,1.019889E+00,4.275173E+00,nan
36:55.6,4.191872E+00,1.019888E+00,4.275239E+00,nan
36:56.6,4.191926E+00,1.019893E+00,4.275316E+00,nan
36:57.6,4.191956E+00,1.019893E+00,4.275346E+00,nan
36:58.6,4.192063E+00,1.019893E+00,4.275455E+00,nan
36:59.6,4.192072E+00,1.019897E+00,4.275480E+00,nan
37:00.6,4.192132E+00,1.019886E+00,4.275499E+00,nan
37:01.6,4.192169E+00,1.019897E+00,4.275579E+00,nan
37:02.6,4.192199E+00,1.019890E+00,4.275583E+00,nan
37:03.6,4.192221E+00,1.019890E+00,4.275606E+00,nan
37:04.6,4.192296E+00,1.019888E+00,4.275671E+00,nan
37:05.6,4.192355E+00,1.019885E+00,4.275720E+00,nan
37:06.6,4.192400E+00,1.019886E+00,4.275772E+00,nan
37:07.6,4.192454E+00,1.019890E+00,4.275843E+00,nan
37:08.6,4.192501E+00,1.019878E+00,4.275838E+00,nan
37:09.6,4.192568E+00,1.019886E+00,4.275943E+00,nan
37:10.6,4.192625E+00,1.019884E+00,4.275991E+00,nan
37:11.6,4.192657E+00,1.019884E+00,4.276024E+00,nan
37:12.6,4.192692E+00,1.019879E+00,4.276038E+00,nan
37:13.6,4.192739E+00,1.019885E+00,4.276112E+00,nan
37:14.6,4.192764E+00,1.019883E+00,4.276127E+00,nan
37:15.6,4.192858E+00,1.019881E+00,4.276217E+00,nan
37:16.6,4.192890E+00,1.019892E+00,4.276293E+00,nan
37:17.6,4.192937E+00,1.019885E+00,4.276314E+00,nan
37:18.6,4.192974E+00,1.019883E+00,4.276342E+00,nan
37:19.6,4.193046E+00,1.019886E+00,4.276431E+00,nan
37:20.6,4.193073E+00,1.019880E+00,4.276432E+00,nan
37:21.6,4.193120E+00,1.019885E+00,4.276501E+00,nan
37:22.6,4.193192E+00,1.019886E+00,4.276580E+00,nan
37:23.6,4.193204E+00,1.019876E+00,4.276550E+00,nan
37:24.6,4.193289E+00,1.019888E+00,4.276684E+00,nan
37:25.6,4.193301E+00,1.019880E+00,4.276665E+00,nan
37:26.6,4.193370E+00,1.019884E+00,4.276751E+00,nan
37:27.6,4.193418E+00,1.019886E+00,4.276810E+00,nan
37:28.6,4.193467E+00,1.019886E+00,4.276860E+00,nan
37:29.6,4.193504E+00,1.019885E+00,4.276893E+00,nan
37:30.6,4.193544E+00,1.019888E+00,4.276944E+00,nan
37:31.6,4.193621E+00,1.019888E+00,4.277023E+00,nan
37:32.6,4.193673E+00,1.019886E+00,4.277070E+00,nan
37:33.6,4.193700E+00,1.019888E+00,4.277103E+00,nan
37:34.6,4.193752E+00,1.019890E+00,4.277167E+00,nan
37:35.6,4.193824E+00,1.019890E+00,4.277240E+00,nan
37:36.6,4.193886E+00,1.019888E+00,4.277293E+00,nan
37:37.6,4.193891E+00,1.019893E+00,4.277319E+00,nan
37:38.6,4.193953E+00,1.019894E+00,4.277388E+00,nan
37:39.6,4.193977E+00,1.019890E+00,4.277397E+00,nan
37:40.6,4.194049E+00,1.019889E+00,4.277464E+00,nan
37:41.6,4.194091E+00,1.019886E+00,4.277497E+00,nan
37:42.6,4.194158E+00,1.019888E+00,4.277571E+00,nan
37:43.6,4.194180E+00,1.019886E+00,4.277588E+00,nan
37:44.6,4.194220E+00,1.019885E+00,4.277623E+00,nan
37:45.6,4.194294E+00,1.019886E+00,4.277704E+00,nan
37:46.6,4.194344E+00,1.019885E+00,4.277749E+00,nan
37:47.6,4.194403E+00,1.019885E+00,4.277810E+00,nan
37:48.6,4.194478E+00,1.019883E+00,4.277875E+00,nan
37:49.6,4.194502E+00,1.019885E+00,4.277911E+00,nan
37:50.6,4.194554E+00,1.019881E+00,4.277948E+00,nan
37:51.6,4.194602E+00,1.019884E+00,4.278007E+00,nan
37:52.6,4.194668E+00,1.019881E+00,4.278064E+00,nan
37:53.6,4.194695E+00,1.019879E+00,4.278081E+00,nan
37:54.6,4.194767E+00,1.019884E+00,4.278176E+00,nan
37:55.6,4.194795E+00,1.019878E+00,4.278177E+00,nan
37:56.6,4.194827E+00,1.019875E+00,4.278199E+00,nan
37:57.6,4.194886E+00,1.019886E+00,4.278308E+00,nan
37:58.6,4.194938E+00,1.019883E+00,4.278345E+00,nan
37:59.6,4.194985E+00,1.019884E+00,4.278398E+00,nan
38:00.6,4.195065E+00,1.019876E+00,4.278447E+00,nan
38:01.6,4.195119E+00,1.019880E+00,4.278519E+00,nan
38:02.6,4.195164E+00,1.019875E+00,4.278543E+00,nan
38:03.6,4.195208E+00,1.019878E+00,4.278599E+00,nan
38:04.6,4.195258E+00,1.019883E+00,4.278671E+00,nan
38:05.6,4.195320E+00,1.019880E+00,4.278723E+00,nan
38:06.6,4.195364E+00,1.019883E+00,4.278780E+00,nan
38:07.6,4.195434E+00,1.019885E+00,4.278861E+00,nan
38:08.6,4.195451E+00,1.019883E+00,4.278868E+00,nan
38:09.6,4.195483E+00,1.019889E+00,4.278927E+00,nan
38:10.6,4.195552E+00,1.019881E+00,4.278966E+00,nan
38:11.6,4.195617E+00,1.019894E+00,4.279085E+00,nan
38:12.6,4.195657E+00,1.019888E+00,4.279099E+00,nan
38:13.6,4.195699E+00,1.019876E+00,4.279094E+00,nan
38:14.6,4.195755E+00,1.019883E+00,4.279178E+00,nan
38:15.6,4.195805E+00,1.019889E+00,4.279255E+00,nan
38:16.6,4.195840E+00,1.019879E+00,4.279248E+00,nan
38:17.6,4.195924E+00,1.019886E+00,4.279367E+00,nan
38:18.6,4.195979E+00,1.019884E+00,4.279411E+00,nan
38:19.6,4.196011E+00,1.019884E+00,4.279444E+00,nan
38:20.6,4.196083E+00,1.019885E+00,4.279522E+00,nan
38:21.6,4.196127E+00,1.019884E+00,4.279563E+00,nan
38:22.6,4.196152E+00,1.019883E+00,4.279582E+00,nan
38:23.6,4.196217E+00,1.019889E+00,4.279675E+00,nan
38:24.6,4.196241E+00,1.019892E+00,4.279710E+00,nan
38:25.6,4.196306E+00,1.019890E+00,4.279772E+00,nan
38:26.6,4.196377E+00,1.019884E+00,4.279818E+00,nan
38:27.6,4.196427E+00,1.019890E+00,4.279895E+00,nan
38:28.6,4.196449E+00,1.019883E+00,4.279886E+00,nan
38:29.6,4.196516E+00,1.019890E+00,4.279986E+00,nan
38:30.6,4.196593E+00,1.019880E+00,4.280022E+00,nan
38:31.6,4.196622E+00,1.019885E+00,4.280073E+00,nan
38:32.6,4.196650E+00,1.019892E+00,4.280128E+00,nan
38:33.6,4.196714E+00,1.019888E+00,4.280178E+00,nan
38:34.6,4.196752E+00,1.019886E+00,4.280210E+00,nan
38:35.6,4.196804E+00,1.019893E+00,4.280290E+00,nan
38:36.6,4.196877E+00,1.019889E+00,4.280349E+00,nan
38:37.6,4.196910E+00,1.019892E+00,4.280393E+00,nan
38:38.6,4.196959E+00,1.019889E+00,4.280433E+00,nan
38:39.6,4.197024E+00,1.019883E+00,4.280472E+00,nan
38:40.6,4.197059E+00,1.019886E+00,4.280523E+00,nan
38:41.6,4.197113E+00,1.019886E+00,4.280579E+00,nan
38:42.6,4.197202E+00,1.019885E+00,4.280664E+00,nan
38:43.6,4.197219E+00,1.019883E+00,4.280671E+00,nan
38:44.6,4.197287E+00,1.019880E+00,4.280729E+00,nan
38:45.6,4.197321E+00,1.019881E+00,4.280769E+00,nan
38:46.6,4.197403E+00,1.019884E+00,4.280864E+00,nan
38:47.6,4.197423E+00,1.019888E+00,4.280900E+00,nan
38:48.6,4.197480E+00,1.019881E+00,4.280931E+00,nan
38:49.6,4.197542E+00,1.019884E+00,4.281006E+00,nan
38:50.6,4.197571E+00,1.019883E+00,4.281030E+00,nan
38:51.6,4.197628E+00,1.019893E+00,4.281131E+00,nan
38:52.6,4.197688E+00,1.019890E+00,4.281181E+00,nan
38:53.6,4.197787E+00,1.019884E+00,4.281256E+00,nan
38:54.6,4.197802E+00,1.019879E+00,4.281249E+00,nan
38:55.6,4.197861E+00,1.019880E+00,4.281315E+00,nan
38:56.6,4.197916E+00,1.019881E+00,4.281376E+00,nan
38:57.6,4.197940E+00,1.019880E+00,4.281396E+00,nan
38:58.6,4.197982E+00,1.019876E+00,4.281423E+00,nan
38:59.6,4.198034E+00,1.019880E+00,4.281492E+00,nan
39:00.6,4.198131E+00,1.019883E+00,4.281601E+00,nan
39:01.6,4.198161E+00,1.019880E+00,4.281621E+00,nan
39:02.6,4.198230E+00,1.019881E+00,4.281697E+00,nan
39:03.6,4.198270E+00,1.019879E+00,4.281727E+00,nan
39:04.6,4.198339E+00,1.019878E+00,4.281792E+00,nan
39:05.6,4.198396E+00,1.019874E+00,4.281835E+00,nan
39:06.6,4.198428E+00,1.019873E+00,4.281862E+00,nan
39:07.6,4.198493E+00,1.019869E+00,4.281911E+00,nan
39:08.6,4.198530E+00,1.019873E+00,4.281965E+00,nan
39:09.6,4.198572E+00,1.019869E+00,4.281992E+00,nan
39:10.6,4.198639E+00,1.019870E+00,4.282066E+00,nan
39:11.6,4.198689E+00,1.019874E+00,4.282133E+00,nan
39:12.6,4.198760E+00,1.019869E+00,4.282184E+00,nan
39:13.6,4.198792E+00,1.019876E+00,4.282249E+00,nan
39:14.6,4.198844E+00,1.019880E+00,4.282318E+00,nan
39:15.6,4.198919E+00,1.019875E+00,4.282373E+00,nan
39:16.6,4.198946E+00,1.019874E+00,4.282395E+00,nan
39:17.6,4.199015E+00,1.019878E+00,4.282482E+00,nan
39:18.6,4.199067E+00,1.019875E+00,4.282524E+00,nan
39:19.6,4.199139E+00,1.019876E+00,4.282603E+00,nan
39:20.6,4.199176E+00,1.019880E+00,4.282657E+00,nan
39:21.6,4.199245E+00,1.019880E+00,4.282727E+00,nan
39:22.6,4.199258E+00,1.019881E+00,4.282745E+00,nan
39:23.6,4.199357E+00,1.019884E+00,4.282857E+00,nan
39:24.6,4.199424E+00,1.019875E+00,4.282888E+00,nan
39:25.6,4.199436E+00,1.019885E+00,4.282943E+00,nan
39:26.6,4.199481E+00,1.019881E+00,4.282972E+00,nan
39:27.6,4.199553E+00,1.019883E+00,4.283051E+00,nan
39:28.6,4.199593E+00,1.019888E+00,4.283113E+00,nan
39:29.6,4.199652E+00,1.019881E+00,4.283147E+00,nan
39:30.6,4.199704E+00,1.019881E+00,4.283200E+00,nan
39:31.6,4.199753E+00,1.019876E+00,4.283229E+00,nan
39:32.6,4.199820E+00,1.019874E+00,4.283287E+00,nan
39:33.6,4.199867E+00,1.019884E+00,4.283377E+00,nan
39:34.6,4.199927E+00,1.019885E+00,4.283443E+00,nan
39:35.6,4.199952E+00,1.019883E+00,4.283458E+00,nan
39:37.0,4.200028E+00,1.019881E+00,4.283531E+00,nan
39:37.6,4.200090E+00,1.019881E+00,4.283594E+00,nan
39:38.6,4.200115E+00,1.019875E+00,4.283593E+00,nan
39:39.6,4.200167E+00,1.019876E+00,4.283651E+00,nan
39:40.6,4.200229E+00,1.019879E+00,4.283725E+00,nan
39:41.6,4.200311E+00,1.019880E+00,4.283814E+00,nan
39:42.6,4.200330E+00,1.019874E+00,4.283807E+00,nan
39:43.6,4.200395E+00,1.019880E+00,4.283900E+00,nan
39:44.6,4.200467E+00,1.019880E+00,4.283973E+00,nan
39:45.6,4.200481E+00,1.019880E+00,4.283988E+00,nan
39:46.6,4.200566E+00,1.019873E+00,4.284042E+00,nan
39:47.6,4.200620E+00,1.019883E+00,4.284140E+00,nan
39:48.6,4.200695E+00,1.019881E+00,4.284210E+00,nan
39:49.6,4.200724E+00,1.019883E+00,4.284246E+00,nan
39:50.6,4.200135E+00,1.005336E+00,4.222546E+00,nan
39:51.6,4.200152E+00,1.005217E+00,4.222064E+00,nan
39:52.6,4.200142E+00,1.004600E+00,4.219462E+00,nan
39:53.6,4.200130E+00,1.003571E+00,4.215130E+00,nan
39:54.6,4.200128E+00,1.002983E+00,4.212657E+00,nan
39:55.6,4.200137E+00,1.001989E+00,4.208490E+00,nan
39:56.6,4.200128E+00,1.001938E+00,4.208268E+00,nan
39:57.6,4.200150E+00,1.001025E+00,4.204454E+00,nan
39:58.6,4.200140E+00,1.000095E+00,4.200540E+00,nan
39:59.6,4.200135E+00,9.984533E-01,4.193638E+00,nan
40:00.6,4.200137E+00,9.986367E-01,4.194411E+00,nan
40:01.6,4.200103E+00,9.976425E-01,4.190201E+00,nan
40:02.6,4.200122E+00,9.970947E-01,4.187920E+00,nan
40:03.6,4.200120E+00,9.963155E-01,4.184645E+00,nan
40:04.6,4.200108E+00,9.949595E-01,4.178937E+00,nan
40:05.6,4.200115E+00,9.944206E-01,4.176681E+00,nan
40:06.6,4.200147E+00,9.933720E-01,4.172308E+00,nan
40:07.6,4.200140E+00,9.931848E-01,4.171515E+00,nan
40:08.6,4.200152E+00,9.921930E-01,4.167362E+00,nan
40:09.6,4.200150E+00,9.917061E-01,4.165314E+00,nan
40:10.6,4.200132E+00,9.904006E-01,4.159814E+00,nan
40:11.6,4.200130E+00,9.899010E-01,4.157713E+00,nan
40:12.6,4.200145E+00,9.896606E-01,4.156718E+00,nan
40:13.6,4.200147E+00,9.890054E-01,4.153968E+00,nan
40:14.6,4.200140E+00,9.878176E-01,4.148972E+00,nan
40:15.6,4.200155E+00,9.873142E-01,4.146872E+00,nan
40:16.6,4.200162E+00,9.867980E-01,4.144712E+00,nan
40:17.6,4.200160E+00,9.861049E-01,4.141798E+00,nan
40:18.6,4.200150E+00,9.849057E-01,4.136751E+00,nan
40:19.6,4.200135E+00,9.843226E-01,4.134288E+00,nan
40:20.6,4.200130E+00,9.833840E-01,4.130341E+00,nan
40:21.6,4.200145E+00,9.826996E-01,4.127481E+00,nan
40:22.6,4.200135E+00,9.822721E-01,4.125675E+00,nan
40:23.6,4.200135E+00,9.819546E-01,4.124342E+00,nan
40:24.6,4.200164E+00,9.810578E-01,4.120604E+00,nan
40:25.6,4.200160E+00,9.806618E-01,4.118936E+00,nan
40:26.6,4.200147E+00,9.795411E-01,4.114217E+00,nan
40:27.6,4.200147E+00,9.787050E-01,4.110705E+00,nan
40:28.6,4.200142E+00,9.780017E-01,4.107746E+00,nan
40:29.6,4.200135E+00,9.772351E-01,4.104519E+00,nan
40:30.6,4.200145E+00,9.769062E-01,4.103148E+00,nan
40:31.6,4.200147E+00,9.758766E-01,4.098825E+00,nan
40:32.6,4.200147E+00,9.758424E-01,4.098682E+00,nan
40:33.6,4.200150E+00,9.746293E-01,4.093589E+00,nan
40:34.6,4.200155E+00,9.744269E-01,4.092744E+00,nan
40:35.6,4.200137E+00,9.735098E-01,4.088875E+00,nan
40:36.6,4.200128E+00,9.724827E-01,4.084551E+00,nan
40:37.6,4.200128E+00,9.721311E-01,4.083075E+00,nan
40:38.6,4.200150E+00,9.711456E-01,4.078957E+00,nan
40:39.6,4.200120E+00,9.706233E-01,4.076734E+00,nan
40:40.6,4.200135E+00,9.695088E-01,4.072068E+00,nan
40:41.6,4.200110E+00,9.693127E-01,4.071220E+00,nan
40:42.6,4.200108E+00,9.691078E-01,4.070357E+00,nan
40:43.6,4.200095E+00,9.675696E-01,4.063885E+00,nan
40:44.6,4.200120E+00,9.674786E-01,4.063526E+00,nan
40:45.6,4.200130E+00,9.670460E-01,4.061719E+00,nan
40:46.6,4.200130E+00,9.663376E-01,4.058744E+00,nan
40:47.6,4.200147E+00,9.651574E-01,4.053803E+00,nan
40:48.6,4.200142E+00,9.655533E-01,4.055462E+00,nan
40:49.6,4.200145E+00,9.645389E-01,4.051203E+00,nan
40:50.6,4.200162E+00,9.640886E-01,4.049328E+00,nan
40:51.6,4.200135E+00,9.633928E-01,4.046380E+00,nan
40:52.6,4.200174E+00,9.625757E-01,4.042986E+00,nan
40:53.6,4.200170E+00,9.616991E-01,4.039299E+00,nan
40:54.6,4.200167E+00,9.607693E-01,4.035392E+00,nan
40:55.6,4.200172E+00,9.607238E-01,4.035205E+00,nan
40:56.6,4.200140E+00,9.602216E-01,4.033065E+00,nan
40:57.6,4.200150E+00,9.593425E-01,4.029382E+00,nan
40:58.6,4.200142E+00,9.587593E-01,4.026926E+00,nan
40:59.6,4.200160E+00,9.580914E-01,4.024137E+00,nan
41:00.6,4.200164E+00,9.576272E-01,4.022191E+00,nan
41:01.6,4.200157E+00,9.575273E-01,4.021765E+00,nan
41:02.6,4.200137E+00,9.566039E-01,4.017868E+00,nan
41:03.6,4.200172E+00,9.567266E-01,4.018416E+00,nan
41:04.6,4.200132E+00,9.551821E-01,4.011891E+00,nan
41:05.6,4.200147E+00,9.549379E-01,4.010880E+00,nan
41:06.6,4.200135E+00,9.536995E-01,4.005667E+00,nan
41:07.6,4.200118E+00,9.531126E-01,4.003185E+00,nan
41:08.6,4.200135E+00,9.522057E-01,3.999392E+00,nan
41:09.6,4.200128E+00,9.517996E-01,3.997680E+00,nan
41:10.6,4.200132E+00,9.508193E-01,3.993567E+00,nan
41:11.6,4.200130E+00,9.507548E-01,3.993294E+00,nan
41:12.6,4.200137E+00,9.504891E-01,3.992185E+00,nan
41:13.6,4.200147E+00,9.497036E-01,3.988895E+00,nan
41:14.6,4.200135E+00,9.489459E-01,3.985701E+00,nan
41:15.6,4.200147E+00,9.483969E-01,3.983407E+00,nan
41:16.6,4.200145E+00,9.482439E-01,3.982761E+00,nan
41:17.6,4.200142E+00,9.471636E-01,3.978222E+00,nan
41:18.6,4.200125E+00,9.462490E-01,3.974364E+00,nan
41:19.6,4.200125E+00,9.455736E-01,3.971527E+00,nan
41:20.6,4.200135E+00,9.456229E-01,3.971743E+00,nan
41:21.6,4.200137E+00,9.446527E-01,3.967671E+00,nan
41:22.6,4.200122E+00,9.439164E-01,3.964565E+00,nan
41:23.6,4.200122E+00,9.431081E-01,3.961170E+00,nan
41:24.6,4.200118E+00,9.425149E-01,3.958673E+00,nan
41:25.6,4.200132E+00,9.424314E-01,3.958337E+00,nan
41:26.6,4.200142E+00,9.417737E-01,3.955583E+00,nan
41:27.6,4.200132E+00,9.414093E-01,3.954044E+00,nan
41:28.6,4.200128E+00,9.404669E-01,3.950081E+00,nan
41:29.6,4.200118E+00,9.399281E-01,3.947809E+00,nan
41:30.6,4.200122E+00,9.396878E-01,3.946804E+00,nan
41:31.6,4.200100E+00,9.391211E-01,3.944402E+00,nan
41:32.6,4.200112E+00,9.381837E-01,3.940477E+00,nan
41:33.6,4.200122E+00,9.372932E-01,3.936746E+00,nan
41:34.6,4.200115E+00,9.373489E-01,3.936973E+00,nan
41:35.6,4.200105E+00,9.369036E-01,3.935094E+00,nan
41:36.6,4.200118E+00,9.362484E-01,3.932353E+00,nan
41:37.6,4.200112E+00,9.357348E-01,3.930191E+00,nan
41:38.6,4.200115E+00,9.349771E-01,3.927012E+00,nan
41:39.6,4.200132E+00,9.345774E-01,3.925349E+00,nan
41:40.6,4.200135E+00,9.341005E-01,3.923348E+00,nan
41:41.6,4.200147E+00,9.335793E-01,3.921171E+00,nan
41:42.6,4.200140E+00,9.323751E-01,3.916106E+00,nan
41:43.6,4.200132E+00,9.318830E-01,3.914032E+00,nan
41:44.6,4.200155E+00,9.313796E-01,3.911939E+00,nan
41:45.6,4.200140E+00,9.306447E-01,3.908838E+00,nan
41:46.6,4.200132E+00,9.300008E-01,3.906127E+00,nan
41:47.6,4.200155E+00,9.300210E-01,3.906232E+00,nan
41:48.6,4.200142E+00,9.293317E-01,3.903325E+00,nan
41:49.6,4.200125E+00,9.284083E-01,3.899431E+00,nan
41:50.6,4.200137E+00,9.282995E-01,3.898985E+00,nan
41:51.6,4.200125E+00,9.276733E-01,3.896344E+00,nan
41:52.6,4.200150E+00,9.272230E-01,3.894475E+00,nan
41:53.6,4.200128E+00,9.264678E-01,3.891283E+00,nan
41:54.6,4.200128E+00,9.260125E-01,3.889370E+00,nan
41:55.6,4.200132E+00,9.251143E-01,3.885603E+00,nan
41:56.6,4.200132E+00,9.246172E-01,3.883515E+00,nan
41:57.6,4.200137E+00,9.242795E-01,3.882100E+00,nan
41:58.6,4.200132E+00,9.236382E-01,3.879403E+00,nan
41:59.6,4.200155E+00,9.232916E-01,3.877967E+00,nan
42:00.6,4.200147E+00,9.230841E-01,3.877089E+00,nan
42:01.6,4.200132E+00,9.217091E-01,3.871300E+00,nan
42:02.6,4.200128E+00,9.214233E-01,3.870095E+00,nan
42:03.6,4.200118E+00,9.205644E-01,3.866479E+00,nan
42:04.6,4.200128E+00,9.196181E-01,3.862513E+00,nan
42:05.6,4.200105E+00,9.191489E-01,3.860522E+00,nan
42:06.6,4.200118E+00,9.187782E-01,3.858977E+00,nan
42:07.6,4.200100E+00,9.183519E-01,3.857170E+00,nan
42:08.6,4.200115E+00,9.179535E-01,3.855510E+00,nan
42:09.6,4.200122E+00,9.171401E-01,3.852101E+00,nan
42:10.6,4.200128E+00,9.164394E-01,3.849162E+00,nan
42:11.6,4.200122E+00,9.160889E-01,3.847686E+00,nan
42:12.6,4.200132E+00,9.156463E-01,3.845835E+00,nan
42:13.6,4.200115E+00,9.147975E-01,3.842255E+00,nan
42:14.6,4.200145E+00,9.149024E-01,3.842723E+00,nan
42:15.6,4.200118E+00,9.135591E-01,3.837056E+00,nan
42:16.6,4.200130E+00,9.133542E-01,3.836206E+00,nan
42:17.6,4.200112E+00,9.127470E-01,3.833640E+00,nan
42:18.6,4.200130E+00,9.119210E-01,3.830187E+00,nan
42:19.6,4.200132E+00,9.113088E-01,3.827617E+00,nan
42:20.6,4.200135E+00,9.107623E-01,3.825324E+00,nan
42:21.6,4.200137E+00,9.108142E-01,3.825544E+00,nan
42:22.6,4.200130E+00,9.101336E-01,3.822679E+00,nan
42:23.6,4.200140E+00,9.089547E-01,3.817737E+00,nan
42:24.6,4.200147E+00,9.090242E-01,3.818036E+00,nan
42:25.6,4.200135E+00,9.078896E-01,3.813259E+00,nan
42:26.6,4.200140E+00,9.078200E-01,3.812971E+00,nan
42:27.6,4.200130E+00,9.068119E-01,3.808728E+00,nan
42:28.6,4.200105E+00,9.060200E-01,3.805379E+00,nan
42:29.6,4.200095E+00,9.059340E-01,3.805009E+00,nan
42:30.6,4.200132E+00,9.052497E-01,3.802168E+00,nan
42:31.6,4.200100E+00,9.047664E-01,3.800109E+00,nan
42:32.6,4.200122E+00,9.040505E-01,3.797123E+00,nan
42:33.6,4.200140E+00,9.039493E-01,3.796714E+00,nan
42:34.6,4.200132E+00,9.032574E-01,3.793801E+00,nan
42:35.6,4.200160E+00,9.029892E-01,3.792699E+00,nan
42:36.6,4.200164E+00,9.027223E-01,3.791582E+00,nan
42:37.6,4.200142E+00,9.015194E-01,3.786510E+00,nan
42:38.6,4.200137E+00,9.016028E-01,3.786855E+00,nan
42:39.6,4.200142E+00,9.004796E-01,3.782142E+00,nan
42:40.6,4.200137E+00,9.005694E-01,3.782515E+00,nan
42:41.6,4.200118E+00,8.995675E-01,3.778289E+00,nan
42:42.6,4.200147E+00,8.992386E-01,3.776935E+00,nan
42:43.6,4.200137E+00,8.976157E-01,3.770109E+00,nan
42:44.6,4.200155E+00,8.976461E-01,3.770252E+00,nan
42:45.6,4.200132E+00,8.975676E-01,3.769903E+00,nan
42:46.6,4.200147E+00,8.968188E-01,3.766771E+00,nan
42:47.6,4.200140E+00,8.964204E-01,3.765091E+00,nan
42:48.6,4.200132E+00,8.954906E-01,3.761179E+00,nan
42:49.6,4.200118E+00,8.949315E-01,3.758818E+00,nan
42:50.6,4.200108E+00,8.944572E-01,3.756816E+00,nan
42:51.6,4.200130E+00,8.936046E-01,3.753255E+00,nan
42:52.6,4.200128E+00,8.930480E-01,3.750916E+00,nan
42:53.6,4.200128E+00,8.928266E-01,3.749986E+00,nan
42:54.6,4.200137E+00,8.917426E-01,3.745441E+00,nan
42:55.6,4.200135E+00,8.909748E-01,3.742214E+00,nan
42:56.6,4.200103E+00,8.906357E-01,3.740762E+00,nan
42:57.6,4.200122E+00,8.905232E-01,3.740306E+00,nan
42:58.6,4.200132E+00,8.892431E-01,3.734939E+00,nan
42:59.6,4.200137E+00,8.887194E-01,3.732743E+00,nan
43:00.6,4.200115E+00,8.886371E-01,3.732378E+00,nan
43:01.6,4.200142E+00,8.883285E-01,3.731106E+00,nan
43:02.6,4.200142E+00,8.878503E-01,3.729098E+00,nan
43:03.6,4.200130E+00,8.867549E-01,3.724486E+00,nan
43:04.6,4.200125E+00,8.864273E-01,3.723105E+00,nan
43:05.6,4.200137E+00,8.862970E-01,3.722569E+00,nan
43:06.6,4.200140E+00,8.853445E-01,3.718571E+00,nan
43:07.6,4.200125E+00,8.848651E-01,3.716544E+00,nan
43:08.6,4.200130E+00,8.841453E-01,3.713525E+00,nan
43:09.6,4.200137E+00,8.838342E-01,3.712225E+00,nan
43:10.6,4.200120E+00,8.829019E-01,3.708294E+00,nan
43:11.6,4.200125E+00,8.823921E-01,3.706157E+00,nan
43:12.6,4.200103E+00,8.819266E-01,3.704182E+00,nan
43:13.6,4.200125E+00,8.812132E-01,3.701205E+00,nan
43:14.6,4.200105E+00,8.806566E-01,3.698850E+00,nan
43:15.6,4.200093E+00,8.801152E-01,3.696566E+00,nan
43:16.6,4.200080E+00,8.793967E-01,3.693537E+00,nan
43:17.6,4.200103E+00,8.791678E-01,3.692595E+00,nan
43:18.6,4.200103E+00,8.783987E-01,3.689365E+00,nan
43:19.6,4.200093E+00,8.780850E-01,3.688038E+00,nan
43:20.6,4.200080E+00,8.771793E-01,3.684223E+00,nan
43:21.6,4.200108E+00,8.769111E-01,3.683121E+00,nan
43:22.6,4.200105E+00,8.761357E-01,3.679862E+00,nan
43:23.6,4.200100E+00,8.755766E-01,3.677509E+00,nan
43:24.6,4.200090E+00,8.750288E-01,3.675200E+00,nan
43:25.6,4.200083E+00,8.742332E-01,3.671852E+00,nan
43:26.6,4.200112E+00,8.736716E-01,3.669519E+00,nan
43:27.6,4.200120E+00,8.729708E-01,3.666582E+00,nan
43:28.6,4.200110E+00,8.725913E-01,3.664979E+00,nan
43:29.6,4.200125E+00,8.723851E-01,3.664126E+00,nan
43:30.6,4.200125E+00,8.722966E-01,3.663754E+00,nan
43:31.6,4.200100E+00,8.710456E-01,3.658479E+00,nan
43:32.6,4.200120E+00,8.705788E-01,3.656536E+00,nan
43:33.6,4.200120E+00,8.698742E-01,3.653576E+00,nan
43:34.6,4.200125E+00,8.698540E-01,3.653495E+00,nan
43:35.6,4.200120E+00,8.689875E-01,3.649852E+00,nan
43:36.6,4.200112E+00,8.676175E-01,3.644091E+00,nan
43:37.6,4.200128E+00,8.681438E-01,3.646315E+00,nan
43:38.6,4.200120E+00,8.674430E-01,3.643365E+00,nan
43:39.6,4.200120E+00,8.667688E-01,3.640533E+00,nan
43:40.6,4.200118E+00,8.660794E-01,3.637635E+00,nan
43:41.6,4.200120E+00,8.655304E-01,3.635332E+00,nan
43:42.6,4.200120E+00,8.650712E-01,3.633403E+00,nan
43:43.6,4.200118E+00,8.649308E-01,3.632811E+00,nan
43:44.6,4.200115E+00,8.642250E-01,3.629844E+00,nan
43:45.6,4.200100E+00,8.635786E-01,3.627117E+00,nan
43:46.6,4.200115E+00,8.634597E-01,3.626630E+00,nan
43:47.6,4.200110E+00,8.625528E-01,3.622816E+00,nan
43:48.6,4.200108E+00,8.621302E-01,3.621040E+00,nan
43:49.6,4.200098E+00,8.617166E-01,3.619294E+00,nan
43:50.6,4.200095E+00,8.609349E-01,3.616008E+00,nan
43:51.6,4.200095E+00,8.600507E-01,3.612295E+00,nan
43:52.6,4.200078E+00,8.595573E-01,3.610208E+00,nan
43:53.6,4.200085E+00,8.594359E-01,3.609704E+00,nan
43:54.6,4.200078E+00,8.584455E-01,3.605538E+00,nan
43:55.6,4.200080E+00,8.575841E-01,3.601922E+00,nan
43:56.6,4.200068E+00,8.565430E-01,3.597539E+00,nan
43:57.6,4.200100E+00,8.567795E-01,3.598560E+00,nan
43:58.6,4.200088E+00,8.560826E-01,3.595622E+00,nan
43:59.6,4.200103E+00,8.553122E-01,3.592399E+00,nan
44:00.6,4.200112E+00,8.553552E-01,3.592588E+00,nan
44:01.6,4.200093E+00,8.545026E-01,3.588990E+00,nan
44:02.6,4.200093E+00,8.537437E-01,3.585803E+00,nan
44:03.6,4.200090E+00,8.534198E-01,3.584440E+00,nan
44:04.6,4.200093E+00,8.529923E-01,3.582647E+00,nan
44:05.6,4.200075E+00,8.521511E-01,3.579099E+00,nan
44:06.6,4.200083E+00,8.521144E-01,3.578951E+00,nan
44:07.6,4.200073E+00,8.513845E-01,3.575877E+00,nan
44:08.6,4.200078E+00,8.506142E-01,3.572646E+00,nan
44:09.6,4.200060E+00,8.495719E-01,3.568253E+00,nan
44:10.6,4.200085E+00,8.491241E-01,3.566393E+00,nan
44:11.6,4.200090E+00,8.488926E-01,3.565426E+00,nan
44:12.6,4.200103E+00,8.484170E-01,3.563439E+00,nan
44:13.6,4.200098E+00,8.474607E-01,3.559418E+00,nan
44:14.6,4.200100E+00,8.470116E-01,3.557533E+00,nan
44:15.6,4.200088E+00,8.463653E-01,3.554808E+00,nan
44:16.6,4.200095E+00,8.461793E-01,3.554034E+00,nan
44:17.6,4.200095E+00,8.455304E-01,3.551308E+00,nan
44:18.6,4.200103E+00,8.446892E-01,3.547781E+00,nan
44:19.6,4.200120E+00,8.448587E-01,3.548508E+00,nan
44:20.6,4.200108E+00,8.440719E-01,3.545193E+00,nan
44:21.6,4.200100E+00,8.436823E-01,3.543550E+00,nan
44:22.6,4.200103E+00,8.425615E-01,3.538845E+00,nan
44:23.6,4.200108E+00,8.420151E-01,3.536554E+00,nan
44:24.6,4.200110E+00,8.418924E-01,3.536041E+00,nan
44:25.6,4.200110E+00,8.411385E-01,3.532874E+00,nan
44:26.6,4.200098E+00,8.401253E-01,3.528608E+00,nan
44:27.6,4.200090E+00,8.402012E-01,3.528921E+00,nan
44:28.6,4.200112E+00,8.398609E-01,3.527510E+00,nan
44:29.6,4.200088E+00,8.387161E-01,3.522681E+00,nan
44:30.6,4.200075E+00,8.376055E-01,3.518006E+00,nan
44:31.6,4.200098E+00,8.373791E-01,3.517074E+00,nan
44:32.6,4.200075E+00,8.373842E-01,3.517076E+00,nan
44:33.6,4.200075E+00,8.367770E-01,3.514526E+00,nan
44:34.6,4.200105E+00,8.360572E-01,3.511528E+00,nan
44:35.6,4.200112E+00,8.346519E-01,3.505632E+00,nan
44:36.6,4.200100E+00,8.350731E-01,3.507391E+00,nan
44:37.6,4.200098E+00,8.343141E-01,3.504201E+00,nan
44:38.6,4.200108E+00,8.331200E-01,3.499194E+00,nan
44:39.6,4.200080E+00,8.328746E-01,3.498140E+00,nan
44:40.6,4.200075E+00,8.319664E-01,3.494321E+00,nan
44:41.6,4.200080E+00,8.321131E-01,3.494942E+00,nan
44:42.6,4.200078E+00,8.310733E-01,3.490573E+00,nan
44:43.6,4.200085E+00,8.309633E-01,3.490117E+00,nan
44:44.6,4.200095E+00,8.305851E-01,3.488536E+00,nan
44:45.6,4.200088E+00,8.301638E-01,3.486761E+00,nan
44:46.6,4.200093E+00,8.298274E-01,3.485352E+00,nan
44:47.6,4.200070E+00,8.292569E-01,3.482937E+00,nan
44:48.6,4.200073E+00,8.284233E-01,3.479438E+00,nan
44:49.6,4.200075E+00,8.277099E-01,3.476444E+00,nan
44:50.6,4.200078E+00,8.263298E-01,3.470649E+00,nan
44:51.6,4.200070E+00,8.264247E-01,3.471042E+00,nan
44:52.6,4.200108E+00,8.263639E-01,3.470817E+00,nan
44:53.6,4.200095E+00,8.253267E-01,3.466451E+00,nan
44:54.6,4.200093E+00,8.248258E-01,3.464345E+00,nan
44:55.6,4.200100E+00,8.241288E-01,3.461423E+00,nan
44:56.6,4.200115E+00,8.238442E-01,3.460241E+00,nan
44:57.6,4.200100E+00,8.233648E-01,3.458214E+00,nan
44:58.6,4.200095E+00,8.223680E-01,3.454024E+00,nan
44:59.6,4.200088E+00,8.220164E-01,3.452541E+00,nan
45:00.6,4.200083E+00,8.209361E-01,3.448000E+00,nan
45:01.6,4.200088E+00,8.202998E-01,3.445331E+00,nan
45:02.6,4.200095E+00,8.203871E-01,3.445704E+00,nan
45:03.6,4.200095E+00,8.194675E-01,3.441841E+00,nan
45:04.6,4.200093E+00,8.191664E-01,3.440575E+00,nan
45:05.6,4.200085E+00,8.183619E-01,3.437190E+00,nan
45:06.6,4.200088E+00,8.178243E-01,3.434934E+00,nan
45:07.6,4.200088E+00,8.170881E-01,3.431842E+00,nan
45:08.6,4.200105E+00,8.171235E-01,3.432005E+00,nan
45:09.6,4.200110E+00,8.167643E-01,3.430500E+00,nan
45:10.6,4.200128E+00,8.155234E-01,3.425302E+00,nan
45:11.6,4.200122E+00,8.157523E-01,3.426260E+00,nan
45:12.6,4.200100E+00,8.144722E-01,3.420865E+00,nan
45:13.6,4.200075E+00,8.137208E-01,3.417689E+00,nan
45:14.6,4.200100E+00,8.141509E-01,3.419515E+00,nan
45:15.6,4.200108E+00,8.128569E-01,3.414086E+00,nan
45:16.6,4.200103E+00,8.121738E-01,3.411213E+00,nan
45:17.6,4.200098E+00,8.118626E-01,3.409902E+00,nan
45:18.6,4.200118E+00,8.113567E-01,3.407793E+00,nan
45:19.6,4.200098E+00,8.106204E-01,3.404685E+00,nan
45:20.6,4.200105E+00,8.099816E-01,3.402008E+00,nan
45:21.6,4.200118E+00,8.095199E-01,3.400079E+00,nan
45:22.6,4.200098E+00,8.086864E-01,3.396562E+00,nan
45:23.6,4.200105E+00,8.082917E-01,3.394910E+00,nan
45:24.6,4.200083E+00,8.070812E-01,3.389808E+00,nan
45:25.6,4.200110E+00,8.069432E-01,3.389250E+00,nan
45:26.6,4.200103E+00,8.065043E-01,3.387401E+00,nan
45:27.6,4.200105E+00,8.060527E-01,3.385506E+00,nan
45:28.6,4.200090E+00,8.056568E-01,3.383831E+00,nan
45:29.6,4.200073E+00,8.047726E-01,3.380104E+00,nan
45:30.5,4.200088E+00,8.042552E-01,3.377942E+00,nan
45:31.6,4.200093E+00,8.042793E-01,3.378048E+00,nan
45:32.6,4.200098E+00,8.039972E-01,3.376867E+00,nan
45:33.6,4.200095E+00,8.032256E-01,3.373624E+00,nan
45:34.5,4.200085E+00,8.025084E-01,3.370603E+00,nan
45:35.6,4.200075E+00,8.015913E-01,3.366744E+00,nan
45:36.6,4.200095E+00,8.011853E-01,3.365054E+00,nan
45:37.6,4.200075E+00,8.002605E-01,3.361154E+00,nan
45:38.6,4.200103E+00,8.004136E-01,3.361819E+00,nan
45:39.6,4.200108E+00,7.998191E-01,3.359326E+00,nan
45:40.6,4.200093E+00,7.984416E-01,3.353529E+00,nan
45:41.6,4.200115E+00,7.986326E-01,3.354349E+00,nan
45:42.6,4.200112E+00,7.981835E-01,3.352460E+00,nan
45:43.5,4.200112E+00,7.972690E-01,3.348619E+00,nan
45:44.5,4.200110E+00,7.970792E-01,3.347820E+00,nan
45:45.5,4.200112E+00,7.959509E-01,3.343083E+00,nan
45:46.5,4.200137E+00,7.957384E-01,3.342210E+00,nan
45:47.5,4.200120E+00,7.948213E-01,3.338345E+00,nan
45:48.6,4.200120E+00,7.947112E-01,3.337883E+00,nan
45:49.5,4.200137E+00,7.942154E-01,3.335814E+00,nan
45:50.5,4.200115E+00,7.935020E-01,3.332800E+00,nan
45:51.5,4.200122E+00,7.926671E-01,3.329299E+00,nan
45:52.5,4.200112E+00,7.914894E-01,3.324344E+00,nan
45:53.5,4.200105E+00,7.912099E-01,3.323165E+00,nan
45:54.5,4.200110E+00,7.909253E-01,3.321973E+00,nan
45:55.5,4.200098E+00,7.900082E-01,3.318111E+00,nan
45:56.5,4.200100E+00,7.898703E-01,3.317534E+00,nan
45:57.5,4.200093E+00,7.883764E-01,3.311254E+00,nan
45:58.5,4.200098E+00,7.882069E-01,3.310546E+00,nan
45:59.5,4.200108E+00,7.876364E-01,3.308158E+00,nan
46:00.5,4.200132E+00,7.881070E-01,3.310154E+00,nan
46:01.5,4.200112E+00,7.871861E-01,3.306270E+00,nan
46:02.5,4.200122E+00,7.865638E-01,3.303664E+00,nan
46:03.5,4.200100E+00,7.853203E-01,3.298424E+00,nan
46:04.5,4.200085E+00,7.849004E-01,3.296648E+00,nan
46:05.5,4.200093E+00,7.843969E-01,3.294540E+00,nan
46:06.5,4.200105E+00,7.835026E-01,3.290793E+00,nan
46:07.5,4.200128E+00,7.837847E-01,3.291996E+00,nan
46:08.5,4.200105E+00,7.832155E-01,3.289587E+00,nan
46:09.5,4.200115E+00,7.822781E-01,3.285658E+00,nan
46:10.5,4.200108E+00,7.820049E-01,3.284505E+00,nan
46:11.5,4.200122E+00,7.817709E-01,3.283533E+00,nan
46:12.5,4.200120E+00,7.811713E-01,3.281013E+00,nan
46:13.5,4.200122E+00,7.803807E-01,3.277695E+00,nan
46:14.5,4.200130E+00,7.794117E-01,3.273631E+00,nan
46:15.5,4.200118E+00,7.790968E-01,3.272298E+00,nan
46:16.5,4.200115E+00,7.788185E-01,3.271127E+00,nan
46:17.5,4.200115E+00,7.776396E-01,3.266176E+00,nan
46:18.5,4.200108E+00,7.772626E-01,3.264587E+00,nan
46:19.5,4.200130E+00,7.769729E-01,3.263387E+00,nan
46:20.5,4.200118E+00,7.759825E-01,3.259218E+00,nan
46:21.5,4.200125E+00,7.755537E-01,3.257422E+00,nan
46:22.5,4.200115E+00,7.746986E-01,3.253823E+00,nan
46:23.5,4.200132E+00,7.743710E-01,3.252461E+00,nan
46:24.5,4.200122E+00,7.738612E-01,3.250312E+00,nan
46:25.5,4.200145E+00,7.732540E-01,3.247779E+00,nan
46:26.5,4.200147E+00,7.728429E-01,3.246054E+00,nan
46:27.5,4.200137E+00,7.717462E-01,3.241440E+00,nan
46:28.5,4.200120E+00,7.716438E-01,3.240996E+00,nan
46:29.5,4.200122E+00,7.713401E-01,3.239723E+00,nan
46:30.5,4.200122E+00,7.707127E-01,3.237088E+00,nan
46:31.5,4.200137E+00,7.699323E-01,3.233821E+00,nan
46:32.5,4.200122E+00,7.690506E-01,3.230107E+00,nan
46:33.5,4.200120E+00,7.688874E-01,3.229419E+00,nan
46:34.5,4.200142E+00,7.680247E-01,3.225813E+00,nan
46:35.5,4.200128E+00,7.676478E-01,3.224219E+00,nan
46:36.5,4.200108E+00,7.669445E-01,3.221249E+00,nan
46:37.5,4.200122E+00,7.658073E-01,3.216484E+00,nan
46:38.5,4.200128E+00,7.656782E-01,3.215946E+00,nan
46:39.5,4.200110E+00,7.652456E-01,3.214116E+00,nan
46:40.5,4.200125E+00,7.646410E-01,3.211588E+00,nan
46:41.5,4.200120E+00,7.637846E-01,3.207987E+00,nan
46:42.5,4.200110E+00,7.632217E-01,3.205615E+00,nan
46:43.5,4.200120E+00,7.633204E-01,3.206037E+00,nan
46:44.5,4.200122E+00,7.624564E-01,3.202410E+00,nan
46:45.5,4.200130E+00,7.620681E-01,3.200785E+00,nan
46:46.5,4.200115E+00,7.610005E-01,3.196290E+00,nan
46:47.5,4.200112E+00,7.611700E-01,3.196999E+00,nan
46:48.5,4.200112E+00,7.598494E-01,3.191453E+00,nan
46:49.5,4.200122E+00,7.594231E-01,3.189670E+00,nan
46:50.5,4.200137E+00,7.589007E-01,3.187487E+00,nan
46:51.5,4.200132E+00,7.584326E-01,3.185517E+00,nan
46:52.5,4.200112E+00,7.575775E-01,3.181911E+00,nan
46:53.5,4.200122E+00,7.573777E-01,3.181079E+00,nan
46:54.5,4.200132E+00,7.563657E-01,3.176836E+00,nan
46:55.5,4.200130E+00,7.562646E-01,3.176409E+00,nan
46:56.5,4.200135E+00,7.560318E-01,3.175435E+00,nan
46:57.5,4.200112E+00,7.547238E-01,3.169925E+00,nan
46:58.5,4.200130E+00,7.542533E-01,3.167962E+00,nan
46:59.5,4.200135E+00,7.539181E-01,3.166557E+00,nan
47:00.5,4.200142E+00,7.532198E-01,3.163631E+00,nan
47:01.5,4.200125E+00,7.519030E-01,3.158086E+00,nan
47:02.5,4.200157E+00,7.520523E-01,3.158738E+00,nan
47:03.5,4.200150E+00,7.519081E-01,3.158126E+00,nan
47:04.5,4.200147E+00,7.514185E-01,3.156068E+00,nan
47:05.5,4.200140E+00,7.505015E-01,3.152211E+00,nan
47:06.5,4.200110E+00,7.500030E-01,3.150095E+00,nan
47:07.5,4.200105E+00,7.486761E-01,3.144518E+00,nan
47:08.5,4.200110E+00,7.485003E-01,3.143784E+00,nan
47:09.5,4.200142E+00,7.481499E-01,3.142336E+00,nan
47:10.5,4.200120E+00,7.478021E-01,3.140858E+00,nan
47:11.5,4.200120E+00,7.467054E-01,3.136252E+00,nan
47:12.5,4.200090E+00,7.458718E-01,3.132729E+00,nan
47:13.5,4.200110E+00,7.457250E-01,3.132127E+00,nan
47:14.5,4.200103E+00,7.449256E-01,3.128764E+00,nan
47:15.5,4.200100E+00,7.445145E-01,3.127035E+00,nan
47:16.5,4.200078E+00,7.438226E-01,3.124113E+00,nan
47:17.5,4.200080E+00,7.429485E-01,3.120443E+00,nan
47:18.5,4.200085E+00,7.428840E-01,3.120176E+00,nan
47:19.5,4.200088E+00,7.419568E-01,3.116283E+00,nan
47:20.5,4.200095E+00,7.416974E-01,3.115200E+00,nan
47:21.5,4.200108E+00,7.409891E-01,3.112234E+00,nan
47:22.5,4.200093E+00,7.403908E-01,3.109710E+00,nan
47:23.5,4.200090E+00,7.398102E-01,3.107270E+00,nan
47:24.5,4.200110E+00,7.390208E-01,3.103969E+00,nan
47:25.5,4.200100E+00,7.389259E-01,3.103563E+00,nan
47:26.5,4.200095E+00,7.382783E-01,3.100839E+00,nan
47:27.5,4.200115E+00,7.373865E-01,3.097108E+00,nan
47:28.5,4.200103E+00,7.366681E-01,3.094082E+00,nan
47:29.5,4.200095E+00,7.362645E-01,3.092381E+00,nan
47:30.5,4.200080E+00,7.357193E-01,3.090080E+00,nan
47:31.5,4.200090E+00,7.352222E-01,3.088000E+00,nan
47:32.5,4.200105E+00,7.347630E-01,3.086082E+00,nan
47:33.5,4.200118E+00,7.343355E-01,3.084295E+00,nan
47:34.5,4.200112E+00,7.337903E-01,3.082002E+00,nan
47:35.5,4.200112E+00,7.328922E-01,3.078229E+00,nan
47:36.5,4.200103E+00,7.327240E-01,3.077516E+00,nan
47:37.5,4.200098E+00,7.317588E-01,3.073458E+00,nan
47:38.5,4.200090E+00,7.312263E-01,3.071216E+00,nan
47:39.5,4.200115E+00,7.309986E-01,3.070278E+00,nan
47:40.5,4.200105E+00,7.305014E-01,3.068183E+00,nan
47:41.5,4.200100E+00,7.297551E-01,3.065044E+00,nan
47:42.5,4.200112E+00,7.288519E-01,3.061260E+00,nan
47:43.5,4.200128E+00,7.290189E-01,3.061973E+00,nan
47:44.5,4.200115E+00,7.286255E-01,3.060311E+00,nan
47:45.5,4.200118E+00,7.272936E-01,3.054718E+00,nan
47:46.5,4.200140E+00,7.266333E-01,3.051961E+00,nan
47:47.5,4.200105E+00,7.259223E-01,3.048950E+00,nan
47:48.5,4.200137E+00,7.257364E-01,3.048192E+00,nan
47:49.5,4.200128E+00,7.254429E-01,3.046953E+00,nan
47:50.5,4.200115E+00,7.244385E-01,3.042725E+00,nan
47:51.5,4.200105E+00,7.240604E-01,3.041130E+00,nan
47:52.5,4.200100E+00,7.235265E-01,3.038884E+00,nan
47:53.5,4.200125E+00,7.227992E-01,3.035847E+00,nan
47:54.5,4.200122E+00,7.224438E-01,3.034352E+00,nan
47:55.5,4.200100E+00,7.214292E-01,3.030075E+00,nan
47:56.5,4.200103E+00,7.213736E-01,3.029843E+00,nan
47:57.5,4.200132E+00,7.202402E-01,3.025104E+00,nan
47:58.5,4.200125E+00,7.201238E-01,3.024610E+00,nan
47:59.5,4.200120E+00,7.194369E-01,3.021721E+00,nan
48:00.5,4.200085E+00,7.184983E-01,3.017754E+00,nan
48:01.5,4.200103E+00,7.180430E-01,3.015854E+00,nan
48:02.5,4.200105E+00,7.179734E-01,3.015564E+00,nan
48:03.5,4.200110E+00,7.173751E-01,3.013054E+00,nan
48:04.5,4.200105E+00,7.160785E-01,3.007605E+00,nan
48:05.5,4.200103E+00,7.157408E-01,3.006185E+00,nan
48:06.5,4.200112E+00,7.146896E-01,3.001777E+00,nan
48:07.5,4.200120E+00,7.145783E-01,3.001315E+00,nan
48:08.5,4.200137E+00,7.145252E-01,3.001104E+00,nan
48:09.5,4.200152E+00,7.142848E-01,3.000105E+00,nan
48:10.5,4.200150E+00,7.133981E-01,2.996379E+00,nan
48:11.5,4.200142E+00,7.125645E-01,2.992872E+00,nan
48:12.5,4.200150E+00,7.124481E-01,2.992389E+00,nan
48:13.5,4.200122E+00,7.111630E-01,2.986972E+00,nan
48:14.5,4.200108E+00,7.105355E-01,2.984326E+00,nan
48:15.5,4.200110E+00,7.090555E-01,2.978111E+00,nan
48:16.5,4.200125E+00,7.094958E-01,2.979971E+00,nan
48:17.5,4.200135E+00,7.088962E-01,2.977459E+00,nan
48:18.5,4.200132E+00,7.088292E-01,2.977176E+00,nan
48:19.5,4.200140E+00,7.081777E-01,2.974445E+00,nan
48:20.5,4.200137E+00,7.074074E-01,2.971208E+00,nan
48:21.5,4.200135E+00,7.067116E-01,2.968284E+00,nan
48:22.5,4.200122E+00,7.063233E-01,2.966644E+00,nan
48:23.5,4.200125E+00,7.061512E-01,2.965923E+00,nan
48:24.5,4.200152E+00,7.052165E-01,2.962016E+00,nan
48:25.5,4.200135E+00,7.047358E-01,2.959985E+00,nan
48:26.5,4.200135E+00,7.041374E-01,2.957472E+00,nan
48:27.5,4.200125E+00,7.033456E-01,2.954139E+00,nan
48:28.5,4.200130E+00,7.032292E-01,2.953654E+00,nan
48:29.5,4.200120E+00,7.025107E-01,2.950629E+00,nan
48:30.5,4.200122E+00,7.015153E-01,2.946450E+00,nan
48:31.5,4.200125E+00,7.008486E-01,2.943651E+00,nan
48:32.5,4.200125E+00,7.004830E-01,2.942116E+00,nan
48:33.5,4.200128E+00,7.000061E-01,2.940115E+00,nan
48:34.5,4.200118E+00,6.992232E-01,2.936819E+00,nan
48:35.5,4.200122E+00,6.982390E-01,2.932689E+00,nan
48:36.5,4.200140E+00,6.980973E-01,2.932107E+00,nan
48:37.5,4.200118E+00,6.972271E-01,2.928436E+00,nan
48:38.5,4.200130E+00,6.974168E-01,2.929241E+00,nan
48:39.5,4.200142E+00,6.968678E-01,2.926944E+00,nan
48:40.5,4.200120E+00,6.957989E-01,2.922439E+00,nan
48:41.5,4.200137E+00,6.953663E-01,2.920634E+00,nan
48:42.5,4.200145E+00,6.951791E-01,2.919853E+00,nan
48:43.5,4.200132E+00,6.946858E-01,2.917772E+00,nan
48:44.5,4.200132E+00,6.936308E-01,2.913341E+00,nan
48:45.5,4.200135E+00,6.933285E-01,2.912073E+00,nan
48:46.5,4.200135E+00,6.926277E-01,2.909130E+00,nan
48:47.5,4.200135E+00,6.923558E-01,2.907987E+00,nan
48:48.5,4.200150E+00,6.917220E-01,2.905336E+00,nan
48:49.5,4.200152E+00,6.913906E-01,2.903946E+00,nan
48:50.5,4.200120E+00,6.896260E-01,2.896512E+00,nan
48:51.5,4.200132E+00,6.898752E-01,2.897567E+00,nan
48:52.5,4.200105E+00,6.892099E-01,2.894754E+00,nan
48:53.5,4.200108E+00,6.883054E-01,2.890957E+00,nan
48:54.5,4.200122E+00,6.875806E-01,2.887923E+00,nan
48:55.5,4.200100E+00,6.872441E-01,2.886494E+00,nan
48:56.5,4.200122E+00,6.867862E-01,2.884586E+00,nan
48:57.5,4.200130E+00,6.864637E-01,2.883237E+00,nan
48:58.5,4.200122E+00,6.858653E-01,2.880718E+00,nan
48:59.5,4.200118E+00,6.851785E-01,2.877830E+00,nan
49:00.5,4.200128E+00,6.844600E-01,2.874819E+00,nan
49:01.5,4.200130E+00,6.839780E-01,2.872797E+00,nan
49:02.5,4.200128E+00,6.832418E-01,2.869703E+00,nan
49:03.5,4.200120E+00,6.827940E-01,2.867817E+00,nan
49:04.5,4.200115E+00,6.819757E-01,2.864376E+00,nan
49:05.5,4.200137E+00,6.816114E-01,2.862861E+00,nan
49:06.5,4.200135E+00,6.809801E-01,2.860208E+00,nan
49:07.5,4.200132E+00,6.808574E-01,2.859691E+00,nan
49:08.5,4.200137E+00,6.802034E-01,2.856948E+00,nan
49:09.5,4.200135E+00,6.795179E-01,2.854067E+00,nan
49:10.5,4.200122E+00,6.782656E-01,2.848798E+00,nan
49:11.5,4.200110E+00,6.782681E-01,2.848800E+00,nan
49:12.5,4.200140E+00,6.775496E-01,2.845803E+00,nan
49:13.5,4.200135E+00,6.765579E-01,2.841634E+00,nan
49:14.5,4.200132E+00,6.767236E-01,2.842329E+00,nan
49:15.5,4.200135E+00,6.759558E-01,2.839105E+00,nan
49:16.5,4.200147E+00,6.753005E-01,2.836362E+00,nan
49:17.5,4.200110E+00,6.746895E-01,2.833770E+00,nan
49:18.5,4.200132E+00,6.736827E-01,2.829556E+00,nan
49:19.5,4.200120E+00,6.737143E-01,2.829681E+00,nan
49:20.5,4.200125E+00,6.728643E-01,2.826114E+00,nan
49:21.5,4.200130E+00,6.724911E-01,2.824550E+00,nan
49:22.5,4.200147E+00,6.720724E-01,2.822803E+00,nan
49:23.5,4.200132E+00,6.714437E-01,2.820152E+00,nan
49:24.5,4.200142E+00,6.710440E-01,2.818480E+00,nan
49:25.5,4.200160E+00,6.711161E-01,2.818795E+00,nan
49:26.5,4.200142E+00,6.695210E-01,2.812083E+00,nan
49:27.5,4.200108E+00,6.693996E-01,2.811550E+00,nan
49:28.5,4.200137E+00,6.684382E-01,2.807532E+00,nan
49:29.5,4.200118E+00,6.677539E-01,2.804645E+00,nan
49:30.5,4.200137E+00,6.672302E-01,2.802458E+00,nan
49:31.5,4.200145E+00,6.668646E-01,2.800928E+00,nan
49:32.5,4.200135E+00,6.664434E-01,2.799152E+00,nan
49:33.5,4.200135E+00,6.650241E-01,2.793191E+00,nan
49:34.5,4.200142E+00,6.649457E-01,2.792867E+00,nan
49:35.5,4.200122E+00,6.638173E-01,2.788114E+00,nan
49:36.5,4.200130E+00,6.637250E-01,2.787731E+00,nan
49:37.5,4.200145E+00,6.634430E-01,2.786557E+00,nan
49:38.5,4.200145E+00,6.624829E-01,2.782524E+00,nan
49:39.5,4.200128E+00,6.623652E-01,2.782018E+00,nan
49:40.5,4.200147E+00,6.617581E-01,2.779481E+00,nan
49:41.5,4.200120E+00,6.610572E-01,2.776520E+00,nan
49:42.5,4.200115E+00,6.598796E-01,2.771570E+00,nan
49:43.5,4.200115E+00,6.598341E-01,2.771379E+00,nan
49:44.5,4.200130E+00,6.591801E-01,2.768642E+00,nan
49:45.5,4.200152E+00,6.592952E-01,2.769140E+00,nan
49:46.5,4.200155E+00,6.581504E-01,2.764334E+00,nan
49:47.5,4.200120E+00,6.577634E-01,2.762685E+00,nan
49:48.5,4.200120E+00,6.569576E-01,2.759301E+00,nan
49:49.5,4.200118E+00,6.564288E-01,2.757078E+00,nan
49:50.5,4.200115E+00,6.558710E-01,2.754734E+00,nan
49:51.5,4.200118E+00,6.551158E-01,2.751564E+00,nan
49:52.5,4.200122E+00,6.545567E-01,2.749218E+00,nan
49:53.5,4.200093E+00,6.538913E-01,2.746404E+00,nan
49:54.5,4.200095E+00,6.532399E-01,2.743670E+00,nan
49:55.5,4.200095E+00,6.529958E-01,2.742644E+00,nan
49:56.5,4.200100E+00,6.524013E-01,2.740151E+00,nan
49:57.5,4.200103E+00,6.515247E-01,2.736471E+00,nan
49:58.5,4.200100E+00,6.508656E-01,2.733701E+00,nan
49:59.5,4.200098E+00,6.503394E-01,2.731489E+00,nan
50:00.5,4.200118E+00,6.496146E-01,2.728458E+00,nan
50:01.5,4.200128E+00,6.501016E-01,2.730510E+00,nan
50:02.5,4.200120E+00,6.490757E-01,2.726196E+00,nan
50:03.5,4.200120E+00,6.480688E-01,2.721967E+00,nan
50:04.5,4.200112E+00,6.479651E-01,2.721526E+00,nan
50:05.5,4.200115E+00,6.464990E-01,2.715370E+00,nan
50:06.5,4.200115E+00,6.463143E-01,2.714595E+00,nan
50:07.5,4.200118E+00,6.459968E-01,2.713263E+00,nan
50:08.5,4.200125E+00,6.458906E-01,2.712821E+00,nan
50:09.5,4.200120E+00,6.451215E-01,2.709588E+00,nan
50:10.5,4.200105E+00,6.442677E-01,2.705992E+00,nan
50:11.5,4.200118E+00,6.438376E-01,2.704194E+00,nan
50:12.5,4.200122E+00,6.434265E-01,2.702470E+00,nan
50:13.5,4.200122E+00,6.425764E-01,2.698899E+00,nan
50:14.5,4.200122E+00,6.422210E-01,2.697407E+00,nan
50:15.5,4.200085E+00,6.410319E-01,2.692389E+00,nan
50:16.5,4.200120E+00,6.412520E-01,2.693336E+00,nan
50:17.5,4.200105E+00,6.405715E-01,2.690468E+00,nan
50:18.5,4.200105E+00,6.398947E-01,2.687625E+00,nan
50:19.5,4.200108E+00,6.391585E-01,2.684535E+00,nan
50:20.5,4.200103E+00,6.376621E-01,2.678246E+00,nan
50:21.5,4.200105E+00,6.382326E-01,2.680644E+00,nan
50:22.5,4.200118E+00,6.375495E-01,2.677783E+00,nan
50:23.5,4.200112E+00,6.367058E-01,2.674236E+00,nan
50:24.5,4.200112E+00,6.360468E-01,2.671468E+00,nan
50:25.5,4.200120E+00,6.357141E-01,2.670076E+00,nan
50:26.5,4.200108E+00,6.350437E-01,2.667252E+00,nan
50:27.5,4.200137E+00,6.350538E-01,2.667313E+00,nan
50:28.5,4.200125E+00,6.338382E-01,2.662199E+00,nan
50:29.5,4.200132E+00,6.336611E-01,2.661460E+00,nan
50:30.5,4.200132E+00,6.326554E-01,2.657237E+00,nan
50:31.5,4.200120E+00,6.326985E-01,2.657410E+00,nan
50:32.5,4.200194E+00,6.316448E-01,2.653031E+00,nan
50:33.5,4.200207E+00,6.312349E-01,2.651317E+00,nan
50:34.5,4.200194E+00,6.305354E-01,2.648371E+00,nan
50:35.5,4.200202E+00,6.305658E-01,2.648503E+00,nan
50:36.5,4.200187E+00,6.299497E-01,2.645907E+00,nan
50:37.5,4.200189E+00,6.293780E-01,2.643507E+00,nan
50:38.5,4.200187E+00,6.280296E-01,2.637842E+00,nan
50:39.5,4.200192E+00,6.274515E-01,2.635417E+00,nan
50:40.5,4.200177E+00,6.275818E-01,2.635954E+00,nan
50:41.5,4.200172E+00,6.268367E-01,2.632822E+00,nan
50:42.5,4.200167E+00,6.259437E-01,2.629068E+00,nan
50:43.5,4.200174E+00,6.254744E-01,2.627101E+00,nan
50:44.5,4.200174E+00,6.250709E-01,2.625407E+00,nan
50:45.5,4.200172E+00,6.240209E-01,2.620995E+00,nan
50:46.5,4.200164E+00,6.236718E-01,2.619524E+00,nan
50:47.5,4.200172E+00,6.235706E-01,2.619104E+00,nan
50:48.5,4.200162E+00,6.226738E-01,2.615331E+00,nan
50:49.5,4.200177E+00,6.222791E-01,2.613682E+00,nan
50:50.5,4.200187E+00,6.213671E-01,2.609858E+00,nan
50:51.5,4.200194E+00,6.203817E-01,2.605724E+00,nan
50:52.5,4.200180E+00,6.201565E-01,2.604769E+00,nan
50:53.5,4.200189E+00,6.201376E-01,2.604695E+00,nan
50:54.5,4.200172E+00,6.193470E-01,2.601364E+00,nan
50:55.5,4.200192E+00,6.190915E-01,2.600303E+00,nan
50:56.5,4.200194E+00,6.183122E-01,2.597032E+00,nan
50:57.5,4.200202E+00,6.176861E-01,2.594406E+00,nan
50:58.5,4.200209E+00,6.173370E-01,2.592944E+00,nan
50:59.5,4.200204E+00,6.168386E-01,2.590848E+00,nan
51:00.5,4.200197E+00,6.162137E-01,2.588219E+00,nan
51:01.5,4.200202E+00,6.156546E-01,2.585874E+00,nan
51:02.5,4.200197E+00,6.153371E-01,2.584537E+00,nan
51:03.5,4.200207E+00,6.148602E-01,2.582540E+00,nan
51:04.5,4.200199E+00,6.139874E-01,2.578870E+00,nan
51:05.5,4.200219E+00,6.136826E-01,2.577601E+00,nan
51:06.5,4.200217E+00,6.130134E-01,2.574789E+00,nan
51:07.5,4.200194E+00,6.123822E-01,2.572124E+00,nan
51:08.5,4.200184E+00,6.120116E-01,2.570561E+00,nan
51:09.5,4.200204E+00,6.116523E-01,2.569065E+00,nan
51:10.5,4.200194E+00,6.102989E-01,2.563374E+00,nan
51:11.5,4.200207E+00,6.096183E-01,2.560523E+00,nan
51:12.5,4.200187E+00,6.090870E-01,2.558279E+00,nan
51:13.5,4.200197E+00,6.089226E-01,2.557595E+00,nan
51:14.5,4.200187E+00,6.083344E-01,2.555118E+00,nan
51:15.5,4.200202E+00,6.078006E-01,2.552885E+00,nan
51:16.5,4.200204E+00,6.071289E-01,2.550066E+00,nan
51:17.5,4.200192E+00,6.067443E-01,2.548443E+00,nan
51:18.5,4.200187E+00,6.064332E-01,2.547132E+00,nan
51:19.5,4.200180E+00,6.059550E-01,2.545120E+00,nan
51:20.5,4.200170E+00,6.046635E-01,2.539689E+00,nan
51:21.5,4.200192E+00,6.041183E-01,2.537413E+00,nan
51:22.5,4.200202E+00,6.038881E-01,2.536452E+00,nan
51:23.5,4.200199E+00,6.030090E-01,2.532758E+00,nan
51:24.5,4.200182E+00,6.024207E-01,2.530277E+00,nan
51:25.5,4.200194E+00,6.020767E-01,2.528839E+00,nan
51:26.5,4.200197E+00,6.017200E-01,2.527342E+00,nan
51:27.5,4.200184E+00,6.010660E-01,2.524588E+00,nan
51:28.5,4.200177E+00,6.002641E-01,2.521215E+00,nan
51:29.5,4.200204E+00,6.006714E-01,2.522942E+00,nan
51:30.5,4.200187E+00,5.995342E-01,2.518155E+00,nan
51:31.5,4.200209E+00,5.989535E-01,2.515730E+00,nan
51:32.5,4.200180E+00,5.983350E-01,2.513115E+00,nan
51:33.5,4.200182E+00,5.978455E-01,2.511060E+00,nan
51:34.5,4.200180E+00,5.964882E-01,2.505357E+00,nan
51:35.5,4.200189E+00,5.968892E-01,2.507048E+00,nan
51:36.5,4.200172E+00,5.958722E-01,2.502766E+00,nan
51:37.5,4.200180E+00,5.953510E-01,2.500581E+00,nan
51:38.5,4.200182E+00,5.950411E-01,2.499281E+00,nan
51:39.5,4.200167E+00,5.936142E-01,2.493279E+00,nan
51:40.5,4.200180E+00,5.941468E-01,2.495523E+00,nan
51:41.5,4.200172E+00,5.930222E-01,2.490795E+00,nan
51:42.5,4.200187E+00,5.927579E-01,2.489694E+00,nan
51:43.5,4.200172E+00,5.917801E-01,2.485578E+00,nan
51:44.5,4.200182E+00,5.916258E-01,2.484936E+00,nan
51:45.5,4.200184E+00,5.910198E-01,2.482392E+00,nan
51:46.5,4.200202E+00,5.903367E-01,2.479533E+00,nan
51:47.5,4.200202E+00,5.897561E-01,2.477095E+00,nan
51:48.5,4.200187E+00,5.895146E-01,2.476071E+00,nan
51:49.5,4.200170E+00,5.885835E-01,2.472151E+00,nan
51:50.5,4.200170E+00,5.880940E-01,2.470095E+00,nan
51:51.5,4.200189E+00,5.878992E-01,2.469288E+00,nan
51:52.5,4.200180E+00,5.867544E-01,2.464474E+00,nan
51:53.5,4.200192E+00,5.860878E-01,2.461681E+00,nan
51:54.5,4.200192E+00,5.857956E-01,2.460454E+00,nan
51:55.5,4.200174E+00,5.853680E-01,2.458648E+00,nan
51:56.5,4.200172E+00,5.847065E-01,2.455868E+00,nan
51:57.5,4.200167E+00,5.840222E-01,2.452991E+00,nan
51:58.5,4.200197E+00,5.839475E-01,2.452695E+00,nan
51:59.5,4.200172E+00,5.829659E-01,2.448557E+00,nan
52:00.5,4.200197E+00,5.831746E-01,2.449448E+00,nan
52:01.5,4.200204E+00,5.824714E-01,2.446499E+00,nan
52:02.5,4.200199E+00,5.819198E-01,2.444179E+00,nan
52:03.5,4.200192E+00,5.814607E-01,2.442246E+00,nan
52:04.5,4.200202E+00,5.803741E-01,2.437688E+00,nan
52:05.5,4.200194E+00,5.800920E-01,2.436499E+00,nan
52:06.5,4.200189E+00,5.796214E-01,2.434520E+00,nan
52:07.5,4.200187E+00,5.789472E-01,2.431686E+00,nan
52:08.5,4.200189E+00,5.782085E-01,2.428585E+00,nan
52:09.5,4.200167E+00,5.779846E-01,2.427632E+00,nan
52:10.5,4.200199E+00,5.774330E-01,2.425334E+00,nan
52:11.5,4.200189E+00,5.764781E-01,2.421317E+00,nan
52:12.5,4.200184E+00,5.755812E-01,2.417547E+00,nan
52:13.5,4.200184E+00,5.752372E-01,2.416102E+00,nan
52:14.5,4.200187E+00,5.746515E-01,2.413644E+00,nan
52:15.5,4.200199E+00,5.742530E-01,2.411977E+00,nan
52:16.5,4.200209E+00,5.739671E-01,2.410782E+00,nan
52:17.5,4.200207E+00,5.734523E-01,2.408618E+00,nan
52:18.5,4.200184E+00,5.727692E-01,2.405736E+00,nan
52:19.5,4.200162E+00,5.718471E-01,2.401850E+00,nan
52:20.5,4.200187E+00,5.717712E-01,2.401546E+00,nan
52:21.5,4.200192E+00,5.711197E-01,2.398812E+00,nan
52:22.5,4.200189E+00,5.704911E-01,2.396170E+00,nan
52:23.5,4.200177E+00,5.700331E-01,2.394240E+00,nan
52:24.5,4.200187E+00,5.695019E-01,2.392014E+00,nan
52:25.5,4.200189E+00,5.690832E-01,2.390257E+00,nan
52:26.5,4.200202E+00,5.681876E-01,2.386502E+00,nan
52:27.5,4.200172E+00,5.672338E-01,2.382479E+00,nan
52:28.5,4.200207E+00,5.672060E-01,2.382383E+00,nan
52:29.5,4.200189E+00,5.663623E-01,2.378829E+00,nan
52:30.5,4.200197E+00,5.660789E-01,2.377643E+00,nan
52:31.5,4.200187E+00,5.651062E-01,2.373552E+00,nan
52:32.5,4.200189E+00,5.648317E-01,2.372400E+00,nan
52:33.5,4.200177E+00,5.645812E-01,2.371341E+00,nan
52:34.5,4.200192E+00,5.640436E-01,2.369092E+00,nan
52:35.5,4.200187E+00,5.632467E-01,2.365741E+00,nan
52:36.5,4.200184E+00,5.630229E-01,2.364800E+00,nan
52:37.5,4.200180E+00,5.620615E-01,2.360759E+00,nan
52:38.5,4.200184E+00,5.619932E-01,2.360475E+00,nan
52:39.5,4.200189E+00,5.611874E-01,2.357093E+00,nan
52:40.5,4.200182E+00,5.604550E-01,2.354013E+00,nan
52:41.5,4.200180E+00,5.599579E-01,2.351924E+00,nan
52:42.5,4.200170E+00,5.593988E-01,2.349570E+00,nan
52:43.5,4.200207E+00,5.593368E-01,2.349330E+00,nan
52:44.5,4.200207E+00,5.585019E-01,2.345823E+00,nan
52:45.5,4.200207E+00,5.580819E-01,2.344059E+00,nan
52:46.5,4.200204E+00,5.575532E-01,2.341838E+00,nan
52:47.5,4.200202E+00,5.568107E-01,2.338717E+00,nan
52:48.5,4.200217E+00,5.570194E-01,2.339602E+00,nan
52:49.5,4.200194E+00,5.561023E-01,2.335738E+00,nan
52:50.5,4.200187E+00,5.553168E-01,2.332434E+00,nan
52:51.5,4.200180E+00,5.544288E-01,2.328701E+00,nan
52:52.5,4.200207E+00,5.543845E-01,2.328530E+00,nan
52:53.5,4.200182E+00,5.536597E-01,2.325472E+00,nan
52:54.5,4.200189E+00,5.532271E-01,2.323659E+00,nan
52:55.5,4.200192E+00,5.522240E-01,2.319447E+00,nan
52:56.5,4.200197E+00,5.519331E-01,2.318227E+00,nan
52:57.5,4.200189E+00,5.517332E-01,2.317384E+00,nan
52:58.5,4.200192E+00,5.508769E-01,2.313789E+00,nan
52:59.5,4.200204E+00,5.496081E-01,2.308466E+00,nan
53:00.5,4.200197E+00,5.497966E-01,2.309254E+00,nan
53:01.5,4.200192E+00,5.494133E-01,2.307641E+00,nan
53:02.5,4.200184E+00,5.484557E-01,2.303615E+00,nan
53:03.5,4.200184E+00,5.482559E-01,2.302776E+00,nan
53:04.5,4.200164E+00,5.474248E-01,2.299274E+00,nan
53:05.5,4.200172E+00,5.467671E-01,2.296516E+00,nan
53:06.5,4.200197E+00,5.464938E-01,2.295382E+00,nan
53:07.5,4.200189E+00,5.459828E-01,2.293231E+00,nan
53:08.5,4.200199E+00,5.453288E-01,2.290490E+00,nan
53:09.5,4.200202E+00,5.443156E-01,2.286235E+00,nan
53:10.5,4.200187E+00,5.438931E-01,2.284453E+00,nan
53:11.5,4.200170E+00,5.436667E-01,2.283492E+00,nan
53:12.5,4.200177E+00,5.429304E-01,2.280404E+00,nan
53:13.5,4.200182E+00,5.423890E-01,2.278133E+00,nan
53:14.5,4.200187E+00,5.418679E-01,2.275946E+00,nan
53:15.5,4.200187E+00,5.416149E-01,2.274884E+00,nan
53:16.5,4.200177E+00,5.408850E-01,2.271813E+00,nan
53:17.5,4.200172E+00,5.403727E-01,2.269658E+00,nan
53:18.5,4.200194E+00,5.402387E-01,2.269107E+00,nan
53:19.5,4.200182E+00,5.391243E-01,2.264420E+00,nan
53:20.5,4.200184E+00,5.388384E-01,2.263221E+00,nan
53:21.5,4.200184E+00,5.383830E-01,2.261308E+00,nan
53:22.5,4.200164E+00,5.374343E-01,2.257312E+00,nan
53:23.5,4.200184E+00,5.369751E-01,2.255394E+00,nan
53:24.5,4.200180E+00,5.367360E-01,2.254388E+00,nan
53:25.5,4.200197E+00,5.362035E-01,2.252160E+00,nan
53:26.5,4.200182E+00,5.351346E-01,2.247663E+00,nan
53:27.5,4.200170E+00,5.348588E-01,2.246498E+00,nan
53:28.5,4.200204E+00,5.350372E-01,2.247266E+00,nan
53:29.5,4.200207E+00,5.344186E-01,2.244669E+00,nan
53:30.5,4.200202E+00,5.336913E-01,2.241611E+00,nan
53:31.5,4.200199E+00,5.329551E-01,2.238518E+00,nan
53:32.5,4.200212E+00,5.325465E-01,2.236808E+00,nan
53:33.5,4.200189E+00,5.321810E-01,2.235261E+00,nan
53:34.5,4.200187E+00,5.315459E-01,2.232592E+00,nan
53:35.5,4.200212E+00,5.313182E-01,2.231649E+00,nan
53:36.5,4.200214E+00,5.310539E-01,2.230540E+00,nan
53:37.5,4.200194E+00,5.295992E-01,2.224420E+00,nan
53:38.5,4.200204E+00,5.293133E-01,2.223224E+00,nan
53:39.5,4.200189E+00,5.287795E-01,2.220974E+00,nan
53:40.5,4.200234E+00,5.280231E-01,2.217820E+00,nan
53:41.5,4.200177E+00,5.278498E-01,2.217062E+00,nan
53:42.5,4.200214E+00,5.272907E-01,2.214734E+00,nan
53:43.5,4.200219E+00,5.266607E-01,2.212091E+00,nan
53:44.5,4.200239E+00,5.265380E-01,2.211585E+00,nan
53:45.5,4.200222E+00,5.255995E-01,2.207634E+00,nan
53:46.5,4.200222E+00,5.254894E-01,2.207172E+00,nan
53:47.5,4.200229E+00,5.248190E-01,2.204360E+00,nan
53:48.5,4.200222E+00,5.237729E-01,2.199962E+00,nan
53:49.5,4.200217E+00,5.236679E-01,2.199519E+00,nan
53:50.5,4.200222E+00,5.231050E-01,2.197157E+00,nan
53:51.5,4.200212E+00,5.222714E-01,2.193650E+00,nan
53:52.5,4.200212E+00,5.219728E-01,2.192396E+00,nan
53:53.5,4.200202E+00,5.211886E-01,2.189097E+00,nan
53:54.5,4.200202E+00,5.208015E-01,2.187471E+00,nan
53:55.5,4.200197E+00,5.199869E-01,2.184047E+00,nan
53:56.5,4.200234E+00,5.203828E-01,2.185730E+00,nan
53:57.5,4.200197E+00,5.193076E-01,2.181194E+00,nan
53:58.5,4.200204E+00,5.183235E-01,2.177065E+00,nan
53:59.5,4.200204E+00,5.180680E-01,2.175991E+00,nan
54:00.5,4.200164E+00,5.175177E-01,2.173660E+00,nan
54:01.5,4.200194E+00,5.171711E-01,2.172219E+00,nan
54:02.5,4.200192E+00,5.158834E-01,2.166810E+00,nan
54:03.5,4.200197E+00,5.162401E-01,2.168310E+00,nan
54:04.5,4.200187E+00,5.149992E-01,2.163093E+00,nan
54:05.5,4.200207E+00,5.148057E-01,2.162290E+00,nan
54:06.5,4.200197E+00,5.141732E-01,2.159629E+00,nan
54:07.5,4.200207E+00,5.139620E-01,2.158747E+00,nan
54:08.5,4.200214E+00,5.131233E-01,2.155228E+00,nan
54:09.5,4.200184E+00,5.127337E-01,2.153576E+00,nan
54:10.5,4.200177E+00,5.117015E-01,2.149237E+00,nan
54:11.5,4.200199E+00,5.117255E-01,2.149349E+00,nan
54:12.5,4.200184E+00,5.108148E-01,2.145516E+00,nan
54:13.5,4.200202E+00,5.103164E-01,2.143432E+00,nan
54:14.5,4.200192E+00,5.100331E-01,2.142237E+00,nan
54:15.5,4.200222E+00,5.098496E-01,2.141481E+00,nan
54:16.5,4.200204E+00,5.090957E-01,2.138306E+00,nan
54:17.5,4.200207E+00,5.080774E-01,2.134030E+00,nan
54:18.5,4.200182E+00,5.076233E-01,2.132110E+00,nan
54:19.5,4.200182E+00,5.070187E-01,2.129571E+00,nan
54:20.5,4.200199E+00,5.067973E-01,2.128650E+00,nan
54:21.5,4.200224E+00,5.062180E-01,2.126229E+00,nan
54:22.5,4.200217E+00,5.057184E-01,2.124127E+00,nan
54:23.5,4.200202E+00,5.054919E-01,2.123168E+00,nan
54:24.5,4.200212E+00,5.049657E-01,2.120963E+00,nan
54:25.5,4.200212E+00,5.042004E-01,2.117748E+00,nan
54:26.5,4.200197E+00,5.036312E-01,2.115350E+00,nan
54:27.5,4.200202E+00,5.024586E-01,2.110427E+00,nan
54:28.5,4.200202E+00,5.030594E-01,2.112951E+00,nan
54:29.5,4.200214E+00,5.019981E-01,2.108500E+00,nan
54:30.5,4.200217E+00,5.019981E-01,2.108501E+00,nan
54:31.5,4.200204E+00,5.014175E-01,2.106056E+00,nan
54:32.5,4.200194E+00,5.007028E-01,2.103049E+00,nan
54:33.5,4.200187E+00,5.002778E-01,2.101260E+00,nan
54:34.5,4.200189E+00,4.997617E-01,2.099094E+00,nan
54:35.5,4.200177E+00,4.990407E-01,2.096059E+00,nan
54:36.5,4.200192E+00,4.989623E-01,2.095737E+00,nan
54:37.5,4.200189E+00,4.981742E-01,2.092426E+00,nan
54:38.5,4.200189E+00,4.971306E-01,2.088043E+00,nan
54:39.5,4.200197E+00,4.969966E-01,2.087483E+00,nan
54:40.5,4.200204E+00,4.964716E-01,2.085282E+00,nan
54:41.5,4.200182E+00,4.959846E-01,2.083226E+00,nan
54:42.5,4.200209E+00,4.954988E-01,2.081199E+00,nan
54:43.5,4.200187E+00,4.946981E-01,2.077825E+00,nan
54:44.5,4.200199E+00,4.942175E-01,2.075812E+00,nan
54:45.5,4.200204E+00,4.938683E-01,2.074348E+00,nan
54:46.5,4.200189E+00,4.930664E-01,2.070972E+00,nan
54:47.5,4.200187E+00,4.928235E-01,2.069951E+00,nan
54:48.5,4.200182E+00,4.923200E-01,2.067834E+00,nan
54:49.5,4.200202E+00,4.917496E-01,2.065447E+00,nan
54:50.5,4.200202E+00,4.914852E-01,2.064337E+00,nan
54:51.5,4.200209E+00,4.907452E-01,2.061232E+00,nan
54:52.5,4.200199E+00,4.900710E-01,2.058396E+00,nan
54:53.5,4.200209E+00,4.898445E-01,2.057449E+00,nan
54:54.5,4.200207E+00,4.896965E-01,2.056827E+00,nan
54:55.5,4.200202E+00,4.889730E-01,2.053785E+00,nan
54:56.5,4.200217E+00,4.886277E-01,2.052342E+00,nan
54:57.5,4.200234E+00,4.880838E-01,2.050066E+00,nan
54:58.5,4.200207E+00,4.873109E-01,2.046806E+00,nan
54:59.5,4.200226E+00,4.868289E-01,2.044792E+00,nan
55:00.5,4.200226E+00,4.865468E-01,2.043607E+00,nan
55:01.5,4.200209E+00,4.860434E-01,2.041484E+00,nan
55:02.5,4.200199E+00,4.853590E-01,2.038605E+00,nan
55:03.5,4.200222E+00,4.848328E-01,2.036405E+00,nan
55:04.5,4.200209E+00,4.843585E-01,2.034407E+00,nan
55:05.5,4.200189E+00,4.836261E-01,2.031321E+00,nan
55:06.5,4.200194E+00,4.827558E-01,2.027668E+00,nan
55:07.5,4.200217E+00,4.827457E-01,2.027636E+00,nan
55:08.5,4.200199E+00,4.823712E-01,2.026055E+00,nan
55:09.5,4.200197E+00,4.816174E-01,2.022888E+00,nan
55:10.5,4.200182E+00,4.811177E-01,2.020782E+00,nan
55:11.5,4.200174E+00,4.803676E-01,2.017628E+00,nan
55:12.5,4.200207E+00,4.801260E-01,2.016628E+00,nan
55:13.5,4.200180E+00,4.791912E-01,2.012689E+00,nan
55:14.5,4.200184E+00,4.791621E-01,2.012569E+00,nan
55:15.5,4.200177E+00,4.779237E-01,2.007364E+00,nan
55:16.5,4.200194E+00,4.781539E-01,2.008339E+00,nan
55:17.5,4.200194E+00,4.772558E-01,2.004567E+00,nan
55:18.5,4.200187E+00,4.771964E-01,2.004314E+00,nan
55:19.5,4.200189E+00,4.763147E-01,2.000612E+00,nan
55:20.5,4.200197E+00,4.760301E-01,1.999420E+00,nan
55:21.5,4.200204E+00,4.757771E-01,1.998361E+00,nan
55:22.5,4.200202E+00,4.754077E-01,1.996808E+00,nan
55:23.5,4.200199E+00,4.741339E-01,1.991457E+00,nan
55:24.5,4.200209E+00,4.739075E-01,1.990511E+00,nan
55:25.5,4.200202E+00,4.730802E-01,1.987032E+00,nan
55:26.5,4.200194E+00,4.730904E-01,1.987071E+00,nan
55:27.5,4.200189E+00,4.723023E-01,1.983759E+00,nan
55:28.5,4.200209E+00,4.715686E-01,1.980687E+00,nan
55:29.5,4.200217E+00,4.712423E-01,1.979320E+00,nan
55:30.5,4.200202E+00,4.710057E-01,1.978319E+00,nan
55:31.5,4.200194E+00,4.703859E-01,1.975712E+00,nan
55:32.5,4.200192E+00,4.696042E-01,1.972428E+00,nan
55:33.5,4.200194E+00,4.696586E-01,1.972657E+00,nan
55:34.5,4.200217E+00,4.686770E-01,1.968545E+00,nan
55:35.5,4.200189E+00,4.678662E-01,1.965126E+00,nan
55:36.5,4.200170E+00,4.676941E-01,1.964395E+00,nan
55:37.5,4.200217E+00,4.673652E-01,1.963035E+00,nan
55:38.5,4.200197E+00,4.667327E-01,1.960369E+00,nan
55:39.5,4.200180E+00,4.659674E-01,1.957147E+00,nan
55:40.5,4.200189E+00,4.657613E-01,1.956285E+00,nan
55:41.5,4.200182E+00,4.653603E-01,1.954598E+00,nan
55:42.5,4.200184E+00,4.647139E-01,1.951884E+00,nan
55:43.5,4.200164E+00,4.637563E-01,1.947853E+00,nan
55:44.5,4.200204E+00,4.633743E-01,1.946267E+00,nan
55:45.5,4.200192E+00,4.629202E-01,1.944354E+00,nan
55:46.5,4.200187E+00,4.628367E-01,1.944001E+00,nan
55:47.5,4.200202E+00,4.617957E-01,1.939635E+00,nan
55:48.5,4.200189E+00,4.618412E-01,1.939820E+00,nan
55:49.5,4.200189E+00,4.609899E-01,1.936245E+00,nan
55:50.5,4.200189E+00,4.606977E-01,1.935018E+00,nan
55:51.5,4.200199E+00,4.602993E-01,1.933349E+00,nan
55:52.5,4.200189E+00,4.596529E-01,1.930629E+00,nan
55:53.5,4.200197E+00,4.593708E-01,1.929448E+00,nan
55:54.5,4.200202E+00,4.587092E-01,1.926671E+00,nan
55:55.5,4.200214E+00,4.584372E-01,1.925534E+00,nan
55:56.5,4.200192E+00,4.580325E-01,1.923824E+00,nan
55:57.5,4.200202E+00,4.575885E-01,1.921964E+00,nan
55:58.5,4.200192E+00,4.570205E-01,1.919574E+00,nan
55:59.5,4.200192E+00,4.564007E-01,1.916971E+00,nan
56:00.5,4.200184E+00,4.555962E-01,1.913588E+00,nan
56:01.5,4.200202E+00,4.555443E-01,1.913378E+00,nan
56:02.5,4.200217E+00,4.548764E-01,1.910580E+00,nan
56:03.5,4.200187E+00,4.543414E-01,1.908319E+00,nan
56:04.5,4.200197E+00,4.536229E-01,1.905305E+00,nan
56:05.5,4.200189E+00,4.531422E-01,1.903283E+00,nan
56:06.5,4.200209E+00,4.530498E-01,1.902904E+00,nan
56:07.5,4.200207E+00,4.521492E-01,1.899120E+00,nan
56:08.5,4.200197E+00,4.521998E-01,1.899328E+00,nan
56:09.5,4.200180E+00,4.511802E-01,1.895038E+00,nan
56:10.5,4.200202E+00,4.512283E-01,1.895250E+00,nan
56:11.5,4.200204E+00,4.503581E-01,1.891596E+00,nan
56:12.5,4.200199E+00,4.501177E-01,1.890584E+00,nan
56:13.5,4.200182E+00,4.494043E-01,1.887580E+00,nan
56:14.5,4.200204E+00,4.491057E-01,1.886336E+00,nan
56:15.5,4.200164E+00,4.477434E-01,1.880596E+00,nan
56:16.5,4.200170E+00,4.475372E-01,1.879732E+00,nan
56:17.5,4.200187E+00,4.476194E-01,1.880085E+00,nan
56:18.5,4.200182E+00,4.468263E-01,1.876752E+00,nan
56:19.5,4.200172E+00,4.462723E-01,1.874420E+00,nan
56:20.5,4.200212E+00,4.463014E-01,1.874560E+00,nan
56:21.5,4.200224E+00,4.453489E-01,1.870565E+00,nan
56:22.5,4.200197E+00,4.449959E-01,1.869070E+00,nan
56:23.5,4.200202E+00,4.445418E-01,1.867165E+00,nan
56:24.5,4.200172E+00,4.441168E-01,1.865367E+00,nan
56:25.5,4.200189E+00,4.437361E-01,1.863775E+00,nan
56:26.5,4.200172E+00,4.430328E-01,1.860814E+00,nan
56:27.5,4.200177E+00,4.428835E-01,1.860189E+00,nan
56:28.5,4.200197E+00,4.425508E-01,1.858800E+00,nan
56:29.5,4.200202E+00,4.418829E-01,1.855997E+00,nan
56:30.5,4.200180E+00,4.411214E-01,1.852789E+00,nan
56:31.5,4.200197E+00,4.412188E-01,1.853206E+00,nan
56:32.5,4.200207E+00,4.406154E-01,1.850676E+00,nan
56:33.5,4.200207E+00,4.398287E-01,1.847371E+00,nan
56:34.5,4.200214E+00,4.397224E-01,1.846928E+00,nan
56:35.5,4.200192E+00,4.386156E-01,1.842270E+00,nan
56:36.5,4.200199E+00,4.382538E-01,1.840753E+00,nan
56:37.5,4.200172E+00,4.376049E-01,1.838016E+00,nan
56:38.5,4.200192E+00,4.374063E-01,1.837190E+00,nan
56:39.5,4.200202E+00,4.361527E-01,1.831929E+00,nan
56:40.5,4.200172E+00,4.363311E-01,1.832666E+00,nan
56:41.5,4.200177E+00,4.359402E-01,1.831026E+00,nan
56:42.5,4.200202E+00,4.360047E-01,1.831308E+00,nan
56:43.5,4.200207E+00,4.348954E-01,1.826650E+00,nan
56:44.5,4.200214E+00,4.343160E-01,1.824220E+00,nan
56:45.5,4.200187E+00,4.339365E-01,1.822614E+00,nan
56:46.5,4.200187E+00,4.334521E-01,1.820580E+00,nan
56:47.5,4.200194E+00,4.329322E-01,1.818399E+00,nan
56:48.5,4.200212E+00,4.326425E-01,1.817190E+00,nan
56:49.5,4.200199E+00,4.325451E-01,1.816776E+00,nan
56:50.5,4.200199E+00,4.316736E-01,1.813115E+00,nan
56:51.5,4.200207E+00,4.310942E-01,1.810685E+00,nan
56:52.5,4.200197E+00,4.305946E-01,1.808582E+00,nan
56:53.5,4.200197E+00,4.305060E-01,1.808210E+00,nan
56:54.5,4.200197E+00,4.298052E-01,1.805267E+00,nan
56:55.5,4.200172E+00,4.289046E-01,1.801473E+00,nan
56:56.5,4.200192E+00,4.287060E-01,1.800647E+00,nan
56:57.5,4.200177E+00,4.282253E-01,1.798622E+00,nan
56:58.5,4.200180E+00,4.278711E-01,1.797136E+00,nan
56:59.5,4.200209E+00,4.275701E-01,1.795884E+00,nan
57:00.5,4.200192E+00,4.273955E-01,1.795143E+00,nan
57:01.5,4.200177E+00,4.266694E-01,1.792087E+00,nan
57:02.5,4.200182E+00,4.257637E-01,1.788285E+00,nan
57:03.5,4.200187E+00,4.251199E-01,1.785583E+00,nan
57:04.5,4.200202E+00,4.250668E-01,1.785366E+00,nan
57:05.5,4.200180E+00,4.244103E-01,1.782599E+00,nan
57:06.5,4.200207E+00,4.241471E-01,1.781506E+00,nan
57:07.5,4.200197E+00,4.235286E-01,1.778903E+00,nan
57:08.5,4.200182E+00,4.230378E-01,1.776836E+00,nan
57:09.5,4.200202E+00,4.226039E-01,1.775022E+00,nan
57:10.5,4.200192E+00,4.222535E-01,1.773546E+00,nan
57:11.5,4.200192E+00,4.216931E-01,1.771192E+00,nan
57:12.5,4.200184E+00,4.211492E-01,1.768904E+00,nan
57:13.5,4.200182E+00,4.205674E-01,1.766459E+00,nan
57:14.5,4.200182E+00,4.202106E-01,1.764961E+00,nan
57:15.5,4.200187E+00,4.195693E-01,1.762269E+00,nan
57:16.5,4.200202E+00,4.191797E-01,1.760639E+00,nan
57:17.5,4.200197E+00,4.192784E-01,1.761052E+00,nan
57:18.5,4.200199E+00,4.181298E-01,1.756228E+00,nan
57:19.5,4.200197E+00,4.182259E-01,1.756631E+00,nan
57:20.5,4.200194E+00,4.176251E-01,1.754107E+00,nan
57:21.5,4.200202E+00,4.168143E-01,1.750704E+00,nan
57:22.5,4.200194E+00,4.163171E-01,1.748613E+00,nan
57:23.5,4.200189E+00,4.162969E-01,1.748526E+00,nan
57:24.5,4.200170E+00,4.154721E-01,1.745053E+00,nan
57:25.5,4.200182E+00,4.151445E-01,1.743683E+00,nan
57:26.5,4.200212E+00,4.150231E-01,1.743185E+00,nan
57:27.5,4.200207E+00,4.142161E-01,1.739793E+00,nan
57:28.5,4.200214E+00,4.142983E-01,1.740141E+00,nan
57:29.5,4.200197E+00,4.134634E-01,1.736628E+00,nan
57:30.5,4.200204E+00,4.127589E-01,1.733672E+00,nan
57:31.5,4.200197E+00,4.126197E-01,1.733084E+00,nan
57:32.5,4.200219E+00,4.115622E-01,1.728651E+00,nan
57:33.5,4.200217E+00,4.116887E-01,1.729182E+00,nan
57:34.5,4.200236E+00,4.117646E-01,1.729509E+00,nan
57:35.5,4.200222E+00,4.111435E-01,1.726894E+00,nan
57:36.5,4.200234E+00,4.101784E-01,1.722845E+00,nan
57:37.5,4.200214E+00,4.097559E-01,1.721062E+00,nan
57:38.5,4.200226E+00,4.093055E-01,1.719176E+00,nan
57:39.5,4.200229E+00,4.091108E-01,1.718359E+00,nan
57:40.5,4.200207E+00,4.083834E-01,1.715295E+00,nan
57:41.5,4.200212E+00,4.077320E-01,1.712560E+00,nan
57:42.5,4.200222E+00,4.072159E-01,1.710397E+00,nan
57:43.5,4.200219E+00,4.068984E-01,1.709062E+00,nan
57:44.5,4.200234E+00,4.067731E-01,1.708542E+00,nan
57:45.5,4.200214E+00,4.055879E-01,1.703556E+00,nan
57:46.5,4.200224E+00,4.056296E-01,1.703735E+00,nan
57:47.5,4.200241E+00,4.053045E-01,1.702377E+00,nan
57:48.5,4.200226E+00,4.047986E-01,1.700246E+00,nan
57:49.5,4.200232E+00,4.041446E-01,1.697501E+00,nan
57:50.5,4.200229E+00,4.039068E-01,1.696501E+00,nan
57:51.5,4.200234E+00,4.038208E-01,1.696142E+00,nan
57:52.5,4.200217E+00,4.030049E-01,1.692708E+00,nan
57:53.5,4.200226E+00,4.024812E-01,1.690512E+00,nan
57:54.5,4.200219E+00,4.016919E-01,1.687194E+00,nan
57:55.5,4.200212E+00,4.015552E-01,1.686617E+00,nan
57:56.5,4.200217E+00,4.012428E-01,1.685307E+00,nan
57:57.5,4.200222E+00,4.007811E-01,1.683369E+00,nan
57:58.5,4.200229E+00,4.002663E-01,1.681210E+00,nan
57:59.5,4.200224E+00,3.997072E-01,1.678860E+00,nan
58:00.5,4.200217E+00,3.990330E-01,1.676025E+00,nan
58:01.5,4.200244E+00,3.987319E-01,1.674771E+00,nan
58:02.5,4.200222E+00,3.980488E-01,1.671893E+00,nan
58:03.5,4.200217E+00,3.974062E-01,1.669192E+00,nan
58:04.5,4.200222E+00,3.976845E-01,1.670363E+00,nan
58:05.5,4.200209E+00,3.970242E-01,1.667585E+00,nan
58:06.5,4.200204E+00,3.958491E-01,1.662647E+00,nan
58:07.5,4.200241E+00,3.961274E-01,1.663830E+00,nan
58:08.5,4.200232E+00,3.955822E-01,1.661537E+00,nan
58:09.5,4.200224E+00,3.954569E-01,1.661008E+00,nan
58:10.5,4.200234E+00,3.944943E-01,1.656968E+00,nan
58:11.5,4.200224E+00,3.938872E-01,1.654414E+00,nan
58:12.5,4.200204E+00,3.936531E-01,1.653424E+00,nan
58:13.5,4.200209E+00,3.931345E-01,1.651247E+00,nan
58:14.5,4.200204E+00,3.927373E-01,1.649577E+00,nan
58:15.5,4.200194E+00,3.920897E-01,1.646853E+00,nan
58:16.5,4.200204E+00,3.912434E-01,1.643302E+00,nan
58:17.5,4.200209E+00,3.914673E-01,1.644245E+00,nan
58:18.5,4.200177E+00,3.907691E-01,1.641299E+00,nan
58:19.5,4.200197E+00,3.900986E-01,1.638491E+00,nan
58:20.5,4.200199E+00,3.897748E-01,1.637132E+00,nan
58:21.5,4.200214E+00,3.896749E-01,1.636718E+00,nan
58:22.5,4.200202E+00,3.894472E-01,1.635757E+00,nan
58:23.5,4.200182E+00,3.883745E-01,1.631244E+00,nan
58:24.5,4.200182E+00,3.879900E-01,1.629628E+00,nan
58:25.5,4.200182E+00,3.877003E-01,1.628412E+00,nan
58:26.5,4.200202E+00,3.876358E-01,1.628148E+00,nan
58:27.5,4.200192E+00,3.870919E-01,1.625860E+00,nan
58:28.5,4.200167E+00,3.861583E-01,1.621930E+00,nan
58:29.5,4.200174E+00,3.857055E-01,1.620030E+00,nan
58:30.5,4.200184E+00,3.858560E-01,1.620666E+00,nan
58:31.5,4.200180E+00,3.846961E-01,1.615793E+00,nan
58:32.5,4.200202E+00,3.847897E-01,1.616194E+00,nan
58:33.5,4.200184E+00,3.841117E-01,1.613340E+00,nan
58:34.5,4.200180E+00,3.833742E-01,1.610240E+00,nan
58:35.5,4.200180E+00,3.832996E-01,1.609927E+00,nan
58:36.5,4.200174E+00,3.825406E-01,1.606737E+00,nan
58:37.5,4.200164E+00,3.824634E-01,1.606409E+00,nan
58:38.5,4.200172E+00,3.820738E-01,1.604776E+00,nan
58:39.5,4.200170E+00,3.812997E-01,1.601523E+00,nan
58:40.5,4.200182E+00,3.811100E-01,1.600731E+00,nan
58:41.5,4.200189E+00,3.806128E-01,1.598646E+00,nan
58:42.5,4.200207E+00,3.803813E-01,1.597680E+00,nan
58:43.5,4.200187E+00,3.798083E-01,1.595266E+00,nan
58:44.5,4.200199E+00,3.797172E-01,1.594888E+00,nan
58:45.5,4.200180E+00,3.787685E-01,1.590896E+00,nan
58:46.5,4.200155E+00,3.780184E-01,1.587736E+00,nan
58:47.5,4.200180E+00,3.776946E-01,1.586385E+00,nan
58:48.5,4.200162E+00,3.769546E-01,1.583270E+00,nan
58:49.5,4.200155E+00,3.771798E-01,1.584213E+00,nan
58:50.5,4.200170E+00,3.767003E-01,1.582205E+00,nan
58:51.5,4.200172E+00,3.765157E-01,1.581431E+00,nan
58:52.5,4.200212E+00,3.759313E-01,1.578991E+00,nan
58:53.5,4.200199E+00,3.755999E-01,1.577594E+00,nan
58:54.5,4.200207E+00,3.748067E-01,1.574266E+00,nan
58:55.5,4.200192E+00,3.747233E-01,1.573910E+00,nan
58:56.5,4.200217E+00,3.746309E-01,1.573531E+00,nan
58:57.5,4.200209E+00,3.733748E-01,1.568252E+00,nan
58:58.5,4.200204E+00,3.730978E-01,1.567087E+00,nan
58:59.5,4.200199E+00,3.732129E-01,1.567569E+00,nan
59:00.5,4.200226E+00,3.728714E-01,1.566144E+00,nan
59:01.5,4.200219E+00,3.721744E-01,1.563214E+00,nan
59:02.5,4.200197E+00,3.719113E-01,1.562101E+00,nan
59:03.5,4.200197E+00,3.714028E-01,1.559965E+00,nan
59:04.5,4.200197E+00,3.707817E-01,1.557356E+00,nan
59:05.5,4.200219E+00,3.703782E-01,1.555669E+00,nan
59:06.5,4.200197E+00,3.699329E-01,1.553791E+00,nan
59:07.5,4.200199E+00,3.692954E-01,1.551114E+00,nan
59:08.5,4.200202E+00,3.688273E-01,1.549149E+00,nan
59:09.5,4.200217E+00,3.684289E-01,1.547481E+00,nan
59:10.5,4.200229E+00,3.685351E-01,1.547932E+00,nan
59:11.5,4.200212E+00,3.674599E-01,1.543409E+00,nan
59:12.5,4.200204E+00,3.668793E-01,1.540968E+00,nan
59:13.5,4.200232E+00,3.673461E-01,1.542939E+00,nan
59:14.5,4.200219E+00,3.662810E-01,1.538460E+00,nan
59:15.5,4.200219E+00,3.665062E-01,1.539406E+00,nan
59:16.5,4.200226E+00,3.656839E-01,1.535955E+00,nan
59:17.5,4.200214E+00,3.652210E-01,1.534006E+00,nan
59:18.5,4.200204E+00,3.647859E-01,1.532175E+00,nan
59:19.5,4.200214E+00,3.643988E-01,1.530553E+00,nan
59:20.5,4.200202E+00,3.641040E-01,1.529310E+00,nan
59:21.5,4.200207E+00,3.638814E-01,1.528377E+00,nan
59:22.5,4.200232E+00,3.635690E-01,1.527074E+00,nan
59:23.5,4.200222E+00,3.625229E-01,1.522676E+00,nan
59:24.5,4.200217E+00,3.621206E-01,1.520985E+00,nan
59:25.5,4.200219E+00,3.620194E-01,1.520561E+00,nan
59:26.5,4.200219E+00,3.615982E-01,1.518792E+00,nan
59:27.5,4.200214E+00,3.610998E-01,1.516696E+00,nan
59:28.5,4.200204E+00,3.606836E-01,1.514945E+00,nan
59:29.5,4.200209E+00,3.604863E-01,1.514118E+00,nan
59:30.5,4.200224E+00,3.597792E-01,1.511153E+00,nan
59:31.5,4.200202E+00,3.592024E-01,1.508722E+00,nan
59:32.5,4.200212E+00,3.586800E-01,1.506532E+00,nan
59:33.5,4.200202E+00,3.585433E-01,1.505954E+00,nan
59:34.5,4.200194E+00,3.580045E-01,1.503688E+00,nan
59:35.5,4.200204E+00,3.577540E-01,1.502640E+00,nan
59:36.5,4.200226E+00,3.571140E-01,1.499959E+00,nan
59:37.5,4.200214E+00,3.570229E-01,1.499572E+00,nan
59:38.5,4.200199E+00,3.562677E-01,1.496395E+00,nan
59:39.5,4.200229E+00,3.558250E-01,1.494546E+00,nan
59:40.5,4.200224E+00,3.553418E-01,1.492515E+00,nan
59:41.5,4.200204E+00,3.550432E-01,1.491254E+00,nan
59:42.5,4.200222E+00,3.547169E-01,1.489890E+00,nan
59:43.5,4.200187E+00,3.540401E-01,1.487035E+00,nan
59:44.5,4.200204E+00,3.538719E-01,1.486334E+00,nan
59:45.5,4.200212E+00,3.541249E-01,1.487400E+00,nan
59:46.5,4.200194E+00,3.522629E-01,1.479573E+00,nan
59:47.5,4.200207E+00,3.521377E-01,1.479051E+00,nan
59:48.5,4.200212E+00,3.523287E-01,1.479855E+00,nan
59:49.5,4.200209E+00,3.515204E-01,1.476459E+00,nan
59:50.5,4.200199E+00,3.514736E-01,1.476259E+00,nan
59:51.5,4.200194E+00,3.507766E-01,1.473330E+00,nan
59:52.5,4.200202E+00,3.508070E-01,1.473460E+00,nan
59:53.5,4.200170E+00,3.494788E-01,1.467870E+00,nan
59:54.5,4.200197E+00,3.492410E-01,1.466881E+00,nan
59:55.5,4.200194E+00,3.496710E-01,1.468686E+00,nan
59:56.5,4.200197E+00,3.492093E-01,1.466748E+00,nan
59:57.5,4.200184E+00,3.481911E-01,1.462467E+00,nan
59:58.5,4.200189E+00,3.478773E-01,1.461151E+00,nan
59:59.5,4.200197E+00,3.475839E-01,1.459921E+00,nan
00:00.5,4.200207E+00,3.475206E-01,1.459658E+00,nan
00:01.5,4.200204E+00,3.468173E-01,1.456704E+00,nan
00:02.5,4.200199E+00,3.459268E-01,1.452961E+00,nan
00:03.5,4.200194E+00,3.458636E-01,1.452694E+00,nan
00:04.5,4.200187E+00,3.453677E-01,1.450609E+00,nan
00:05.5,4.200207E+00,3.451210E-01,1.449580E+00,nan
00:06.5,4.200214E+00,3.448529E-01,1.448456E+00,nan
00:07.5,4.200217E+00,3.439990E-01,1.444870E+00,nan
00:08.5,4.200214E+00,3.442153E-01,1.445778E+00,nan
00:09.5,4.200212E+00,3.432059E-01,1.441537E+00,nan
00:10.5,4.200219E+00,3.428935E-01,1.440228E+00,nan
00:11.5,4.200209E+00,3.421864E-01,1.437254E+00,nan
00:12.5,4.200209E+00,3.417208E-01,1.435299E+00,nan
00:13.5,4.200197E+00,3.416133E-01,1.434843E+00,nan
00:14.5,4.200204E+00,3.415185E-01,1.434447E+00,nan
00:15.5,4.200199E+00,3.412592E-01,1.433356E+00,nan
00:16.5,4.200187E+00,3.407886E-01,1.431376E+00,nan
00:17.5,4.200207E+00,3.403206E-01,1.429417E+00,nan
00:18.5,4.200194E+00,3.399310E-01,1.427776E+00,nan
00:19.5,4.200202E+00,3.396261E-01,1.426498E+00,nan
00:20.5,4.200187E+00,3.387685E-01,1.422891E+00,nan
00:21.5,4.200207E+00,3.389633E-01,1.423716E+00,nan
00:22.5,4.200202E+00,3.385509E-01,1.421982E+00,nan
00:23.5,4.200189E+00,3.376364E-01,1.418137E+00,nan
00:24.5,4.200202E+00,3.378021E-01,1.418837E+00,nan
00:25.5,4.200174E+00,3.373024E-01,1.416729E+00,nan
00:26.5,4.200162E+00,3.363727E-01,1.412820E+00,nan
00:27.5,4.200177E+00,3.359211E-01,1.410928E+00,nan
00:28.5,4.200174E+00,3.356820E-01,1.409923E+00,nan
00:29.5,4.200187E+00,3.354695E-01,1.409035E+00,nan
00:30.5,4.200187E+00,3.353999E-01,1.408742E+00,nan
00:31.5,4.200187E+00,3.349155E-01,1.406707E+00,nan
00:32.5,4.200184E+00,3.345802E-01,1.405299E+00,nan
00:33.5,4.200174E+00,3.341109E-01,1.403324E+00,nan
00:34.5,4.200187E+00,3.334835E-01,1.400693E+00,nan
00:35.5,4.200189E+00,3.333090E-01,1.399961E+00,nan
00:36.5,4.200199E+00,3.330484E-01,1.398870E+00,nan
00:37.5,4.200194E+00,3.325323E-01,1.396700E+00,nan
00:38.5,4.200209E+00,3.327625E-01,1.397672E+00,nan
00:39.5,4.200209E+00,3.317544E-01,1.393438E+00,nan
00:40.5,4.200214E+00,3.308018E-01,1.389439E+00,nan
00:41.5,4.200204E+00,3.311813E-01,1.391029E+00,nan
00:42.5,4.200192E+00,3.303629E-01,1.387588E+00,nan
00:43.5,4.200199E+00,3.299038E-01,1.385661E+00,nan
00:44.5,4.200197E+00,3.299771E-01,1.385969E+00,nan
00:45.5,4.200224E+00,3.294534E-01,1.383778E+00,nan
00:46.5,4.200184E+00,3.289689E-01,1.381730E+00,nan
00:47.5,4.200209E+00,3.286578E-01,1.380431E+00,nan
00:48.5,4.200184E+00,3.279861E-01,1.377602E+00,nan
00:49.5,4.200229E+00,3.279912E-01,1.377638E+00,nan
00:50.5,4.200199E+00,3.274700E-01,1.375439E+00,nan
00:51.5,4.200207E+00,3.271689E-01,1.374177E+00,nan
00:52.5,4.200212E+00,3.264315E-01,1.371081E+00,nan
00:53.5,4.200199E+00,3.260077E-01,1.369297E+00,nan
00:54.5,4.200199E+00,3.255485E-01,1.367369E+00,nan
00:55.5,4.200197E+00,3.252184E-01,1.365981E+00,nan
00:56.5,4.200197E+00,3.251956E-01,1.365886E+00,nan
00:57.5,4.200197E+00,3.244240E-01,1.362645E+00,nan
00:58.5,4.200207E+00,3.244354E-01,1.362696E+00,nan
00:59.5,4.200212E+00,3.237650E-01,1.359881E+00,nan
01:00.5,4.200164E+00,3.229997E-01,1.356652E+00,nan
01:01.5,4.200174E+00,3.231414E-01,1.357250E+00,nan
01:02.5,4.200189E+00,3.227631E-01,1.355666E+00,nan
01:03.5,4.200204E+00,3.223318E-01,1.353859E+00,nan
01:04.5,4.200199E+00,3.219751E-01,1.352359E+00,nan
01:05.5,4.200204E+00,3.211883E-01,1.349056E+00,nan
01:06.5,4.200224E+00,3.212996E-01,1.349530E+00,nan
01:07.5,4.200187E+00,3.209834E-01,1.348190E+00,nan
01:08.5,4.200187E+00,3.204913E-01,1.346123E+00,nan
01:09.5,4.200212E+00,3.199512E-01,1.343863E+00,nan
01:10.5,4.200199E+00,3.197488E-01,1.343009E+00,nan
01:11.5,4.200184E+00,3.192542E-01,1.340926E+00,nan
01:12.5,4.200194E+00,3.190531E-01,1.340085E+00,nan
01:13.5,4.200199E+00,3.185484E-01,1.337967E+00,nan
01:14.5,4.200199E+00,3.184623E-01,1.337605E+00,nan
01:15.5,4.200217E+00,3.179627E-01,1.335512E+00,nan
01:16.5,4.200199E+00,3.176237E-01,1.334083E+00,nan
01:17.5,4.200214E+00,3.171139E-01,1.331946E+00,nan
01:18.5,4.200199E+00,3.161500E-01,1.327893E+00,nan
01:19.5,4.200184E+00,3.168938E-01,1.331012E+00,nan
01:20.5,4.200202E+00,3.157566E-01,1.326241E+00,nan
01:21.5,4.200187E+00,3.149749E-01,1.322953E+00,nan
01:22.5,4.200209E+00,3.150204E-01,1.323152E+00,nan
01:23.5,4.200209E+00,3.146156E-01,1.321451E+00,nan
01:24.5,4.200194E+00,3.141489E-01,1.319486E+00,nan
01:25.5,4.200202E+00,3.136720E-01,1.317486E+00,nan
01:26.5,4.200192E+00,3.134430E-01,1.316521E+00,nan
01:27.5,4.200187E+00,3.129447E-01,1.314426E+00,nan
01:28.5,4.200180E+00,3.130028E-01,1.314668E+00,nan
01:29.5,4.200194E+00,3.126878E-01,1.313350E+00,nan
01:30.5,4.200212E+00,3.119884E-01,1.310417E+00,nan
01:31.5,4.200214E+00,3.118897E-01,1.310003E+00,nan
01:32.5,4.200209E+00,3.112989E-01,1.307521E+00,nan
01:33.5,4.200194E+00,3.101807E-01,1.302819E+00,nan
01:34.5,4.200207E+00,3.107689E-01,1.305294E+00,nan
01:35.5,4.200189E+00,3.101592E-01,1.302727E+00,nan
01:36.5,4.200219E+00,3.101289E-01,1.302609E+00,nan
01:37.5,4.200192E+00,3.091043E-01,1.298297E+00,nan
01:38.5,4.200214E+00,3.089588E-01,1.297693E+00,nan
01:39.5,4.200226E+00,3.092194E-01,1.298791E+00,nan
01:40.5,4.200209E+00,3.082492E-01,1.294711E+00,nan
01:41.5,4.200214E+00,3.083149E-01,1.294989E+00,nan
01:42.5,4.200212E+00,3.082555E-01,1.294738E+00,nan
01:43.5,4.200209E+00,3.078355E-01,1.292974E+00,nan
01:44.5,4.200194E+00,3.070285E-01,1.289579E+00,nan
01:45.5,4.200226E+00,3.067034E-01,1.288224E+00,nan
01:46.5,4.200192E+00,3.060241E-01,1.285360E+00,nan
01:47.5,4.200202E+00,3.055877E-01,1.283530E+00,nan
01:48.5,4.200219E+00,3.056915E-01,1.283971E+00,nan
01:49.5,4.200202E+00,3.050602E-01,1.281314E+00,nan
01:50.5,4.200204E+00,3.048401E-01,1.280391E+00,nan
01:51.5,4.200207E+00,3.042406E-01,1.277873E+00,nan
01:52.5,4.200192E+00,3.038054E-01,1.276041E+00,nan
01:53.5,4.200202E+00,3.032716E-01,1.273802E+00,nan
01:54.5,4.200189E+00,3.028909E-01,1.272199E+00,nan
01:55.5,4.200182E+00,3.026543E-01,1.271203E+00,nan
01:56.5,4.200199E+00,3.023469E-01,1.269917E+00,nan
01:57.5,4.200212E+00,3.021888E-01,1.269257E+00,nan
01:58.5,4.200217E+00,3.021837E-01,1.269237E+00,nan
01:59.5,4.200212E+00,3.013565E-01,1.265761E+00,nan
02:00.5,4.200199E+00,3.010403E-01,1.264429E+00,nan
02:01.5,4.200212E+00,3.004571E-01,1.261983E+00,nan
02:02.5,4.200202E+00,2.999322E-01,1.259775E+00,nan
02:03.5,4.200214E+00,3.001459E-01,1.260677E+00,nan
02:04.5,4.200204E+00,2.997968E-01,1.259208E+00,nan
02:05.5,4.200214E+00,2.994110E-01,1.257590E+00,nan
02:06.5,4.200207E+00,2.987052E-01,1.254623E+00,nan
02:07.5,4.200194E+00,2.983421E-01,1.253095E+00,nan
02:08.5,4.200222E+00,2.984471E-01,1.253544E+00,nan
02:09.5,4.200229E+00,2.981473E-01,1.252287E+00,nan
02:10.5,4.200209E+00,2.975553E-01,1.249795E+00,nan
02:11.5,4.200207E+00,2.972479E-01,1.248503E+00,nan
02:12.5,4.200207E+00,2.967761E-01,1.246521E+00,nan
02:13.5,4.200207E+00,2.959767E-01,1.243163E+00,nan
02:14.5,4.200192E+00,2.960488E-01,1.243462E+00,nan
02:15.5,4.200209E+00,2.957882E-01,1.242372E+00,nan
02:16.5,4.200194E+00,2.951975E-01,1.239887E+00,nan
02:17.5,4.200209E+00,2.950912E-01,1.239445E+00,nan
02:18.5,4.200217E+00,2.944866E-01,1.236907E+00,nan
02:19.5,4.200187E+00,2.938870E-01,1.234380E+00,nan
02:20.5,4.200202E+00,2.942095E-01,1.235739E+00,nan
02:21.5,4.200219E+00,2.934645E-01,1.232615E+00,nan
02:22.5,4.200226E+00,2.934949E-01,1.232745E+00,nan
02:23.5,4.200224E+00,2.933064E-01,1.231952E+00,nan
02:24.5,4.200234E+00,2.927422E-01,1.229586E+00,nan
02:25.5,4.200214E+00,2.922856E-01,1.227662E+00,nan
02:26.5,4.200214E+00,2.917391E-01,1.225367E+00,nan
02:27.5,4.200207E+00,2.913090E-01,1.223558E+00,nan
02:28.5,4.200207E+00,2.912723E-01,1.223404E+00,nan
02:29.5,4.200199E+00,2.905539E-01,1.220384E+00,nan
02:30.5,4.200217E+00,2.907575E-01,1.221245E+00,nan
02:31.5,4.200234E+00,2.902907E-01,1.219289E+00,nan
02:32.5,4.200212E+00,2.899657E-01,1.217917E+00,nan
02:33.5,4.200204E+00,2.893673E-01,1.215402E+00,nan
02:34.5,4.200199E+00,2.894964E-01,1.215942E+00,nan
02:35.5,4.200212E+00,2.888247E-01,1.213125E+00,nan
02:36.5,4.200202E+00,2.884237E-01,1.211438E+00,nan
02:37.5,4.200199E+00,2.883579E-01,1.211161E+00,nan
02:38.5,4.200207E+00,2.879569E-01,1.209479E+00,nan
02:39.5,4.200177E+00,2.872675E-01,1.206574E+00,nan
02:40.5,4.200180E+00,2.870310E-01,1.205582E+00,nan
02:41.5,4.200192E+00,2.869020E-01,1.205043E+00,nan
02:42.5,4.200192E+00,2.864643E-01,1.203205E+00,nan
02:43.5,4.200177E+00,2.857344E-01,1.200135E+00,nan
02:44.5,4.200197E+00,2.859065E-01,1.200863E+00,nan
02:45.5,4.200192E+00,2.854232E-01,1.198832E+00,nan
02:46.5,4.200197E+00,2.846706E-01,1.195673E+00,nan
02:47.5,4.200184E+00,2.841747E-01,1.193586E+00,nan
02:48.5,4.200189E+00,2.840786E-01,1.193184E+00,nan
02:49.5,4.200189E+00,2.834626E-01,1.190596E+00,nan
02:50.5,4.200204E+00,2.830186E-01,1.188736E+00,nan
02:51.5,4.200202E+00,2.829693E-01,1.188528E+00,nan
02:52.5,4.200217E+00,2.827201E-01,1.187486E+00,nan
02:53.5,4.200212E+00,2.821281E-01,1.184998E+00,nan
02:54.5,4.200209E+00,2.819953E-01,1.184439E+00,nan
02:55.5,4.200199E+00,2.815715E-01,1.182656E+00,nan
02:56.5,4.200189E+00,2.813476E-01,1.181713E+00,nan
02:57.5,4.200204E+00,2.809593E-01,1.180086E+00,nan
02:58.5,4.200209E+00,2.808518E-01,1.179636E+00,nan
02:59.5,4.200199E+00,2.802547E-01,1.177126E+00,nan
03:00.5,4.200197E+00,2.799891E-01,1.176009E+00,nan
03:01.5,4.200204E+00,2.800258E-01,1.176165E+00,nan
03:02.5,4.200204E+00,2.796956E-01,1.174779E+00,nan
03:03.5,4.200209E+00,2.787001E-01,1.170599E+00,nan
03:04.5,4.200192E+00,2.788367E-01,1.171168E+00,nan
03:05.5,4.200207E+00,2.784142E-01,1.169397E+00,nan
03:06.5,4.200177E+00,2.781498E-01,1.168278E+00,nan
03:07.5,4.200180E+00,2.773542E-01,1.164937E+00,nan
03:08.5,4.200187E+00,2.772707E-01,1.164589E+00,nan
03:09.5,4.200187E+00,2.769507E-01,1.163244E+00,nan
03:10.5,4.200187E+00,2.764409E-01,1.161103E+00,nan
03:11.5,4.200177E+00,2.763802E-01,1.160846E+00,nan
03:12.5,4.200187E+00,2.754087E-01,1.156768E+00,nan
03:13.5,4.200172E+00,2.750014E-01,1.155053E+00,nan
03:14.5,4.200192E+00,2.757351E-01,1.158140E+00,nan
03:15.5,4.200219E+00,2.753315E-01,1.156453E+00,nan
03:16.5,4.200204E+00,2.748116E-01,1.154265E+00,nan
03:17.5,4.200189E+00,2.739199E-01,1.150515E+00,nan
03:18.5,4.200207E+00,2.735024E-01,1.148767E+00,nan
03:19.5,4.200202E+00,2.739211E-01,1.150524E+00,nan
03:20.5,4.200199E+00,2.734809E-01,1.148674E+00,nan
03:21.5,4.200219E+00,2.728054E-01,1.145843E+00,nan
03:22.5,4.200204E+00,2.725056E-01,1.144579E+00,nan
03:23.5,4.200204E+00,2.726739E-01,1.145286E+00,nan
03:24.5,4.200207E+00,2.723880E-01,1.144086E+00,nan
03:25.5,4.200199E+00,2.718061E-01,1.141640E+00,nan
03:26.5,4.200219E+00,2.710472E-01,1.138458E+00,nan
03:27.5,4.200192E+00,2.710813E-01,1.138594E+00,nan
03:28.5,4.200202E+00,2.708878E-01,1.137783E+00,nan
03:29.5,4.200222E+00,2.705083E-01,1.136195E+00,nan
03:30.5,4.200202E+00,2.696102E-01,1.132417E+00,nan
03:31.5,4.200204E+00,2.699150E-01,1.133698E+00,nan
03:32.5,4.200202E+00,2.695217E-01,1.132045E+00,nan
03:33.5,4.200194E+00,2.692370E-01,1.130848E+00,nan
03:34.5,4.200209E+00,2.691839E-01,1.130629E+00,nan
03:35.5,4.200189E+00,2.684553E-01,1.127563E+00,nan
03:36.5,4.200209E+00,2.684629E-01,1.127600E+00,nan
03:37.5,4.200192E+00,2.678684E-01,1.125099E+00,nan
03:38.5,4.200197E+00,2.668842E-01,1.120966E+00,nan
03:39.5,4.200214E+00,2.675850E-01,1.123914E+00,nan
03:40.5,4.200212E+00,2.667641E-01,1.120466E+00,nan
03:41.5,4.200207E+00,2.663871E-01,1.118881E+00,nan
03:42.5,4.200197E+00,2.663555E-01,1.118745E+00,nan
03:43.5,4.200212E+00,2.664099E-01,1.118978E+00,nan
03:44.5,4.200197E+00,2.653195E-01,1.114394E+00,nan
03:45.5,4.200197E+00,2.653321E-01,1.114447E+00,nan
03:46.5,4.200194E+00,2.649451E-01,1.112821E+00,nan
03:47.5,4.200199E+00,2.645049E-01,1.110973E+00,nan
03:48.5,4.200224E+00,2.645403E-01,1.111128E+00,nan
03:49.5,4.200214E+00,2.639673E-01,1.108719E+00,nan
03:50.5,4.200219E+00,2.637472E-01,1.107796E+00,nan
03:51.5,4.200226E+00,2.637914E-01,1.107984E+00,nan
03:52.5,4.200219E+00,2.630148E-01,1.104720E+00,nan
03:53.5,4.200222E+00,2.632640E-01,1.105767E+00,nan
03:54.5,4.200209E+00,2.621091E-01,1.100913E+00,nan
03:55.5,4.200207E+00,2.620218E-01,1.100546E+00,nan
03:56.5,4.200212E+00,2.617536E-01,1.099421E+00,nan
03:57.5,4.200202E+00,2.617954E-01,1.099593E+00,nan
03:58.5,4.200219E+00,2.608656E-01,1.095693E+00,nan
03:59.5,4.200217E+00,2.606873E-01,1.094943E+00,nan
04:00.5,4.200217E+00,2.607328E-01,1.095134E+00,nan
04:01.5,4.200217E+00,2.602699E-01,1.093190E+00,nan
04:02.5,4.200207E+00,2.597133E-01,1.090849E+00,nan
04:03.5,4.200214E+00,2.593603E-01,1.089369E+00,nan
04:04.5,4.200204E+00,2.589518E-01,1.087650E+00,nan
04:05.5,4.200197E+00,2.587595E-01,1.086841E+00,nan
04:06.5,4.200192E+00,2.585533E-01,1.085973E+00,nan
04:07.5,4.200222E+00,2.585305E-01,1.085885E+00,nan
04:08.5,4.200229E+00,2.581991E-01,1.084495E+00,nan
04:09.5,4.200207E+00,2.578197E-01,1.082896E+00,nan
04:10.5,4.200229E+00,2.576514E-01,1.082195E+00,nan
04:11.5,4.200229E+00,2.571581E-01,1.080123E+00,nan
04:12.5,4.200232E+00,2.572454E-01,1.080490E+00,nan
04:13.5,4.200222E+00,2.565281E-01,1.077475E+00,nan
04:14.5,4.200226E+00,2.565990E-01,1.077774E+00,nan
04:15.5,4.200222E+00,2.560209E-01,1.075345E+00,nan
04:16.5,4.200207E+00,2.555465E-01,1.073348E+00,nan
04:17.5,4.200204E+00,2.548875E-01,1.070580E+00,nan
04:18.5,4.200222E+00,2.550013E-01,1.071062E+00,nan
04:19.5,4.200217E+00,2.543967E-01,1.068521E+00,nan
04:20.5,4.200226E+00,2.541817E-01,1.067620E+00,nan
04:21.5,4.200217E+00,2.542360E-01,1.067846E+00,nan
04:22.5,4.200222E+00,2.537819E-01,1.065940E+00,nan
04:23.5,4.200236E+00,2.534063E-01,1.064366E+00,nan
04:24.5,4.200234E+00,2.531836E-01,1.063430E+00,nan
04:25.5,4.200212E+00,2.521679E-01,1.059158E+00,nan
04:26.5,4.200212E+00,2.519819E-01,1.058377E+00,nan
04:27.5,4.200217E+00,2.520793E-01,1.058788E+00,nan
04:28.5,4.200214E+00,2.516201E-01,1.056858E+00,nan
04:29.5,4.200212E+00,2.514001E-01,1.055933E+00,nan
04:30.5,4.200217E+00,2.511255E-01,1.054782E+00,nan
04:31.5,4.200204E+00,2.510509E-01,1.054465E+00,nan
04:32.5,4.200212E+00,2.505045E-01,1.052172E+00,nan
04:33.5,4.200232E+00,2.505323E-01,1.052294E+00,nan
04:34.5,4.200209E+00,2.498745E-01,1.049525E+00,nan
04:35.5,4.200209E+00,2.496506E-01,1.048585E+00,nan
04:36.5,4.200229E+00,2.497113E-01,1.048845E+00,nan
04:37.5,4.200229E+00,2.491029E-01,1.046289E+00,nan
04:38.5,4.200219E+00,2.490928E-01,1.046244E+00,nan
04:39.5,4.200217E+00,2.483806E-01,1.043252E+00,nan
04:40.5,4.200222E+00,2.486058E-01,1.044199E+00,nan
04:41.5,4.200192E+00,2.479075E-01,1.041259E+00,nan
04:42.5,4.200187E+00,2.474990E-01,1.039542E+00,nan
04:43.5,4.200222E+00,2.472270E-01,1.038408E+00,nan
04:44.5,4.200204E+00,2.471789E-01,1.038202E+00,nan
04:45.5,4.200209E+00,2.468260E-01,1.036721E+00,nan
04:46.5,4.200222E+00,2.462479E-01,1.034296E+00,nan
04:47.5,4.200229E+00,2.464073E-01,1.034967E+00,nan
04:48.5,4.200217E+00,2.458141E-01,1.032472E+00,nan
04:49.5,4.200226E+00,2.453271E-01,1.030429E+00,nan
04:50.5,4.200229E+00,2.452322E-01,1.030031E+00,nan
04:51.5,4.200222E+00,2.448603E-01,1.028467E+00,nan
04:52.5,4.200224E+00,2.445226E-01,1.027049E+00,nan
04:53.5,4.200241E+00,2.443176E-01,1.026193E+00,nan
04:54.5,4.200232E+00,2.439293E-01,1.024560E+00,nan
04:55.5,4.200244E+00,2.440406E-01,1.025030E+00,nan
04:56.5,4.200229E+00,2.435308E-01,1.022885E+00,nan
04:57.5,4.200214E+00,2.429414E-01,1.020406E+00,nan
04:58.5,4.200209E+00,2.426783E-01,1.019299E+00,nan
04:59.5,4.200207E+00,2.422178E-01,1.017365E+00,nan
05:00.5,4.200217E+00,2.421192E-01,1.016953E+00,nan
05:01.5,4.200207E+00,2.419863E-01,1.016393E+00,nan
05:02.5,4.200214E+00,2.411274E-01,1.012787E+00,nan
05:03.5,4.200199E+00,2.410693E-01,1.012539E+00,nan
05:04.5,4.200209E+00,2.409213E-01,1.011920E+00,nan
05:05.5,4.200224E+00,2.406202E-01,1.010659E+00,nan
05:06.5,4.200207E+00,2.402243E-01,1.008992E+00,nan
05:07.5,4.200189E+00,2.393742E-01,1.005417E+00,nan
05:08.5,4.200204E+00,2.395197E-01,1.006032E+00,nan
05:09.5,4.200212E+00,2.395324E-01,1.006087E+00,nan
05:10.5,4.200184E+00,2.390023E-01,1.003854E+00,nan
05:11.5,4.200209E+00,2.388429E-01,1.003190E+00,nan
05:12.5,4.200219E+00,2.385596E-01,1.002003E+00,nan
05:13.5,4.200204E+00,2.380372E-01,9.998048E-01,nan
05:14.5,4.200202E+00,2.379815E-01,9.995704E-01,nan
05:15.5,4.200204E+00,2.377134E-01,9.984447E-01,nan
05:16.5,4.200222E+00,2.374237E-01,9.972321E-01,nan
05:17.5,4.200174E+00,2.367330E-01,9.943200E-01,nan
05:18.5,4.200202E+00,2.368013E-01,9.946133E-01,nan
05:19.5,4.200214E+00,2.366242E-01,9.938724E-01,nan
05:20.5,4.200202E+00,2.362612E-01,9.923447E-01,nan
05:21.5,4.200217E+00,2.359462E-01,9.910253E-01,nan
05:22.5,4.200194E+00,2.353998E-01,9.887248E-01,nan
05:23.5,4.200202E+00,2.354428E-01,9.889072E-01,nan
05:24.5,4.200212E+00,2.349229E-01,9.867258E-01,nan
05:25.5,4.200226E+00,2.344017E-01,9.845403E-01,nan
05:26.5,4.200214E+00,2.347104E-01,9.858338E-01,nan
05:27.5,4.200217E+00,2.344144E-01,9.845912E-01,nan
05:28.5,4.200192E+00,2.336225E-01,9.812594E-01,nan
05:29.5,4.200204E+00,2.334163E-01,9.803963E-01,nan
05:30.5,4.200219E+00,2.333936E-01,9.803041E-01,nan
05:31.5,4.200207E+00,2.330609E-01,9.789040E-01,nan
05:32.5,4.200232E+00,2.330154E-01,9.787185E-01,nan
05:33.5,4.200209E+00,2.323298E-01,9.758336E-01,nan
05:34.5,4.200217E+00,2.321438E-01,9.750543E-01,nan
05:35.5,4.200207E+00,2.318503E-01,9.738194E-01,nan
05:36.5,4.200226E+00,2.318630E-01,9.738770E-01,nan
05:37.5,4.200209E+00,2.312950E-01,9.714875E-01,nan
05:38.5,4.200222E+00,2.314848E-01,9.722873E-01,nan
05:39.5,4.200204E+00,2.306132E-01,9.686227E-01,nan
05:40.5,4.200209E+00,2.306486E-01,9.687725E-01,nan
05:41.5,4.200214E+00,2.302451E-01,9.670788E-01,nan
05:42.5,4.200209E+00,2.300212E-01,9.661372E-01,nan
05:43.5,4.200189E+00,2.298024E-01,9.652135E-01,nan
05:44.5,4.200194E+00,2.290940E-01,9.622394E-01,nan
05:45.5,4.200212E+00,2.291206E-01,9.623550E-01,nan
05:46.5,4.200194E+00,2.290991E-01,9.622607E-01,nan
05:47.5,4.200204E+00,2.287980E-01,9.609985E-01,nan
05:48.5,4.200212E+00,2.286842E-01,9.605220E-01,nan
05:49.5,4.200214E+00,2.280821E-01,9.579935E-01,nan
05:50.5,4.200197E+00,2.271764E-01,9.541854E-01,nan
05:51.5,4.200197E+00,2.270904E-01,9.538242E-01,nan
05:52.5,4.200192E+00,2.266717E-01,9.520645E-01,nan
05:53.5,4.200219E+00,2.269727E-01,9.533351E-01,nan
05:54.5,4.200229E+00,2.265085E-01,9.513875E-01,nan
05:55.5,4.200212E+00,2.260152E-01,9.493114E-01,nan
05:56.5,4.200207E+00,2.258899E-01,9.487844E-01,nan
05:57.5,4.200194E+00,2.256686E-01,9.478518E-01,nan
05:58.5,4.200204E+00,2.257483E-01,9.481888E-01,nan
05:59.5,4.200202E+00,2.252537E-01,9.461107E-01,nan
06:00.5,4.200209E+00,2.251676E-01,9.457512E-01,nan
06:01.5,4.200214E+00,2.248097E-01,9.442487E-01,nan
06:02.5,4.200209E+00,2.245668E-01,9.432275E-01,nan
06:03.5,4.200209E+00,2.246300E-01,9.434932E-01,nan
06:04.5,4.200212E+00,2.242999E-01,9.421070E-01,nan
06:05.5,4.200189E+00,2.233841E-01,9.382553E-01,nan
06:06.5,4.200177E+00,2.230716E-01,9.369403E-01,nan
06:07.5,4.200202E+00,2.230425E-01,9.368236E-01,nan
06:08.5,4.200204E+00,2.224543E-01,9.343537E-01,nan
06:09.5,4.200189E+00,2.221027E-01,9.328733E-01,nan
06:10.5,4.200204E+00,2.222456E-01,9.334770E-01,nan
06:11.5,4.200199E+00,2.223873E-01,9.340709E-01,nan
06:12.5,4.200207E+00,2.219509E-01,9.322396E-01,nan
06:13.5,4.200167E+00,2.212615E-01,9.293352E-01,nan
06:14.5,4.200187E+00,2.209364E-01,9.279741E-01,nan
06:15.5,4.200194E+00,2.209895E-01,9.281990E-01,nan
06:16.5,4.200194E+00,2.205506E-01,9.263554E-01,nan
06:17.5,4.200197E+00,2.197511E-01,9.229981E-01,nan
06:18.5,4.200194E+00,2.202888E-01,9.252556E-01,nan
06:19.5,4.200197E+00,2.199788E-01,9.239544E-01,nan
06:20.5,4.200184E+00,2.192591E-01,9.209286E-01,nan
06:21.5,4.200189E+00,2.192793E-01,9.210146E-01,nan
06:22.5,4.200199E+00,2.189239E-01,9.195239E-01,nan
06:23.5,4.200202E+00,2.187759E-01,9.189028E-01,nan
06:24.5,4.200184E+00,2.182294E-01,9.166038E-01,nan
06:25.5,4.200184E+00,2.177500E-01,9.145902E-01,nan
06:26.5,4.200187E+00,2.178563E-01,9.150370E-01,nan
06:27.5,4.200184E+00,2.168734E-01,9.109083E-01,nan
06:28.5,4.200197E+00,2.175324E-01,9.136791E-01,nan
06:29.5,4.200224E+00,2.173870E-01,9.130740E-01,nan
06:30.5,4.200197E+00,2.166419E-01,9.099387E-01,nan
06:31.5,4.200192E+00,2.162308E-01,9.082109E-01,nan
06:32.5,4.200192E+00,2.166432E-01,9.099430E-01,nan
06:33.5,4.200209E+00,2.159879E-01,9.071945E-01,nan
06:34.5,4.200202E+00,2.154314E-01,9.048551E-01,nan
06:35.5,4.200194E+00,2.152973E-01,9.042904E-01,nan
06:36.5,4.200209E+00,2.154959E-01,9.051278E-01,nan
06:37.5,4.200204E+00,2.146699E-01,9.016573E-01,nan
06:38.5,4.200199E+00,2.142120E-01,8.997329E-01,nan
06:39.5,4.200204E+00,2.146218E-01,9.014554E-01,nan
06:40.5,4.200199E+00,2.141323E-01,8.993981E-01,nan
06:41.5,4.200189E+00,2.135428E-01,8.969202E-01,nan
06:42.5,4.200172E+00,2.139286E-01,8.985369E-01,nan
06:43.5,4.200170E+00,2.132683E-01,8.957631E-01,nan
06:44.5,4.200184E+00,2.124891E-01,8.924934E-01,nan
06:45.5,4.200172E+00,2.128812E-01,8.941378E-01,nan
06:46.5,4.200167E+00,2.125359E-01,8.926863E-01,nan
06:47.5,4.200172E+00,2.123095E-01,8.917363E-01,nan
06:48.5,4.200164E+00,2.119414E-01,8.901887E-01,nan
06:49.5,4.200170E+00,2.116909E-01,8.891378E-01,nan
06:50.5,4.200182E+00,2.112343E-01,8.872224E-01,nan
06:51.5,4.200164E+00,2.107106E-01,8.850191E-01,nan
06:52.5,4.200157E+00,2.104690E-01,8.840028E-01,nan
06:53.5,4.200170E+00,2.108004E-01,8.853975E-01,nan
06:54.5,4.200180E+00,2.105879E-01,8.845070E-01,nan
06:55.5,4.200170E+00,2.102185E-01,8.829535E-01,nan
06:56.5,4.200162E+00,2.100187E-01,8.821124E-01,nan
06:57.5,4.200167E+00,2.093267E-01,8.792073E-01,nan
06:58.5,4.200172E+00,2.090763E-01,8.781563E-01,nan
06:59.5,4.200162E+00,2.093090E-01,8.791319E-01,nan
07:00.5,4.200187E+00,2.087714E-01,8.768790E-01,nan
07:01.5,4.200182E+00,2.089321E-01,8.775528E-01,nan
07:02.5,4.200177E+00,2.084792E-01,8.756496E-01,nan
07:03.5,4.200177E+00,2.081086E-01,8.740929E-01,nan
07:04.5,4.200184E+00,2.080327E-01,8.737757E-01,nan
07:05.5,4.200164E+00,2.075659E-01,8.718111E-01,nan
07:06.5,4.200167E+00,2.075166E-01,8.716045E-01,nan
07:07.5,4.200189E+00,2.072687E-01,8.705677E-01,nan
07:08.5,4.200180E+00,2.071207E-01,8.699441E-01,nan
07:09.5,4.200177E+00,2.067956E-01,8.685780E-01,nan
07:10.5,4.200174E+00,2.061100E-01,8.656979E-01,nan
07:11.5,4.200172E+00,2.063061E-01,8.665209E-01,nan
07:12.5,4.200172E+00,2.061151E-01,8.657187E-01,nan
07:13.5,4.200189E+00,2.055382E-01,8.632995E-01,nan
07:14.5,4.200184E+00,2.052195E-01,8.619596E-01,nan
07:15.5,4.200202E+00,2.054952E-01,8.631213E-01,nan
07:16.5,4.200202E+00,2.050373E-01,8.611981E-01,nan
07:17.5,4.200194E+00,2.048944E-01,8.605962E-01,nan
07:18.5,4.200199E+00,2.043555E-01,8.583338E-01,nan
07:19.5,4.200180E+00,2.044517E-01,8.587336E-01,nan
07:20.5,4.200199E+00,2.041557E-01,8.574944E-01,nan
07:21.5,4.200174E+00,2.037926E-01,8.559645E-01,nan
07:22.5,4.200172E+00,2.031956E-01,8.534563E-01,nan
07:23.5,4.200184E+00,2.031968E-01,8.534641E-01,nan
07:24.5,4.200172E+00,2.032044E-01,8.534935E-01,nan
07:25.5,4.200180E+00,2.031412E-01,8.532294E-01,nan
07:26.5,4.200197E+00,2.026795E-01,8.512937E-01,nan
07:27.5,4.200172E+00,2.018484E-01,8.477980E-01,nan
07:28.5,4.200170E+00,2.016232E-01,8.468518E-01,nan
07:29.5,4.200187E+00,2.019458E-01,8.482101E-01,nan
07:30.5,4.200184E+00,2.014702E-01,8.462119E-01,nan
07:31.5,4.200192E+00,2.011425E-01,8.448373E-01,nan
07:32.5,4.200189E+00,2.013083E-01,8.455328E-01,nan
07:33.5,4.200192E+00,2.008782E-01,8.437270E-01,nan
07:34.5,4.200192E+00,2.006492E-01,8.427653E-01,nan
07:35.5,4.200209E+00,2.001673E-01,8.407445E-01,nan
07:36.5,4.200204E+00,2.000775E-01,8.403663E-01,nan
07:37.5,4.200204E+00,1.998106E-01,8.392452E-01,nan
07:38.5,4.200182E+00,1.994614E-01,8.377744E-01,nan
07:39.5,4.200184E+00,1.992464E-01,8.368716E-01,nan
07:40.5,4.200214E+00,1.993856E-01,8.374620E-01,nan
07:41.5,4.200194E+00,1.985799E-01,8.340740E-01,nan
07:42.5,4.200204E+00,1.985280E-01,8.338581E-01,nan
07:43.5,4.200180E+00,1.980954E-01,8.320362E-01,nan
07:44.5,4.200184E+00,1.979942E-01,8.316121E-01,nan
07:45.5,4.200182E+00,1.979183E-01,8.312929E-01,nan
07:46.5,4.200189E+00,1.977007E-01,8.303805E-01,nan
07:47.5,4.200202E+00,1.974958E-01,8.295223E-01,nan
07:48.5,4.200174E+00,1.969823E-01,8.273599E-01,nan
07:49.5,4.200177E+00,1.966471E-01,8.259525E-01,nan
07:50.5,4.200182E+00,1.964245E-01,8.250185E-01,nan
07:51.5,4.200217E+00,1.964282E-01,8.250412E-01,nan
07:52.5,4.200192E+00,1.960488E-01,8.234425E-01,nan
07:53.5,4.200199E+00,1.959096E-01,8.228595E-01,nan
07:54.5,4.200204E+00,1.957439E-01,8.221645E-01,nan
07:55.5,4.200212E+00,1.954150E-01,8.207845E-01,nan
07:56.5,4.200202E+00,1.952139E-01,8.199378E-01,nan
07:57.5,4.200192E+00,1.947927E-01,8.181668E-01,nan
07:58.5,4.200212E+00,1.945751E-01,8.172568E-01,nan
07:59.5,4.200189E+00,1.938478E-01,8.141975E-01,nan
08:00.5,4.200177E+00,1.938352E-01,8.141420E-01,nan
08:01.5,4.200192E+00,1.939946E-01,8.148144E-01,nan
08:02.5,4.200207E+00,1.936189E-01,8.132393E-01,nan
08:03.5,4.200187E+00,1.932217E-01,8.115672E-01,nan
08:04.5,4.200209E+00,1.932976E-01,8.118903E-01,nan
08:05.5,4.200202E+00,1.929814E-01,8.105606E-01,nan
08:06.5,4.200212E+00,1.926259E-01,8.090696E-01,nan
08:07.5,4.200170E+00,1.922983E-01,8.076855E-01,nan
08:08.5,4.200184E+00,1.918088E-01,8.056323E-01,nan
08:09.5,4.200182E+00,1.918834E-01,8.059453E-01,nan
08:10.5,4.200170E+00,1.914129E-01,8.039665E-01,nan
08:11.5,4.200180E+00,1.914508E-01,8.041278E-01,nan
08:12.5,4.200174E+00,1.915077E-01,8.043659E-01,nan
08:13.5,4.200197E+00,1.909853E-01,8.021759E-01,nan
08:14.5,4.200189E+00,1.911498E-01,8.028652E-01,nan
08:15.5,4.200182E+00,1.904199E-01,7.997983E-01,nan
08:16.5,4.200180E+00,1.905300E-01,8.002600E-01,nan
08:17.5,4.200177E+00,1.903238E-01,7.993935E-01,nan
08:18.5,4.200184E+00,1.899291E-01,7.977373E-01,nan
08:19.5,4.200162E+00,1.890930E-01,7.942213E-01,nan
08:20.5,4.200189E+00,1.895952E-01,7.963357E-01,nan
08:21.5,4.200172E+00,1.893966E-01,7.954982E-01,nan
08:22.5,4.200172E+00,1.889109E-01,7.934581E-01,nan
08:23.5,4.200174E+00,1.882266E-01,7.905843E-01,nan
08:24.5,4.200170E+00,1.880659E-01,7.899087E-01,nan
08:25.5,4.200177E+00,1.882620E-01,7.907335E-01,nan
08:26.5,4.200152E+00,1.875245E-01,7.876315E-01,nan
08:27.5,4.200172E+00,1.874271E-01,7.872262E-01,nan
08:28.5,4.200180E+00,1.874803E-01,7.874507E-01,nan
08:29.5,4.200192E+00,1.873917E-01,7.870812E-01,nan
08:30.5,4.200174E+00,1.872931E-01,7.866635E-01,nan
08:31.5,4.200155E+00,1.864620E-01,7.831693E-01,nan
08:32.5,4.200174E+00,1.868124E-01,7.846446E-01,nan
08:33.5,4.200172E+00,1.865341E-01,7.834753E-01,nan
08:34.5,4.200184E+00,1.860522E-01,7.814534E-01,nan
08:35.5,4.200187E+00,1.860446E-01,7.814219E-01,nan
08:36.5,4.200180E+00,1.857385E-01,7.801349E-01,nan
08:37.5,4.200192E+00,1.856208E-01,7.796431E-01,nan
08:38.5,4.200184E+00,1.852540E-01,7.781010E-01,nan
08:39.5,4.200172E+00,1.850390E-01,7.771955E-01,nan
08:40.5,4.200184E+00,1.850415E-01,7.772084E-01,nan
08:41.5,4.200187E+00,1.850301E-01,7.771610E-01,nan
08:42.5,4.200177E+00,1.842522E-01,7.738918E-01,nan
08:43.5,4.200192E+00,1.842547E-01,7.739052E-01,nan
08:44.5,4.200180E+00,1.841029E-01,7.732654E-01,nan
08:45.5,4.200167E+00,1.839575E-01,7.726521E-01,nan
08:46.5,4.200182E+00,1.831188E-01,7.691324E-01,nan
08:47.5,4.200174E+00,1.832137E-01,7.695295E-01,nan
08:48.5,4.200182E+00,1.830771E-01,7.689571E-01,nan
08:49.5,4.200187E+00,1.832732E-01,7.697815E-01,nan
08:50.5,4.200172E+00,1.823650E-01,7.659642E-01,nan
08:51.5,4.200187E+00,1.826521E-01,7.671729E-01,nan
08:52.5,4.200189E+00,1.825926E-01,7.669236E-01,nan
08:53.5,4.200202E+00,1.819222E-01,7.641100E-01,nan
08:54.5,4.200187E+00,1.821512E-01,7.650690E-01,nan
08:55.5,4.200194E+00,1.817856E-01,7.635349E-01,nan
08:56.5,4.200187E+00,1.813189E-01,7.615731E-01,nan
08:57.5,4.200202E+00,1.811683E-01,7.609436E-01,nan
08:58.5,4.200202E+00,1.811177E-01,7.607310E-01,nan
08:59.5,4.200209E+00,1.810406E-01,7.604083E-01,nan
09:00.5,4.200182E+00,1.807535E-01,7.591974E-01,nan
09:01.5,4.200212E+00,1.803854E-01,7.576567E-01,nan
09:02.5,4.200192E+00,1.802918E-01,7.572600E-01,nan
09:03.5,4.200182E+00,1.798680E-01,7.554784E-01,nan
09:04.5,4.200164E+00,1.794746E-01,7.538229E-01,nan
09:05.5,4.200189E+00,1.790774E-01,7.521591E-01,nan
09:06.5,4.200192E+00,1.793077E-01,7.531266E-01,nan
09:07.5,4.200192E+00,1.790129E-01,7.518886E-01,nan
09:08.5,4.200202E+00,1.790066E-01,7.518638E-01,nan
09:09.5,4.200199E+00,1.789155E-01,7.514809E-01,nan
09:10.5,4.200192E+00,1.783375E-01,7.490516E-01,nan
09:11.5,4.200189E+00,1.784172E-01,7.493858E-01,nan
09:12.5,4.200184E+00,1.780149E-01,7.476955E-01,nan
09:13.5,4.200202E+00,1.781009E-01,7.480598E-01,nan
09:14.5,4.200204E+00,1.773761E-01,7.450160E-01,nan
09:15.5,4.200187E+00,1.768398E-01,7.427602E-01,nan
09:16.5,4.200189E+00,1.771118E-01,7.439029E-01,nan
09:17.5,4.200189E+00,1.767412E-01,7.423463E-01,nan
09:18.5,4.200202E+00,1.768854E-01,7.429541E-01,nan
09:19.5,4.200189E+00,1.766779E-01,7.420806E-01,nan
09:20.5,4.200197E+00,1.759948E-01,7.392130E-01,nan
09:21.5,4.200212E+00,1.764097E-01,7.409582E-01,nan
09:22.5,4.200192E+00,1.760809E-01,7.395734E-01,nan
09:23.5,4.200182E+00,1.751980E-01,7.358633E-01,nan
09:24.5,4.200209E+00,1.752928E-01,7.362665E-01,nan
09:25.5,4.200189E+00,1.747375E-01,7.339307E-01,nan
09:26.5,4.200194E+00,1.749551E-01,7.348454E-01,nan
09:27.5,4.200174E+00,1.750360E-01,7.351819E-01,nan
09:28.5,4.200189E+00,1.748691E-01,7.344832E-01,nan
09:29.5,4.200214E+00,1.747249E-01,7.338819E-01,nan
09:30.5,4.200189E+00,1.742328E-01,7.318108E-01,nan
09:31.5,4.200197E+00,1.740987E-01,7.312490E-01,nan
09:32.5,4.200180E+00,1.740975E-01,7.312407E-01,nan
09:33.5,4.200197E+00,1.740671E-01,7.311162E-01,nan
09:34.5,4.200197E+00,1.734283E-01,7.284332E-01,nan
09:35.5,4.200182E+00,1.730830E-01,7.269802E-01,nan
09:36.5,4.200202E+00,1.731020E-01,7.270632E-01,nan
09:37.5,4.200177E+00,1.726896E-01,7.253270E-01,nan
09:38.5,4.200192E+00,1.728730E-01,7.261000E-01,nan
09:39.5,4.200202E+00,1.719016E-01,7.220214E-01,nan
09:40.5,4.200192E+00,1.720331E-01,7.225722E-01,nan
09:41.5,4.200219E+00,1.722153E-01,7.233420E-01,nan
09:42.5,4.200207E+00,1.719193E-01,7.220966E-01,nan
09:43.5,4.200222E+00,1.718232E-01,7.216954E-01,nan
09:44.5,4.200219E+00,1.715006E-01,7.203402E-01,nan
09:45.5,4.200209E+00,1.707530E-01,7.171985E-01,nan
09:46.5,4.200229E+00,1.713400E-01,7.196672E-01,nan
09:47.5,4.200207E+00,1.706417E-01,7.167306E-01,nan
09:48.5,4.200219E+00,1.707556E-01,7.172109E-01,nan
09:49.5,4.200222E+00,1.704646E-01,7.159893E-01,nan
09:50.5,4.200212E+00,1.704925E-01,7.161045E-01,nan
09:51.5,4.200207E+00,1.696918E-01,7.127406E-01,nan
09:52.5,4.200207E+00,1.700396E-01,7.142016E-01,nan
09:53.5,4.200202E+00,1.694249E-01,7.116187E-01,nan
09:54.5,4.200212E+00,1.694907E-01,7.118966E-01,nan
09:55.5,4.200224E+00,1.692693E-01,7.109690E-01,nan
09:56.5,4.200197E+00,1.686988E-01,7.085683E-01,nan
09:57.5,4.200194E+00,1.689910E-01,7.097952E-01,nan
09:58.5,4.200192E+00,1.685142E-01,7.077918E-01,nan
09:59.5,4.200192E+00,1.681587E-01,7.062989E-01,nan
10:00.5,4.200202E+00,1.683737E-01,7.072037E-01,nan
10:01.5,4.200180E+00,1.676616E-01,7.042089E-01,nan
10:02.5,4.200207E+00,1.677856E-01,7.047341E-01,nan
10:03.5,4.200197E+00,1.674668E-01,7.033935E-01,nan
10:04.5,4.200214E+00,1.673340E-01,7.028386E-01,nan
10:05.5,4.200207E+00,1.667597E-01,7.004253E-01,nan
10:06.5,4.200214E+00,1.671873E-01,7.022222E-01,nan
10:07.5,4.200202E+00,1.667167E-01,7.002438E-01,nan
10:08.5,4.200189E+00,1.663145E-01,6.985522E-01,nan
10:09.5,4.200194E+00,1.663550E-01,6.987231E-01,nan
10:10.5,4.200207E+00,1.656997E-01,6.959731E-01,nan
10:11.5,4.200222E+00,1.661361E-01,6.978085E-01,nan
10:12.5,4.200209E+00,1.656529E-01,6.957770E-01,nan
10:13.5,4.200214E+00,1.654872E-01,6.950817E-01,nan
10:14.5,4.200197E+00,1.651052E-01,6.934744E-01,nan
10:15.5,4.200217E+00,1.649800E-01,6.929517E-01,nan
10:16.5,4.200199E+00,1.648510E-01,6.924069E-01,nan
10:17.5,4.200219E+00,1.647763E-01,6.920967E-01,nan
10:18.5,4.200202E+00,1.643007E-01,6.900962E-01,nan
10:19.5,4.200187E+00,1.640844E-01,6.891853E-01,nan
10:20.5,4.200182E+00,1.642008E-01,6.896733E-01,nan
10:21.5,4.200187E+00,1.639213E-01,6.884999E-01,nan
10:22.5,4.200197E+00,1.638201E-01,6.880765E-01,nan
10:23.5,4.200182E+00,1.629599E-01,6.844614E-01,nan
10:24.5,4.200184E+00,1.632142E-01,6.855296E-01,nan
10:25.5,4.200192E+00,1.628853E-01,6.841495E-01,nan
10:26.5,4.200189E+00,1.628296E-01,6.839153E-01,nan
10:27.5,4.200192E+00,1.624666E-01,6.823910E-01,nan
10:28.5,4.200194E+00,1.625476E-01,6.827313E-01,nan
10:29.5,4.200197E+00,1.624426E-01,6.822908E-01,nan
10:30.5,4.200199E+00,1.620631E-01,6.806973E-01,nan
10:31.5,4.200194E+00,1.618658E-01,6.798677E-01,nan
10:32.5,4.200197E+00,1.617153E-01,6.792359E-01,nan
10:33.5,4.200204E+00,1.615964E-01,6.787377E-01,nan
10:34.5,4.200219E+00,1.613535E-01,6.777200E-01,nan
10:35.5,4.200209E+00,1.616444E-01,6.789403E-01,nan
10:36.5,4.200217E+00,1.612207E-01,6.771618E-01,nan
10:37.5,4.200214E+00,1.605781E-01,6.744624E-01,nan
10:38.5,4.200204E+00,1.605326E-01,6.742696E-01,nan
10:39.5,4.200209E+00,1.603352E-01,6.734415E-01,nan
10:40.5,4.200202E+00,1.602290E-01,6.729940E-01,nan
10:41.5,4.200202E+00,1.599279E-01,6.717296E-01,nan
10:42.5,4.200212E+00,1.597470E-01,6.709714E-01,nan
10:43.5,4.200229E+00,1.596610E-01,6.706130E-01,nan
10:44.5,4.200214E+00,1.595662E-01,6.702120E-01,nan
10:45.5,4.200217E+00,1.594460E-01,6.697078E-01,nan
10:46.5,4.200199E+00,1.593309E-01,6.692215E-01,nan
10:47.5,4.200202E+00,1.586124E-01,6.662042E-01,nan
10:48.5,4.200207E+00,1.582696E-01,6.647652E-01,nan
10:49.5,4.200226E+00,1.584745E-01,6.656290E-01,nan
10:50.5,4.200209E+00,1.585517E-01,6.659503E-01,nan
10:51.5,4.200209E+00,1.580331E-01,6.637720E-01,nan
10:52.5,4.200197E+00,1.579458E-01,6.634035E-01,nan
10:53.5,4.200199E+00,1.577181E-01,6.624476E-01,nan
10:54.5,4.200207E+00,1.577384E-01,6.625338E-01,nan
10:55.5,4.200192E+00,1.572691E-01,6.605604E-01,nan
10:56.5,4.200182E+00,1.567226E-01,6.582636E-01,nan
10:57.5,4.200197E+00,1.568491E-01,6.587972E-01,nan
10:58.5,4.200204E+00,1.568061E-01,6.586178E-01,nan
10:59.5,4.200197E+00,1.566063E-01,6.577772E-01,nan
11:00.5,4.200187E+00,1.558714E-01,6.546888E-01,nan
11:01.5,4.200172E+00,1.557917E-01,6.543518E-01,nan
11:02.5,4.200189E+00,1.559106E-01,6.548539E-01,nan
11:03.5,4.200192E+00,1.557626E-01,6.542328E-01,nan
11:04.5,4.200226E+00,1.557841E-01,6.543284E-01,nan
11:05.5,4.200212E+00,1.556753E-01,6.538692E-01,nan
11:06.5,4.200202E+00,1.552300E-01,6.519975E-01,nan
11:07.5,4.200226E+00,1.554147E-01,6.527770E-01,nan
11:08.5,4.200204E+00,1.548443E-01,6.503775E-01,nan
11:09.5,4.200204E+00,1.546646E-01,6.496231E-01,nan
11:10.5,4.200209E+00,1.545647E-01,6.492041E-01,nan
11:11.5,4.200219E+00,1.543307E-01,6.482228E-01,nan
11:12.5,4.200229E+00,1.545268E-01,6.490478E-01,nan
11:13.5,4.200194E+00,1.536679E-01,6.454350E-01,nan
11:14.5,4.200199E+00,1.538146E-01,6.460520E-01,nan
11:15.5,4.200197E+00,1.538968E-01,6.463969E-01,nan
11:16.5,4.200202E+00,1.536451E-01,6.453404E-01,nan
11:17.5,4.200187E+00,1.533883E-01,6.442597E-01,nan
11:18.5,4.200214E+00,1.529798E-01,6.425477E-01,nan
11:19.5,4.200219E+00,1.529545E-01,6.424423E-01,nan
11:20.5,4.200207E+00,1.528988E-01,6.422066E-01,nan
11:21.5,4.200204E+00,1.522626E-01,6.395339E-01,nan
11:22.5,4.200207E+00,1.523890E-01,6.400655E-01,nan
11:23.5,4.200207E+00,1.525345E-01,6.406765E-01,nan
11:24.5,4.200214E+00,1.524042E-01,6.401304E-01,nan
11:25.5,4.200180E+00,1.522259E-01,6.393760E-01,nan
11:26.5,4.200204E+00,1.514391E-01,6.360752E-01,nan
11:27.5,4.200209E+00,1.517705E-01,6.374679E-01,nan
11:28.5,4.200209E+00,1.515833E-01,6.366816E-01,nan
11:29.5,4.200224E+00,1.515517E-01,6.365510E-01,nan
11:30.5,4.200204E+00,1.510596E-01,6.344813E-01,nan
11:31.5,4.200214E+00,1.507763E-01,6.332927E-01,nan
11:32.5,4.200209E+00,1.505322E-01,6.322665E-01,nan
11:33.5,4.200187E+00,1.506549E-01,6.327785E-01,nan
11:34.5,4.200182E+00,1.499794E-01,6.299408E-01,nan
11:35.5,4.200184E+00,1.494494E-01,6.277150E-01,nan
11:36.5,4.200204E+00,1.495392E-01,6.280952E-01,nan
11:37.5,4.200187E+00,1.495228E-01,6.280235E-01,nan
11:38.5,4.200184E+00,1.496632E-01,6.286129E-01,nan
11:39.5,4.200199E+00,1.491800E-01,6.265856E-01,nan
11:40.5,4.200199E+00,1.490687E-01,6.261180E-01,nan
11:41.5,4.200194E+00,1.490763E-01,6.261492E-01,nan
11:42.5,4.200209E+00,1.487360E-01,6.247222E-01,nan
11:43.5,4.200222E+00,1.485513E-01,6.239484E-01,nan
11:44.5,4.200217E+00,1.484868E-01,6.236767E-01,nan
11:45.5,4.200207E+00,1.484236E-01,6.234096E-01,nan
11:46.5,4.200209E+00,1.481933E-01,6.224430E-01,nan
11:47.5,4.200217E+00,1.478505E-01,6.210043E-01,nan
11:48.5,4.200189E+00,1.478341E-01,6.209312E-01,nan
11:49.5,4.200187E+00,1.474192E-01,6.191882E-01,nan
11:50.5,4.200204E+00,1.471789E-01,6.181813E-01,nan
11:51.5,4.200177E+00,1.468057E-01,6.166100E-01,nan
11:52.5,4.200184E+00,1.468083E-01,6.166218E-01,nan
11:53.5,4.200172E+00,1.466527E-01,6.159665E-01,nan
11:54.5,4.200184E+00,1.466173E-01,6.158195E-01,nan
11:55.5,4.200192E+00,1.465844E-01,6.156825E-01,nan
11:56.5,4.200184E+00,1.463972E-01,6.148951E-01,nan
11:57.5,4.200212E+00,1.463023E-01,6.145006E-01,nan
11:58.5,4.200187E+00,1.455130E-01,6.111818E-01,nan
11:59.5,4.200202E+00,1.459873E-01,6.131762E-01,nan
12:00.5,4.200189E+00,1.453688E-01,6.105764E-01,nan
12:01.5,4.200177E+00,1.455370E-01,6.112812E-01,nan
12:02.5,4.200194E+00,1.455699E-01,6.114219E-01,nan
12:03.5,4.200199E+00,1.456154E-01,6.116139E-01,nan
12:04.5,4.200209E+00,1.454194E-01,6.107918E-01,nan
12:05.5,4.200192E+00,1.444707E-01,6.068047E-01,nan
12:06.5,4.200192E+00,1.444328E-01,6.066453E-01,nan
12:07.5,4.200184E+00,1.447540E-01,6.079936E-01,nan
12:08.5,4.200174E+00,1.443822E-01,6.064303E-01,nan
12:09.5,4.200184E+00,1.438382E-01,6.041471E-01,nan
12:10.5,4.200197E+00,1.439622E-01,6.046696E-01,nan
12:11.5,4.200209E+00,1.435511E-01,6.029447E-01,nan
12:12.5,4.200202E+00,1.436156E-01,6.032145E-01,nan
12:13.5,4.200192E+00,1.436915E-01,6.035319E-01,nan
12:14.5,4.200209E+00,1.435283E-01,6.028491E-01,nan
12:15.5,4.200199E+00,1.434575E-01,6.025501E-01,nan
12:16.5,4.200202E+00,1.430059E-01,6.006538E-01,nan
12:17.5,4.200182E+00,1.426480E-01,5.991474E-01,nan
12:18.5,4.200187E+00,1.424683E-01,5.983937E-01,nan
12:19.5,4.200177E+00,1.423532E-01,5.979088E-01,nan
12:20.5,4.200204E+00,1.423077E-01,5.977214E-01,nan
12:21.5,4.200202E+00,1.423431E-01,5.978698E-01,nan
12:22.5,4.200192E+00,1.419346E-01,5.961524E-01,nan
12:23.5,4.200202E+00,1.419093E-01,5.960475E-01,nan
12:24.5,4.200204E+00,1.415045E-01,5.943477E-01,nan
12:25.5,4.200217E+00,1.415728E-01,5.946364E-01,nan
12:26.5,4.200219E+00,1.413438E-01,5.936751E-01,nan
12:27.5,4.200204E+00,1.411996E-01,5.930673E-01,nan
12:28.5,4.200204E+00,1.408455E-01,5.915797E-01,nan
12:29.5,4.200202E+00,1.407734E-01,5.912765E-01,nan
12:30.5,4.200187E+00,1.407999E-01,5.913860E-01,nan
12:31.5,4.200194E+00,1.403914E-01,5.896710E-01,nan
12:32.5,4.200182E+00,1.403306E-01,5.894142E-01,nan
12:33.5,4.200184E+00,1.398892E-01,5.875604E-01,nan
12:34.5,4.200209E+00,1.402548E-01,5.890993E-01,nan
12:35.5,4.200199E+00,1.396223E-01,5.864415E-01,nan
12:36.5,4.200199E+00,1.394692E-01,5.857986E-01,nan
12:37.5,4.200214E+00,1.392175E-01,5.847434E-01,nan
12:38.5,4.200192E+00,1.396400E-01,5.865148E-01,nan
12:39.5,4.200189E+00,1.392049E-01,5.846868E-01,nan
12:40.5,4.200180E+00,1.390012E-01,5.838301E-01,nan
12:41.5,4.200189E+00,1.385699E-01,5.820197E-01,nan
12:42.5,4.200204E+00,1.387141E-01,5.826275E-01,nan
12:43.5,4.200209E+00,1.389279E-01,5.835261E-01,nan
12:44.5,4.200189E+00,1.384232E-01,5.814034E-01,nan
12:45.5,4.200197E+00,1.382246E-01,5.805704E-01,nan
12:46.5,4.200187E+00,1.378565E-01,5.790230E-01,nan
12:47.5,4.200204E+00,1.376731E-01,5.782550E-01,nan
12:48.5,4.200189E+00,1.377237E-01,5.784654E-01,nan
12:49.5,4.200189E+00,1.375504E-01,5.777376E-01,nan
12:50.5,4.200187E+00,1.375542E-01,5.777532E-01,nan
12:51.5,4.200199E+00,1.369837E-01,5.753588E-01,nan
12:52.5,4.200187E+00,1.370204E-01,5.755111E-01,nan
12:53.5,4.200192E+00,1.364739E-01,5.732167E-01,nan
12:54.5,4.200207E+00,1.369862E-01,5.753704E-01,nan
12:55.5,4.200204E+00,1.364916E-01,5.732928E-01,nan
12:56.5,4.200202E+00,1.363828E-01,5.728354E-01,nan
12:57.5,4.200194E+00,1.361893E-01,5.720216E-01,nan
12:58.5,4.200187E+00,1.362361E-01,5.722171E-01,nan
12:59.5,4.200177E+00,1.356657E-01,5.698197E-01,nan
13:00.5,4.200180E+00,1.356391E-01,5.697085E-01,nan
13:01.5,4.200202E+00,1.353241E-01,5.683886E-01,nan
13:02.5,4.200199E+00,1.356416E-01,5.697218E-01,nan
13:03.5,4.200194E+00,1.351875E-01,5.678138E-01,nan
13:04.5,4.200219E+00,1.354101E-01,5.687522E-01,nan
13:05.5,4.200219E+00,1.353077E-01,5.683219E-01,nan
13:06.5,4.200217E+00,1.349801E-01,5.669455E-01,nan
13:07.5,4.200209E+00,1.345285E-01,5.650478E-01,nan
13:08.5,4.200204E+00,1.347031E-01,5.657804E-01,nan
13:09.5,4.200222E+00,1.337835E-01,5.619202E-01,nan
13:10.5,4.200217E+00,1.345348E-01,5.650754E-01,nan
13:11.5,4.200219E+00,1.342262E-01,5.637793E-01,nan
13:12.5,4.200222E+00,1.342540E-01,5.638966E-01,nan
13:13.5,4.200232E+00,1.336620E-01,5.614115E-01,nan
13:14.5,4.200217E+00,1.339466E-01,5.626049E-01,nan
13:15.5,4.200209E+00,1.337240E-01,5.616688E-01,nan
13:16.5,4.200209E+00,1.332788E-01,5.597987E-01,nan
13:17.5,4.200194E+00,1.330384E-01,5.587873E-01,nan
13:18.5,4.200194E+00,1.330966E-01,5.590316E-01,nan
13:19.5,4.200187E+00,1.324502E-01,5.563157E-01,nan
13:20.5,4.200194E+00,1.326020E-01,5.569543E-01,nan
13:21.5,4.200202E+00,1.325982E-01,5.569393E-01,nan
13:22.5,4.200184E+00,1.317330E-01,5.533030E-01,nan
13:23.5,4.200197E+00,1.320809E-01,5.547657E-01,nan
13:24.5,4.200197E+00,1.316862E-01,5.531081E-01,nan
13:25.5,4.200222E+00,1.321075E-01,5.548806E-01,nan
13:26.5,4.200212E+00,1.317798E-01,5.535032E-01,nan
13:27.5,4.200207E+00,1.317887E-01,5.535397E-01,nan
13:28.5,4.200222E+00,1.314940E-01,5.523038E-01,nan
13:29.5,4.200197E+00,1.307907E-01,5.493466E-01,nan
13:33.5,4.200207E+00,1.312106E-01,5.511118E-01,nan
13:34.5,4.200207E+00,1.309627E-01,5.500704E-01,nan
13:35.5,4.200199E+00,1.308729E-01,5.496922E-01,nan
13:36.5,4.200194E+00,1.305794E-01,5.484590E-01,nan
13:37.5,4.200194E+00,1.308046E-01,5.494047E-01,nan
13:38.5,4.200219E+00,1.297079E-01,5.448017E-01,nan
13:39.5,4.200204E+00,1.301089E-01,5.464839E-01,nan
13:40.5,4.200192E+00,1.297977E-01,5.451754E-01,nan
13:41.5,4.200194E+00,1.293854E-01,5.434436E-01,nan
13:42.5,4.200192E+00,1.299052E-01,5.456269E-01,nan
13:43.5,4.200187E+00,1.297737E-01,5.450737E-01,nan
13:44.5,4.200212E+00,1.292285E-01,5.427870E-01,nan
13:45.5,4.200189E+00,1.293335E-01,5.432251E-01,nan
13:46.5,4.200177E+00,1.291324E-01,5.423788E-01,nan
13:47.5,4.200197E+00,1.291298E-01,5.423707E-01,nan
13:48.5,4.200192E+00,1.287643E-01,5.408347E-01,nan
13:49.5,4.200182E+00,1.284190E-01,5.393830E-01,nan
13:50.5,4.200197E+00,1.283532E-01,5.391087E-01,nan
13:51.5,4.200204E+00,1.282596E-01,5.387165E-01,nan
13:52.5,4.200204E+00,1.285821E-01,5.400712E-01,nan
13:53.5,4.200199E+00,1.284190E-01,5.393852E-01,nan
13:54.5,4.200180E+00,1.280471E-01,5.378207E-01,nan
13:55.5,4.200182E+00,1.280420E-01,5.377998E-01,nan
13:56.5,4.200194E+00,1.277561E-01,5.366007E-01,nan
13:57.5,4.200207E+00,1.276056E-01,5.359700E-01,nan
13:58.5,4.200174E+00,1.271439E-01,5.340267E-01,nan
13:59.5,4.200177E+00,1.269896E-01,5.333788E-01,nan
14:00.5,4.200209E+00,1.273147E-01,5.347484E-01,nan
14:01.5,4.200174E+00,1.268555E-01,5.328154E-01,nan
14:02.5,4.200182E+00,1.269643E-01,5.332732E-01,nan
14:03.5,4.200187E+00,1.267822E-01,5.325088E-01,nan
14:04.5,4.200189E+00,1.268049E-01,5.326047E-01,nan
14:05.5,4.200180E+00,1.264242E-01,5.310043E-01,nan
14:06.5,4.200192E+00,1.262610E-01,5.303205E-01,nan
14:07.5,4.200202E+00,1.260941E-01,5.296205E-01,nan
14:08.5,4.200197E+00,1.259284E-01,5.289239E-01,nan
14:09.5,4.200182E+00,1.257411E-01,5.281357E-01,nan
14:10.5,4.200180E+00,1.254490E-01,5.269081E-01,nan
14:11.5,4.200184E+00,1.253604E-01,5.265368E-01,nan
14:12.5,4.200192E+00,1.251732E-01,5.257515E-01,nan
14:13.5,4.200202E+00,1.248848E-01,5.245413E-01,nan
14:14.5,4.200199E+00,1.249518E-01,5.248226E-01,nan
14:15.5,4.200197E+00,1.248026E-01,5.241954E-01,nan
14:16.5,4.200204E+00,1.245964E-01,5.233304E-01,nan
14:17.5,4.200182E+00,1.245597E-01,5.231735E-01,nan
14:18.5,4.200202E+00,1.243649E-01,5.223577E-01,nan
14:19.5,4.200204E+00,1.247431E-01,5.239466E-01,nan
14:20.5,4.200209E+00,1.240487E-01,5.210305E-01,nan
14:21.5,4.200204E+00,1.241727E-01,5.215505E-01,nan
14:22.5,4.200217E+00,1.240032E-01,5.208401E-01,nan
14:23.5,4.200184E+00,1.232910E-01,5.178450E-01,nan
14:24.5,4.200192E+00,1.236085E-01,5.191794E-01,nan
14:25.5,4.200180E+00,1.231418E-01,5.172175E-01,nan
14:26.5,4.200180E+00,1.227787E-01,5.156927E-01,nan
14:27.5,4.200199E+00,1.231304E-01,5.171721E-01,nan
14:28.5,4.200199E+00,1.230304E-01,5.167523E-01,nan
14:29.5,4.200199E+00,1.227762E-01,5.156844E-01,nan
14:30.5,4.200197E+00,1.226143E-01,5.150041E-01,nan
14:31.5,4.200192E+00,1.221716E-01,5.131440E-01,nan
14:32.5,4.200207E+00,1.224562E-01,5.143412E-01,nan
14:33.5,4.200214E+00,1.221387E-01,5.130085E-01,nan
14:34.5,4.200199E+00,1.221121E-01,5.128952E-01,nan
14:35.5,4.200209E+00,1.220969E-01,5.128327E-01,nan
14:36.5,4.200202E+00,1.218364E-01,5.117373E-01,nan
14:37.5,4.200182E+00,1.213013E-01,5.094875E-01,nan
14:38.5,4.200182E+00,1.213595E-01,5.097319E-01,nan
14:39.5,4.200202E+00,1.215366E-01,5.104781E-01,nan
14:40.5,4.200194E+00,1.213165E-01,5.095528E-01,nan
14:41.5,4.200202E+00,1.209686E-01,5.080926E-01,nan
14:42.5,4.200187E+00,1.208459E-01,5.075755E-01,nan
14:43.5,4.200202E+00,1.210736E-01,5.085336E-01,nan
14:44.5,4.200187E+00,1.207081E-01,5.069964E-01,nan
14:45.5,4.200212E+00,1.209294E-01,5.079291E-01,nan
14:46.5,4.200189E+00,1.207511E-01,5.071773E-01,nan
14:47.5,4.200189E+00,1.203665E-01,5.055622E-01,nan
14:48.5,4.200197E+00,1.199516E-01,5.038205E-01,nan
14:49.5,4.200197E+00,1.199845E-01,5.039586E-01,nan
14:50.5,4.200184E+00,1.203273E-01,5.053969E-01,nan
14:51.5,4.200194E+00,1.199390E-01,5.037671E-01,nan
14:52.5,4.200182E+00,1.196519E-01,5.025596E-01,nan
14:53.5,4.200184E+00,1.196164E-01,5.024111E-01,nan
14:54.5,4.200209E+00,1.192977E-01,5.010752E-01,nan
14:55.5,4.200187E+00,1.191763E-01,5.005625E-01,nan
14:56.5,4.200197E+00,1.190308E-01,4.999527E-01,nan
14:57.5,4.200192E+00,1.190814E-01,5.001647E-01,nan
14:58.5,4.200189E+00,1.185198E-01,4.978054E-01,nan
14:59.5,4.200199E+00,1.190586E-01,5.000699E-01,nan
15:00.5,4.200199E+00,1.185995E-01,4.981413E-01,nan
15:01.5,4.200202E+00,1.184843E-01,4.976581E-01,nan
15:02.5,4.200202E+00,1.184072E-01,4.973340E-01,nan
15:03.5,4.200177E+00,1.181504E-01,4.962526E-01,nan
15:04.4,4.200170E+00,1.177608E-01,4.946154E-01,nan
15:05.5,4.200177E+00,1.175635E-01,4.937874E-01,nan
15:06.5,4.200187E+00,1.176988E-01,4.943571E-01,nan
15:07.5,4.200204E+00,1.173712E-01,4.929831E-01,nan
15:08.5,4.200207E+00,1.176255E-01,4.940513E-01,nan
15:09.5,4.200182E+00,1.170803E-01,4.917585E-01,nan
15:10.5,4.200194E+00,1.170208E-01,4.915103E-01,nan
15:11.5,4.200199E+00,1.171220E-01,4.919359E-01,nan
15:12.4,4.200199E+00,1.172612E-01,4.925203E-01,nan
15:13.4,4.200209E+00,1.169007E-01,4.910073E-01,nan
15:14.5,4.200192E+00,1.170639E-01,4.916906E-01,nan
15:15.4,4.200209E+00,1.166161E-01,4.898119E-01,nan
15:16.5,4.200214E+00,1.169146E-01,4.910663E-01,nan
15:17.4,4.200207E+00,1.162581E-01,4.883081E-01,nan
15:18.5,4.200192E+00,1.159178E-01,4.868772E-01,nan
15:19.4,4.200199E+00,1.160266E-01,4.873349E-01,nan
15:20.4,4.200199E+00,1.161797E-01,4.879778E-01,nan
15:21.4,4.200204E+00,1.155573E-01,4.853644E-01,nan
15:22.4,4.200199E+00,1.159482E-01,4.870055E-01,nan
15:23.4,4.200177E+00,1.155649E-01,4.853931E-01,nan
15:24.4,4.200199E+00,1.155320E-01,4.852576E-01,nan
15:25.4,4.200192E+00,1.152297E-01,4.839870E-01,nan
15:26.4,4.200194E+00,1.150956E-01,4.834241E-01,nan
15:27.4,4.200207E+00,1.149843E-01,4.829580E-01,nan
15:28.4,4.200204E+00,1.147478E-01,4.819642E-01,nan
15:29.4,4.200189E+00,1.146871E-01,4.817074E-01,nan
15:30.4,4.200202E+00,1.145151E-01,4.809863E-01,nan
15:31.4,4.200187E+00,1.144063E-01,4.805277E-01,nan
15:32.4,4.200177E+00,1.139623E-01,4.786617E-01,nan
15:33.4,4.200194E+00,1.141255E-01,4.793491E-01,nan
15:34.4,4.200192E+00,1.143266E-01,4.801936E-01,nan
15:35.4,4.200214E+00,1.141976E-01,4.796541E-01,nan
15:36.4,4.200214E+00,1.139547E-01,4.786341E-01,nan
15:37.4,4.200204E+00,1.135069E-01,4.767522E-01,nan
15:38.4,4.200209E+00,1.139016E-01,4.784104E-01,nan
15:39.4,4.200207E+00,1.137144E-01,4.776238E-01,nan
15:40.4,4.200199E+00,1.132691E-01,4.757528E-01,nan
15:41.4,4.200180E+00,1.134222E-01,4.763935E-01,nan
15:42.4,4.200202E+00,1.132919E-01,4.758487E-01,nan
15:43.4,4.200212E+00,1.133652E-01,4.761580E-01,nan
15:44.4,4.200209E+00,1.131995E-01,4.754617E-01,nan
15:45.4,4.200207E+00,1.128163E-01,4.738517E-01,nan
15:46.4,4.200207E+00,1.127303E-01,4.734904E-01,nan
15:47.4,4.200207E+00,1.125683E-01,4.728103E-01,nan
15:48.4,4.200214E+00,1.122736E-01,4.715732E-01,nan
15:49.4,4.200209E+00,1.122572E-01,4.715036E-01,nan
15:50.4,4.200197E+00,1.122496E-01,4.714704E-01,nan
15:51.4,4.200204E+00,1.122306E-01,4.713915E-01,nan
15:52.4,4.200212E+00,1.118866E-01,4.699472E-01,nan
15:53.4,4.200222E+00,1.121800E-01,4.711809E-01,nan
15:54.4,4.200204E+00,1.113717E-01,4.677841E-01,nan
15:55.4,4.200214E+00,1.115615E-01,4.685821E-01,nan
15:56.4,4.200207E+00,1.116766E-01,4.690647E-01,nan
15:57.4,4.200219E+00,1.110074E-01,4.662556E-01,nan
15:58.4,4.200234E+00,1.115830E-01,4.686746E-01,nan
15:59.4,4.200212E+00,1.112427E-01,4.672430E-01,nan
16:00.4,4.200219E+00,1.107102E-01,4.650071E-01,nan
16:01.4,4.200204E+00,1.108076E-01,4.654145E-01,nan
16:02.4,4.200207E+00,1.104876E-01,4.640706E-01,nan
16:03.4,4.200202E+00,1.107823E-01,4.653079E-01,nan
16:04.4,4.200197E+00,1.107557E-01,4.651958E-01,nan
16:05.4,4.200189E+00,1.104193E-01,4.637818E-01,nan
16:06.4,4.200197E+00,1.100006E-01,4.620240E-01,nan
16:07.4,4.200217E+00,1.099955E-01,4.620050E-01,nan
16:08.4,4.200207E+00,1.097995E-01,4.611804E-01,nan
16:09.4,4.200184E+00,1.095363E-01,4.600729E-01,nan
16:10.4,4.200209E+00,1.097375E-01,4.609203E-01,nan
16:11.4,4.200194E+00,1.097109E-01,4.608071E-01,nan
16:12.4,4.200180E+00,1.095098E-01,4.599608E-01,nan
16:13.4,4.200192E+00,1.090190E-01,4.579007E-01,nan
16:14.4,4.200177E+00,1.091860E-01,4.586004E-01,nan
16:15.4,4.200204E+00,1.089596E-01,4.576524E-01,nan
16:16.4,4.200197E+00,1.088748E-01,4.572956E-01,nan
16:17.4,4.200194E+00,1.084738E-01,4.556112E-01,nan
16:18.4,4.200199E+00,1.088229E-01,4.570780E-01,nan
16:19.4,4.200194E+00,1.084270E-01,4.554146E-01,nan
16:20.4,4.200202E+00,1.082044E-01,4.544803E-01,nan
16:21.4,4.200219E+00,1.081083E-01,4.540784E-01,nan
16:22.4,4.200202E+00,1.084371E-01,4.554579E-01,nan
16:23.4,4.200187E+00,1.077098E-01,4.524013E-01,nan
16:24.4,4.200212E+00,1.079856E-01,4.535622E-01,nan
16:25.4,4.200199E+00,1.078844E-01,4.531359E-01,nan
16:26.4,4.200177E+00,1.072216E-01,4.503495E-01,nan
16:27.4,4.200199E+00,1.076112E-01,4.519883E-01,nan
16:28.4,4.200219E+00,1.074492E-01,4.513104E-01,nan
16:29.4,4.200199E+00,1.070078E-01,4.494540E-01,nan
16:30.4,4.200170E+00,1.069408E-01,4.491693E-01,nan
16:31.4,4.200164E+00,1.071520E-01,4.500560E-01,nan
16:32.4,4.200167E+00,1.069559E-01,4.492328E-01,nan
16:33.4,4.200177E+00,1.066308E-01,4.478684E-01,nan
16:34.4,4.200182E+00,1.064310E-01,4.470295E-01,nan
16:35.4,4.200197E+00,1.064930E-01,4.472914E-01,nan
16:36.4,4.200192E+00,1.061628E-01,4.459043E-01,nan
16:37.4,4.200184E+00,1.059895E-01,4.451756E-01,nan
16:38.4,4.200182E+00,1.062248E-01,4.461635E-01,nan
16:39.4,4.200184E+00,1.059769E-01,4.451225E-01,nan
16:40.4,4.200174E+00,1.056860E-01,4.438994E-01,nan
16:41.4,4.200187E+00,1.057404E-01,4.441292E-01,nan
16:42.4,4.200174E+00,1.052964E-01,4.422631E-01,nan
16:43.4,4.200199E+00,1.058264E-01,4.444918E-01,nan
16:44.4,4.200174E+00,1.055304E-01,4.432460E-01,nan
16:45.4,4.200199E+00,1.052761E-01,4.421807E-01,nan
16:46.4,4.200202E+00,1.054001E-01,4.427016E-01,nan
16:47.4,4.200204E+00,1.055253E-01,4.432279E-01,nan
16:48.4,4.200189E+00,1.049295E-01,4.407239E-01,nan
16:49.4,4.200192E+00,1.050143E-01,4.410802E-01,nan
16:50.4,4.200192E+00,1.048638E-01,4.404479E-01,nan
16:51.4,4.200189E+00,1.045602E-01,4.391726E-01,nan
16:52.4,4.200194E+00,1.047411E-01,4.399328E-01,nan
16:53.4,4.200194E+00,1.043325E-01,4.382168E-01,nan
16:54.4,4.200209E+00,1.041959E-01,4.376445E-01,nan
16:55.4,4.200184E+00,1.040757E-01,4.371372E-01,nan
16:56.4,4.200192E+00,1.037127E-01,4.356132E-01,nan
16:57.4,4.200204E+00,1.042452E-01,4.378512E-01,nan
16:58.4,4.200187E+00,1.040466E-01,4.370153E-01,nan
16:59.4,4.200189E+00,1.035736E-01,4.350285E-01,nan
17:00.4,4.200170E+00,1.036102E-01,4.351806E-01,nan
17:01.4,4.200182E+00,1.033863E-01,4.342415E-01,nan
17:02.4,4.200194E+00,1.031283E-01,4.331589E-01,nan
17:03.4,4.200204E+00,1.036747E-01,4.354551E-01,nan
17:04.4,4.200197E+00,1.030208E-01,4.327076E-01,nan
17:05.4,4.200222E+00,1.034243E-01,4.344050E-01,nan
17:06.4,4.200202E+00,1.029942E-01,4.325965E-01,nan
17:07.4,4.200197E+00,1.029651E-01,4.324738E-01,nan
17:08.4,4.200214E+00,1.031106E-01,4.330866E-01,nan
17:09.4,4.200217E+00,1.029297E-01,4.323271E-01,nan
17:10.4,4.200212E+00,1.028235E-01,4.318803E-01,nan
17:11.4,4.200209E+00,1.028437E-01,4.319651E-01,nan
17:12.4,4.200207E+00,1.026603E-01,4.311944E-01,nan
17:13.4,4.200209E+00,1.025806E-01,4.308600E-01,nan
17:14.4,4.200202E+00,1.022922E-01,4.296479E-01,nan
17:15.4,4.200204E+00,1.020835E-01,4.287715E-01,nan
17:16.4,4.200217E+00,1.022226E-01,4.293572E-01,nan
17:17.4,4.200207E+00,1.019241E-01,4.281023E-01,nan
17:18.4,4.200207E+00,1.012082E-01,4.250953E-01,nan
17:19.4,4.200214E+00,1.015914E-01,4.267058E-01,nan
17:20.4,4.200219E+00,1.016332E-01,4.268816E-01,nan
17:21.4,4.200222E+00,1.013043E-01,4.255005E-01,nan
17:22.4,4.200214E+00,1.013005E-01,4.254838E-01,nan
17:23.4,4.200217E+00,1.012879E-01,4.254310E-01,nan
17:24.4,4.200192E+00,1.004796E-01,4.220335E-01,nan
17:25.4,4.200202E+00,1.010412E-01,4.243934E-01,nan
17:26.4,4.200192E+00,1.008527E-01,4.236008E-01,nan
17:27.4,4.200182E+00,1.001709E-01,4.207362E-01,nan
17:28.4,4.200187E+00,1.001608E-01,4.206942E-01,nan
17:29.4,4.200199E+00,1.002633E-01,4.211258E-01,nan
17:30.4,4.200214E+00,1.004087E-01,4.217382E-01,nan
17:31.4,4.200212E+00,1.005023E-01,4.221311E-01,nan
17:32.4,4.200192E+00,1.000369E-01,4.201740E-01,nan
17:33.4,4.200194E+00,9.978514E-02,4.191170E-01,nan
17:34.4,4.200189E+00,9.979653E-02,4.191643E-01,nan
17:35.4,4.200189E+00,1.000470E-01,4.202162E-01,nan
17:36.4,4.200199E+00,9.993314E-02,4.197391E-01,nan
17:37.4,4.200204E+00,9.974340E-02,4.189427E-01,nan
17:38.4,4.200207E+00,9.930321E-02,4.170940E-01,nan
17:39.4,4.200207E+00,9.917545E-02,4.165574E-01,nan
17:40.4,4.200197E+00,9.872641E-02,4.146704E-01,nan
17:41.4,4.200202E+00,9.891615E-02,4.154678E-01,nan
17:42.4,4.200217E+00,9.911853E-02,4.163193E-01,nan
17:43.4,4.200194E+00,9.875044E-02,4.147711E-01,nan
17:44.4,4.200192E+00,9.875803E-02,4.148027E-01,nan
17:45.4,4.200207E+00,9.855312E-02,4.139435E-01,nan
17:46.4,4.200199E+00,9.848481E-02,4.136558E-01,nan
17:47.4,4.200177E+00,9.843168E-02,4.134305E-01,nan
17:48.4,4.200189E+00,9.814582E-02,4.122310E-01,nan
17:49.4,4.200194E+00,9.811419E-02,4.120987E-01,nan
17:50.4,4.200202E+00,9.796873E-02,4.114884E-01,nan
17:51.4,4.200199E+00,9.780935E-02,4.108188E-01,nan
17:52.4,4.200207E+00,9.757029E-02,4.098154E-01,nan
17:53.4,4.200222E+00,9.768160E-02,4.102843E-01,nan
17:54.4,4.200187E+00,9.753992E-02,4.096859E-01,nan
17:55.4,4.200207E+00,9.767906E-02,4.102723E-01,nan
17:56.4,4.200192E+00,9.751210E-02,4.095695E-01,nan
17:57.4,4.200180E+00,9.729074E-02,4.086386E-01,nan
17:58.4,4.200180E+00,9.689229E-02,4.069650E-01,nan
17:59.4,4.200192E+00,9.699601E-02,4.074019E-01,nan
18:00.4,4.200189E+00,9.681260E-02,4.066312E-01,nan
18:01.4,4.200194E+00,9.666081E-02,4.059942E-01,nan
18:02.4,4.200174E+00,9.650143E-02,4.053228E-01,nan
18:03.4,4.200187E+00,9.671014E-02,4.062006E-01,nan
18:04.4,4.200180E+00,9.643692E-02,4.050524E-01,nan
18:05.4,4.200187E+00,9.642553E-02,4.050052E-01,nan
18:06.4,4.200180E+00,9.637494E-02,4.047920E-01,nan
18:07.4,4.200184E+00,9.624592E-02,4.042506E-01,nan
18:08.4,4.200187E+00,9.591704E-02,4.028695E-01,nan
18:09.4,4.200194E+00,9.607136E-02,4.035184E-01,nan
18:10.4,4.200182E+00,9.579055E-02,4.023377E-01,nan
18:11.4,4.200207E+00,9.581079E-02,4.024251E-01,nan
18:12.4,4.200214E+00,9.588163E-02,4.027233E-01,nan
18:13.4,4.200202E+00,9.571086E-02,4.020049E-01,nan
18:14.4,4.200184E+00,9.547938E-02,4.010310E-01,nan
18:15.4,4.200207E+00,9.553251E-02,4.012563E-01,nan
18:16.4,4.200182E+00,9.514544E-02,3.996282E-01,nan
18:17.4,4.200192E+00,9.525675E-02,4.000967E-01,nan
18:18.4,4.200192E+00,9.517201E-02,3.997407E-01,nan
18:19.4,4.200189E+00,9.504551E-02,3.992091E-01,nan
18:20.4,4.200217E+00,9.514924E-02,3.996474E-01,nan
18:21.4,4.200199E+00,9.479506E-02,3.981581E-01,nan
18:22.4,4.200194E+00,9.464201E-02,3.975148E-01,nan
18:23.4,4.200184E+00,9.440800E-02,3.965310E-01,nan
18:24.4,4.200192E+00,9.454208E-02,3.970949E-01,nan
18:25.4,4.200199E+00,9.433463E-02,3.962242E-01,nan
18:26.4,4.200187E+00,9.420562E-02,3.956812E-01,nan
18:27.4,4.200180E+00,9.413858E-02,3.953989E-01,nan
18:28.4,4.200182E+00,9.401335E-02,3.948732E-01,nan
18:29.4,4.200174E+00,9.365032E-02,3.933477E-01,nan
18:30.4,4.200172E+00,9.364653E-02,3.933315E-01,nan
18:31.4,4.200174E+00,9.369332E-02,3.935283E-01,nan
18:32.4,4.200174E+00,9.368194E-02,3.934805E-01,nan
18:33.4,4.200167E+00,9.352256E-02,3.928104E-01,nan
18:34.4,4.200182E+00,9.344161E-02,3.924717E-01,nan
18:35.4,4.200157E+00,9.331638E-02,3.919435E-01,nan
18:36.4,4.200172E+00,9.338595E-02,3.922370E-01,nan
18:37.4,4.200157E+00,9.326452E-02,3.917256E-01,nan
18:38.4,4.200155E+00,9.314562E-02,3.912260E-01,nan
18:39.4,4.200167E+00,9.305455E-02,3.908447E-01,nan
18:40.4,4.200199E+00,9.308238E-02,3.909645E-01,nan
18:41.4,4.200189E+00,9.300901E-02,3.906554E-01,nan
18:42.4,4.200189E+00,9.287113E-02,3.900763E-01,nan
18:43.4,4.200189E+00,9.286607E-02,3.900551E-01,nan
18:44.4,4.200197E+00,9.272693E-02,3.894714E-01,nan
18:45.4,4.200192E+00,9.262321E-02,3.890353E-01,nan
18:46.4,4.200177E+00,9.242462E-02,3.881997E-01,nan
18:47.4,4.200184E+00,9.221464E-02,3.873185E-01,nan
18:48.4,4.200170E+00,9.211218E-02,3.868868E-01,nan
18:49.4,4.200172E+00,9.209827E-02,3.868286E-01,nan
18:50.4,4.200194E+00,9.223109E-02,3.873885E-01,nan
18:51.4,4.200164E+00,9.177572E-02,3.854731E-01,nan
18:52.4,4.200172E+00,9.164290E-02,3.849159E-01,nan
18:53.4,4.200187E+00,9.170994E-02,3.851989E-01,nan
18:54.4,4.200177E+00,9.145949E-02,3.841460E-01,nan
18:55.4,4.200189E+00,9.141649E-02,3.839665E-01,nan
18:56.4,4.200187E+00,9.135830E-02,3.837219E-01,nan
18:57.4,4.200164E+00,9.120777E-02,3.830876E-01,nan
18:58.4,4.200174E+00,9.105852E-02,3.824616E-01,nan
18:59.4,4.200174E+00,9.093202E-02,3.819303E-01,nan
19:00.4,4.200182E+00,9.103954E-02,3.823826E-01,nan
19:01.4,4.200182E+00,9.092696E-02,3.819098E-01,nan
19:02.4,4.200164E+00,9.071193E-02,3.810050E-01,nan
19:03.4,4.200184E+00,9.082197E-02,3.814690E-01,nan
19:04.4,4.200180E+00,9.045262E-02,3.799172E-01,nan
19:05.4,4.200164E+00,9.024897E-02,3.790605E-01,nan
19:06.4,4.200167E+00,9.018699E-02,3.788004E-01,nan
19:07.4,4.200167E+00,9.023759E-02,3.790130E-01,nan
19:08.4,4.200177E+00,9.035143E-02,3.794920E-01,nan
19:09.4,4.200182E+00,9.001876E-02,3.780952E-01,nan
19:10.4,4.200184E+00,9.016675E-02,3.787170E-01,nan
19:11.4,4.200180E+00,8.988341E-02,3.775265E-01,nan
19:12.4,4.200177E+00,8.983408E-02,3.773190E-01,nan
19:13.4,4.200182E+00,8.965067E-02,3.765491E-01,nan
19:14.4,4.200177E+00,8.952544E-02,3.760227E-01,nan
19:15.4,4.200194E+00,8.969620E-02,3.767415E-01,nan
19:16.4,4.200194E+00,8.959375E-02,3.763111E-01,nan
19:17.4,4.200184E+00,8.933570E-02,3.752264E-01,nan
19:18.4,4.200170E+00,8.909664E-02,3.742210E-01,nan
19:19.4,4.200184E+00,8.905110E-02,3.740310E-01,nan
19:20.4,4.200194E+00,8.907639E-02,3.741382E-01,nan
19:21.4,4.200177E+00,8.900303E-02,3.738284E-01,nan
19:22.4,4.200192E+00,8.879432E-02,3.729532E-01,nan
19:23.4,4.200170E+00,8.858687E-02,3.720799E-01,nan
19:24.4,4.200192E+00,8.868174E-02,3.724803E-01,nan
19:25.4,4.200184E+00,8.859573E-02,3.721184E-01,nan
19:26.4,4.200167E+00,8.830354E-02,3.708896E-01,nan
19:27.4,4.200170E+00,8.816566E-02,3.703107E-01,nan
19:28.4,4.200167E+00,8.812644E-02,3.701458E-01,nan
19:29.4,4.200189E+00,8.833516E-02,3.710244E-01,nan
19:30.4,4.200167E+00,8.804043E-02,3.697845E-01,nan
19:31.4,4.200170E+00,8.788232E-02,3.691206E-01,nan
19:32.4,4.200167E+00,8.770523E-02,3.683766E-01,nan
19:33.4,4.200189E+00,8.773306E-02,3.684954E-01,nan
19:34.4,4.200174E+00,8.776215E-02,3.686163E-01,nan
19:35.4,4.200170E+00,8.731690E-02,3.667458E-01,nan
19:36.4,4.200172E+00,8.727516E-02,3.665707E-01,nan
19:37.4,4.200162E+00,8.713096E-02,3.659641E-01,nan
19:38.4,4.200162E+00,8.721951E-02,3.663361E-01,nan
19:39.4,4.200174E+00,8.724353E-02,3.664381E-01,nan
19:40.4,4.200167E+00,8.684383E-02,3.647586E-01,nan
19:41.4,4.200167E+00,8.678311E-02,3.645036E-01,nan
19:42.4,4.200187E+00,8.708543E-02,3.657750E-01,nan
19:43.4,4.200189E+00,8.690833E-02,3.650314E-01,nan
19:44.4,4.200180E+00,8.688683E-02,3.649403E-01,nan
19:45.4,4.200192E+00,8.692225E-02,3.650901E-01,nan
19:46.4,4.200209E+00,8.690327E-02,3.650119E-01,nan
19:47.4,4.200199E+00,8.679702E-02,3.645648E-01,nan
19:48.4,4.200202E+00,8.661361E-02,3.637946E-01,nan
19:49.4,4.200167E+00,8.624426E-02,3.622403E-01,nan
19:50.4,4.200174E+00,8.635177E-02,3.626925E-01,nan
19:51.4,4.200184E+00,8.630624E-02,3.625021E-01,nan
19:52.4,4.200189E+00,8.600013E-02,3.612168E-01,nan
19:53.4,4.200192E+00,8.611650E-02,3.617058E-01,nan
19:54.4,4.200172E+00,8.579648E-02,3.603599E-01,nan
19:55.4,4.200170E+00,8.575094E-02,3.601685E-01,nan
19:56.4,4.200182E+00,8.585466E-02,3.606052E-01,nan
19:57.4,4.200177E+00,8.544989E-02,3.589046E-01,nan
19:58.4,4.200184E+00,8.542206E-02,3.587884E-01,nan
19:59.4,4.200199E+00,8.542459E-02,3.588003E-01,nan
20:00.4,4.200184E+00,8.546001E-02,3.589478E-01,nan
20:01.4,4.200194E+00,8.533731E-02,3.584333E-01,nan
20:02.4,4.200209E+00,8.536388E-02,3.585461E-01,nan
20:03.4,4.200192E+00,8.516655E-02,3.577159E-01,nan
20:04.4,4.200207E+00,8.506536E-02,3.572921E-01,nan
20:05.4,4.200180E+00,8.472889E-02,3.558765E-01,nan
20:06.4,4.200184E+00,8.485412E-02,3.564029E-01,nan
20:07.4,4.200170E+00,8.440887E-02,3.545316E-01,nan
20:08.4,4.200184E+00,8.456319E-02,3.551810E-01,nan
20:09.4,4.200182E+00,8.452018E-02,3.550002E-01,nan
20:10.4,4.200172E+00,8.444555E-02,3.546858E-01,nan
20:11.4,4.200189E+00,8.442152E-02,3.545863E-01,nan
20:12.4,4.200182E+00,8.404204E-02,3.529919E-01,nan
20:13.4,4.200170E+00,8.395350E-02,3.526189E-01,nan
20:14.4,4.200184E+00,8.413944E-02,3.534012E-01,nan
20:15.4,4.200192E+00,8.399777E-02,3.528068E-01,nan
20:16.4,4.200187E+00,8.382574E-02,3.520838E-01,nan
20:17.4,4.200180E+00,8.372834E-02,3.516741E-01,nan
20:18.4,4.200170E+00,8.332863E-02,3.499944E-01,nan
20:19.4,4.200170E+00,8.339441E-02,3.502707E-01,nan
20:20.4,4.200174E+00,8.351837E-02,3.507917E-01,nan
20:21.4,4.200202E+00,8.343235E-02,3.504327E-01,nan
20:22.4,4.200180E+00,8.345006E-02,3.505053E-01,nan
20:23.4,4.200187E+00,8.324135E-02,3.496292E-01,nan
20:24.4,4.200189E+00,8.329827E-02,3.498685E-01,nan
20:25.4,4.200187E+00,8.310095E-02,3.490395E-01,nan
20:26.4,4.200204E+00,8.320088E-02,3.494607E-01,nan
20:27.4,4.200204E+00,8.282772E-02,3.478934E-01,nan
20:28.4,4.200187E+00,8.274045E-02,3.475253E-01,nan
20:29.4,4.200192E+00,8.270250E-02,3.473664E-01,nan
20:30.4,4.200209E+00,8.271895E-02,3.474369E-01,nan
20:31.4,4.200219E+00,8.283532E-02,3.479265E-01,nan
20:32.4,4.200182E+00,8.235465E-02,3.459045E-01,nan
20:33.4,4.200189E+00,8.239260E-02,3.460645E-01,nan
20:34.4,4.200207E+00,8.244446E-02,3.462838E-01,nan
20:35.4,4.200189E+00,8.207258E-02,3.447204E-01,nan
20:36.4,4.200172E+00,8.201060E-02,3.444586E-01,nan
20:37.4,4.200187E+00,8.186260E-02,3.438382E-01,nan
20:38.4,4.200189E+00,8.176773E-02,3.434399E-01,nan
20:39.4,4.200204E+00,8.202957E-02,3.445409E-01,nan
20:40.4,4.200202E+00,8.206245E-02,3.446788E-01,nan
20:41.4,4.200202E+00,8.186007E-02,3.438288E-01,nan
20:42.4,4.200182E+00,8.148945E-02,3.422705E-01,nan
20:43.4,4.200212E+00,8.158305E-02,3.426661E-01,nan
20:44.4,4.200187E+00,8.126809E-02,3.413412E-01,nan
20:45.4,4.200207E+00,8.131868E-02,3.415553E-01,nan
20:46.4,4.200199E+00,8.132881E-02,3.415972E-01,nan
20:47.4,4.200209E+00,8.113907E-02,3.408011E-01,nan
20:48.4,4.200189E+00,8.116184E-02,3.408951E-01,nan
20:49.4,4.200177E+00,8.086205E-02,3.396349E-01,nan
20:50.4,4.200172E+00,8.082537E-02,3.394805E-01,nan
20:51.4,4.200170E+00,8.078616E-02,3.393156E-01,nan
20:52.4,4.200189E+00,8.064575E-02,3.387274E-01,nan
20:53.4,4.200160E+00,8.041933E-02,3.377740E-01,nan
20:54.4,4.200174E+00,8.054583E-02,3.383065E-01,nan
20:55.4,4.200180E+00,8.038139E-02,3.376163E-01,nan
20:56.4,4.200177E+00,8.035735E-02,3.375151E-01,nan
20:57.4,4.200202E+00,8.032194E-02,3.373683E-01,nan
20:58.4,4.200202E+00,8.022960E-02,3.369805E-01,nan
20:59.4,4.200189E+00,8.001709E-02,3.360869E-01,nan
21:00.4,4.200192E+00,7.986024E-02,3.354283E-01,nan
21:01.4,4.200189E+00,7.985645E-02,3.354122E-01,nan
21:02.4,4.200192E+00,7.965027E-02,3.345464E-01,nan
21:03.4,4.200207E+00,7.991464E-02,3.356580E-01,nan
21:04.4,4.200202E+00,7.977423E-02,3.350678E-01,nan
21:05.4,4.200194E+00,7.947318E-02,3.338028E-01,nan
21:06.4,4.200184E+00,7.941626E-02,3.335629E-01,nan
21:07.4,4.200174E+00,7.959208E-02,3.343006E-01,nan
21:08.4,4.200187E+00,7.912280E-02,3.323305E-01,nan
21:09.4,4.200180E+00,7.915822E-02,3.324787E-01,nan
21:10.4,4.200192E+00,7.939855E-02,3.334892E-01,nan
21:11.4,4.200202E+00,7.910762E-02,3.322679E-01,nan
21:12.4,4.200202E+00,7.929103E-02,3.330383E-01,nan
21:13.4,4.200207E+00,7.908485E-02,3.321727E-01,nan
21:14.4,4.200187E+00,7.877115E-02,3.308535E-01,nan
21:15.4,4.200182E+00,7.871676E-02,3.306247E-01,nan
21:16.4,4.200197E+00,7.879519E-02,3.309553E-01,nan
21:17.4,4.200189E+00,7.865099E-02,3.303490E-01,nan
21:18.4,4.200214E+00,7.894319E-02,3.315783E-01,nan
21:19.4,4.200197E+00,7.877621E-02,3.308756E-01,nan
21:20.4,4.200192E+00,7.842204E-02,3.293876E-01,nan
21:21.4,4.200194E+00,7.852829E-02,3.298341E-01,nan
21:22.4,4.200199E+00,7.830819E-02,3.289100E-01,nan
21:23.4,4.200182E+00,7.816020E-02,3.282871E-01,nan
21:24.4,4.200197E+00,7.812478E-02,3.281395E-01,nan
21:25.4,4.200192E+00,7.788572E-02,3.271350E-01,nan
21:26.4,4.200199E+00,7.781868E-02,3.268539E-01,nan
21:27.4,4.200182E+00,7.757834E-02,3.258432E-01,nan
21:28.4,4.200180E+00,7.770231E-02,3.263636E-01,nan
21:29.4,4.200202E+00,7.768712E-02,3.263016E-01,nan
21:30.4,4.200197E+00,7.760617E-02,3.259612E-01,nan
21:31.4,4.200199E+00,7.761502E-02,3.259986E-01,nan
21:32.4,4.200202E+00,7.740125E-02,3.251008E-01,nan
21:33.4,4.200204E+00,7.731018E-02,3.247186E-01,nan
21:34.4,4.200192E+00,7.721278E-02,3.243085E-01,nan
21:35.4,4.200202E+00,7.730512E-02,3.246971E-01,nan
21:36.4,4.200192E+00,7.720899E-02,3.242926E-01,nan
21:37.4,4.200194E+00,7.711665E-02,3.239049E-01,nan
21:38.4,4.200199E+00,7.712677E-02,3.239478E-01,nan
21:39.4,4.200197E+00,7.698889E-02,3.233685E-01,nan
21:40.4,4.200199E+00,7.680927E-02,3.226142E-01,nan
21:41.4,4.200199E+00,7.669417E-02,3.221308E-01,nan
21:42.4,4.200199E+00,7.685354E-02,3.228002E-01,nan
21:43.4,4.200194E+00,7.651455E-02,3.213760E-01,nan
21:44.4,4.200182E+00,7.641336E-02,3.209500E-01,nan
21:45.4,4.200194E+00,7.639185E-02,3.208606E-01,nan
21:46.4,4.200209E+00,7.641589E-02,3.209627E-01,nan
21:47.4,4.200192E+00,7.625777E-02,3.202973E-01,nan
21:48.4,4.200202E+00,7.613761E-02,3.197933E-01,nan
21:49.4,4.200204E+00,7.613761E-02,3.197935E-01,nan
21:50.4,4.200209E+00,7.608195E-02,3.195601E-01,nan
21:51.4,4.200202E+00,7.586818E-02,3.186617E-01,nan
21:52.4,4.200217E+00,7.578722E-02,3.183228E-01,nan
21:53.4,4.200204E+00,7.580620E-02,3.184015E-01,nan
21:54.4,4.200197E+00,7.568856E-02,3.179069E-01,nan
21:55.4,4.200204E+00,7.569489E-02,3.179340E-01,nan
21:56.4,4.200222E+00,7.578596E-02,3.183178E-01,nan
21:57.4,4.200209E+00,7.560635E-02,3.175625E-01,nan
21:58.4,4.200209E+00,7.533818E-02,3.164361E-01,nan
21:59.4,4.200212E+00,7.549377E-02,3.170898E-01,nan
22:00.4,4.200217E+00,7.526355E-02,3.161232E-01,nan
22:01.4,4.200187E+00,7.513453E-02,3.155791E-01,nan
22:02.4,4.200187E+00,7.494859E-02,3.147981E-01,nan
22:03.4,4.200209E+00,7.510038E-02,3.154373E-01,nan
22:04.4,4.200184E+00,7.478794E-02,3.141232E-01,nan
22:05.4,4.200194E+00,7.491443E-02,3.146552E-01,nan
22:06.4,4.200219E+00,7.496630E-02,3.148749E-01,nan
22:07.4,4.200217E+00,7.471458E-02,3.138174E-01,nan
22:08.4,4.200207E+00,7.463236E-02,3.134713E-01,nan
22:09.4,4.200204E+00,7.468043E-02,3.136730E-01,nan
22:10.4,4.200212E+00,7.464248E-02,3.135142E-01,nan
22:11.4,4.200197E+00,7.452232E-02,3.130084E-01,nan
22:12.4,4.200204E+00,7.441100E-02,3.125414E-01,nan
22:13.4,4.200197E+00,7.425795E-02,3.118980E-01,nan
22:14.4,4.200204E+00,7.421241E-02,3.117073E-01,nan
22:15.4,4.200192E+00,7.414158E-02,3.114089E-01,nan
22:16.4,4.200202E+00,7.412513E-02,3.113405E-01,nan
22:17.4,4.200204E+00,7.411501E-02,3.112982E-01,nan
22:18.4,4.200197E+00,7.409477E-02,3.112126E-01,nan
22:19.4,4.200192E+00,7.372542E-02,3.096609E-01,nan
22:20.4,4.200219E+00,7.371151E-02,3.096045E-01,nan
22:21.4,4.200187E+00,7.355339E-02,3.089380E-01,nan
22:22.4,4.200219E+00,7.384938E-02,3.101836E-01,nan
22:23.4,4.200219E+00,7.376590E-02,3.098329E-01,nan
22:24.4,4.200212E+00,7.332444E-02,3.079782E-01,nan
22:25.4,4.200214E+00,7.339148E-02,3.082599E-01,nan
22:26.4,4.200219E+00,7.359260E-02,3.091051E-01,nan
22:27.4,4.200212E+00,7.314356E-02,3.072184E-01,nan
22:28.4,4.200207E+00,7.313976E-02,3.072021E-01,nan
22:29.4,4.200199E+00,7.303857E-02,3.067765E-01,nan
22:30.4,4.200207E+00,7.297026E-02,3.064902E-01,nan
22:31.4,4.200197E+00,7.283998E-02,3.059423E-01,nan
22:32.4,4.200204E+00,7.284124E-02,3.059481E-01,nan
22:33.4,4.200202E+00,7.283239E-02,3.059107E-01,nan
22:34.4,4.200204E+00,7.270969E-02,3.053956E-01,nan
22:35.4,4.200204E+00,7.273879E-02,3.055178E-01,nan
22:36.4,4.200202E+00,7.230872E-02,3.037112E-01,nan
22:37.4,4.200209E+00,7.249719E-02,3.045034E-01,nan
22:38.4,4.200187E+00,7.207724E-02,3.027379E-01,nan
22:39.4,4.200194E+00,7.229228E-02,3.036416E-01,nan
22:40.4,4.200214E+00,7.238967E-02,3.040521E-01,nan
22:41.4,4.200204E+00,7.241750E-02,3.041683E-01,nan
22:42.4,4.200189E+00,7.202537E-02,3.025202E-01,nan
22:43.4,4.200199E+00,7.198237E-02,3.023403E-01,nan
22:44.4,4.200212E+00,7.228468E-02,3.036110E-01,nan
22:45.4,4.200192E+00,7.187358E-02,3.018828E-01,nan
22:46.4,4.200199E+00,7.184450E-02,3.017612E-01,nan
22:47.4,4.200199E+00,7.170536E-02,3.011768E-01,nan
22:48.4,4.200207E+00,7.169776E-02,3.011454E-01,nan
22:49.4,4.200204E+00,7.175215E-02,3.013737E-01,nan
22:50.4,4.200204E+00,7.161555E-02,3.007999E-01,nan
22:51.4,4.200204E+00,7.159024E-02,3.006937E-01,nan
22:52.4,4.200207E+00,7.145364E-02,3.001201E-01,nan
22:53.4,4.200207E+00,7.130943E-02,2.995144E-01,nan
22:54.4,4.200209E+00,7.115638E-02,2.988717E-01,nan
22:55.4,4.200204E+00,7.101218E-02,2.982657E-01,nan
22:56.4,4.200199E+00,7.096032E-02,2.980475E-01,nan
22:57.4,4.200197E+00,7.088316E-02,2.977232E-01,nan
22:58.4,4.200217E+00,7.089328E-02,2.977671E-01,nan
22:59.4,4.200212E+00,7.105519E-02,2.984468E-01,nan
23:00.4,4.200209E+00,7.070734E-02,2.969856E-01,nan
23:01.4,4.200207E+00,7.077311E-02,2.972617E-01,nan
23:02.4,4.200194E+00,7.046194E-02,2.959539E-01,nan
23:03.4,4.200199E+00,7.057073E-02,2.964111E-01,nan
23:04.4,4.200184E+00,7.035442E-02,2.955016E-01,nan
23:05.4,4.200202E+00,7.033166E-02,2.954071E-01,nan
23:06.4,4.200192E+00,7.032660E-02,2.953852E-01,nan
23:07.4,4.200187E+00,7.038605E-02,2.956346E-01,nan
23:08.4,4.200187E+00,7.028106E-02,2.951936E-01,nan
23:09.4,4.200189E+00,7.018240E-02,2.947793E-01,nan
23:10.4,4.200207E+00,7.013686E-02,2.945893E-01,nan
23:11.4,4.200189E+00,7.005211E-02,2.942321E-01,nan
23:12.4,4.200189E+00,6.983581E-02,2.933236E-01,nan
23:13.4,4.200172E+00,6.975106E-02,2.929665E-01,nan
23:14.4,4.200204E+00,6.986617E-02,2.934522E-01,nan
23:15.4,4.200199E+00,6.977130E-02,2.930534E-01,nan
23:16.4,4.200194E+00,6.935515E-02,2.913051E-01,nan
23:17.4,4.200182E+00,6.937159E-02,2.913733E-01,nan
23:18.4,4.200192E+00,6.948670E-02,2.918575E-01,nan
23:19.4,4.200182E+00,6.932732E-02,2.911873E-01,nan
23:20.4,4.200192E+00,6.936906E-02,2.913634E-01,nan
23:21.4,4.200177E+00,6.908698E-02,2.901775E-01,nan
23:22.4,4.200192E+00,6.905789E-02,2.900564E-01,nan
23:23.4,4.200174E+00,6.879859E-02,2.889661E-01,nan
23:24.4,4.200197E+00,6.919956E-02,2.906518E-01,nan
23:25.4,4.200197E+00,6.896808E-02,2.896795E-01,nan
23:26.4,4.200209E+00,6.884792E-02,2.891757E-01,nan
23:27.4,4.200209E+00,6.898959E-02,2.897707E-01,nan
23:28.4,4.200194E+00,6.867462E-02,2.884468E-01,nan
23:29.4,4.200197E+00,6.840520E-02,2.873153E-01,nan
23:30.4,4.200184E+00,6.847603E-02,2.876119E-01,nan
23:31.4,4.200180E+00,6.840014E-02,2.872929E-01,nan
23:32.4,4.200194E+00,6.859620E-02,2.881174E-01,nan
23:33.4,4.200180E+00,6.827744E-02,2.867775E-01,nan
23:34.4,4.200172E+00,6.829135E-02,2.868354E-01,nan
23:35.4,4.200204E+00,6.821167E-02,2.865029E-01,nan
23:36.4,4.200202E+00,6.809909E-02,2.860299E-01,nan
23:37.4,4.200202E+00,6.823064E-02,2.865824E-01,nan
23:38.4,4.200199E+00,6.809909E-02,2.860297E-01,nan
23:39.4,4.200187E+00,6.790809E-02,2.852266E-01,nan
23:40.4,4.200192E+00,6.793591E-02,2.853439E-01,nan
23:41.4,4.200180E+00,6.765510E-02,2.841636E-01,nan
23:42.4,4.200199E+00,6.793212E-02,2.853284E-01,nan
23:43.4,4.200199E+00,6.774618E-02,2.845474E-01,nan
23:44.4,4.200197E+00,6.774112E-02,2.845260E-01,nan
23:45.4,4.200204E+00,6.791694E-02,2.852650E-01,nan
23:46.4,4.200177E+00,6.738947E-02,2.830477E-01,nan
23:47.4,4.200184E+00,6.744260E-02,2.832713E-01,nan
23:48.4,4.200184E+00,6.729334E-02,2.826444E-01,nan
23:49.4,4.200177E+00,6.730472E-02,2.826917E-01,nan
23:50.4,4.200182E+00,6.722376E-02,2.823520E-01,nan
23:51.4,4.200189E+00,6.717191E-02,2.821347E-01,nan
23:52.4,4.200219E+00,6.732117E-02,2.827637E-01,nan
23:53.4,4.200212E+00,6.725286E-02,2.824762E-01,nan
23:54.4,4.200189E+00,6.683417E-02,2.807162E-01,nan
23:55.4,4.200199E+00,6.688856E-02,2.809453E-01,nan
23:56.4,4.200189E+00,6.661914E-02,2.798130E-01,nan
23:57.4,4.200197E+00,6.679117E-02,2.805361E-01,nan
23:58.4,4.200194E+00,6.675575E-02,2.803871E-01,nan
23:59.4,4.200197E+00,6.677346E-02,2.804617E-01,nan
24:00.4,4.200177E+00,6.642814E-02,2.790099E-01,nan
24:01.4,4.200189E+00,6.646735E-02,2.791754E-01,nan
24:02.4,4.200189E+00,6.638007E-02,2.788088E-01,nan
24:03.4,4.200184E+00,6.627382E-02,2.783622E-01,nan
24:04.4,4.200202E+00,6.639145E-02,2.788575E-01,nan
24:05.4,4.200187E+00,6.622196E-02,2.781446E-01,nan
24:06.4,4.200209E+00,6.645343E-02,2.791183E-01,nan
24:07.4,4.200199E+00,6.607017E-02,2.775079E-01,nan
24:08.4,4.200207E+00,6.602842E-02,2.773330E-01,nan
24:09.4,4.200212E+00,6.596012E-02,2.770465E-01,nan
24:10.4,4.200204E+00,6.586019E-02,2.766263E-01,nan
24:11.4,4.200182E+00,6.578936E-02,2.763273E-01,nan
24:12.4,4.200174E+00,6.561733E-02,2.756042E-01,nan
24:13.4,4.200174E+00,6.568058E-02,2.758699E-01,nan
24:14.4,4.200189E+00,6.548198E-02,2.750367E-01,nan
24:15.4,4.200202E+00,6.569322E-02,2.759248E-01,nan
24:16.4,4.200192E+00,6.547440E-02,2.750050E-01,nan
24:17.4,4.200182E+00,6.539723E-02,2.746803E-01,nan
24:18.4,4.200180E+00,6.523912E-02,2.740160E-01,nan
24:19.4,4.200194E+00,6.527834E-02,2.741817E-01,nan
24:20.4,4.200199E+00,6.537826E-02,2.746017E-01,nan
24:21.4,4.200202E+00,6.503420E-02,2.731568E-01,nan
24:22.4,4.200222E+00,6.550981E-02,2.751557E-01,nan
24:23.4,4.200214E+00,6.520244E-02,2.738642E-01,nan
24:24.4,4.200189E+00,6.491657E-02,2.726619E-01,nan
24:25.4,4.200197E+00,6.483814E-02,2.723329E-01,nan
24:26.4,4.200192E+00,6.482929E-02,2.722955E-01,nan
24:27.4,4.200202E+00,6.483562E-02,2.723227E-01,nan
24:28.4,4.200199E+00,6.478629E-02,2.721153E-01,nan
24:29.4,4.200197E+00,6.448397E-02,2.708454E-01,nan
24:30.4,4.200204E+00,6.452444E-02,2.710158E-01,nan
24:31.4,4.200202E+00,6.467877E-02,2.716639E-01,nan
24:32.4,4.200207E+00,6.454469E-02,2.711010E-01,nan
24:33.4,4.200222E+00,6.445234E-02,2.707141E-01,nan
24:34.4,4.200222E+00,6.425628E-02,2.698906E-01,nan
24:35.4,4.200229E+00,6.454848E-02,2.711184E-01,nan
24:36.4,4.200222E+00,6.443717E-02,2.706504E-01,nan
24:37.4,4.200202E+00,6.426893E-02,2.699425E-01,nan
24:38.4,4.200202E+00,6.421328E-02,2.697087E-01,nan
24:39.4,4.200224E+00,6.424743E-02,2.698536E-01,nan
24:40.4,4.200199E+00,6.407920E-02,2.691454E-01,nan
24:41.4,4.200217E+00,6.405010E-02,2.690243E-01,nan
24:42.4,4.200189E+00,6.375917E-02,2.678006E-01,nan
24:43.4,4.200177E+00,6.371996E-02,2.676351E-01,nan
24:44.4,4.200194E+00,6.369972E-02,2.675512E-01,nan
24:45.4,4.200197E+00,6.346951E-02,2.665844E-01,nan
24:46.4,4.200199E+00,6.367443E-02,2.674453E-01,nan
24:47.4,4.200207E+00,6.365292E-02,2.673554E-01,nan
24:48.4,4.200219E+00,6.366430E-02,2.674040E-01,nan
24:49.4,4.200212E+00,6.367063E-02,2.674301E-01,nan
24:50.4,4.200209E+00,6.359094E-02,2.670953E-01,nan
24:51.4,4.200194E+00,6.346698E-02,2.665737E-01,nan
24:52.4,4.200204E+00,6.329748E-02,2.658624E-01,nan
24:53.4,4.200219E+00,6.340753E-02,2.663255E-01,nan
24:54.4,4.200224E+00,6.342777E-02,2.664108E-01,nan
24:55.4,4.200229E+00,6.312672E-02,2.651467E-01,nan
24:56.4,4.200219E+00,6.305841E-02,2.648592E-01,nan
24:57.4,4.200212E+00,6.300655E-02,2.646408E-01,nan
24:58.4,4.200212E+00,6.276242E-02,2.636155E-01,nan
24:59.4,4.200194E+00,6.268779E-02,2.633009E-01,nan
25:00.4,4.200226E+00,6.260937E-02,2.629735E-01,nan
25:01.4,4.200204E+00,6.270929E-02,2.633919E-01,nan
25:02.4,4.200202E+00,6.266756E-02,2.632164E-01,nan
25:03.4,4.200182E+00,6.235386E-02,2.618975E-01,nan
25:04.4,4.200199E+00,6.240698E-02,2.621218E-01,nan
25:05.4,4.200192E+00,6.246643E-02,2.623710E-01,nan
25:06.4,4.200199E+00,6.246137E-02,2.623502E-01,nan
25:07.4,4.200212E+00,6.236777E-02,2.619578E-01,nan
25:08.4,4.200219E+00,6.237663E-02,2.619955E-01,nan
25:09.4,4.200229E+00,6.250691E-02,2.625433E-01,nan
25:10.4,4.200222E+00,6.233615E-02,2.618256E-01,nan
25:11.4,4.200202E+00,6.201992E-02,2.604962E-01,nan
25:12.4,4.200214E+00,6.226658E-02,2.615329E-01,nan
25:13.4,4.200209E+00,6.209328E-02,2.608048E-01,nan
25:14.4,4.200224E+00,6.218689E-02,2.611989E-01,nan
25:15.4,4.200194E+00,6.199842E-02,2.604054E-01,nan
25:16.4,4.200189E+00,6.161262E-02,2.587846E-01,nan
25:17.4,4.200194E+00,6.173531E-02,2.593003E-01,nan
25:18.4,4.200197E+00,6.147727E-02,2.582166E-01,nan
25:19.4,4.200184E+00,6.146083E-02,2.581468E-01,nan
25:20.4,4.200207E+00,6.160250E-02,2.587432E-01,nan
25:21.4,4.200204E+00,6.155190E-02,2.585306E-01,nan
25:22.4,4.200174E+00,6.128627E-02,2.574130E-01,nan
25:23.4,4.200199E+00,6.134951E-02,2.576802E-01,nan
25:24.4,4.200174E+00,6.109780E-02,2.566214E-01,nan
25:25.4,4.200180E+00,6.124832E-02,2.572539E-01,nan
25:26.4,4.200182E+00,6.123314E-02,2.571903E-01,nan
25:27.4,4.200172E+00,6.111677E-02,2.567009E-01,nan
25:28.4,4.200164E+00,6.083849E-02,2.555317E-01,nan
25:29.4,4.200197E+00,6.131410E-02,2.575313E-01,nan
25:30.4,4.200199E+00,6.094980E-02,2.560013E-01,nan
25:31.4,4.200180E+00,6.075501E-02,2.551819E-01,nan
25:32.4,4.200189E+00,6.082584E-02,2.554800E-01,nan
25:33.4,4.200192E+00,6.068797E-02,2.549011E-01,nan
25:34.4,4.200184E+00,6.090553E-02,2.558145E-01,nan
25:35.4,4.200187E+00,6.063990E-02,2.546989E-01,nan
25:36.4,4.200199E+00,6.063484E-02,2.546784E-01,nan
25:37.4,4.200204E+00,6.060828E-02,2.545671E-01,nan
25:38.4,4.200202E+00,6.061966E-02,2.546148E-01,nan
25:39.4,4.200209E+00,6.047546E-02,2.540096E-01,nan
25:40.4,4.200199E+00,6.034771E-02,2.534724E-01,nan
25:41.4,4.200209E+00,6.056653E-02,2.543921E-01,nan
25:42.4,4.200194E+00,6.025790E-02,2.530949E-01,nan
25:43.4,4.200209E+00,6.031861E-02,2.533508E-01,nan
25:44.4,4.200209E+00,6.028572E-02,2.532127E-01,nan
25:45.4,4.200197E+00,6.004792E-02,2.522131E-01,nan
25:46.4,4.200199E+00,5.986957E-02,2.514641E-01,nan
25:47.4,4.200217E+00,6.022754E-02,2.529687E-01,nan
25:48.4,4.200194E+00,5.982403E-02,2.512726E-01,nan
25:49.4,4.200202E+00,5.976964E-02,2.510445E-01,nan
25:50.4,4.200189E+00,5.988601E-02,2.515326E-01,nan
25:51.4,4.200197E+00,5.995685E-02,2.518306E-01,nan
25:52.4,4.200180E+00,5.978229E-02,2.510963E-01,nan
25:53.4,4.200184E+00,5.973169E-02,2.508841E-01,nan
25:54.4,4.200189E+00,5.971525E-02,2.508153E-01,nan
25:55.4,4.200204E+00,5.961279E-02,2.503859E-01,nan
25:56.4,4.200214E+00,5.965200E-02,2.505512E-01,nan
25:57.4,4.200217E+00,5.970766E-02,2.507851E-01,nan
25:58.4,4.200204E+00,5.952172E-02,2.500034E-01,nan
25:59.4,4.200224E+00,5.942685E-02,2.496061E-01,nan
26:00.4,4.200222E+00,5.952298E-02,2.500097E-01,nan
26:01.4,4.200202E+00,5.922193E-02,2.487441E-01,nan
26:02.4,4.200207E+00,5.917513E-02,2.485478E-01,nan
26:03.4,4.200177E+00,5.887788E-02,2.472975E-01,nan
26:04.4,4.200209E+00,5.932439E-02,2.491749E-01,nan
26:05.4,4.200207E+00,5.919031E-02,2.486115E-01,nan
26:06.4,4.200202E+00,5.887535E-02,2.472883E-01,nan
26:07.4,4.200180E+00,5.873621E-02,2.467026E-01,nan
26:08.4,4.200217E+00,5.919790E-02,2.486440E-01,nan
26:09.4,4.200202E+00,5.907014E-02,2.481065E-01,nan
26:10.4,4.200204E+00,5.873494E-02,2.466988E-01,nan
26:11.4,4.200194E+00,5.867296E-02,2.464378E-01,nan
26:12.4,4.200184E+00,5.833523E-02,2.450187E-01,nan
26:13.4,4.200184E+00,5.829855E-02,2.448646E-01,nan
26:14.4,4.200192E+00,5.851991E-02,2.457948E-01,nan
26:15.4,4.200209E+00,5.842251E-02,2.453868E-01,nan
26:16.4,4.200194E+00,5.827325E-02,2.447590E-01,nan
26:17.4,4.200204E+00,5.829855E-02,2.448658E-01,nan
26:18.4,4.200212E+00,5.825933E-02,2.447015E-01,nan
26:19.4,4.200192E+00,5.798106E-02,2.435316E-01,nan
26:20.4,4.200202E+00,5.822771E-02,2.445681E-01,nan
26:21.4,4.200204E+00,5.806960E-02,2.439042E-01,nan
26:22.4,4.200180E+00,5.769139E-02,2.423142E-01,nan
26:23.4,4.200207E+00,5.810881E-02,2.440690E-01,nan
26:24.4,4.200214E+00,5.815055E-02,2.442448E-01,nan
26:25.4,4.200222E+00,5.821886E-02,2.445321E-01,nan
26:26.4,4.200204E+00,5.793046E-02,2.433198E-01,nan
26:27.4,4.200212E+00,5.791149E-02,2.432405E-01,nan
26:28.4,4.200204E+00,5.782421E-02,2.428735E-01,nan
26:29.4,4.200197E+00,5.777740E-02,2.426765E-01,nan
26:30.4,4.200202E+00,5.761423E-02,2.419914E-01,nan
26:31.4,4.200209E+00,5.768633E-02,2.422946E-01,nan
26:32.4,4.200214E+00,5.756996E-02,2.418061E-01,nan
26:33.4,4.200184E+00,5.733215E-02,2.408056E-01,nan
26:34.4,4.200180E+00,5.741817E-02,2.411666E-01,nan
26:35.4,4.200202E+00,5.742449E-02,2.411944E-01,nan
26:36.4,4.200207E+00,5.741437E-02,2.411522E-01,nan
26:37.4,4.200199E+00,5.710447E-02,2.398501E-01,nan
26:38.4,4.200197E+00,5.720946E-02,2.402910E-01,nan
26:39.4,4.200217E+00,5.730053E-02,2.406746E-01,nan
26:40.4,4.200207E+00,5.698683E-02,2.393565E-01,nan
26:41.4,4.200184E+00,5.676294E-02,2.384148E-01,nan
26:42.4,4.200207E+00,5.665416E-02,2.379592E-01,nan
26:43.4,4.200202E+00,5.661621E-02,2.377995E-01,nan
26:44.4,4.200226E+00,5.698683E-02,2.393576E-01,nan
26:45.4,4.200199E+00,5.658080E-02,2.376506E-01,nan
26:46.4,4.200204E+00,5.659091E-02,2.376934E-01,nan
26:47.4,4.200192E+00,5.656056E-02,2.375652E-01,nan
26:48.4,4.200194E+00,5.664278E-02,2.379107E-01,nan
26:49.4,4.200202E+00,5.648466E-02,2.372470E-01,nan
26:50.4,4.200212E+00,5.627595E-02,2.363709E-01,nan
26:51.4,4.200192E+00,5.604700E-02,2.354082E-01,nan
26:52.4,4.200207E+00,5.635944E-02,2.367213E-01,nan
26:53.4,4.200212E+00,5.645936E-02,2.371413E-01,nan
26:54.4,4.200204E+00,5.616464E-02,2.359030E-01,nan
26:55.4,4.200202E+00,5.625318E-02,2.362747E-01,nan
26:56.4,4.200204E+00,5.638221E-02,2.368168E-01,nan
26:57.4,4.200204E+00,5.624180E-02,2.362271E-01,nan
26:58.4,4.200199E+00,5.614566E-02,2.358230E-01,nan
26:59.4,4.200202E+00,5.614440E-02,2.358178E-01,nan
27:00.4,4.200209E+00,5.609633E-02,2.356163E-01,nan
27:01.4,4.200209E+00,5.599514E-02,2.351913E-01,nan
27:02.4,4.200202E+00,5.594328E-02,2.349731E-01,nan
27:03.4,4.200217E+00,5.601918E-02,2.352927E-01,nan
27:04.4,4.200217E+00,5.597617E-02,2.351120E-01,nan
27:05.4,4.200224E+00,5.584968E-02,2.345811E-01,nan
27:06.4,4.200189E+00,5.552333E-02,2.332085E-01,nan
27:07.4,4.200172E+00,5.548032E-02,2.330269E-01,nan
27:08.4,4.200187E+00,5.548412E-02,2.330436E-01,nan
27:09.4,4.200177E+00,5.538798E-02,2.326393E-01,nan
27:10.4,4.200184E+00,5.542846E-02,2.328098E-01,nan
27:11.4,4.200184E+00,5.515144E-02,2.316462E-01,nan
27:12.4,4.200184E+00,5.523366E-02,2.319916E-01,nan
27:13.4,4.200204E+00,5.532727E-02,2.323858E-01,nan
27:14.4,4.200182E+00,5.504772E-02,2.312104E-01,nan
27:15.4,4.200212E+00,5.536901E-02,2.325615E-01,nan
27:16.4,4.200182E+00,5.494400E-02,2.307748E-01,nan
27:17.4,4.200199E+00,5.489087E-02,2.305526E-01,nan
27:18.4,4.200212E+00,5.489467E-02,2.305692E-01,nan
27:19.4,4.200204E+00,5.490732E-02,2.306220E-01,nan
27:20.4,4.200212E+00,5.491491E-02,2.306542E-01,nan
27:21.4,4.200204E+00,5.469481E-02,2.297294E-01,nan
27:22.4,4.200207E+00,5.465686E-02,2.295701E-01,nan
27:23.4,4.200202E+00,5.446586E-02,2.287676E-01,nan
27:24.4,4.200199E+00,5.446713E-02,2.287728E-01,nan
27:25.4,4.200194E+00,5.430775E-02,2.281031E-01,nan
27:26.4,4.200180E+00,5.433684E-02,2.282245E-01,nan
27:27.4,4.200182E+00,5.437100E-02,2.283681E-01,nan
27:28.4,4.200199E+00,5.439503E-02,2.284699E-01,nan
27:29.4,4.200214E+00,5.471126E-02,2.297990E-01,nan
27:30.4,4.200207E+00,5.453290E-02,2.290495E-01,nan
27:31.4,4.200207E+00,5.423565E-02,2.278009E-01,nan
27:32.4,4.200212E+00,5.434190E-02,2.282475E-01,nan
27:33.4,4.200204E+00,5.413066E-02,2.273598E-01,nan
27:34.4,4.200207E+00,5.423312E-02,2.277903E-01,nan
27:35.4,4.200217E+00,5.410157E-02,2.272383E-01,nan
27:36.4,4.200234E+00,5.412940E-02,2.273561E-01,nan
27:37.4,4.200214E+00,5.386756E-02,2.262553E-01,nan
27:38.4,4.200212E+00,5.398899E-02,2.267652E-01,nan
27:39.4,4.200197E+00,5.381696E-02,2.260418E-01,nan
27:40.4,4.200209E+00,5.373348E-02,2.256919E-01,nan
27:41.4,4.200212E+00,5.363229E-02,2.252669E-01,nan
27:42.4,4.200224E+00,5.375119E-02,2.257670E-01,nan
27:43.4,4.200202E+00,5.345267E-02,2.245120E-01,nan
27:44.4,4.200207E+00,5.343622E-02,2.244432E-01,nan
27:45.4,4.200219E+00,5.385870E-02,2.262184E-01,nan
27:46.4,4.200217E+00,5.347797E-02,2.246190E-01,nan
27:47.4,4.200212E+00,5.334262E-02,2.240503E-01,nan
27:48.4,4.200212E+00,5.348302E-02,2.246400E-01,nan
27:49.4,4.200184E+00,5.306561E-02,2.228853E-01,nan
27:50.4,4.200192E+00,5.313770E-02,2.231886E-01,nan
27:51.4,4.200187E+00,5.314656E-02,2.232255E-01,nan
27:52.4,4.200202E+00,5.315921E-02,2.232794E-01,nan
27:53.4,4.200209E+00,5.333883E-02,2.240342E-01,nan
27:54.4,4.200222E+00,5.329076E-02,2.238330E-01,nan
27:55.4,4.200209E+00,5.315035E-02,2.232426E-01,nan
27:56.4,4.200204E+00,5.301374E-02,2.226686E-01,nan
27:57.4,4.200207E+00,5.309217E-02,2.229981E-01,nan
27:58.4,4.200209E+00,5.295935E-02,2.224404E-01,nan
27:59.4,4.200209E+00,5.290749E-02,2.222225E-01,nan
28:00.4,4.200202E+00,5.281009E-02,2.218130E-01,nan
28:01.4,4.200232E+00,5.306813E-02,2.228985E-01,nan
28:02.4,4.200226E+00,5.287207E-02,2.220747E-01,nan
28:03.4,4.200222E+00,5.271016E-02,2.213944E-01,nan
28:04.4,4.200229E+00,5.287966E-02,2.221067E-01,nan
28:05.4,4.200209E+00,5.258114E-02,2.208518E-01,nan
28:06.4,4.200217E+00,5.267854E-02,2.212613E-01,nan
28:07.4,4.200217E+00,5.254573E-02,2.207034E-01,nan
28:08.4,4.200204E+00,5.253308E-02,2.206497E-01,nan
28:09.4,4.200214E+00,5.260012E-02,2.209317E-01,nan
28:10.4,4.200214E+00,5.252422E-02,2.206130E-01,nan
28:11.4,4.200209E+00,5.235978E-02,2.199220E-01,nan
28:12.4,4.200202E+00,5.216625E-02,2.191088E-01,nan
28:13.4,4.200204E+00,5.225985E-02,2.195021E-01,nan
28:14.4,4.200194E+00,5.203091E-02,2.185399E-01,nan
28:15.4,4.200199E+00,5.211692E-02,2.189014E-01,nan
28:16.4,4.200217E+00,5.222950E-02,2.193752E-01,nan
28:17.4,4.200204E+00,5.213843E-02,2.189920E-01,nan
28:18.4,4.200214E+00,5.210174E-02,2.188385E-01,nan
28:19.4,4.200217E+00,5.196640E-02,2.182701E-01,nan
28:20.4,4.200224E+00,5.214981E-02,2.190409E-01,nan
28:21.4,4.200219E+00,5.190568E-02,2.180152E-01,nan
28:22.4,4.200226E+00,5.187026E-02,2.178668E-01,nan
28:23.4,4.200212E+00,5.182220E-02,2.176642E-01,nan
28:24.4,4.200232E+00,5.197272E-02,2.182975E-01,nan
28:25.4,4.200224E+00,5.163625E-02,2.168838E-01,nan
28:26.4,4.200222E+00,5.156668E-02,2.165915E-01,nan
28:27.4,4.200241E+00,5.178172E-02,2.174957E-01,nan
28:28.4,4.200244E+00,5.159325E-02,2.167042E-01,nan
28:29.4,4.200224E+00,5.157427E-02,2.166235E-01,nan
28:30.4,4.200236E+00,5.159325E-02,2.167038E-01,nan
28:31.4,4.200229E+00,5.145917E-02,2.161403E-01,nan
28:32.4,4.200234E+00,5.133520E-02,2.156199E-01,nan
28:33.4,4.200226E+00,5.128587E-02,2.154123E-01,nan
28:34.4,4.200246E+00,5.129852E-02,2.154664E-01,nan
28:35.4,4.200239E+00,5.157048E-02,2.166083E-01,nan
28:36.4,4.200239E+00,5.124160E-02,2.152269E-01,nan
28:37.4,4.200219E+00,5.118721E-02,2.149975E-01,nan
28:38.4,4.200209E+00,5.107084E-02,2.145082E-01,nan
28:39.4,4.200209E+00,5.103289E-02,2.143488E-01,nan
28:40.4,4.200212E+00,5.090513E-02,2.138123E-01,nan
28:41.4,4.200217E+00,5.084695E-02,2.135682E-01,nan
28:42.4,4.200202E+00,5.075967E-02,2.132008E-01,nan
28:43.4,4.200229E+00,5.070401E-02,2.129685E-01,nan
28:44.4,4.200226E+00,5.073057E-02,2.130799E-01,nan
28:45.4,4.200222E+00,5.073437E-02,2.130956E-01,nan
28:46.4,4.200234E+00,5.086972E-02,2.136647E-01,nan
28:47.4,4.200232E+00,5.074702E-02,2.131492E-01,nan
28:48.4,4.200234E+00,5.063697E-02,2.126871E-01,nan
28:49.4,4.200236E+00,5.066860E-02,2.128201E-01,nan
28:50.4,4.200236E+00,5.064330E-02,2.127138E-01,nan
28:51.4,4.200222E+00,5.046368E-02,2.119586E-01,nan
28:52.4,4.200236E+00,5.066733E-02,2.128148E-01,nan
28:53.4,4.200239E+00,5.050416E-02,2.121295E-01,nan
28:54.4,4.200241E+00,5.030051E-02,2.112742E-01,nan
28:55.4,4.200232E+00,5.037767E-02,2.115979E-01,nan
28:56.4,4.200229E+00,5.023346E-02,2.109921E-01,nan
28:57.4,4.200229E+00,5.023094E-02,2.109814E-01,nan
28:58.4,4.200244E+00,5.017908E-02,2.107644E-01,nan
28:59.4,4.200219E+00,5.006903E-02,2.103009E-01,nan
29:00.4,4.200236E+00,5.025370E-02,2.110774E-01,nan
29:01.4,4.200236E+00,5.012089E-02,2.105196E-01,nan
29:02.4,4.200234E+00,5.025244E-02,2.110720E-01,nan
29:03.4,4.200232E+00,5.014618E-02,2.106256E-01,nan
29:04.0,4.200224E+00,4.974141E-02,2.089251E-01,nan
29:05.0,4.200219E+00,4.977936E-02,2.090842E-01,nan
