param_set,Q_Ah,Q_frac_common,Q_frac_nominal_5Ah,segment,segment_interpretation,t_DC_s,t_DCAC_s,dt_full_s,dt_full_min,V_DC_V,I_DC_A,stage_DC,V_DCAC_V,I_DCAC_A,stage_DCAC,Q_to_Vmax_DC_Ah,Q_to_Vmax_DCAC_Ah,Q_common_max_Ah,DCAC_has_reached_Vmax,DC_has_reached_Vmax,found_both
Chen2020,0.2436294215340723,0.05,0.04872588430681446,A_pre_DCAC_Vmax,shared pre-Vmax region; Segment A geometry-dominated,877.0659175226605,402.5891494373453,474.47676808531514,7.907946134755252,3.357824802803431,-1.0,CC_until_Vmax,3.4749125314773486,-3.144382270761768,CC_until_Vmax,4.627667035889793,3.7702215079827632,4.8725884306814455,False,False,True
Chen2020,0.2825282367369914,0.05798319327731093,0.05650564734739828,A_pre_DCAC_Vmax,shared pre-Vmax region; Segment A geometry-dominated,1017.1016522531692,446.1921121605397,570.9095400926294,9.515159001543823,3.3835565967967667,-1.0,CC_until_Vmax,3.5068577086068577,-3.274166769815027,CC_until_Vmax,4.627667035889793,3.7702215079827632,4.8725884306814455,False,False,True
Chen2020,0.3214270519399105,0.06596638655462185,0.0642854103879821,A_pre_DCAC_Vmax,shared pre-Vmax region; Segment A geometry-dominated,1157.137386983678,488.30407509755673,668.8333118861212,11.147221864768687,3.4084230436986744,-1.0,CC_until_Vmax,3.5348751948476975,-3.372741579453466,CC_until_Vmax,4.627667035889793,3.7702215079827632,4.8725884306814455,False,False,True
Chen2020,0.36032586714282966,0.07394957983193279,0.07206517342856593,A_pre_DCAC_Vmax,shared pre-Vmax region; Segment A geometry-dominated,1297.173121714187,529.3768520392545,767.7962696749324,12.796604494582207,3.4313448642074347,-1.0,CC_until_Vmax,3.5582984990554705,-3.442330771868142,CC_until_Vmax,4.627667035889793,3.7702215079827632,4.8725884306814455,False,False,True
Chen2020,0.3992246823457487,0.0819327731092437,0.07984493646914974,A_pre_DCAC_Vmax,shared pre-Vmax region; Segment A geometry-dominated,1437.2088564446954,569.7866382829285,867.4222181617669,14.45703696936278,3.4514994093749203,-1.0,CC_until_Vmax,3.577065301980267,-3.484421520164144,CC_until_Vmax,4.627667035889793,3.7702215079827632,4.8725884306814455,False,False,True
Chen2020,0.43812349754866786,0.08991596638655464,0.08762469950973358,A_pre_DCAC_Vmax,shared pre-Vmax region; Segment A geometry-dominated,1577.2445911752043,609.8632140193574,967.3813771558468,16.12302295259745,3.468545983618992,-1.0,CC_until_Vmax,3.591615670063838,-3.499887645845756,CC_until_Vmax,4.627667035889793,3.7702215079827632,4.8725884306814455,False,False,True
Chen2020,0.47702231275158696,0.09789915966386556,0.0954044625503174,A_pre_DCAC_Vmax,shared pre-Vmax region; Segment A geometry-dominated,1717.280325905713,649.913164258235,1067.367161647478,17.789452694124634,3.482608938005179,-1.0,CC_until_Vmax,3.602623347185185,-3.4890587448412713,CC_until_Vmax,4.627667035889793,3.7702215079827632,4.8725884306814455,False,False,True
Chen2020,0.5159211279545061,0.10588235294117648,0.10318422559090121,A_pre_DCAC_Vmax,shared pre-Vmax region; Segment A geometry-dominated,1857.3160606362217,690.2410866140076,1167.074974022214,19.4512495670369,3.4941128778778126,-1.0,CC_until_Vmax,3.61076507289785,-3.4517062660006808,CC_until_Vmax,4.627667035889793,3.7702215079827632,4.8725884306814455,False,False,True
Chen2020,0.5548199431574252,0.11386554621848742,0.11096398863148504,A_pre_DCAC_Vmax,shared pre-Vmax region; Segment A geometry-dominated,1997.3517953667308,731.1716829778243,1266.1801123889065,21.103001873148443,3.5036004441717465,-1.0,CC_until_Vmax,3.6166040786178417,-3.387033773017371,CC_until_Vmax,4.627667035889793,3.7702215079827632,4.8725884306814455,False,False,True
Chen2020,0.5937187583603443,0.12184873949579833,0.11874375167206885,A_pre_DCAC_Vmax,shared pre-Vmax region; Segment A geometry-dominated,2137.3875300972395,773.0711217663162,1364.3164083309234,22.738606805515392,3.5116034147861686,-1.0,CC_until_Vmax,3.6205301040314275,-3.2936814899910396,CC_until_Vmax,4.627667035889793,3.7702215079827632,4.8725884306814455,False,False,True
Chen2020,0.6326175735632633,0.12983193277310925,0.12652351471265266,A_pre_DCAC_Vmax,shared pre-Vmax region; Segment A geometry-dominated,2277.423264827748,816.3757180266692,1461.0475468010786,24.350792446684643,3.5185796461144503,-1.0,CC_until_Vmax,3.622755244738531,-3.1695643121181165,CC_until_Vmax,4.627667035889793,3.7702215079827632,4.8725884306814455,False,False,True
Chen2020,0.6715163887661825,0.13781512605042018,0.1343032777532365,A_pre_DCAC_Vmax,shared pre-Vmax region; Segment A geometry-dominated,2417.458999558257,861.6497527587682,1555.8092467994888,25.930154113324814,3.5248953189931065,-1.0,CC_until_Vmax,3.6233224308795617,-3.0114073618502264,CC_until_Vmax,4.627667035889793,3.7702215079827632,4.8725884306814455,False,False,True
Chen2020,0.7104152039691016,0.14579831932773113,0.14208304079382034,A_pre_DCAC_Vmax,shared pre-Vmax region; Segment A geometry-dominated,2557.494734288766,909.6804254794246,1647.8143088093411,27.46357181348902,3.530831949768557,-1.0,CC_until_Vmax,3.622084747257749,-2.8141410230083617,CC_until_Vmax,4.627667035889793,3.7702215079827632,4.8725884306814455,False,False,True
Chen2020,0.7493140191720207,0.15378151260504203,0.14986280383440415,A_pre_DCAC_Vmax,shared pre-Vmax region; Segment A geometry-dominated,2697.5304690192743,961.6639301362526,1735.8665388830218,28.931108981383698,3.5366007418576255,-1.0,CC_until_Vmax,3.61867034202188,-2.569722817304604,CC_until_Vmax,4.627667035889793,3.7702215079827632,4.8725884306814455,False,False,True
Chen2020,0.7882128343749398,0.16176470588235298,0.15764256687498795,A_pre_DCAC_Vmax,shared pre-Vmax region; Segment A geometry-dominated,2837.5662037497837,1019.5182509245178,1818.0479528252658,30.30079921375443,3.542358397968756,-1.0,CC_until_Vmax,3.6123762999070754,-2.2653577757182726,CC_until_Vmax,4.627667035889793,3.7702215079827632,4.8725884306814455,False,False,True
Chen2020,0.8271116495778589,0.16974789915966387,0.16542232991557176,A_pre_DCAC_Vmax,shared pre-Vmax region; Segment A geometry-dominated,2977.601938480292,1087.0972229575864,1890.5047155227057,31.50841192537843,3.548220342662925,-1.0,CC_until_Vmax,3.601703411891161,-1.8751328431916487,CC_until_Vmax,4.627667035889793,3.7702215079827632,4.8725884306814455,False,False,True
Chen2020,0.866010464780778,0.17773109243697482,0.1732020929561556,A_pre_DCAC_Vmax,shared pre-Vmax region; Segment A geometry-dominated,3117.6376732108006,1174.2044098892766,1943.433263321524,32.39055438869207,3.554269900889075,-1.0,CC_until_Vmax,3.5829125605096697,-1.3354116398093838,CC_until_Vmax,4.627667035889793,3.7702215079827632,4.8725884306814455,False,False,True
Chen2020,0.9049092799836972,0.18571428571428575,0.18098185599673944,A_pre_DCAC_Vmax,shared pre-Vmax region; Segment A geometry-dominated,3257.67340794131,1373.8244500726576,1883.8489578686524,31.397482631144207,3.5605652379482935,-1.0,CC_until_Vmax,3.524482107135395,-0.08061279511599692,CC_until_Vmax,4.627667035889793,3.7702215079827632,4.8725884306814455,False,False,True
Chen2020,0.9438080951866162,0.19369747899159667,0.18876161903732325,A_pre_DCAC_Vmax,shared pre-Vmax region; Segment A geometry-dominated,3397.7091426718184,2877.225770606834,520.4833720649845,8.674722867749741,3.5671428696325216,-1.0,CC_until_Vmax,3.661641641983798,-3.2107082214822746,CC_until_Vmax,4.627667035889793,3.7702215079827632,4.8725884306814455,False,False,True
Chen2020,0.9827069103895354,0.2016806722689076,0.19654138207790708,A_pre_DCAC_Vmax,shared pre-Vmax region; Segment A geometry-dominated,3537.744877402328,2920.056030757505,617.6888466448227,10.294814110747044,3.574019869133844,-1.0,CC_until_Vmax,3.6747118210424112,-3.325319049576965,CC_until_Vmax,4.627667035889793,3.7702215079827632,4.8725884306814455,False,False,True
Chen2020,1.0216057255924544,0.20966386554621852,0.2043211451184909,A_pre_DCAC_Vmax,shared pre-Vmax region; Segment A geometry-dominated,3677.7806121328367,2961.611292993769,716.1693191390677,11.936155318984463,3.581194513734454,-1.0,CC_until_Vmax,3.686856401875714,-3.4095782123411387,CC_until_Vmax,4.627667035889793,3.7702215079827632,4.8725884306814455,False,False,True
Chen2020,1.0605045407953737,0.21764705882352947,0.21210090815907473,A_pre_DCAC_Vmax,shared pre-Vmax region; Segment A geometry-dominated,3817.8163468633456,3002.3215305563062,815.4948163070394,13.59158027178399,3.588646437650095,-1.0,CC_until_Vmax,3.6981014720634855,-3.4657543320814534,CC_until_Vmax,4.627667035889793,3.7702215079827632,4.8725884306814455,False,False,True
Chen2020,1.0994033559982928,0.22563025210084037,0.21988067119965854,A_pre_DCAC_Vmax,shared pre-Vmax region; Segment A geometry-dominated,3957.8520815938537,3042.53352258658,915.3185590072735,15.255309316787892,3.5963368409880845,-1.0,CC_until_Vmax,3.708425029270803,-3.4949827258844315,CC_until_Vmax,4.627667035889793,3.7702215079827632,4.8725884306814455,False,False,True
Chen2020,1.1383021712012118,0.2336134453781513,0.22766043424024235,A_pre_DCAC_Vmax,shared pre-Vmax region; Segment A geometry-dominated,4097.887816324363,3082.561356679766,1015.3264596445965,16.922107660743276,3.6042102050821723,-1.0,CC_until_Vmax,3.71776859063175,-3.4978314917534976,CC_until_Vmax,4.627667035889793,3.7702215079827632,4.8725884306814455,False,False,True
Chen2020,1.1772009864041308,0.24159663865546221,0.23544019728082616,A_pre_DCAC_Vmax,shared pre-Vmax region; Segment A geometry-dominated,4237.923551054871,3122.707614008358,1115.2159370465124,18.58693228410854,3.6121975085908593,-1.0,CC_until_Vmax,3.7260549617190963,-3.474344429524577,CC_until_Vmax,4.627667035889793,3.7702215079827632,4.8725884306814455,False,False,True
Chen2020,1.21609980160705,0.2495798319327731,0.24321996032140997,A_pre_DCAC_Vmax,shared pre-Vmax region; Segment A geometry-dominated,4377.95928578538,3163.283192989677,1214.6760927957034,20.244601546595057,3.6202215843437,-1.0,CC_until_Vmax,3.7331938416686405,-3.424043891640733,CC_until_Vmax,4.627667035889793,3.7702215079827632,4.8725884306814455,False,False,True
Chen2020,1.254998616809969,0.257563025210084,0.2509997233619938,A_pre_DCAC_Vmax,shared pre-Vmax region; Segment A geometry-dominated,4517.995020515888,3204.6281561203255,1313.366864395563,21.889447739926048,3.6282037494902237,-1.0,CC_until_Vmax,3.739071795604994,-3.3458939615341574,CC_until_Vmax,4.627667035889793,3.7702215079827632,4.8725884306814455,False,False,True
Chen2020,1.2938974320128884,0.265546218487395,0.2587794864025777,A_pre_DCAC_Vmax,shared pre-Vmax region; Segment A geometry-dominated,4658.030755246398,3247.1361964838106,1410.8945587625876,23.514909312709793,3.636070205399012,-1.0,CC_until_Vmax,3.7435628915673496,-3.2382182053590824,CC_until_Vmax,4.627667035889793,3.7702215079827632,4.8725884306814455,False,False,True
Chen2020,1.3327962472158075,0.27352941176470597,0.2665592494431615,A_pre_DCAC_Vmax,shared pre-Vmax region; Segment A geometry-dominated,4798.066489976907,3291.3005193361378,1506.7659706407694,25.112766177346156,3.6437587003216563,-1.0,CC_until_Vmax,3.7464933039836943,-3.0983302797087187,CC_until_Vmax,4.627667035889793,3.7702215079827632,4.8725884306814455,False,False,True
Chen2020,1.3716950624187265,0.28151260504201686,0.2743390124837453,A_pre_DCAC_Vmax,shared pre-Vmax region; Segment A geometry-dominated,4938.102224707415,3337.7897182995575,1600.3125064078577,26.67187510679763,3.651222532020611,-1.0,CC_until_Vmax,3.74761376351714,-2.9220415244220157,CC_until_Vmax,4.627667035889793,3.7702215079827632,4.8725884306814455,False,False,True
Chen2020,1.4105938776216456,0.28949579831932776,0.2821187755243291,A_pre_DCAC_Vmax,shared pre-Vmax region; Segment A geometry-dominated,5078.137959437924,3387.5359059047705,1690.6020535331536,28.176700892219227,3.658433080906979,-1.0,CC_until_Vmax,3.7465862236938716,-2.703374336361798,CC_until_Vmax,4.627667035889793,3.7702215079827632,4.8725884306814455,False,False,True
Chen2020,1.4494926928245646,0.2974789915966387,0.28989853856491293,A_pre_DCAC_Vmax,shared pre-Vmax region; Segment A geometry-dominated,5218.173694168433,3442.014880688081,1776.158813480352,29.602646891339198,3.6653797433706163,-1.0,CC_until_Vmax,3.742838887004913,-2.4323952444778874,CC_until_Vmax,4.627667035889793,3.7702215079827632,4.8725884306814455,False,False,True
Chen2020,1.4883915080274837,0.3054621848739496,0.29767830160549674,A_pre_DCAC_Vmax,shared pre-Vmax region; Segment A geometry-dominated,5358.209428898941,3503.8662274302856,1854.3432014686555,30.905720024477592,3.672068449525162,-1.0,CC_until_Vmax,3.73535108308634,-2.0912728060771615,CC_until_Vmax,4.627667035889793,3.7702215079827632,4.8725884306814455,False,False,True
Chen2020,1.5272903232304027,0.3134453781512605,0.30545806464608055,A_pre_DCAC_Vmax,shared pre-Vmax region; Segment A geometry-dominated,5498.24516362945,3578.747792099902,1919.4973715295478,31.991622858825796,3.6785189886384013,-1.0,CC_until_Vmax,3.721980165055512,-1.6426508896613186,CC_until_Vmax,4.627667035889793,3.7702215079827632,4.8725884306814455,False,False,True
Chen2020,1.5661891384333222,0.3214285714285715,0.3132378276866644,A_pre_DCAC_Vmax,shared pre-Vmax region; Segment A geometry-dominated,5638.280898359959,3686.1292395738915,1952.1516587860674,32.53586097976779,3.684761811590134,-1.0,CC_until_Vmax,3.6958014792511413,-0.9624952542915728,CC_until_Vmax,4.627667035889793,3.7702215079827632,4.8725884306814455,False,False,True
Chen2020,1.6050879536362412,0.3294117647058824,0.3210175907272482,A_pre_DCAC_Vmax,shared pre-Vmax region; Segment A geometry-dominated,5778.316633090468,5307.778428819204,470.53820427126357,7.84230340452106,3.6908348643851925,-1.0,CC_until_Vmax,3.7805815871555652,-3.1383245179880443,CC_until_Vmax,4.627667035889793,3.7702215079827632,4.8725884306814455,False,False,True
Chen2020,1.6439867688391603,0.33739495798319336,0.32879735376783203,A_pre_DCAC_Vmax,shared pre-Vmax region; Segment A geometry-dominated,5918.352367820978,5351.4585274540705,566.8938403669072,9.448230672781786,3.6967806389451803,-1.0,CC_until_Vmax,3.7939104935725094,-3.26954547756019,CC_until_Vmax,4.627667035889793,3.7702215079827632,4.8725884306814455,False,False,True
Chen2020,1.6828855840420793,0.34537815126050425,0.33657711680841584,A_pre_DCAC_Vmax,shared pre-Vmax region; Segment A geometry-dominated,6058.388102551487,5393.6151634569505,664.772939094536,11.079548984908934,3.7026437551980704,-1.0,CC_until_Vmax,3.806161697331363,-3.369188891036345,CC_until_Vmax,4.627667035889793,3.7702215079827632,4.8725884306814455,False,False,True
Chen2020,1.7217843992449984,0.35336134453781515,0.34435687984899965,A_pre_DCAC_Vmax,shared pre-Vmax region; Segment A geometry-dominated,6198.423837281994,5434.721676922893,763.7021603591011,12.728369339318352,3.7084691006105857,-1.0,CC_until_Vmax,3.817473342519054,-3.4398559172913297,CC_until_Vmax,4.627667035889793,3.7702215079827632,4.8725884306814455,False,False,True
Chen2020,1.7606832144479174,0.3613445378151261,0.35213664288958346,A_pre_DCAC_Vmax,shared pre-Vmax region; Segment A geometry-dominated,6338.459572012503,5475.153404686866,863.3061673256361,14.388436122093935,3.7143000579187424,-1.0,CC_until_Vmax,3.8279029300941567,-3.4830282845330025,CC_until_Vmax,4.627667035889793,3.7702215079827632,4.8725884306814455,False,False,True
Chen2020,1.7995820296508365,0.369327731092437,0.35991640593016727,A_pre_DCAC_Vmax,shared pre-Vmax region; Segment A geometry-dominated,6478.495306743011,5515.239703691936,963.255603051075,16.05426005085125,3.720177378770464,-1.0,CC_until_Vmax,3.8374508338754887,-3.4995767660894126,CC_until_Vmax,4.627667035889793,3.7702215079827632,4.8725884306814455,False,False,True
Chen2020,1.838480844853756,0.377310924369748,0.3676961689707512,A_pre_DCAC_Vmax,shared pre-Vmax region; Segment A geometry-dominated,6618.531041473521,5555.287036780006,1063.2440046935153,17.720733411558587,3.726137945665567,-1.0,CC_until_Vmax,3.8460699532805744,-3.489829020132956,CC_until_Vmax,4.627667035889793,3.7702215079827632,4.8725884306814455,False,False,True
Chen2020,1.877379660056675,0.3852941176470589,0.375475932011335,A_pre_DCAC_Vmax,shared pre-Vmax region; Segment A geometry-dominated,6758.566776204031,5595.5992639397955,1162.9675122642357,19.382791871070594,3.7322135406192323,-1.0,CC_until_Vmax,3.853669582936077,-3.4535944293339713,CC_until_Vmax,4.627667035889793,3.7702215079827632,4.8725884306814455,False,False,True
Chen2020,1.916278475259594,0.3932773109243698,0.3832556950519188,A_pre_DCAC_Vmax,shared pre-Vmax region; Segment A geometry-dominated,6898.602510934538,5636.497619159045,1262.1048917754933,21.035081529591555,3.7384303619183905,-1.0,CC_until_Vmax,3.8601322509314677,-3.390149768959674,CC_until_Vmax,4.627667035889793,3.7702215079827632,4.8725884306814455,False,False,True
Chen2020,1.955177290462513,0.40126050420168075,0.3910354580925026,A_pre_DCAC_Vmax,shared pre-Vmax region; Segment A geometry-dominated,7038.638245665047,5678.342788661377,1360.29545700367,22.671590950061166,3.744807390683011,-1.0,CC_until_Vmax,3.865310043079962,-3.29818351008541,CC_until_Vmax,4.627667035889793,3.7702215079827632,4.8725884306814455,False,False,True
Chen2020,1.9940761056654321,0.40924369747899164,0.39881522113308643,A_pre_DCAC_Vmax,shared pre-Vmax region; Segment A geometry-dominated,7178.673980395555,5721.577396720155,1457.0965836754003,24.284943061256673,3.751355872697116,-1.0,CC_until_Vmax,3.869012783718387,-3.175417132100462,CC_until_Vmax,4.627667035889793,3.7702215079827632,4.8725884306814455,False,False,True
Chen2020,2.032974920868351,0.41722689075630254,0.40659498417367024,A_pre_DCAC_Vmax,shared pre-Vmax region; Segment A geometry-dominated,7318.709715126065,5766.7660723266545,1551.9436427994106,25.865727379990176,3.758077647455378,-1.0,CC_until_Vmax,3.87100469604951,-3.018594028719129,CC_until_Vmax,4.627667035889793,3.7702215079827632,4.8725884306814455,False,False,True
Chen2020,2.0718737360712702,0.4252100840336135,0.41437474721425405,A_pre_DCAC_Vmax,shared pre-Vmax region; Segment A geometry-dominated,7458.745449856572,5814.675245435376,1644.0702044211957,27.401170073686597,3.7649662860863837,-1.0,CC_until_Vmax,3.870978107714358,-2.822939819705637,CC_until_Vmax,4.627667035889793,3.7702215079827632,4.8725884306814455,False,False,True
Chen2020,2.1107725512741897,0.4331932773109245,0.42215451025483797,A_pre_DCAC_Vmax,shared pre-Vmax region; Segment A geometry-dominated,7598.781184587083,5866.456693176854,1732.3244914102288,28.87207485683715,3.77200554076146,-1.0,CC_until_Vmax,3.8684607487134333,-2.5807835688487084,CC_until_Vmax,4.627667035889793,3.7702215079827632,4.8725884306814455,False,False,True
Chen2020,2.1496713664771088,0.4411764705882354,0.4299342732954218,A_pre_DCAC_Vmax,shared pre-Vmax region; Segment A geometry-dominated,7738.816919317592,5924.026972236409,1814.7899470811826,30.24649911801971,3.7791704240091213,-1.0,CC_until_Vmax,3.8626687735536,-2.2791570760243016,CC_until_Vmax,4.627667035889793,3.7702215079827632,4.8725884306814455,False,False,True
Chen2020,2.188570181680028,0.4491596638655463,0.4377140363360056,A_pre_DCAC_Vmax,shared pre-Vmax region; Segment A geometry-dominated,7878.8526540481,5991.041160341471,1887.8114937066284,31.463524895110474,3.786428849059555,-1.0,CC_until_Vmax,3.852107735787103,-1.8936300422346195,CC_until_Vmax,4.627667035889793,3.7702215079827632,4.8725884306814455,False,False,True
Chen2020,2.227468996882947,0.4571428571428572,0.4454937993765894,A_pre_DCAC_Vmax,shared pre-Vmax region; Segment A geometry-dominated,8018.888388778609,6076.942181079723,1941.9462076988857,32.365770128314765,3.79374220524503,-1.0,CC_until_Vmax,3.83300876569867,-1.3626064280816428,CC_until_Vmax,4.627667035889793,3.7702215079827632,4.8725884306814455,False,False,True
Chen2020,2.266367812085866,0.46512605042016814,0.4532735624171732,A_pre_DCAC_Vmax,shared pre-Vmax region; Segment A geometry-dominated,8158.924123509118,6248.322420751446,1910.6017027576718,31.843361712627864,3.801069800489211,-1.0,CC_until_Vmax,3.78095303923469,-0.2772025094028609,CC_until_Vmax,4.627667035889793,3.7702215079827632,4.8725884306814455,False,False,True
Chen2020,2.305266627288785,0.47310924369747903,0.461053325457757,A_pre_DCAC_Vmax,shared pre-Vmax region; Segment A geometry-dominated,8298.959858239627,7782.453253449267,516.5066047903592,8.608443413172655,3.8083699719104533,-1.0,CC_until_Vmax,3.908531010410846,-3.205315954654817,CC_until_Vmax,4.627667035889793,3.7702215079827632,4.8725884306814455,False,False,True
Chen2020,2.3441654424917044,0.48109243697479004,0.4688330884983409,A_pre_DCAC_Vmax,shared pre-Vmax region; Segment A geometry-dominated,8438.995592970134,7825.336383186978,613.6592097831553,10.227653496385923,3.815604028764427,-1.0,CC_until_Vmax,3.9223367616518736,-3.321003186731713,CC_until_Vmax,4.627667035889793,3.7702215079827632,4.8725884306814455,False,False,True
Chen2020,2.3830642576946235,0.48907563025210093,0.4766128515389247,A_pre_DCAC_Vmax,shared pre-Vmax region; Segment A geometry-dominated,8579.031327700644,7866.941556950997,712.089770749647,11.868162845827449,3.8227385805681218,-1.0,CC_until_Vmax,3.9345567248183935,-3.4066009395304686,CC_until_Vmax,4.627667035889793,3.7702215079827632,4.8725884306814455,False,False,True
Chen2020,2.4219630728975425,0.4970588235294119,0.4843926145795085,A_pre_DCAC_Vmax,shared pre-Vmax region; Segment A geometry-dominated,8719.067062431153,7907.681502512439,811.3855599187145,13.523092665311909,3.829747685268563,-1.0,CC_until_Vmax,3.9453723708520743,-3.463975106037218,CC_until_Vmax,4.627667035889793,3.7702215079827632,4.8725884306814455,False,False,True
Chen2020,2.4608618881004616,0.5050420168067228,0.4921723776200923,A_pre_DCAC_Vmax,shared pre-Vmax region; Segment A geometry-dominated,8859.10279716166,7947.9078435567135,911.1949536049469,15.18658256008245,3.8366165705024775,-1.0,CC_until_Vmax,3.954915724087328,-3.494320138974874,CC_until_Vmax,4.627667035889793,3.7702215079827632,4.8725884306814455,False,False,True
Chen2020,2.4997607033033806,0.5130252100840337,0.4999521406606761,A_pre_DCAC_Vmax,shared pre-Vmax region; Segment A geometry-dominated,8999.138531892171,7987.937047603735,1011.2014842884364,16.85335807147394,3.843341566791161,-1.0,CC_until_Vmax,3.9632709697850412,-3.4982552345170044,CC_until_Vmax,4.627667035889793,3.7702215079827632,4.8725884306814455,False,False,True
Chen2020,2.5386595185062997,0.5210084033613446,0.50773190370126,A_pre_DCAC_Vmax,shared pre-Vmax region; Segment A geometry-dominated,9139.17426662268,8028.071961051641,1111.1023055710393,18.518371759517322,3.8499316919459137,-1.0,CC_until_Vmax,3.97047408443286,-3.4758723697510705,CC_until_Vmax,4.627667035889793,3.7702215079827632,4.8725884306814455,False,False,True
Chen2020,2.5775583337092187,0.5289915966386555,0.5155116667418438,A_pre_DCAC_Vmax,shared pre-Vmax region; Segment A geometry-dominated,9279.210001353187,8068.621671841469,1210.5883295117183,20.176472158528636,3.8564077458365955,-1.0,CC_until_Vmax,3.9765160104430253,-3.4267437674957932,CC_until_Vmax,4.627667035889793,3.7702215079827632,4.8725884306814455,False,False,True
Chen2020,2.616457148912138,0.5369747899159665,0.5232914297824276,A_pre_DCAC_Vmax,shared pre-Vmax region; Segment A geometry-dominated,9419.245736083698,8109.92209306779,1309.3236430159077,21.822060716931794,3.8627988835918554,-1.0,CC_until_Vmax,3.9813583863844904,-3.3498899772101423,CC_until_Vmax,4.627667035889793,3.7702215079827632,4.8725884306814455,False,False,True
Chen2020,2.6553559641150573,0.5449579831932775,0.5310711928230114,A_pre_DCAC_Vmax,shared pre-Vmax region; Segment A geometry-dominated,9559.281470814209,8152.380150271393,1406.9013205428155,23.448355342380257,3.8691384439754857,-1.0,CC_until_Vmax,3.9848924041789204,-3.243297218866527,CC_until_Vmax,4.627667035889793,3.7702215079827632,4.8725884306814455,False,False,True
Chen2020,2.6942547793179763,0.5529411764705884,0.5388509558635952,A_pre_DCAC_Vmax,shared pre-Vmax region; Segment A geometry-dominated,9699.317205544714,8196.471638942876,1502.845566601838,25.047426110030635,3.8754594570326586,-1.0,CC_until_Vmax,3.9869880202345938,-3.1046861977429505,CC_until_Vmax,4.627667035889793,3.7702215079827632,4.8725884306814455,False,False,True
Chen2020,2.7331535945208953,0.5609243697478993,0.546630718904179,A_pre_DCAC_Vmax,shared pre-Vmax region; Segment A geometry-dominated,9839.352940275223,8242.845148227307,1596.5077920479162,26.608463200798603,3.881792824532079,-1.0,CC_until_Vmax,3.98740890422015,-2.9300701155981885,CC_until_Vmax,4.627667035889793,3.7702215079827632,4.8725884306814455,False,False,True
Chen2020,2.7720524097238144,0.5689075630252102,0.5544104819447628,A_pre_DCAC_Vmax,shared pre-Vmax region; Segment A geometry-dominated,9979.388675005732,8292.430307201514,1686.9583678042181,28.11597279673697,3.888168485071808,-1.0,CC_until_Vmax,3.985795613842644,-2.7133452455141334,CC_until_Vmax,4.627667035889793,3.7702215079827632,4.8725884306814455,False,False,True
Chen2020,2.8109512249267334,0.5768907563025211,0.5621902449853466,A_pre_DCAC_Vmax,shared pre-Vmax region; Segment A geometry-dominated,10119.42440973624,8346.679748140246,1772.7446615959943,29.545744359933238,3.8946174369894924,-1.0,CC_until_Vmax,3.981567650340397,-2.444734758633091,CC_until_Vmax,4.627667035889793,3.7702215079827632,4.8725884306814455,False,False,True
Chen2020,2.8498500401296525,0.584873949579832,0.5699700080259305,A_pre_DCAC_Vmax,shared pre-Vmax region; Segment A geometry-dominated,10259.460144466748,8408.130004124332,1851.3301403424157,30.85550233904026,3.9011744566795397,-1.0,CC_until_Vmax,3.9737074053288426,-2.1071924839184835,CC_until_Vmax,4.627667035889793,3.7702215079827632,4.8725884306814455,False,False,True
Chen2020,2.888748855332572,0.592857142857143,0.5777497710665144,A_pre_DCAC_Vmax,shared pre-Vmax region; Segment A geometry-dominated,10399.495879197259,8482.293944718307,1917.2019344789514,31.95336557464919,3.9078812758293653,-1.0,CC_until_Vmax,3.9600662227487975,-1.664149564943105,CC_until_Vmax,4.627667035889793,3.7702215079827632,4.8725884306814455,False,False,True
Chen2020,2.927647670535491,0.6008403361344539,0.5855295341070982,A_pre_DCAC_Vmax,shared pre-Vmax region; Segment A geometry-dominated,10539.531613927767,8587.257862117907,1952.2737518098602,32.53789586349767,3.914788320548119,-1.0,CC_until_Vmax,3.9340508424462204,-1.000255988635346,CC_until_Vmax,4.627667035889793,3.7702215079827632,4.8725884306814455,False,False,True
Chen2020,2.96654648573841,0.6088235294117649,0.593309297147682,A_pre_DCAC_Vmax,shared pre-Vmax region; Segment A geometry-dominated,10679.567348658276,10212.96150337033,466.60584528794607,7.776764088132435,3.9219559961749315,-1.0,CC_until_Vmax,4.017168995501662,-3.1321589740361,CC_until_Vmax,4.627667035889793,3.7702215079827632,4.8725884306814455,False,False,True
Chen2020,3.005445300941329,0.6168067226890758,0.6010890601882658,A_pre_DCAC_Vmax,shared pre-Vmax region; Segment A geometry-dominated,10819.603083388785,10256.713644213478,562.8894391753074,9.38149065292179,3.929455456792492,-1.0,CC_until_Vmax,4.033124204350377,-3.2646940353976692,CC_until_Vmax,4.627667035889793,3.7702215079827632,4.8725884306814455,False,False,True
Chen2020,3.044344116144248,0.6247899159663867,0.6088688232288496,A_pre_DCAC_Vmax,shared pre-Vmax region; Segment A geometry-dominated,10959.638818119294,10298.931091902841,660.707726216453,11.011795436940883,3.9373603314000163,-1.0,CC_until_Vmax,4.04794825584022,-3.365776135669418,CC_until_Vmax,4.627667035889793,3.7702215079827632,4.8725884306814455,False,False,True
Chen2020,3.083242931347167,0.6327731092436976,0.6166485862694334,A_pre_DCAC_Vmax,shared pre-Vmax region; Segment A geometry-dominated,11099.674552849801,10340.074088098076,759.6004647517257,12.660007745862094,3.9457243460230758,-1.0,CC_until_Vmax,4.061717779077243,-3.4376927826611006,CC_until_Vmax,4.627667035889793,3.7702215079827632,4.8725884306814455,False,False,True
Chen2020,3.1221417465500862,0.6407563025210085,0.6244283493100172,A_pre_DCAC_Vmax,shared pre-Vmax region; Segment A geometry-dominated,11239.71028758031,10380.524164649527,859.1861229307833,14.319768715513055,3.954535311079784,-1.0,CC_until_Vmax,4.074462330824262,-3.481942484234417,CC_until_Vmax,4.627667035889793,3.7702215079827632,4.8725884306814455,False,False,True
Chen2020,3.1610405617530057,0.6487394957983195,0.6322081123506011,A_pre_DCAC_Vmax,shared pre-Vmax region; Segment A geometry-dominated,11379.746022310821,10420.616675582114,959.1293467287069,15.985489112145114,3.9636647461557497,-1.0,CC_until_Vmax,4.086180079051943,-3.4995716677879405,CC_until_Vmax,4.627667035889793,3.7702215079827632,4.8725884306814455,False,False,True
Chen2020,3.199939376955925,0.6567226890756304,0.639987875391185,A_pre_DCAC_Vmax,shared pre-Vmax region; Segment A geometry-dominated,11519.781757041328,10460.657890115559,1059.123866925769,17.652064448762818,3.9728755084935075,-1.0,CC_until_Vmax,4.09679780961927,-3.490906009133607,CC_until_Vmax,4.627667035889793,3.7702215079827632,4.8725884306814455,False,False,True
Chen2020,3.238838192158844,0.6647058823529413,0.6477676384317688,A_pre_DCAC_Vmax,shared pre-Vmax region; Segment A geometry-dominated,11659.817491771837,10500.951729618799,1158.8657621530383,19.314429369217304,3.981912576799431,-1.0,CC_until_Vmax,4.106210568698879,-3.4557530668928376,CC_until_Vmax,4.627667035889793,3.7702215079827632,4.8725884306814455,False,False,True
Chen2020,3.277737007361763,0.6726890756302523,0.6555474014723526,A_pre_DCAC_Vmax,shared pre-Vmax region; Segment A geometry-dominated,11799.853226502346,10541.819770984042,1258.0334555183035,20.967224258638392,3.990609470584649,-1.0,CC_until_Vmax,4.114280600929582,-3.3933869579190157,CC_until_Vmax,4.627667035889793,3.7702215079827632,4.8725884306814455,False,False,True
Chen2020,3.316635822564682,0.6806722689075632,0.6633271645129364,A_pre_DCAC_Vmax,shared pre-Vmax region; Segment A geometry-dominated,11939.888961232855,10583.623433657538,1356.2655275753168,22.604425459588615,3.99892297635896,-1.0,CC_until_Vmax,4.120857925063005,-3.302491469766723,CC_until_Vmax,4.627667035889793,3.7702215079827632,4.8725884306814455,False,False,True
Chen2020,3.355534637767601,0.6886554621848741,0.6711069275535202,A_pre_DCAC_Vmax,shared pre-Vmax region; Segment A geometry-dominated,12079.924695963364,10626.791230324083,1453.133465639281,24.218891093988017,4.0069012295913184,-1.0,CC_until_Vmax,4.125773338691459,-3.18105254501352,CC_until_Vmax,4.627667035889793,3.7702215079827632,4.8725884306814455,False,False,True
Chen2020,3.39443345297052,0.696638655462185,0.678886690594104,A_pre_DCAC_Vmax,shared pre-Vmax region; Segment A geometry-dominated,12219.960430693873,10671.877999261227,1548.0824314326455,25.80137385721076,4.014633881532259,-1.0,CC_until_Vmax,4.128803743371246,-3.0258477264569508,CC_until_Vmax,4.627667035889793,3.7702215079827632,4.8725884306814455,False,False,True
Chen2020,3.4333322681734395,0.704621848739496,0.6866664536346879,A_pre_DCAC_Vmax,shared pre-Vmax region; Segment A geometry-dominated,12359.996165424383,10719.64293643606,1640.3532289883242,27.339220483138735,4.022215151665591,-1.0,CC_until_Vmax,4.129638833180957,-2.8320655081017625,CC_until_Vmax,4.627667035889793,3.7702215079827632,4.8725884306814455,False,False,True
Chen2020,3.4722310833763586,0.7126050420168069,0.6944462166752717,A_pre_DCAC_Vmax,shared pre-Vmax region; Segment A geometry-dominated,12500.03190015489,10771.239109452355,1728.792790702535,28.813213178375584,4.029722905860458,-1.0,CC_until_Vmax,4.127805293169397,-2.5919544167155726,CC_until_Vmax,4.627667035889793,3.7702215079827632,4.8725884306814455,False,False,True
Chen2020,3.5111298985792776,0.7205882352941178,0.7022259797158555,A_pre_DCAC_Vmax,shared pre-Vmax region; Segment A geometry-dominated,12640.0676348854,10828.513715279318,1811.5539196060818,30.19256532676803,4.037212124669179,-1.0,CC_until_Vmax,4.122529097595446,-2.293151344758704,CC_until_Vmax,4.627667035889793,3.7702215079827632,4.8725884306814455,False,False,True
Chen2020,3.5500287137821966,0.7285714285714286,0.7100057427564394,A_pre_DCAC_Vmax,shared pre-Vmax region; Segment A geometry-dominated,12780.103369615908,10895.056821866885,1885.0465477490234,31.417442462483724,4.044713975451073,-1.0,CC_until_Vmax,4.112295281128394,-1.9115632282983854,CC_until_Vmax,4.627667035889793,3.7702215079827632,4.8725884306814455,False,False,True
Chen2020,3.5889275289851157,0.7365546218487397,0.7177855057970232,A_pre_DCAC_Vmax,shared pre-Vmax region; Segment A geometry-dominated,12920.139104346415,10979.728741815366,1940.410362531049,32.340172708850815,4.052237259920202,-1.0,CC_until_Vmax,4.093395166352959,-1.3894704603330297,CC_until_Vmax,4.627667035889793,3.7702215079827632,4.8725884306814455,False,False,True
Chen2020,3.6278263441880347,0.7445378151260506,0.725565268837607,A_pre_DCAC_Vmax,shared pre-Vmax region; Segment A geometry-dominated,13060.174839076924,11137.915741369081,1922.2590977078435,32.037651628464054,4.059771065233696,-1.0,CC_until_Vmax,4.044301619576247,-0.3847372411858664,CC_until_Vmax,4.627667035889793,3.7702215079827632,4.8725884306814455,False,False,True
Chen2020,3.666725159390954,0.7525210084033614,0.7333450318781908,A_pre_DCAC_Vmax,shared pre-Vmax region; Segment A geometry-dominated,13200.210573807433,12687.67701081841,512.5335629890233,8.542226049817055,4.0672867508961925,-1.0,CC_until_Vmax,4.169733229112103,-3.199860538340765,CC_until_Vmax,4.627667035889793,3.7702215079827632,4.8725884306814455,False,False,True
Chen2020,3.7056239745938733,0.7605042016806725,0.7411247949187747,A_pre_DCAC_Vmax,shared pre-Vmax region; Segment A geometry-dominated,13340.246308537942,12730.63011904655,609.616189491393,10.16026982485655,4.074739543363876,-1.0,CC_until_Vmax,4.183162496667353,-3.3170025381571473,CC_until_Vmax,4.627667035889793,3.7702215079827632,4.8725884306814455,False,False,True
Chen2020,3.7445227897967923,0.7684873949579833,0.7489045579593585,A_pre_DCAC_Vmax,shared pre-Vmax region; Segment A geometry-dominated,13480.282043268451,12772.273506584748,708.0085366837029,11.800142278061715,4.082070898410872,-1.0,CC_until_Vmax,4.194090998533878,-3.4036703377846833,CC_until_Vmax,4.627667035889793,3.7702215079827632,4.8725884306814455,False,False,True
Chen2020,3.7834216049997114,0.7764705882352942,0.7566843209999423,B_between_DCAC_Vmax_and_DC_Vmax,DCAC already voltage-limited while DC still approaches Vmax,13620.317777998962,12813.287444813079,807.0303331858831,13.450505553098052,4.089210689586221,-1.0,CC_until_Vmax,4.200000000000008,-3.3556878689106022,CV_after_Vmax,4.627667035889793,3.7702215079827632,4.8725884306814455,True,False,True
Chen2020,3.8223204202026304,0.7844537815126051,0.7644640840405261,B_between_DCAC_Vmax_and_DC_Vmax,DCAC already voltage-limited while DC still approaches Vmax,13760.353512729469,12856.1754680876,904.1780446418688,15.06963407736448,4.0960789967757565,-1.0,CC_until_Vmax,4.2,-3.1894594627681143,CV_after_Vmax,4.627667035889793,3.7702215079827632,4.8725884306814455,True,False,True
Chen2020,3.8612192354055495,0.792436974789916,0.7722438470811099,B_between_DCAC_Vmax_and_DC_Vmax,DCAC already voltage-limited while DC still approaches Vmax,13900.389247459978,12900.922749635707,999.4664978242708,16.657774963737847,4.102591096699586,-1.0,CC_until_Vmax,4.200000000000001,-3.0744167206504303,CV_after_Vmax,4.627667035889793,3.7702215079827632,4.8725884306814455,True,False,True
Chen2020,3.9001180506084685,0.800420168067227,0.7800236101216937,B_between_DCAC_Vmax_and_DC_Vmax,DCAC already voltage-limited while DC still approaches Vmax,14040.424982190487,12947.190789108326,1093.2341930821603,18.220569884702673,4.108663856076819,-1.0,CC_until_Vmax,4.200000000000001,-2.982075513060037,CV_after_Vmax,4.627667035889793,3.7702215079827632,4.8725884306814455,True,False,True
Chen2020,3.9390168658113875,0.8084033613445379,0.7878033731622776,B_between_DCAC_Vmax_and_DC_Vmax,DCAC already voltage-limited while DC still approaches Vmax,14180.460716920994,12994.80163423318,1185.6590826878146,19.760984711463575,4.114216869828882,-1.0,CC_until_Vmax,4.199999999999994,-2.9025160255947102,CV_after_Vmax,4.627667035889793,3.7702215079827632,4.8725884306814455,True,False,True
Chen2020,3.977915681014307,0.816386554621849,0.7955831362028614,B_between_DCAC_Vmax_and_DC_Vmax,DCAC already voltage-limited while DC still approaches Vmax,14320.496451651505,13043.671807042307,1276.824644609198,21.280410743486634,4.119185879877214,-1.0,CC_until_Vmax,4.200000000000001,-2.829351215840718,CV_after_Vmax,4.627667035889793,3.7702215079827632,4.8725884306814455,True,False,True
Chen2020,4.016814496217226,0.8243697478991597,0.8033628992434452,B_between_DCAC_Vmax_and_DC_Vmax,DCAC already voltage-limited while DC still approaches Vmax,14460.532186382012,13093.797648307862,1366.73453807415,22.7789089679025,4.123528956638555,-1.0,CC_until_Vmax,4.199999999999999,-2.75838437262665,CV_after_Vmax,4.627667035889793,3.7702215079827632,4.8725884306814455,True,False,True
Chen2020,4.055713311420145,0.8323529411764706,0.811142662284029,B_between_DCAC_Vmax_and_DC_Vmax,DCAC already voltage-limited while DC still approaches Vmax,14600.56792111252,13145.235506759593,1455.332414352928,24.255540239215467,4.127234385699887,-1.0,CC_until_Vmax,4.199999999999999,-2.6863244843888276,CV_after_Vmax,4.627667035889793,3.7702215079827632,4.8725884306814455,True,False,True
Chen2020,4.094612126623064,0.8403361344537815,0.8189224253246128,B_between_DCAC_Vmax_and_DC_Vmax,DCAC already voltage-limited while DC still approaches Vmax,14740.603655843031,13198.107058346928,1542.4965974961033,25.708276624935056,4.130332033880616,-1.0,CC_until_Vmax,4.1999999999999975,-2.6098744312580324,CV_after_Vmax,4.627667035889793,3.7702215079827632,4.8725884306814455,True,False,True
Chen2020,4.133510941825983,0.8483193277310925,0.8267021883651966,B_between_DCAC_Vmax_and_DC_Vmax,DCAC already voltage-limited while DC still approaches Vmax,14880.639390573537,13252.636079939219,1628.003310634318,27.13338851057197,4.132901216427949,-1.0,CC_until_Vmax,4.2,-2.5255926275366294,CV_after_Vmax,4.627667035889793,3.7702215079827632,4.8725884306814455,True,False,True
Chen2020,4.172409757028902,0.8563025210084034,0.8344819514057804,B_between_DCAC_Vmax_and_DC_Vmax,DCAC already voltage-limited while DC still approaches Vmax,15020.675125304046,13309.121145738523,1711.5539795655222,28.52589965942537,4.135079015611384,-1.0,CC_until_Vmax,4.199999999999999,-2.430856999127182,CV_after_Vmax,4.627667035889793,3.7702215079827632,4.8725884306814455,True,False,True
Chen2020,4.211308572231821,0.8642857142857143,0.8422617144463642,B_between_DCAC_Vmax_and_DC_Vmax,DCAC already voltage-limited while DC still approaches Vmax,15160.710860034555,13368.007603640654,1792.703256393901,29.878387606565017,4.137047327787334,-1.0,CC_until_Vmax,4.199999999999999,-2.3244808780346666,CV_after_Vmax,4.627667035889793,3.7702215079827632,4.8725884306814455,True,False,True
Chen2020,4.25020738743474,0.8722689075630252,0.850041477486948,B_between_DCAC_Vmax_and_DC_Vmax,DCAC already voltage-limited while DC still approaches Vmax,15300.746594765063,13429.79887630248,1870.947718462583,31.182461974376384,4.139011184582987,-1.0,CC_until_Vmax,4.200000000000001,-2.2072184433309423,CV_after_Vmax,4.627667035889793,3.7702215079827632,4.8725884306814455,True,False,True
Chen2020,4.289106202637659,0.8802521008403361,0.8578212405275318,B_between_DCAC_Vmax_and_DC_Vmax,DCAC already voltage-limited while DC still approaches Vmax,15440.782329495572,13495.118742372513,1945.6635871230592,32.42772645205098,4.141184580617276,-1.0,CC_until_Vmax,4.2,-2.081001981201806,CV_after_Vmax,4.627667035889793,3.7702215079827632,4.8725884306814455,True,False,True
Chen2020,4.328005017840578,0.888235294117647,0.8656010035681156,B_between_DCAC_Vmax_and_DC_Vmax,DCAC already voltage-limited while DC still approaches Vmax,15580.818064226081,13564.63888122812,2016.179182997961,33.60298638329935,4.143802733368281,-1.0,CC_until_Vmax,4.2,-1.9482097611418125,CV_after_Vmax,4.627667035889793,3.7702215079827632,4.8725884306814455,True,False,True
Chen2020,4.366903833043497,0.8962184873949579,0.8733807666086995,B_between_DCAC_Vmax_and_DC_Vmax,DCAC already voltage-limited while DC still approaches Vmax,15720.85379895659,13639.147929884051,2081.705869072539,34.69509781787565,4.147119363496344,-1.0,CC_until_Vmax,4.200000000000001,-1.8111964371286076,CV_after_Vmax,4.627667035889793,3.7702215079827632,4.8725884306814455,True,False,True
Chen2020,4.405802648246417,0.904201680672269,0.8811605296492834,B_between_DCAC_Vmax_and_DC_Vmax,DCAC already voltage-limited while DC still approaches Vmax,15860.889533687101,13719.59497267246,2141.2945610146417,35.688242683577364,4.15137820741311,-1.0,CC_until_Vmax,4.2,-1.6718776014493602,CV_after_Vmax,4.627667035889793,3.7702215079827632,4.8725884306814455,True,False,True
Chen2020,4.444701463449336,0.9121848739495799,0.8889402926898672,B_between_DCAC_Vmax_and_DC_Vmax,DCAC already voltage-limited while DC still approaches Vmax,16000.92526841761,13807.080058635478,2193.845209782132,36.5640868297022,4.1567805258378225,-1.0,CC_until_Vmax,4.199999999999999,-1.5317522860275317,CV_after_Vmax,4.627667035889793,3.7702215079827632,4.8725884306814455,True,False,True
Chen2020,4.483600278652255,0.9201680672268909,0.896720055730451,B_between_DCAC_Vmax_and_DC_Vmax,DCAC already voltage-limited while DC still approaches Vmax,16140.961003148119,13902.95439976995,2238.0066033781695,37.30011005630283,4.163469794012483,-1.0,CC_until_Vmax,4.200000000000001,-1.3918911840898243,CV_after_Vmax,4.627667035889793,3.7702215079827632,4.8725884306814455,True,False,True
Chen2020,4.522499093855174,0.9281512605042018,0.9044998187710348,B_between_DCAC_Vmax_and_DC_Vmax,DCAC already voltage-limited while DC still approaches Vmax,16280.996737878628,14008.939053684884,2272.0576841937436,37.86762806989573,4.171522478637116,-1.0,CC_until_Vmax,4.200000000000001,-1.2530275183264787,CV_after_Vmax,4.627667035889793,3.7702215079827632,4.8725884306814455,True,False,True
Chen2020,4.561397909058093,0.9361344537815127,0.9122795818116186,B_between_DCAC_Vmax_and_DC_Vmax,DCAC already voltage-limited while DC still approaches Vmax,16421.032472609135,14127.332660353137,2293.699812255998,38.22833020426663,4.180948206697369,-1.0,CC_until_Vmax,4.200000000000001,-1.1155735878943323,CV_after_Vmax,4.627667035889793,3.7702215079827632,4.8725884306814455,True,False,True
Chen2020,4.600296724261012,0.9441176470588236,0.9200593448522024,B_between_DCAC_Vmax_and_DC_Vmax,DCAC already voltage-limited while DC still approaches Vmax,16561.068207339646,14261.201043795858,2299.8671635437877,38.33111939239646,4.19169398255169,-1.0,CC_until_Vmax,4.199999999999999,-0.9797635097296269,CV_after_Vmax,4.627667035889793,3.7702215079827632,4.8725884306814455,True,False,True
Chen2020,4.639195539463931,0.9521008403361345,0.9278391078927862,D_late_CV_feedback_region,late post-DC-Vmax region; both branches have reached voltage boundary,16702.789061914915,14414.935627249624,2287.8534346652905,38.13089057775484,4.200000000000087,-0.9283197952894654,CV_after_Vmax,4.2,-0.8456372538350634,CV_after_Vmax,4.627667035889793,3.7702215079827632,4.8725884306814455,True,True,True
Chen2020,4.67809435466685,0.9600840336134454,0.93561887093337,D_late_CV_feedback_region,late post-DC-Vmax region; both branches have reached voltage boundary,16870.659142019464,14595.066541374244,2275.592600645219,37.92654334408699,4.199999999999999,-0.752633124305188,CV_after_Vmax,4.200000000000001,-0.7132138449183961,CV_after_Vmax,4.627667035889793,3.7702215079827632,4.8725884306814455,True,True,True
Chen2020,4.716993169869769,0.9680672268907563,0.9433986339739538,D_late_CV_feedback_region,late post-DC-Vmax region; both branches have reached voltage boundary,17078.73834264839,14812.01661073355,2266.7217319148403,37.778695531914,4.200000000000001,-0.6015320699632115,CV_after_Vmax,4.200000000000001,-0.5823906532108636,CV_after_Vmax,4.627667035889793,3.7702215079827632,4.8725884306814455,True,True,True
Chen2020,4.755891985072688,0.9760504201680673,0.9511783970145377,D_late_CV_feedback_region,late post-DC-Vmax region; both branches have reached voltage boundary,17343.90351659797,15083.979914881607,2259.923601716362,37.665393361939365,4.200000000000001,-0.46226467747638983,CV_after_Vmax,4.2,-0.4530748943367981,CV_after_Vmax,4.627667035889793,3.7702215079827632,4.8725884306814455,True,True,True
Chen2020,4.7947908002756074,0.9840336134453782,0.9589581600551215,D_late_CV_feedback_region,late post-DC-Vmax region; both branches have reached voltage boundary,17701.248433506706,15447.241071672936,2254.00736183377,37.56678936389617,4.199999999999999,-0.3297476823081013,CV_after_Vmax,4.2,-0.3251884683644128,CV_after_Vmax,4.627667035889793,3.7702215079827632,4.8725884306814455,True,True,True
Chen2020,4.8336896154785265,0.9920168067226891,0.9667379230957053,D_late_CV_feedback_region,late post-DC-Vmax region; both branches have reached voltage boundary,18240.125505430613,15992.859303447745,2247.2662019828676,37.45443669971446,4.199999999999999,-0.20100578825411805,CV_after_Vmax,4.2,-0.19869278427605735,CV_after_Vmax,4.627667035889793,3.7702215079827632,4.8725884306814455,True,True,True
Chen2020,4.8725884306814455,1.0,0.9745176861362891,D_late_CV_feedback_region,late post-DC-Vmax region; both branches have reached voltage boundary,19341.277874158914,17105.917723635568,2235.3601505233455,37.256002508722425,4.200000000000001,-0.07427199722069511,CV_after_Vmax,4.199999999999999,-0.0735394117647058,CV_after_Vmax,4.627667035889793,3.7702215079827632,4.8725884306814455,True,True,True
OKane2022,0.24177844329675838,0.05,0.04835568865935168,A_pre_DCAC_Vmax,shared pre-Vmax region; Segment A geometry-dominated,870.4023958683304,403.5940749671132,466.80832090121714,7.780138681686952,3.3731250760470965,-1.0,CC_until_Vmax,3.4893145036534112,-3.1138876057026765,CC_until_Vmax,4.596814963616419,3.7904959910382967,4.835568865935167,False,False,True
OKane2022,0.280381724159266,0.05798319327731092,0.0560763448318532,A_pre_DCAC_Vmax,shared pre-Vmax region; Segment A geometry-dominated,1009.3742069733578,447.2660016206959,562.1082053526619,9.368470089211032,3.399688457990864,-1.0,CC_until_Vmax,3.516716148861174,-3.2465719093703354,CC_until_Vmax,4.596814963616419,3.7904959910382967,4.835568865935167,False,False,True
OKane2022,0.3189850050217736,0.06596638655462185,0.06379700100435473,A_pre_DCAC_Vmax,shared pre-Vmax region; Segment A geometry-dominated,1148.3460180783852,489.38437194747956,658.9616461309056,10.98269410218176,3.4164928640398142,-1.0,CC_until_Vmax,3.5443285555176534,-3.3493548861458398,CC_until_Vmax,4.596814963616419,3.7904959910382967,4.835568865935167,False,False,True
OKane2022,0.35758828588428127,0.07394957983193277,0.07151765717685625,A_pre_DCAC_Vmax,shared pre-Vmax region; Segment A geometry-dominated,1287.3178291834126,530.3935347247266,756.9242944586861,12.615404907644768,3.437725793704931,-1.0,CC_until_Vmax,3.5670899949906865,-3.4244157435752416,CC_until_Vmax,4.596814963616419,3.7904959910382967,4.835568865935167,False,False,True
OKane2022,0.3961915667467889,0.0819327731092437,0.07923831334935778,A_pre_DCAC_Vmax,shared pre-Vmax region; Segment A geometry-dominated,1426.2896402884403,570.6650382406373,855.624602047803,14.26041003413005,3.4585483794252987,-1.0,CC_until_Vmax,3.5853179068734566,-3.4733813676102736,CC_until_Vmax,4.596814963616419,3.7904959910382967,4.835568865935167,False,False,True
OKane2022,0.43479484760929654,0.08991596638655462,0.0869589695218593,A_pre_DCAC_Vmax,shared pre-Vmax region; Segment A geometry-dominated,1565.2614513934677,610.5165668769482,954.7448845165195,15.912414741941992,3.4747615934881124,-1.0,CC_until_Vmax,3.6009899186650647,-3.497268571717821,CC_until_Vmax,4.596814963616419,3.7904959910382967,4.835568865935167,False,False,True
OKane2022,0.4733981284718042,0.09789915966386555,0.09467962569436084,A_pre_DCAC_Vmax,shared pre-Vmax region; Segment A geometry-dominated,1704.2332624984952,650.2363345723885,1053.9969279261068,17.566615465435113,3.487137918140517,-1.0,CC_until_Vmax,3.6140570394669775,-3.496504315220791,CC_until_Vmax,4.596814963616419,3.7904959910382967,4.835568865935167,False,False,True
OKane2022,0.5120014093343118,0.10588235294117647,0.10240028186686237,A_pre_DCAC_Vmax,shared pre-Vmax region; Segment A geometry-dominated,1843.2050736035228,690.1052994346167,1153.0997741689062,19.21832956948177,3.5027481776292015,-1.0,CC_until_Vmax,3.6230752075082244,-3.471053953737841,CC_until_Vmax,4.596814963616419,3.7904959910382967,4.835568865935167,False,False,True
OKane2022,0.5506046901968195,0.11386554621848739,0.11012093803936389,A_pre_DCAC_Vmax,shared pre-Vmax region; Segment A geometry-dominated,1982.17688470855,730.4146970867487,1251.7621876218013,20.862703127030024,3.5143841294279405,-1.0,CC_until_Vmax,3.6285105198672922,-3.42041804822297,CC_until_Vmax,4.596814963616419,3.7904959910382967,4.835568865935167,False,False,True
OKane2022,0.5892079710593271,0.12184873949579832,0.11784159421186542,A_pre_DCAC_Vmax,shared pre-Vmax region; Segment A geometry-dominated,2121.1486958135774,771.4847878289432,1349.663907984634,22.49439846641057,3.5210140500912828,-1.0,CC_until_Vmax,3.63098468126354,-3.3435954097021954,CC_until_Vmax,4.596814963616419,3.7904959910382967,4.835568865935167,False,False,True
OKane2022,0.6278112519218347,0.12983193277310923,0.12556225038436694,A_pre_DCAC_Vmax,shared pre-Vmax region; Segment A geometry-dominated,2260.120506918605,813.6870612904767,1446.433445628128,24.107224093802134,3.526130016714795,-1.0,CC_until_Vmax,3.6319906958351944,-3.2390068503047353,CC_until_Vmax,4.596814963616419,3.7904959910382967,4.835568865935167,False,False,True
OKane2022,0.6664145327843424,0.13781512605042015,0.13328290655686847,A_pre_DCAC_Vmax,shared pre-Vmax region; Segment A geometry-dominated,2399.0923180236327,857.47284546831,1541.6194725553228,25.693657875922046,3.530462017370925,-1.0,CC_until_Vmax,3.631919046074177,-3.10436772284352,CC_until_Vmax,4.596814963616419,3.7904959910382967,4.835568865935167,False,False,True
OKane2022,0.70501781364685,0.14579831932773107,0.14100356272937,A_pre_DCAC_Vmax,shared pre-Vmax region; Segment A geometry-dominated,2538.0641291286597,903.4581677652609,1634.6059613633988,27.24343268938998,3.5344403100486432,-1.0,CC_until_Vmax,3.630627389697714,-2.935892451971233,CC_until_Vmax,4.596814963616419,3.7904959910382967,4.835568865935167,False,False,True
OKane2022,0.7436210945093576,0.153781512605042,0.14872421890187154,A_pre_DCAC_Vmax,shared pre-Vmax region; Segment A geometry-dominated,2677.0359402336876,952.4875930654089,1724.5483471682787,28.742472452804645,3.538523348013048,-1.0,CC_until_Vmax,3.628142221457056,-2.7282908644814983,CC_until_Vmax,4.596814963616419,3.7904959910382967,4.835568865935167,False,False,True
OKane2022,0.7822243753718653,0.16176470588235292,0.15644487507437305,A_pre_DCAC_Vmax,shared pre-Vmax region; Segment A geometry-dominated,2816.007751338715,1005.8847198477546,1810.1230314909603,30.168717191516006,3.542362319966945,-1.0,CC_until_Vmax,3.623541318943533,-2.4728305334582688,CC_until_Vmax,4.596814963616419,3.7904959910382967,4.835568865935167,False,False,True
OKane2022,0.8208276562343729,0.16974789915966385,0.16416553124687458,A_pre_DCAC_Vmax,shared pre-Vmax region; Segment A geometry-dominated,2954.9795624437425,1065.883444121625,1889.0961183221175,31.484935305368627,3.5472429089877826,-1.0,CC_until_Vmax,3.6157348565347274,-2.154873222596178,CC_until_Vmax,4.596814963616419,3.7904959910382967,4.835568865935167,False,False,True
OKane2022,0.8594309370968806,0.17773109243697477,0.1718861874193761,A_pre_DCAC_Vmax,shared pre-Vmax region; Segment A geometry-dominated,3093.95137354877,1137.0633062037004,1956.8880673450694,32.61480112241782,3.5523409555035297,-1.0,CC_until_Vmax,3.603542204229752,-1.7447325470544939,CC_until_Vmax,4.596814963616419,3.7904959910382967,4.835568865935167,False,False,True
OKane2022,0.8980342179593882,0.18571428571428572,0.17960684359187765,A_pre_DCAC_Vmax,shared pre-Vmax region; Segment A geometry-dominated,3232.9231846537973,1232.616760910882,2000.3064237429153,33.33844039571525,3.558873992363176,-1.0,CC_until_Vmax,3.5811722939639243,-1.1596860058299252,CC_until_Vmax,4.596814963616419,3.7904959910382967,4.835568865935167,False,False,True
OKane2022,0.9366374988218958,0.19369747899159664,0.18732749976437918,A_pre_DCAC_Vmax,shared pre-Vmax region; Segment A geometry-dominated,3371.8949957588247,2915.216743513517,456.6782522453077,7.611304204088461,3.5671141818973746,-1.0,CC_until_Vmax,3.6612919355626117,-3.0976892428611693,CC_until_Vmax,4.596814963616419,3.7904959910382967,4.835568865935167,False,False,True
OKane2022,0.9752407796844035,0.20168067226890757,0.19504815593688068,A_pre_DCAC_Vmax,shared pre-Vmax region; Segment A geometry-dominated,3510.8668068638526,2959.094380463983,551.7724263998698,9.196207106664497,3.576313455016928,-1.0,CC_until_Vmax,3.6770629685143974,-3.233893181103222,CC_until_Vmax,4.596814963616419,3.7904959910382967,4.835568865935167,False,False,True
OKane2022,1.0138440605469112,0.2096638655462185,0.20276881210938225,A_pre_DCAC_Vmax,shared pre-Vmax region; Segment A geometry-dominated,3649.8386179688805,3001.349709952282,648.4889080165985,10.80814846694331,3.5856409883994123,-1.0,CC_until_Vmax,3.69159997856737,-3.3396281065613356,CC_until_Vmax,4.596814963616419,3.7904959910382967,4.835568865935167,False,False,True
OKane2022,1.0524473414094189,0.21764705882352942,0.21048946828188378,A_pre_DCAC_Vmax,shared pre-Vmax region; Segment A geometry-dominated,3788.810429073908,3042.457239689741,746.3531893841669,12.439219823069447,3.5940874734621437,-1.0,CC_until_Vmax,3.704402203419961,-3.4175025850132834,CC_until_Vmax,4.596814963616419,3.7904959910382967,4.835568865935167,False,False,True
OKane2022,1.0910506222719265,0.22563025210084034,0.2182101244543853,A_pre_DCAC_Vmax,shared pre-Vmax region; Segment A geometry-dominated,3927.782240178936,3082.7935400503843,844.9887001285515,14.083145002142524,3.602507517981474,-1.0,CC_until_Vmax,3.715818751650749,-3.469222417594934,CC_until_Vmax,4.596814963616419,3.7904959910382967,4.835568865935167,False,False,True
OKane2022,1.1296539031344341,0.23361344537815126,0.22593078062688682,A_pre_DCAC_Vmax,shared pre-Vmax region; Segment A geometry-dominated,4066.754051283963,3122.677333114387,944.076718169576,15.734611969492933,3.6106881657544707,-1.0,CC_until_Vmax,3.7256095893715666,-3.495773826555541,CC_until_Vmax,4.596814963616419,3.7904959910382967,4.835568865935167,False,False,True
OKane2022,1.1682571839969418,0.2415966386554622,0.23365143679938835,A_pre_DCAC_Vmax,shared pre-Vmax region; Segment A geometry-dominated,4205.72586238899,3162.3991488003335,1043.3267135886567,17.388778559810945,3.6193583193351073,-1.0,CC_until_Vmax,3.734269297570037,-3.4976444010737664,CC_until_Vmax,4.596814963616419,3.7904959910382967,4.835568865935167,False,False,True
OKane2022,1.2068604648594494,0.2495798319327731,0.24137209297188988,A_pre_DCAC_Vmax,shared pre-Vmax region; Segment A geometry-dominated,4344.697673494018,3202.2399255223177,1142.4577479717004,19.04096246619501,3.627383009171699,-1.0,CC_until_Vmax,3.741822352130803,-3.4748579745004817,CC_until_Vmax,4.596814963616419,3.7904959910382967,4.835568865935167,False,False,True
OKane2022,1.245463745721957,0.25756302521008406,0.24909274914439142,A_pre_DCAC_Vmax,shared pre-Vmax region; Segment A geometry-dominated,4483.669484599045,3242.4885355369624,1241.1809490620826,20.68634915103471,3.634164827669396,-1.0,CC_until_Vmax,3.748100026941517,-3.4269759422646837,CC_until_Vmax,4.596814963616419,3.7904959910382967,4.835568865935167,False,False,True
OKane2022,1.2840670265844647,0.26554621848739496,0.25681340531689295,A_pre_DCAC_Vmax,shared pre-Vmax region; Segment A geometry-dominated,4622.641295704073,3283.4602363686363,1339.1810593354367,22.319684322257277,3.6406240078565566,-1.0,CC_until_Vmax,3.752973317560021,-3.3530651803086773,CC_until_Vmax,4.596814963616419,3.7904959910382967,4.835568865935167,False,False,True
OKane2022,1.3226703074469723,0.2735294117647059,0.26453406148939446,A_pre_DCAC_Vmax,shared pre-Vmax region; Segment A geometry-dominated,4761.613106809101,3325.5182315147713,1436.0948752943295,23.934914588238826,3.646704503703695,-1.0,CC_until_Vmax,3.756661167958247,-3.2516278077669245,CC_until_Vmax,4.596814963616419,3.7904959910382967,4.835568865935167,False,False,True
OKane2022,1.36127358830948,0.2815126050420168,0.272254717661896,A_pre_DCAC_Vmax,shared pre-Vmax region; Segment A geometry-dominated,4900.584917914128,3369.1011494710106,1531.4837684431172,25.524729474051956,3.6530210518283854,-1.0,CC_until_Vmax,3.75887142415139,-3.1204819444740637,CC_until_Vmax,4.596814963616419,3.7904959910382967,4.835568865935167,False,False,True
OKane2022,1.3998768691719876,0.28949579831932776,0.2799753738343975,A_pre_DCAC_Vmax,shared pre-Vmax region; Segment A geometry-dominated,5039.556729019156,3414.8221907137854,1624.7345383053703,27.07890897175617,3.6592019610430158,-1.0,CC_until_Vmax,3.759810151076838,-2.9557478189707345,CC_until_Vmax,4.596814963616419,3.7904959910382967,4.835568865935167,False,False,True
OKane2022,1.4384801500344953,0.29747899159663865,0.28769603000689903,A_pre_DCAC_Vmax,shared pre-Vmax region; Segment A geometry-dominated,5178.528540124183,3463.473283735266,1715.0552563889169,28.584254273148613,3.666044811324133,-1.0,CC_until_Vmax,3.7586212525942297,-2.7526837049844524,CC_until_Vmax,4.596814963616419,3.7904959910382967,4.835568865935167,False,False,True
OKane2022,1.477083430897003,0.3054621848739496,0.2954166861794006,A_pre_DCAC_Vmax,shared pre-Vmax region; Segment A geometry-dominated,5317.50035122921,3516.3126428066093,1801.1877084226003,30.019795140376672,3.6729473974061313,-1.0,CC_until_Vmax,3.755204658554714,-2.5029638619133534,CC_until_Vmax,4.596814963616419,3.7904959910382967,4.835568865935167,False,False,True
OKane2022,1.5156867117595105,0.3134453781512605,0.3031373423519021,A_pre_DCAC_Vmax,shared pre-Vmax region; Segment A geometry-dominated,5456.472162334238,3575.445296448796,1881.0268658854425,31.350447764757373,3.679065161146412,-1.0,CC_until_Vmax,3.7487393381354175,-2.1927470757233904,CC_until_Vmax,4.596814963616419,3.7904959910382967,4.835568865935167,False,False,True
OKane2022,1.5542899926220182,0.32142857142857145,0.31085799852440366,A_pre_DCAC_Vmax,shared pre-Vmax region; Segment A geometry-dominated,5595.443973439265,3645.062346877268,1950.3816265619976,32.50636044269996,3.685362357251368,-1.0,CC_until_Vmax,3.7376164842879946,-1.7948181839046915,CC_until_Vmax,4.596814963616419,3.7904959910382967,4.835568865935167,False,False,True
OKane2022,1.5928932734845258,0.32941176470588235,0.31857865469690516,A_pre_DCAC_Vmax,shared pre-Vmax region; Segment A geometry-dominated,5734.415784544293,3736.591826148918,1997.8239583953755,33.29706597325626,3.6915492905729295,-1.0,CC_until_Vmax,3.7169699271026486,-1.2372064759040102,CC_until_Vmax,4.596814963616419,3.7904959910382967,4.835568865935167,False,False,True
OKane2022,1.6314965543470334,0.3373949579831933,0.32629931086940667,A_pre_DCAC_Vmax,shared pre-Vmax region; Segment A geometry-dominated,5873.38759564932,5426.816770679016,446.5708249703039,7.442847082838398,3.697772381973565,-1.0,CC_until_Vmax,3.788086131933018,-3.0811435366167466,CC_until_Vmax,4.596814963616419,3.7904959910382967,4.835568865935167,False,False,True
OKane2022,1.670099835209541,0.3453781512605042,0.33401996704190823,A_pre_DCAC_Vmax,shared pre-Vmax region; Segment A geometry-dominated,6012.359406754347,5470.899457440102,541.459949314245,9.024332488570751,3.7036929804916694,-1.0,CC_until_Vmax,3.8022000426128715,-3.2207706915505003,CC_until_Vmax,4.596814963616419,3.7904959910382967,4.835568865935167,False,False,True
OKane2022,1.7087031160720487,0.35336134453781515,0.34174062321440973,A_pre_DCAC_Vmax,shared pre-Vmax region; Segment A geometry-dominated,6151.331217859376,5513.300088187139,638.0311296722366,10.633852161203944,3.710338675596812,-1.0,CC_until_Vmax,3.8154741965277634,-3.3295437922676254,CC_until_Vmax,4.596814963616419,3.7904959910382967,4.835568865935167,False,False,True
OKane2022,1.7473063969345564,0.36134453781512604,0.3494612793869113,A_pre_DCAC_Vmax,shared pre-Vmax region; Segment A geometry-dominated,6290.303028964403,5554.513729598207,735.7892993661962,12.263154989436604,3.7160084946293974,-1.0,CC_until_Vmax,3.8273624898248677,-3.410354399690704,CC_until_Vmax,4.596814963616419,3.7904959910382967,4.835568865935167,False,False,True
OKane2022,1.785909677797064,0.369327731092437,0.3571819355594128,A_pre_DCAC_Vmax,shared pre-Vmax region; Segment A geometry-dominated,6429.27484006943,5594.917833880836,834.3570061885939,13.905950103143232,3.721957747131149,-1.0,CC_until_Vmax,3.838575121991993,-3.464843707062989,CC_until_Vmax,4.596814963616419,3.7904959910382967,4.835568865935167,False,False,True
OKane2022,1.8245129586595716,0.3773109243697479,0.3649025917319143,A_pre_DCAC_Vmax,shared pre-Vmax region; Segment A geometry-dominated,6568.246651174458,5634.836425423347,933.4102257511113,15.556837095851854,3.7279534727482746,-1.0,CC_until_Vmax,3.848696614339886,-3.4940669056378098,CC_until_Vmax,4.596814963616419,3.7904959910382967,4.835568865935167,False,False,True
OKane2022,1.8631162395220793,0.38529411764705884,0.37262324790441587,A_pre_DCAC_Vmax,shared pre-Vmax region; Segment A geometry-dominated,6707.218462279485,5674.562659705967,1032.6558025735176,17.21093004289196,3.734900735330538,-1.0,CC_until_Vmax,3.8584959241455254,-3.498572859271678,CC_until_Vmax,4.596814963616419,3.7904959910382967,4.835568865935167,False,False,True
OKane2022,1.901719520384587,0.39327731092436974,0.38034390407691737,A_pre_DCAC_Vmax,shared pre-Vmax region; Segment A geometry-dominated,6846.190273384514,5714.377744143247,1131.812529241267,18.863542154021115,3.7409595708817664,-1.0,CC_until_Vmax,3.866748353830119,-3.4784439095710566,CC_until_Vmax,4.596814963616419,3.7904959910382967,4.835568865935167,False,False,True
OKane2022,1.9403228012470946,0.4012605042016807,0.38806456024941893,A_pre_DCAC_Vmax,shared pre-Vmax region; Segment A geometry-dominated,6985.16208448954,5754.568493744906,1230.5935907446337,20.509893179077228,3.7469489140486485,-1.0,CC_until_Vmax,3.8737408231720956,-3.433301706380118,CC_until_Vmax,4.596814963616419,3.7904959910382967,4.835568865935167,False,False,True
OKane2022,1.9789260821096022,0.4092436974789916,0.39578521642192044,A_pre_DCAC_Vmax,shared pre-Vmax region; Segment A geometry-dominated,7124.133895594568,5795.445528798649,1328.6883667959182,22.144806113265304,3.753302219465008,-1.0,CC_until_Vmax,3.879684145643401,-3.3622799056159756,CC_until_Vmax,4.596814963616419,3.7904959910382967,4.835568865935167,False,False,True
OKane2022,2.01752936297211,0.41722689075630254,0.40350587259442194,A_pre_DCAC_Vmax,shared pre-Vmax region; Segment A geometry-dominated,7263.105706699595,5837.3642464091845,1425.741460290411,23.762357671506848,3.7605591123756636,-1.0,CC_until_Vmax,3.8843037314285485,-3.2639597268200324,CC_until_Vmax,4.596814963616419,3.7904959910382967,4.835568865935167,False,False,True
OKane2022,2.0561326438346175,0.42521008403361343,0.4112265287669235,A_pre_DCAC_Vmax,shared pre-Vmax region; Segment A geometry-dominated,7402.077517804623,5880.759028011412,1521.3184897932115,25.35530816322019,3.767259112781851,-1.0,CC_until_Vmax,3.887417315823287,-3.136132713371969,CC_until_Vmax,4.596814963616419,3.7904959910382967,4.835568865935167,False,False,True
OKane2022,2.094735924697125,0.4331932773109244,0.418947184939425,A_pre_DCAC_Vmax,shared pre-Vmax region; Segment A geometry-dominated,7541.0493289096485,5926.217318860399,1614.8320100492492,26.913866834154152,3.774479058554401,-1.0,CC_until_Vmax,3.8887230025597352,-2.975193727747985,CC_until_Vmax,4.596814963616419,3.7904959910382967,4.835568865935167,False,False,True
OKane2022,2.1333392055596327,0.4411764705882353,0.42666784111192657,A_pre_DCAC_Vmax,shared pre-Vmax region; Segment A geometry-dominated,7680.021140014678,5974.504972780442,1705.5161672342365,28.42526945390394,3.7813120281426453,-1.0,CC_until_Vmax,3.8880443766360036,-2.776559909062623,CC_until_Vmax,4.596814963616419,3.7904959910382967,4.835568865935167,False,False,True
OKane2022,2.1719424864221404,0.44915966386554623,0.4343884972844281,A_pre_DCAC_Vmax,shared pre-Vmax region; Segment A geometry-dominated,7818.992951119706,6026.811049627739,1792.1819014919674,29.869698358199457,3.788132867260978,-1.0,CC_until_Vmax,3.884744304713715,-2.5324146394233265,CC_until_Vmax,4.596814963616419,3.7904959910382967,4.835568865935167,False,False,True
OKane2022,2.210545767284648,0.45714285714285713,0.4421091534569296,A_pre_DCAC_Vmax,shared pre-Vmax region; Segment A geometry-dominated,7957.964762224732,6085.122847636266,1872.8419145884664,31.214031909807773,3.795656316809597,-1.0,CC_until_Vmax,3.8781896344375864,-2.2296423251800928,CC_until_Vmax,4.596814963616419,3.7904959910382967,4.835568865935167,False,False,True
OKane2022,2.2491490481471557,0.4651260504201681,0.44982980962943114,A_pre_DCAC_Vmax,shared pre-Vmax region; Segment A geometry-dominated,8096.93657332976,6153.278182352289,1943.6583909774708,32.39430651629118,3.8030550482191123,-1.0,CC_until_Vmax,3.866486828609657,-1.8432951062840064,CC_until_Vmax,4.596814963616419,3.7904959910382967,4.835568865935167,False,False,True
OKane2022,2.2877523290096633,0.473109243697479,0.45755046580193265,A_pre_DCAC_Vmax,shared pre-Vmax region; Segment A geometry-dominated,8235.908384434788,6241.2675766114635,1994.6408078233244,33.24401346372208,3.8105125748456863,-1.0,CC_until_Vmax,3.8464709366055114,-1.310172807350456,CC_until_Vmax,4.596814963616419,3.7904959910382967,4.835568865935167,False,False,True
OKane2022,2.326355609872171,0.4810924369747899,0.4652711219744342,A_pre_DCAC_Vmax,shared pre-Vmax region; Segment A geometry-dominated,8374.880195539814,7938.393373585316,436.4868219544978,7.274780365908297,3.817609778447202,-1.0,CC_until_Vmax,3.9120740777039313,-3.064243442247032,CC_until_Vmax,4.596814963616419,3.7904959910382967,4.835568865935167,False,False,True
OKane2022,2.3649588907346786,0.4890756302521008,0.4729917781469357,A_pre_DCAC_Vmax,shared pre-Vmax region; Segment A geometry-dominated,8513.852006644844,7982.680051792945,531.1719548518986,8.85286591419831,3.8247079644431956,-1.0,CC_until_Vmax,3.926981356923683,-3.207200976460577,CC_until_Vmax,4.596814963616419,3.7904959910382967,4.835568865935167,False,False,True
OKane2022,2.403562171597186,0.4970588235294118,0.4807124343194372,A_pre_DCAC_Vmax,shared pre-Vmax region; Segment A geometry-dominated,8652.823817749872,8025.2391537175035,627.584664032368,10.459744400539467,3.8315505942058974,-1.0,CC_until_Vmax,3.9399278584692428,-3.319196849075097,CC_until_Vmax,4.596814963616419,3.7904959910382967,4.835568865935167,False,False,True
OKane2022,2.442165452459694,0.5050420168067227,0.4884330904919388,A_pre_DCAC_Vmax,shared pre-Vmax region; Segment A geometry-dominated,8791.795628854898,8066.562891448194,725.2327374067036,12.087212290111726,3.8385704106830487,-1.0,CC_until_Vmax,3.9520303060564492,-3.402969039784493,CC_until_Vmax,4.596814963616419,3.7904959910382967,4.835568865935167,False,False,True
OKane2022,2.4807687333222015,0.5130252100840337,0.4961537466644403,A_pre_DCAC_Vmax,shared pre-Vmax region; Segment A geometry-dominated,8930.767439959925,8107.037885610752,823.7295543491737,13.72882590581956,3.84523365490935,-1.0,CC_until_Vmax,3.9625885650423998,-3.4602439923207178,CC_until_Vmax,4.596814963616419,3.7904959910382967,4.835568865935167,False,False,True
OKane2022,2.519372014184709,0.5210084033613446,0.5038744028369418,A_pre_DCAC_Vmax,shared pre-Vmax region; Segment A geometry-dominated,9069.739251064953,8146.993848422921,922.7454026420328,15.37909004403388,3.8518402063258264,-1.0,CC_until_Vmax,3.9723982762051193,-3.4921473367301954,CC_until_Vmax,4.596814963616419,3.7904959910382967,4.835568865935167,False,False,True
OKane2022,2.5579752950472168,0.5289915966386555,0.5115950590094434,A_pre_DCAC_Vmax,shared pre-Vmax region; Segment A geometry-dominated,9208.711062169981,8186.726876391261,1021.9841857787205,17.033069762978677,3.858115979743249,-1.0,CC_until_Vmax,3.980964908417235,-3.4992899412375404,CC_until_Vmax,4.596814963616419,3.7904959910382967,4.835568865935167,False,False,True
OKane2022,2.5965785759097244,0.5369747899159664,0.5193157151819449,A_pre_DCAC_Vmax,shared pre-Vmax region; Segment A geometry-dominated,9347.682873275007,8226.518735207708,1121.164138067299,18.68606896778832,3.864551710718087,-1.0,CC_until_Vmax,3.987986411448473,-3.481812763047146,CC_until_Vmax,4.596814963616419,3.7904959910382967,4.835568865935167,False,False,True
OKane2022,2.635181856772232,0.5449579831932774,0.5270363713544464,A_pre_DCAC_Vmax,shared pre-Vmax region; Segment A geometry-dominated,9486.654684380035,8266.654484156717,1220.0002002233177,20.33333667038863,3.8705791781686654,-1.0,CC_until_Vmax,3.994338454921898,-3.439397208255225,CC_until_Vmax,4.596814963616419,3.7904959910382967,4.835568865935167,False,False,True
OKane2022,2.6737851376347397,0.5529411764705883,0.534757027526948,A_pre_DCAC_Vmax,shared pre-Vmax region; Segment A geometry-dominated,9625.626495485063,8307.44046102972,1318.1860344553425,21.969767240922373,3.8765310086673055,-1.0,CC_until_Vmax,3.9994226596303237,-3.3712425292632475,CC_until_Vmax,4.596814963616419,3.7904959910382967,4.835568865935167,False,False,True
OKane2022,2.7123884184972473,0.5609243697478992,0.5424776836994495,A_pre_DCAC_Vmax,shared pre-Vmax region; Segment A geometry-dominated,9764.59830659009,8349.22471678683,1415.3735898032592,23.58955983005432,3.88292972630817,-1.0,CC_until_Vmax,4.003534544162298,-3.2760069802290754,CC_until_Vmax,4.596814963616419,3.7904959910382967,4.835568865935167,False,False,True
OKane2022,2.750991699359755,0.5689075630252101,0.550198339871951,A_pre_DCAC_Vmax,shared pre-Vmax region; Segment A geometry-dominated,9903.570117695117,8392.446720418156,1511.1233972769605,25.18538995461601,3.889303337354255,-1.0,CC_until_Vmax,4.005536791532888,-3.1512998575901556,CC_until_Vmax,4.596814963616419,3.7904959910382967,4.835568865935167,False,False,True
OKane2022,2.7895949802222626,0.5768907563025211,0.5579189960444525,A_pre_DCAC_Vmax,shared pre-Vmax region; Segment A geometry-dominated,10042.541928800147,8437.642403421383,1604.8995253787634,26.74832542297939,3.8957781553421094,-1.0,CC_until_Vmax,4.007037147135299,-2.9942395831487807,CC_until_Vmax,4.596814963616419,3.7904959910382967,4.835568865935167,False,False,True
OKane2022,2.8281982610847702,0.584873949579832,0.565639652216954,A_pre_DCAC_Vmax,shared pre-Vmax region; Segment A geometry-dominated,10181.513739905173,8485.580711789768,1695.9330281154052,28.26555046859009,3.902196150723702,-1.0,CC_until_Vmax,4.006041571413539,-2.7999338449163518,CC_until_Vmax,4.596814963616419,3.7904959910382967,4.835568865935167,False,False,True
OKane2022,2.866801541947278,0.5928571428571429,0.5733603083894556,A_pre_DCAC_Vmax,shared pre-Vmax region; Segment A geometry-dominated,10320.4855510102,8537.376574192747,1783.1089768174534,29.718482946957558,3.9090236462171966,-1.0,CC_until_Vmax,4.002845553935823,-2.5612058072978847,CC_until_Vmax,4.596814963616419,3.7904959910382967,4.835568865935167,False,False,True
OKane2022,2.9054048228097855,0.6008403361344538,0.5810809645619571,A_pre_DCAC_Vmax,shared pre-Vmax region; Segment A geometry-dominated,10459.45736211523,8594.9096942907,1864.5476678245304,31.075794463742174,3.9158258443390466,-1.0,CC_until_Vmax,3.997276788507477,-2.2655998980654326,CC_until_Vmax,4.596814963616419,3.7904959910382967,4.835568865935167,False,False,True
OKane2022,2.944008103672293,0.6088235294117648,0.5888016207344586,A_pre_DCAC_Vmax,shared pre-Vmax region; Segment A geometry-dominated,10598.429173220255,8661.696284056121,1936.7328891641337,32.2788814860689,3.922975123516169,-1.0,CC_until_Vmax,3.9863196828607856,-1.8902516119256594,CC_until_Vmax,4.596814963616419,3.7904959910382967,4.835568865935167,False,False,True
OKane2022,2.982611384534801,0.6168067226890757,0.5965222769069601,A_pre_DCAC_Vmax,shared pre-Vmax region; Segment A geometry-dominated,10737.400984325282,8746.614410180573,1990.7865741447094,33.17977623574516,3.9302789874326103,-1.0,CC_until_Vmax,3.968210109280975,-1.378707999900542,CC_until_Vmax,4.596814963616419,3.7904959910382967,4.835568865935167,False,False,True
OKane2022,3.0212146653973084,0.6247899159663866,0.6042429330794616,A_pre_DCAC_Vmax,shared pre-Vmax region; Segment A geometry-dominated,10876.37279543031,8901.341286781251,1975.031508649059,32.91719181081765,3.9378574111310902,-1.0,CC_until_Vmax,3.9241176636335906,-0.4197333287893709,CC_until_Vmax,4.596814963616419,3.7904959910382967,4.835568865935167,False,False,True
OKane2022,3.059817946259816,0.6327731092436975,0.6119635892519633,A_pre_DCAC_Vmax,shared pre-Vmax region; Segment A geometry-dominated,11015.344606535338,10494.443455812523,520.9011507228151,8.681685845380253,3.946136177291319,-1.0,CC_until_Vmax,4.048925909523119,-3.1933264103717574,CC_until_Vmax,4.596814963616419,3.7904959910382967,4.835568865935167,False,False,True
OKane2022,3.0984212271223237,0.6407563025210085,0.6196842454244648,A_pre_DCAC_Vmax,shared pre-Vmax region; Segment A geometry-dominated,11154.316417640364,10537.16664396655,617.1497736738147,10.285829561230246,3.9549024383653224,-1.0,CC_until_Vmax,4.064781420549389,-3.308583855332859,CC_until_Vmax,4.596814963616419,3.7904959910382967,4.835568865935167,False,False,True
OKane2022,3.1370245079848313,0.6487394957983194,0.6274049015969663,A_pre_DCAC_Vmax,shared pre-Vmax region; Segment A geometry-dominated,11293.288228745392,10578.604601336658,714.6836274087345,11.911393790145576,3.9648767796865365,-1.0,CC_until_Vmax,4.079892662232126,-3.3953442679787234,CC_until_Vmax,4.596814963616419,3.7904959910382967,4.835568865935167,False,False,True
OKane2022,3.175627788847339,0.6567226890756303,0.6351255577694678,A_pre_DCAC_Vmax,shared pre-Vmax region; Segment A geometry-dominated,11432.260039850422,10619.153655137146,813.1063847132755,13.551773078554591,3.974126781237385,-1.0,CC_until_Vmax,4.093757909642505,-3.4554219631731913,CC_until_Vmax,4.596814963616419,3.7904959910382967,4.835568865935167,False,False,True
OKane2022,3.2142310697098466,0.6647058823529411,0.6428462139419693,A_pre_DCAC_Vmax,shared pre-Vmax region; Segment A geometry-dominated,11571.231850955448,10659.149604465367,912.0822464900812,15.201370774834686,3.9827554864595975,-1.0,CC_until_Vmax,4.105830781090478,-3.4900145923411303,CC_until_Vmax,4.596814963616419,3.7904959910382967,4.835568865935167,False,False,True
OKane2022,3.2528343505723543,0.6726890756302522,0.6505668701144709,A_pre_DCAC_Vmax,shared pre-Vmax region; Segment A geometry-dominated,11710.203662060476,10698.891808959634,1011.3118531008422,16.855197551680703,3.990496758296378,-1.0,CC_until_Vmax,4.1170207901489775,-3.4997958448074926,CC_until_Vmax,4.596814963616419,3.7904959910382967,4.835568865935167,False,False,True
OKane2022,3.291437631434862,0.680672268907563,0.6582875262869724,A_pre_DCAC_Vmax,shared pre-Vmax region; Segment A geometry-dominated,11849.175473165504,10738.662883102133,1110.5125900633702,18.508543167722838,3.998694684041429,-1.0,CC_until_Vmax,4.126717972591603,-3.4849654778474983,CC_until_Vmax,4.596814963616419,3.7904959910382967,4.835568865935167,False,False,True
OKane2022,3.3300409122973695,0.688655462184874,0.6660081824594739,A_pre_DCAC_Vmax,shared pre-Vmax region; Segment A geometry-dominated,11988.14728427053,10778.746428077491,1209.4008561930386,20.156680936550643,4.005915200194259,-1.0,CC_until_Vmax,4.135221546768366,-3.4452642360771057,CC_until_Vmax,4.596814963616419,3.7904959910382967,4.835568865935167,False,False,True
OKane2022,3.368644193159877,0.6966386554621848,0.6737288386319754,A_pre_DCAC_Vmax,shared pre-Vmax region; Segment A geometry-dominated,12127.119095375558,10819.44484404273,1307.6742513328281,21.794570855547136,4.013348450289894,-1.0,CC_until_Vmax,4.142312249907568,-3.3799558826915783,CC_until_Vmax,4.596814963616419,3.7904959910382967,4.835568865935167,False,False,True
OKane2022,3.407247474022385,0.7046218487394958,0.6814494948044769,A_pre_DCAC_Vmax,shared pre-Vmax region; Segment A geometry-dominated,12266.090906480586,10861.10766752932,1404.9832389512649,23.416387315854415,4.019897997611354,-1.0,CC_until_Vmax,4.147743530186107,-3.2875952283184287,CC_until_Vmax,4.596814963616419,3.7904959910382967,4.835568865935167,False,False,True
OKane2022,3.4458507548848925,0.7126050420168067,0.6891701509769785,A_pre_DCAC_Vmax,shared pre-Vmax region; Segment A geometry-dominated,12405.062717585612,10904.153963127399,1500.9087544582126,25.015145907636875,4.028038304539023,-1.0,CC_until_Vmax,4.151759243549242,-3.1661407015601433,CC_until_Vmax,4.596814963616419,3.7904959910382967,4.835568865935167,False,False,True
OKane2022,3.4844540357474,0.7205882352941176,0.69689080714948,A_pre_DCAC_Vmax,shared pre-Vmax region; Segment A geometry-dominated,12544.03452869064,10949.09636144577,1594.938167244869,26.582302787414484,4.035344187638345,-1.0,CC_until_Vmax,4.1533552687506,-3.012894377582146,CC_until_Vmax,4.596814963616419,3.7904959910382967,4.835568865935167,False,False,True
OKane2022,3.5230573166099077,0.7285714285714285,0.7046114633219815,A_pre_DCAC_Vmax,shared pre-Vmax region; Segment A geometry-dominated,12683.006339795667,10996.698667320166,1686.307672475501,28.105127874591684,4.043067691625898,-1.0,CC_until_Vmax,4.153610117540935,-2.8228191780706418,CC_until_Vmax,4.596814963616419,3.7904959910382967,4.835568865935167,False,False,True
OKane2022,3.5616605974724154,0.7365546218487395,0.712332119494483,A_pre_DCAC_Vmax,shared pre-Vmax region; Segment A geometry-dominated,12821.978150900695,11048.00606184025,1773.9720890604458,29.566201484340763,4.050783341039857,-1.0,CC_until_Vmax,4.150964763091936,-2.589359040911268,CC_until_Vmax,4.596814963616419,3.7904959910382967,4.835568865935167,False,False,True
OKane2022,3.600263878334923,0.7445378151260504,0.7200527756669846,A_pre_DCAC_Vmax,shared pre-Vmax region; Segment A geometry-dominated,12960.949962005723,11104.79988349426,1856.150078511464,30.935834641857735,4.058107111271503,-1.0,CC_until_Vmax,4.145209501054098,-2.300658070793309,CC_until_Vmax,4.596814963616419,3.7904959910382967,4.835568865935167,False,False,True
OKane2022,3.6388671591974306,0.7525210084033613,0.7277734318394862,A_pre_DCAC_Vmax,shared pre-Vmax region; Segment A geometry-dominated,13099.921773110751,11170.303345731349,1929.6184273794024,32.16030712299004,4.066072335732943,-1.0,CC_until_Vmax,4.134856005659546,-1.9357689062328538,CC_until_Vmax,4.596814963616419,3.7904959910382967,4.835568865935167,False,False,True
OKane2022,3.6774704400599383,0.7605042016806722,0.7354940880119877,A_pre_DCAC_Vmax,shared pre-Vmax region; Segment A geometry-dominated,13238.893584215779,11252.453562347318,1986.4400218684605,33.107333697807675,4.0735160461142605,-1.0,CC_until_Vmax,4.116916215883449,-1.4439475772724484,CC_until_Vmax,4.596814963616419,3.7904959910382967,4.835568865935167,False,False,True
OKane2022,3.716073720922446,0.7684873949579832,0.7432147441844892,A_pre_DCAC_Vmax,shared pre-Vmax region; Segment A geometry-dominated,13377.865395320805,11388.445226931959,1989.420168388846,33.15700280648077,4.080794873089908,-1.0,CC_until_Vmax,4.0766985860761835,-0.5992127038864093,CC_until_Vmax,4.596814963616419,3.7904959910382967,4.835568865935167,False,False,True
OKane2022,3.7546770017849536,0.7764705882352941,0.7509354003569907,A_pre_DCAC_Vmax,shared pre-Vmax region; Segment A geometry-dominated,13516.837206425835,13006.189159059522,510.6480473663123,8.51080078943854,4.087977684699818,-1.0,CC_until_Vmax,4.189413953112661,-3.179141765450458,CC_until_Vmax,4.596814963616419,3.7904959910382967,4.835568865935167,False,False,True
OKane2022,3.793280282647461,0.784453781512605,0.7586560565294922,B_between_DCAC_Vmax_and_DC_Vmax,DCAC already voltage-limited while DC still approaches Vmax,13655.809017530863,13049.121975893366,606.6870416374968,10.11145069395828,4.094987252476168,-1.0,CC_until_Vmax,4.199999999999999,-3.2685192235514995,CV_after_Vmax,4.596814963616419,3.7904959910382967,4.835568865935167,True,False,True
OKane2022,3.831883563509969,0.7924369747899159,0.7663767127019938,B_between_DCAC_Vmax_and_DC_Vmax,DCAC already voltage-limited while DC still approaches Vmax,13794.780828635887,13093.102579815288,701.678248820599,11.694637480343317,4.10164812426631,-1.0,CC_until_Vmax,4.200000000000001,-3.0772822941034312,CV_after_Vmax,4.596814963616419,3.7904959910382967,4.835568865935167,True,False,True
OKane2022,3.8704868443724765,0.8004201680672269,0.7740973688744953,B_between_DCAC_Vmax_and_DC_Vmax,DCAC already voltage-limited while DC still approaches Vmax,13933.752639740915,13139.267848485963,794.4847912549521,13.241413187582536,4.107819176751648,-1.0,CC_until_Vmax,4.199999999999999,-2.9537685252088104,CV_after_Vmax,4.596814963616419,3.7904959910382967,4.835568865935167,True,False,True
OKane2022,3.909090125234984,0.8084033613445378,0.7818180250469968,B_between_DCAC_Vmax_and_DC_Vmax,DCAC already voltage-limited while DC still approaches Vmax,14072.724450845943,13187.040654236058,885.6837966098847,14.761396610164745,4.113632175289063,-1.0,CC_until_Vmax,4.200000000000001,-2.8667118464426973,CV_after_Vmax,4.596814963616419,3.7904959910382967,4.835568865935167,True,False,True
OKane2022,3.9476934060974918,0.8163865546218487,0.7895386812194983,B_between_DCAC_Vmax_and_DC_Vmax,DCAC already voltage-limited while DC still approaches Vmax,14211.69626195097,13236.28999652783,975.4062654231402,16.25677109038567,4.1186766642753145,-1.0,CC_until_Vmax,4.2,-2.7835229325579807,CV_after_Vmax,4.596814963616419,3.7904959910382967,4.835568865935167,True,False,True
OKane2022,3.9862966869599994,0.8243697478991596,0.7972593373919998,B_between_DCAC_Vmax_and_DC_Vmax,DCAC already voltage-limited while DC still approaches Vmax,14350.668073055998,13286.763131492291,1063.9049415637073,17.731749026061788,4.123202176028789,-1.0,CC_until_Vmax,4.199999999999999,-2.718732933134361,CV_after_Vmax,4.596814963616419,3.7904959910382967,4.835568865935167,True,False,True
OKane2022,4.024899967822507,0.8323529411764706,0.8049799935645015,B_between_DCAC_Vmax_and_DC_Vmax,DCAC already voltage-limited while DC still approaches Vmax,14489.639884161024,13338.658680324726,1150.981203836298,19.183020063938297,4.126938906266472,-1.0,CC_until_Vmax,4.199999999999999,-2.6469332283803766,CV_after_Vmax,4.596814963616419,3.7904959910382967,4.835568865935167,True,False,True
OKane2022,4.063503248685015,0.8403361344537815,0.812700649737003,B_between_DCAC_Vmax_and_DC_Vmax,DCAC already voltage-limited while DC still approaches Vmax,14628.611695266052,13391.788278339916,1236.823416926136,20.6137236154356,4.130176797264291,-1.0,CC_until_Vmax,4.2,-2.579205321623427,CV_after_Vmax,4.596814963616419,3.7904959910382967,4.835568865935167,True,False,True
OKane2022,4.102106529547522,0.8483193277310924,0.8204213059095045,B_between_DCAC_Vmax_and_DC_Vmax,DCAC already voltage-limited while DC still approaches Vmax,14767.58350637108,13446.538405155557,1321.0451012155227,22.017418353592046,4.1330984348605195,-1.0,CC_until_Vmax,4.2,-2.5032712656749014,CV_after_Vmax,4.596814963616419,3.7904959910382967,4.835568865935167,True,False,True
OKane2022,4.14070981041003,0.8563025210084033,0.828141962082006,B_between_DCAC_Vmax_and_DC_Vmax,DCAC already voltage-limited while DC still approaches Vmax,14906.555317476108,13503.026853402753,1403.5284640733553,23.392141067889256,4.135449651732431,-1.0,CC_until_Vmax,4.200000000000001,-2.4161777424531374,CV_after_Vmax,4.596814963616419,3.7904959910382967,4.835568865935167,True,False,True
OKane2022,4.179313091272538,0.8642857142857143,0.8358626182545075,B_between_DCAC_Vmax_and_DC_Vmax,DCAC already voltage-limited while DC still approaches Vmax,15045.527128581136,13561.716486923682,1483.8106416574537,24.730177360957562,4.137540292476951,-1.0,CC_until_Vmax,4.199999999999999,-2.312446826722627,CV_after_Vmax,4.596814963616419,3.7904959910382967,4.835568865935167,True,False,True
OKane2022,4.217916372135045,0.8722689075630252,0.8435832744270091,B_between_DCAC_Vmax_and_DC_Vmax,DCAC already voltage-limited while DC still approaches Vmax,15184.498939686164,13623.238905012307,1561.2600346738564,26.021000577897606,4.1395734201053935,-1.0,CC_until_Vmax,4.2,-2.2018487745759225,CV_after_Vmax,4.596814963616419,3.7904959910382967,4.835568865935167,True,False,True
OKane2022,4.256519652997553,0.8802521008403361,0.8513039305995106,B_between_DCAC_Vmax_and_DC_Vmax,DCAC already voltage-limited while DC still approaches Vmax,15323.47075079119,13688.201033965994,1635.2697168251962,27.254495280419935,4.141698794120192,-1.0,CC_until_Vmax,4.200000000000001,-2.079705757628012,CV_after_Vmax,4.596814963616419,3.7904959910382967,4.835568865935167,True,False,True
OKane2022,4.2951229338600605,0.888235294117647,0.8590245867720121,B_between_DCAC_Vmax_and_DC_Vmax,DCAC already voltage-limited while DC still approaches Vmax,15462.442561896218,13757.125530644507,1705.3170312517104,28.42195052086184,4.144186209202417,-1.0,CC_until_Vmax,4.200000000000001,-1.950740272668982,CV_after_Vmax,4.596814963616419,3.7904959910382967,4.835568865935167,True,False,True
OKane2022,4.333726214722568,0.896218487394958,0.8667452429445136,B_between_DCAC_Vmax_and_DC_Vmax,DCAC already voltage-limited while DC still approaches Vmax,15601.414373001246,13830.91052932597,1770.5038436752748,29.508397394587913,4.147149760898086,-1.0,CC_until_Vmax,4.2,-1.8172884574442971,CV_after_Vmax,4.596814963616419,3.7904959910382967,4.835568865935167,True,False,True
OKane2022,4.372329495585076,0.9042016806722689,0.8744658991170151,B_between_DCAC_Vmax_and_DC_Vmax,DCAC already voltage-limited while DC still approaches Vmax,15740.386184106274,13910.495747888575,1829.8904362176982,30.498173936961635,4.151121871729887,-1.0,CC_until_Vmax,4.2,-1.6811274898467345,CV_after_Vmax,4.596814963616419,3.7904959910382967,4.835568865935167,True,False,True
OKane2022,4.410932776447583,0.9121848739495798,0.8821865552895167,B_between_DCAC_Vmax_and_DC_Vmax,DCAC already voltage-limited while DC still approaches Vmax,15879.3579952113,13996.690214168035,1882.6677810432648,31.37779635072108,4.156446209835742,-1.0,CC_until_Vmax,4.2,-1.5414652185510456,CV_after_Vmax,4.596814963616419,3.7904959910382967,4.835568865935167,True,False,True
OKane2022,4.449536057310091,0.9201680672268907,0.8899072114620182,B_between_DCAC_Vmax_and_DC_Vmax,DCAC already voltage-limited while DC still approaches Vmax,16018.329806316327,14091.059201664475,1927.2706046518524,32.12117674419754,4.162689576591868,-1.0,CC_until_Vmax,4.199999999999999,-1.406993845968413,CV_after_Vmax,4.596814963616419,3.7904959910382967,4.835568865935167,True,False,True
OKane2022,4.488139338172599,0.9281512605042017,0.8976278676345197,B_between_DCAC_Vmax_and_DC_Vmax,DCAC already voltage-limited while DC still approaches Vmax,16157.301617421355,14194.997468554317,1962.3041488670387,32.70506914778398,4.170741523793512,-1.0,CC_until_Vmax,4.2,-1.2690553881900597,CV_after_Vmax,4.596814963616419,3.7904959910382967,4.835568865935167,True,False,True
OKane2022,4.526742619035106,0.9361344537815126,0.9053485238070212,B_between_DCAC_Vmax_and_DC_Vmax,DCAC already voltage-limited while DC still approaches Vmax,16296.273428526383,14311.071497636478,1985.2019308899053,33.086698848165085,4.17983505520724,-1.0,CC_until_Vmax,4.2,-1.1308207831273351,CV_after_Vmax,4.596814963616419,3.7904959910382967,4.835568865935167,True,False,True
OKane2022,4.565345899897614,0.9441176470588235,0.9130691799795227,B_between_DCAC_Vmax_and_DC_Vmax,DCAC already voltage-limited while DC still approaches Vmax,16435.24523963141,14441.955868835039,1993.2893707963722,33.22148951327287,4.190508373644742,-1.0,CC_until_Vmax,4.2,-0.9952831061931862,CV_after_Vmax,4.596814963616419,3.7904959910382967,4.835568865935167,True,False,True
OKane2022,4.603949180760122,0.9521008403361344,0.9207898361520244,D_late_CV_feedback_region,late post-DC-Vmax region; both branches have reached voltage boundary,16574.886119662373,14592.068246307752,1982.817873354621,33.04696455591035,4.199999999999999,-0.9532242196494392,CV_after_Vmax,4.199999999999999,-0.8605067985263337,CV_after_Vmax,4.596814963616419,3.7904959910382967,4.835568865935167,True,True,True
OKane2022,4.642552461622629,0.9600840336134454,0.9285104923245259,D_late_CV_feedback_region,late post-DC-Vmax region; both branches have reached voltage boundary,16737.42390853443,14767.282905079066,1970.1410034553646,32.835683390922746,4.1999999999999975,-0.7688207442840524,CV_after_Vmax,4.200000000000001,-0.7268798558256446,CV_after_Vmax,4.596814963616419,3.7904959910382967,4.835568865935167,True,True,True
OKane2022,4.681155742485137,0.9680672268907563,0.9362311484970274,D_late_CV_feedback_region,late post-DC-Vmax region; both branches have reached voltage boundary,16939.53021652394,14978.084637714837,1961.4455788091036,32.69075964681839,4.199999999999999,-0.6157005028321297,CV_after_Vmax,4.2,-0.5977438703090909,CV_after_Vmax,4.596814963616419,3.7904959910382967,4.835568865935167,True,True,True
OKane2022,4.7197590233476445,0.9760504201680672,0.9439518046695289,D_late_CV_feedback_region,late post-DC-Vmax region; both branches have reached voltage boundary,17196.737776351998,15240.690590539662,1956.0471858123365,32.60078643020561,4.199999999999999,-0.47297575373448,CV_after_Vmax,4.200000000000001,-0.46695936520365805,CV_after_Vmax,4.596814963616419,3.7904959910382967,4.835568865935167,True,True,True
OKane2022,4.758362304210152,0.9840336134453781,0.9516724608420304,D_late_CV_feedback_region,late post-DC-Vmax region; both branches have reached voltage boundary,17542.972508296287,15591.815285687246,1951.1572226090411,32.51928704348402,4.199999999999999,-0.33822014207458423,CV_after_Vmax,4.199999999999999,-0.33534558298804734,CV_after_Vmax,4.596814963616419,3.7904959910382967,4.835568865935167,True,True,True
OKane2022,4.79696558507266,0.9920168067226891,0.959393117014532,D_late_CV_feedback_region,late post-DC-Vmax region; both branches have reached voltage boundary,18063.035423001314,16116.477300654102,1946.5581223472127,32.442635372453545,4.200000000000001,-0.2073857933898819,CV_after_Vmax,4.2,-0.20550631077058387,CV_after_Vmax,4.596814963616419,3.7904959910382967,4.835568865935167,True,True,True
OKane2022,4.835568865935167,1.0,0.9671137731870335,D_late_CV_feedback_region,late post-DC-Vmax region; both branches have reached voltage boundary,19141.36642184064,17178.023244426022,1963.3431774146193,32.722386290243655,4.199999999999999,-0.0735394117647058,CV_after_Vmax,4.2,-0.07724958889963301,CV_after_Vmax,4.596814963616419,3.7904959910382967,4.835568865935167,True,True,True
ORegan2022,0.239610371716103,0.05,0.0479220743432206,A_pre_DCAC_Vmax,shared pre-Vmax region; Segment A geometry-dominated,862.5973381779709,423.2865919314369,439.310746246534,7.321845770775567,3.320568232516873,-1.0,CC_until_Vmax,3.425814375321606,-2.9376579520608597,CC_until_Vmax,4.724016005427131,3.210361831308334,4.7922074343220595,False,False,True
ORegan2022,0.2778674898892623,0.05798319327731093,0.05557349797785246,A_pre_DCAC_Vmax,shared pre-Vmax region; Segment A geometry-dominated,1000.3229636013442,469.0448229020432,531.278140699301,8.854635678321683,3.3446126270185146,-1.0,CC_until_Vmax,3.4513852105981235,-3.080022666785342,CC_until_Vmax,4.724016005427131,3.210361831308334,4.7922074343220595,False,False,True
ORegan2022,0.3161246080624216,0.06596638655462185,0.06322492161248432,A_pre_DCAC_Vmax,shared pre-Vmax region; Segment A geometry-dominated,1138.048589024718,512.8923627103902,625.1562263143278,10.41927043857213,3.3658322532017766,-1.0,CC_until_Vmax,3.4724958523800953,-3.1984210196621277,CC_until_Vmax,4.724016005427131,3.210361831308334,4.7922074343220595,False,False,True
ORegan2022,0.3543817262355809,0.07394957983193277,0.07087634524711618,A_pre_DCAC_Vmax,shared pre-Vmax region; Segment A geometry-dominated,1275.7742144480912,555.2905423553409,720.4836720927503,12.00806120154584,3.38386638436295,-1.0,CC_until_Vmax,3.4901830995651104,-3.295313602159079,CC_until_Vmax,4.724016005427131,3.210361831308334,4.7922074343220595,False,False,True
ORegan2022,0.3926388444087402,0.0819327731092437,0.07852776888174803,A_pre_DCAC_Vmax,shared pre-Vmax region; Segment A geometry-dominated,1413.499839871465,596.5858789834668,816.9139608879981,13.615232681466635,3.398908288497416,-1.0,CC_until_Vmax,3.506119106518793,-3.3723233597441498,CC_until_Vmax,4.724016005427131,3.210361831308334,4.7922074343220595,False,False,True
ORegan2022,0.4308959625818995,0.08991596638655462,0.0861791925163799,A_pre_DCAC_Vmax,shared pre-Vmax region; Segment A geometry-dominated,1551.2254652948382,637.060396667771,914.1650686270672,15.236084477117787,3.4115414579806123,-1.0,CC_until_Vmax,3.5209546973765122,-3.430579857575704,CC_until_Vmax,4.724016005427131,3.210361831308334,4.7922074343220595,False,False,True
ORegan2022,0.4691530807550588,0.09789915966386555,0.09383061615101176,A_pre_DCAC_Vmax,shared pre-Vmax region; Segment A geometry-dominated,1688.9510907182118,676.956785824666,1011.9943048935459,16.866571748225763,3.4226375783157565,-1.0,CC_until_Vmax,3.5356981796472273,-3.470898080798321,CC_until_Vmax,4.724016005427131,3.210361831308334,4.7922074343220595,False,False,True
ORegan2022,0.507410198928218,0.10588235294117647,0.1014820397856436,A_pre_DCAC_Vmax,shared pre-Vmax region; Segment A geometry-dominated,1826.676716141585,716.4910678898127,1110.1856482517724,18.50309413752954,3.4336197811478604,-1.0,CC_until_Vmax,3.548308074336412,-3.4938231782272524,CC_until_Vmax,4.724016005427131,3.210361831308334,4.7922074343220595,False,False,True
ORegan2022,0.5456673171013774,0.1138655462184874,0.10913346342027548,A_pre_DCAC_Vmax,shared pre-Vmax region; Segment A geometry-dominated,1964.4023415649585,755.8629785091508,1208.5393630558078,20.142322717596798,3.445226276879916,-1.0,CC_until_Vmax,3.557833920287177,-3.4996590355207875,CC_until_Vmax,4.724016005427131,3.210361831308334,4.7922074343220595,False,False,True
ORegan2022,0.5839244352745367,0.12184873949579833,0.11678488705490735,A_pre_DCAC_Vmax,shared pre-Vmax region; Segment A geometry-dominated,2102.127966988332,795.2650123504736,1306.8629546378584,21.781049243964308,3.4548635139195047,-1.0,CC_until_Vmax,3.565500520877656,-3.488483741307822,CC_until_Vmax,4.724016005427131,3.210361831308334,4.7922074343220595,False,False,True
ORegan2022,0.622181553447696,0.12983193277310925,0.1244363106895392,A_pre_DCAC_Vmax,shared pre-Vmax region; Segment A geometry-dominated,2239.8535924117054,834.890885481835,1404.9627069298704,23.41604511549784,3.4611604137274,-1.0,CC_until_Vmax,3.572222907298093,-3.4601535425287246,CC_until_Vmax,4.724016005427131,3.210361831308334,4.7922074343220595,False,False,True
ORegan2022,0.6604386716208552,0.13781512605042015,0.13208773432417104,A_pre_DCAC_Vmax,shared pre-Vmax region; Segment A geometry-dominated,2377.579217835079,874.9440922289374,1502.6351256061416,25.04391876010236,3.4666870911279983,-1.0,CC_until_Vmax,3.5760437573665027,-3.414295691931724,CC_until_Vmax,4.724016005427131,3.210361831308334,4.7922074343220595,False,False,True
ORegan2022,0.6986957897940146,0.1457983193277311,0.13973915795880293,A_pre_DCAC_Vmax,shared pre-Vmax region; Segment A geometry-dominated,2515.304843258453,915.647245914932,1599.6575973435208,26.660959955725346,3.4725781379602374,-1.0,CC_until_Vmax,3.5810626802419923,-3.3502894651567288,CC_until_Vmax,4.724016005427131,3.210361831308334,4.7922074343220595,False,False,True
ORegan2022,0.7369529079671739,0.15378151260504203,0.1473905815934348,A_pre_DCAC_Vmax,shared pre-Vmax region; Segment A geometry-dominated,2653.030468681826,957.2529994697521,1695.7774692120738,28.26295782020123,3.4785915018754214,-1.0,CC_until_Vmax,3.5854117916991495,-3.2672333781504754,CC_until_Vmax,4.724016005427131,3.210361831308334,4.7922074343220595,False,False,True
ORegan2022,0.7752100261403332,0.16176470588235295,0.15504200522806663,A_pre_DCAC_Vmax,shared pre-Vmax region; Segment A geometry-dominated,2790.7560941051993,1000.0580442223529,1790.6980498828464,29.84496749804744,3.484790022568455,-1.0,CC_until_Vmax,3.589284689842928,-3.163888300457163,CC_until_Vmax,4.724016005427131,3.210361831308334,4.7922074343220595,False,False,True
ORegan2022,0.8134671443134925,0.16974789915966387,0.1626934288626985,A_pre_DCAC_Vmax,shared pre-Vmax region; Segment A geometry-dominated,2928.481719528573,1044.4617886431606,1884.0199308854126,31.400332181423543,3.491275376606112,-1.0,CC_until_Vmax,3.592295267861011,-3.038107694498532,CC_until_Vmax,4.724016005427131,3.210361831308334,4.7922074343220595,False,False,True
ORegan2022,0.8517242624866518,0.1777310924369748,0.17034485249733036,A_pre_DCAC_Vmax,shared pre-Vmax region; Segment A geometry-dominated,3066.2073449519467,1090.911603071136,1975.2957418808107,32.92159569801351,3.4981677365144024,-1.0,CC_until_Vmax,3.5943892413223364,-2.8878737388082314,CC_until_Vmax,4.724016005427131,3.210361831308334,4.7922074343220595,False,False,True
ORegan2022,0.889981380659811,0.18571428571428572,0.1779962761319622,A_pre_DCAC_Vmax,shared pre-Vmax region; Segment A geometry-dominated,3203.9329703753197,1140.0923646563463,2063.840605718973,34.397343428649556,3.505590000133892,-1.0,CC_until_Vmax,3.5954227975989266,-2.7093161213135764,CC_until_Vmax,4.724016005427131,3.210361831308334,4.7922074343220595,False,False,True
ORegan2022,0.9282384988329704,0.19369747899159664,0.18564769976659407,A_pre_DCAC_Vmax,shared pre-Vmax region; Segment A geometry-dominated,3341.658595798693,1192.982676061476,2148.675919737217,35.81126532895362,3.513577913198347,-1.0,CC_until_Vmax,3.595147168387246,-2.497012817317528,CC_until_Vmax,4.724016005427131,3.210361831308334,4.7922074343220595,False,False,True
ORegan2022,0.9664956170061297,0.20168067226890757,0.19329912340122596,A_pre_DCAC_Vmax,shared pre-Vmax region; Segment A geometry-dominated,3479.3842212220666,1251.0433032669762,2228.3409179550904,37.139015299251504,3.5221109768769305,-1.0,CC_until_Vmax,3.593198927249028,-2.243028337623524,CC_until_Vmax,4.724016005427131,3.210361831308334,4.7922074343220595,False,False,True
ORegan2022,1.0047527351792889,0.20966386554621846,0.20095054703585777,A_pre_DCAC_Vmax,shared pre-Vmax region; Segment A geometry-dominated,3617.10984664544,1316.971031075722,2300.1388155697177,38.335646926161964,3.5310765926039913,-1.0,CC_until_Vmax,3.5889246125308008,-1.9325041984427105,CC_until_Vmax,4.724016005427131,3.210361831308334,4.7922074343220595,False,False,True
ORegan2022,1.0430098533524483,0.21764705882352942,0.20860197067048966,A_pre_DCAC_Vmax,shared pre-Vmax region; Segment A geometry-dominated,3754.835472068814,1396.3169605805006,2358.5185114883134,39.30864185813856,3.5402147334535563,-1.0,CC_until_Vmax,3.580991094431971,-1.535818321874759,CC_until_Vmax,4.724016005427131,3.210361831308334,4.7922074343220595,False,False,True
ORegan2022,1.0812669715256076,0.22563025210084034,0.21625339430512153,A_pre_DCAC_Vmax,shared pre-Vmax region; Segment A geometry-dominated,3892.5610974921874,1506.4428961868548,2386.1182013053326,39.76863668842221,3.549316897274771,-1.0,CC_until_Vmax,3.5653274189288586,-0.9631963353589507,CC_until_Vmax,4.724016005427131,3.210361831308334,4.7922074343220595,False,False,True
ORegan2022,1.1195240896987668,0.23361344537815126,0.22390481793975336,A_pre_DCAC_Vmax,shared pre-Vmax region; Segment A geometry-dominated,4030.2867229155604,3477.9340774756706,552.3526454398898,9.205877423998164,3.5582335002684946,-1.0,CC_until_Vmax,3.635548287384129,-3.1087455394314913,CC_until_Vmax,4.724016005427131,3.210361831308334,4.7922074343220595,False,False,True
ORegan2022,1.1577812078719263,0.24159663865546221,0.23155624157438526,A_pre_DCAC_Vmax,shared pre-Vmax region; Segment A geometry-dominated,4168.012348338934,3521.425117643073,646.5872306958613,10.776453844931021,3.5668422346518955,-1.0,CC_until_Vmax,3.648708400955744,-3.222194802947029,CC_until_Vmax,4.724016005427131,3.210361831308334,4.7922074343220595,False,False,True
ORegan2022,1.1960383260450853,0.24957983193277308,0.23920766520901707,A_pre_DCAC_Vmax,shared pre-Vmax region; Segment A geometry-dominated,4305.737973762307,3563.543331818478,742.1946419438291,12.369910699063817,3.575049028512077,-1.0,CC_until_Vmax,3.659928668698111,-3.314423728736218,CC_until_Vmax,4.724016005427131,3.210361831308334,4.7922074343220595,False,False,True
ORegan2022,1.2342954442182448,0.25756302521008406,0.24685908884364896,A_pre_DCAC_Vmax,shared pre-Vmax region; Segment A geometry-dominated,4443.463599185681,3604.6289158487734,838.8346833369078,13.98057805561513,3.5827895726958476,-1.0,CC_until_Vmax,3.669165644649983,-3.3870818357115318,CC_until_Vmax,4.724016005427131,3.210361831308334,4.7922074343220595,False,False,True
ORegan2022,1.2725525623914042,0.265546218487395,0.2545105124782808,A_pre_DCAC_Vmax,shared pre-Vmax region; Segment A geometry-dominated,4581.1892246090565,3644.9526232634157,936.2366013456408,15.60394335576068,3.5900292919635834,-1.0,CC_until_Vmax,3.6778488658445188,-3.4412150297016693,CC_until_Vmax,4.724016005427131,3.210361831308334,4.7922074343220595,False,False,True
ORegan2022,1.3108096805645633,0.27352941176470585,0.26216193611291266,A_pre_DCAC_Vmax,shared pre-Vmax region; Segment A geometry-dominated,4718.914850032428,3684.749364261189,1034.1654857712392,17.236091429520652,3.596758742611141,-1.0,CC_until_Vmax,3.6873538604025136,-3.4775679220859175,CC_until_Vmax,4.724016005427131,3.210361831308334,4.7922074343220595,False,False,True
ORegan2022,1.3490667987377227,0.2815126050420168,0.26981335974754456,A_pre_DCAC_Vmax,shared pre-Vmax region; Segment A geometry-dominated,4856.640475455802,3724.2301713698375,1132.410304085964,18.8735050680994,3.6029877386817786,-1.0,CC_until_Vmax,3.6959092986437816,-3.496624007635924,CC_until_Vmax,4.724016005427131,3.210361831308334,4.7922074343220595,False,False,True
ORegan2022,1.3873239169108822,0.28949579831932776,0.27746478338217645,A_pre_DCAC_Vmax,shared pre-Vmax region; Segment A geometry-dominated,4994.366100879176,3763.5921546986556,1230.7739461805204,20.512899103008674,3.6087383574626064,-1.0,CC_until_Vmax,3.7034434291660507,-3.4986306420117432,CC_until_Vmax,4.724016005427131,3.210361831308334,4.7922074343220595,False,False,True
ORegan2022,1.4255810350840412,0.29747899159663865,0.28511620701680823,A_pre_DCAC_Vmax,shared pre-Vmax region; Segment A geometry-dominated,5132.0917263025485,3803.027328207867,1329.0643980946816,22.151073301578027,3.6140402959297147,-1.0,CC_until_Vmax,3.7103222885280376,-3.483611456782155,CC_until_Vmax,4.724016005427131,3.210361831308334,4.7922074343220595,False,False,True
ORegan2022,1.4638381532572007,0.3054621848739496,0.2927676306514401,A_pre_DCAC_Vmax,shared pre-Vmax region; Segment A geometry-dominated,5269.817351725923,3842.7310326504085,1427.0863190755144,23.784771984591906,3.6189371117419746,-1.0,CC_until_Vmax,3.7167917906337697,-3.451367478287258,CC_until_Vmax,4.724016005427131,3.210361831308334,4.7922074343220595,False,False,True
ORegan2022,1.5020952714303597,0.3134453781512605,0.30041905428607196,A_pre_DCAC_Vmax,shared pre-Vmax region; Segment A geometry-dominated,5407.5429771492945,3882.910626728436,1524.6323504208585,25.410539173680977,3.6235706125576024,-1.0,CC_until_Vmax,3.7227357089282345,-3.4014670598605847,CC_until_Vmax,4.724016005427131,3.210361831308334,4.7922074343220595,False,False,True
ORegan2022,1.5403523896035192,0.32142857142857145,0.30807047792070386,A_pre_DCAC_Vmax,shared pre-Vmax region; Segment A geometry-dominated,5545.268602572669,3923.795154296446,1621.4734482762228,27.02455747127038,3.628435157813869,-1.0,CC_until_Vmax,3.7279763080226815,-3.333223598080141,CC_until_Vmax,4.724016005427131,3.210361831308334,4.7922074343220595,False,False,True
ORegan2022,1.5786095077766786,0.3294117647058824,0.31572190155533575,A_pre_DCAC_Vmax,shared pre-Vmax region; Segment A geometry-dominated,5682.994227996044,3965.6468297111674,1717.3473982848768,28.62245663808128,3.633385968897599,-1.0,CC_until_Vmax,3.7324099156335473,-3.2456586904692637,CC_until_Vmax,4.724016005427131,3.210361831308334,4.7922074343220595,False,False,True
ORegan2022,1.6168666259498377,0.33739495798319324,0.32337332518996753,A_pre_DCAC_Vmax,shared pre-Vmax region; Segment A geometry-dominated,5820.719853419416,4008.7754443680774,1811.9444090513384,30.199073484188975,3.6383582145564697,-1.0,CC_until_Vmax,3.7360975166204593,-3.137446667647809,CC_until_Vmax,4.724016005427131,3.210361831308334,4.7922074343220595,False,False,True
ORegan2022,1.6551237441229971,0.3453781512605042,0.3310247488245994,A_pre_DCAC_Vmax,shared pre-Vmax region; Segment A geometry-dominated,5958.44547884279,4053.59388978309,1904.8515890597,31.747526484328333,3.643373509697381,-1.0,CC_until_Vmax,3.7394661081421225,-3.00640392898483,CC_until_Vmax,4.724016005427131,3.210361831308334,4.7922074343220595,False,False,True
ORegan2022,1.6933808622961566,0.3533613445378152,0.3386761724592313,A_pre_DCAC_Vmax,shared pre-Vmax region; Segment A geometry-dominated,6096.171104266164,4100.5930706302415,1995.578033635922,33.25963389393203,3.648456345419876,-1.0,CC_until_Vmax,3.7430510891776785,-2.8501474332702608,CC_until_Vmax,4.724016005427131,3.210361831308334,4.7922074343220595,False,False,True
ORegan2022,1.7316379804693156,0.36134453781512604,0.3463275960938631,A_pre_DCAC_Vmax,shared pre-Vmax region; Segment A geometry-dominated,6233.896729689536,4150.513704613763,2083.383025075773,34.72305041792955,3.653602909272091,-1.0,CC_until_Vmax,3.743910829096553,-2.6645041251249895,CC_until_Vmax,4.724016005427131,3.210361831308334,4.7922074343220595,False,False,True
ORegan2022,1.769895098642475,0.369327731092437,0.353979019728495,A_pre_DCAC_Vmax,shared pre-Vmax region; Segment A geometry-dominated,6371.622355112911,4204.420167201829,2167.2021879110816,36.1200364651847,3.658767480348181,-1.0,CC_until_Vmax,3.7432307919227177,-2.4436080381265666,CC_until_Vmax,4.724016005427131,3.210361831308334,4.7922074343220595,False,False,True
ORegan2022,1.808152216815634,0.3773109243697479,0.36163044336312683,A_pre_DCAC_Vmax,shared pre-Vmax region; Segment A geometry-dominated,6509.347980536283,4263.972487248607,2245.3754932876764,37.42292488812794,3.6637058115112375,-1.0,CC_until_Vmax,3.741181343606306,-2.1783932202308023,CC_until_Vmax,4.724016005427131,3.210361831308334,4.7922074343220595,False,False,True
ORegan2022,1.8464093349887936,0.38529411764705884,0.3692818669977587,A_pre_DCAC_Vmax,shared pre-Vmax region; Segment A geometry-dominated,6647.073605959657,4332.249961478895,2314.8236444807617,38.58039407467936,3.668099853990562,-1.0,CC_until_Vmax,3.7366713262264715,-1.8520470208184565,CC_until_Vmax,4.724016005427131,3.210361831308334,4.7922074343220595,False,False,True
ORegan2022,1.884666453161953,0.3932773109243698,0.3769332906323906,A_pre_DCAC_Vmax,shared pre-Vmax region; Segment A geometry-dominated,6784.799231383031,4416.157767192519,2368.641464190512,39.47735773650854,3.673212502367524,-1.0,CC_until_Vmax,3.7237885791564422,-1.4278529061253107,CC_until_Vmax,4.724016005427131,3.210361831308334,4.7922074343220595,False,False,True
ORegan2022,1.922923571335112,0.40126050420168063,0.3845847142670224,A_pre_DCAC_Vmax,shared pre-Vmax region; Segment A geometry-dominated,6922.524856806403,4541.032053465193,2381.4928033412098,39.69154672235349,3.678373464077862,-1.0,CC_until_Vmax,3.7020326124225194,-0.7762022528012182,CC_until_Vmax,4.724016005427131,3.210361831308334,4.7922074343220595,False,False,True
ORegan2022,1.9611806895082715,0.40924369747899164,0.3922361379016543,A_pre_DCAC_Vmax,shared pre-Vmax region; Segment A geometry-dominated,7060.250482229778,6486.733800776585,573.5166814531931,9.558611357553218,3.6840833509781366,-1.0,CC_until_Vmax,3.7757699051601463,-3.136297640246306,CC_until_Vmax,4.724016005427131,3.210361831308334,4.7922074343220595,False,False,True
ORegan2022,1.999437807681431,0.4172268907563026,0.3998875615362862,A_pre_DCAC_Vmax,shared pre-Vmax region; Segment A geometry-dominated,7197.976107653151,6529.888989420706,668.0871182324454,11.13478530387409,3.6894565489172795,-1.0,CC_until_Vmax,3.7865735708387525,-3.244906622531135,CC_until_Vmax,4.724016005427131,3.210361831308334,4.7922074343220595,False,False,True
ORegan2022,2.03769492585459,0.42521008403361343,0.407538985170918,A_pre_DCAC_Vmax,shared pre-Vmax region; Segment A geometry-dominated,7335.701733076525,6571.745136003983,763.9565970725416,12.732609951209026,3.695124360197791,-1.0,CC_until_Vmax,3.7964585411936347,-3.3325693440776463,CC_until_Vmax,4.724016005427131,3.210361831308334,4.7922074343220595,False,False,True
ORegan2022,2.0759520440277495,0.4331932773109244,0.4151904088055499,A_pre_DCAC_Vmax,shared pre-Vmax region; Segment A geometry-dominated,7473.427358499897,6612.634891003112,860.7924674967853,14.346541124946421,3.700587569003056,-1.0,CC_until_Vmax,3.8064936510951877,-3.400938392879524,CC_until_Vmax,4.724016005427131,3.210361831308334,4.7922074343220595,False,False,True
ORegan2022,2.1142091622009085,0.4411764705882353,0.4228418324401817,A_pre_DCAC_Vmax,shared pre-Vmax region; Segment A geometry-dominated,7611.152983923271,6652.819485481515,958.3334984417561,15.972224974029269,3.706123288320106,-1.0,CC_until_Vmax,3.8158033155362014,-3.450992630010612,CC_until_Vmax,4.724016005427131,3.210361831308334,4.7922074343220595,False,False,True
ORegan2022,2.152466280374068,0.44915966386554623,0.4304932560748136,A_pre_DCAC_Vmax,shared pre-Vmax region; Segment A geometry-dominated,7748.878609346645,6692.526800358621,1056.3518089880245,17.605863483133742,3.7117367848982306,-1.0,CC_until_Vmax,3.819543051154044,-3.4834089013365994,CC_until_Vmax,4.724016005427131,3.210361831308334,4.7922074343220595,False,False,True
ORegan2022,2.1907233985472274,0.4571428571428572,0.4381446797094455,A_pre_DCAC_Vmax,shared pre-Vmax region; Segment A geometry-dominated,7886.604234770018,6731.963496924209,1154.6407378458089,19.24401229743015,3.717494314892895,-1.0,CC_until_Vmax,3.8322648861548574,-3.498610663920533,CC_until_Vmax,4.724016005427131,3.210361831308334,4.7922074343220595,False,False,True
ORegan2022,2.2289805167203864,0.465126050420168,0.44579610334407727,A_pre_DCAC_Vmax,shared pre-Vmax region; Segment A geometry-dominated,8024.329860193391,6771.324602763236,1253.0052574301553,20.883420957169257,3.7237403957034947,-1.0,CC_until_Vmax,3.8435184004318494,-3.4967895458762195,CC_until_Vmax,4.724016005427131,3.210361831308334,4.7922074343220595,False,False,True
ORegan2022,2.267237634893546,0.47310924369747903,0.45344752697870916,A_pre_DCAC_Vmax,shared pre-Vmax region; Segment A geometry-dominated,8162.0554856167655,6810.80216745864,1351.2533181581257,22.520888635968763,3.7306419997697953,-1.0,CC_until_Vmax,3.852543871260376,-3.4779147956361167,CC_until_Vmax,4.724016005427131,3.210361831308334,4.7922074343220595,False,False,True
ORegan2022,2.3054947530667054,0.48109243697479,0.46109895061334105,A_pre_DCAC_Vmax,shared pre-Vmax region; Segment A geometry-dominated,8299.78111104014,6850.59369037776,1449.1874206623797,24.15312367770633,3.738050464827856,-1.0,CC_until_Vmax,3.8606670436368185,-3.4417315718085826,CC_until_Vmax,4.724016005427131,3.210361831308334,4.7922074343220595,False,False,True
ORegan2022,2.3437518712398644,0.4890756302521008,0.4687503742479729,A_pre_DCAC_Vmax,shared pre-Vmax region; Segment A geometry-dominated,8437.50673646351,6890.910992875002,1546.5957435885084,25.77659572647514,3.745779676439604,-1.0,CC_until_Vmax,3.868640031083743,-3.3877478909633183,CC_until_Vmax,4.724016005427131,3.210361831308334,4.7922074343220595,False,False,True
ORegan2022,2.382008989413024,0.4970588235294118,0.4764017978826048,A_pre_DCAC_Vmax,shared pre-Vmax region; Segment A geometry-dominated,8575.232361886887,6931.99026785513,1643.242094031757,27.387368233862617,3.7540887919332833,-1.0,CC_until_Vmax,3.8758338415092473,-3.3152088852596724,CC_until_Vmax,4.724016005427131,3.210361831308334,4.7922074343220595,False,False,True
ORegan2022,2.4202661075861833,0.5050420168067228,0.4840532215172367,A_pre_DCAC_Vmax,shared pre-Vmax region; Segment A geometry-dominated,8712.957987310261,6974.104203582356,1738.8537837279055,28.98089639546509,3.762654543524945,-1.0,CC_until_Vmax,3.8816404879259268,-3.2230556256943563,CC_until_Vmax,4.724016005427131,3.210361831308334,4.7922074343220595,False,False,True
ORegan2022,2.4585232257593423,0.5130252100840336,0.49170464515186846,A_pre_DCAC_Vmax,shared pre-Vmax region; Segment A geometry-dominated,8850.683612733632,7017.577381399,1833.106231334632,30.551770522243867,3.7718618835364706,-1.0,CC_until_Vmax,3.886313560659645,-3.109863881369307,CC_until_Vmax,4.724016005427131,3.210361831308334,4.7922074343220595,False,False,True
ORegan2022,2.496780343932502,0.5210084033613446,0.49935606878650035,A_pre_DCAC_Vmax,shared pre-Vmax region; Segment A geometry-dominated,8988.409238157006,7062.836846218695,1925.5723919383108,32.092873198971844,3.7813212612604628,-1.0,CC_until_Vmax,3.8905521132489254,-2.9734135213378274,CC_until_Vmax,4.724016005427131,3.210361831308334,4.7922074343220595,False,False,True
ORegan2022,2.5350374621056613,0.5289915966386556,0.5070074924211323,A_pre_DCAC_Vmax,shared pre-Vmax region; Segment A geometry-dominated,9126.13486358038,7110.422701478814,2015.7121621015667,33.59520270169278,3.7915255535065264,-1.0,CC_until_Vmax,3.893952900279368,-2.810925099366592,CC_until_Vmax,4.724016005427131,3.210361831308334,4.7922074343220595,False,False,True
ORegan2022,2.5732945802788203,0.5369747899159664,0.5146589160557641,A_pre_DCAC_Vmax,shared pre-Vmax region; Segment A geometry-dominated,9263.860489003753,7161.136579459171,2102.723909544582,35.0453984924097,3.801954871799983,-1.0,CC_until_Vmax,3.8957073845118946,-2.6179025556442683,CC_until_Vmax,4.724016005427131,3.210361831308334,4.7922074343220595,False,False,True
ORegan2022,2.6115516984519798,0.5449579831932774,0.522310339690396,A_pre_DCAC_Vmax,shared pre-Vmax region; Segment A geometry-dominated,9401.586114427128,7216.137931680355,2185.4481827467725,36.42413637911287,3.8130622249809796,-1.0,CC_until_Vmax,3.895198279593007,-2.387990760094321,CC_until_Vmax,4.724016005427131,3.210361831308334,4.7922074343220595,False,False,True
ORegan2022,2.649808816625139,0.5529411764705883,0.5299617633250278,A_pre_DCAC_Vmax,shared pre-Vmax region; Segment A geometry-dominated,9539.3117398505,7277.3157843471745,2261.9959555033256,37.699932591722096,3.824627062217883,-1.0,CC_until_Vmax,3.8921438834501902,-2.1108373989508236,CC_until_Vmax,4.724016005427131,3.210361831308334,4.7922074343220595,False,False,True
ORegan2022,2.6880659347982983,0.5609243697478992,0.5376131869596597,A_pre_DCAC_Vmax,shared pre-Vmax region; Segment A geometry-dominated,9677.037365273873,7348.282285474398,2328.7550797994745,38.81258466332458,3.836521445642833,-1.0,CC_until_Vmax,3.886083574845882,-1.7668197681313034,CC_until_Vmax,4.724016005427131,3.210361831308334,4.7922074343220595,False,False,True
ORegan2022,2.7263230529714577,0.5689075630252102,0.5452646105942915,A_pre_DCAC_Vmax,shared pre-Vmax region; Segment A geometry-dominated,9814.762990697247,7437.718096380118,2377.0448943171286,39.61741490528548,3.848417027134929,-1.0,CC_until_Vmax,3.8755406836107658,-1.3101282097991365,CC_until_Vmax,4.724016005427131,3.210361831308334,4.7922074343220595,False,False,True
ORegan2022,2.7645801711446167,0.5768907563025211,0.5529160342289233,A_pre_DCAC_Vmax,shared pre-Vmax region; Segment A geometry-dominated,9952.48861612062,7587.641770707341,2364.846845413279,39.41411409022132,3.858958988824492,-1.0,CC_until_Vmax,3.8544340084600868,-0.5284970102969423,CC_until_Vmax,4.724016005427131,3.210361831308334,4.7922074343220595,False,False,True
ORegan2022,2.802837289317776,0.584873949579832,0.5605674578635552,A_pre_DCAC_Vmax,shared pre-Vmax region; Segment A geometry-dominated,10090.214241543996,9495.449423350912,594.7648181930836,9.912746969884726,3.868213895085892,-1.0,CC_until_Vmax,3.9337580512795443,-3.1627096996434867,CC_until_Vmax,4.724016005427131,3.210361831308334,4.7922074343220595,False,False,True
ORegan2022,2.8410944074909352,0.5928571428571429,0.568218881498187,A_pre_DCAC_Vmax,shared pre-Vmax region; Segment A geometry-dominated,10227.939866967366,9538.278873088175,689.6609938791917,11.494349897986528,3.8766650369868207,-1.0,CC_until_Vmax,3.946784594889492,-3.266421004422426,CC_until_Vmax,4.724016005427131,3.210361831308334,4.7922074343220595,False,False,True
ORegan2022,2.8793515256640947,0.6008403361344538,0.5758703051328189,A_pre_DCAC_Vmax,shared pre-Vmax region; Segment A geometry-dominated,10365.66549239074,9579.898567990984,785.766924399757,13.096115406662618,3.884624755664052,-1.0,CC_until_Vmax,3.9591695155809647,-3.349755797463828,CC_until_Vmax,4.724016005427131,3.210361831308334,4.7922074343220595,False,False,True
ORegan2022,2.917608643837254,0.6088235294117648,0.5835217287674508,A_pre_DCAC_Vmax,shared pre-Vmax region; Segment A geometry-dominated,10503.391117814115,9620.606332038691,882.7847857754241,14.713079762923735,3.892303234291718,-1.0,CC_until_Vmax,3.971396044445375,-3.4139050897994174,CC_until_Vmax,4.724016005427131,3.210361831308334,4.7922074343220595,False,False,True
ORegan2022,2.955865762010413,0.6168067226890757,0.5911731524020827,A_pre_DCAC_Vmax,shared pre-Vmax region; Segment A geometry-dominated,10641.116743237488,9660.663087564772,980.4536556727162,16.340894261211936,3.899767520899018,-1.0,CC_until_Vmax,3.9837748709736522,-3.459920793371281,CC_until_Vmax,4.724016005427131,3.210361831308334,4.7922074343220595,False,False,True
ORegan2022,2.9941228801835726,0.6247899159663866,0.5988245760367146,A_pre_DCAC_Vmax,shared pre-Vmax region; Segment A geometry-dominated,10778.842368660862,9700.29093621262,1078.5514324482428,17.975857207470714,3.9070847765529035,-1.0,CC_until_Vmax,3.9961475200583063,-3.488425722160371,CC_until_Vmax,4.724016005427131,3.210361831308334,4.7922074343220595,False,False,True
ORegan2022,3.032379998356732,0.6327731092436976,0.6064759996713465,A_pre_DCAC_Vmax,shared pre-Vmax region; Segment A geometry-dominated,10916.567994084236,9739.692701773582,1176.875292310655,19.614588205177583,3.9142609372451638,-1.0,CC_until_Vmax,4.008379748610643,-3.4997509716076154,CC_until_Vmax,4.724016005427131,3.210361831308334,4.7922074343220595,False,False,True
ORegan2022,3.070637116529891,0.6407563025210085,0.6141274233059782,A_pre_DCAC_Vmax,shared pre-Vmax region; Segment A geometry-dominated,11054.293619507607,9779.063034908,1275.230584599607,21.253843076660118,3.9211962711801354,-1.0,CC_until_Vmax,4.020448570841506,-3.4940312313689854,CC_until_Vmax,4.724016005427131,3.210361831308334,4.7922074343220595,False,False,True
ORegan2022,3.1088942347030506,0.6487394957983194,0.6217788469406101,A_pre_DCAC_Vmax,shared pre-Vmax region; Segment A geometry-dominated,11192.019244930982,9818.594645557594,1373.4245993733875,22.89040998955646,3.927960596750552,-1.0,CC_until_Vmax,4.032480305604662,-3.471233865176819,CC_until_Vmax,4.724016005427131,3.210361831308334,4.7922074343220595,False,False,True
ORegan2022,3.14715135287621,0.6567226890756304,0.629430270575242,A_pre_DCAC_Vmax,shared pre-Vmax region; Segment A geometry-dominated,11329.744870354356,9858.486438276424,1471.2584320779315,24.520973867965527,3.9347195219525073,-1.0,CC_until_Vmax,4.045178796218826,-3.4310692261314157,CC_until_Vmax,4.724016005427131,3.210361831308334,4.7922074343220595,False,False,True
ORegan2022,3.185408471049369,0.6647058823529411,0.6370816942098738,A_pre_DCAC_Vmax,shared pre-Vmax region; Segment A geometry-dominated,11467.47049577773,9898.95289290364,1568.5176028740898,26.141960047901495,3.9414438286452405,-1.0,CC_until_Vmax,4.061743470292534,-3.3730082679937183,CC_until_Vmax,4.724016005427131,3.210361831308334,4.7922074343220595,False,False,True
ORegan2022,3.2236655892225285,0.6726890756302522,0.6447331178445057,B_between_DCAC_Vmax_and_DC_Vmax,DCAC already voltage-limited while DC still approaches Vmax,11605.196121201103,9942.123818454571,1663.072302746532,27.7178717124422,3.9481731228789245,-1.0,CC_until_Vmax,4.39999999999963,-2.710938394183884,CV_after_Vmax,4.724016005427131,3.210361831308334,4.7922074343220595,True,False,True
ORegan2022,3.2619227073956876,0.680672268907563,0.6523845414791375,B_between_DCAC_Vmax_and_DC_Vmax,DCAC already voltage-limited while DC still approaches Vmax,11742.921746624475,9998.529402920909,1744.3923437035664,29.073205728392775,3.9548887791196465,-1.0,CC_until_Vmax,4.400000000000001,-2.23657607269387,CV_after_Vmax,4.724016005427131,3.210361831308334,4.7922074343220595,True,False,True
ORegan2022,3.300179825568847,0.688655462184874,0.6600359651137694,B_between_DCAC_Vmax_and_DC_Vmax,DCAC already voltage-limited while DC still approaches Vmax,11880.64737204785,10062.596308116232,1818.051063931618,30.300851065526967,3.961609501345281,-1.0,CC_until_Vmax,4.3999999999999995,-2.1353251829101683,CV_after_Vmax,4.724016005427131,3.210361831308334,4.7922074343220595,True,False,True
ORegan2022,3.3384369437420065,0.696638655462185,0.6676873887484013,B_between_DCAC_Vmax_and_DC_Vmax,DCAC already voltage-limited while DC still approaches Vmax,12018.372997471222,10111.394949267038,1906.9780482041842,31.78296747006974,3.9683457810222484,-1.0,CC_until_Vmax,4.4,-3.8576751636167046,CV_after_Vmax,4.724016005427131,3.210361831308334,4.7922074343220595,True,False,True
ORegan2022,3.3766940619151655,0.7046218487394958,0.6753388123830331,B_between_DCAC_Vmax_and_DC_Vmax,DCAC already voltage-limited while DC still approaches Vmax,12156.098622894597,10149.859100692187,2006.2395222024097,33.43732537004016,3.9751093530106663,-1.0,CC_until_Vmax,4.4,-3.100478449940759,CV_after_Vmax,4.724016005427131,3.210361831308334,4.7922074343220595,True,False,True
ORegan2022,3.414951180088325,0.7126050420168067,0.682990236017665,B_between_DCAC_Vmax_and_DC_Vmax,DCAC already voltage-limited while DC still approaches Vmax,12293.824248317971,10203.56673503566,2090.2575132823113,34.83762522137185,3.981914322992574,-1.0,CC_until_Vmax,4.400000000000015,-2.4322612490064963,CV_after_Vmax,4.724016005427131,3.210361831308334,4.7922074343220595,True,False,True
ORegan2022,3.453208298261484,0.7205882352941176,0.6906416596522968,B_between_DCAC_Vmax_and_DC_Vmax,DCAC already voltage-limited while DC still approaches Vmax,12431.549873741342,10254.71626666169,2176.833607079652,36.280560117994206,3.988811242351488,-1.0,CC_until_Vmax,4.4,-2.6052690887339764,CV_after_Vmax,4.724016005427131,3.210361831308334,4.7922074343220595,True,False,True
ORegan2022,3.4914654164346435,0.7285714285714286,0.6982930832869287,B_between_DCAC_Vmax_and_DC_Vmax,DCAC already voltage-limited while DC still approaches Vmax,12569.275499164716,10298.086824795764,2271.188674368952,37.853144572815864,3.9957741437626786,-1.0,CC_until_Vmax,4.4,-3.8345539766793357,CV_after_Vmax,4.724016005427131,3.210361831308334,4.7922074343220595,True,False,True
ORegan2022,3.529722534607803,0.7365546218487395,0.7059445069215606,B_between_DCAC_Vmax_and_DC_Vmax,DCAC already voltage-limited while DC still approaches Vmax,12707.001124588092,10339.670058638836,2367.3310659492563,39.455517765820936,4.002937219302772,-1.0,CC_until_Vmax,4.400000000000001,-4.081598221301679,CV_after_Vmax,4.724016005427131,3.210361831308334,4.7922074343220595,True,False,True
ORegan2022,3.567979652780962,0.7445378151260504,0.7135959305561924,B_between_DCAC_Vmax_and_DC_Vmax,DCAC already voltage-limited while DC still approaches Vmax,12844.726750011463,10371.953766204551,2472.7729838069117,41.21288306344853,4.010217542836781,-1.0,CC_until_Vmax,4.3999999999999995,-4.312595374928185,CV_after_Vmax,4.724016005427131,3.210361831308334,4.7922074343220595,True,False,True
ORegan2022,3.6062367709541214,0.7525210084033613,0.7212473541908243,B_between_DCAC_Vmax_and_DC_Vmax,DCAC already voltage-limited while DC still approaches Vmax,12982.452375434837,10405.586287152586,2576.8660882822514,42.947768138037524,4.0177422464695125,-1.0,CC_until_Vmax,4.4,-6.393667561384459,CV_after_Vmax,4.724016005427131,3.210361831308334,4.7922074343220595,True,False,True
ORegan2022,3.644493889127281,0.7605042016806723,0.7288987778254562,B_between_DCAC_Vmax_and_DC_Vmax,DCAC already voltage-limited while DC still approaches Vmax,13120.17800085821,10428.273289900602,2691.9047109576077,44.86507851596013,4.025507654683383,-1.0,CC_until_Vmax,4.4,-4.826754692704283,CV_after_Vmax,4.724016005427131,3.210361831308334,4.7922074343220595,True,False,True
ORegan2022,3.68275100730044,0.7684873949579832,0.736550201460088,B_between_DCAC_Vmax_and_DC_Vmax,DCAC already voltage-limited while DC still approaches Vmax,13257.903626281584,10465.384440945585,2792.5191853359993,46.54198642226665,4.03357959152767,-1.0,CC_until_Vmax,4.400000000000005,-2.97361186892124,CV_after_Vmax,4.724016005427131,3.210361831308334,4.7922074343220595,True,False,True
ORegan2022,3.7210081254735994,0.7764705882352941,0.7442016250947199,B_between_DCAC_Vmax_and_DC_Vmax,DCAC already voltage-limited while DC still approaches Vmax,13395.629251704957,10504.379384200396,2891.249867504561,48.18749779174268,4.041936970595821,-1.0,CC_until_Vmax,4.400000000000003,-3.0844316173307105,CV_after_Vmax,4.724016005427131,3.210361831308334,4.7922074343220595,True,False,True
ORegan2022,3.759265243646759,0.7844537815126051,0.7518530487293518,B_between_DCAC_Vmax_and_DC_Vmax,DCAC already voltage-limited while DC still approaches Vmax,13533.354877128331,10538.843633380986,2994.5112437473454,49.90852072912242,4.050613973727898,-1.0,CC_until_Vmax,4.400000000000001,-4.559624878244997,CV_after_Vmax,4.724016005427131,3.210361831308334,4.7922074343220595,True,False,True
ORegan2022,3.797522361819918,0.792436974789916,0.7595044723639836,B_between_DCAC_Vmax_and_DC_Vmax,DCAC already voltage-limited while DC still approaches Vmax,13671.080502551706,10577.763042633633,3093.317459918073,51.55529099863455,4.059727479917139,-1.0,CC_until_Vmax,4.400000000000001,-3.6205155777485025,CV_after_Vmax,4.724016005427131,3.210361831308334,4.7922074343220595,True,False,True
ORegan2022,3.8357794799930773,0.8004201680672269,0.7671558959986154,B_between_DCAC_Vmax_and_DC_Vmax,DCAC already voltage-limited while DC still approaches Vmax,13808.806127975078,10609.907513702647,3198.8986142724316,53.31497690454053,4.068756484700252,-1.0,CC_until_Vmax,4.4,-4.366844679356322,CV_after_Vmax,4.724016005427131,3.210361831308334,4.7922074343220595,True,False,True
ORegan2022,3.8740365981662364,0.8084033613445378,0.7748073196332472,B_between_DCAC_Vmax_and_DC_Vmax,DCAC already voltage-limited while DC still approaches Vmax,13946.53175339845,10658.27695985099,3288.2547935474613,54.80424655912436,4.077846174937307,-1.0,CC_until_Vmax,4.4,-2.725968106980623,CV_after_Vmax,4.724016005427131,3.210361831308334,4.7922074343220595,True,False,True
ORegan2022,3.912293716339396,0.8163865546218487,0.7824587432678791,B_between_DCAC_Vmax_and_DC_Vmax,DCAC already voltage-limited while DC still approaches Vmax,14084.257378821825,10704.983298496927,3379.274080324898,56.32123467208164,4.0868526443170525,-1.0,CC_until_Vmax,4.4,-2.932719678530114,CV_after_Vmax,4.724016005427131,3.210361831308334,4.7922074343220595,True,False,True
ORegan2022,3.9505508345125553,0.8243697478991597,0.790110166902511,B_between_DCAC_Vmax_and_DC_Vmax,DCAC already voltage-limited while DC still approaches Vmax,14221.983004245198,10751.828674979977,3470.1543292652204,57.83590548775367,4.0952568158376454,-1.0,CC_until_Vmax,4.4,-3.122049995574493,CV_after_Vmax,4.724016005427131,3.210361831308334,4.7922074343220595,True,False,True
ORegan2022,3.9888079526857143,0.8323529411764706,0.7977615905371429,B_between_DCAC_Vmax_and_DC_Vmax,DCAC already voltage-limited while DC still approaches Vmax,14359.708629668572,10789.1528508722,3570.5557787963717,59.50926297993953,4.1030658463860235,-1.0,CC_until_Vmax,4.3999999999999995,-4.058952335816325,CV_after_Vmax,4.724016005427131,3.210361831308334,4.7922074343220595,True,False,True
ORegan2022,4.027065070858874,0.8403361344537815,0.8054130141717748,B_between_DCAC_Vmax_and_DC_Vmax,DCAC already voltage-limited while DC still approaches Vmax,14497.434255091946,10827.617332324224,3669.8169227677226,61.163615379462044,4.109695869040969,-1.0,CC_until_Vmax,4.399999999999999,-2.34351805698742,CV_after_Vmax,4.724016005427131,3.210361831308334,4.7922074343220595,True,False,True
ORegan2022,4.065322189032033,0.8483193277310924,0.8130644378064066,B_between_DCAC_Vmax_and_DC_Vmax,DCAC already voltage-limited while DC still approaches Vmax,14635.159880515319,10883.114194186988,3752.0456863283307,62.53409477213884,4.115340137013283,-1.0,CC_until_Vmax,4.4,-2.853154046917812,CV_after_Vmax,4.724016005427131,3.210361831308334,4.7922074343220595,True,False,True
ORegan2022,4.103579307205192,0.8563025210084033,0.8207158614410384,B_between_DCAC_Vmax_and_DC_Vmax,DCAC already voltage-limited while DC still approaches Vmax,14772.885505938691,10931.84926145879,3841.036244479901,64.01727074133169,4.1193060217106545,-1.0,CC_until_Vmax,4.400000000000002,-2.9104746627296025,CV_after_Vmax,4.724016005427131,3.210361831308334,4.7922074343220595,True,False,True
ORegan2022,4.141836425378352,0.8642857142857143,0.8283672850756704,B_between_DCAC_Vmax_and_DC_Vmax,DCAC already voltage-limited while DC still approaches Vmax,14910.611131362066,10980.11203677687,3930.499094585195,65.50831824308658,4.122415084797619,-1.0,CC_until_Vmax,4.400000000000001,-2.8633279385706722,CV_after_Vmax,4.724016005427131,3.210361831308334,4.7922074343220595,True,False,True
ORegan2022,4.180093543551511,0.8722689075630252,0.8360187087103021,B_between_DCAC_Vmax_and_DC_Vmax,DCAC already voltage-limited while DC still approaches Vmax,15048.336756785438,11031.848760822097,4016.4879959633417,66.94146659938903,4.126269339383579,-1.0,CC_until_Vmax,4.399999999999999,-1.9530200951002858,CV_after_Vmax,4.724016005427131,3.210361831308334,4.7922074343220595,True,False,True
ORegan2022,4.21835066172467,0.8802521008403361,0.8436701323449339,B_between_DCAC_Vmax_and_DC_Vmax,DCAC already voltage-limited while DC still approaches Vmax,15186.062382208811,11090.901250836752,4095.1611313720587,68.25268552286765,4.130127593246424,-1.0,CC_until_Vmax,4.400000000000001,-2.5015517380012704,CV_after_Vmax,4.724016005427131,3.210361831308334,4.7922074343220595,True,False,True
ORegan2022,4.25660777989783,0.8882352941176471,0.8513215559795659,B_between_DCAC_Vmax_and_DC_Vmax,DCAC already voltage-limited while DC still approaches Vmax,15323.788007632187,11146.926816630561,4176.861191001626,69.61435318336044,4.135067018302923,-1.0,CC_until_Vmax,4.4,-2.4782960927532787,CV_after_Vmax,4.724016005427131,3.210361831308334,4.7922074343220595,True,False,True
ORegan2022,4.294864898070989,0.896218487394958,0.8589729796141977,B_between_DCAC_Vmax_and_DC_Vmax,DCAC already voltage-limited while DC still approaches Vmax,15461.51363305556,11198.701447756635,4262.812185298924,71.04686975498207,4.141168540690816,-1.0,CC_until_Vmax,4.400000000000001,-2.0683983514606075,CV_after_Vmax,4.724016005427131,3.210361831308334,4.7922074343220595,True,False,True
ORegan2022,4.333122016244148,0.9042016806722689,0.8666244032488295,B_between_DCAC_Vmax_and_DC_Vmax,DCAC already voltage-limited while DC still approaches Vmax,15599.239258478932,11267.119637268264,4332.119621210668,72.20199368684446,4.148475393902339,-1.0,CC_until_Vmax,4.3999999999999995,-2.39995626338865,CV_after_Vmax,4.724016005427131,3.210361831308334,4.7922074343220595,True,False,True
ORegan2022,4.371379134417308,0.9121848739495799,0.8742758268834615,B_between_DCAC_Vmax_and_DC_Vmax,DCAC already voltage-limited while DC still approaches Vmax,15736.964883902308,11333.72302262129,4403.241861281018,73.38736435468363,4.15589401524348,-1.0,CC_until_Vmax,4.3999999999999995,-2.5399536599965016,CV_after_Vmax,4.724016005427131,3.210361831308334,4.7922074343220595,True,False,True
ORegan2022,4.409636252590467,0.9201680672268908,0.8819272505180933,B_between_DCAC_Vmax_and_DC_Vmax,DCAC already voltage-limited while DC still approaches Vmax,15874.69050932568,11390.62333164575,4484.06717767993,74.73445296133217,4.1645614527041275,-1.0,CC_until_Vmax,4.4,-1.6881674109649736,CV_after_Vmax,4.724016005427131,3.210361831308334,4.7922074343220595,True,False,True
ORegan2022,4.447893370763626,0.9281512605042016,0.8895786741527252,B_between_DCAC_Vmax_and_DC_Vmax,DCAC already voltage-limited while DC still approaches Vmax,16012.416134749054,11470.70728400786,4541.708850741194,75.69514751235323,4.173737445590876,-1.0,CC_until_Vmax,4.4,-1.7891163138357968,CV_after_Vmax,4.724016005427131,3.210361831308334,4.7922074343220595,True,False,True
ORegan2022,4.486150488936786,0.9361344537815127,0.8972300977873571,B_between_DCAC_Vmax_and_DC_Vmax,DCAC already voltage-limited while DC still approaches Vmax,16150.14176017243,11545.486476138034,4604.655284034396,76.7442547339066,4.183645828511167,-1.0,CC_until_Vmax,4.400000000000002,-2.086298767043606,CV_after_Vmax,4.724016005427131,3.210361831308334,4.7922074343220595,True,False,True
ORegan2022,4.524407607109945,0.9441176470588236,0.904881521421989,B_between_DCAC_Vmax_and_DC_Vmax,DCAC already voltage-limited while DC still approaches Vmax,16287.8673855958,11629.466750397261,4658.400635198539,77.64001058664232,4.194292313636808,-1.0,CC_until_Vmax,4.400000000000001,-1.4908261593281216,CV_after_Vmax,4.724016005427131,3.210361831308334,4.7922074343220595,True,False,True
ORegan2022,4.562664725283104,0.9521008403361344,0.9125329450566207,B_between_DCAC_Vmax_and_DC_Vmax,DCAC already voltage-limited while DC still approaches Vmax,16425.593011019173,11719.471104526088,4706.121906493085,78.43536510821808,4.205386513334534,-1.0,CC_until_Vmax,4.4,-1.7722786404077147,CV_after_Vmax,4.724016005427131,3.210361831308334,4.7922074343220595,True,False,True
ORegan2022,4.6009218434562635,0.9600840336134455,0.9201843686912528,B_between_DCAC_Vmax_and_DC_Vmax,DCAC already voltage-limited while DC still approaches Vmax,16563.31863644255,11818.631307318152,4744.687329124397,79.07812215207329,4.217445723581045,-1.0,CC_until_Vmax,4.3999999999999995,-1.2133061656250317,CV_after_Vmax,4.724016005427131,3.210361831308334,4.7922074343220595,True,False,True
ORegan2022,4.639178961629423,0.9680672268907563,0.9278357923258845,B_between_DCAC_Vmax_and_DC_Vmax,DCAC already voltage-limited while DC still approaches Vmax,16701.04426186592,11922.564236331847,4778.480025534074,79.64133375890124,4.231304362792374,-1.0,CC_until_Vmax,4.4,-1.148272542938543,CV_after_Vmax,4.724016005427131,3.210361831308334,4.7922074343220595,True,False,True
ORegan2022,4.677436079802582,0.9760504201680672,0.9354872159605163,B_between_DCAC_Vmax_and_DC_Vmax,DCAC already voltage-limited while DC still approaches Vmax,16838.769887289294,12059.587779848833,4779.182107440462,79.65303512400769,4.248912089165221,-1.0,CC_until_Vmax,4.400000000000001,-1.1572545434084447,CV_after_Vmax,4.724016005427131,3.210361831308334,4.7922074343220595,True,False,True
ORegan2022,4.7156931979757415,0.9840336134453783,0.9431386395951483,B_between_DCAC_Vmax_and_DC_Vmax,DCAC already voltage-limited while DC still approaches Vmax,16976.49551271267,12216.647417393693,4759.848095318977,79.33080158864962,4.2798004802544645,-1.0,CC_until_Vmax,4.4,-0.9080757556443468,CV_after_Vmax,4.724016005427131,3.210361831308334,4.7922074343220595,True,False,True
ORegan2022,4.7539503161489005,0.9920168067226891,0.9507900632297801,D_late_CV_feedback_region,late post-DC-Vmax region; both branches have reached voltage boundary,17240.439842435564,12413.144567158188,4827.295275277376,80.45492125462293,4.400000000000001,-0.5091563860326587,CV_after_Vmax,4.4,-0.5180926410430303,CV_after_Vmax,4.724016005427131,3.210361831308334,4.7922074343220595,True,True,True
ORegan2022,4.7922074343220595,1.0,0.9584414868644119,D_late_CV_feedback_region,late post-DC-Vmax region; both branches have reached voltage boundary,17868.068927458335,12806.612130688412,5061.456796769922,84.35761327949871,4.4,-0.0735394117647141,CV_after_Vmax,4.4,-0.2461857694309916,CV_after_Vmax,4.724016005427131,3.210361831308334,4.7922074343220595,True,True,True
