protocol_pair,Q_Ah,dt_raw_s,dt_geom_prescribed_s,dt_resid_prescribed_s,dt_geom_fitted_s,dt_resid_fitted_s,fit_status,I0_fit_A,A_fit_A,f_meta_Hz,f_fit_Hz,f_fit_rel_error_ppm,phi_fit_rad,fit_rmse_A
0.3C DC vs 0.3C+0.7C 0.1tau,0.05,1.2420025902232794,1.1650600897420702,0.0769425004812092,-0.0030386048521506837,1.24504119507543,ok,1.0209774139324814,0.31916477298870594,0.1433828316143201,0.14329210661783168,-632.746581072352,2.5609499185401963,1.6672616173457946
0.3C DC vs 0.3C+0.7C 0.1tau,0.06,1.5533279134462532,1.4321739869312466,0.1211539265150065,-0.1007611098432335,1.6540890232894867,ok,1.0209774139324814,0.31916477298870594,0.1433828316143201,0.14329210661783168,-632.746581072352,2.5609499185401963,1.6672616173457946
0.3C DC vs 0.3C+0.7C 0.1tau,0.07,1.8649479772876134,1.7053061083939554,0.159641868893658,-0.18108582233759307,2.0460337996252065,ok,1.0209774139324814,0.31916477298870594,0.1433828316143201,0.14329210661783168,-632.746581072352,2.5609499185401963,1.6672616173457946
0.3C DC vs 0.3C+0.7C 0.1tau,0.08,2.1792823741582197,1.9824310633329671,0.1968513108252523,-0.24248837379900579,2.4217707479572255,ok,1.0209774139324814,0.31916477298870594,0.1433828316143201,0.14329210661783168,-632.746581072352,2.5609499185401963,1.6672616173457946
0.3C DC vs 0.3C+0.7C 0.1tau,0.09,2.4953891989048884,2.261844819662997,0.2335443792418914,-0.2776745090203576,2.773063707925246,ok,1.0209774139324814,0.31916477298870594,0.1433828316143201,0.14329210661783168,-632.746581072352,2.5609499185401963,1.6672616173457946
0.3C DC vs 0.3C+0.7C 0.1tau,0.1,2.8077160243059893,2.542018935057456,0.2656970892485333,-0.22932302121080284,3.037039045516792,ok,1.0209774139324814,0.31916477298870594,0.1433828316143201,0.14329210661783168,-632.746581072352,2.5609499185401963,1.6672616173457946
0.3C DC vs 0.3C+0.7C 0.1tau,0.11,3.117005464228953,2.821480371169912,0.2955250930590409,-0.16709983595194444,3.2841053001808973,ok,1.0209774139324814,0.31916477298870594,0.1433828316143201,0.14329210661783168,-632.746581072352,2.5609499185401963,1.6672616173457946
0.3C DC vs 0.3C+0.7C 0.1tau,0.12,3.4171644139321984,3.098699045448029,0.3184653684841692,-0.0925183203514166,3.509682734283615,ok,1.0209774139324814,0.31916477298870594,0.1433828316143201,0.14329210661783168,-632.746581072352,2.5609499185401963,1.6672616173457946
0.3C DC vs 0.3C+0.7C 0.1tau,0.13,3.7070745576994,3.371967134193085,0.3351074235063151,-0.007096481805319854,3.71417103950472,ok,1.0209774139324814,0.31916477298870594,0.1433828316143201,0.14329210661783168,-632.746581072352,2.5609499185401963,1.6672616173457946
0.3C DC vs 0.3C+0.7C 0.1tau,0.14,3.970803325066413,3.639252119809157,0.3315512052572558,0.09830261118167982,3.872500713884733,ok,1.0209774139324814,0.31916477298870594,0.1433828316143201,0.14329210661783168,-632.746581072352,2.5609499185401963,1.6672616173457946
0.3C DC vs 0.3C+0.7C 0.1tau,0.15,4.192097134735491,3.8979989000364417,0.2940982346990495,0.2111966761912072,3.9809004585442835,ok,1.0209774139324814,0.31916477298870594,0.1433828316143201,0.14329210661783168,-632.746581072352,2.5609499185401963,1.6672616173457946
0.3C DC vs 0.3C+0.7C 0.1tau,0.16,4.336089300404865,4.144842257182404,0.1912470432224609,0.323488926307391,4.012600374097474,ok,1.0209774139324814,0.31916477298870594,0.1433828316143201,0.14329210661783168,-632.746581072352,2.5609499185401963,1.6672616173457946
0.3C DC vs 0.3C+0.7C 0.1tau,0.1699999999999999,4.291075501575733,4.375163395213917,-0.0840878936381841,0.43388018766586356,3.8571953139098696,ok,1.0209774139324814,0.31916477298870594,0.1433828316143201,0.14329210661783168,-632.746581072352,2.5609499185401963,1.6672616173457946
0.3C DC vs 0.3C+0.7C 0.1tau,0.18,0.7681574143020953,4.582369128567507,-3.814211714265411,0.5410583886795166,0.22709902562257867,ok,1.0209774139324814,0.31916477298870594,0.1433828316143201,0.14329210661783168,-632.746581072352,2.5609499185401963,1.6672616173457946
0.3C DC vs 0.3C+0.7C 0.1tau,0.19,1.064377581169424,4.756657018189003,-3.692279437019579,0.6353385621328016,0.42903901903662245,ok,1.0209774139324814,0.31916477298870594,0.1433828316143201,0.14329210661783168,-632.746581072352,2.5609499185401963,1.6672616173457946
0.3C DC vs 0.3C+0.7C 0.1tau,0.2,1.3692072915006293,0.7602148380248082,0.6089924534758211,0.6908126037092188,0.6783946877914104,ok,1.0209774139324814,0.31916477298870594,0.1433828316143201,0.14329210661783168,-632.746581072352,2.5609499185401963,1.6672616173457946
0.3C DC vs 0.3C+0.7C 0.1tau,0.21,1.6810124032616613,1.017461199968693,0.6635512032929682,0.7308737253111985,0.9501386779504628,ok,1.0209774139324814,0.31916477298870594,0.1433828316143201,0.14329210661783168,-632.746581072352,2.5609499185401963,1.6672616173457946
0.3C DC vs 0.3C+0.7C 0.1tau,0.22,1.9993845533502963,1.2835033733935006,0.7158811799569094,0.7541313006148584,1.2452532527354379,ok,1.0209774139324814,0.31916477298870594,0.1433828316143201,0.14329210661783168,-632.746581072352,2.5609499185401963,1.6672616173457946
0.3C DC vs 0.3C+0.7C 0.1tau,0.2299999999999999,2.313682149599117,1.5559121712609567,0.7577699783383878,0.7318820834176449,1.5818000661814722,ok,1.0209774139324814,0.31916477298870594,0.1433828316143201,0.14329210661783168,-632.746581072352,2.5609499185401963,1.6672616173457946
0.3C DC vs 0.3C+0.7C 0.1tau,0.24,2.629834488680558,1.8327311544579743,0.7971033342225837,0.6445340071770715,1.9853004815034865,ok,1.0209774139324814,0.31916477298870594,0.1433828316143201,0.14329210661783168,-632.746581072352,2.5609499185401963,1.6672616173457946
0.3C DC vs 0.3C+0.7C 0.1tau,0.25,2.9408098864612384,2.112299374121335,0.8285105123399035,0.5455462459103728,2.3952636405508656,ok,1.0209774139324814,0.31916477298870594,0.1433828316143201,0.14329210661783168,-632.746581072352,2.5609499185401963,1.6672616173457946
0.3C DC vs 0.3C+0.7C 0.1tau,0.26,3.249277736856129,2.3931156044118325,0.8561621324442967,0.4639016784200294,2.7853760584361,ok,1.0209774139324814,0.31916477298870594,0.1433828316143201,0.14329210661783168,-632.746581072352,2.5609499185401963,1.6672616173457946
0.3C DC vs 0.3C+0.7C 0.1tau,0.27,3.5395842220182203,2.673722829453709,0.8658613925645113,0.40506165809165395,3.1345225639265664,ok,1.0209774139324814,0.31916477298870594,0.1433828316143201,0.14329210661783168,-632.746581072352,2.5609499185401963,1.6672616173457946
0.3C DC vs 0.3C+0.7C 0.1tau,0.28,3.8195814789452243,2.9525963781877635,0.8669851007574607,0.3654874499507059,3.4540940289945183,ok,1.0209774139324814,0.31916477298870594,0.1433828316143201,0.14329210661783168,-632.746581072352,2.5609499185401963,1.6672616173457946
0.3C DC vs 0.3C+0.7C 0.1tau,0.29,4.077249969844274,3.2280196456723615,0.8492303241719128,0.4090758022556429,3.6681741675886315,ok,1.0209774139324814,0.31916477298870594,0.1433828316143201,0.14329210661783168,-632.746581072352,2.5609499185401963,1.6672616173457946
0.3C DC vs 0.3C+0.7C 0.1tau,0.3,4.540457632448124,3.4780076647962233,1.0624499676519008,0.4714071808789413,4.069050451569183,ok,1.0209774139324814,0.31916477298870594,0.1433828316143201,0.14329210661783168,-632.746581072352,2.5609499185401963,1.6672616173457946
0.3C DC vs 0.3C+0.7C 0.1tau,0.31,4.740350447773608,3.739706004572099,1.0006444432015087,0.5431820651733688,4.197168382600239,ok,1.0209774139324814,0.31916477298870594,0.1433828316143201,0.14329210661783168,-632.746581072352,2.5609499185401963,1.6672616173457946
0.3C DC vs 0.3C+0.7C 0.1tau,0.32,4.858080706725104,3.990537045991914,0.8675436607331903,0.6263190954314268,4.231761611293678,ok,1.0209774139324814,0.31916477298870594,0.1433828316143201,0.14329210661783168,-632.746581072352,2.5609499185401963,1.6672616173457946
0.3C DC vs 0.3C+0.7C 0.1tau,0.33,1.0317675821145258,4.226229302554657,-3.194461720440131,0.736303225822212,0.2954643562923138,ok,1.0209774139324814,0.31916477298870594,0.1433828316143201,0.14329210661783168,-632.746581072352,2.5609499185401963,1.6672616173457946
0.3C DC vs 0.3C+0.7C 0.1tau,0.3399999999999999,1.3363856501105147,4.440729426545204,-3.104343776434689,0.8489605352692706,0.48742511484124407,ok,1.0209774139324814,0.31916477298870594,0.1433828316143201,0.14329210661783168,-632.746581072352,2.5609499185401963,1.6672616173457946
0.3C DC vs 0.3C+0.7C 0.1tau,0.35,1.6512883040377346,4.625103348461153,-2.973815044423418,0.961440771555317,0.6898475324824176,ok,1.0209774139324814,0.31916477298870594,0.1433828316143201,0.14329210661783168,-632.746581072352,2.5609499185401963,1.6672616173457946
0.3C DC vs 0.3C+0.7C 0.1tau,0.36,1.9794477572368123,0.601988066913691,1.377459690323121,1.0724480023241085,0.9069997549127038,ok,1.0209774139324814,0.31916477298870594,0.1433828316143201,0.14329210661783168,-632.746581072352,2.5609499185401963,1.6672616173457946
0.3C DC vs 0.3C+0.7C 0.1tau,0.37,2.3051525168993976,0.8562936182856902,1.4488588986137074,1.1806765674079998,1.1244759494913978,ok,1.0209774139324814,0.31916477298870594,0.1433828316143201,0.14329210661783168,-632.746581072352,2.5609499185401963,1.6672616173457946
0.3C DC vs 0.3C+0.7C 0.1tau,0.38,2.6353088289413336,1.1201779328659995,1.515130896075334,1.268554249816816,1.3667545791245175,ok,1.0209774139324814,0.31916477298870594,0.1433828316143201,0.14329210661783168,-632.746581072352,2.5609499185401963,1.6672616173457946
0.3C DC vs 0.3C+0.7C 0.1tau,0.39,2.9588989586479784,1.3910709474669147,1.5678280111810636,1.3274310690553648,1.6314678895926136,ok,1.0209774139324814,0.31916477298870594,0.1433828316143201,0.14329210661783168,-632.746581072352,2.5609499185401963,1.6672616173457946
0.3C DC vs 0.3C+0.7C 0.1tau,0.4,3.2785072173132903,1.6669251094731408,1.6115821078401495,1.3714109964432737,1.9070962208700166,ok,1.0209774139324814,0.31916477298870594,0.1433828316143201,0.14329210661783168,-632.746581072352,2.5609499185401963,1.6672616173457946
0.3C DC vs 0.3C+0.7C 0.1tau,0.41,3.5910737640149364,1.9460257456089496,1.645048018405987,1.3990654924793944,2.192008271535542,ok,1.0209774139324814,0.31916477298870594,0.1433828316143201,0.14329210661783168,-632.746581072352,2.5609499185401963,1.6672616173457946
0.3C DC vs 0.3C+0.7C 0.1tau,0.42,3.89534553018143,2.2268485685863197,1.6684969615951104,1.3704938542391574,2.5248516759422728,ok,1.0209774139324814,0.31916477298870594,0.1433828316143201,0.14329210661783168,-632.746581072352,2.5609499185401963,1.6672616173457946
0.3C DC vs 0.3C+0.7C 0.1tau,0.43,4.1852730557461655,2.507941542645767,1.6773315131003983,1.2869194616025652,2.8983535941436003,ok,1.0209774139324814,0.31916477298870594,0.1433828316143201,0.14329210661783168,-632.746581072352,2.5609499185401963,1.6672616173457946
0.3C DC vs 0.3C+0.7C 0.1tau,0.44,4.460528926819279,2.787813951752014,1.6727149750672652,1.1904678774551485,3.2700610493641307,ok,1.0209774139324814,0.31916477298870594,0.1433828316143201,0.14329210661783168,-632.746581072352,2.5609499185401963,1.6672616173457946
0.3C DC vs 0.3C+0.7C 0.1tau,0.45,4.719075710797597,3.0648168632785655,1.6542588475190314,1.1078712433304645,3.6112044674671324,ok,1.0209774139324814,0.31916477298870594,0.1433828316143201,0.14329210661783168,-632.746581072352,2.5609499185401963,1.6672616173457946
0.3C DC vs 0.3C+0.7C 0.1tau,0.46,4.942817896999713,3.336996672458099,1.6058212245416144,1.0442558391348484,3.898562057864865,ok,1.0209774139324814,0.31916477298870594,0.1433828316143201,0.14329210661783168,-632.746581072352,2.5609499185401963,1.6672616173457946
0.3C DC vs 0.3C+0.7C 0.1tau,0.47,0.9214491756795269,3.601895983526219,-2.6804468078466925,1.004908159562092,-0.08345898388256501,ok,1.0209774139324814,0.31916477298870594,0.1433828316143201,0.14329210661783168,-632.746581072352,2.5609499185401963,1.6672616173457946
0.3C DC vs 0.3C+0.7C 0.1tau,0.48,1.203735777059137,3.856260536688296,-2.6525247596291592,1.051475824538329,0.15225995252080793,ok,1.0209774139324814,0.31916477298870594,0.1433828316143201,0.14329210661783168,-632.746581072352,2.5609499185401963,1.6672616173457946
0.3C DC vs 0.3C+0.7C 0.1tau,0.49,1.4947607577196322,4.09557985398601,-2.6008190962663775,1.1121264991129465,0.38263425860668576,ok,1.0209774139324814,0.31916477298870594,0.1433828316143201,0.14329210661783168,-632.746581072352,2.5609499185401963,1.6672616173457946
0.3C DC vs 0.3C+0.7C 0.1tau,0.5,1.7979483974861523,4.313325878760907,-2.5153774812747542,1.1853491653839683,0.612599232102184,ok,1.0209774139324814,0.31916477298870594,0.1433828316143201,0.14329210661783168,-632.746581072352,2.5609499185401963,1.6672616173457946
0.3C DC vs 0.3C+0.7C 0.1tau,0.51,2.1111093486993013,4.499617491776007,-2.388508143076706,1.2696244974681576,0.8414848512311437,ok,1.0209774139324814,0.31916477298870594,0.1433828316143201,0.14329210661783168,-632.746581072352,2.5609499185401963,1.6672616173457946
0.3C DC vs 0.3C+0.7C 0.1tau,0.52,2.4275314219912616,4.638723782748684,-2.211192360757422,1.3745523764437166,1.052979045547545,ok,1.0209774139324814,0.31916477298870594,0.1433828316143201,0.14329210661783168,-632.746581072352,2.5609499185401963,1.6672616173457946
0.3C DC vs 0.3C+0.7C 0.1tau,0.53,2.7461978150706727,0.7041179814432326,2.04207983362744,1.487387041750253,1.2588107733204197,ok,1.0209774139324814,0.31916477298870594,0.1433828316143201,0.14329210661783168,-632.746581072352,2.5609499185401963,1.6672616173457946
0.3C DC vs 0.3C+0.7C 0.1tau,0.54,3.0656924145805533,0.9683013585167828,2.0973910560637705,1.5997968944709555,1.4658955201095978,ok,1.0209774139324814,0.31916477298870594,0.1433828316143201,0.14329210661783168,-632.746581072352,2.5609499185401963,1.6672616173457946
0.3C DC vs 0.3C+0.7C 0.1tau,0.55,3.384412072234227,1.2397515663462857,2.1446605058879413,1.7104841392431354,1.6739279329910914,ok,1.0209774139324814,0.31916477298870594,0.1433828316143201,0.14329210661783168,-632.746581072352,2.5609499185401963,1.6672616173457946
0.3C DC vs 0.3C+0.7C 0.1tau,0.56,3.6969186981600615,1.5165284689076088,2.1803902292524526,1.8181392335263808,1.8787794646336806,ok,1.0209774139324814,0.31916477298870594,0.1433828316143201,0.14329210661783168,-632.746581072352,2.5609499185401963,1.6672616173457946
0.3C DC vs 0.3C+0.7C 0.1tau,0.5700000000000001,3.999344095654351,1.796996719585195,2.202347376069156,1.9134679375788437,2.085876158075507,ok,1.0209774139324814,0.31916477298870594,0.1433828316143201,0.14329210661783168,-632.746581072352,2.5609499185401963,1.6672616173457946
0.3C DC vs 0.3C+0.7C 0.1tau,0.5800000000000001,4.285569036220068,2.079695241221316,2.2058737949987517,1.9706271148979795,2.314941921322088,ok,1.0209774139324814,0.31916477298870594,0.1433828316143201,0.14329210661783168,-632.746581072352,2.5609499185401963,1.6672616173457946
0.3C DC vs 0.3C+0.7C 0.1tau,0.5900000000000001,4.550838315647525,2.3632259337023243,2.1876123819452005,2.012580374466779,2.5382579411807455,ok,1.0209774139324814,0.31916477298870594,0.1433828316143201,0.14329210661783168,-632.746581072352,2.5609499185401963,1.6672616173457946
0.3C DC vs 0.3C+0.7C 0.1tau,0.6000000000000001,4.758594381324656,2.6461458322974067,2.112448549027249,2.037921057757103,2.720673323567553,ok,1.0209774139324814,0.31916477298870594,0.1433828316143201,0.14329210661783168,-632.746581072352,2.5609499185401963,1.6672616173457946
0.3C DC vs 0.3C+0.7C 0.1tau,0.6100000000000001,4.841783646955264,2.9268470721290214,1.9149365748262424,2.0201524907961357,2.8216311561591283,ok,1.0209774139324814,0.31916477298870594,0.1433828316143201,0.14329210661783168,-632.746581072352,2.5609499185401963,1.6672616173457946
0.3C DC vs 0.3C+0.7C 0.1tau,0.6200000000000001,1.0643338090449106,3.203405210806068,-2.139071401761157,1.9344952876044772,-0.8701614785595666,ok,1.0209774139324814,0.31916477298870594,0.1433828316143201,0.14329210661783168,-632.746581072352,2.5609499185401963,1.6672616173457946
0.3C DC vs 0.3C+0.7C 0.1tau,0.63,1.3447294876323213,3.473367022734692,-2.1286375351023707,1.8366892932949668,-0.4919598056626455,ok,1.0209774139324814,0.31916477298870594,0.1433828316143201,0.14329210661783168,-632.746581072352,2.5609499185401963,1.6672616173457946
0.3C DC vs 0.3C+0.7C 0.1tau,0.64,-0.7947406169159876,2.5012523121822596,-3.2959929290982473,1.8902836549164022,-2.68502427183239,ok,1.0209774139324814,0.31916477298870594,0.1433828316143201,0.14329210661783168,-632.746581072352,2.5609499185401963,1.6672616173457946
0.3C DC vs 0.3C+0.7C 0.1tau,0.65,-0.48083220528769743,-1.1914356514666906,0.7106034461789932,1.81246670649125,-2.2932989117789475,ok,1.0209774139324814,0.31916477298870594,0.1433828316143201,0.14329210661783168,-632.746581072352,2.5609499185401963,1.6672616173457946
0.3C DC vs 0.3C+0.7C 0.1tau,0.66,-0.1640112862701244,-0.9390177039636,0.7750064176934757,1.7650840972651167,-1.9290953835352411,ok,1.0209774139324814,0.31916477298870594,0.1433828316143201,0.14329210661783168,-632.746581072352,2.5609499185401963,1.6672616173457946
0.3C DC vs 0.3C+0.7C 0.1tau,0.67,0.14900461942443144,-0.6739858823093527,0.8229905017337842,1.798802785042426,-1.6497981656179945,ok,1.0209774139324814,0.31916477298870594,0.1433828316143201,0.14329210661783168,-632.746581072352,2.5609499185401963,1.6672616173457946
0.3C DC vs 0.3C+0.7C 0.1tau,0.68,0.45167670107093727,-0.4004652089447518,0.8521419100156891,1.8481083577421487,-1.3964316566712114,ok,1.0209774139324814,0.31916477298870594,0.1433828316143201,0.14329210661783168,-632.746581072352,2.5609499185401963,1.6672616173457946
0.3C DC vs 0.3C+0.7C 0.1tau,0.6900000000000001,0.7345116073825011,-0.1214125647115906,0.8559241720940918,1.9115303404705628,-1.1770187330880617,ok,1.0209774139324814,0.31916477298870594,0.1433828316143201,0.14329210661783168,-632.746581072352,2.5609499185401963,1.6672616173457946
0.3C DC vs 0.3C+0.7C 0.1tau,0.7000000000000001,0.9897190441456587,0.1609411978993193,0.8287778462463393,1.987639170211878,-0.9979201260662194,ok,1.0209774139324814,0.31916477298870594,0.1433828316143201,0.14329210661783168,-632.746581072352,2.5609499185401963,1.6672616173457946
0.3C DC vs 0.3C+0.7C 0.1tau,0.7100000000000001,1.1885439358261465,0.4448124882542288,0.7437314475719177,2.09729467004081,-0.9087507342146637,ok,1.0209774139324814,0.31916477298870594,0.1433828316143201,0.14329210661783168,-632.746581072352,2.5609499185401963,1.6672616173457946
0.3C DC vs 0.3C+0.7C 0.1tau,0.7200000000000001,1.2639045136538698,0.7286768681647118,0.535227645489158,2.2090900970174516,-0.9451855833635818,ok,1.0209774139324814,0.31916477298870594,0.1433828316143201,0.14329210661783168,-632.746581072352,2.5609499185401963,1.6672616173457946
0.3C DC vs 0.3C+0.7C 0.1tau,0.7300000000000001,-2.490607498519239,1.0111307817014676,-3.5017382802207067,2.3217271358635116,-4.812334634382751,ok,1.0209774139324814,0.31916477298870594,0.1433828316143201,0.14329210661783168,-632.746581072352,2.5609499185401963,1.6672616173457946
0.3C DC vs 0.3C+0.7C 0.1tau,0.7400000000000001,-2.2068657931076814,1.290778007366498,-3.497643800474179,2.4339121765851814,-4.640777969692863,ok,1.0209774139324814,0.31916477298870594,0.1433828316143201,0.14329210661783168,-632.746581072352,2.5609499185401963,1.6672616173457946
0.3C DC vs 0.3C+0.7C 0.1tau,0.7500000000000001,-1.9075832878861547,1.5661231294698157,-3.47370641735597,2.5443488985497424,-4.451932186435897,ok,1.0209774139324814,0.31916477298870594,0.1433828316143201,0.14329210661783168,-632.746581072352,2.5609499185401963,1.6672616173457946
0.3C DC vs 0.3C+0.7C 0.1tau,0.76,-1.5991975420374729,1.8354568365707564,-3.4346543786082293,2.6359236286643863,-4.235121170701859,ok,1.0209774139324814,0.31916477298870594,0.1433828316143201,0.14329210661783168,-632.746581072352,2.5609499185401963,1.6672616173457946
0.3C DC vs 0.3C+0.7C 0.1tau,0.77,-1.2846981561451685,2.096716635001485,-3.3814147911466534,2.7036232381701666,-3.988321394315335,ok,1.0209774139324814,0.31916477298870594,0.1433828316143201,0.14329210661783168,-632.746581072352,2.5609499185401963,1.6672616173457946
0.3C DC vs 0.3C+0.7C 0.1tau,0.78,-0.9696904518609699,2.347301333201358,-3.316991785062328,2.7576508612296493,-3.7273413130906192,ok,1.0209774139324814,0.31916477298870594,0.1433828316143201,0.14329210661783168,-632.746581072352,2.5609499185401963,1.6672616173457946
0.3C DC vs 0.3C+0.7C 0.1tau,0.79,-0.6545802190148606,2.5024880057549126,-3.1570682247697732,2.796519299087322,-3.4510995181021826,ok,1.0209774139324814,0.31916477298870594,0.1433828316143201,0.14329210661783168,-632.746581072352,2.5609499185401963,1.6672616173457946
0.3C DC vs 0.3C+0.7C 0.1tau,0.8,-0.34084568654452596,2.5244297421363626,-2.8652754286808886,2.7878373803841896,-3.1286830669287156,ok,1.0209774139324814,0.31916477298870594,0.1433828316143201,0.14329210661783168,-632.746581072352,2.5609499185401963,1.6672616173457946
0.3C DC vs 0.3C+0.7C 0.1tau,0.81,-0.03201092571271147,2.2558725415806293,-2.287883467293341,2.7152100776183943,-2.7472210033311057,ok,1.0209774139324814,0.31916477298870594,0.1433828316143201,0.14329210661783168,-632.746581072352,2.5609499185401963,1.6672616173457946
0.3C DC vs 0.3C+0.7C 0.1tau,0.8200000000000001,0.2697417270310325,-1.0619860160054486,1.3317277430364811,2.6271976633197482,-2.3574559362887157,ok,1.0209774139324814,0.31916477298870594,0.1433828316143201,0.14329210661783168,-632.746581072352,2.5609499185401963,1.6672616173457946
0.3C DC vs 0.3C+0.7C 0.1tau,0.8300000000000001,0.5611694416488717,-0.8028055292993486,1.3639749709482205,2.5362380781161846,-1.975068636467313,ok,1.0209774139324814,0.31916477298870594,0.1433828316143201,0.14329210661783168,-632.746581072352,2.5609499185401963,1.6672616173457946
0.3C DC vs 0.3C+0.7C 0.1tau,0.8400000000000001,0.8340327125279146,-0.5344198904326731,1.3684526029605877,2.460678771496987,-1.6266460589690723,ok,1.0209774139324814,0.31916477298870594,0.1433828316143201,0.14329210661783168,-632.746581072352,2.5609499185401963,1.6672616173457946
0.3C DC vs 0.3C+0.7C 0.1tau,0.8500000000000001,1.0866080645482725,-0.2597733907359725,1.346381455284245,2.4026537566542174,-1.316045692105945,ok,1.0209774139324814,0.31916477298870594,0.1433828316143201,0.14329210661783168,-632.746581072352,2.5609499185401963,1.6672616173457946
0.3C DC vs 0.3C+0.7C 0.1tau,0.8600000000000001,1.2969052579160234,0.0188776166737625,1.2780276412422609,2.4380116167640153,-1.141106358847992,ok,1.0209774139324814,0.31916477298870594,0.1433828316143201,0.14329210661783168,-632.746581072352,2.5609499185401963,1.6672616173457946
0.3C DC vs 0.3C+0.7C 0.1tau,0.8700000000000001,1.4440732260391087,0.2997069274342721,1.1443662986048366,2.489249384874711,-1.045176158835602,ok,1.0209774139324814,0.31916477298870594,0.1433828316143201,0.14329210661783168,-632.746581072352,2.5609499185401963,1.6672616173457946
0.3C DC vs 0.3C+0.7C 0.1tau,0.8800000000000001,-2.4296940853960223,0.5811396357585181,-3.0108337211545404,2.554292213546887,-4.983986298942909,ok,1.0209774139324814,0.31916477298870594,0.1433828316143201,0.14329210661783168,-632.746581072352,2.5609499185401963,1.6672616173457946
0.3C DC vs 0.3C+0.7C 0.1tau,0.89,-2.134666597235082,0.8617167832480845,-2.9963833804831665,2.6316230156294296,-4.766289612864512,ok,1.0209774139324814,0.31916477298870594,0.1433828316143201,0.14329210661783168,-632.746581072352,2.5609499185401963,1.6672616173457946
0.3C DC vs 0.3C+0.7C 0.1tau,0.9,-1.9267520561425044,1.119215744525718,-3.0459678006682225,2.7326132510306707,-4.659365307173175,ok,1.0209774139324814,0.31916477298870594,0.1433828316143201,0.14329210661783168,-632.746581072352,2.5609499185401963,1.6672616173457946
0.3C DC vs 0.3C+0.7C 0.1tau,0.91,-1.556209505960851,1.387546869937978,-2.943756375898829,2.833947958855788,-4.390157464816639,ok,1.0209774139324814,0.31916477298870594,0.1433828316143201,0.14329210661783168,-632.746581072352,2.5609499185401963,1.6672616173457946
0.3C DC vs 0.3C+0.7C 0.1tau,0.92,-1.2360712838781183,1.6582256302313,-2.894296914109418,2.9464964553412756,-4.182567739219394,ok,1.0209774139324814,0.31916477298870594,0.1433828316143201,0.14329210661783168,-632.746581072352,2.5609499185401963,1.6672616173457946
0.3C DC vs 0.3C+0.7C 0.1tau,0.93,-0.9124498602222957,1.9213256644179637,-2.8337755246402594,3.058991062608584,-3.9714409228308796,ok,1.0209774139324814,0.31916477298870594,0.1433828316143201,0.14329210661783168,-632.746581072352,2.5609499185401963,1.6672616173457946
0.3C DC vs 0.3C+0.7C 0.1tau,0.94,-0.5862667651445008,2.174365851496532,-2.7606326166410327,3.1701376014570997,-3.7564043666016005,ok,1.0209774139324814,0.31916477298870594,0.1433828316143201,0.14329210661783168,-632.746581072352,2.5609499185401963,1.6672616173457946
0.3C DC vs 0.3C+0.7C 0.1tau,0.95,-0.2646406777848824,2.373386871911407,-2.6380275496962895,3.2549987917495855,-3.519639469534468,ok,1.0209774139324814,0.31916477298870594,0.1433828316143201,0.14329210661783168,-632.746581072352,2.5609499185401963,1.6672616173457946
0.3C DC vs 0.3C+0.7C 0.1tau,0.96,0.04795198447709481,2.433190917578031,-2.3852389331009363,3.3252984501646097,-3.277346465687515,ok,1.0209774139324814,0.31916477298870594,0.1433828316143201,0.14329210661783168,-632.746581072352,2.5609499185401963,1.6672616173457946
0.3C DC vs 0.3C+0.7C 0.1tau,0.97,0.3567578746701656,2.251944867869952,-1.8951869931997865,3.382425278142364,-3.025667403472198,ok,1.0209774139324814,0.31916477298870594,0.1433828316143201,0.14329210661783168,-632.746581072352,2.5609499185401963,1.6672616173457946
0.3C DC vs 0.3C+0.7C 0.1tau,0.98,0.6316232932213097,-1.234166632376855,1.8657899255981647,3.424878243294188,-2.7932549500728783,ok,1.0209774139324814,0.31916477298870594,0.1433828316143201,0.14329210661783168,-632.746581072352,2.5609499185401963,1.6672616173457946
0.3C DC vs 0.3C+0.7C 0.1tau,0.99,0.8759178498921756,-0.9777912405311326,1.853709090423308,3.403905769416724,-2.5279879195245485,ok,1.0209774139324814,0.31916477298870594,0.1433828316143201,0.14329210661783168,-632.746581072352,2.5609499185401963,1.6672616173457946
0.3C DC vs 0.3C+0.7C 0.1tau,1.0,1.0066185687737743,-0.7114200472092307,1.718038615983005,3.335364182828016,-2.3287456140542417,ok,1.0209774139324814,0.31916477298870594,0.1433828316143201,0.14329210661783168,-632.746581072352,2.5609499185401963,1.6672616173457946
0.3C DC vs 0.3C+0.7C 0.1tau,1.01,0.8496204447706077,-0.4381834792866357,1.2878039240572434,3.2505756194700552,-2.4009551746994475,ok,1.0209774139324814,0.31916477298870594,0.1433828316143201,0.14329210661783168,-632.746581072352,2.5609499185401963,1.6672616173457946
0.3C DC vs 0.3C+0.7C 0.1tau,1.02,-2.6192491395486286,-0.1604580267940036,-2.458791112754625,3.157769404474948,-5.777018544023576,ok,1.0209774139324814,0.31916477298870594,0.1433828316143201,0.14329210661783168,-632.746581072352,2.5609499185401963,1.6672616173457946
0.3C DC vs 0.3C+0.7C 0.1tau,1.03,-2.3306924058801997,0.1198545837200981,-2.450546989600298,3.078443518635595,-5.409135924515795,ok,1.0209774139324814,0.31916477298870594,0.1433828316143201,0.14329210661783168,-632.746581072352,2.5609499185401963,1.6672616173457946
0.3C DC vs 0.3C+0.7C 0.1tau,1.04,-2.0311826272854887,0.4011363078238901,-2.432318935109379,3.0319575490743773,-5.063140176359866,ok,1.0209774139324814,0.31916477298870594,0.1433828316143201,0.14329210661783168,-632.746581072352,2.5609499185401963,1.6672616173457946
0.3C DC vs 0.3C+0.7C 0.1tau,1.05,-1.7222128024955055,0.6819107995124796,-2.404123602007985,3.064131647674458,-4.786344450169963,ok,1.0209774139324814,0.31916477298870594,0.1433828316143201,0.14329210661783168,-632.746581072352,2.5609499185401963,1.6672616173457946
0.3C DC vs 0.3C+0.7C 0.1tau,1.06,-1.4072830437326047,0.9607259408553546,-2.3680089845879593,3.112068304047625,-4.51935134778023,ok,1.0209774139324814,0.31916477298870594,0.1433828316143201,0.14329210661783168,-632.746581072352,2.5609499185401963,1.6672616173457946
0.3C DC vs 0.3C+0.7C 0.1tau,1.07,-1.0947947575136823,1.2360430821572663,-2.3308378396709486,3.174305309218653,-4.269100066732335,ok,1.0209774139324814,0.31916477298870594,0.1433828316143201,0.14329210661783168,-632.746581072352,2.5609499185401963,1.6672616173457946
0.3C DC vs 0.3C+0.7C 0.1tau,1.08,-0.7765709525033344,1.5061172502728368,-2.2826882027761712,3.2512823132747144,-4.027853265778049,ok,1.0209774139324814,0.31916477298870594,0.1433828316143201,0.14329210661783168,-632.746581072352,2.5609499185401963,1.6672616173457946
0.3C DC vs 0.3C+0.7C 0.1tau,1.09,-0.4664056629526385,1.7688508166756949,-2.235256479628333,3.360604301598869,-3.8270099645515074,ok,1.0209774139324814,0.31916477298870594,0.1433828316143201,0.14329210661783168,-632.746581072352,2.5609499185401963,1.6672616173457946
0.3C DC vs 0.3C+0.7C 0.1tau,1.1,-0.16371671008755584,2.021596955142286,-2.1853136652298417,3.4722182523819356,-3.6359349624694914,ok,1.0209774139324814,0.31916477298870594,0.1433828316143201,0.14329210661783168,-632.746581072352,2.5609499185401963,1.6672616173457946
0.3C DC vs 0.3C+0.7C 0.1tau,1.11,0.13119443347068227,2.260876350810122,-2.1296819173394397,3.5848244815897488,-3.4536300481190665,ok,1.0209774139324814,0.31916477298870594,0.1433828316143201,0.14329210661783168,-632.746581072352,2.5609499185401963,1.6672616173457946
0.3C DC vs 0.3C+0.7C 0.1tau,1.12,0.41738222037020023,2.481945690111843,-2.0645634697416426,3.697129138609398,-3.279746918239198,ok,1.0209774139324814,0.31916477298870594,0.1433828316143201,0.14329210661783168,-632.746581072352,2.5609499185401963,1.6672616173457946
0.3C DC vs 0.3C+0.7C 0.1tau,1.13,0.6797874103931463,2.447595347682636,-1.76780793728949,3.8078367999050897,-3.1280493895119434,ok,1.0209774139324814,0.31916477298870594,0.1433828316143201,0.14329210661783168,-632.746581072352,2.5609499185401963,1.6672616173457946
0.3C DC vs 0.3C+0.7C 0.1tau,1.14,0.905801379984041,-1.368153253240962,2.273954633225003,3.898285875372949,-2.992484495388908,ok,1.0209774139324814,0.31916477298870594,0.1433828316143201,0.14329210661783168,-632.746581072352,2.5609499185401963,1.6672616173457946
0.3C DC vs 0.3C+0.7C 0.1tau,1.15,1.064848715072003,-1.115427043425825,2.180275758498283,3.9670935049148284,-2.9022447898428254,ok,1.0209774139324814,0.31916477298870594,0.1433828316143201,0.14329210661783168,-632.746581072352,2.5609499185401963,1.6672616173457946
0.3C DC vs 0.3C+0.7C 0.1tau,1.16,1.102901875329735,-0.852332623694565,1.9552344990243,4.022414819595724,-2.919512944265989,ok,1.0209774139324814,0.31916477298870594,0.1433828316143201,0.14329210661783168,-632.746581072352,2.5609499185401963,1.6672616173457946
0.3C DC vs 0.3C+0.7C 0.1tau,1.1700000000000002,-2.523893343481177,-0.5818985391824754,-1.9419948042987016,4.0627568010886534,-6.5866501445698304,ok,1.0209774139324814,0.31916477298870594,0.1433828316143201,0.14329210661783168,-632.746581072352,2.5609499185401963,1.6672616173457946
0.3C DC vs 0.3C+0.7C 0.1tau,1.1800000000000002,-2.2239616882579867,-0.3064580532900436,-1.917503634967943,4.0531274699924325,-6.277089158250419,ok,1.0209774139324814,0.31916477298870594,0.1433828316143201,0.14329210661783168,-632.746581072352,2.5609499185401963,1.6672616173457946
0.3C DC vs 0.3C+0.7C 0.1tau,1.1900000000000002,-1.910058118482084,-0.0279012104083449,-1.882156908073739,3.9821328367343085,-5.8921909552163925,ok,1.0209774139324814,0.31916477298870594,0.1433828316143201,0.14329210661783168,-632.746581072352,2.5609499185401963,1.6672616173457946
0.3C DC vs 0.3C+0.7C 0.1tau,1.2000000000000002,-1.588311821377829,0.2521479026136148,-1.840459723991444,3.8954227917611206,-5.4837346131389495,ok,1.0209774139324814,0.31916477298870594,0.1433828316143201,0.14329210661783168,-632.746581072352,2.5609499185401963,1.6672616173457946
0.3C DC vs 0.3C+0.7C 0.1tau,1.21,-1.2719845579204048,0.5321955061845074,-1.804180064104912,3.8038941413205976,-5.075878699241002,ok,1.0209774139324814,0.31916477298870594,0.1433828316143201,0.14329210661783168,-632.746581072352,2.5609499185401963,1.6672616173457946
0.3C DC vs 0.3C+0.7C 0.1tau,1.22,-0.9477867640998738,0.8107621645585823,-1.758548928658456,3.7267887760744998,-4.674575540174374,ok,1.0209774139324814,0.31916477298870594,0.1433828316143201,0.14329210661783168,-632.746581072352,2.5609499185401963,1.6672616173457946
0.3C DC vs 0.3C+0.7C 0.1tau,1.23,-0.6319695360480182,1.0862695995192553,-1.7182391355672737,3.669085106927014,-4.301054642975032,ok,1.0209774139324814,0.31916477298870594,0.1433828316143201,0.14329210661783168,-632.746581072352,2.5609499185401963,1.6672616173457946
0.3C DC vs 0.3C+0.7C 0.1tau,1.24,-0.31973940670923184,1.356914138538741,-1.676653545247973,3.703509598753044,-4.023249005462276,ok,1.0209774139324814,0.31916477298870594,0.1433828316143201,0.14329210661783168,-632.746581072352,2.5609499185401963,1.6672616173457946
0.3C DC vs 0.3C+0.7C 0.1tau,1.25,-0.0162336411058277,1.6205074882291228,-1.6367411293349503,3.753399261490813,-3.7696329025966406,ok,1.0209774139324814,0.31916477298870594,0.1433828316143201,0.14329210661783168,-632.746581072352,2.5609499185401963,1.6672616173457946
0.3C DC vs 0.3C+0.7C 0.1tau,1.26,0.27825812429546204,1.8742572316650696,-1.5959991073696074,3.817278260774401,-3.539020136478939,ok,1.0209774139324814,0.31916477298870594,0.1433828316143201,0.14329210661783168,-632.746581072352,2.5609499185401963,1.6672616173457946
0.3C DC vs 0.3C+0.7C 0.1tau,1.27,0.5577389830377797,2.1144426650262176,-1.556703681988438,3.8936314233897065,-3.335892440351927,ok,1.0209774139324814,0.31916477298870594,0.1433828316143201,0.14329210661783168,-632.746581072352,2.5609499185401963,1.6672616173457946
0.3C DC vs 0.3C+0.7C 0.1tau,1.28,0.8247206621981604,2.335908723216562,-1.5111880610184016,3.9985677905433477,-3.1738471283451872,ok,1.0209774139324814,0.31916477298870594,0.1433828316143201,0.14329210661783168,-632.746581072352,2.5609499185401963,1.6672616173457946
0.3C DC vs 0.3C+0.7C 0.1tau,1.29,1.0627850525997928,2.531234733690326,-1.468449681090533,4.110483791538172,-3.0476987389383794,ok,1.0209774139324814,0.31916477298870594,0.1433828316143201,0.14329210661783168,-632.746581072352,2.5609499185401963,1.6672616173457946
0.3C DC vs 0.3C+0.7C 0.1tau,1.3,1.2523712120146229,-1.511000507434801,2.763371719449424,4.223143938193971,-2.970772726179348,ok,1.0209774139324814,0.31916477298870594,0.1433828316143201,0.14329210661783168,-632.746581072352,2.5609499185401963,1.6672616173457946
0.3C DC vs 0.3C+0.7C 0.1tau,1.31,-2.707576351098396,-1.2601792888763157,-1.4473970622220804,4.335254705756597,-7.042831056854993,ok,1.0209774139324814,0.31916477298870594,0.1433828316143201,0.14329210661783168,-632.746581072352,2.5609499185401963,1.6672616173457946
0.3C DC vs 0.3C+0.7C 0.1tau,1.32,-2.417668151591897,-0.9988092726634932,-1.418858878928404,4.445518900461138,-6.863187052053036,ok,1.0209774139324814,0.31916477298870594,0.1433828316143201,0.14329210661783168,-632.746581072352,2.5609499185401963,1.6672616173457946
0.3C DC vs 0.3C+0.7C 0.1tau,1.33,-2.1157284895398334,-0.7297751494343174,-1.385953340105516,4.542247552150911,-6.657976041690745,ok,1.0209774139324814,0.31916477298870594,0.1433828316143201,0.14329210661783168,-632.746581072352,2.5609499185401963,1.6672616173457946
0.3C DC vs 0.3C+0.7C 0.1tau,1.34,-1.8064717672741608,-0.4553282623355699,-1.351143504938591,4.609541083709701,-6.416012850983861,ok,1.0209774139324814,0.31916477298870594,0.1433828316143201,0.14329210661783168,-632.746581072352,2.5609499185401963,1.6672616173457946
0.3C DC vs 0.3C+0.7C 0.1tau,1.35,-1.4915514754511605,-0.1773120613397623,-1.3142394141113982,4.663034140980017,-6.154585616431177,ok,1.0209774139324814,0.31916477298870594,0.1433828316143201,0.14329210661783168,-632.746581072352,2.5609499185401963,1.6672616173457946
0.3C DC vs 0.3C+0.7C 0.1tau,1.36,-1.1710382085084348,0.1026751282633995,-1.2737133367718343,4.701243908127253,-5.872282116635688,ok,1.0209774139324814,0.31916477298870594,0.1433828316143201,0.14329210661783168,-632.746581072352,2.5609499185401963,1.6672616173457946
0.3C DC vs 0.3C+0.7C 0.1tau,1.37,-0.8485430821174305,0.3831518395199964,-1.2316949216374269,4.702895207133224,-5.551438289250655,ok,1.0209774139324814,0.31916477298870594,0.1433828316143201,0.14329210661783168,-632.746581072352,2.5609499185401963,1.6672616173457946
0.3C DC vs 0.3C+0.7C 0.1tau,1.38,-0.5249753984380732,0.6626401219937179,-1.1876155204308816,4.629473704494558,-5.154449102932631,ok,1.0209774139324814,0.31916477298870594,0.1433828316143201,0.14329210661783168,-632.746581072352,2.5609499185401963,1.6672616173457946
0.3C DC vs 0.3C+0.7C 0.1tau,1.39,-0.20591532872731477,0.9395509612913884,-1.1454662900187031,4.540904333940489,-4.746819662667804,ok,1.0209774139324814,0.31916477298870594,0.1433828316143201,0.14329210661783168,-632.746581072352,2.5609499185401963,1.6672616173457946
0.3C DC vs 0.3C+0.7C 0.1tau,1.4,0.10754047511454701,1.2120517737103,-1.1045112985948435,4.449400840559065,-4.341860365444518,ok,1.0209774139324814,0.31916477298870594,0.1433828316143201,0.14329210661783168,-632.746581072352,2.5609499185401963,1.6672616173457946
0.3C DC vs 0.3C+0.7C 0.1tau,1.41,0.4129897495431578,1.4778945774478416,-1.0649048279037745,4.374557894194368,-3.96156814465121,ok,1.0209774139324814,0.31916477298870594,0.1433828316143201,0.14329210661783168,-632.746581072352,2.5609499185401963,1.6672616173457946
0.3C DC vs 0.3C+0.7C 0.1tau,1.4200000000000002,0.6977361511171694,1.7341726202266727,-1.0364364691095034,4.317409730508189,-3.6196735793910193,ok,1.0209774139324814,0.31916477298870594,0.1433828316143201,0.14329210661783168,-632.746581072352,2.5609499185401963,1.6672616173457946
0.3C DC vs 0.3C+0.7C 0.1tau,1.4300000000000002,0.9309200958441579,1.9769515705838785,-1.0460314747397206,4.342281364019982,-3.411361268175824,ok,1.0209774139324814,0.31916477298870594,0.1433828316143201,0.14329210661783168,-632.746581072352,2.5609499185401963,1.6672616173457946
0.3C DC vs 0.3C+0.7C 0.1tau,1.4400000000000002,1.0817098301449732,2.2006781596510336,-1.1189683295060604,4.394102102152829,-3.3123922720078554,ok,1.0209774139324814,0.31916477298870594,0.1433828316143201,0.14329210661783168,-632.746581072352,2.5609499185401963,1.6672616173457946
0.3C DC vs 0.3C+0.7C 0.1tau,1.4500000000000002,0.9982425336156666,2.3971796217429073,-1.3989370881272407,4.459601102923443,-3.4613585693077766,ok,1.0209774139324814,0.31916477298870594,0.1433828316143201,0.14329210661783168,-632.746581072352,2.5609499185401963,1.6672616173457946
0.3C DC vs 0.3C+0.7C 0.1tau,1.46,-2.5627232725901194,2.5538703536221874,-5.116593626212307,4.537260801633238,-7.099984074223357,ok,1.0209774139324814,0.31916477298870594,0.1433828316143201,0.14329210661783168,-632.746581072352,2.5609499185401963,1.6672616173457946
0.3C DC vs 0.3C+0.7C 0.1tau,1.47,-2.2712551631993847,-1.410270083978503,-0.8609850792208817,4.63656260294556,-6.9078177661449445,ok,1.0209774139324814,0.31916477298870594,0.1433828316143201,0.14329210661783168,-632.746581072352,2.5609499185401963,1.6672616173457946
0.3C DC vs 0.3C+0.7C 0.1tau,1.48,-1.9811571016052767,-1.1491388657823336,-0.8320182358229431,4.7527953009148405,-6.733952402520117,ok,1.0209774139324814,0.31916477298870594,0.1433828316143201,0.14329210661783168,-632.746581072352,2.5609499185401963,1.6672616173457946
0.3C DC vs 0.3C+0.7C 0.1tau,1.49,-1.595249844823229,-0.8644863580857418,-0.7307634867374873,4.864125755500936,-6.459375600324165,ok,1.0209774139324814,0.31916477298870594,0.1433828316143201,0.14329210661783168,-632.746581072352,2.5609499185401963,1.6672616173457946
0.3C DC vs 0.3C+0.7C 0.1tau,1.5,-1.28166485712336,-0.5919775339161788,-0.6896873232071812,4.976555970595655,-6.258220827719015,ok,1.0209774139324814,0.31916477298870594,0.1433828316143201,0.14329210661783168,-632.746581072352,2.5609499185401963,1.6672616173457946
0.3C DC vs 0.3C+0.7C 0.1tau,1.51,-0.9690165342608452,-0.3150932580665539,-0.6539232761942912,5.087572939875827,-6.056589474136672,ok,1.0209774139324814,0.31916477298870594,0.1433828316143201,0.14329210661783168,-632.746581072352,2.5609499185401963,1.6672616173457946
0.3C DC vs 0.3C+0.7C 0.1tau,1.52,-0.655315343095026,-0.0354905071753819,-0.6198248359196441,5.1794903006211825,-5.834805643716209,ok,1.0209774139324814,0.31916477298870594,0.1433828316143201,0.14329210661783168,-632.746581072352,2.5609499185401963,1.6672616173457946
0.3C DC vs 0.3C+0.7C 0.1tau,1.53,-0.3442531459240854,0.2453312168845514,-0.5895843628086368,5.249832323019291,-5.594085468943376,ok,1.0209774139324814,0.31916477298870594,0.1433828316143201,0.14329210661783168,-632.746581072352,2.5609499185401963,1.6672616173457946
0.3C DC vs 0.3C+0.7C 0.1tau,1.54,-0.03770374913710839,0.5259145713889666,-0.563618320526075,5.3069087381363715,-5.34461248727348,ok,1.0209774139324814,0.31916477298870594,0.1433828316143201,0.14329210661783168,-632.746581072352,2.5609499185401963,1.6672616173457946
0.3C DC vs 0.3C+0.7C 0.1tau,1.55,0.26607568314648233,0.8047324231565653,-0.538656740010083,5.349220409663758,-5.083144726517276,ok,1.0209774139324814,0.31916477298870594,0.1433828316143201,0.14329210661783168,-632.746581072352,2.5609499185401963,1.6672616173457946
0.3C DC vs 0.3C+0.7C 0.1tau,1.56,0.5493406090054123,1.0800631781257837,-0.5307225691203712,5.345038749323066,-4.795698140317654,ok,1.0209774139324814,0.31916477298870594,0.1433828316143201,0.14329210661783168,-632.746581072352,2.5609499185401963,1.6672616173457946
0.3C DC vs 0.3C+0.7C 0.1tau,1.57,0.8089196227429056,1.3498338105246148,-0.5409141877817092,5.2762467561205995,-4.467327133377694,ok,1.0209774139324814,0.31916477298870594,0.1433828316143201,0.14329210661783168,-632.746581072352,2.5609499185401963,1.6672616173457946
0.3C DC vs 0.3C+0.7C 0.1tau,1.58,1.0366915391559814,1.6114021005123504,-0.574710561356369,5.191365065100399,-4.154673525944418,ok,1.0209774139324814,0.31916477298870594,0.1433828316143201,0.14329210661783168,-632.746581072352,2.5609499185401963,1.6672616173457946
0.3C DC vs 0.3C+0.7C 0.1tau,1.59,1.2044255414284635,1.861231387571024,-0.6568058461425608,5.099035336347697,-3.8946097949192335,ok,1.0209774139324814,0.31916477298870594,0.1433828316143201,0.14329210661783168,-632.746581072352,2.5609499185401963,1.6672616173457946
0.3C DC vs 0.3C+0.7C 0.1tau,1.6,1.2603786385298008,2.094374842189609,-0.8339962036598081,5.01989681730538,-3.759518178775579,ok,1.0209774139324814,0.31916477298870594,0.1433828316143201,0.14329210661783168,-632.746581072352,2.5609499185401963,1.6672616173457946
0.3C DC vs 0.3C+0.7C 0.1tau,1.61,-2.4189134214420847,2.3036115639106356,-4.72252498535272,4.957732406249306,-7.376645827691391,ok,1.0209774139324814,0.31916477298870594,0.1433828316143201,0.14329210661783168,-632.746581072352,2.5609499185401963,1.6672616173457946
0.3C DC vs 0.3C+0.7C 0.1tau,1.62,-2.104704799400679,2.4779142852985387,-4.582619084699218,4.989021833495826,-7.093726632896505,ok,1.0209774139324814,0.31916477298870594,0.1433828316143201,0.14329210661783168,-632.746581072352,2.5609499185401963,1.6672616173457946
0.3C DC vs 0.3C+0.7C 0.1tau,1.63,-1.78439561430514,2.599547482676826,-4.383943096981966,5.037049483983537,-6.821445098288677,ok,1.0209774139324814,0.31916477298870594,0.1433828316143201,0.14329210661783168,-632.746581072352,2.5609499185401963,1.6672616173457946
0.3C DC vs 0.3C+0.7C 0.1tau,1.64,-1.4629467563790968,-1.2822464985574695,-0.1807002578207175,5.099284840010114,-6.562231596389211,ok,1.0209774139324814,0.31916477298870594,0.1433828316143201,0.14329210661783168,-632.746581072352,2.5609499185401963,1.6672616173457946
0.3C DC vs 0.3C+0.7C 0.1tau,1.65,-1.137791198789273,-1.015901397910966,-0.1218898008773976,5.1742160400608554,-6.3120072388501285,ok,1.0209774139324814,0.31916477298870594,0.1433828316143201,0.14329210661783168,-632.746581072352,2.5609499185401963,1.6672616173457946
0.3C DC vs 0.3C+0.7C 0.1tau,1.66,-0.8150550612863299,-0.7429338244610335,-0.0721212368252963,5.27812482058107,-6.0931798818674,ok,1.0209774139324814,0.31916477298870594,0.1433828316143201,0.14329210661783168,-632.746581072352,2.5609499185401963,1.6672616173457946
0.3C DC vs 0.3C+0.7C 0.1tau,1.6700000000000002,-0.49286266005947255,-0.4651996647990017,-0.0276629952604707,5.389823529602836,-5.882686189662309,ok,1.0209774139324814,0.31916477298870594,0.1433828316143201,0.14329210661783168,-632.746581072352,2.5609499185401963,1.6672616173457946
0.3C DC vs 0.3C+0.7C 0.1tau,1.6800000000000002,-0.1796359238369405,-0.1842865432699909,0.0046506194330504,5.502449560523928,-5.682085484360869,ok,1.0209774139324814,0.31916477298870594,0.1433828316143201,0.14329210661783168,-632.746581072352,2.5609499185401963,1.6672616173457946
0.3C DC vs 0.3C+0.7C 0.1tau,1.6900000000000002,0.13340122823501588,0.0983611542997096,0.0350400739353062,5.614709268478691,-5.481308040243675,ok,1.0209774139324814,0.31916477298870594,0.1433828316143201,0.14329210661783168,-632.746581072352,2.5609499185401963,1.6672616173457946
0.3C DC vs 0.3C+0.7C 0.1tau,1.7000000000000002,0.43239490440919326,0.381332468005894,0.0510624364032992,5.725306569375789,-5.292911664966596,ok,1.0209774139324814,0.31916477298870594,0.1433828316143201,0.14329210661783168,-632.746581072352,2.5609499185401963,1.6672616173457946
0.3C DC vs 0.3C+0.7C 0.1tau,1.7100000000000002,0.719428209344187,0.663139729276736,0.056288480067451,5.823387712917793,-5.103959503573606,ok,1.0209774139324814,0.31916477298870594,0.1433828316143201,0.14329210661783168,-632.746581072352,2.5609499185401963,1.6672616173457946
0.3C DC vs 0.3C+0.7C 0.1tau,1.72,0.9851613836344768,0.942091840305693,0.0430695433287837,5.892250092506401,-4.907088708871925,ok,1.0209774139324814,0.31916477298870594,0.1433828316143201,0.14329210661783168,-632.746581072352,2.5609499185401963,1.6672616173457946
0.3C DC vs 0.3C+0.7C 0.1tau,1.73,1.229241075054233,1.2161297844813816,0.0131112905728514,5.94753246214259,-4.718291387088357,ok,1.0209774139324814,0.31916477298870594,0.1433828316143201,0.14329210661783168,-632.746581072352,2.5609499185401963,1.6672616173457946
0.3C DC vs 0.3C+0.7C 0.1tau,1.74,1.4283139879062219,1.4825919097629594,-0.0542779218567375,5.987744402763383,-4.559430414857161,ok,1.0209774139324814,0.31916477298870594,0.1433828316143201,0.14329210661783168,-632.746581072352,2.5609499185401963,1.6672616173457946
0.3C DC vs 0.3C+0.7C 0.1tau,1.75,-2.5493941596041623,1.7378536066589731,-4.287247766263135,5.994903751243328,-8.54429791084749,ok,1.0209774139324814,0.31916477298870594,0.1433828316143201,0.14329210661783168,-632.746581072352,2.5609499185401963,1.6672616173457946
0.3C DC vs 0.3C+0.7C 0.1tau,1.76,-2.255997456026307,1.9767392873536664,-4.232736743379974,5.923636761579473,-8.17963421760578,ok,1.0209774139324814,0.31916477298870594,0.1433828316143201,0.14329210661783168,-632.746581072352,2.5609499185401963,1.6672616173457946
0.3C DC vs 0.3C+0.7C 0.1tau,1.77,-1.9563062947236176,2.191505113642961,-4.147811408366579,5.836821245668034,-7.793127540391652,ok,1.0209774139324814,0.31916477298870594,0.1433828316143201,0.14329210661783168,-632.746581072352,2.5609499185401963,1.6672616173457946
0.3C DC vs 0.3C+0.7C 0.1tau,1.78,-1.6466733232637125,2.3699647139537774,-4.01663803721749,5.744536902279833,-7.391210225543546,ok,1.0209774139324814,0.31916477298870594,0.1433828316143201,0.14329210661783168,-632.746581072352,2.5609499185401963,1.6672616173457946
0.3C DC vs 0.3C+0.7C 0.1tau,1.79,-1.3347932696306088,2.4917695563772213,-3.82656282600783,5.667602828340932,-7.002396097971541,ok,1.0209774139324814,0.31916477298870594,0.1433828316143201,0.14329210661783168,-632.746581072352,2.5609499185401963,1.6672616173457946
0.3C DC vs 0.3C+0.7C 0.1tau,1.8,-1.0189398266174976,-1.4204325714217705,0.4014927448042726,5.608077474647871,-6.627017301265369,ok,1.0209774139324814,0.31916477298870594,0.1433828316143201,0.14329210661783168,-632.746581072352,2.5609499185401963,1.6672616173457946
0.3C DC vs 0.3C+0.7C 0.1tau,1.81,-0.6952804458696846,-1.1687477355280862,0.4734672896584015,5.627765096307485,-6.323045542177169,ok,1.0209774139324814,0.31916477298870594,0.1433828316143201,0.14329210661783168,-632.746581072352,2.5609499185401963,1.6672616173457946
0.3C DC vs 0.3C+0.7C 0.1tau,1.82,-0.37584999253431306,-0.8942014658105109,0.5183514732761978,5.677757192815989,-6.053607185350302,ok,1.0209774139324814,0.31916477298870594,0.1433828316143201,0.14329210661783168,-632.746581072352,2.5609499185401963,1.6672616173457946
0.3C DC vs 0.3C+0.7C 0.1tau,1.83,-0.05410038861009525,-0.6144853326859447,0.5603849440758495,5.741646564611983,-5.7957469532220784,ok,1.0209774139324814,0.31916477298870594,0.1433828316143201,0.14329210661783168,-632.746581072352,2.5609499185401963,1.6672616173457946
0.3C DC vs 0.3C+0.7C 0.1tau,1.84,0.2566121085210398,-0.3310915820211448,0.5877036905421846,5.8179178279824555,-5.561305719461416,ok,1.0209774139324814,0.31916477298870594,0.1433828316143201,0.14329210661783168,-632.746581072352,2.5609499185401963,1.6672616173457946
0.3C DC vs 0.3C+0.7C 0.1tau,1.85,0.5564957312990373,-0.0453793107644742,0.6018750420635115,5.916068976956012,-5.359573245656975,ok,1.0209774139324814,0.31916477298870594,0.1433828316143201,0.14329210661783168,-632.746581072352,2.5609499185401963,1.6672616173457946
0.3C DC vs 0.3C+0.7C 0.1tau,1.86,0.8332769874850783,0.2413225023365157,0.5919544851485625,6.028089088522393,-5.194812101037314,ok,1.0209774139324814,0.31916477298870594,0.1433828316143201,0.14329210661783168,-632.746581072352,2.5609499185401963,1.6672616173457946
0.3C DC vs 0.3C+0.7C 0.1tau,1.87,1.0695080103023429,0.5276087232332429,0.5418992870691,6.140788524757227,-5.071280514454884,ok,1.0209774139324814,0.31916477298870594,0.1433828316143201,0.14329210661783168,-632.746581072352,2.5609499185401963,1.6672616173457946
0.3C DC vs 0.3C+0.7C 0.1tau,1.88,1.222043751385172,0.8118721961382107,0.4101715552469613,6.252873767327401,-5.030830015942229,ok,1.0209774139324814,0.31916477298870594,0.1433828316143201,0.14329210661783168,-632.746581072352,2.5609499185401963,1.6672616173457946
0.3C DC vs 0.3C+0.7C 0.1tau,1.89,1.2044496069929664,1.0921356740091142,0.1123139329838522,6.36304676553118,-5.158597158538214,ok,1.0209774139324814,0.31916477298870594,0.1433828316143201,0.14329210661783168,-632.746581072352,2.5609499185401963,1.6672616173457946
0.3C DC vs 0.3C+0.7C 0.1tau,1.9,-2.4100076857857857,1.3658052504779334,-3.7758129362628097,6.467982315388326,-8.877990001174112,ok,1.0209774139324814,0.31916477298870594,0.1433828316143201,0.14329210661783168,-632.746581072352,2.5609499185401963,1.6672616173457946
0.3C DC vs 0.3C+0.7C 0.1tau,1.91,-2.1193151323213897,1.629280909303816,-3.748596041624296,6.535342194949408,-8.654657327270797,ok,1.0209774139324814,0.31916477298870594,0.1433828316143201,0.14329210661783168,-632.746581072352,2.5609499185401963,1.6672616173457946
0.3C DC vs 0.3C+0.7C 0.1tau,1.92,-1.8195110946853674,1.8773009007582004,-3.6968119954426584,6.5888069592383545,-8.408318053923722,ok,1.0209774139324814,0.31916477298870594,0.1433828316143201,0.14329210661783168,-632.746581072352,2.5609499185401963,1.6672616173457946
0.3C DC vs 0.3C+0.7C 0.1tau,1.93,-1.5068041022013858,2.101766134380341,-3.6085702365808174,6.6268971516801685,-8.133701253881554,ok,1.0209774139324814,0.31916477298870594,0.1433828316143201,0.14329210661783168,-632.746581072352,2.5609499185401963,1.6672616173457946
0.3C DC vs 0.3C+0.7C 0.1tau,1.94,-1.1937902258332542,2.2894784716545473,-3.483268697486892,6.645280109574742,-7.839070335407996,ok,1.0209774139324814,0.31916477298870594,0.1433828316143201,0.14329210661783168,-632.746581072352,2.5609499185401963,1.6672616173457946
0.3C DC vs 0.3C+0.7C 0.1tau,1.95,-0.8772063313817853,2.4174014626187272,-3.294607793999603,6.571561676955753,-7.448768008337538,ok,1.0209774139324814,0.31916477298870594,0.1433828316143201,0.14329210661783168,-632.746581072352,2.5609499185401963,1.6672616173457946
0.3C DC vs 0.3C+0.7C 0.1tau,1.96,-0.5626653397894188,2.441569948309734,-3.0042352880982435,6.482871889260423,-7.045537229049842,ok,1.0209774139324814,0.31916477298870594,0.1433828316143201,0.14329210661783168,-632.746581072352,2.5609499185401963,1.6672616173457946
0.3C DC vs 0.3C+0.7C 0.1tau,1.97,-0.2519391662117414,-1.258094531125607,1.006155364913866,6.389385906704774,-6.641325072916516,ok,1.0209774139324814,0.31916477298870594,0.1433828316143201,0.14329210661783168,-632.746581072352,2.5609499185401963,1.6672616173457946
0.3C DC vs 0.3C+0.7C 0.1tau,1.98,0.06052167050893331,-1.00315222890913,1.0636738994180632,6.314700850640293,-6.254179180131359,ok,1.0209774139324814,0.31916477298870594,0.1433828316143201,0.14329210661783168,-632.746581072352,2.5609499185401963,1.6672616173457946
0.3C DC vs 0.3C+0.7C 0.1tau,1.99,0.3625973107027676,-0.7354716839290631,1.0980689946318307,6.2578230938352135,-5.895225783132446,ok,1.0209774139324814,0.31916477298870594,0.1433828316143201,0.14329210661783168,-632.746581072352,2.5609499185401963,1.6672616173457946
0.3C DC vs 0.3C+0.7C 0.1tau,2.0,0.6490840987071351,-0.4593758624569091,1.1084599611640442,6.2659234695411214,-5.616839370833986,ok,1.0209774139324814,0.31916477298870594,0.1433828316143201,0.14329210661783168,-632.746581072352,2.5609499185401963,1.6672616173457946
0.3C DC vs 0.3C+0.7C 0.1tau,2.01,0.9170158629794969,-0.1779113904431142,1.094927253422611,6.317858765335586,-5.400842902356089,ok,1.0209774139324814,0.31916477298870594,0.1433828316143201,0.14329210661783168,-632.746581072352,2.5609499185401963,1.6672616173457946
0.3C DC vs 0.3C+0.7C 0.1tau,2.02,1.1574035769890543,0.1066583339852513,1.050745243003803,6.383380847570152,-5.225977270581097,ok,1.0209774139324814,0.31916477298870594,0.1433828316143201,0.14329210661783168,-632.746581072352,2.5609499185401963,1.6672616173457946
0.3C DC vs 0.3C+0.7C 0.1tau,2.03,1.3481338903702635,0.392549258195686,0.9555846321745776,6.460972446722735,-5.112838556352472,ok,1.0209774139324814,0.31916477298870594,0.1433828316143201,0.14329210661783168,-632.746581072352,2.5609499185401963,1.6672616173457946
0.3C DC vs 0.3C+0.7C 0.1tau,2.04,1.4409654337841857,0.6782563916167419,0.7627090421674438,6.554068134514637,-5.113102700730451,ok,1.0209774139324814,0.31916477298870594,0.1433828316143201,0.14329210661783168,-632.746581072352,2.5609499185401963,1.6672616173457946
0.3C DC vs 0.3C+0.7C 0.1tau,2.05,-2.3467362846258766,0.962410408514188,-3.3091466931400646,6.666405593380659,-9.013141878006536,ok,1.0209774139324814,0.31916477298870594,0.1433828316143201,0.14329210661783168,-632.746581072352,2.5609499185401963,1.6672616173457946
0.3C DC vs 0.3C+0.7C 0.1tau,2.06,-2.0380303088404617,1.2436633714323762,-3.281693680272838,6.779174657795011,-8.817204966635472,ok,1.0209774139324814,0.31916477298870594,0.1433828316143201,0.14329210661783168,-632.746581072352,2.5609499185401963,1.6672616173457946
0.3C DC vs 0.3C+0.7C 0.1tau,2.07,-1.7419442704913308,1.513028188151111,-3.254972458642442,6.887632754752303,-8.629577025243634,ok,1.0209774139324814,0.31916477298870594,0.1433828316143201,0.14329210661783168,-632.746581072352,2.5609499185401963,1.6672616173457946
0.3C DC vs 0.3C+0.7C 0.1tau,2.08,-1.4171861161703418,1.7713963668529686,-3.1885824830233105,6.998518115302431,-8.415704231472773,ok,1.0209774139324814,0.31916477298870594,0.1433828316143201,0.14329210661783168,-632.746581072352,2.5609499185401963,1.6672616173457946
0.3C DC vs 0.3C+0.7C 0.1tau,2.09,-1.088987057556551,2.010149609788641,-3.099136667345192,7.0968549688759595,-8.18584202643251,ok,1.0209774139324814,0.31916477298870594,0.1433828316143201,0.14329210661783168,-632.746581072352,2.5609499185401963,1.6672616173457946
0.3C DC vs 0.3C+0.7C 0.1tau,2.0999999999999996,-0.7621302703237234,2.218205302345268,-2.9803355726689915,7.167077106483703,-7.929207376807426,ok,1.0209774139324814,0.31916477298870594,0.1433828316143201,0.14329210661783168,-632.746581072352,2.5609499185401963,1.6672616173457946
0.3C DC vs 0.3C+0.7C 0.1tau,2.11,-0.4339974975255245,2.376453195420254,-2.8104506929457784,7.22392619871971,-7.657923696245234,ok,1.0209774139324814,0.31916477298870594,0.1433828316143201,0.14329210661783168,-632.746581072352,2.5609499185401963,1.6672616173457946
0.3C DC vs 0.3C+0.7C 0.1tau,2.1199999999999997,-0.11819789413675608,2.449007987170262,-2.567205881307018,7.265905621914499,-7.384103516051255,ok,1.0209774139324814,0.31916477298870594,0.1433828316143201,0.14329210661783168,-632.746581072352,2.5609499185401963,1.6672616173457946
0.3C DC vs 0.3C+0.7C 0.1tau,2.13,0.19211693574925448,2.360062913586262,-2.1679459778370074,7.275957196155105,-7.08384026040585,ok,1.0209774139324814,0.31916477298870594,0.1433828316143201,0.14329210661783168,-632.746581072352,2.5609499185401963,1.6672616173457946
0.3C DC vs 0.3C+0.7C 0.1tau,2.1399999999999997,0.49215608093982155,-1.121638861700376,1.6137949426401974,7.206671883255694,-6.714515802315873,ok,1.0209774139324814,0.31916477298870594,0.1433828316143201,0.14329210661783168,-632.746581072352,2.5609499185401963,1.6672616173457946
0.3C DC vs 0.3C+0.7C 0.1tau,2.15,0.7821034496082575,-0.8609763242038753,1.6430797738121328,7.121478564710742,-6.339375115102484,ok,1.0209774139324814,0.31916477298870594,0.1433828316143201,0.14329210661783168,-632.746581072352,2.5609499185401963,1.6672616173457946
0.3C DC vs 0.3C+0.7C 0.1tau,2.1599999999999997,1.0551476163818734,-0.590108932554358,1.6452565489362314,7.0288567551651795,-5.973709138783306,ok,1.0209774139324814,0.31916477298870594,0.1433828316143201,0.14329210661783168,-632.746581072352,2.5609499185401963,1.6672616173457946
0.3C DC vs 0.3C+0.7C 0.1tau,2.17,1.2105040105725493,-0.3125040932809497,1.523008103853499,6.9500891148254595,-5.73958510425291,ok,1.0209774139324814,0.31916477298870594,0.1433828316143201,0.14329210661783168,-632.746581072352,2.5609499185401963,1.6672616173457946
0.3C DC vs 0.3C+0.7C 0.1tau,2.1799999999999997,0.8405388670880711,-0.0307022780280021,0.8712411451160733,6.888446427125018,-6.047907560036947,ok,1.0209774139324814,0.31916477298870594,0.1433828316143201,0.14329210661783168,-632.746581072352,2.5609499185401963,1.6672616173457946
0.3C DC vs 0.3C+0.7C 0.1tau,2.19,-2.489895447976778,0.2533301283892797,-2.743225576366058,6.905445618936028,-9.395341066912806,ok,1.0209774139324814,0.31916477298870594,0.1433828316143201,0.14329210661783168,-632.746581072352,2.5609499185401963,1.6672616173457946
0.3C DC vs 0.3C+0.7C 0.1tau,2.1999999999999997,-2.199338808554785,0.5379721181816421,-2.737310926736427,6.953777976148558,-9.153116784703343,ok,1.0209774139324814,0.31916477298870594,0.1433828316143201,0.14329210661783168,-632.746581072352,2.5609499185401963,1.6672616173457946
0.3C DC vs 0.3C+0.7C 0.1tau,2.21,-1.901456325666004,0.821788187612583,-2.723244513278587,7.016212156438996,-8.917668482105,ok,1.0209774139324814,0.31916477298870594,0.1433828316143201,0.14329210661783168,-632.746581072352,2.5609499185401963,1.6672616173457946
0.3C DC vs 0.3C+0.7C 0.1tau,2.22,-1.5904287032608408,1.1034051327123962,-2.693833835975056,7.091235364628119,-8.68166406788896,ok,1.0209774139324814,0.31916477298870594,0.1433828316143201,0.14329210661783168,-632.746581072352,2.5609499185401963,1.6672616173457946
0.3C DC vs 0.3C+0.7C 0.1tau,2.23,-1.2739982100756606,1.3814046511088236,-2.655402861184484,7.1891082750316855,-8.463106485107346,ok,1.0209774139324814,0.31916477298870594,0.1433828316143201,0.14329210661783168,-632.746581072352,2.5609499185401963,1.6672616173457946
0.3C DC vs 0.3C+0.7C 0.1tau,2.24,-0.9564368386927526,1.6542158105903582,-2.61065264928493,7.300924040407153,-8.257360879099906,ok,1.0209774139324814,0.31916477298870594,0.1433828316143201,0.14329210661783168,-632.746581072352,2.5609499185401963,1.6672616173457946
0.3C DC vs 0.3C+0.7C 0.1tau,2.25,-0.6411984705418945,1.9199922208536009,-2.5611906913954954,7.413589165561461,-8.054787636103356,ok,1.0209774139324814,0.31916477298870594,0.1433828316143201,0.14329210661783168,-632.746581072352,2.5609499185401963,1.6672616173457946
0.3C DC vs 0.3C+0.7C 0.1tau,2.26,-0.3260955582900351,2.1764558645463694,-2.5025514228364045,7.5258101416711725,-7.851905699961208,ok,1.0209774139324814,0.31916477298870594,0.1433828316143201,0.14329210661783168,-632.746581072352,2.5609499185401963,1.6672616173457946
0.3C DC vs 0.3C+0.7C 0.1tau,2.27,-0.018029758016382402,2.362056660516828,-2.3800864185332102,7.636290117616227,-7.654319875632609,ok,1.0209774139324814,0.31916477298870594,0.1433828316143201,0.14329210661783168,-632.746581072352,2.5609499185401963,1.6672616173457946
0.3C DC vs 0.3C+0.7C 0.1tau,2.28,0.2832233207682293,2.4529274971737323,-2.169704176405503,7.74131234422839,-7.458089023460161,ok,1.0209774139324814,0.31916477298870594,0.1433828316143201,0.14329210661783168,-632.746581072352,2.5609499185401963,1.6672616173457946
0.3C DC vs 0.3C+0.7C 0.1tau,2.29,0.5653436895290724,2.3605186815048,-1.7951749919757276,7.810061496192247,-7.244717806663175,ok,1.0209774139324814,0.31916477298870594,0.1433828316143201,0.14329210661783168,-632.746581072352,2.5609499185401963,1.6672616173457946
0.3C DC vs 0.3C+0.7C 0.1tau,2.3,0.8281203655024001,-1.239058720731009,2.067179086233409,7.865122352708568,-7.0370019872061675,ok,1.0209774139324814,0.31916477298870594,0.1433828316143201,0.14329210661783168,-632.746581072352,2.5609499185401963,1.6672616173457946
0.3C DC vs 0.3C+0.7C 0.1tau,2.31,1.0438067834656977,-0.9850250509034596,2.028831834369157,7.905007806989488,-6.86120102352379,ok,1.0209774139324814,0.31916477298870594,0.1433828316143201,0.14329210661783168,-632.746581072352,2.5609499185401963,1.6672616173457946
0.3C DC vs 0.3C+0.7C 0.1tau,2.32,1.1828652979211256,-0.720030137467802,1.9028954353889276,7.926359691813559,-6.743494393892433,ok,1.0209774139324814,0.31916477298870594,0.1433828316143201,0.14329210661783168,-632.746581072352,2.5609499185401963,1.6672616173457946
0.3C DC vs 0.3C+0.7C 0.1tau,2.33,1.1342560704670177,-0.4475127329897077,1.5817688034567254,7.8545829247650545,-6.720326854298037,ok,1.0209774139324814,0.31916477298870594,0.1433828316143201,0.14329210661783168,-632.746581072352,2.5609499185401963,1.6672616173457946
0.3C DC vs 0.3C+0.7C 0.1tau,2.34,-2.3663680799327267,-0.170037099502224,-2.1963309804305027,7.767450845367421,-10.133818925300147,ok,1.0209774139324814,0.31916477298870594,0.1433828316143201,0.14329210661783168,-632.746581072352,2.5609499185401963,1.6672616173457946
0.3C DC vs 0.3C+0.7C 0.1tau,2.35,-2.0697327576126554,0.1103839257011713,-2.180116683313827,7.673786581059176,-9.743519338671831,ok,1.0209774139324814,0.31916477298870594,0.1433828316143201,0.14329210661783168,-632.746581072352,2.5609499185401963,1.6672616173457946
0.3C DC vs 0.3C+0.7C 0.1tau,2.36,-1.75424568193921,0.3920736110594589,-2.146319292998669,7.597218209928542,-9.351463891867752,ok,1.0209774139324814,0.31916477298870594,0.1433828316143201,0.14329210661783168,-632.746581072352,2.5609499185401963,1.6672616173457946
0.3C DC vs 0.3C+0.7C 0.1tau,2.3699999999999997,-1.4344048590992315,0.6735365190397715,-2.107941378139003,7.5381979882586165,-8.972602847357848,ok,1.0209774139324814,0.31916477298870594,0.1433828316143201,0.14329210661783168,-632.746581072352,2.5609499185401963,1.6672616173457946
0.3C DC vs 0.3C+0.7C 0.1tau,2.38,-1.1182558206819522,0.953335592381336,-2.071591413063288,7.543644238383422,-8.661900059065374,ok,1.0209774139324814,0.31916477298870594,0.1433828316143201,0.14329210661783168,-632.746581072352,2.5609499185401963,1.6672616173457946
0.3C DC vs 0.3C+0.7C 0.1tau,2.3899999999999997,-0.8007004063638306,1.22998161421674,-2.0306820205805707,7.593947821504116,-8.394648227867947,ok,1.0209774139324814,0.31916477298870594,0.1433828316143201,0.14329210661783168,-632.746581072352,2.5609499185401963,1.6672616173457946
0.3C DC vs 0.3C+0.7C 0.1tau,2.4,-0.4874066271841002,1.5018191077742813,-1.9892257349583815,7.658043187231669,-8.14544981441577,ok,1.0209774139324814,0.31916477298870594,0.1433828316143201,0.14329210661783168,-632.746581072352,2.5609499185401963,1.6672616173457946
0.3C DC vs 0.3C+0.7C 0.1tau,2.4099999999999997,-0.17744052974558144,1.7668923731362156,-1.944332902881797,7.734414624850615,-7.911855154596196,ok,1.0209774139324814,0.31916477298870594,0.1433828316143201,0.14329210661783168,-632.746581072352,2.5609499185401963,1.6672616173457946
0.3C DC vs 0.3C+0.7C 0.1tau,2.42,0.12903066292165022,2.0227710106755694,-1.8937403477539192,7.827054817249518,-7.698024154327868,ok,1.0209774139324814,0.31916477298870594,0.1433828316143201,0.14329210661783168,-632.746581072352,2.5609499185401963,1.6672616173457946
0.3C DC vs 0.3C+0.7C 0.1tau,2.4299999999999997,0.4254393413084472,2.266304406179188,-1.8408650648707408,7.939206446417302,-7.513767105108855,ok,1.0209774139324814,0.31916477298870594,0.1433828316143201,0.14329210661783168,-632.746581072352,2.5609499185401963,1.6672616173457946
0.3C DC vs 0.3C+0.7C 0.1tau,2.44,0.7117810039671895,2.4932553475264285,-1.781474343559239,8.05195957540127,-7.34017857143408,ok,1.0209774139324814,0.31916477298870594,0.1433828316143201,0.14329210661783168,-632.746581072352,2.5609499185401963,1.6672616173457946
0.3C DC vs 0.3C+0.7C 0.1tau,2.4499999999999997,0.9753151525856083,2.4998993812641856,-1.5245842286785771,8.164020608131977,-7.188705455546369,ok,1.0209774139324814,0.31916477298870594,0.1433828316143201,0.14329210661783168,-632.746581072352,2.5609499185401963,1.6672616173457946
0.3C DC vs 0.3C+0.7C 0.1tau,2.46,1.204213818822609,-1.3692463024108292,2.5734601212334383,8.27409051675204,-7.0698766979294305,ok,1.0209774139324814,0.31916477298870594,0.1433828316143201,0.14329210661783168,-632.746581072352,2.5609499185401963,1.6672616173457946
0.3C DC vs 0.3C+0.7C 0.1tau,2.47,1.3787592118642351,-1.119446854798298,2.498206066664352,8.380857646265213,-7.002098434400978,ok,1.0209774139324814,0.31916477298870594,0.1433828316143201,0.14329210661783168,-632.746581072352,2.5609499185401963,1.6672616173457946
0.3C DC vs 0.3C+0.7C 0.1tau,2.48,-2.5573111300145683,-0.8582926547551324,-1.699018475259436,8.453739795841102,-11.01105092585567,ok,1.0209774139324814,0.31916477298870594,0.1433828316143201,0.14329210661783168,-632.746581072352,2.5609499185401963,1.6672616173457946
0.3C DC vs 0.3C+0.7C 0.1tau,2.49,-2.264957677831262,-0.5891103228605061,-1.675847354968937,8.506988037486735,-10.771945715317997,ok,1.0209774139324814,0.31916477298870594,0.1433828316143201,0.14329210661783168,-632.746581072352,2.5609499185401963,1.6672616173457946
0.3C DC vs 0.3C+0.7C 0.1tau,2.5,-1.9601721709350386,-0.3144203552583349,-1.6457518156767037,8.544756745721315,-10.504928916656354,ok,1.0209774139324814,0.31916477298870594,0.1433828316143201,0.14329210661783168,-632.746581072352,2.5609499185401963,1.6672616173457946
0.3C DC vs 0.3C+0.7C 0.1tau,2.51,-1.6466591429743858,-0.0362275176885305,-1.6104316252858553,8.565658429626637,-10.212317572601023,ok,1.0209774139324814,0.31916477298870594,0.1433828316143201,0.14329210661783168,-632.746581072352,2.5609499185401963,1.6672616173457946
0.3C DC vs 0.3C+0.7C 0.1tau,2.52,-1.324818380526267,0.243780317101482,-1.568598697627749,8.50299300599545,-9.827811386521716,ok,1.0209774139324814,0.31916477298870594,0.1433828316143201,0.14329210661783168,-632.746581072352,2.5609499185401963,1.6672616173457946
0.3C DC vs 0.3C+0.7C 0.1tau,2.53,-1.001375829691824,0.5240850637692347,-1.5254608934610587,8.413979875133009,-9.415355704824833,ok,1.0209774139324814,0.31916477298870594,0.1433828316143201,0.14329210661783168,-632.746581072352,2.5609499185401963,1.6672616173457946
0.3C DC vs 0.3C+0.7C 0.1tau,2.54,-0.6703727810763667,0.8032178843695874,-1.473590665445954,8.318034782196264,-8.98840756327263,ok,1.0209774139324814,0.31916477298870594,0.1433828316143201,0.14329210661783168,-632.746581072352,2.5609499185401963,1.6672616173457946
0.3C DC vs 0.3C+0.7C 0.1tau,2.55,-0.34315637212966976,1.0796470397526718,-1.4228034118823416,8.243712250705357,-8.586868622835027,ok,1.0209774139324814,0.31916477298870594,0.1433828316143201,0.14329210661783168,-632.746581072352,2.5609499185401963,1.6672616173457946
0.3C DC vs 0.3C+0.7C 0.1tau,2.56,-0.02032786243216833,1.351658180477898,-1.3719860429100663,8.187325183800567,-8.207653046232736,ok,1.0209774139324814,0.31916477298870594,0.1433828316143201,0.14329210661783168,-632.746581072352,2.5609499185401963,1.6672616173457946
0.3C DC vs 0.3C+0.7C 0.1tau,2.57,0.292716639880382,1.6172094717403525,-1.3244928318599705,8.181277664391018,-7.888561024510636,ok,1.0209774139324814,0.31916477298870594,0.1433828316143201,0.14329210661783168,-632.746581072352,2.5609499185401963,1.6672616173457946
0.3C DC vs 0.3C+0.7C 0.1tau,2.58,0.59573070942497,1.8737378321111464,-1.2780071226861764,8.233531783682338,-7.637801074257368,ok,1.0209774139324814,0.31916477298870594,0.1433828316143201,0.14329210661783168,-632.746581072352,2.5609499185401963,1.6672616173457946
0.3C DC vs 0.3C+0.7C 0.1tau,2.59,0.8847976911511068,2.117879614999765,-1.2330819238486583,8.299267621556282,-7.4144699304051755,ok,1.0209774139324814,0.31916477298870594,0.1433828316143201,0.14329210661783168,-632.746581072352,2.5609499185401963,1.6672616173457946
0.3C DC vs 0.3C+0.7C 0.1tau,2.6,1.163467254191346,2.345043727338634,-1.1815764731472882,8.376968135778952,-7.213500881587606,ok,1.0209774139324814,0.31916477298870594,0.1433828316143201,0.14329210661783168,-632.746581072352,2.5609499185401963,1.6672616173457946
0.3C DC vs 0.3C+0.7C 0.1tau,2.61,1.3556402203685138,2.548725134533015,-1.1930849141645012,8.465117002713669,-7.109476782345155,ok,1.0209774139324814,0.31916477298870594,0.1433828316143201,0.14329210661783168,-632.746581072352,2.5609499185401963,1.6672616173457946
0.3C DC vs 0.3C+0.7C 0.1tau,2.6199999999999997,1.2176439654795104,2.311027264859149,-1.0933832993796386,8.577561684700413,-7.359917719220903,ok,1.0209774139324814,0.31916477298870594,0.1433828316143201,0.14329210661783168,-632.746581072352,2.5609499185401963,1.6672616173457946
0.3C DC vs 0.3C+0.7C 0.1tau,2.63,-2.3898907487910037,-1.2619680250190868,-1.127922723771917,8.690399061906646,-11.08028981069765,ok,1.0209774139324814,0.31916477298870594,0.1433828316143201,0.14329210661783168,-632.746581072352,2.5609499185401963,1.6672616173457946
0.3C DC vs 0.3C+0.7C 0.1tau,2.6399999999999997,-2.0980434100638377,-1.0029797040078847,-1.095063706055953,8.802296108337032,-10.90033951840087,ok,1.0209774139324814,0.31916477298870594,0.1433828316143201,0.14329210661783168,-632.746581072352,2.5609499185401963,1.6672616173457946
0.3C DC vs 0.3C+0.7C 0.1tau,2.65,-1.86364628283809,-0.7278490491135017,-1.1357972337245883,8.911951099431462,-10.775597382269552,ok,1.0209774139324814,0.31916477298870594,0.1433828316143201,0.14329210661783168,-632.746581072352,2.5609499185401963,1.6672616173457946
0.3C DC vs 0.3C+0.7C 0.1tau,2.6599999999999997,-1.5766705951937183,-0.4394734849975066,-1.1371971101962115,9.014686553427964,-10.591357148621682,ok,1.0209774139324814,0.31916477298870594,0.1433828316143201,0.14329210661783168,-632.746581072352,2.5609499185401963,1.6672616173457946
0.3C DC vs 0.3C+0.7C 0.1tau,2.67,14.681683679262278,-14.004154388710958,28.685838067973236,10.317699300472668,4.36398437878961,ok,1.0209774139324814,0.31916477298870594,0.1433828316143201,0.14329210661783168,-632.746581072352,2.5609499185401963,1.6672616173457946
0.3C DC vs 0.3C+0.7C 10tau,0.05,84.56764408565307,80.6513698090119,3.9162742766411753,84.05649702361458,0.5111470620384893,ok,1.0203091682209862,2.3797853566331515,0.0014338283161432,0.0014295677023914908,-2971.495055398062,-0.00229196980484846,0.008533680101714557
0.3C DC vs 0.3C+0.7C 10tau,0.06,107.29545206950064,103.26184562419044,4.0336064453102125,106.76282602200675,0.532626047493892,ok,1.0203091682209862,2.3797853566331515,0.0014338283161432,0.0014295677023914908,-2971.495055398062,-0.00229196980484846,0.008533680101714557
0.3C DC vs 0.3C+0.7C 10tau,0.07,130.66612378575985,126.5453908354968,4.120732950263061,130.11572216228973,0.5504016234701226,ok,1.0203091682209862,2.3797853566331515,0.0014338283161432,0.0014295677023914908,-2971.495055398062,-0.00229196980484846,0.008533680101714557
0.3C DC vs 0.3C+0.7C 10tau,0.08,154.50772004421265,150.32371383137772,4.18400621283493,153.9444591528381,0.56326089137454,ok,1.0203091682209862,2.3797853566331515,0.0014338283161432,0.0014295677023914908,-2971.495055398062,-0.00229196980484846,0.008533680101714557
0.3C DC vs 0.3C+0.7C 10tau,0.09,178.6952174671789,174.46575045195533,4.229467015223577,178.12161369298175,0.5736037741971529,ok,1.0203091682209862,2.3797853566331515,0.0014338283161432,0.0014295677023914908,-2971.495055398062,-0.00229196980484846,0.008533680101714557
0.3C DC vs 0.3C+0.7C 10tau,0.1,203.1300120801896,198.86721005091604,4.2628020292735584,202.5470648252455,0.582947254944088,ok,1.0203091682209862,2.3797853566331515,0.0014338283161432,0.0014295677023914908,-2971.495055398062,-0.00229196980484846,0.008533680101714557
0.3C DC vs 0.3C+0.7C 10tau,0.11,227.72585735452233,223.44254634267335,4.2833110118489515,227.13691037187044,0.5889469826518905,ok,1.0203091682209862,2.3797853566331515,0.0014338283161432,0.0014295677023914908,-2971.495055398062,-0.00229196980484846,0.008533680101714557
0.3C DC vs 0.3C+0.7C 10tau,0.12,252.41143475740242,248.11635162157057,4.295083135831902,251.8174023599839,0.5940323974185162,ok,1.0203091682209862,2.3797853566331515,0.0014338283161432,0.0014295677023914908,-2971.495055398062,-0.00229196980484846,0.008533680101714557
0.3C DC vs 0.3C+0.7C 10tau,0.13,277.1170187013657,272.81916143526644,4.297857266099243,276.5196187507141,0.5973999506516066,ok,1.0203091682209862,2.3797853566331515,0.0014338283161432,0.0014295677023914908,-2971.495055398062,-0.00229196980484846,0.008533680101714557
0.3C DC vs 0.3C+0.7C 10tau,0.14,301.77398767577074,297.4829731996314,4.291014476139367,301.1761461325455,0.5978415432252291,ok,1.0203091682209862,2.3797853566331515,0.0014338283161432,0.0014295677023914908,-2971.495055398062,-0.00229196980484846,0.008533680101714557
0.3C DC vs 0.3C+0.7C 10tau,0.15,326.3136192949198,322.03780152935747,4.275817765562408,325.71664433187,0.5969749630498313,ok,1.0203091682209862,2.3797853566331515,0.0014338283161432,0.0014295677023914908,-2971.495055398062,-0.00229196980484846,0.008533680101714557
0.3C DC vs 0.3C+0.7C 10tau,0.16,350.658187340436,346.40721196179993,4.250975378636042,350.0645093947902,0.5936779456457657,ok,1.0203091682209862,2.3797853566331515,0.0014338283161432,0.0014295677023914908,-2971.495055398062,-0.00229196980484846,0.008533680101714557
0.3C DC vs 0.3C+0.7C 10tau,0.1699999999999999,374.71768534547357,370.5031263785374,4.214558966936465,374.13102878481766,0.5866565606559107,ok,1.0203091682209862,2.3797853566331515,0.0014338283161432,0.0014295677023914908,-2971.495055398062,-0.00229196980484846,0.008533680101714557
0.3C DC vs 0.3C+0.7C 10tau,0.18,398.3851083088573,394.2191157935037,4.165992515353651,397.8072111163311,0.5778971925262226,ok,1.0203091682209862,2.3797853566331515,0.0014338283161432,0.0014295677023914908,-2971.495055398062,-0.00229196980484846,0.008533680101714557
0.3C DC vs 0.3C+0.7C 10tau,0.19,421.5169319424883,417.4171101690829,4.099821773405438,420.9538305973938,0.5631013450945375,ok,1.0203091682209862,2.3797853566331515,0.0014338283161432,0.0014295677023914908,-2971.495055398062,-0.00229196980484846,0.008533680101714557
0.3C DC vs 0.3C+0.7C 10tau,0.2,443.9216274380363,439.91074250291985,4.010884935116451,443.3789187604391,0.5427086775972043,ok,1.0203091682209862,2.3797853566331515,0.0014338283161432,0.0014295677023914908,-2971.495055398062,-0.00229196980484846,0.008533680101714557
0.3C DC vs 0.3C+0.7C 10tau,0.21,465.3124021084273,461.4248052831042,3.8875968253232145,464.8007423150492,0.5116597933781009,ok,1.0203091682209862,2.3797853566331515,0.0014338283161432,0.0014295677023914908,-2971.495055398062,-0.00229196980484846,0.008533680101714557
0.3C DC vs 0.3C+0.7C 10tau,0.22,485.2268019371489,481.52252431396,3.7042776231889434,484.76486935051753,0.46193258663134884,ok,1.0203091682209862,2.3797853566331515,0.0014338283161432,0.0014295677023914908,-2971.495055398062,-0.00229196980484846,0.008533680101714557
0.3C DC vs 0.3C+0.7C 10tau,0.2299999999999999,502.8141508498521,499.40312104856633,3.411029801285963,502.4350494027885,0.3791014470636469,ok,1.0203091682209862,2.3797853566331515,0.0014338283161432,0.0014295677023914908,-2971.495055398062,-0.00229196980484846,0.008533680101714557
0.3C DC vs 0.3C+0.7C 10tau,0.24,516.0837275063799,513.2630254629412,2.8207020434387005,515.8830909674197,0.20063653896022515,ok,1.0203091682209862,2.3797853566331515,0.0014338283161432,0.0014295677023914908,-2971.495055398062,-0.00229196980484846,0.008533680101714557
0.3C DC vs 0.3C+0.7C 10tau,0.25,516.5963469387723,516.1890490159593,0.4072979228129725,517.2051239484858,-0.608777009713549,ok,1.0203091682209862,2.3797853566331515,0.0014338283161432,0.0014295677023914908,-2971.495055398062,-0.00229196980484846,0.008533680101714557
0.3C DC vs 0.3C+0.7C 10tau,0.26,111.73900910750115,108.78145914875586,2.9575499587452896,111.00888315743384,0.7301259500673041,ok,1.0203091682209862,2.3797853566331515,0.0014338283161432,0.0014295677023914908,-2971.495055398062,-0.00229196980484846,0.008533680101714557
0.3C DC vs 0.3C+0.7C 10tau,0.27,135.20455427135516,132.19786252310837,3.0066917482467943,134.45544482612115,0.7491094452340121,ok,1.0203091682209862,2.3797853566331515,0.0014338283161432,0.0014295677023914908,-2971.495055398062,-0.00229196980484846,0.008533680101714557
0.3C DC vs 0.3C+0.7C 10tau,0.28,159.11755307502483,156.07427730817142,3.0432757668534123,158.35264088270378,0.7649121923210487,ok,1.0203091682209862,2.3797853566331515,0.0014338283161432,0.0014295677023914908,-2971.495055398062,-0.00229196980484846,0.008533680101714557
0.3C DC vs 0.3C+0.7C 10tau,0.29,183.35593442683637,180.28693986270935,3.068994564127024,182.57987882665282,0.7760556001835539,ok,1.0203091682209862,2.3797853566331515,0.0014338283161432,0.0014295677023914908,-2971.495055398062,-0.00229196980484846,0.008533680101714557
0.3C DC vs 0.3C+0.7C 10tau,0.3,207.8254950058564,204.7372994475678,3.0881955582885894,207.03981975898864,0.7856752468677541,ok,1.0203091682209862,2.3797853566331515,0.0014338283161432,0.0014295677023914908,-2971.495055398062,-0.00229196980484846,0.008533680101714557
0.3C DC vs 0.3C+0.7C 10tau,0.31,232.44285481982536,229.342701668421,3.1001531514043563,231.65073376773125,0.7921210520941031,ok,1.0203091682209862,2.3797853566331515,0.0014338283161432,0.0014295677023914908,-2971.495055398062,-0.00229196980484846,0.008533680101714557
0.3C DC vs 0.3C+0.7C 10tau,0.32,257.1361829022119,254.029669274316,3.106513627895879,256.33982867296083,0.796354229251051,ok,1.0203091682209862,2.3797853566331515,0.0014338283161432,0.0014295677023914908,-2971.495055398062,-0.00229196980484846,0.008533680101714557
0.3C DC vs 0.3C+0.7C 10tau,0.33,281.83799735606067,278.7293634659909,3.1086338900697683,281.0389606750248,0.7990366810358864,ok,1.0203091682209862,2.3797853566331515,0.0014338283161432,0.0014295677023914908,-2971.495055398062,-0.00229196980484846,0.008533680101714557
0.3C DC vs 0.3C+0.7C 10tau,0.3399999999999999,306.4789191975101,303.37364273176786,3.1052764657423495,305.6803434071461,0.7985757903639978,ok,1.0203091682209862,2.3797853566331515,0.0014338283161432,0.0014295677023914908,-2971.495055398062,-0.00229196980484846,0.008533680101714557
0.3C DC vs 0.3C+0.7C 10tau,0.35,330.9885757530409,327.89134091750157,3.097234835539325,330.1931558023739,0.7954199506669966,ok,1.0203091682209862,2.3797853566331515,0.0014338283161432,0.0014295677023914908,-2971.495055398062,-0.00229196980484846,0.008533680101714557
0.3C DC vs 0.3C+0.7C 10tau,0.36,355.28919657276936,352.203843757252,3.0853528155173535,354.4987806699737,0.7904159027956439,ok,1.0203091682209862,2.3797853566331515,0.0014338283161432,0.0014295677023914908,-2971.495055398062,-0.00229196980484846,0.008533680101714557
0.3C DC vs 0.3C+0.7C 10tau,0.37,379.2867710572416,376.2195145757464,3.0672564814951784,378.5054753372208,0.7812957200208075,ok,1.0203091682209862,2.3797853566331515,0.0014338283161432,0.0014295677023914908,-2971.495055398062,-0.00229196980484846,0.008533680101714557
0.3C DC vs 0.3C+0.7C 10tau,0.38,402.8684471613112,399.8251387145174,3.0433084467938443,402.1008262737065,0.7676208876047212,ok,1.0203091682209862,2.3797853566331515,0.0014338283161432,0.0014295677023914908,-2971.495055398062,-0.00229196980484846,0.008533680101714557
0.3C DC vs 0.3C+0.7C 10tau,0.39,425.8857188307363,422.8741023798254,3.011616450910992,425.13703668274195,0.7486821479943728,ok,1.0203091682209862,2.3797853566331515,0.0014338283161432,0.0014295677023914908,-2971.495055398062,-0.00229196980484846,0.008533680101714557
0.3C DC vs 0.3C+0.7C 10tau,0.4,448.13097984733054,445.16246117522326,2.9685186721072796,447.41083049684585,0.7201493504846894,ok,1.0203091682209862,2.3797853566331515,0.0014338283161432,0.0014295677023914908,-2971.495055398062,-0.00229196980484846,0.008533680101714557
0.3C DC vs 0.3C+0.7C 10tau,0.41,469.2964421597742,466.3865637515976,2.90987840817661,468.6178777049738,0.6785644548003802,ok,1.0203091682209862,2.3797853566331515,0.0014338283161432,0.0014295677023914908,-2971.495055398062,-0.00229196980484846,0.008533680101714557
0.3C DC vs 0.3C+0.7C 10tau,0.42,488.8699605666234,486.04668834819176,2.8232722184316117,488.25877727560726,0.6111832910161183,ok,1.0203091682209862,2.3797853566331515,0.0014338283161432,0.0014295677023914908,-2971.495055398062,-0.00229196980484846,0.008533680101714557
0.3C DC vs 0.3C+0.7C 10tau,0.43,505.8808846867281,503.19671694705187,2.6841677396762407,505.38472453668453,0.49616015004357905,ok,1.0203091682209862,2.3797853566331515,0.0014338283161432,0.0014295677023914908,-2971.495055398062,-0.00229196980484846,0.008533680101714557
0.3C DC vs 0.3C+0.7C 10tau,0.44,517.9101624217983,515.518361267304,2.39180115449426,517.676682593232,0.23347982856626004,ok,1.0203091682209862,2.3797853566331515,0.0014338283161432,0.0014295677023914908,-2971.495055398062,-0.00229196980484846,0.008533680101714557
0.3C DC vs 0.3C+0.7C 10tau,0.45,511.0797485741482,510.6985631777859,0.381185396362298,512.8271263469896,-1.7473777728414461,ok,1.0203091682209862,2.3797853566331515,0.0014338283161432,0.0014295677023914908,-2971.495055398062,-0.00229196980484846,0.008533680101714557
0.3C DC vs 0.3C+0.7C 10tau,0.46,115.08315052307512,114.33738590712552,0.7457646159496107,115.27304752797454,-0.18989700489942152,ok,1.0203091682209862,2.3797853566331515,0.0014338283161432,0.0014295677023914908,-2971.495055398062,-0.00229196980484846,0.008533680101714557
0.3C DC vs 0.3C+0.7C 10tau,0.47,138.5998259390533,137.87656635350254,0.7232595855507498,138.80822493433834,-0.20839899528505157,ok,1.0203091682209862,2.3797853566331515,0.0014338283161432,0.0014295677023914908,-2971.495055398062,-0.00229196980484846,0.008533680101714557
0.3C DC vs 0.3C+0.7C 10tau,0.48,162.5499404779182,161.84379783613895,0.7061426417792518,162.77136497902188,-0.22142450110368372,ok,1.0203091682209862,2.3797853566331515,0.0014338283161432,0.0014295677023914908,-2971.495055398062,-0.00229196980484846,0.008533680101714557
0.3C DC vs 0.3C+0.7C 10tau,0.49,186.8149763185363,186.12159197880575,0.6933843397305282,187.0455584944582,-0.23058217592188157,ok,1.0203091682209862,2.3797853566331515,0.0014338283161432,0.0014295677023914908,-2971.495055398062,-0.00229196980484846,0.008533680101714557
0.3C DC vs 0.3C+0.7C 10tau,0.5,211.3022192235219,210.61614490865327,0.6860743148686197,211.53727346815663,-0.235054244634739,ok,1.0203091682209862,2.3797853566331515,0.0014338283161432,0.0014295677023914908,-2971.495055398062,-0.00229196980484846,0.008533680101714557
0.3C DC vs 0.3C+0.7C 10tau,0.51,235.9301184299884,235.24751346165044,0.6826049683379551,236.1667883821715,-0.2366699521830924,ok,1.0203091682209862,2.3797853566331515,0.0014338283161432,0.0014295677023914908,-2971.495055398062,-0.00229196980484846,0.008533680101714557
0.3C DC vs 0.3C+0.7C 10tau,0.52,260.626692015677,259.943688462836,0.6830035528410008,260.8625417347687,-0.23584971909167507,ok,1.0203091682209862,2.3797853566331515,0.0014338283161432,0.0014295677023914908,-2971.495055398062,-0.00229196980484846,0.008533680101714557
0.3C DC vs 0.3C+0.7C 10tau,0.53,285.3251915266717,284.6364023658473,0.688789160824399,285.5565387071688,-0.2313471804970959,ok,1.0203091682209862,2.3797853566331515,0.0014338283161432,0.0014295677023914908,-2971.495055398062,-0.00229196980484846,0.008533680101714557
0.3C DC vs 0.3C+0.7C 10tau,0.54,309.9561714253348,309.25705211936565,0.6991193059691341,310.1807661337043,-0.22459470836952278,ok,1.0203091682209862,2.3797853566331515,0.0014338283161432,0.0014295677023914908,-2971.495055398062,-0.00229196980484846,0.008533680101714557
0.3C DC vs 0.3C+0.7C 10tau,0.55,334.44873076477165,333.7331670907797,0.7155636739919373,334.6632571531311,-0.21452638835944526,ok,1.0203091682209862,2.3797853566331515,0.0014338283161432,0.0014295677023914908,-2971.495055398062,-0.00229196980484846,0.008533680101714557
0.3C DC vs 0.3C+0.7C 10tau,0.56,358.72363991932116,357.9835815526935,0.7400583666276361,358.9238022879599,-0.20016236863875747,ok,1.0203091682209862,2.3797853566331515,0.0014338283161432,0.0014295677023914908,-2971.495055398062,-0.00229196980484846,0.008533680101714557
0.3C DC vs 0.3C+0.7C 10tau,0.5700000000000001,382.68493330215097,381.9126596920046,0.7722736101463852,382.86804527376034,-0.1831119716093781,ok,1.0203091682209862,2.3797853566331515,0.0014338283161432,0.0014295677023914908,-2971.495055398062,-0.00229196980484846,0.008533680101714557
0.3C DC vs 0.3C+0.7C 10tau,0.5800000000000001,406.21813835529974,405.3999297533278,0.8182086019719463,406.3772908728099,-0.15915251751016513,ok,1.0203091682209862,2.3797853566331515,0.0014338283161432,0.0014295677023914908,-2971.495055398062,-0.00229196980484846,0.008533680101714557
0.3C DC vs 0.3C+0.7C 10tau,0.5900000000000001,429.16866262546773,428.2882475826732,0.8804150427945387,429.2975421822009,-0.12887955673318174,ok,1.0203091682209862,2.3797853566331515,0.0014338283161432,0.0014295677023914908,-2971.495055398062,-0.00229196980484846,0.008533680101714557
0.3C DC vs 0.3C+0.7C 10tau,0.6000000000000001,451.322899701114,450.3543747737767,0.9685249273372848,451.41074406937173,-0.08784436825771991,ok,1.0203091682209862,2.3797853566331515,0.0014338283161432,0.0014295677023914908,-2971.495055398062,-0.00229196980484846,0.008533680101714557
0.3C DC vs 0.3C+0.7C 10tau,0.6100000000000001,472.3573803813681,471.2604287510758,1.096951630292324,472.3883737841368,-0.03099340276867224,ok,1.0203091682209862,2.3797853566331515,0.0014338283161432,0.0014295677023914908,-2971.495055398062,-0.00229196980484846,0.008533680101714557
0.3C DC vs 0.3C+0.7C 10tau,0.6200000000000001,491.7316093890654,490.43324052685057,1.2983688622148293,491.6781881921188,0.05342119694660141,ok,1.0203091682209862,2.3797853566331515,0.0014338283161432,0.0014295677023914908,-2971.495055398062,-0.00229196980484846,0.008533680101714557
0.3C DC vs 0.3C+0.7C 10tau,0.63,508.3949365922481,506.7343088234056,1.6606277688424598,508.19789005212783,0.19704654012025458,ok,1.0203091682209862,2.3797853566331515,0.0014338283161432,0.0014295677023914908,-2971.495055398062,-0.00229196980484846,0.008533680101714557
0.3C DC vs 0.3C+0.7C 10tau,0.64,519.6394829853848,517.0881506411447,2.551332344240109,519.1086763861472,0.5308065992376214,ok,1.0203091682209862,2.3797853566331515,0.0014338283161432,0.0014295677023914908,-2971.495055398062,-0.00229196980484846,0.008533680101714557
0.3C DC vs 0.3C+0.7C 10tau,0.65,502.76851351447203,96.81162725322338,405.95688626124866,96.48475707141188,406.28375644306016,ok,1.0203091682209862,2.3797853566331515,0.0014338283161432,0.0014295677023914908,-2971.495055398062,-0.00229196980484846,0.008533680101714557
0.3C DC vs 0.3C+0.7C 10tau,0.66,119.52020202693757,119.92600394262718,-0.405801915689608,119.55434814828459,-0.03414612134702111,ok,1.0203091682209862,2.3797853566331515,0.0014338283161432,0.0014295677023914908,-2971.495055398062,-0.00229196980484846,0.008533680101714557
0.3C DC vs 0.3C+0.7C 10tau,0.67,143.1261735592052,143.5800473199747,-0.4538737607695111,143.17434256374645,-0.048169004541250615,ok,1.0203091682209862,2.3797853566331515,0.0014338283161432,0.0014295677023914908,-2971.495055398062,-0.00229196980484846,0.008533680101714557
0.3C DC vs 0.3C+0.7C 10tau,0.68,167.14288136988716,167.6310168590794,-0.4881354891922456,167.19894738980884,-0.056066019921672705,ok,1.0203091682209862,2.3797853566331515,0.0014338283161432,0.0014295677023914908,-2971.495055398062,-0.00229196980484846,0.008533680101714557
0.3C DC vs 0.3C+0.7C 10tau,0.6900000000000001,191.45530914987148,191.96862848500817,-0.5133193351366572,191.5174644793833,-0.062155329511824675,ok,1.0203091682209862,2.3797853566331515,0.0014338283161432,0.0014295677023914908,-2971.495055398062,-0.00229196980484846,0.008533680101714557
0.3C DC vs 0.3C+0.7C 10tau,0.7000000000000001,215.9736580425497,216.50283902133424,-0.5291809787845523,216.03886478511595,-0.0652067425662608,ok,1.0203091682209862,2.3797853566331515,0.0014338283161432,0.0014295677023914908,-2971.495055398062,-0.00229196980484846,0.008533680101714557
0.3C DC vs 0.3C+0.7C 10tau,0.7100000000000001,240.62000315659043,241.1560270680743,-0.5360239114838805,240.68497705249501,-0.06497389590458624,ok,1.0203091682209862,2.3797853566331515,0.0014338283161432,0.0014295677023914908,-2971.495055398062,-0.00229196980484846,0.008533680101714557
0.3C DC vs 0.3C+0.7C 10tau,0.7200000000000001,265.32181717927597,265.8575323136911,-0.5357151344151134,265.38523487880275,-0.06341769952678078,ok,1.0203091682209862,2.3797853566331515,0.0014338283161432,0.0014295677023914908,-2971.495055398062,-0.00229196980484846,0.008533680101714557
0.3C DC vs 0.3C+0.7C 10tau,0.7300000000000001,290.0131911815997,290.5393275304946,-0.5261363488948518,290.07196848417243,-0.05877730257270741,ok,1.0203091682209862,2.3797853566331515,0.0014338283161432,0.0014295677023914908,-2971.495055398062,-0.00229196980484846,0.008533680101714557
0.3C DC vs 0.3C+0.7C 10tau,0.7400000000000001,314.6249395203695,315.13228287126367,-0.5073433508941889,314.6768397239066,-0.051900203537115885,ok,1.0203091682209862,2.3797853566331515,0.0014338283161432,0.0014295677023914908,-2971.495055398062,-0.00229196980484846,0.008533680101714557
0.3C DC vs 0.3C+0.7C 10tau,0.7500000000000001,339.08364398920276,339.5621824564696,-0.4785384672668442,339.12684405404116,-0.043200064838401886,ok,1.0203091682209862,2.3797853566331515,0.0014338283161432,0.0014295677023914908,-2971.495055398062,-0.00229196980484846,0.008533680101714557
0.3C DC vs 0.3C+0.7C 10tau,0.76,363.3086172585449,363.745125550623,-0.4365082920780878,363.33943126489385,-0.030814006348919065,ok,1.0203091682209862,2.3797853566331515,0.0014338283161432,0.0014295677023914908,-2971.495055398062,-0.00229196980484846,0.008533680101714557
0.3C DC vs 0.3C+0.7C 10tau,0.77,387.2014420785481,387.5802401183459,-0.3787980397978572,387.2167371069945,-0.015295028446416836,ok,1.0203091682209862,2.3797853566331515,0.0014338283161432,0.0014295677023914908,-2971.495055398062,-0.00229196980484846,0.008533680101714557
0.3C DC vs 0.3C+0.7C 10tau,0.78,410.63898301226845,410.94060313743967,-0.3016201251712118,410.63586964516526,0.0031133671031966514,ok,1.0203091682209862,2.3797853566331515,0.0014338283161432,0.0014295677023914908,-2971.495055398062,-0.00229196980484846,0.008533680101714557
0.3C DC vs 0.3C+0.7C 10tau,0.79,433.4622685777508,433.6555580121194,-0.1932894343685802,433.43383575608686,0.02843282166395511,ok,1.0203091682209862,2.3797853566331515,0.0014338283161432,0.0014295677023914908,-2971.495055398062,-0.00229196980484846,0.008533680101714557
0.3C DC vs 0.3C+0.7C 10tau,0.8,455.43806437622607,455.481021995603,-0.0429576193769207,455.37652456704245,0.061539809183614125,ok,1.0203091682209862,2.3797853566331515,0.0014338283161432,0.0014295677023914908,-2971.495055398062,-0.00229196980484846,0.008533680101714557
0.3C DC vs 0.3C+0.7C 10tau,0.81,476.21742116805535,476.037768545119,0.1796526229363735,476.1091268489731,0.10829431908223341,ok,1.0203091682209862,2.3797853566331515,0.0014338283161432,0.0014295677023914908,-2971.495055398062,-0.00229196980484846,0.008533680101714557
0.3C DC vs 0.3C+0.7C 10tau,0.8200000000000001,495.19539071837926,494.6603295099585,0.5350612084207569,495.0168890986747,0.17850161970454792,ok,1.0203091682209862,2.3797853566331515,0.0014338283161432,0.0014295677023914908,-2971.495055398062,-0.00229196980484846,0.008533680101714557
0.3C DC vs 0.3C+0.7C 10tau,0.8300000000000001,511.15791960815113,509.9604855005473,1.19743410760384,510.8556278377764,0.30229177037472255,ok,1.0203091682209862,2.3797853566331515,0.0014338283161432,0.0014295677023914908,-2971.495055398062,-0.00229196980484846,0.008533680101714557
0.3C DC vs 0.3C+0.7C 10tau,0.8400000000000001,520.6881171464647,517.6653051884005,3.022811958064267,520.0717715657506,0.6163455807140963,ok,1.0203091682209862,2.3797853566331515,0.0014338283161432,0.0014295677023914908,-2971.495055398062,-0.00229196980484846,0.008533680101714557
0.3C DC vs 0.3C+0.7C 10tau,0.8500000000000001,100.69841256730615,102.28598224895995,-1.587569681653804,100.67483132578127,0.02358124152488017,ok,1.0203091682209862,2.3797853566331515,0.0014338283161432,0.0014295677023914908,-2971.495055398062,-0.00229196980484846,0.008533680101714557
0.3C DC vs 0.3C+0.7C 10tau,0.8600000000000001,123.86509320530013,125.5449903421786,-1.6798971368784803,123.8529372569842,0.012155948315921705,ok,1.0203091682209862,2.3797853566331515,0.0014338283161432,0.0014295677023914908,-2971.495055398062,-0.00229196980484846,0.008533680101714557
0.3C DC vs 0.3C+0.7C 10tau,0.8700000000000001,147.5567871090543,149.3058948320936,-1.7491077230392875,147.5525360563979,0.004251052656400134,ok,1.0203091682209862,2.3797853566331515,0.0014338283161432,0.0014295677023914908,-2971.495055398062,-0.00229196980484846,0.008533680101714557
0.3C DC vs 0.3C+0.7C 10tau,0.8800000000000001,171.63516820840005,173.43454240578058,-1.79937419738053,171.63600025191909,-0.0008320435190398712,ok,1.0203091682209862,2.3797853566331515,0.0014338283161432,0.0014295677023914908,-2971.495055398062,-0.00229196980484846,0.008533680101714557
0.3C DC vs 0.3C+0.7C 10tau,0.89,195.9923292820904,197.82686576828428,-1.834536486193883,195.99588948289238,-0.0035602008019850473,ok,1.0203091682209862,2.3797853566331515,0.0014338283161432,0.0014295677023914908,-2971.495055398062,-0.00229196980484846,0.008533680101714557
0.3C DC vs 0.3C+0.7C 10tau,0.9,220.53999367235974,222.3962876352757,-1.85629396291597,220.54420305632448,-0.004209383964735025,ok,1.0203091682209862,2.3797853566331515,0.0014338283161432,0.0014295677023914908,-2971.495055398062,-0.00229196980484846,0.008533680101714557
0.3C DC vs 0.3C+0.7C 10tau,0.91,245.20225781223144,247.0673146390236,-1.86505682679217,245.204747053745,-0.002489241513558227,ok,1.0203091682209862,2.3797853566331515,0.0014338283161432,0.0014295677023914908,-2971.495055398062,-0.00229196980484846,0.008533680101714557
0.3C DC vs 0.3C+0.7C 10tau,0.92,269.9075974454586,271.7702502450661,-1.862652799607531,269.90749181797673,0.00010562748184383963,ok,1.0203091682209862,2.3797853566331515,0.0014338283161432,0.0014295677023914908,-2971.495055398062,-0.00229196980484846,0.008533680101714557
0.3C DC vs 0.3C+0.7C 10tau,0.93,294.58947164179926,296.43721218888913,-1.8477405470898705,294.5850398616776,0.0044317801216493535,ok,1.0203091682209862,2.3797853566331515,0.0014338283161432,0.0014295677023914908,-2971.495055398062,-0.00229196980484846,0.008533680101714557
0.3C DC vs 0.3C+0.7C 10tau,0.94,319.1788537124994,320.9981885278107,-1.8193348153108673,319.1682405365914,0.010613175908019912,ok,1.0203091682209862,2.3797853566331515,0.0014338283161432,0.0014295677023914908,-2971.495055398062,-0.00229196980484846,0.008533680101714557
0.3C DC vs 0.3C+0.7C 10tau,0.95,343.60044203187726,345.3771104819989,-1.7766684501211785,343.58299539554446,0.01744663633280652,ok,1.0203091682209862,2.3797853566331515,0.0014338283161432,0.0014295677023914908,-2971.495055398062,-0.00229196980484846,0.008533680101714557
0.3C DC vs 0.3C+0.7C 10tau,0.96,367.77150109943886,369.48690235568256,-1.7154012562436949,367.7447780252369,0.026723074201981944,ok,1.0203091682209862,2.3797853566331515,0.0014338283161432,0.0014295677023914908,-2971.495055398062,-0.00229196980484846,0.008533680101714557
0.3C DC vs 0.3C+0.7C 10tau,0.97,391.59023632925937,393.22094397477895,-1.6307076455191236,391.5520974838655,0.03813884539385981,ok,1.0203091682209862,2.3797853566331515,0.0014338283161432,0.0014295677023914908,-2971.495055398062,-0.00229196980484846,0.008533680101714557
0.3C DC vs 0.3C+0.7C 10tau,0.98,414.9281518449902,416.4443822148337,-1.516230369843015,414.8761065910585,0.052045253931737534,ok,1.0203091682209862,2.3797853566331515,0.0014338283161432,0.0014295677023914908,-2971.495055398062,-0.00229196980484846,0.008533680101714557
0.3C DC vs 0.3C+0.7C 10tau,0.99,437.61564506502873,438.9724024741435,-1.3567574091143797,437.5436397850008,0.07200528002795181,ok,1.0203091682209862,2.3797853566331515,0.0014338283161432,0.0014295677023914908,-2971.495055398062,-0.00229196980484846,0.008533680101714557
0.3C DC vs 0.3C+0.7C 10tau,1.0,459.4009702766398,460.5363072349592,-1.1353369583193853,459.3060661849627,0.09490409167710823,ok,1.0203091682209862,2.3797853566331515,0.0014338283161432,0.0014295677023914908,-2971.495055398062,-0.00229196980484846,0.008533680101714557
0.3C DC vs 0.3C+0.7C 10tau,1.01,479.90261168849884,480.7059229156139,-0.8033112271150458,479.77499672519525,0.12761496330358568,ok,1.0203091682209862,2.3797853566331515,0.0014338283161432,0.0014295677023914908,-2971.495055398062,-0.00229196980484846,0.008533680101714557
0.3C DC vs 0.3C+0.7C 10tau,1.02,498.44481185017,498.7062349781836,-0.2614231280135755,498.266809030647,0.1780028195230443,ok,1.0203091682209862,2.3797853566331515,0.0014338283161432,0.0014295677023914908,-2971.495055398062,-0.00229196980484846,0.008533680101714557
0.3C DC vs 0.3C+0.7C 10tau,1.03,513.601859555753,512.8051293145631,0.7967302411898345,513.3330034777723,0.2688560779806721,ok,1.0203091682209862,2.3797853566331515,0.0014338283161432,0.0014295677023914908,-2971.495055398062,-0.00229196980484846,0.008533680101714557
0.3C DC vs 0.3C+0.7C 10tau,1.04,520.9301748550683,516.6334267654524,4.296748089615903,520.3974845972616,0.5326902578067347,ok,1.0203091682209862,2.3797853566331515,0.0014338283161432,0.0014295677023914908,-2971.495055398062,-0.00229196980484846,0.008533680101714557
0.3C DC vs 0.3C+0.7C 10tau,1.05,104.95094156710411,107.79974902772165,-2.848807460617536,104.88584919955701,0.06509236754709491,ok,1.0203091682209862,2.3797853566331515,0.0014338283161432,0.0014295677023914908,-2971.495055398062,-0.00229196980484846,0.008533680101714557
0.3C DC vs 0.3C+0.7C 10tau,1.06,128.22738643656385,131.19300145965053,-2.965615023086684,128.16682976568973,0.060556670874120755,ok,1.0203091682209862,2.3797853566331515,0.0014338283161432,0.0014295677023914908,-2971.495055398062,-0.00229196980484846,0.008533680101714557
0.3C DC vs 0.3C+0.7C 10tau,1.07,151.99898167338233,155.05264771977727,-3.0536660463949374,151.942391041438,0.05659063194434566,ok,1.0203091682209862,2.3797853566331515,0.0014338283161432,0.0014295677023914908,-2971.495055398062,-0.00229196980484846,0.008533680101714557
0.3C DC vs 0.3C+0.7C 10tau,1.08,176.13642417658457,179.25309287342589,-3.116668696841316,176.0809821084281,0.05544206815648067,ok,1.0203091682209862,2.3797853566331515,0.0014338283161432,0.0014295677023914908,-2971.495055398062,-0.00229196980484846,0.008533680101714557
0.3C DC vs 0.3C+0.7C 10tau,1.09,200.53533478161444,203.69520625011543,-3.1598714685010236,200.47979681293555,0.05553796867889105,ok,1.0203091682209862,2.3797853566331515,0.0014338283161432,0.0014295677023914908,-2971.495055398062,-0.00229196980484846,0.008533680101714557
0.3C DC vs 0.3C+0.7C 10tau,1.1,225.10944473779955,228.29553095349272,-3.1860862156931944,225.05304422303743,0.05640051476211738,ok,1.0203091682209862,2.3797853566331515,0.0014338283161432,0.0014295677023914908,-2971.495055398062,-0.00229196980484846,0.008533680101714557
0.3C DC vs 0.3C+0.7C 10tau,1.11,249.78491421757553,252.9804181778445,-3.195503960268979,249.7257978787352,0.05911633884034018,ok,1.0203091682209862,2.3797853566331515,0.0014338283161432,0.0014295677023914908,-2971.495055398062,-0.00229196980484846,0.008533680101714557
0.3C DC vs 0.3C+0.7C 10tau,1.12,274.49129683995125,277.6809133715128,-3.189616531561569,274.42900183961956,0.062295000331687334,ok,1.0203091682209862,2.3797853566331515,0.0014338283161432,0.0014295677023914908,-2971.495055398062,-0.00229196980484846,0.008533680101714557
0.3C DC vs 0.3C+0.7C 10tau,1.13,299.1606750173228,302.3290522775087,-3.16837726018548,299.0950904015158,0.06558461580698349,ok,1.0203091682209862,2.3797853566331515,0.0014338283161432,0.0014295677023914908,-2971.495055398062,-0.00229196980484846,0.008533680101714557
0.3C DC vs 0.3C+0.7C 10tau,1.14,323.7247194855304,326.8537227511324,-3.1290032656015683,323.65465782272713,0.07006166280325488,ok,1.0203091682209862,2.3797853566331515,0.0014338283161432,0.0014295677023914908,-2971.495055398062,-0.00229196980484846,0.008533680101714557
0.3C DC vs 0.3C+0.7C 10tau,1.15,348.1067803474143,351.1767121999296,-3.069931852514401,348.03187474653714,0.07490560087717313,ok,1.0203091682209862,2.3797853566331515,0.0014338283161432,0.0014295677023914908,-2971.495055398062,-0.00229196980484846,0.008533680101714557
0.3C DC vs 0.3C+0.7C 10tau,1.16,372.2206174751618,375.2070852243269,-2.9864677491641487,372.1395504360903,0.08106703907151314,ok,1.0203091682209862,2.3797853566331515,0.0014338283161432,0.0014295677023914908,-2971.495055398062,-0.00229196980484846,0.008533680101714557
0.3C DC vs 0.3C+0.7C 10tau,1.1700000000000002,395.96203143791354,398.8328252518695,-2.87079381395597,395.87262139232143,0.08941004559210342,ok,1.0203091682209862,2.3797853566331515,0.0014338283161432,0.0014295677023914908,-2971.495055398062,-0.00229196980484846,0.008533680101714557
0.3C DC vs 0.3C+0.7C 10tau,1.1800000000000002,419.1932877774384,421.9094129070008,-2.7161251295624425,419.0962194193562,0.09706835808219694,ok,1.0203091682209862,2.3797853566331515,0.0014338283161432,0.0014295677023914908,-2971.495055398062,-0.00229196980484846,0.008533680101714557
0.3C DC vs 0.3C+0.7C 10tau,1.1900000000000002,441.7348394298897,444.2353325175336,-2.5004930876439175,441.62646089576947,0.10837853412022014,ok,1.0203091682209862,2.3797853566331515,0.0014338283161432,0.0014295677023914908,-2971.495055398062,-0.00229196980484846,0.008533680101714557
0.3C DC vs 0.3C+0.7C 10tau,1.2000000000000002,463.31794116386254,465.5129364574136,-2.1949952935510737,463.1968254892231,0.12111567463944084,ok,1.0203091682209862,2.3797853566331515,0.0014338283161432,0.0014295677023914908,-2971.495055398062,-0.00229196980484846,0.008533680101714557
0.3C DC vs 0.3C+0.7C 10tau,1.21,483.5212980409724,485.2534606410113,-1.7321626000389188,483.3818585179947,0.13943952297768192,ok,1.0203091682209862,2.3797853566331515,0.0014338283161432,0.0014295677023914908,-2971.495055398062,-0.00229196980484846,0.008533680101714557
0.3C DC vs 0.3C+0.7C 10tau,1.22,501.5836177323754,502.54106611428824,-0.9574483819128544,501.41601609696954,0.16760163540584472,ok,1.0203091682209862,2.3797853566331515,0.0014338283161432,0.0014295677023914908,-2971.495055398062,-0.00229196980484846,0.008533680101714557
0.3C DC vs 0.3C+0.7C 10tau,1.23,515.8150333926119,515.1626373917984,0.6523960008134964,515.598290553864,0.2167428387479049,ok,1.0203091682209862,2.3797853566331515,0.0014338283161432,0.0014295677023914908,-2971.495055398062,-0.00229196980484846,0.008533680101714557
0.3C DC vs 0.3C+0.7C 10tau,1.24,520.1724831033903,512.2364535475831,7.936029555807181,519.792144040503,0.3803390628872876,ok,1.0203091682209862,2.3797853566331515,0.0014338283161432,0.0014295677023914908,-2971.495055398062,-0.00229196980484846,0.008533680101714557
0.3C DC vs 0.3C+0.7C 10tau,1.25,109.37020535082866,113.34923058800176,-3.9790252371731185,109.11712081904716,0.2530845317814965,ok,1.0203091682209862,2.3797853566331515,0.0014338283161432,0.0014295677023914908,-2971.495055398062,-0.00229196980484846,0.008533680101714557
0.3C DC vs 0.3C+0.7C 10tau,1.26,132.74790069529809,136.8675246112443,-4.119623915946249,132.4957097388451,0.25219095645297784,ok,1.0203091682209862,2.3797853566331515,0.0014338283161432,0.0014295677023914908,-2971.495055398062,-0.00229196980484846,0.008533680101714557
0.3C DC vs 0.3C+0.7C 10tau,1.27,156.59547983306948,160.81872324910546,-4.223243416035984,156.34322736806917,0.2522524650003106,ok,1.0203091682209862,2.3797853566331515,0.0014338283161432,0.0014295677023914908,-2971.495055398062,-0.00229196980484846,0.008533680101714557
0.3C DC vs 0.3C+0.7C 10tau,1.28,180.78713476678695,185.08536248743897,-4.298227720651994,180.5341393452245,0.2529954215624457,ok,1.0203091682209862,2.3797853566331515,0.0014338283161432,0.0014295677023914908,-2971.495055398062,-0.00229196980484846,0.008533680101714557
0.3C DC vs 0.3C+0.7C 10tau,1.29,205.22458346292842,209.5725607611248,-4.347977298196383,204.96905548401446,0.2555279789139604,ok,1.0203091682209862,2.3797853566331515,0.0014338283161432,0.0014295677023914908,-2971.495055398062,-0.00229196980484846,0.008533680101714557
0.3C DC vs 0.3C+0.7C 10tau,1.3,229.82211781717524,234.1996097482679,-4.377491931092663,229.56474941310807,0.2573684040671651,ok,1.0203091682209862,2.3797853566331515,0.0014338283161432,0.0014295677023914908,-2971.495055398062,-0.00229196980484846,0.008533680101714557
0.3C DC vs 0.3C+0.7C 10tau,1.31,254.5076312835281,258.8944087665368,-4.3867774830087,254.24779821026823,0.2598330732598697,ok,1.0203091682209862,2.3797853566331515,0.0014338283161432,0.0014295677023914908,-2971.495055398062,-0.00229196980484846,0.008533680101714557
0.3C DC vs 0.3C+0.7C 10tau,1.32,279.2124744612802,283.58858499350845,-4.376110532228267,278.94939498127496,0.2630794800052172,ok,1.0203091682209862,2.3797853566331515,0.0014338283161432,0.0014295677023914908,-2971.495055398062,-0.00229196980484846,0.008533680101714557
0.3C DC vs 0.3C+0.7C 10tau,1.33,303.86801729459876,308.21380664305707,-4.345789348458311,303.60202968948397,0.2659876051147876,ok,1.0203091682209862,2.3797853566331515,0.0014338283161432,0.0014295677023914908,-2971.495055398062,-0.00229196980484846,0.008533680101714557
0.3C DC vs 0.3C+0.7C 10tau,1.34,328.4050520833416,332.697829296334,-4.292777212992405,328.13530000967785,0.2697520736637671,ok,1.0203091682209862,2.3797853566331515,0.0014338283161432,0.0014295677023914908,-2971.495055398062,-0.00229196980484846,0.008533680101714557
0.3C DC vs 0.3C+0.7C 10tau,1.35,352.74624291983037,356.95968422433816,-4.213441304507796,352.4720731586085,0.2741697612218559,ok,1.0203091682209862,2.3797853566331515,0.0014338283161432,0.0014295677023914908,-2971.495055398062,-0.00229196980484846,0.008533680101714557
0.3C DC vs 0.3C+0.7C 10tau,1.36,376.80156678410185,380.90408060835216,-4.102513824250309,376.5228564252402,0.27871035886164464,ok,1.0203091682209862,2.3797853566331515,0.0014338283161432,0.0014295677023914908,-2971.495055398062,-0.00229196980484846,0.008533680101714557
0.3C DC vs 0.3C+0.7C 10tau,1.37,400.4613263603569,404.4133518187336,-3.9520254583767382,400.1777291456665,0.2835972146904169,ok,1.0203091682209862,2.3797853566331515,0.0014338283161432,0.0014295677023914908,-2971.495055398062,-0.00229196980484846,0.008533680101714557
0.3C DC vs 0.3C+0.7C 10tau,1.38,423.58387479295834,427.330725324121,-3.7468505311617264,423.2952855614503,0.28858923150801274,ok,1.0203091682209862,2.3797853566331515,0.0014338283161432,0.0014295677023914908,-2971.495055398062,-0.00229196980484846,0.008533680101714557
0.3C DC vs 0.3C+0.7C 10tau,1.39,445.9750946377544,449.4379723708853,-3.4628777331299716,445.68057790102284,0.2945167367315662,ok,1.0203091682209862,2.3797853566331515,0.0014338283161432,0.0014295677023914908,-2971.495055398062,-0.00229196980484846,0.008533680101714557
0.3C DC vs 0.3C+0.7C 10tau,1.4,467.3474004367072,470.4028858563688,-3.0554854196607266,467.0460286214029,0.3013718153042646,ok,1.0203091682209862,2.3797853566331515,0.0014338283161432,0.0014295677023914908,-2971.495055398062,-0.00229196980484846,0.008533680101714557
0.3C DC vs 0.3C+0.7C 10tau,1.41,487.23568099227487,489.6660094384106,-2.430328446135718,486.92606916617024,0.30961182610462856,ok,1.0203091682209862,2.3797853566331515,0.0014338283161432,0.0014295677023914908,-2971.495055398062,-0.00229196980484846,0.008533680101714557
0.3C DC vs 0.3C+0.7C 10tau,1.4200000000000002,504.77561482185774,506.1279000217655,-1.352285199907783,504.4552083448798,0.32040647697795066,ok,1.0203091682209862,2.3797853566331515,0.0014338283161432,0.0014295677023914908,-2971.495055398062,-0.00229196980484846,0.008533680101714557
0.3C DC vs 0.3C+0.7C 10tau,1.4300000000000002,517.9487847236151,516.8699410208928,1.0788437027222244,517.6112027949239,0.3375819286911792,ok,1.0203091682209862,2.3797853566331515,0.0014338283161432,0.0014295677023914908,-2971.495055398062,-0.00229196980484846,0.008533680101714557
0.3C DC vs 0.3C+0.7C 10tau,1.4400000000000002,518.009027918758,95.8443497556209,422.164678163137,517.6185161398071,0.39051177895089495,ok,1.0203091682209862,2.3797853566331515,0.0014338283161432,0.0014295677023914908,-2971.495055398062,-0.00229196980484846,0.008533680101714557
0.3C DC vs 0.3C+0.7C 10tau,1.4500000000000002,113.67401236658316,118.93178725619418,-5.257774889611028,113.36823704339258,0.30577532319057354,ok,1.0203091682209862,2.3797853566331515,0.0014338283161432,0.0014295677023914908,-2971.495055398062,-0.00229196980484846,0.008533680101714557
0.3C DC vs 0.3C+0.7C 10tau,1.46,137.1497761332712,142.56648918776318,-5.416713054491993,136.83904971994434,0.31072641332684725,ok,1.0203091682209862,2.3797853566331515,0.0014338283161432,0.0014295677023914908,-2971.495055398062,-0.00229196980484846,0.008533680101714557
0.3C DC vs 0.3C+0.7C 10tau,1.47,161.06912884153917,166.60280676159618,-5.533677920057016,160.75438614176437,0.3147426997747971,ok,1.0203091682209862,2.3797853566331515,0.0014338283161432,0.0014295677023914908,-2971.495055398062,-0.00229196980484846,0.008533680101714557
0.3C DC vs 0.3C+0.7C 10tau,1.48,185.3127697029213,190.9302654767298,-5.617495773808514,184.994442296359,0.31832740656227543,ok,1.0203091682209862,2.3797853566331515,0.0014338283161432,0.0014295677023914908,-2971.495055398062,-0.00229196980484846,0.008533680101714557
0.3C DC vs 0.3C+0.7C 10tau,1.49,209.78537877107647,215.45791496251695,-5.672536191440486,209.46318691396027,0.322191857116195,ok,1.0203091682209862,2.3797853566331515,0.0014338283161432,0.0014295677023914908,-2971.495055398062,-0.00229196980484846,0.008533680101714557
0.3C DC vs 0.3C+0.7C 10tau,1.5,234.4045524702151,240.1075399123956,-5.702987442180529,234.07925813962083,0.3252943305942608,ok,1.0203091682209862,2.3797853566331515,0.0014338283161432,0.0014295677023914908,-2971.495055398062,-0.00229196980484846,0.008533680101714557
0.3C DC vs 0.3C+0.7C 10tau,1.51,259.09840468852053,264.8083669188127,-5.709962230292149,258.7703376337504,0.32806705477014475,ok,1.0203091682209862,2.3797853566331515,0.0014338283161432,0.0014295677023914908,-2971.495055398062,-0.00229196980484846,0.008533680101714557
0.3C DC vs 0.3C+0.7C 10tau,1.52,283.79974801267053,289.49231895793673,-5.692570945266198,283.46826862932085,0.33147938334968785,ok,1.0203091682209862,2.3797853566331515,0.0014338283161432,0.0014295677023914908,-2971.495055398062,-0.00229196980484846,0.008533680101714557
0.3C DC vs 0.3C+0.7C 10tau,1.53,308.4388891341414,314.0905346715999,-5.651645537458535,308.1053128675885,0.33357626655288186,ok,1.0203091682209862,2.3797853566331515,0.0014338283161432,0.0014295677023914908,-2971.495055398062,-0.00229196980484846,0.008533680101714557
0.3C DC vs 0.3C+0.7C 10tau,1.54,332.9458515425449,338.52914798031907,-5.583296437774152,332.6103256668657,0.33552587567919545,ok,1.0203091682209862,2.3797853566331515,0.0014338283161432,0.0014295677023914908,-2971.495055398062,-0.00229196980484846,0.008533680101714557
0.3C DC vs 0.3C+0.7C 10tau,1.55,357.2418412243478,362.72435750191744,-5.48251627756963,356.9041576518812,0.3376835724666307,ok,1.0203091682209862,2.3797853566331515,0.0014338283161432,0.0014295677023914908,-2971.495055398062,-0.00229196980484846,0.008533680101714557
0.3C DC vs 0.3C+0.7C 10tau,1.56,381.23231809642675,386.5764977318813,-5.344179635454566,380.89417805441644,0.3381400420103091,ok,1.0203091682209862,2.3797853566331515,0.0014338283161432,0.0014295677023914908,-2971.495055398062,-0.00229196980484846,0.008533680101714557
0.3C DC vs 0.3C+0.7C 10tau,1.57,404.8050433909575,409.959994545733,-5.154951154775517,404.46715190527084,0.3378914856866686,ok,1.0203091682209862,2.3797853566331515,0.0014338283161432,0.0014295677023914908,-2971.495055398062,-0.00229196980484846,0.008533680101714557
0.3C DC vs 0.3C+0.7C 10tau,1.58,427.80990511680466,432.7071287460276,-4.897223629222935,427.472547535328,0.33735758147668093,ok,1.0203091682209862,2.3797853566331515,0.0014338283161432,0.0014295677023914908,-2971.495055398062,-0.00229196980484846,0.008533680101714557
0.3C DC vs 0.3C+0.7C 10tau,1.59,450.0391181690529,454.5763234430369,-4.537205273984,449.70412192289496,0.33499624615797075,ok,1.0203091682209862,2.3797853566331515,0.0014338283161432,0.0014295677023914908,-2971.495055398062,-0.00229196980484846,0.008533680101714557
0.3C DC vs 0.3C+0.7C 10tau,1.6,471.1802190316639,475.19735536068765,-4.017136329023742,470.8509614946606,0.3292575370032864,ok,1.0203091682209862,2.3797853566331515,0.0014338283161432,0.0014295677023914908,-2971.495055398062,-0.00229196980484846,0.008533680101714557
0.3C DC vs 0.3C+0.7C 10tau,1.61,490.717523679702,493.92290043992944,-3.2053767602274092,490.40029422940916,0.31722945029287075,ok,1.0203091682209862,2.3797853566331515,0.0014338283161432,0.0014295677023914908,-2971.495055398062,-0.00229196980484846,0.008533680101714557
0.3C DC vs 0.3C+0.7C 10tau,1.62,507.66442001901396,509.4133088580047,-1.7488888389907515,507.36992863250634,0.29449138650761597,ok,1.0203091682209862,2.3797853566331515,0.0014338283161432,0.0014295677023914908,-2971.495055398062,-0.00229196980484846,0.008533680101714557
0.3C DC vs 0.3C+0.7C 10tau,1.63,519.5530602228091,517.6552585807049,1.8978016421033317,519.3170377925962,0.23602243021286995,ok,1.0203091682209862,2.3797853566331515,0.0014338283161432,0.0014295677023914908,-2971.495055398062,-0.00229196980484846,0.008533680101714557
0.3C DC vs 0.3C+0.7C 10tau,1.64,511.5265096378844,101.31195200154434,410.2145576363382,511.8422590344944,-0.31574939661004464,ok,1.0203091682209862,2.3797853566331515,0.0014338283161432,0.0014295677023914908,-2971.495055398062,-0.00229196980484846,0.008533680101714557
0.3C DC vs 0.3C+0.7C 10tau,1.65,117.99922791820518,124.54615192171786,-6.546924003511776,117.63697878007679,0.36224913812839077,ok,1.0203091682209862,2.3797853566331515,0.0014338283161432,0.0014295677023914908,-2971.495055398062,-0.00229196980484846,0.008533680101714557
0.3C DC vs 0.3C+0.7C 10tau,1.66,141.56726536512542,148.28828740473728,-6.721022039611853,141.19535128351436,0.37191408161106665,ok,1.0203091682209862,2.3797853566331515,0.0014338283161432,0.0014295677023914908,-2971.495055398062,-0.00229196980484846,0.008533680101714557
0.3C DC vs 0.3C+0.7C 10tau,1.6700000000000002,165.5558242691077,172.40350937066523,-6.847685101557545,165.17544042802547,0.3803838410822209,ok,1.0203091682209862,2.3797853566331515,0.0014338283161432,0.0014295677023914908,-2971.495055398062,-0.00229196980484846,0.008533680101714557
0.3C DC vs 0.3C+0.7C 10tau,1.6800000000000002,189.8482497361274,196.78659216470805,-6.938342428580654,189.46181588033414,0.38643385579325695,ok,1.0203091682209862,2.3797853566331515,0.0014338283161432,0.0014295677023914908,-2971.495055398062,-0.00229196980484846,0.008533680101714557
0.3C DC vs 0.3C+0.7C 10tau,1.6900000000000002,214.35389024909728,221.3502347014191,-6.996344452321864,213.9616583361294,0.39223191296787263,ok,1.0203091682209862,2.3797853566331515,0.0014338283161432,0.0014295677023914908,-2971.495055398062,-0.00229196980484846,0.008533680101714557
0.3C DC vs 0.3C+0.7C 10tau,1.7000000000000002,238.99280276708214,246.01839139809908,-7.025588631016944,238.59596351583696,0.3968392512451828,ok,1.0203091682209862,2.3797853566331515,0.0014338283161432,0.0014295677023914908,-2971.495055398062,-0.00229196980484846,0.008533680101714557
0.3C DC vs 0.3C+0.7C 10tau,1.7100000000000002,263.69328240583764,270.7213607340882,-7.028078328250558,263.29309549210393,0.4001869137337053,ok,1.0203091682209862,2.3797853566331515,0.0014338283161432,0.0014295677023914908,-2971.495055398062,-0.00229196980484846,0.008533680101714557
0.3C DC vs 0.3C+0.7C 10tau,1.72,288.3885831139878,295.3911578135121,-7.002574699524303,287.98536939736096,0.40321371662685124,ok,1.0203091682209862,2.3797853566331515,0.0014338283161432,0.0014295677023914908,-2971.495055398062,-0.00229196980484846,0.008533680101714557
0.3C DC vs 0.3C+0.7C 10tau,1.73,313.0096207454153,319.958150837635,-6.948530092219698,312.60454380807005,0.40507693734525674,ok,1.0203091682209862,2.3797853566331515,0.0014338283161432,0.0014295677023914908,-2971.495055398062,-0.00229196980484846,0.008533680101714557
0.3C DC vs 0.3C+0.7C 10tau,1.74,337.48384874335807,344.346586748813,-6.862738005454958,337.07855595572255,0.405292787635517,ok,1.0203091682209862,2.3797853566331515,0.0014338283161432,0.0014295677023914908,-2971.495055398062,-0.00229196980484846,0.008533680101714557
0.3C DC vs 0.3C+0.7C 10tau,1.75,361.7311063202642,368.4695036398234,-6.738397319559226,361.32648852160037,0.4046177986638213,ok,1.0203091682209862,2.3797853566331515,0.0014338283161432,0.0014295677023914908,-2971.495055398062,-0.00229196980484846,0.008533680101714557
0.3C DC vs 0.3C+0.7C 10tau,1.76,385.6545355481903,392.2224271602181,-6.567891612027779,385.25300457906906,0.40153096912126784,ok,1.0203091682209862,2.3797853566331515,0.0014338283161432,0.0014295677023914908,-2971.495055398062,-0.00229196980484846,0.008533680101714557
0.3C DC vs 0.3C+0.7C 10tau,1.77,409.13463654535644,415.4709895713195,-6.336353025963035,408.73855530085257,0.3960812445038755,ok,1.0203091682209862,2.3797853566331515,0.0014338283161432,0.0014295677023914908,-2971.495055398062,-0.00229196980484846,0.008533680101714557
0.3C DC vs 0.3C+0.7C 10tau,1.78,432.01482330220097,438.0328965239923,-6.018073221791383,431.6268640431108,0.3879592590901666,ok,1.0203091682209862,2.3797853566331515,0.0014338283161432,0.0014295677023914908,-2971.495055398062,-0.00229196980484846,0.008533680101714557
0.3C DC vs 0.3C+0.7C 10tau,1.79,454.06966203386855,459.6445154298299,-5.574853395961327,453.69517229996563,0.3744897339029194,ok,1.0203091682209862,2.3797853566331515,0.0014338283161432,0.0014295677023914908,-2971.495055398062,-0.00229196980484846,0.008533680101714557
0.3C DC vs 0.3C+0.7C 10tau,1.8,474.963283439055,479.8857381814532,-4.9224547423982585,474.60833344367893,0.354949995376046,ok,1.0203091682209862,2.3797853566331515,0.0014338283161432,0.0014295677023914908,-2971.495055398062,-0.00229196980484846,0.008533680101714557
0.3C DC vs 0.3C+0.7C 10tau,1.81,494.11903508854266,498.0028676362581,-3.883832547715429,493.7989765565244,0.3200585320182654,ok,1.0203091682209862,2.3797853566331515,0.0014338283161432,0.0014295677023914908,-2971.495055398062,-0.00229196980484846,0.008533680101714557
0.3C DC vs 0.3C+0.7C 10tau,1.82,510.3988364131883,512.3322035291867,-1.933367115998408,510.14358080104375,0.25525561214453774,ok,1.0203091682209862,2.3797853566331515,0.0014338283161432,0.0014295677023914908,-2971.495055398062,-0.00229196980484846,0.008533680101714557
0.3C DC vs 0.3C+0.7C 10tau,1.83,520.7259715331484,516.9828382106771,3.7431333224712944,520.6332892677701,0.09268226537824376,ok,1.0203091682209862,2.3797853566331515,0.0014338283161432,0.0014295677023914908,-2971.495055398062,-0.00229196980484846,0.008533680101714557
0.3C DC vs 0.3C+0.7C 10tau,1.84,99.37098358087133,106.81886211398889,-7.447878533117546,98.82384628989985,0.5471372909714773,ok,1.0203091682209862,2.3797853566331515,0.0014338283161432,0.0014295677023914908,-2971.495055398062,-0.00229196980484846,0.008533680101714557
0.3C DC vs 0.3C+0.7C 10tau,1.85,122.48581248037317,130.18912106115567,-7.703308580782505,121.92306685818767,0.5627456221855027,ok,1.0203091682209862,2.3797853566331515,0.0014338283161432,0.0014295677023914908,-2971.495055398062,-0.00229196980484846,0.008533680101714557
0.3C DC vs 0.3C+0.7C 10tau,1.86,146.1396727463616,154.0313684168459,-7.891695670484296,145.56495868134607,0.5747140650155416,ok,1.0203091682209862,2.3797853566331515,0.0014338283161432,0.0014295677023914908,-2971.495055398062,-0.00229196980484846,0.008533680101714557
0.3C DC vs 0.3C+0.7C 10tau,1.87,170.1903448458006,178.21966206269008,-8.029317216889467,169.60573660149112,0.5846082443094929,ok,1.0203091682209862,2.3797853566331515,0.0014338283161432,0.0014295677023914908,-2971.495055398062,-0.00229196980484846,0.008533680101714557
0.3C DC vs 0.3C+0.7C 10tau,1.88,194.52775188732176,202.65321300637697,-8.125461119054307,193.93561127644261,0.5921406108791416,ok,1.0203091682209862,2.3797853566331515,0.0014338283161432,0.0014295677023914908,-2971.495055398062,-0.00229196980484846,0.008533680101714557
0.3C DC vs 0.3C+0.7C 10tau,1.89,219.0629263568444,227.24851035240408,-8.185583995559682,218.46442619291793,0.5985001639264738,ok,1.0203091682209862,2.3797853566331515,0.0014338283161432,0.0014295677023914908,-2971.495055398062,-0.00229196980484846,0.008533680101714557
0.3C DC vs 0.3C+0.7C 10tau,1.9,243.71831648332318,251.93123320983523,-8.212916726512049,243.11456313129565,0.6037533520275247,ok,1.0203091682209862,2.3797853566331515,0.0014338283161432,0.0014295677023914908,-2971.495055398062,-0.00229196980484846,0.008533680101714557
0.3C DC vs 0.3C+0.7C 10tau,1.91,268.4228162119098,276.63247940176643,-8.209663189855746,267.8157057023218,0.607110509587983,ok,1.0203091682209862,2.3797853566331515,0.0014338283161432,0.0014295677023914908,-2971.495055398062,-0.00229196980484846,0.008533680101714557
0.3C DC vs 0.3C+0.7C 10tau,1.92,293.10974851621995,301.2841323988159,-8.174383882595976,292.5001588540372,0.6095896621827706,ok,1.0203091682209862,2.3797853566331515,0.0014338283161432,0.0014295677023914908,-2971.495055398062,-0.00229196980484846,0.008533680101714557
0.3C DC vs 0.3C+0.7C 10tau,1.93,317.7101184654575,325.8155435857334,-8.105425120275868,317.0995477219658,0.6105707434917349,ok,1.0203091682209862,2.3797853566331515,0.0014338283161432,0.0014295677023914908,-2971.495055398062,-0.00229196980484846,0.008533680101714557
0.3C DC vs 0.3C+0.7C 10tau,1.94,342.148855868777,350.14883639324216,-7.999980524464263,341.54030432860145,0.6085515401755401,ok,1.0203091682209862,2.3797853566331515,0.0014338283161432,0.0014295677023914908,-2971.495055398062,-0.00229196980484846,0.008533680101714557
0.3C DC vs 0.3C+0.7C 10tau,1.95,366.3445701390947,374.1936064643378,-7.849036325242196,365.73968079233055,0.6048893467641392,ok,1.0203091682209862,2.3797853566331515,0.0014338283161432,0.0014295677023914908,-2971.495055398062,-0.00229196980484846,0.008533680101714557
0.3C DC vs 0.3C+0.7C 10tau,1.96,390.19739766030307,397.8394205292134,-7.642022868909407,389.59826058612543,0.5991370741776336,ok,1.0203091682209862,2.3797853566331515,0.0014338283161432,0.0014295677023914908,-2971.495055398062,-0.00229196980484846,0.008533680101714557
0.3C DC vs 0.3C+0.7C 10tau,1.97,413.5818417550672,420.9423663655552,-7.360524610488028,412.99236675279917,0.5894750022680455,ok,1.0203091682209862,2.3797853566331515,0.0014338283161432,0.0014295677023914908,-2971.495055398062,-0.00229196980484846,0.008533680101714557
0.3C DC vs 0.3C+0.7C 10tau,1.98,436.33249129707565,443.3053312156553,-6.972839918579666,435.755863042129,0.5766282549466268,ok,1.0203091682209862,2.3797853566331515,0.0014338283161432,0.0014295677023914908,-2971.495055398062,-0.00229196980484846,0.008533680101714557
0.3C DC vs 0.3C+0.7C 10tau,1.99,458.2056810464037,464.63541871688267,-6.429737670478971,457.651405689513,0.5542753568906846,ok,1.0203091682209862,2.3797853566331515,0.0014338283161432,0.0014295677023914908,-2971.495055398062,-0.00229196980484846,0.008533680101714557
0.3C DC vs 0.3C+0.7C 10tau,2.0,478.8366290073891,484.45632852839935,-5.619699521010261,478.3149358641158,0.5216931432732963,ok,1.0203091682209862,2.3797853566331515,0.0014338283161432,0.0014295677023914908,-2971.495055398062,-0.00229196980484846,0.008533680101714557
0.3C DC vs 0.3C+0.7C 10tau,2.01,497.5824728434318,501.8777511585149,-4.295278315083124,497.11422702971504,0.46824581371674867,ok,1.0203091682209862,2.3797853566331515,0.0014338283161432,0.0014295677023914908,-2971.495055398062,-0.00229196980484846,0.008533680101714557
0.3C DC vs 0.3C+0.7C 10tau,2.02,513.120017846124,514.7872603820924,-1.6672425359683984,512.7561598218199,0.36385802430413605,ok,1.0203091682209862,2.3797853566331515,0.0014338283161432,0.0014295677023914908,-2971.495055398062,-0.00229196980484846,0.008533680101714557
0.3C DC vs 0.3C+0.7C 10tau,2.03,521.525204628173,513.4501135120727,8.075091116100339,521.445595201988,0.07960942618501576,ok,1.0203091682209862,2.3797853566331515,0.0014338283161432,0.0014295677023914908,-2971.495055398062,-0.00229196980484846,0.008533680101714557
0.3C DC vs 0.3C+0.7C 10tau,2.04,103.62293427980694,112.36179335606175,-8.738859076254812,103.01958306290362,0.6033512169033202,ok,1.0203091682209862,2.3797853566331515,0.0014338283161432,0.0014295677023914908,-2971.495055398062,-0.00229196980484846,0.008533680101714557
0.3C DC vs 0.3C+0.7C 10tau,2.05,126.85017294979389,135.8587484988666,-9.008575549072702,126.22591703977287,0.6242559100210201,ok,1.0203091682209862,2.3797853566331515,0.0014338283161432,0.0014295677023914908,-2971.495055398062,-0.00229196980484846,0.008533680101714557
0.3C DC vs 0.3C+0.7C 10tau,2.06,150.58559263365714,159.79435349048708,-9.20876085682994,149.94605324578333,0.6395393878738105,ok,1.0203091682209862,2.3797853566331515,0.0014338283161432,0.0014295677023914908,-2971.495055398062,-0.00229196980484846,0.008533680101714557
0.3C DC vs 0.3C+0.7C 10tau,2.07,174.6970609356631,184.04968987778463,-9.352628942121555,174.044821213839,0.6522397218241167,ok,1.0203091682209862,2.3797853566331515,0.0014338283161432,0.0014295677023914908,-2971.495055398062,-0.00229196980484846,0.008533680101714557
0.3C DC vs 0.3C+0.7C 10tau,2.08,199.07753831540776,208.52907658716688,-9.451538271759093,198.41539486025886,0.6621434551489074,ok,1.0203091682209862,2.3797853566331515,0.0014338283161432,0.0014295677023914908,-2971.495055398062,-0.00229196980484846,0.008533680101714557
0.3C DC vs 0.3C+0.7C 10tau,2.09,223.64005495781112,233.15179717657975,-9.511742218768632,222.970676201272,0.6693787565391176,ok,1.0203091682209862,2.3797853566331515,0.0014338283161432,0.0014295677023914908,-2971.495055398062,-0.00229196980484846,0.008533680101714557
0.3C DC vs 0.3C+0.7C 10tau,2.0999999999999996,248.3097428348783,257.8451254322754,-9.535382597397074,247.63474708225112,0.6749957526271828,ok,1.0203091682209862,2.3797853566331515,0.0014338283161432,0.0014295677023914908,-2971.495055398062,-0.00229196980484846,0.008533680101714557
0.3C DC vs 0.3C+0.7C 10tau,2.11,273.0159472968662,282.5407582467369,-9.524810949870698,272.3378160481916,0.6781312486746174,ok,1.0203091682209862,2.3797853566331515,0.0014338283161432,0.0014295677023914908,-2971.495055398062,-0.00229196980484846,0.008533680101714557
0.3C DC vs 0.3C+0.7C 10tau,2.1199999999999997,297.69130823921387,307.1702398873258,-9.47893164811194,297.01243302497096,0.6788752142429075,ok,1.0203091682209862,2.3797853566331515,0.0014338283161432,0.0014295677023914908,-2971.495055398062,-0.00229196980484846,0.008533680101714557
0.3C DC vs 0.3C+0.7C 10tau,2.13,322.2676692916002,331.6616689336015,-9.39399964200129,321.58949560452766,0.6781736870725581,ok,1.0203091682209862,2.3797853566331515,0.0014338283161432,0.0014295677023914908,-2971.495055398062,-0.00229196980484846,0.008533680101714557
0.3C DC vs 0.3C+0.7C 10tau,2.1399999999999997,346.6685430392581,355.9347201766932,-9.26617713743508,345.99442114004796,0.6741218992101494,ok,1.0203091682209862,2.3797853566331515,0.0014338283161432,0.0014295677023914908,-2971.495055398062,-0.00229196980484846,0.008533680101714557
0.3C DC vs 0.3C+0.7C 10tau,2.15,370.8095070404506,379.89511661770666,-9.085609577256037,370.1419427010933,0.6675643393573409,ok,1.0203091682209862,2.3797853566331515,0.0014338283161432,0.0014295677023914908,-2971.495055398062,-0.00229196980484846,0.008533680101714557
0.3C DC vs 0.3C+0.7C 10tau,2.1599999999999997,394.58743489815606,403.425444330147,-8.83800943199094,393.9300557969109,0.6573791012451693,ok,1.0203091682209862,2.3797853566331515,0.0014338283161432,0.0014295677023914908,-2971.495055398062,-0.00229196980484846,0.008533680101714557
0.3C DC vs 0.3C+0.7C 10tau,2.17,417.8685823599553,426.3723232979037,-8.50374093794835,417.22760748454584,0.6409748754094835,ok,1.0203091682209862,2.3797853566331515,0.0014338283161432,0.0014295677023914908,-2971.495055398062,-0.00229196980484846,0.008533680101714557
0.3C DC vs 0.3C+0.7C 10tau,2.1799999999999997,440.47831362861234,448.5199526860324,-8.04163905742007,439.858634205023,0.6196794235893321,ok,1.0203091682209862,2.3797853566331515,0.0014338283161432,0.0014295677023914908,-2971.495055398062,-0.00229196980484846,0.008533680101714557
0.3C DC vs 0.3C+0.7C 10tau,2.19,462.1566944857632,469.5414959430673,-7.384801457304093,461.5707939597951,0.5859005259680998,ok,1.0203091682209862,2.3797853566331515,0.0014338283161432,0.0014295677023914908,-2971.495055398062,-0.00229196980484846,0.008533680101714557
0.3C DC vs 0.3C+0.7C 10tau,2.1999999999999997,482.50083409143735,488.8936200758999,-6.3927859844625345,481.96549782413695,0.5353362673004085,ok,1.0203091682209862,2.3797853566331515,0.0014338283161432,0.0014295677023914908,-2971.495055398062,-0.00229196980484846,0.008533680101714557
0.3C DC vs 0.3C+0.7C 10tau,2.21,500.78947715172035,505.5116774977123,-4.722200345991951,500.3386931248824,0.45078402683793684,ok,1.0203091682209862,2.3797853566331515,0.0014338283161432,0.0014295677023914908,-2971.495055398062,-0.00229196980484846,0.008533680101714557
0.3C DC vs 0.3C+0.7C 10tau,2.22,515.4645830810323,516.6258976320942,-1.1613145510627874,515.1785030821438,0.2860799988884537,ok,1.0203091682209862,2.3797853566331515,0.0014338283161432,0.0014295677023914908,-2971.495055398062,-0.00229196980484846,0.008533680101714557
0.3C DC vs 0.3C+0.7C 10tau,2.23,521.308930289616,94.87848930073142,426.4304409888846,521.5585907049008,-0.24966041528477945,ok,1.0203091682209862,2.3797853566331515,0.0014338283161432,0.0014295677023914908,-2971.495055398062,-0.00229196980484846,0.008533680101714557
0.3C DC vs 0.3C+0.7C 10tau,2.24,107.89962805018695,117.93933589214794,-10.0397078419619,107.23594365250756,0.6636843976793898,ok,1.0203091682209862,2.3797853566331515,0.0014338283161432,0.0014295677023914908,-2971.495055398062,-0.00229196980484846,0.008533680101714557
0.3C DC vs 0.3C+0.7C 10tau,2.25,131.23304643922802,141.55334686479273,-10.32030042556471,130.54363597253723,0.6894104666907879,ok,1.0203091682209862,2.3797853566331515,0.0014338283161432,0.0014295677023914908,-2971.495055398062,-0.00229196980484846,0.008533680101714557
0.3C DC vs 0.3C+0.7C 10tau,2.26,155.04739996541684,165.57550168161106,-10.528101716194216,154.33919393767974,0.7082060277371056,ok,1.0203091682209862,2.3797853566331515,0.0014338283161432,0.0014295677023914908,-2971.495055398062,-0.00229196980484846,0.008533680101714557
0.3C DC vs 0.3C+0.7C 10tau,2.27,179.21524224437417,189.89248465229505,-10.677242407920858,178.49216697664906,0.7230752677251076,ok,1.0203091682209862,2.3797853566331515,0.0014338283161432,0.0014295677023914908,-2971.495055398062,-0.00229196980484846,0.008533680101714557
0.3C DC vs 0.3C+0.7C 10tau,2.28,203.63593220315488,214.41310124414304,-10.777169040988156,202.90089789870308,0.7350343044518013,ok,1.0203091682209862,2.3797853566331515,0.0014338283161432,0.0014295677023914908,-2971.495055398062,-0.00229196980484846,0.008533680101714557
0.3C DC vs 0.3C+0.7C 10tau,2.29,228.22343338493738,239.0591168696019,-10.835683484664514,227.48034898663627,0.7430843983011073,ok,1.0203091682209862,2.3797853566331515,0.0014338283161432,0.0014295677023914908,-2971.495055398062,-0.00229196980484846,0.008533680101714557
0.3C DC vs 0.3C+0.7C 10tau,2.3,252.9046094286232,263.7591485314342,-10.854539102811032,252.15607133420326,0.7485380944199278,ok,1.0203091682209862,2.3797853566331515,0.0014338283161432,0.0014295677023914908,-2971.495055398062,-0.00229196980484846,0.008533680101714557
0.3C DC vs 0.3C+0.7C 10tau,2.31,277.61087624191805,288.4452669063512,-10.834390664433158,276.8590354726266,0.7518407692914479,ok,1.0203091682209862,2.3797853566331515,0.0014338283161432,0.0014295677023914908,-2971.495055398062,-0.00229196980484846,0.008533680101714557
0.3C DC vs 0.3C+0.7C 10tau,2.32,302.2734797904968,313.0484703201646,-10.774990529667775,301.52177731230313,0.7517024781936925,ok,1.0203091682209862,2.3797853566331515,0.0014338283161432,0.0014295677023914908,-2971.495055398062,-0.00229196980484846,0.008533680101714557
0.3C DC vs 0.3C+0.7C 10tau,2.33,326.8235960804341,337.49534222481543,-10.67174614438136,326.07445332989937,0.7491427505347019,ok,1.0203091682209862,2.3797853566331515,0.0014338283161432,0.0014295677023914908,-2971.495055398062,-0.00229196980484846,0.008533680101714557
0.3C DC vs 0.3C+0.7C 10tau,2.34,351.1839541783593,361.7028034827381,-10.518849304378818,350.4409618840391,0.7429922943201746,ok,1.0203091682209862,2.3797853566331515,0.0014338283161432,0.0014295677023914908,-2971.495055398062,-0.00229196980484846,0.008533680101714557
0.3C DC vs 0.3C+0.7C 10tau,2.35,375.26647417542335,385.57230778772737,-10.305833612304014,374.5339735250718,0.7325006503515397,ok,1.0203091682209862,2.3797853566331515,0.0014338283161432,0.0014295677023914908,-2971.495055398062,-0.00229196980484846,0.008533680101714557
0.3C DC vs 0.3C+0.7C 10tau,2.36,398.963826386007,408.9786722696681,-10.01484588366111,398.24616450255326,0.7176618834537294,ok,1.0203091682209862,2.3797853566331515,0.0014338283161432,0.0014295677023914908,-2971.495055398062,-0.00229196980484846,0.008533680101714557
0.3C DC vs 0.3C+0.7C 10tau,2.3699999999999997,422.1366993811944,431.7564139640244,-9.619714582830056,421.44179111615904,0.6949082650353375,ok,1.0203091682209862,2.3797853566331515,0.0014338283161432,0.0014295677023914908,-2971.495055398062,-0.00229196980484846,0.008533680101714557
0.3C DC vs 0.3C+0.7C 10tau,2.38,444.597438184127,453.66977539519667,-9.07233721106968,443.93398167000487,0.6634565141221174,ok,1.0203091682209862,2.3797853566331515,0.0014338283161432,0.0014295677023914908,-2971.495055398062,-0.00229196980484846,0.008533680101714557
0.3C DC vs 0.3C+0.7C 10tau,2.3899999999999997,466.06706262365424,474.35374530033823,-8.286682676683995,465.45068425722184,0.6163783664324001,ok,1.0203091682209862,2.3797853566331515,0.0014338283161432,0.0014295677023914908,-2971.495055398062,-0.00229196980484846,0.008533680101714557
0.3C DC vs 0.3C+0.7C 10tau,2.4,486.1008633841475,493.17997500999263,-7.079111625845144,485.555785912743,0.545077471404511,ok,1.0203091682209862,2.3797853566331515,0.0014338283161432,0.0014295677023914908,-2971.495055398062,-0.00229196980484846,0.008533680101714557
0.3C DC vs 0.3C+0.7C 10tau,2.4099999999999997,503.88277930250933,508.8548011590865,-4.9720218565771575,503.45973098866307,0.42304831384626596,ok,1.0203091682209862,2.3797853566331515,0.0014338283161432,0.0014295677023914908,-2971.495055398062,-0.00229196980484846,0.008533680101714557
0.3C DC vs 0.3C+0.7C 10tau,2.42,517.5550563344677,517.6037094614267,-0.0486531269589249,517.3813409228524,0.17371541161537607,ok,1.0203091682209862,2.3797853566331515,0.0014338283161432,0.0014295677023914908,-2971.495055398062,-0.00229196980484846,0.008533680101714557
0.3C DC vs 0.3C+0.7C 10tau,2.4299999999999997,519.7975268839436,100.3390841680084,419.4584427159352,520.6173120746525,-0.8197851907088989,ok,1.0203091682209862,2.3797853566331515,0.0014338283161432,0.0014295677023914908,-2971.495055398062,-0.00229196980484846,0.008533680101714557
0.3C DC vs 0.3C+0.7C 10tau,2.44,112.3073362667983,123.54794818012851,-11.240611913330213,111.47297076624818,0.8343655005501205,ok,1.0203091682209862,2.3797853566331515,0.0014338283161432,0.0014295677023914908,-2971.495055398062,-0.00229196980484846,0.008533680101714557
0.3C DC vs 0.3C+0.7C 10tau,2.4499999999999997,135.74084708716873,147.27160434986217,-11.530757262693442,134.87680342619205,0.8640436609766766,ok,1.0203091682209862,2.3797853566331515,0.0014338283161432,0.0014295677023914908,-2971.495055398062,-0.00229196980484846,0.008533680101714557
0.3C DC vs 0.3C+0.7C 10tau,2.46,159.62917376423138,171.37345050862314,-11.744276744391756,158.74265693400775,0.886516830223627,ok,1.0203091682209862,2.3797853566331515,0.0014338283161432,0.0014295677023914908,-2971.495055398062,-0.00229196980484846,0.008533680101714557
0.3C DC vs 0.3C+0.7C 10tau,2.47,183.85036398960074,195.7469104834854,-11.89654649388467,182.94714948101682,0.9032145085839147,ok,1.0203091682209862,2.3797853566331515,0.0014338283161432,0.0014295677023914908,-2971.495055398062,-0.00229196980484846,0.008533680101714557
0.3C DC vs 0.3C+0.7C 10tau,2.48,208.30758938085455,220.30430492194137,-11.996715541086814,207.39135075900958,0.9162386218449683,ok,1.0203091682209862,2.3797853566331515,0.0014338283161432,0.0014295677023914908,-2971.495055398062,-0.00229196980484846,0.008533680101714557
0.3C DC vs 0.3C+0.7C 10tau,2.49,232.91802474166252,244.96951529302896,-12.051490551366442,231.99288780204915,0.9251369396133668,ok,1.0203091682209862,2.3797853566331515,0.0014338283161432,0.0014295677023914908,-2971.495055398062,-0.00229196980484846,0.008533680101714557
0.3C DC vs 0.3C+0.7C 1tau,0.05,21.622837739989052,21.552869147452725,0.0699685925363269,21.248226852775815,0.37461088721323677,ok,1.0206075496456095,2.3777328314255173,0.014338283161432,0.014293558483530694,-3119.2491735418457,0.011276035099116129,0.07852590664513724
0.3C DC vs 0.3C+0.7C 1tau,0.06,45.52859399077161,45.452450433929215,0.0761435568424246,45.20514546511993,0.3234485256516848,ok,1.0206075496456095,2.3777328314255173,0.014338283161432,0.014293558483530694,-3119.2491735418457,0.011276035099116129,0.07852590664513724
0.3C DC vs 0.3C+0.7C 1tau,0.07,22.07358318659425,22.141920779986265,-0.068337593392016,21.697514813640595,0.3760683729536538,ok,1.0206075496456095,2.3777328314255173,0.014338283161432,0.014293558483530694,-3119.2491735418457,0.011276035099116129,0.07852590664513724
0.3C DC vs 0.3C+0.7C 1tau,0.08,45.915754947251,45.95800113515725,-0.0422461879062439,45.60414844230968,0.3116065049413237,ok,1.0206075496456095,2.3777328314255173,0.014338283161432,0.014293558483530694,-3119.2491735418457,0.011276035099116129,0.07852590664513724
0.3C DC vs 0.3C+0.7C 1tau,0.09,22.52547510150231,22.73157290768387,-0.2060978061815603,22.146924353646455,0.3785507478558543,ok,1.0206075496456095,2.3777328314255173,0.014338283161432,0.014293558483530694,-3119.2491735418457,0.011276035099116129,0.07852590664513724
0.3C DC vs 0.3C+0.7C 1tau,0.1,46.301385720888106,46.45620256387997,-0.1548168429918632,46.002185384437155,0.29920033645095145,ok,1.0206075496456095,2.3777328314255173,0.014338283161432,0.014293558483530694,-3119.2491735418457,0.011276035099116129,0.07852590664513724
0.3C DC vs 0.3C+0.7C 1tau,0.11,22.977090601889188,23.321726344158435,-0.3446357422692472,22.596451564668996,0.38063903722019177,ok,1.0206075496456095,2.3777328314255173,0.014338283161432,0.014293558483530694,-3119.2491735418457,0.011276035099116129,0.07852590664513724
0.3C DC vs 0.3C+0.7C 1tau,0.12,46.685388567585335,46.94648746931841,-0.261098901733078,46.39047778852972,0.2949107790556127,ok,1.0206075496456095,2.3777328314255173,0.014338283161432,0.014293558483530694,-3119.2491735418457,0.011276035099116129,0.07852590664513724
0.3C DC vs 0.3C+0.7C 1tau,0.13,23.42851088010366,23.91228377994281,-0.4837728998391526,23.046092547625847,0.3824183324778119,ok,1.0206075496456095,2.3777328314255173,0.014338283161432,0.014293558483530694,-3119.2491735418457,0.011276035099116129,0.07852590664513724
0.3C DC vs 0.3C+0.7C 1tau,0.14,47.058878119073825,47.4282375002939,-0.3693593812200788,46.77348581717149,0.2853923019023341,ok,1.0206075496456095,2.3777328314255173,0.014338283161432,0.014293558483530694,-3119.2491735418457,0.011276035099116129,0.07852590664513724
0.3C DC vs 0.3C+0.7C 1tau,0.15,23.879813569246664,24.50314945415778,-0.6233358849110004,23.495843412213958,0.38397015703270654,ok,1.0206075496456095,2.3777328314255173,0.014338283161432,0.014293558483530694,-3119.2491735418457,0.011276035099116129,0.07852590664513724
0.3C DC vs 0.3C+0.7C 1tau,0.16,47.42305513965687,47.90077730095777,-0.4777221613009033,47.155281827739714,0.2677733119171535,ok,1.0206075496456095,2.3777328314255173,0.014338283161432,0.014293558483530694,-3119.2491735418457,0.011276035099116129,0.07852590664513724
0.3C DC vs 0.3C+0.7C 1tau,0.1699999999999999,24.331323235966124,25.0942288357669,-0.762905599800547,23.946023923739062,0.3852993122270618,ok,1.0206075496456095,2.3777328314255173,0.014338283161432,0.014293558483530694,-3119.2491735418457,0.011276035099116129,0.07852590664513724
0.3C DC vs 0.3C+0.7C 1tau,0.18,47.78595427437415,48.363367786993194,-0.5774135126190458,47.535851385272395,0.25010288910175404,ok,1.0206075496456095,2.3777328314255173,0.014338283161432,0.014293558483530694,-3119.2491735418457,0.011276035099116129,0.07852590664513724
0.3C DC vs 0.3C+0.7C 1tau,0.19,24.783102705952615,25.685428312489307,-0.9023256065366922,24.396765387575783,0.3863373183768317,ok,1.0206075496456095,2.3777328314255173,0.014338283161432,0.014293558483530694,-3119.2491735418457,0.011276035099116129,0.07852590664513724
0.3C DC vs 0.3C+0.7C 1tau,0.2,48.14726148288116,48.80897462291512,-0.6617131400339531,47.91517987449129,0.23208160838987624,ok,1.0206075496456095,2.3777328314255173,0.014338283161432,0.014293558483530694,-3119.2491735418457,0.011276035099116129,0.07852590664513724
0.3C DC vs 0.3C+0.7C 1tau,0.21,25.235372101512326,26.276654885510197,-1.0412827839978718,24.847544684971695,0.387827416540631,ok,1.0206075496456095,2.3777328314255173,0.014338283161432,0.014293558483530694,-3119.2491735418457,0.011276035099116129,0.07852590664513724
0.3C DC vs 0.3C+0.7C 1tau,0.22,48.501920736644024,49.234687052422146,-0.732766315778008,48.279104816107406,0.22281592053661825,ok,1.0206075496456095,2.3777328314255173,0.014338283161432,0.014293558483530694,-3119.2491735418457,0.011276035099116129,0.07852590664513724
0.3C DC vs 0.3C+0.7C 1tau,0.2299999999999999,25.707300768946652,26.86771717016893,-1.1604164012220508,25.298258481192306,0.40904228775434603,ok,1.0206075496456095,2.3777328314255173,0.014338283161432,0.014293558483530694,-3119.2491735418457,0.011276035099116129,0.07852590664513724
0.3C DC vs 0.3C+0.7C 1tau,0.24,48.819420787333456,49.644925131575064,-0.8255043442416081,48.638539272207936,0.1808815151255203,ok,1.0206075496456095,2.3777328314255173,0.014338283161432,0.014293558483530694,-3119.2491735418457,0.011276035099116129,0.07852590664513724
0.3C DC vs 0.3C+0.7C 1tau,0.25,26.166638471240617,27.45882954974502,-1.292191078504402,25.749128415605924,0.41751005563469334,ok,1.0206075496456095,2.3777328314255173,0.014338283161432,0.014293558483530694,-3119.2491735418457,0.011276035099116129,0.07852590664513724
0.3C DC vs 0.3C+0.7C 1tau,0.26,49.15336948479046,50.04128043572621,-0.8879109509357477,48.99861562784611,0.15475385694435317,ok,1.0206075496456095,2.3777328314255173,0.014338283161432,0.014293558483530694,-3119.2491735418457,0.011276035099116129,0.07852590664513724
0.3C DC vs 0.3C+0.7C 1tau,0.27,26.619446276817143,28.04964505175076,-1.430198774933615,26.199969783098254,0.4194764937188893,ok,1.0206075496456095,2.3777328314255173,0.014338283161432,0.014293558483530694,-3119.2491735418457,0.011276035099116129,0.07852590664513724
0.3C DC vs 0.3C+0.7C 1tau,0.28,49.48522223379166,50.420010762443894,-0.9347885286522342,49.357130497465164,0.12809173632649618,ok,1.0206075496456095,2.3777328314255173,0.014338283161432,0.014293558483530694,-3119.2491735418457,0.011276035099116129,0.07852590664513724
0.3C DC vs 0.3C+0.7C 1tau,0.29,27.0724229079334,28.640115219176096,-1.5676923112426948,26.650839908955163,0.4215829989782378,ok,1.0206075496456095,2.3777328314255173,0.014338283161432,0.014293558483530694,-3119.2491735418457,0.011276035099116129,0.07852590664513724
0.3C DC vs 0.3C+0.7C 1tau,0.3,49.79007136039206,50.760930714338315,-0.9708593539462528,49.694669059522994,0.09540230086906831,ok,1.0206075496456095,2.3777328314255173,0.014338283161432,0.014293558483530694,-3119.2491735418457,0.011276035099116129,0.07852590664513724
0.3C DC vs 0.3C+0.7C 1tau,0.31,27.52515835174404,29.230145861881056,-1.7049875101370162,27.10166214134665,0.4234962103973885,ok,1.0206075496456095,2.3777328314255173,0.014338283161432,0.014293558483530694,-3119.2491735418457,0.011276035099116129,0.07852590664513724
0.3C DC vs 0.3C+0.7C 1tau,0.32,50.08817156396822,51.064897537425395,-0.976725973457178,50.02821210793036,0.05995945603785913,ok,1.0206075496456095,2.3777328314255173,0.014338283161432,0.014293558483530694,-3119.2491735418457,0.011276035099116129,0.07852590664513724
0.3C DC vs 0.3C+0.7C 1tau,0.33,27.977903454998795,29.81964165081763,-1.8417381958188344,27.552437209298887,0.42546624569990854,ok,1.0206075496456095,2.3777328314255173,0.014338283161432,0.014293558483530694,-3119.2491735418457,0.011276035099116129,0.07852590664513724
0.3C DC vs 0.3C+0.7C 1tau,0.3399999999999999,50.38337054916542,51.339268250063014,-0.9558977008975944,50.35974392283947,0.023626626325949474,ok,1.0206075496456095,2.3777328314255173,0.014338283161432,0.014293558483530694,-3119.2491735418457,0.011276035099116129,0.07852590664513724
0.3C DC vs 0.3C+0.7C 1tau,0.35,28.43020456690624,30.408505806102312,-1.978301239196071,28.00317017184807,0.42703439505817187,ok,1.0206075496456095,2.3777328314255173,0.014338283161432,0.014293558483530694,-3119.2491735418457,0.011276035099116129,0.07852590664513724
0.3C DC vs 0.3C+0.7C 1tau,0.36,50.65540019640616,51.56187874176635,-0.9064785453601872,50.68923745574193,-0.03383725933576898,ok,1.0206075496456095,2.3777328314255173,0.014338283161432,0.014293558483530694,-3119.2491735418457,0.011276035099116129,0.07852590664513724
0.3C DC vs 0.3C+0.7C 1tau,0.37,28.882199542917533,30.99663977719456,-2.1144402342770263,28.453857257550453,0.42834228536707997,ok,1.0206075496456095,2.3777328314255173,0.014338283161432,0.014293558483530694,-3119.2491735418457,0.011276035099116129,0.07852590664513724
0.3C DC vs 0.3C+0.7C 1tau,0.38,50.905546244837524,51.69522991971235,-0.7896836748748228,50.988245314262485,-0.08269906942496164,ok,1.0206075496456095,2.3777328314255173,0.014338283161432,0.014293558483530694,-3119.2491735418457,0.011276035099116129,0.07852590664513724
0.3C DC vs 0.3C+0.7C 1tau,0.39,29.33418068073229,31.583942913261808,-2.2497622325295197,28.904494691452783,0.4296859892795055,ok,1.0206075496456095,2.3777328314255173,0.014338283161432,0.014293558483530694,-3119.2491735418457,0.011276035099116129,0.07852590664513724
0.3C DC vs 0.3C+0.7C 1tau,0.4,51.15142778854556,51.74920775442456,-0.5977799658789991,51.28449573402145,-0.13306794547588652,ok,1.0206075496456095,2.3777328314255173,0.014338283161432,0.014293558483530694,-3119.2491735418457,0.011276035099116129,0.07852590664513724
0.3C DC vs 0.3C+0.7C 1tau,0.41,29.786025477722433,32.17031212172128,-2.3842866439988484,29.35507869484968,0.430946782872752,ok,1.0206075496456095,2.3777328314255173,0.014338283161432,0.014293558483530694,-3119.2491735418457,0.011276035099116129,0.07852590664513724
0.3C DC vs 0.3C+0.7C 1tau,0.42,51.35814022846512,51.611801021328574,-0.2536607928634566,51.57805867690831,-0.2199184484431953,ok,1.0206075496456095,2.3777328314255173,0.014338283161432,0.014293558483530694,-3119.2491735418457,0.011276035099116129,0.07852590664513724
0.3C DC vs 0.3C+0.7C 1tau,0.43,30.237649678278103,32.755641512836746,-2.517991834558643,29.805605485037404,0.4320441932406993,ok,1.0206075496456095,2.3777328314255173,0.014338283161432,0.014293558483530694,-3119.2491735418457,0.011276035099116129,0.07852590664513724
0.3C DC vs 0.3C+0.7C 1tau,0.44,51.54035044219722,51.10700434877572,0.4333460934215054,51.84656880281068,-0.30621836061345675,ok,1.0206075496456095,2.3777328314255173,0.014338283161432,0.014293558483530694,-3119.2491735418457,0.011276035099116129,0.07852590664513724
0.3C DC vs 0.3C+0.7C 1tau,0.45,30.688787811243856,33.3398220281058,-2.6510342168619445,30.255449958800455,0.43333785244340106,ok,1.0206075496456095,2.3777328314255173,0.014338283161432,0.014293558483530694,-3119.2491735418457,0.011276035099116129,0.07852590664513724
0.3C DC vs 0.3C+0.7C 1tau,0.46,51.69784577093401,9.656620587507632,42.04122518342638,52.09536737342364,-0.39752160248963264,ok,1.0206075496456095,2.3777328314255173,0.014338283161432,0.014293558483530694,-3119.2491735418457,0.011276035099116129,0.07852590664513724
0.3C DC vs 0.3C+0.7C 1tau,0.47,31.139599642063786,33.92272488578078,-2.783125243716995,30.704722124201226,0.4348775178625601,ok,1.0206075496456095,2.3777328314255173,0.014338283161432,0.014293558483530694,-3119.2491735418457,0.011276035099116129,0.07852590664513724
0.3C DC vs 0.3C+0.7C 1tau,0.48,51.78914301188365,10.20326903341288,41.58587397847077,52.34051109825123,-0.5513680863675745,ok,1.0206075496456095,2.3777328314255173,0.014338283161432,0.014293558483530694,-3119.2491735418457,0.011276035099116129,0.07852590664513724
0.3C DC vs 0.3C+0.7C 1tau,0.49,31.58872201583904,34.50411673779399,-2.9153947219549536,31.153864310021618,0.43485770581742145,ok,1.0206075496456095,2.3777328314255173,0.014338283161432,0.014293558483530694,-3119.2491735418457,0.011276035099116129,0.07852590664513724
0.3C DC vs 0.3C+0.7C 1tau,0.5,51.84019409562143,10.754843411180444,41.08535068444098,52.54706571346719,-0.7068716178457635,ok,1.0206075496456095,2.3777328314255173,0.014338283161432,0.014293558483530694,-3119.2491735418457,0.011276035099116129,0.07852590664513724
0.3C DC vs 0.3C+0.7C 1tau,0.51,32.03684564579157,35.08395261034593,-3.0471069645543594,31.602872571663056,0.4339730741285166,ok,1.0206075496456095,2.3777328314255173,0.014338283161432,0.014293558483530694,-3119.2491735418457,0.011276035099116129,0.07852590664513724
0.3C DC vs 0.3C+0.7C 1tau,0.52,51.79130013126928,11.309868709718785,40.4814314215505,52.72952214769862,-0.9382220164293358,ok,1.0206075496456095,2.3777328314255173,0.014338283161432,0.014293558483530694,-3119.2491735418457,0.011276035099116129,0.07852590664513724
0.3C DC vs 0.3C+0.7C 1tau,0.53,32.50073372766451,35.63474423849357,-3.1340105108290572,32.04330658581034,0.45742714185416844,ok,1.0206075496456095,2.3777328314255173,0.014338283161432,0.014293558483530694,-3119.2491735418457,0.011276035099116129,0.07852590664513724
0.3C DC vs 0.3C+0.7C 1tau,0.54,54.790938436618035,11.861061104144255,42.92987733247378,52.85484238509912,1.9360960515189163,ok,1.0206075496456095,2.3777328314255173,0.014338283161432,0.014293558483530694,-3119.2491735418457,0.011276035099116129,0.07852590664513724
0.3C DC vs 0.3C+0.7C 1tau,0.55,32.95259300022849,36.22754598357142,-3.274952983342928,32.49235377883019,0.46023922139829665,ok,1.0206075496456095,2.3777328314255173,0.014338283161432,0.014293558483530694,-3119.2491735418457,0.011276035099116129,0.07852590664513724
0.3C DC vs 0.3C+0.7C 1tau,0.56,55.06372607742287,12.422132678399748,42.64159339902312,52.96507160751298,2.0986544699098886,ok,1.0206075496456095,2.3777328314255173,0.014338283161432,0.014293558483530694,-3119.2491735418457,0.011276035099116129,0.07852590664513724
0.3C DC vs 0.3C+0.7C 1tau,0.5700000000000001,33.40491384173242,36.801767397995945,-3.3968535562635225,32.93956194254838,0.46535189918404285,ok,1.0206075496456095,2.3777328314255173,0.014338283161432,0.014293558483530694,-3119.2491735418457,0.011276035099116129,0.07852590664513724
0.3C DC vs 0.3C+0.7C 1tau,0.5800000000000001,55.29984946921877,12.98605939208528,42.31379007713349,53.00161437372162,2.298235095497148,ok,1.0206075496456095,2.3777328314255173,0.014338283161432,0.014293558483530694,-3119.2491735418457,0.011276035099116129,0.07852590664513724
0.3C DC vs 0.3C+0.7C 1tau,0.5900000000000001,33.857203688730806,37.37386161723498,-3.5166579285041735,33.3863521648932,0.4708515238376094,ok,1.0206075496456095,2.3777328314255173,0.014338283161432,0.014293558483530694,-3119.2491735418457,0.011276035099116129,0.07852590664513724
0.3C DC vs 0.3C+0.7C 1tau,0.6000000000000001,55.520884943181045,13.552650550996532,41.96823439218451,52.98308032016075,2.5378046230202926,ok,1.0206075496456095,2.3777328314255173,0.014338283161432,0.014293558483530694,-3119.2491735418457,0.011276035099116129,0.07852590664513724
0.3C DC vs 0.3C+0.7C 1tau,0.6100000000000001,34.30805653139123,37.94366502607136,-3.635608494680127,33.83293614137301,0.47512039001821904,ok,1.0206075496456095,2.3777328314255173,0.014338283161432,0.014293558483530694,-3119.2491735418457,0.011276035099116129,0.07852590664513724
0.3C DC vs 0.3C+0.7C 1tau,0.6200000000000001,55.72968111662885,14.121725980831345,41.60795513579751,52.77730201229042,2.9523791043384335,ok,1.0206075496456095,2.3777328314255173,0.014338283161432,0.014293558483530694,-3119.2491735418457,0.011276035099116129,0.07852590664513724
0.3C DC vs 0.3C+0.7C 1tau,0.63,34.758694418426785,38.51100495253331,-3.752310534106527,34.27930964760526,0.4793847708215253,ok,1.0206075496456095,2.3777328314255173,0.014338283161432,0.014293558483530694,-3119.2491735418457,0.011276035099116129,0.07852590664513724
0.3C DC vs 0.3C+0.7C 1tau,0.64,55.87692957125546,14.693115140050397,41.183814431205064,52.28946168186849,3.5874678893869714,ok,1.0206075496456095,2.3777328314255173,0.014338283161432,0.014293558483530694,-3119.2491735418457,0.011276035099116129,0.07852590664513724
0.3C DC vs 0.3C+0.7C 1tau,0.65,35.20887665933469,39.07569882426287,-3.866822164928181,34.72546844242379,0.4834082169109024,ok,1.0206075496456095,2.3777328314255173,0.014338283161432,0.014293558483530694,-3119.2491735418457,0.011276035099116129,0.07852590664513724
0.3C DC vs 0.3C+0.7C 1tau,0.66,56.01653919947694,15.266656305112974,40.74988289436397,10.922881521773888,45.09365767770305,ok,1.0206075496456095,2.3777328314255173,0.014338283161432,0.014293558483530694,-3119.2491735418457,0.011276035099116129,0.07852590664513724
0.3C DC vs 0.3C+0.7C 1tau,0.67,35.65887925587003,39.637553248652694,-3.97867399278266,35.17140826755485,0.4874709883151809,ok,1.0206075496456095,2.3777328314255173,0.014338283161432,0.014293558483530694,-3119.2491735418457,0.011276035099116129,0.07852590664513724
0.3C DC vs 0.3C+0.7C 1tau,0.68,56.06555543434297,15.842195820449888,40.22335961389308,11.339070118925065,44.726485315417904,ok,1.0206075496456095,2.3777328314255173,0.014338283161432,0.014293558483530694,-3119.2491735418457,0.011276035099116129,0.07852590664513724
0.3C DC vs 0.3C+0.7C 1tau,0.6900000000000001,36.108537960459216,40.19636300762204,-4.0878250471628235,35.61712484730697,0.4914131131522481,ok,1.0206075496456095,2.3777328314255173,0.014338283161432,0.014293558483530694,-3119.2491735418457,0.011276035099116129,0.07852590664513724
0.3C DC vs 0.3C+0.7C 1tau,0.7000000000000001,56.07650817160993,16.419587406355276,39.656920765254654,11.761787587913204,44.314720583696726,ok,1.0206075496456095,2.3777328314255173,0.014338283161432,0.014293558483530694,-3119.2491735418457,0.011276035099116129,0.07852590664513724
0.3C DC vs 0.3C+0.7C 1tau,0.7100000000000001,36.55791658386943,40.75190995668254,-4.193993372813111,36.060049063918996,0.4978675199504323,ok,1.0206075496456095,2.3777328314255173,0.014338283161432,0.014293558483530694,-3119.2491735418457,0.011276035099116129,0.07852590664513724
0.3C DC vs 0.3C+0.7C 1tau,0.7200000000000001,55.943045959693336,16.998691518712803,38.94435444098053,12.186816910831567,43.75622904886177,ok,1.0206075496456095,2.3777328314255173,0.014338283161432,0.014293558483530694,-3119.2491735418457,0.011276035099116129,0.07852590664513724
0.3C DC vs 0.3C+0.7C 1tau,0.7300000000000001,37.00669643948913,41.30396181660626,-4.297265377117128,36.502181771310916,0.5045146681782171,ok,1.0206075496456095,2.3777328314255173,0.014338283161432,0.014293558483530694,-3119.2491735418457,0.011276035099116129,0.07852590664513724
0.3C DC vs 0.3C+0.7C 1tau,0.7400000000000001,55.5963831013396,17.57937475510016,38.01700834623944,12.612423076567211,42.98396002477239,ok,1.0206075496456095,2.3777328314255173,0.014338283161432,0.014293558483530694,-3119.2491735418457,0.011276035099116129,0.07852590664513724
0.3C DC vs 0.3C+0.7C 1tau,0.7500000000000001,37.45333770514799,41.85227084439293,-4.398933139244946,36.944005632560675,0.5093320725873127,ok,1.0206075496456095,2.3777328314255173,0.014338283161432,0.014293558483530694,-3119.2491735418457,0.011276035099116129,0.07852590664513724
0.3C DC vs 0.3C+0.7C 1tau,0.76,54.48179562818132,18.16150930236381,36.320286325817506,13.038599267161317,41.44319636102,ok,1.0206075496456095,2.3777328314255173,0.014338283161432,0.014293558483530694,-3119.2491735418457,0.011276035099116129,0.07852590664513724
0.3C DC vs 0.3C+0.7C 1tau,0.77,37.899784061713035,42.396572368434136,-4.4967883067211005,37.38551587835036,0.5142681833626739,ok,1.0206075496456095,2.3777328314255173,0.014338283161432,0.014293558483530694,-3119.2491735418457,0.011276035099116129,0.07852590664513724
0.3C DC vs 0.3C+0.7C 1tau,0.78,14.179612717139207,18.74496506884816,-4.5653523517089525,13.464079681203202,0.715533035936005,ok,1.0206075496456095,2.3777328314255173,0.014338283161432,0.014293558483530694,-3119.2491735418457,0.011276035099116129,0.07852590664513724
0.3C DC vs 0.3C+0.7C 1tau,0.79,38.451611782101736,42.937392360592185,-4.4857805784904485,37.8274173400323,0.6241944420694381,ok,1.0206075496456095,2.3777328314255173,0.014338283161432,0.014293558483530694,-3119.2491735418457,0.011276035099116129,0.07852590664513724
0.3C DC vs 0.3C+0.7C 1tau,0.8,14.598973145946275,19.329639686928655,-4.730666540982384,13.892150263642634,0.7068228823036407,ok,1.0206075496456095,2.3777328314255173,0.014338283161432,0.014293558483530694,-3119.2491735418457,0.011276035099116129,0.07852590664513724
0.3C DC vs 0.3C+0.7C 1tau,0.81,38.897239243841796,43.473108484689874,-4.575869240848078,38.268661140134554,0.6285781037072411,ok,1.0206075496456095,2.3777328314255173,0.014338283161432,0.014293558483530694,-3119.2491735418457,0.011276035099116129,0.07852590664513724
0.3C DC vs 0.3C+0.7C 1tau,0.8200000000000001,15.019409656526932,19.915413404115043,-4.896003747588111,14.32521428515156,0.6941953713753719,ok,1.0206075496456095,2.3777328314255173,0.014338283161432,0.014293558483530694,-3119.2491735418457,0.011276035099116129,0.07852590664513724
0.3C DC vs 0.3C+0.7C 1tau,0.8300000000000001,39.34261828999797,44.003952453428155,-4.661334163430183,38.70667066149326,0.6359476285047094,ok,1.0206075496456095,2.3777328314255173,0.014338283161432,0.014293558483530694,-3119.2491735418457,0.011276035099116129,0.07852590664513724
0.3C DC vs 0.3C+0.7C 1tau,0.8400000000000001,15.440580755665906,20.502175274556976,-5.06159451889107,14.758732113675705,0.6818486419902001,ok,1.0206075496456095,2.3777328314255173,0.014338283161432,0.014293558483530694,-3119.2491735418457,0.011276035099116129,0.07852590664513724
0.3C DC vs 0.3C+0.7C 1tau,0.8500000000000001,39.787473903656974,44.52957956929867,-4.742105665641702,39.14299677790086,0.6444771257561115,ok,1.0206075496456095,2.3777328314255173,0.014338283161432,0.014293558483530694,-3119.2491735418457,0.011276035099116129,0.07852590664513724
0.3C DC vs 0.3C+0.7C 1tau,0.8600000000000001,15.869100310678732,21.089817737451995,-5.220717426773263,15.192697997215873,0.6764023134628587,ok,1.0206075496456095,2.3777328314255173,0.014338283161432,0.014293558483530694,-3119.2491735418457,0.011276035099116129,0.07852590664513724
0.3C DC vs 0.3C+0.7C 1tau,0.8700000000000001,40.22975346190606,45.04961879800885,-4.819865336102794,39.57890993679166,0.6508435251143965,ok,1.0206075496456095,2.3777328314255173,0.014338283161432,0.014293558483530694,-3119.2491735418457,0.011276035099116129,0.07852590664513724
0.3C DC vs 0.3C+0.7C 1tau,0.8800000000000001,16.29877460020134,21.678236228992773,-5.379461628791432,15.627106224649197,0.6716683755521444,ok,1.0206075496456095,2.3777328314255173,0.014338283161432,0.014293558483530694,-3119.2491735418457,0.011276035099116129,0.07852590664513724
0.3C DC vs 0.3C+0.7C 1tau,0.89,40.669920936516974,45.56282933376406,-4.8929083972470835,40.01440464892403,0.6555162875929454,ok,1.0206075496456095,2.3777328314255173,0.014338283161432,0.014293558483530694,-3119.2491735418457,0.011276035099116129,0.07852590664513724
0.3C DC vs 0.3C+0.7C 1tau,0.9,16.72932798518741,22.267328812720734,-5.538000827533324,16.061951125163432,0.6673768600239782,ok,1.0206075496456095,2.3777328314255173,0.014338283161432,0.014293558483530694,-3119.2491735418457,0.011276035099116129,0.07852590664513724
0.3C DC vs 0.3C+0.7C 1tau,0.91,41.11008396388161,46.06493468265762,-4.954850718776015,40.449475387464645,0.660608576416962,ok,1.0206075496456095,2.3777328314255173,0.014338283161432,0.014293558483530694,-3119.2491735418457,0.011276035099116129,0.07852590664513724
0.3C DC vs 0.3C+0.7C 1tau,0.92,17.16080643009991,22.856995825838567,-5.6961893957386565,16.497227067690346,0.663579362409564,ok,1.0206075496456095,2.3777328314255173,0.014338283161432,0.014293558483530694,-3119.2491735418457,0.011276035099116129,0.07852590664513724
0.3C DC vs 0.3C+0.7C 1tau,0.93,41.549564743443625,46.55925254413205,-5.009687800688425,40.88411658744417,0.6654481559994565,ok,1.0206075496456095,2.3777328314255173,0.014338283161432,0.014293558483530694,-3119.2491735418457,0.011276035099116129,0.07852590664513724
0.3C DC vs 0.3C+0.7C 1tau,0.94,17.59243260881567,23.447139539207,-5.85470693039133,16.936197008305953,0.6562356005097172,ok,1.0206075496456095,2.3777328314255173,0.014338283161432,0.014293558483530694,-3119.2491735418457,0.011276035099116129,0.07852590664513724
0.3C DC vs 0.3C+0.7C 1tau,0.95,41.98821926895471,47.04516514596117,-5.056945877006001,41.31748328510275,0.6707359838519551,ok,1.0206075496456095,2.3777328314255173,0.014338283161432,0.014293558483530694,-3119.2491735418457,0.011276035099116129,0.07852590664513724
0.3C DC vs 0.3C+0.7C 1tau,0.96,18.024792414393687,24.037663828909444,-6.012871414515757,17.37661199741342,0.6481804169802672,ok,1.0206075496456095,2.3777328314255173,0.014338283161432,0.014293558483530694,-3119.2491735418457,0.011276035099116129,0.07852590664513724
0.3C DC vs 0.3C+0.7C 1tau,0.97,42.42644114637369,47.52199715091365,-5.095556004539503,41.745528088615174,0.6809130577585165,ok,1.0206075496456095,2.3777328314255173,0.014338283161432,0.014293558483530694,-3119.2491735418457,0.011276035099116129,0.07852590664513724
0.3C DC vs 0.3C+0.7C 1tau,0.98,18.46230451973679,24.628473857357676,-6.166169337620431,17.817358255414092,0.644946264322698,ok,1.0206075496456095,2.3777328314255173,0.014338283161432,0.014293558483530694,-3119.2491735418457,0.011276035099116129,0.07852590664513724
0.3C DC vs 0.3C+0.7C 1tau,0.99,42.86343189040963,47.9890087906997,-5.125576900289616,42.17302734081932,0.6904045495903119,ok,1.0206075496456095,2.3777328314255173,0.014338283161432,0.014293558483530694,-3119.2491735418457,0.011276035099116129,0.07852590664513724
0.3C DC vs 0.3C+0.7C 1tau,1.0,18.90112058697423,25.21947576201319,-6.31835517503896,18.258430909847903,0.6426896771263273,ok,1.0206075496456095,2.3777328314255173,0.014338283161432,0.014293558483530694,-3119.2491735418457,0.011276035099116129,0.07852590664513724
0.3C DC vs 0.3C+0.7C 1tau,1.01,43.29509440380116,48.445388012891726,-5.150293609090568,42.59997443551674,0.6951199682844162,ok,1.0206075496456095,2.3777328314255173,0.014338283161432,0.014293558483530694,-3119.2491735418457,0.011276035099116129,0.07852590664513724
0.3C DC vs 0.3C+0.7C 1tau,1.02,19.33998767246294,25.810576349854728,-6.470588677391788,18.699825115822478,0.6401625566404618,ok,1.0206075496456095,2.3777328314255173,0.014338283161432,0.014293558483530694,-3119.2491735418457,0.011276035099116129,0.07852590664513724
0.3C DC vs 0.3C+0.7C 1tau,1.03,43.72595498000737,48.89024147109876,-5.164286491091389,43.02636271226902,0.6995922677383533,ok,1.0206075496456095,2.3777328314255173,0.014338283161432,0.014293558483530694,-3119.2491735418457,0.011276035099116129,0.07852590664513724
0.3C DC vs 0.3C+0.7C 1tau,1.04,19.779582917294192,26.40168279592945,-6.622099878635254,19.14153605568299,0.6380468616112012,ok,1.0206075496456095,2.3777328314255173,0.014338283161432,0.014293558483530694,-3119.2491735418457,0.011276035099116129,0.07852590664513724
0.3C DC vs 0.3C+0.7C 1tau,1.05,44.1563608549709,49.322584154388096,-5.166223299417197,43.45218545564512,0.7041753993257771,ok,1.0206075496456095,2.3777328314255173,0.014338283161432,0.014293558483530694,-3119.2491735418457,0.011276035099116129,0.07852590664513724
0.3C DC vs 0.3C+0.7C 1tau,1.06,20.219537093900726,26.99270234398091,-6.773165250080183,19.583558938523765,0.6359781553769608,ok,1.0206075496456095,2.3777328314255173,0.014338283161432,0.014293558483530694,-3119.2491735418457,0.011276035099116129,0.07852590664513724
0.3C DC vs 0.3C+0.7C 1tau,1.07,44.58583919071134,49.72770116846005,-5.141861977748704,43.87743589441561,0.7084032962957281,ok,1.0206075496456095,2.3777328314255173,0.014338283161432,0.014293558483530694,-3119.2491735418457,0.011276035099116129,0.07852590664513724
0.3C DC vs 0.3C+0.7C 1tau,1.08,20.659816467421024,27.583542007656888,-6.923725540235864,20.028808843183015,0.6310076242380092,ok,1.0206075496456095,2.3777328314255173,0.014338283161432,0.014293558483530694,-3119.2491735418457,0.011276035099116129,0.07852590664513724
0.3C DC vs 0.3C+0.7C 1tau,1.09,45.01450817044406,50.11093898462377,-5.096430814179712,44.29491304503199,0.71959512541207,ok,1.0206075496456095,2.3777328314255173,0.014338283161432,0.014293558483530694,-3119.2491735418457,0.011276035099116129,0.07852590664513724
0.3C DC vs 0.3C+0.7C 1tau,1.1,21.10237387175175,28.174108270487523,-7.071734398735771,20.474439777756743,0.6279340939950089,ok,1.0206075496456095,2.3777328314255173,0.014338283161432,0.014293558483530694,-3119.2491735418457,0.011276035099116129,0.07852590664513724
0.3C DC vs 0.3C+0.7C 1tau,1.11,45.44221336237251,50.47459805358949,-5.032384691216976,44.71136935810637,0.7308440042661459,ok,1.0206075496456095,2.3777328314255173,0.014338283161432,0.014293558483530694,-3119.2491735418457,0.011276035099116129,0.07852590664513724
0.3C DC vs 0.3C+0.7C 1tau,1.12,21.54779412728567,28.76430678287261,-7.216512655586939,20.920296738906472,0.6274973883791972,ok,1.0206075496456095,2.3777328314255173,0.014338283161432,0.014293558483530694,-3119.2491735418457,0.011276035099116129,0.07852590664513724
0.3C DC vs 0.3C+0.7C 1tau,1.13,45.862846639305644,50.81666582493699,-4.953819185631346,45.12710896781209,0.7357376714935526,ok,1.0206075496456095,2.3777328314255173,0.014338283161432,0.014293558483530694,-3119.2491735418457,0.011276035099116129,0.07852590664513724
0.3C DC vs 0.3C+0.7C 1tau,1.14,21.99344408115121,29.35404205435179,-7.360597973200584,21.366375436388807,0.627068644762403,ok,1.0206075496456095,2.3777328314255173,0.014338283161432,0.014293558483530694,-3119.2491735418457,0.011276035099116129,0.07852590664513724
0.3C DC vs 0.3C+0.7C 1tau,1.15,46.28251302866465,51.122075430122095,-4.839562401456988,45.54212357484175,0.7403894538228997,ok,1.0206075496456095,2.3777328314255173,0.014338283161432,0.014293558483530694,-3119.2491735418457,0.011276035099116129,0.07852590664513724
0.3C DC vs 0.3C+0.7C 1tau,1.16,22.439448554820046,29.943217139326407,-7.503768584505451,21.8126715976764,0.6267769571436475,ok,1.0206075496456095,2.3777328314255173,0.014338283161432,0.014293558483530694,-3119.2491735418457,0.011276035099116129,0.07852590664513724
0.3C DC vs 0.3C+0.7C 1tau,1.1700000000000002,46.70127074446282,51.36859896628039,-4.66732822181757,45.956404800263954,0.7448659441988639,ok,1.0206075496456095,2.3777328314255173,0.014338283161432,0.014293558483530694,-3119.2491735418457,0.011276035099116129,0.07852590664513724
0.3C DC vs 0.3C+0.7C 1tau,1.1800000000000002,22.885523796116104,30.531733314365734,-7.646209518249634,22.25918096762871,0.6263428284873953,ok,1.0206075496456095,2.3777328314255173,0.014338283161432,0.014293558483530694,-3119.2491735418457,0.011276035099116129,0.07852590664513724
0.3C DC vs 0.3C+0.7C 1tau,1.1900000000000002,47.118577771843775,51.577002406150314,-4.458424634306539,46.36827868889486,0.7502990829489136,ok,1.0206075496456095,2.3777328314255173,0.014338283161432,0.014293558483530694,-3119.2491735418457,0.011276035099116129,0.07852590664513724
0.3C DC vs 0.3C+0.7C 1tau,1.2000000000000002,23.3316701280055,31.11948974513598,-7.787819617130481,22.705899308175503,0.6257708198299952,ok,1.0206075496456095,2.3777328314255173,0.014338283161432,0.014293558483530694,-3119.2491735418457,0.011276035099116129,0.07852590664513724
0.3C DC vs 0.3C+0.7C 1tau,1.21,47.5350699786477,51.69312566123972,-4.158055682592021,46.77127908192142,0.7637908967262774,ok,1.0206075496456095,2.3777328314255173,0.014338283161432,0.014293558483530694,-3119.2491735418457,0.011276035099116129,0.07852590664513724
0.3C DC vs 0.3C+0.7C 1tau,1.22,23.778473749935074,31.70638314092139,-7.927909390986315,23.154595860249174,0.6238778896859003,ok,1.0206075496456095,2.3777328314255173,0.014338283161432,0.014293558483530694,-3119.2491735418457,0.011276035099116129,0.07852590664513724
0.3C DC vs 0.3C+0.7C 1tau,1.23,47.946825824494226,51.707059263732845,-3.7602334392386183,47.173363861234066,0.7734619632601607,ok,1.0206075496456095,2.3777328314255173,0.014338283161432,0.014293558483530694,-3119.2491735418457,0.011276035099116129,0.07852590664513724
0.3C DC vs 0.3C+0.7C 1tau,1.24,24.2272998497574,32.292307394514864,-8.065007544757464,23.603592130120887,0.6237077196365135,ok,1.0206075496456095,2.3777328314255173,0.014338283161432,0.014293558483530694,-3119.2491735418457,0.011276035099116129,0.07852590664513724
0.3C DC vs 0.3C+0.7C 1tau,1.25,48.35215089189205,51.49057454664671,-3.1384236547546607,47.57452244724391,0.7776284446481441,ok,1.0206075496456095,2.3777328314255173,0.014338283161432,0.014293558483530694,-3119.2491735418457,0.011276035099116129,0.07852590664513724
0.3C DC vs 0.3C+0.7C 1tau,1.26,24.677144925029097,32.877153205187824,-8.200008280158727,24.052720277160915,0.6244246478681816,ok,1.0206075496456095,2.3777328314255173,0.014338283161432,0.014293558483530694,-3119.2491735418457,0.011276035099116129,0.07852590664513724
0.3C DC vs 0.3C+0.7C 1tau,1.27,48.75662118168293,50.79510701606523,-2.0384858343823,47.97474414491262,0.781877036770311,ok,1.0206075496456095,2.3777328314255173,0.014338283161432,0.014293558483530694,-3119.2491735418457,0.011276035099116129,0.07852590664513724
0.3C DC vs 0.3C+0.7C 1tau,1.28,25.127394934642325,33.46080768223237,-8.333412747590046,24.501976365898372,0.6254185687439531,ok,1.0206075496456095,2.3777328314255173,0.014338283161432,0.014293558483530694,-3119.2491735418457,0.011276035099116129,0.07852590664513724
0.3C DC vs 0.3C+0.7C 1tau,1.29,49.15989560345952,9.775126187098069,39.38476941636145,48.374018141992565,0.7858774614669528,ok,1.0206075496456095,2.3777328314255173,0.014338283161432,0.014293558483530694,-3119.2491735418457,0.011276035099116129,0.07852590664513724
0.3C DC vs 0.3C+0.7C 1tau,1.3,25.57766814525803,34.04315392636818,-8.465485781110146,24.9513564706931,0.6263116745649313,ok,1.0206075496456095,2.3777328314255173,0.014338283161432,0.014293558483530694,-3119.2491735418457,0.011276035099116129,0.07852590664513724
0.3C DC vs 0.3C+0.7C 1tau,1.31,49.56166295170351,10.322743204244034,39.23891974745948,48.76189723876905,0.7997657129344589,ok,1.0206075496456095,2.3777328314255173,0.014338283161432,0.014293558483530694,-3119.2491735418457,0.011276035099116129,0.07852590664513724
0.3C DC vs 0.3C+0.7C 1tau,1.32,26.027897504483008,34.62407058608642,-8.59617308160341,25.40085667546373,0.627040829019279,ok,1.0206075496456095,2.3777328314255173,0.014338283161432,0.014293558483530694,-3119.2491735418457,0.011276035099116129,0.07852590664513724
0.3C DC vs 0.3C+0.7C 1tau,1.33,49.95924131720312,10.87416407570072,39.0850772415024,49.14643201878607,0.8128092984170507,ok,1.0206075496456095,2.3777328314255173,0.014338283161432,0.014293558483530694,-3119.2491735418457,0.011276035099116129,0.07852590664513724
0.3C DC vs 0.3C+0.7C 1tau,1.34,26.47862611661367,35.20343138576209,-8.724805269148419,25.850473073433932,0.6281530431797364,ok,1.0206075496456095,2.3777328314255173,0.014338283161432,0.014293558483530694,-3119.2491735418457,0.011276035099116129,0.07852590664513724
0.3C DC vs 0.3C+0.7C 1tau,1.35,50.34640045709784,11.429136009498508,38.91726444759934,49.5297785003695,0.8166219567283406,ok,1.0206075496456095,2.3777328314255173,0.014338283161432,0.014293558483530694,-3119.2491735418457,0.011276035099116129,0.07852590664513724
0.3C DC vs 0.3C+0.7C 1tau,1.36,26.937686963975466,35.7811046219731,-8.843417657997634,26.30106760968556,0.6366193542899055,ok,1.0206075496456095,2.3777328314255173,0.014338283161432,0.014293558483530694,-3119.2491735418457,0.011276035099116129,0.07852590664513724
0.3C DC vs 0.3C+0.7C 1tau,1.37,50.71126942435694,11.986443362474349,38.724826061882595,49.91421219040785,0.79705723394909,ok,1.0206075496456095,2.3777328314255173,0.014338283161432,0.014293558483530694,-3119.2491735418457,0.011276035099116129,0.07852590664513724
0.3C DC vs 0.3C+0.7C 1tau,1.38,27.39277803368077,36.35746950583598,-8.9646914721543,26.75162479493156,0.6411532387492116,ok,1.0206075496456095,2.3777328314255173,0.014338283161432,0.014293558483530694,-3119.2491735418457,0.011276035099116129,0.07852590664513724
0.3C DC vs 0.3C+0.7C 1tau,1.39,51.09504080246188,12.547765013174285,38.5472757892876,50.28997521328711,0.8050655891747738,ok,1.0206075496456095,2.3777328314255173,0.014338283161432,0.014293558483530694,-3119.2491735418457,0.011276035099116129,0.07852590664513724
0.3C DC vs 0.3C+0.7C 1tau,1.4,27.845587117604737,36.93141665620806,-9.08582953860332,27.20230012283264,0.6432869947720974,ok,1.0206075496456095,2.3777328314255173,0.014338283161432,0.014293558483530694,-3119.2491735418457,0.011276035099116129,0.07852590664513724
0.3C DC vs 0.3C+0.7C 1tau,1.41,51.47671282930878,13.111988664176351,38.36472416513334,50.65504436710944,0.8216684621993409,ok,1.0206075496456095,2.3777328314255173,0.014338283161432,0.014293558483530694,-3119.2491735418457,0.011276035099116129,0.07852590664513724
0.3C DC vs 0.3C+0.7C 1tau,1.4200000000000002,28.299063946456045,37.503254145005485,-9.20419019854944,27.653021604800415,0.6460423416556296,ok,1.0206075496456095,2.3777328314255173,0.014338283161432,0.014293558483530694,-3119.2491735418457,0.011276035099116129,0.07852590664513724
0.3C DC vs 0.3C+0.7C 1tau,1.4300000000000002,51.84207646750565,13.678915158969176,38.16316130853647,51.01862163215537,0.823454835350276,ok,1.0206075496456095,2.3777328314255173,0.014338283161432,0.014293558483530694,-3119.2491735418457,0.011276035099116129,0.07852590664513724
0.3C DC vs 0.3C+0.7C 1tau,1.4400000000000002,28.752536261816203,38.07282438259245,-9.32028812077624,28.10378546949869,0.6487507923175144,ok,1.0206075496456095,2.3777328314255173,0.014338283161432,0.014293558483530694,-3119.2491735418457,0.011276035099116129,0.07852590664513724
0.3C DC vs 0.3C+0.7C 1tau,1.4500000000000002,52.20496297286809,14.248356701384182,37.956606271483906,51.380688479491255,0.8242744933768336,ok,1.0206075496456095,2.3777328314255173,0.014338283161432,0.014293558483530694,-3119.2491735418457,0.011276035099116129,0.07852590664513724
0.3C DC vs 0.3C+0.7C 1tau,1.46,29.20517263952206,38.639961375177336,-9.434788735655276,28.554587948837252,0.6505846906848092,ok,1.0206075496456095,2.3777328314255173,0.014338283161432,0.014293558483530694,-3119.2491735418457,0.011276035099116129,0.07852590664513724
0.3C DC vs 0.3C+0.7C 1tau,1.47,52.56497534270784,14.820135885207492,37.74483945750035,51.74122612514657,0.8237492175612715,ok,1.0206075496456095,2.3777328314255173,0.014338283161432,0.014293558483530694,-3119.2491735418457,0.011276035099116129,0.07852590664513724
0.3C DC vs 0.3C+0.7C 1tau,1.48,29.65767533899907,39.20448995036804,-9.546814611368973,29.005428268650576,0.6522470703484942,ok,1.0206075496456095,2.3777328314255173,0.014338283161432,0.014293558483530694,-3119.2491735418457,0.011276035099116129,0.07852590664513724
0.3C DC vs 0.3C+0.7C 1tau,1.49,52.92330984555065,15.394084805699094,37.52922503985155,52.07981542335801,0.8434944221926344,ok,1.0206075496456095,2.3777328314255173,0.014338283161432,0.014293558483530694,-3119.2491735418457,0.011276035099116129,0.07852590664513724
0.3C DC vs 0.3C+0.7C 1tau,1.5,30.110271201911928,39.76622491530907,-9.65595371339714,29.456278831457894,0.6539923704540342,ok,1.0206075496456095,2.3777328314255173,0.014338283161432,0.014293558483530694,-3119.2491735418457,0.011276035099116129,0.07852590664513724
0.3C DC vs 0.3C+0.7C 1tau,1.51,53.262232410301294,15.970044244189012,37.29218816611228,52.415925083963884,0.8463073263374099,ok,1.0206075496456095,2.3777328314255173,0.014338283161432,0.014293558483530694,-3119.2491735418457,0.011276035099116129,0.07852590664513724
0.3C DC vs 0.3C+0.7C 1tau,1.52,30.563278604221523,40.32497013946613,-9.761691535244609,29.907097152670758,0.6561814515507649,ok,1.0206075496456095,2.3777328314255173,0.014338283161432,0.014293558483530694,-3119.2491735418457,0.011276035099116129,0.07852590664513724
0.3C DC vs 0.3C+0.7C 1tau,1.53,53.594854309581024,16.547862917997918,37.046991391583106,52.75006819408827,0.8447861154927523,ok,1.0206075496456095,2.3777328314255173,0.014338283161432,0.014293558483530694,-3119.2491735418457,0.011276035099116129,0.07852590664513724
0.3C DC vs 0.3C+0.7C 1tau,1.54,31.01648041547196,40.880517553086065,-9.864037137614105,30.357879469439467,0.6586009460324931,ok,1.0206075496456095,2.3777328314255173,0.014338283161432,0.014293558483530694,-3119.2491735418457,0.011276035099116129,0.07852590664513724
0.3C DC vs 0.3C+0.7C 1tau,1.55,53.92495758509813,17.12739678872549,36.79756079637264,53.0815731061457,0.8433844789524301,ok,1.0206075496456095,2.3777328314255173,0.014338283161432,0.014293558483530694,-3119.2491735418457,0.011276035099116129,0.07852590664513724
0.3C DC vs 0.3C+0.7C 1tau,1.56,31.469718892324636,41.43264605125296,-9.962927158928323,30.80862201612763,0.6610968761970071,ok,1.0206075496456095,2.3777328314255173,0.014338283161432,0.014293558483530694,-3119.2491735418457,0.011276035099116129,0.07852590664513724
0.3C DC vs 0.3C+0.7C 1tau,1.57,54.25234932548756,17.708508422720115,36.54384090276744,53.38385867165562,0.868490653831941,ok,1.0206075496456095,2.3777328314255173,0.014338283161432,0.014293558483530694,-3119.2491735418457,0.011276035099116129,0.07852590664513724
0.3C DC vs 0.3C+0.7C 1tau,1.58,31.92350018545949,41.981120292104606,-10.057620106645118,31.259321024065684,0.664179161393804,ok,1.0206075496456095,2.3777328314255173,0.014338283161432,0.014293558483530694,-3119.2491735418457,0.011276035099116129,0.07852590664513724
0.3C DC vs 0.3C+0.7C 1tau,1.59,54.549337236927386,18.291066398176554,36.25827083875083,53.683560302391925,0.8657769345354609,ok,1.0206075496456095,2.3777328314255173,0.014338283161432,0.014293558483530694,-3119.2491735418457,0.011276035099116129,0.07852590664513724
0.3C DC vs 0.3C+0.7C 1tau,1.6,32.37752346262823,42.524047116465226,-10.146523653836994,31.709972721315353,0.6675507413128798,ok,1.0206075496456095,2.3777328314255173,0.014338283161432,0.014293558483530694,-3119.2491735418457,0.011276035099116129,0.07852590664513724
0.3C DC vs 0.3C+0.7C 1tau,1.61,54.84268967084972,18.874944753919408,35.967744916930315,53.980640231957295,0.8620494388924271,ok,1.0206075496456095,2.3777328314255173,0.014338283161432,0.014293558483530694,-3119.2491735418457,0.011276035099116129,0.07852590664513724
0.3C DC vs 0.3C+0.7C 1tau,1.62,32.83103081026093,43.06190554245131,-10.230874732190388,32.16057333242043,0.6704574778405004,ok,1.0206075496456095,2.3777328314255173,0.014338283161432,0.014293558483530694,-3119.2491735418457,0.011276035099116129,0.07852590664513724
0.3C DC vs 0.3C+0.7C 1tau,1.63,55.13233197186673,19.460022475363985,35.67230949650275,54.2538518471647,0.8784801247020368,ok,1.0206075496456095,2.3777328314255173,0.014338283161432,0.014293558483530694,-3119.2491735418457,0.011276035099116129,0.07852590664513724
0.3C DC vs 0.3C+0.7C 1tau,1.64,33.2840272633257,43.594861933594075,-10.310834670267468,32.61021288137454,0.6738143819511606,ok,1.0206075496456095,2.3777328314255173,0.014338283161432,0.014293558483530694,-3119.2491735418457,0.011276035099116129,0.07852590664513724
0.3C DC vs 0.3C+0.7C 1tau,1.65,55.39049238966709,20.0461830136137,35.3443093760543,54.50736015349412,0.883132236172969,ok,1.0206075496456095,2.3777328314255173,0.014338283161432,0.014293558483530694,-3119.2491735418457,0.011276035099116129,0.07852590664513724
0.3C DC vs 0.3C+0.7C 1tau,1.66,33.736519414139366,44.12255602415644,-10.386036610017072,33.0596370870835,0.6768823270558642,ok,1.0206075496456095,2.3777328314255173,0.014338283161432,0.014293558483530694,-3119.2491735418457,0.011276035099116129,0.07852590664513724
0.3C DC vs 0.3C+0.7C 1tau,1.6700000000000002,55.632911411335954,20.633313834043292,34.99959757729266,54.75731395550247,0.8755974558334856,ok,1.0206075496456095,2.3777328314255173,0.014338283161432,0.014293558483530694,-3119.2491735418457,0.011276035099116129,0.07852590664513724
0.3C DC vs 0.3C+0.7C 1tau,1.6800000000000002,34.18879590699089,44.64459910046753,-10.45580319347664,33.508937686202444,0.6798582207884465,ok,1.0206075496456095,2.3777328314255173,0.014338283161432,0.014293558483530694,-3119.2491735418457,0.011276035099116129,0.07852590664513724
0.3C DC vs 0.3C+0.7C 1tau,1.6900000000000002,55.87087834686281,21.221305991024565,34.649572355838245,54.972675618607354,0.8982027282554554,ok,1.0206075496456095,2.3777328314255173,0.014338283161432,0.014293558483530694,-3119.2491735418457,0.011276035099116129,0.07852590664513724
0.3C DC vs 0.3C+0.7C 1tau,1.7000000000000002,34.640830875137,45.16057103935054,-10.519740164213545,33.958110752631,0.682720122505998,ok,1.0206075496456095,2.3777328314255173,0.014338283161432,0.014293558483530694,-3119.2491735418457,0.011276035099116129,0.07852590664513724
0.3C DC vs 0.3C+0.7C 1tau,1.7100000000000002,56.05438517244329,21.81005372572963,34.24433144671366,55.16184995406729,0.8925352183759969,ok,1.0206075496456095,2.3777328314255173,0.014338283161432,0.014293558483530694,-3119.2491735418457,0.011276035099116129,0.07852590664513724
0.3C DC vs 0.3C+0.7C 1tau,1.72,35.09278903226459,45.67001698540753,-10.577227953142938,34.40715235040352,0.6856366818610695,ok,1.0206075496456095,2.3777328314255173,0.014338283161432,0.014293558483530694,-3119.2491735418457,0.011276035099116129,0.07852590664513724
0.3C DC vs 0.3C+0.7C 1tau,1.73,56.22522025869603,22.399454084227727,33.8257661744683,55.33921871300663,0.8860015456893962,ok,1.0206075496456095,2.3777328314255173,0.014338283161432,0.014293558483530694,-3119.2491735418457,0.011276035099116129,0.07852590664513724
0.3C DC vs 0.3C+0.7C 1tau,1.74,35.54458535482445,46.17244361414669,-10.627858259322238,34.85605853342622,0.6885268213982272,ok,1.0206075496456095,2.3777328314255173,0.014338283161432,0.014293558483530694,-3119.2491735418457,0.011276035099116129,0.07852590664513724
0.3C DC vs 0.3C+0.7C 1tau,1.75,56.34624145473572,22.98940655327988,33.35683490145584,55.441292809251536,0.9049486454841826,ok,1.0206075496456095,2.3777328314255173,0.014338283161432,0.014293558483530694,-3119.2491735418457,0.011276035099116129,0.07852590664513724
0.3C DC vs 0.3C+0.7C 1tau,1.76,35.99587430408701,46.66731491903465,-10.671440614947642,35.30482534520797,0.691048958879037,ok,1.0206075496456095,2.3777328314255173,0.014338283161432,0.014293558483530694,-3119.2491735418457,0.011276035099116129,0.07852590664513724
0.3C DC vs 0.3C+0.7C 1tau,1.77,56.41987735345356,23.57981271142762,32.840064642025936,55.53063251014191,0.8892448433116442,ok,1.0206075496456095,2.3777328314255173,0.014338283161432,0.014293558483530694,-3119.2491735418457,0.011276035099116129,0.07852590664513724
0.3C DC vs 0.3C+0.7C 1tau,1.78,36.445995102226334,47.15404744971511,-10.708052347488774,35.75199005658851,0.6940050456378231,ok,1.0206075496456095,2.3777328314255173,0.014338283161432,0.014293558483530694,-3119.2491735418457,0.011276035099116129,0.07852590664513724
0.3C DC vs 0.3C+0.7C 1tau,1.79,56.405934092798816,24.17057589314936,32.235358199649454,55.49906703744455,0.9068670553542688,ok,1.0206075496456095,2.3777328314255173,0.014338283161432,0.014293558483530694,-3119.2491735418457,0.011276035099116129,0.07852590664513724
0.3C DC vs 0.3C+0.7C 1tau,1.8,36.89507573846004,47.632004915783,-10.736929177322963,36.19836284116718,0.6967128972928549,ok,1.0206075496456095,2.3777328314255173,0.014338283161432,0.014293558483530694,-3119.2491735418457,0.011276035099116129,0.07852590664513724
0.3C DC vs 0.3C+0.7C 1tau,1.81,56.3059339688125,24.761600863962485,31.54433310485001,55.36854887416939,0.9373850946431048,ok,1.0206075496456095,2.3777328314255173,0.014338283161432,0.014293558483530694,-3119.2491735418457,0.011276035099116129,0.07852590664513724
0.3C DC vs 0.3C+0.7C 1tau,1.82,37.34366553888594,48.10049205486757,-10.75682651598163,36.644518595173395,0.6991469437125488,ok,1.0206075496456095,2.3777328314255173,0.014338283161432,0.014293558483530694,-3119.2491735418457,0.011276035099116129,0.07852590664513724
0.3C DC vs 0.3C+0.7C 1tau,1.83,55.99327645397898,25.352793504472174,30.640482949506804,55.011917117925805,0.981359336053174,ok,1.0206075496456095,2.3777328314255173,0.014338283161432,0.014293558483530694,-3119.2491735418457,0.011276035099116129,0.07852590664513724
0.3C DC vs 0.3C+0.7C 1tau,1.84,37.79170629750388,48.55344118682933,-10.761734889325451,37.090453045219874,0.7012532522840047,ok,1.0206075496456095,2.3777328314255173,0.014338283161432,0.014293558483530694,-3119.2491735418457,0.011276035099116129,0.07852590664513724
0.3C DC vs 0.3C+0.7C 1tau,1.85,54.91947726444778,25.944060501486092,28.97541676296169,53.62829616667295,1.2911810977748246,ok,1.0206075496456095,2.3777328314255173,0.014338283161432,0.014293558483530694,-3119.2491735418457,0.011276035099116129,0.07852590664513724
0.3C DC vs 0.3C+0.7C 1tau,1.86,38.239608115946794,48.98725147529967,-10.747643359352878,37.536161900171464,0.7034462157753296,ok,1.0206075496456095,2.3777328314255173,0.014338283161432,0.014293558483530694,-3119.2491735418457,0.011276035099116129,0.07852590664513724
0.3C DC vs 0.3C+0.7C 1tau,1.87,14.412122397746316,26.535309044315,-12.123186646568683,13.716108041479856,0.6960143562664598,ok,1.0206075496456095,2.3777328314255173,0.014338283161432,0.014293558483530694,-3119.2491735418457,0.011276035099116129,0.07852590664513724
0.3C DC vs 0.3C+0.7C 1tau,1.88,38.687139134663994,49.406919049427415,-10.719779914762512,37.981640850813164,0.7054982838508295,ok,1.0206075496456095,2.3777328314255173,0.014338283161432,0.014293558483530694,-3119.2491735418457,0.011276035099116129,0.07852590664513724
0.3C DC vs 0.3C+0.7C 1tau,1.89,14.82951174365553,27.126446524535822,-12.296934780879385,14.133734175492464,0.6957775681630665,ok,1.0206075496456095,2.3777328314255173,0.014338283161432,0.014293558483530694,-3119.2491735418457,0.011276035099116129,0.07852590664513724
0.3C DC vs 0.3C+0.7C 1tau,1.9,39.1339889912806,49.81113240835839,-10.677143417076875,38.42688556953908,0.7071034217415217,ok,1.0206075496456095,2.3777328314255173,0.014338283161432,0.014293558483530694,-3119.2491735418457,0.011276035099116129,0.07852590664513724
0.3C DC vs 0.3C+0.7C 1tau,1.91,15.25380887305164,27.717380237415455,-12.463571364362906,14.557400182252422,0.6964086907992169,ok,1.0206075496456095,2.3777328314255173,0.014338283161432,0.014293558483530694,-3119.2491735418457,0.011276035099116129,0.07852590664513724
0.3C DC vs 0.3C+0.7C 1tau,1.92,39.578897181662796,50.19842797288584,-10.619530791222132,38.869690698677005,0.7092064829857918,ok,1.0206075496456095,2.3777328314255173,0.014338283161432,0.014293558483530694,-3119.2491735418457,0.011276035099116129,0.07852590664513724
0.3C DC vs 0.3C+0.7C 1tau,1.93,15.680981057082136,28.30801708332092,-12.627036026237874,14.983599662269626,0.6973813948125098,ok,1.0206075496456095,2.3777328314255173,0.014338283161432,0.014293558483530694,-3119.2491735418457,0.011276035099116129,0.07852590664513724
0.3C DC vs 0.3C+0.7C 1tau,1.94,40.022069404246395,50.56716760962263,-10.545098205375323,39.31119698571911,0.7108724185272877,ok,1.0206075496456095,2.3777328314255173,0.014338283161432,0.014293558483530694,-3119.2491735418457,0.011276035099116129,0.07852590664513724
0.3C DC vs 0.3C+0.7C 1tau,1.95,16.212107930313323,28.898206259530525,-12.686098329216293,15.410489297980348,0.8016186323329748,ok,1.0206075496456095,2.3777328314255173,0.014338283161432,0.014293558483530694,-3119.2491735418457,0.011276035099116129,0.07852590664513724
0.3C DC vs 0.3C+0.7C 1tau,1.96,40.567927168342976,50.88277769435899,-10.314850526015109,39.75234076341803,0.815586404924943,ok,1.0206075496456095,2.3777328314255173,0.014338283161432,0.014293558483530694,-3119.2491735418457,0.011276035099116129,0.07852590664513724
0.3C DC vs 0.3C+0.7C 1tau,1.97,16.64009304690444,29.48797319082314,-12.8478801439187,15.837156840128955,0.8029362067754846,ok,1.0206075496456095,2.3777328314255173,0.014338283161432,0.014293558483530694,-3119.2491735418457,0.011276035099116129,0.07852590664513724
0.3C DC vs 0.3C+0.7C 1tau,1.98,41.00978340831443,51.17546223552836,-10.165678827213924,40.19357392285474,0.8162094854596944,ok,1.0206075496456095,2.3777328314255173,0.014338283161432,0.014293558483530694,-3119.2491735418457,0.011276035099116129,0.07852590664513724
0.3C DC vs 0.3C+0.7C 1tau,1.99,17.068706400418705,30.07715720039687,-13.008450799978164,16.26438125076038,0.8043251496583252,ok,1.0206075496456095,2.3777328314255173,0.014338283161432,0.014293558483530694,-3119.2491735418457,0.011276035099116129,0.07852590664513724
0.3C DC vs 0.3C+0.7C 1tau,2.0,41.451138238724525,51.43741496507755,-9.986276726353026,40.63448408538534,0.8166541533391865,ok,1.0206075496456095,2.3777328314255173,0.014338283161432,0.014293558483530694,-3119.2491735418457,0.011276035099116129,0.07852590664513724
0.3C DC vs 0.3C+0.7C 1tau,2.01,17.498167483930956,30.66565719077153,-13.16748970684057,16.693066196053223,0.8051012878777328,ok,1.0206075496456095,2.3777328314255173,0.014338283161432,0.014293558483530694,-3119.2491735418457,0.011276035099116129,0.07852590664513724
0.3C DC vs 0.3C+0.7C 1tau,2.02,41.892027561006216,51.60431177884766,-9.712284217841445,41.07506640128304,0.8169611597231778,ok,1.0206075496456095,2.3777328314255173,0.014338283161432,0.014293558483530694,-3119.2491735418457,0.011276035099116129,0.07852590664513724
0.3C DC vs 0.3C+0.7C 1tau,2.03,17.93258290357062,31.253369537213985,-13.320786633643364,17.127049336567325,0.8055335670032946,ok,1.0206075496456095,2.3777328314255173,0.014338283161432,0.014293558483530694,-3119.2491735418457,0.011276035099116129,0.07852590664513724
0.3C DC vs 0.3C+0.7C 1tau,2.04,42.33185927145132,51.71677999930398,-9.38492072785266,41.51282242466823,0.8190368467830922,ok,1.0206075496456095,2.3777328314255173,0.014338283161432,0.014293558483530694,-3119.2491735418457,0.011276035099116129,0.07852590664513724
0.3C DC vs 0.3C+0.7C 1tau,2.05,18.36893955843516,31.84018771979845,-13.471248161363292,17.56147160222281,0.8074679562123492,ok,1.0206075496456095,2.3777328314255173,0.014338283161432,0.014293558483530694,-3119.2491735418457,0.011276035099116129,0.07852590664513724
0.3C DC vs 0.3C+0.7C 1tau,2.06,42.76691229941116,51.66857247475764,-8.901660175346478,41.94830872613693,0.8186035732742312,ok,1.0206075496456095,2.3777328314255173,0.014338283161432,0.014293558483530694,-3119.2491735418457,0.011276035099116129,0.07852590664513724
0.3C DC vs 0.3C+0.7C 1tau,2.07,18.80559124422416,32.42600193718863,-13.62041069296447,17.99632735704654,0.8092638871776217,ok,1.0206075496456095,2.3777328314255173,0.014338283161432,0.014293558483530694,-3119.2491735418457,0.011276035099116129,0.07852590664513724
0.3C DC vs 0.3C+0.7C 1tau,2.08,43.20123994833011,51.39251225072803,-8.19127230239792,42.38336792127848,0.8178720270516351,ok,1.0206075496456095,2.3777328314255173,0.014338283161432,0.014293558483530694,-3119.2491735418457,0.011276035099116129,0.07852590664513724
0.3C DC vs 0.3C+0.7C 1tau,2.09,19.24310302745471,33.01069869956518,-13.767595672110474,18.431611004231854,0.8114920232228542,ok,1.0206075496456095,2.3777328314255173,0.014338283161432,0.014293558483530694,-3119.2491735418457,0.011276035099116129,0.07852590664513724
0.3C DC vs 0.3C+0.7C 1tau,2.0999999999999996,43.63510195219533,50.39253488659142,-6.757432934396093,42.81799441126441,0.8171075409309196,ok,1.0206075496456095,2.3777328314255173,0.014338283161432,0.014293558483530694,-3119.2491735418457,0.011276035099116129,0.07852590664513724
0.3C DC vs 0.3C+0.7C 1tau,2.11,19.68085085846542,33.59416039780717,-13.913309539341752,18.867316985578327,0.813533872887092,ok,1.0206075496456095,2.3777328314255173,0.014338283161432,0.014293558483530694,-3119.2491735418457,0.011276035099116129,0.07852590664513724
0.3C DC vs 0.3C+0.7C 1tau,2.1199999999999997,44.068439674492765,9.894101662943283,34.17433801154948,43.25218255802611,0.8162571164666588,ok,1.0206075496456095,2.3777328314255173,0.014338283161432,0.014293558483530694,-3119.2491735418457,0.011276035099116129,0.07852590664513724
0.3C DC vs 0.3C+0.7C 1tau,2.13,20.119452404644107,34.176264845861624,-14.056812441217517,19.30343978096971,0.8160126236743963,ok,1.0206075496456095,2.3777328314255173,0.014338283161432,0.014293558483530694,-3119.2491735418457,0.011276035099116129,0.07852590664513724
0.3C DC vs 0.3C+0.7C 1tau,2.1399999999999997,44.501289042478675,10.443643385468931,34.05764565700974,43.68592668368365,0.8153623587950278,ok,1.0206075496456095,2.3777328314255173,0.014338283161432,0.014293558483530694,-3119.2491735418457,0.011276035099116129,0.07852590664513724
0.3C DC vs 0.3C+0.7C 1tau,2.15,20.56058952946205,34.75688479285145,-14.196295263389402,19.742620232307672,0.8179692971543773,ok,1.0206075496456095,2.3777328314255173,0.014338283161432,0.014293558483530694,-3119.2491735418457,0.011276035099116129,0.07852590664513724
0.3C DC vs 0.3C+0.7C 1tau,2.1599999999999997,44.93328200902033,10.996775634400365,33.93650637461997,44.11883663735989,0.8144453716604403,ok,1.0206075496456095,2.3777328314255173,0.014338283161432,0.014293558483530694,-3119.2491735418457,0.011276035099116129,0.07852590664513724
0.3C DC vs 0.3C+0.7C 1tau,2.17,21.00409874831439,35.33588740120922,-14.33178865289483,20.18370286660138,0.8203958817130115,ok,1.0206075496456095,2.3777328314255173,0.014338283161432,0.014293558483530694,-3119.2491735418457,0.011276035099116129,0.07852590664513724
0.3C DC vs 0.3C+0.7C 1tau,2.1799999999999997,45.358311145762855,11.55326645554942,33.805044690213435,44.54576888012889,0.8125422656339651,ok,1.0206075496456095,2.3777328314255173,0.014338283161432,0.014293558483530694,-3119.2491735418457,0.011276035099116129,0.07852590664513724
0.3C DC vs 0.3C+0.7C 1tau,2.19,21.448491633173944,35.913133686726724,-14.46464205355278,20.62510437513265,0.8233872580412935,ok,1.0206075496456095,2.3777328314255173,0.014338283161432,0.014293558483530694,-3119.2491735418457,0.011276035099116129,0.07852590664513724
0.3C DC vs 0.3C+0.7C 1tau,2.1999999999999997,45.78288426869494,12.112897856224665,33.66998641247028,44.972138453547814,0.8107458151471292,ok,1.0206075496456095,2.3777328314255173,0.014338283161432,0.014293558483530694,-3119.2491735418457,0.011276035099116129,0.07852590664513724
0.3C DC vs 0.3C+0.7C 1tau,2.21,21.89346009030851,36.488477915887415,-14.595017825578909,21.06681996354837,0.8266401267601395,ok,1.0206075496456095,2.3777328314255173,0.014338283161432,0.014293558483530694,-3119.2491735418457,0.011276035099116129,0.07852590664513724
0.3C DC vs 0.3C+0.7C 1tau,2.22,46.206526812290576,12.675464626726352,33.531062185562405,45.39793859310066,0.8085882191899145,ok,1.0206075496456095,2.3777328314255173,0.014338283161432,0.014293558483530694,-3119.2491735418457,0.011276035099116129,0.07852590664513724
0.3C DC vs 0.3C+0.7C 1tau,2.23,22.338739747196996,37.061766955444,-14.723027208247004,21.50884486385712,0.8298948833398754,ok,1.0206075496456095,2.3777328314255173,0.014338283161432,0.014293558483530694,-3119.2491735418457,0.011276035099116129,0.07852590664513724
0.3C DC vs 0.3C+0.7C 1tau,2.24,46.62952192625926,13.24077326526185,33.38874866099559,45.8231624776663,0.806359448592957,ok,1.0206075496456095,2.3777328314255173,0.014338283161432,0.014293558483530694,-3119.2491735418457,0.011276035099116129,0.07852590664513724
0.3C DC vs 0.3C+0.7C 1tau,2.25,22.784511590617512,37.63283956856776,-14.848327977950248,21.95117433401265,0.8333372566048638,ok,1.0206075496456095,2.3777328314255173,0.014338283161432,0.014293558483530694,-3119.2491735418457,0.011276035099116129,0.07852590664513724
0.3C DC vs 0.3C+0.7C 1tau,2.26,47.05167165766579,13.808640995050157,33.24303066261564,46.24780322872448,0.803868428941314,ok,1.0206075496456095,2.3777328314255173,0.014338283161432,0.014293558483530694,-3119.2491735418457,0.011276035099116129,0.07852590664513724
0.3C DC vs 0.3C+0.7C 1tau,2.27,23.230366924426562,38.20152565121316,-14.971158726786598,22.393803657526405,0.836563266900157,ok,1.0206075496456095,2.3777328314255173,0.014338283161432,0.014293558483530694,-3119.2491735418457,0.011276035099116129,0.07852590664513724
0.3C DC vs 0.3C+0.7C 1tau,2.28,47.471034505543685,14.378894863822095,33.09213964172159,46.67185390955001,0.7991805959936755,ok,1.0206075496456095,2.3777328314255173,0.014338283161432,0.014293558483530694,-3119.2491735418457,0.011276035099116129,0.07852590664513724
0.3C DC vs 0.3C+0.7C 1tau,2.29,23.678849908603297,38.767645401627306,-15.088795493024008,22.839074885043374,0.8397750235599233,ok,1.0206075496456095,2.3777328314255173,0.014338283161432,0.014293558483530694,-3119.2491735418457,0.011276035099116129,0.07852590664513724
0.3C DC vs 0.3C+0.7C 1tau,2.3,47.88262109360767,14.951370916944144,32.931250176663525,47.08817546166847,0.7944456319391975,ok,1.0206075496456095,2.3777328314255173,0.014338283161432,0.014293558483530694,-3119.2491735418457,0.011276035099116129,0.07852590664513724
0.3C DC vs 0.3C+0.7C 1tau,2.31,24.128383402136933,39.33100841497162,-15.202625012834687,23.285159637760444,0.8432237643764893,ok,1.0206075496456095,2.3777328314255173,0.014338283161432,0.014293558483530694,-3119.2491735418457,0.011276035099116129,0.07852590664513724
0.3C DC vs 0.3C+0.7C 1tau,2.32,48.293429106161966,15.52591343642871,32.76751566973326,47.503158532012094,0.7902705741498721,ok,1.0206075496456095,2.3777328314255173,0.014338283161432,0.014293558483530694,-3119.2491735418457,0.011276035099116129,0.07852590664513724
0.3C DC vs 0.3C+0.7C 1tau,2.33,24.578194687523137,39.891412694119936,-15.3132180065968,23.731459530123175,0.8467351573999622,ok,1.0206075496456095,2.3777328314255173,0.014338283161432,0.014293558483530694,-3119.2491735418457,0.011276035099116129,0.07852590664513724
0.3C DC vs 0.3C+0.7C 1tau,2.34,48.70299103781508,16.10237423888975,32.60061679892533,47.91740324452985,0.7855877932852309,ok,1.0206075496456095,2.3777328314255173,0.014338283161432,0.014293558483530694,-3119.2491735418457,0.011276035099116129,0.07852590664513724
0.3C DC vs 0.3C+0.7C 1tau,2.35,25.028210856389705,40.44864356641483,-15.420432710025125,24.17797032181079,0.8502405345789157,ok,1.0206075496456095,2.3777328314255173,0.014338283161432,0.014293558483530694,-3119.2491735418457,0.011276035099116129,0.07852590664513724
0.3C DC vs 0.3C+0.7C 1tau,2.36,49.11152873921492,16.680612026255403,32.430916712959515,48.33090106675081,0.7806276724641066,ok,1.0206075496456095,2.3777328314255173,0.014338283161432,0.014293558483530694,-3119.2491735418457,0.011276035099116129,0.07852590664513724
0.3C DC vs 0.3C+0.7C 1tau,2.3699999999999997,25.47860536564076,41.00247249489985,-15.523867129259088,24.624687789251766,0.8539175763889943,ok,1.0206075496456095,2.3777328314255173,0.014338283161432,0.014293558483530694,-3119.2491735418457,0.011276035099116129,0.07852590664513724
0.3C DC vs 0.3C+0.7C 1tau,2.38,49.519081434204054,17.26049178373978,32.25858965046427,48.74364338300984,0.7754380511942145,ok,1.0206075496456095,2.3777328314255173,0.014338283161432,0.014293558483530694,-3119.2491735418457,0.011276035099116129,0.07852590664513724
0.3C DC vs 0.3C+0.7C 1tau,2.3899999999999997,25.929221192085606,41.55265577094178,-15.623434578856177,25.07160772531097,0.8576134667746373,ok,1.0206075496456095,2.3777328314255173,0.014338283161432,0.014293558483530694,-3119.2491735418457,0.011276035099116129,0.07852590664513724
0.3C DC vs 0.3C+0.7C 1tau,2.4,49.916224650085496,17.841884220066277,32.07434043001922,49.15377465320307,0.7624499968824239,ok,1.0206075496456095,2.3777328314255173,0.014338283161432,0.014293558483530694,-3119.2491735418457,0.011276035099116129,0.07852590664513724
0.3C DC vs 0.3C+0.7C 1tau,2.4099999999999997,26.379907496138912,42.09893307340826,-15.719025577269347,25.51872593898588,0.8611815571530315,ok,1.0206075496456095,2.3777328314255173,0.014338283161432,0.014293558483530694,-3119.2491735418457,0.011276035099116129,0.07852590664513724
0.3C DC vs 0.3C+0.7C 1tau,2.42,50.309512579568036,18.42466524545671,31.884847334111328,49.55488616467301,0.7546264148950286,ok,1.0206075496456095,2.3777328314255173,0.014338283161432,0.014293558483530694,-3119.2491735418457,0.011276035099116129,0.07852590664513724
0.3C DC vs 0.3C+0.7C 1tau,2.4299999999999997,26.83255872738846,42.641025877359425,-15.808467149970966,25.967384159237554,0.8651745681509055,ok,1.0206075496456095,2.3777328314255173,0.014338283161432,0.014293558483530694,-3119.2491735418457,0.011276035099116129,0.07852590664513724
0.3C DC vs 0.3C+0.7C 1tau,2.44,50.70177694564518,19.008715483370903,31.693061462274272,49.95505431604033,0.7467226296048466,ok,1.0206075496456095,2.3777328314255173,0.014338283161432,0.014293558483530694,-3119.2491735418457,0.011276035099116129,0.07852590664513724
0.3C DC vs 0.3C+0.7C 1tau,2.4499999999999997,27.28504137285381,43.1786356929515,-15.89359432009769,26.416644410075605,0.8683969627782062,ok,1.0206075496456095,2.3777328314255173,0.014338283161432,0.014293558483530694,-3119.2491735418457,0.011276035099116129,0.07852590664513724
0.3C DC vs 0.3C+0.7C 1tau,2.46,51.092588631188846,19.593919812265085,31.49866881892376,50.354268188813876,0.7383204423749703,ok,1.0206075496456095,2.3777328314255173,0.014338283161432,0.014293558483530694,-3119.2491735418457,0.011276035099116129,0.07852590664513724
0.3C DC vs 0.3C+0.7C 1tau,2.47,27.738015628030553,43.711442112193254,-15.9734264841627,26.866026564533968,0.871989063496585,ok,1.0206075496456095,2.3777328314255173,0.014338283161432,0.014293558483530694,-3119.2491735418457,0.011276035099116129,0.07852590664513724
0.3C DC vs 0.3C+0.7C 1tau,2.48,51.48211000568699,20.180166934094817,31.301943071592177,50.7525167435615,0.7295932621254906,ok,1.0206075496456095,2.3777328314255173,0.014338283161432,0.014293558483530694,-3119.2491735418457,0.011276035099116129,0.07852590664513724
0.3C DC vs 0.3C+0.7C 1tau,2.49,28.191259389639526,44.23910063807671,-16.04784124843718,27.31552671458121,0.8757326750583161,ok,1.0206075496456095,2.3777328314255173,0.014338283161432,0.014293558483530694,-3119.2491735418457,0.011276035099116129,0.07852590664513724
0.3C DC vs 0.3C+0.7C 1tau,2.5,51.85667555637701,20.767348966406644,31.08932658997037,51.1497888180711,0.7068867383059114,ok,1.0206075496456095,2.3777328314255173,0.014338283161432,0.014293558483530694,-3119.2491735418457,0.011276035099116129,0.07852590664513724
0.3C DC vs 0.3C+0.7C 1tau,2.51,28.64386578970516,44.76124026653815,-16.117374476832993,27.7651409612281,0.8787248284770612,ok,1.0206075496456095,2.3777328314255173,0.014338283161432,0.014293558483530694,-3119.2491735418457,0.011276035099116129,0.07852590664513724
0.3C DC vs 0.3C+0.7C 1tau,2.52,52.22771018639469,21.355361055309913,30.872349131084775,51.53443644155959,0.6932737448350963,ok,1.0206075496456095,2.3777328314255173,0.014338283161432,0.014293558483530694,-3119.2491735418457,0.011276035099116129,0.07852590664513724
0.3C DC vs 0.3C+0.7C 1tau,2.53,29.152424315176177,45.277427731709395,-16.125003416533218,28.214604387014333,0.9378199281618436,ok,1.0206075496456095,2.3777328314255173,0.014338283161432,0.014293558483530694,-3119.2491735418457,0.011276035099116129,0.07852590664513724
0.3C DC vs 0.3C+0.7C 1tau,2.54,52.63271477864873,21.94423164598811,30.688483132660625,51.916132858297715,0.7165819203510182,ok,1.0206075496456095,2.3777328314255173,0.014338283161432,0.014293558483530694,-3119.2491735418457,0.011276035099116129,0.07852590664513724
