parameter_set,condition,reference_condition,ac_c,peak_c,tau_factor_set,Q_Ah,t_DC_s,t_DCAC_s,delta_t_raw_s,t_DC_geom_s,t_DCAC_geom_s,delta_t_geom_s,delta_t_resid_s
Chen2020,Chen2020_DFN_DC03_AC0p1_1p5tauSet,Chen2020_DFN_DC03,0.1,0.4,1.5,0.2,479.9999999999992,453.58086454873876,26.419135451260445,480.0,453.5789729772002,26.42102702279982,-0.0018915715393745813
Chen2020,Chen2020_DFN_DC03_AC0p1_1p5tauSet,Chen2020_DFN_DC03,0.1,0.4,1.5,0.23285095504712852,558.8422921131074,522.7988097826471,36.04348233046028,558.8422921131084,522.7943705529377,36.04792156017072,-0.004439229710442305
Chen2020,Chen2020_DFN_DC03_AC0p1_1p5tauSet,Chen2020_DFN_DC03,0.1,0.4,1.5,0.26570191009425703,637.6845842262156,629.0486576535734,8.635926572642234,637.6845842262169,629.046995409814,8.637588816402854,-0.0016622437606201856
Chen2020,Chen2020_DFN_DC03_AC0p1_1p5tauSet,Chen2020_DFN_DC03,0.1,0.4,1.5,0.29855286514138557,716.5268763393238,713.9445974527599,2.582278886563927,716.5268763393254,713.9465914438363,2.5802848954891715,0.001993991074755286
Chen2020,Chen2020_DFN_DC03_AC0p1_1p5tauSet,Chen2020_DFN_DC03,0.1,0.4,1.5,0.33140382018851405,795.3691684524325,775.4418036114765,19.92736484095599,795.3691684524338,775.4401204142667,19.929048038167025,-0.0016831972110367133
Chen2020,Chen2020_DFN_DC03_AC0p1_1p5tauSet,Chen2020_DFN_DC03,0.1,0.4,1.5,0.36425477523564254,874.2114605655402,838.7684042768914,35.44305628864879,874.2114605655421,838.764207574772,35.44725299077015,-0.00419670212136225
Chen2020,Chen2020_DFN_DC03_AC0p1_1p5tauSet,Chen2020_DFN_DC03,0.1,0.4,1.5,0.3971057302827711,953.0537526786494,931.7419412213252,21.31181145732421,953.0537526786507,931.738934570581,21.31481810806963,-0.0030066507454193925
Chen2020,Chen2020_DFN_DC03_AC0p1_1p5tauSet,Chen2020_DFN_DC03,0.1,0.4,1.5,0.4299566853298996,1031.896044791758,1031.819397677336,0.07664711442203043,1031.896044791759,1031.819792645719,0.07625214604013308,0.0003949683818973426
Chen2020,Chen2020_DFN_DC03_AC0p1_1p5tauSet,Chen2020_DFN_DC03,0.1,0.4,1.5,0.4628076403770281,1110.7383369048662,1097.4880846693695,13.250252235496646,1110.7383369048673,1097.4873553087377,13.250981596129577,-0.0007293606329312752
Chen2020,Chen2020_DFN_DC03_AC0p1_1p5tauSet,Chen2020_DFN_DC03,0.1,0.4,1.5,0.49565859542415663,1189.5806290179742,1157.94942633295,31.631202685024164,1189.580629017976,1157.9469621527342,31.63366686524182,-0.0024641802176574856
Chen2020,Chen2020_DFN_DC03_AC0p1_1p5tauSet,Chen2020_DFN_DC03,0.1,0.4,1.5,0.5285095504712851,1268.4229211310821,1236.4595081500602,31.963412981021975,1268.4229211310842,1236.4535899392306,31.9693311918536,-0.005918210831623583
Chen2020,Chen2020_DFN_DC03_AC0p1_1p5tauSet,Chen2020_DFN_DC03,0.1,0.4,1.5,0.5613605055184137,1347.2652132441915,1345.6025180697984,1.6626951743930931,1347.2652132441929,1345.6017362463951,1.6634769977977157,-0.000781823404622628
Chen2020,Chen2020_DFN_DC03_AC0p1_1p5tauSet,Chen2020_DFN_DC03,0.1,0.4,1.5,0.5942114605655422,1426.1075053573,1419.0058490466474,7.1016563106525155,1426.1075053573013,1419.0059807146745,7.101524642626828,0.00013166802568775893
Chen2020,Chen2020_DFN_DC03_AC0p1_1p5tauSet,Chen2020_DFN_DC03,0.1,0.4,1.5,0.6270624156126707,1504.9497974704093,1478.9626273945455,25.987170075863787,1504.9497974704097,1478.960350450457,25.98944701995265,-0.002276944088862365
Chen2020,Chen2020_DFN_DC03_AC0p1_1p5tauSet,Chen2020_DFN_DC03,0.1,0.4,1.5,0.6599133706597992,1583.792089583518,1547.647933153263,36.14415643025495,1583.792089583518,1547.643037857352,36.14905172616591,-0.0048952959109556105
Chen2020,Chen2020_DFN_DC03_AC0p1_1p5tauSet,Chen2020_DFN_DC03,0.1,0.4,1.5,0.6927643257069276,1662.6343816966262,1653.2410740465627,9.393307650063434,1662.6343816966262,1653.2381401689984,9.396241527627808,-0.002933877564373688
Chen2020,Chen2020_DFN_DC03_AC0p1_1p5tauSet,Chen2020_DFN_DC03,0.1,0.4,1.5,0.7256152807540561,1741.4766738097346,1739.166291286924,2.3103825228106416,1741.4766738097348,1739.1648815336086,2.311792276126198,-0.0014097533155563724
Chen2020,Chen2020_DFN_DC03_AC0p1_1p5tauSet,Chen2020_DFN_DC03,0.1,0.4,1.5,0.7584662358011847,1820.3189659228444,1800.8599827485884,19.45898317425599,1820.318965922843,1800.8576346291036,19.461331293739477,-0.002348119483485789
Chen2020,Chen2020_DFN_DC03_AC0p1_1p5tauSet,Chen2020_DFN_DC03,0.1,0.4,1.5,0.7913171908483132,1899.161258035954,1863.8989472812227,35.26231075473129,1899.1612580359517,1863.895056534319,35.26620150163262,-0.0038907469013338414
Chen2020,Chen2020_DFN_DC03_AC0p1_1p5tauSet,Chen2020_DFN_DC03,0.1,0.4,1.5,0.8241681458954417,1978.0035501490624,1955.7836737751795,22.219876373882926,1978.0035501490602,1955.7787488073948,22.224801341665398,-0.004924967782471867
Chen2020,Chen2020_DFN_DC03_AC0p1_1p5tauSet,Chen2020_DFN_DC03,0.1,0.4,1.5,0.8570191009425703,2056.8458422621698,2056.81614426003,0.02969800213986673,2056.8458422621684,2056.815227912716,0.030614349452207534,-0.0009163473123408039
Chen2020,Chen2020_DFN_DC03_AC0p1_1p5tauSet,Chen2020_DFN_DC03,0.1,0.4,1.5,0.8898700559896988,2135.688134375277,2122.8937952054116,12.794339169865452,2135.688134375277,2122.8916276780296,12.796506697247423,-0.002167527381971013
Chen2020,Chen2020_DFN_DC03_AC0p1_1p5tauSet,Chen2020_DFN_DC03,0.1,0.4,1.5,0.9227210110368271,2214.530426488386,2183.2479925558423,31.28243393254388,2214.530426488385,2183.2436564403915,31.286770047993286,-0.0043361154494050425
Chen2020,Chen2020_DFN_DC03_AC0p1_1p5tauSet,Chen2020_DFN_DC03,0.1,0.4,1.5,0.9555719660839557,2293.3727186014958,2260.9090903526812,32.46362824881453,2293.3727186014935,2260.9022772164485,32.47044138504498,-0.0068131362304484355
Chen2020,Chen2020_DFN_DC03_AC0p1_1p5tauSet,Chen2020_DFN_DC03,0.1,0.4,1.5,0.9884229211310842,2372.2150107146044,2370.2331212290624,1.9818894855420695,2372.215010714602,2370.232266192493,1.9827445221089874,-0.0008550365669179882
Chen2020,Chen2020_DFN_DC03_AC0p1_1p5tauSet,Chen2020_DFN_DC03,0.1,0.4,1.5,1.0212738761782127,2451.0573028277126,2444.3467322622705,6.71057056544214,2451.057302827711,2444.344781580831,6.712521246879987,-0.0019506814378473791
Chen2020,Chen2020_DFN_DC03_AC0p1_1p5tauSet,Chen2020_DFN_DC03,0.1,0.4,1.5,1.0541248312253413,2529.8995949408227,2504.349211711153,25.550383229669478,2529.899594940819,2504.3459482820354,25.55364665878369,-0.003263429114213068
Chen2020,Chen2020_DFN_DC03_AC0p1_1p5tauSet,Chen2020_DFN_DC03,0.1,0.4,1.5,1.0869757862724698,2608.7418870539314,2572.523475733243,36.218411320688574,2608.7418870539277,2572.516215027813,36.22567202611481,-0.007260705426233471
Chen2020,Chen2020_DFN_DC03_AC0p1_1p5tauSet,Chen2020_DFN_DC03,0.1,0.4,1.5,1.1198267413195984,2687.5841791670396,2677.400674133718,10.18350503332158,2687.584179167036,2677.4000358406474,10.184143326388494,-0.0006382930669133202
Chen2020,Chen2020_DFN_DC03_AC0p1_1p5tauSet,Chen2020_DFN_DC03,0.1,0.4,1.5,1.152677696366727,2766.426471280144,2764.3698862305177,2.056585049626392,2766.4264712801446,2764.3712163212185,2.0552549589260707,0.001330090700321307
Chen2020,Chen2020_DFN_DC03_AC0p1_1p5tauSet,Chen2020_DFN_DC03,0.1,0.4,1.5,1.1855286514138552,2845.2687633932524,2826.277910975129,18.990852418123268,2845.268763393253,2826.2758020982005,18.992961295052282,-0.0021088769290145137
Chen2020,Chen2020_DFN_DC03_AC0p1_1p5tauSet,Chen2020_DFN_DC03,0.1,0.4,1.5,1.2183796064609838,2924.111055506357,2889.0450305076424,35.06602499871451,2924.111055506361,2889.0406729038755,35.07038260248555,-0.0043576037710408855
Chen2020,Chen2020_DFN_DC03_AC0p1_1p5tauSet,Chen2020_DFN_DC03,0.1,0.4,1.5,1.2512305615081123,3002.9533476194656,2979.8398591771697,23.113488442295875,3002.9533476194697,2979.834215509191,23.11913211027877,-0.00564366798289484
Chen2020,Chen2020_DFN_DC03_AC0p1_1p5tauSet,Chen2020_DFN_DC03,0.1,0.4,1.5,1.2840815165552408,3081.7956397325765,3081.789621601262,0.006018131314704078,3081.795639732578,3081.790364737789,0.0052749947890333715,0.0007431365256707068
Chen2020,Chen2020_DFN_DC03_AC0p1_1p5tauSet,Chen2020_DFN_DC03,0.1,0.4,1.5,1.3169324716023694,3160.637931845681,3148.2943678863003,12.343563959380845,3160.637931845686,3148.2931255182893,12.344806327396782,-0.0012423680159372452
Chen2020,Chen2020_DFN_DC03_AC0p1_1p5tauSet,Chen2020_DFN_DC03,0.1,0.4,1.5,1.349783426649498,3239.480223958793,3208.5515981459,30.928625812893188,3239.4802239587952,3208.548712516061,30.931511442734063,-0.002885629840875481
Chen2020,Chen2020_DFN_DC03_AC0p1_1p5tauSet,Chen2020_DFN_DC03,0.1,0.4,1.5,1.3826343816966264,3318.3225160718994,3285.388782463576,32.933733608323564,3318.3225160719035,3285.3847525988413,32.937763473062205,-0.004029864738640754
Chen2020,Chen2020_DFN_DC03_AC0p1_1p5tauSet,Chen2020_DFN_DC03,0.1,0.4,1.5,1.4154853367437548,3397.164808185008,3394.8326541365386,2.3321540484694196,3397.164808185011,3394.8314025383575,2.333405646653773,-0.0012515981843534973
Chen2020,Chen2020_DFN_DC03_AC0p1_1p5tauSet,Chen2020_DFN_DC03,0.1,0.4,1.5,1.4483362917908833,3476.0071002981176,3469.677292043594,6.329808254523414,3476.00710029812,3469.676776390159,6.330323907960974,-0.0005156534375601041
Chen2020,Chen2020_DFN_DC03_AC0p1_1p5tauSet,Chen2020_DFN_DC03,0.1,0.4,1.5,1.4811872468380118,3554.849392411229,3529.7374128440533,25.111979567175695,3554.8493924112286,3529.735497837093,25.11389457413543,-0.0019150069597344554
Chen2020,Chen2020_DFN_DC03_AC0p1_1p5tauSet,Chen2020_DFN_DC03,0.1,0.4,1.5,1.5140382018851404,3633.691684524338,3597.416514619229,36.275169905109124,3633.6916845243372,3597.4131114885695,36.27857303576775,-0.0034031306586257415
Chen2020,Chen2020_DFN_DC03_AC0p1_1p5tauSet,Chen2020_DFN_DC03,0.1,0.4,1.5,1.546889156932269,3712.533976637447,3701.5367879618207,10.997188675626148,3712.5339766374454,3701.5344488720843,10.999527765361108,-0.002339089734959998
Chen2020,Chen2020_DFN_DC03_AC0p1_1p5tauSet,Chen2020_DFN_DC03,0.1,0.4,1.5,1.5797401119793975,3791.3762687505523,3789.56579060837,1.8104781421820917,3791.3762687505537,3789.5651248373956,1.8111439131580482,-0.0006657709759565478
Chen2020,Chen2020_DFN_DC03_AC0p1_1p5tauSet,Chen2020_DFN_DC03,0.1,0.4,1.5,1.612591067026526,3870.218560863663,3851.695824901423,18.52273596223995,3870.2185608636623,3851.694387540373,18.524173323289233,-0.0014373610492839362
Chen2020,Chen2020_DFN_DC03_AC0p1_1p5tauSet,Chen2020_DFN_DC03,0.1,0.4,1.5,1.6454420220736543,3949.060852976771,3914.203804605084,34.85704837168714,3949.0608529767705,3914.200514722821,34.86033825394952,-0.003289882262379251
Chen2020,Chen2020_DFN_DC03_AC0p1_1p5tauSet,Chen2020_DFN_DC03,0.1,0.4,1.5,1.6782929771207828,4027.9031450898806,4003.9121559509395,23.99098913894113,4027.9031450898788,4003.9084248423023,23.994720247576424,-0.0037311086352929124
Chen2020,Chen2020_DFN_DC03_AC0p1_1p5tauSet,Chen2020_DFN_DC03,0.1,0.4,1.5,1.7111439321679114,4106.745437202991,4106.744397913638,0.0010392893527750857,4106.745437202987,4106.74448271417,0.0009544888171149069,8.480053566017887e-05
Chen2020,Chen2020_DFN_DC03_AC0p1_1p5tauSet,Chen2020_DFN_DC03,0.1,0.4,1.5,1.74399488721504,4185.5877293161,4173.692641672241,11.89508764385937,4185.587729316096,4173.691596656322,11.896132659773684,-0.0010450159143147175
Chen2020,Chen2020_DFN_DC03_AC0p1_1p5tauSet,Chen2020_DFN_DC03,0.1,0.4,1.5,1.7768458422621685,4264.430021429208,4233.8654740514285,30.56454737777949,4264.430021429204,4233.861773843903,30.568247585300924,-0.0037002075214331853
Chen2020,Chen2020_DFN_DC03_AC0p1_1p5tauSet,Chen2020_DFN_DC03,0.1,0.4,1.5,1.809696797309297,4343.272313542315,4309.9050611313905,33.367252410924266,4343.272313542313,4309.900650707111,33.37166283520219,-0.0044104242779212655
Chen2020,Chen2020_DFN_DC03_AC0p1_1p5tauSet,Chen2020_DFN_DC03,0.1,0.4,1.5,1.8425477523564255,4422.114605655421,4419.398389657803,2.7162159976178373,4422.114605655422,4419.398485271008,2.7161203844134434,9.56132043938851e-05
Chen2020,Chen2020_DFN_DC03_AC0p1_1p5tauSet,Chen2020_DFN_DC03,0.1,0.4,1.5,1.875398707403554,4500.956897768534,4495.002568755704,5.954329012830385,4500.956897768529,4495.001638754647,5.955259013882824,-0.0009300010524384561
Chen2020,Chen2020_DFN_DC03_AC0p1_1p5tauSet,Chen2020_DFN_DC03,0.1,0.4,1.5,1.9082496624506826,4579.799189881645,4555.131933141756,24.667256739889126,4579.799189881638,4555.128734602957,24.670455278681402,-0.00319853879227594
Chen2020,Chen2020_DFN_DC03_AC0p1_1p5tauSet,Chen2020_DFN_DC03,0.1,0.4,1.5,1.941100617497811,4658.641481994756,4622.337894666439,36.30358732831701,4658.641481994747,4622.332949254779,36.30853273996763,-0.00494541165062401
Chen2020,Chen2020_DFN_DC03_AC0p1_1p5tauSet,Chen2020_DFN_DC03,0.1,0.4,1.5,1.9739515725449395,4737.4837741078645,4725.646531332583,11.837242775281084,4737.4837741078545,4725.643451622126,11.840322485728393,-0.0030797104473094805
Chen2020,Chen2020_DFN_DC03_AC0p1_1p5tauSet,Chen2020_DFN_DC03,0.1,0.4,1.5,2.0068025275920682,4816.326066220972,4814.746322477961,1.5797437430110222,4816.326066220964,4814.746121520034,1.5799447009303549,-0.00020095791933272267
Chen2020,Chen2020_DFN_DC03_AC0p1_1p5tauSet,Chen2020_DFN_DC03,0.1,0.4,1.5,2.0396534826391965,4895.16835833408,4877.115115690976,18.05324264310366,4895.168358334072,4877.113156092999,18.055202241072948,-0.0019595979692894616
Chen2020,Chen2020_DFN_DC03_AC0p1_1p5tauSet,Chen2020_DFN_DC03,0.1,0.4,1.5,2.0725044376863253,4974.010650447186,4939.378109713026,34.6325407341601,4974.0106504471805,4939.374056553779,34.63659389340137,-0.004053159241266258
Chen2020,Chen2020_DFN_DC03_AC0p1_1p5tauSet,Chen2020_DFN_DC03,0.1,0.4,1.5,2.1053553927334536,5052.852942560292,5028.009474020211,24.84346854008072,5052.852942560289,5028.004205717963,24.848736842326616,-0.005268302245895029
Chen2020,Chen2020_DFN_DC03_AC0p1_1p5tauSet,Chen2020_DFN_DC03,0.1,0.4,1.5,2.1382063477805824,5131.695234673402,5131.677692093486,0.017542579916153045,5131.695234673398,5131.6768438474855,0.018390825912319997,-0.000848245996166952
Chen2020,Chen2020_DFN_DC03_AC0p1_1p5tauSet,Chen2020_DFN_DC03,0.1,0.4,1.5,2.1710573028277107,5210.53752678651,5199.088570109117,11.448956677392744,5210.537526786506,5199.086785811049,11.450740975456938,-0.001784298064194445
Chen2020,Chen2020_DFN_DC03_AC0p1_1p5tauSet,Chen2020_DFN_DC03,0.1,0.4,1.5,2.2039082578748395,5289.379818899617,5259.186122390525,30.19369650909175,5289.379818899614,5259.182492914447,30.19732598516748,-0.0036294760757300537
Chen2020,Chen2020_DFN_DC03_AC0p1_1p5tauSet,Chen2020_DFN_DC03,0.1,0.4,1.5,2.2367592129219678,5368.222111012727,5334.454650218053,33.76746079467375,5368.222111012723,5334.449502004322,33.77260900840065,-0.005148213726897666
Chen2020,Chen2020_DFN_DC03_AC0p1_1p5tauSet,Chen2020_DFN_DC03,0.1,0.4,1.5,2.2696101679690965,5447.064403125834,5443.933642390515,3.1307607353191997,5447.064403125832,5443.932916881883,3.1314862439485296,-0.0007255086293298518
Chen2020,Chen2020_DFN_DC03_AC0p1_1p5tauSet,Chen2020_DFN_DC03,0.1,0.4,1.5,2.302461123016225,5525.906695238942,5520.320489312958,5.586205925984359,5525.906695238939,5520.319034368842,5.587660870097352,-0.0014549441129929619
Chen2020,Chen2020_DFN_DC03_AC0p1_1p5tauSet,Chen2020_DFN_DC03,0.1,0.4,1.5,2.335312078063353,5604.748987352053,5580.528490835453,24.22049651659927,5604.748987352047,5580.52539789497,24.22358945707674,-0.003092940477472439
Chen2020,Chen2020_DFN_DC03_AC0p1_1p5tauSet,Chen2020_DFN_DC03,0.1,0.4,1.5,2.368163033110482,5683.591279465156,5647.280083670584,36.311195794572086,5683.591279465157,5647.27496485794,36.316314607216555,-0.005118812644468562
Chen2020,Chen2020_DFN_DC03_AC0p1_1p5tauSet,Chen2020_DFN_DC03,0.1,0.4,1.5,2.4010139881576102,5762.433571578261,5749.732619613311,12.700951964950036,5762.4335715782645,5749.729420855492,12.704150722772283,-0.0031987578222469892
Chen2020,Chen2020_DFN_DC03_AC0p1_1p5tauSet,Chen2020_DFN_DC03,0.1,0.4,1.5,2.433864943204739,5841.275863691366,5839.915056059309,1.3608076320570035,5841.275863691374,5839.91370565958,1.3621580317940243,-0.0013503997370207799
Chen2020,Chen2020_DFN_DC03_AC0p1_1p5tauSet,Chen2020_DFN_DC03,0.1,0.4,1.5,2.4667158982518673,5920.118155804474,5902.534405489946,17.583750314527606,5920.118155804482,5902.53187307674,17.58628272774149,-0.0025324132138848654
Chen2020,Chen2020_DFN_DC03_AC0p1_1p5tauSet,Chen2020_DFN_DC03,0.1,0.4,1.5,2.499566853298996,5998.960447917585,5964.565425840441,34.39502207714395,5998.9604479175905,5964.560788956986,34.39965896060494,-0.004636883460989338
Chen2020,Chen2020_DFN_DC03_AC0p1_1p5tauSet,Chen2020_DFN_DC03,0.1,0.4,1.5,2.5324178083461244,6077.802740030691,6052.1317996542875,25.67094037640345,6077.802740030699,6052.124101804889,25.678638225810573,-0.007697849407122703
Chen2020,Chen2020_DFN_DC03_AC0p1_1p5tauSet,Chen2020_DFN_DC03,0.1,0.4,1.5,2.565268763393253,6156.645032143797,6156.588988960295,0.056043183501969907,6156.645032143807,6156.586693479739,0.05833866406828747,-0.002295480566317565
Chen2020,Chen2020_DFN_DC03_AC0p1_1p5tauSet,Chen2020_DFN_DC03,0.1,0.4,1.5,2.5981197184403815,6235.487324256899,6224.480288918492,11.00703533840715,6235.487324256916,6224.478434317552,11.008889939364053,-0.001854600956903596
Chen2020,Chen2020_DFN_DC03_AC0p1_1p5tauSet,Chen2020_DFN_DC03,0.1,0.4,1.5,2.63097067348751,6314.329616370005,6284.514012929021,29.815603440983978,6314.329616370024,6284.510530800779,29.819085569245544,-0.003482128261566686
Chen2020,Chen2020_DFN_DC03_AC0p1_1p5tauSet,Chen2020_DFN_DC03,0.1,0.4,1.5,2.6638216285346386,6393.171908483116,6359.03887172765,34.13303675546558,6393.171908483132,6359.030750422648,34.141158060483576,-0.008121305017994018
Chen2020,Chen2020_DFN_DC03_AC0p1_1p5tauSet,Chen2020_DFN_DC03,0.1,0.4,1.5,2.696672583581767,6472.014200596227,6468.436904649143,3.577295947084167,6472.014200596241,6468.434177274887,3.5800233213540196,-0.0027273742698525894
Chen2020,Chen2020_DFN_DC03_AC0p1_1p5tauSet,Chen2020_DFN_DC03,0.1,0.4,1.5,2.7295235386288956,6550.85649270933,6545.630632973774,5.225859735556696,6550.856492709349,6545.628620587441,5.227872121908149,-0.002012386351452733
Chen2020,Chen2020_DFN_DC03_AC0p1_1p5tauSet,Chen2020_DFN_DC03,0.1,0.4,1.5,2.762374493676024,6629.698784822435,6605.928546456925,23.770238365510522,6629.698784822457,6605.925230569873,23.77355425258429,-0.0033158870737679536
Chen2020,Chen2020_DFN_DC03_AC0p1_1p5tauSet,Chen2020_DFN_DC03,0.1,0.4,1.5,2.7952254487231527,6708.541076935546,6672.243785725105,36.29729121044056,6708.541076935567,6672.238410829607,36.30266610595936,-0.005374895518798439
Chen2020,Chen2020_DFN_DC03_AC0p1_1p5tauSet,Chen2020_DFN_DC03,0.1,0.4,1.5,2.828076403770281,6787.383369048659,6773.80002081093,13.583348237729297,6787.3833690486745,6773.795027966439,13.588341082235274,-0.0049928445059777005
Chen2020,Chen2020_DFN_DC03_AC0p1_1p5tauSet,Chen2020_DFN_DC03,0.1,0.4,1.5,2.8609273588174093,6866.22566116176,6865.068945984745,1.1567151770150303,6866.225661161782,6865.067360851007,1.158300310775303,-0.0015851337602725835
Chen2020,Chen2020_DFN_DC03_AC0p1_1p5tauSet,Chen2020_DFN_DC03,0.1,0.4,1.5,2.893778313864538,6945.067953274867,6927.953097467177,17.11485580769022,6945.067953274891,6927.950303760646,17.117649514244476,-0.002793706554257369
Chen2020,Chen2020_DFN_DC03_AC0p1_1p5tauSet,Chen2020_DFN_DC03,0.1,0.4,1.5,2.9266292689116664,7023.910245387978,6989.766301314535,34.14394407344298,7023.910245388,6989.76021794844,34.15002743955938,-0.006083366116399702
Chen2020,Chen2020_DFN_DC03_AC0p1_1p5tauSet,Chen2020_DFN_DC03,0.1,0.4,1.5,2.959480223958795,7102.752537501085,7076.276672544221,26.475864956863916,7102.752537501109,7076.270356770791,26.48218073031785,-0.006315773453934526
Chen2020,Chen2020_DFN_DC03_AC0p1_1p5tauSet,Chen2020_DFN_DC03,0.1,0.4,1.5,2.9923311790059235,7181.594829614201,7181.475263429714,0.11956618448766676,7181.594829614216,7181.473261555034,0.12156805918220925,-0.0020018746945424937
Chen2020,Chen2020_DFN_DC03_AC0p1_1p5tauSet,Chen2020_DFN_DC03,0.1,0.4,1.5,3.0251821340530523,7260.437121727312,7249.868766877044,10.568354850267497,7260.437121727326,7249.8662798444375,10.57084188288809,-0.0024870326205927995
Chen2020,Chen2020_DFN_DC03_AC0p1_1p5tauSet,Chen2020_DFN_DC03,0.1,0.4,1.5,3.0580330891001806,7339.2794138404215,7309.849647887497,29.429765952924754,7339.279413840434,7309.845556728527,29.433857111906946,-0.0040911589821917005
Chen2020,Chen2020_DFN_DC03_AC0p1_1p5tauSet,Chen2020_DFN_DC03,0.1,0.4,1.5,3.090884044147309,7418.121705953532,7383.650138033716,34.47156791981615,7418.121705953541,7383.643769247865,34.47793670567626,-0.0063687858601042535
Chen2020,Chen2020_DFN_DC03_AC0p1_1p5tauSet,Chen2020_DFN_DC03,0.1,0.4,1.5,3.1237349991944376,7496.963998066643,7492.9022301622845,4.0617679043589305,7496.963998066651,7492.901840419231,4.0621576474195535,-0.00038974306062300457
Chen2020,Chen2020_DFN_DC03_AC0p1_1p5tauSet,Chen2020_DFN_DC03,0.1,0.4,1.5,3.156585954241566,7575.80629017975,7570.932114351477,4.87417582827311,7575.8062901797575,7570.930045989222,4.8762441905355445,-0.0020683622624346754
Chen2020,Chen2020_DFN_DC03_AC0p1_1p5tauSet,Chen2020_DFN_DC03,0.1,0.4,1.5,3.1894369092886947,7654.648582292859,7631.331545498293,23.317036794565865,7654.648582292867,7631.3279787461615,23.32060354670557,-0.0035667521397044766
Chen2020,Chen2020_DFN_DC03_AC0p1_1p5tauSet,Chen2020_DFN_DC03,0.1,0.4,1.5,3.222287864335823,7733.4908744059685,7697.2280043731635,36.26287003280504,7733.490874405976,7697.222556809805,36.26831759617107,-0.005447563366033137
Chen2020,Chen2020_DFN_DC03_AC0p1_1p5tauSet,Chen2020_DFN_DC03,0.1,0.4,1.5,3.255138819382952,7812.333166519075,7797.8485388425015,14.484627676573837,7812.333166519084,7797.843220198117,14.489946320967647,-0.005318644393810246
Chen2020,Chen2020_DFN_DC03_AC0p1_1p5tauSet,Chen2020_DFN_DC03,0.1,0.4,1.5,3.28798977443008,7891.175458632187,7890.207477362191,0.9679812699960166,7891.175458632192,7890.206554458228,0.9689041739638924,-0.0009229039678757545
Chen2020,Chen2020_DFN_DC03_AC0p1_1p5tauSet,Chen2020_DFN_DC03,0.1,0.4,1.5,3.320840729477209,7970.0177507452945,7953.370959345666,16.646791399628455,7970.017750745301,7953.368213127143,16.64953761815832,-0.0027462185298645636
Chen2020,Chen2020_DFN_DC03_AC0p1_1p5tauSet,Chen2020_DFN_DC03,0.1,0.4,1.5,3.353691684524337,8048.860042858408,8014.97656505339,33.88347780501772,8048.8600428584095,8014.97186444834,33.888178410069486,-0.004700605051766615
Chen2020,Chen2020_DFN_DC03_AC0p1_1p5tauSet,Chen2020_DFN_DC03,0.1,0.4,1.5,3.3865426395714655,8127.702334971522,8100.4513340173025,27.251000954219307,8127.702334971517,8100.444908253348,27.257426718168972,-0.0064257639496645425
Chen2020,Chen2020_DFN_DC03_AC0p1_1p5tauSet,Chen2020_DFN_DC03,0.1,0.4,1.5,3.4193935946185943,8206.544627084635,8206.337874993105,0.20675209152977914,8206.544627084626,8206.33576428875,0.2088627958764846,-0.002110704346705461
Chen2020,Chen2020_DFN_DC03_AC0p1_1p5tauSet,Chen2020_DFN_DC03,0.1,0.4,1.5,3.4522445496657226,8285.38691919774,8275.25134743682,10.135571760918538,8285.386919197734,8275.250056103967,10.136863093766806,-0.0012913328482682118
Chen2020,Chen2020_DFN_DC03_AC0p2_1p5tauSet,Chen2020_DFN_DC03,0.2,0.5,1.5,0.2,479.9999999999992,437.3687960728604,42.63120392713881,480.0,437.3670790693058,42.63292093069418,-0.001717003555370411
Chen2020,Chen2020_DFN_DC03_AC0p2_1p5tauSet,Chen2020_DFN_DC03,0.2,0.5,1.5,0.23285095504712852,558.8422921131074,489.6233558770773,69.21893623603012,558.8422921131084,489.6188319074602,69.22346020564822,-0.004523969618105639
Chen2020,Chen2020_DFN_DC03_AC0p2_1p5tauSet,Chen2020_DFN_DC03,0.2,0.5,1.5,0.26570191009425703,637.6845842262156,606.1095936100421,31.574990616173523,637.6845842262169,606.1002864351539,31.584297791063022,-0.009307174889499947
Chen2020,Chen2020_DFN_DC03_AC0p2_1p5tauSet,Chen2020_DFN_DC03,0.2,0.5,1.5,0.29855286514138557,716.5268763393238,712.0112949956507,4.515581343673148,716.5268763393254,712.0098859810314,4.516990358294038,-0.0014090146208900478
Chen2020,Chen2020_DFN_DC03_AC0p2_1p5tauSet,Chen2020_DFN_DC03,0.2,0.5,1.5,0.33140382018851405,795.3691684524325,763.474878244307,31.89429020812554,795.3691684524338,763.4727174287409,31.896451023692862,-0.002160815567322061
Chen2020,Chen2020_DFN_DC03_AC0p2_1p5tauSet,Chen2020_DFN_DC03,0.2,0.5,1.5,0.36425477523564254,874.2114605655402,812.4404637461248,61.77099681941536,874.2114605655421,812.4364701004589,61.77499046508319,-0.003993645667833334
Chen2020,Chen2020_DFN_DC03_AC0p2_1p5tauSet,Chen2020_DFN_DC03,0.2,0.5,1.5,0.3971057302827711,953.0537526786494,885.8574512169318,67.19630146171755,953.0537526786507,885.8448296919846,67.20892298666604,-0.012621524948485785
Chen2020,Chen2020_DFN_DC03_AC0p2_1p5tauSet,Chen2020_DFN_DC03,0.2,0.5,1.5,0.4299566853298996,1031.896044791758,1031.748919884798,0.14712490696001623,1031.896044791759,1031.747896927023,0.14814786473607455,-0.0010229577760583197
Chen2020,Chen2020_DFN_DC03_AC0p2_1p5tauSet,Chen2020_DFN_DC03,0.2,0.5,1.5,0.4628076403770281,1110.7383369048662,1089.3389242727976,21.39941263206856,1110.7383369048673,1089.3380068592808,21.400330045586543,-0.0009174135179819132
Chen2020,Chen2020_DFN_DC03_AC0p2_1p5tauSet,Chen2020_DFN_DC03,0.2,0.5,1.5,0.49565859542415663,1189.5806290179742,1137.2615778472516,52.31905117072256,1189.580629017976,1137.25801116559,52.322617852385974,-0.0035666816634147835
Chen2020,Chen2020_DFN_DC03_AC0p2_1p5tauSet,Chen2020_DFN_DC03,0.2,0.5,1.5,0.5285095504712851,1268.4229211310821,1195.8240022617563,72.59891886932587,1268.4229211310842,1195.8180165213198,72.60490460976439,-0.005985740438518405
Chen2020,Chen2020_DFN_DC03_AC0p2_1p5tauSet,Chen2020_DFN_DC03,0.2,0.5,1.5,0.5613605055184137,1347.2652132441915,1343.2504887246448,4.014724519546689,1347.2652132441929,1343.2531365659502,4.012076678242693,0.0026478413039967563
Chen2020,Chen2020_DFN_DC03_AC0p2_1p5tauSet,Chen2020_DFN_DC03,0.2,0.5,1.5,0.5942114605655422,1426.1075053573,1414.3063907278315,11.80111462946843,1426.1075053573013,1414.3050571646338,11.802448192667498,-0.0013335631990685215
Chen2020,Chen2020_DFN_DC03_AC0p2_1p5tauSet,Chen2020_DFN_DC03,0.2,0.5,1.5,0.6270624156126707,1504.9497974704093,1463.0643638192246,41.88543365118471,1504.9497974704097,1463.0611470185588,41.888650451850935,-0.0032168006662232074
Chen2020,Chen2020_DFN_DC03_AC0p2_1p5tauSet,Chen2020_DFN_DC03,0.2,0.5,1.5,0.6599133706597992,1583.792089583518,1514.9979799534171,68.79410963010082,1583.792089583518,1514.9904141347565,68.80167544876144,-0.007565818660623336
Chen2020,Chen2020_DFN_DC03_AC0p2_1p5tauSet,Chen2020_DFN_DC03,0.2,0.5,1.5,0.6927643257069276,1662.6343816966262,1627.3512641103289,35.283117586297294,1662.6343816966262,1627.3382458869326,35.296135809693624,-0.013018223396329631
Chen2020,Chen2020_DFN_DC03_AC0p2_1p5tauSet,Chen2020_DFN_DC03,0.2,0.5,1.5,0.7256152807540561,1741.4766738097346,1737.4073560200234,4.069317789711249,1741.4766738097348,1737.4083138562858,4.0683599534490895,0.000957836262159617
Chen2020,Chen2020_DFN_DC03_AC0p2_1p5tauSet,Chen2020_DFN_DC03,0.2,0.5,1.5,0.7584662358011847,1820.3189659228444,1789.1708181654296,31.14814775741479,1820.318965922843,1789.1689378688095,31.150028054033555,-0.0018802966187649872
Chen2020,Chen2020_DFN_DC03_AC0p2_1p5tauSet,Chen2020_DFN_DC03,0.2,0.5,1.5,0.7913171908483132,1899.161258035954,1838.0018556343698,61.1594024015842,1899.1612580359517,1837.9953904191168,61.16586761683493,-0.0064652152507278515
Chen2020,Chen2020_DFN_DC03_AC0p2_1p5tauSet,Chen2020_DFN_DC03,0.2,0.5,1.5,0.8241681458954417,1978.0035501490624,1909.8645521520086,68.13899799705382,1978.0035501490602,1909.8468568560506,68.15669329300954,-0.017695295955718393
Chen2020,Chen2020_DFN_DC03_AC0p2_1p5tauSet,Chen2020_DFN_DC03,0.2,0.5,1.5,0.8570191009425703,2056.8458422621698,2056.785803150979,0.060039111190690164,2056.8458422621684,2056.7857489714365,0.06009329073185654,-5.417954116637702e-05
Chen2020,Chen2020_DFN_DC03_AC0p2_1p5tauSet,Chen2020_DFN_DC03,0.2,0.5,1.5,0.8898700559896988,2135.688134375277,2114.99605629748,20.69207807779685,2135.688134375277,2114.994835956842,20.693298418435006,-0.0012203406381559034
Chen2020,Chen2020_DFN_DC03_AC0p2_1p5tauSet,Chen2020_DFN_DC03,0.2,0.5,1.5,0.9227210110368271,2214.530426488386,2162.916739071016,51.61368741737033,2214.530426488385,2162.912418641176,51.6180078472089,-0.004320429838571727
Chen2020,Chen2020_DFN_DC03_AC0p2_1p5tauSet,Chen2020_DFN_DC03,0.2,0.5,1.5,0.9555719660839557,2293.3727186014958,2220.8456636870073,72.52705491448842,2293.3727186014935,2220.8352716119634,72.53744698953005,-0.010392075041636417
Chen2020,Chen2020_DFN_DC03_AC0p2_1p5tauSet,Chen2020_DFN_DC03,0.2,0.5,1.5,0.9884229211310842,2372.2150107146044,2367.328060122519,4.886950592085213,2372.215010714602,2367.322308948722,4.892701765880247,-0.005751173795033537
Chen2020,Chen2020_DFN_DC03_AC0p2_1p5tauSet,Chen2020_DFN_DC03,0.2,0.5,1.5,1.0212738761782127,2451.0573028277126,2439.871462777253,11.185840050459774,2451.057302827711,2439.8689147257624,11.188388101948476,-0.0025480514887021855
Chen2020,Chen2020_DFN_DC03_AC0p2_1p5tauSet,Chen2020_DFN_DC03,0.2,0.5,1.5,1.0541248312253413,2529.8995949408227,2488.760558134511,41.13903680631165,2529.899594940819,2488.75666294882,41.14293199199892,-0.0038951856872699864
Chen2020,Chen2020_DFN_DC03_AC0p2_1p5tauSet,Chen2020_DFN_DC03,0.2,0.5,1.5,1.0869757862724698,2608.7418870539314,2540.385902363241,68.35598469069055,2608.7418870539277,2540.3796155193136,68.36227153461414,-0.006286843923589913
Chen2020,Chen2020_DFN_DC03_AC0p2_1p5tauSet,Chen2020_DFN_DC03,0.2,0.5,1.5,1.1198267413195984,2687.5841791670396,2648.5640759822013,39.02010318483826,2687.584179167036,2648.544203159529,39.03997600750699,-0.019872822668730805
Chen2020,Chen2020_DFN_DC03_AC0p2_1p5tauSet,Chen2020_DFN_DC03,0.2,0.5,1.5,1.152677696366727,2766.426471280144,2762.790157750511,3.6363135296332985,2766.4264712801446,2762.789592291854,3.636878988290391,-0.0005654586570926767
Chen2020,Chen2020_DFN_DC03_AC0p2_1p5tauSet,Chen2020_DFN_DC03,0.2,0.5,1.5,1.1855286514138552,2845.2687633932524,2814.8670130398627,30.401750353389616,2845.268763393253,2814.8638184310403,30.40494496221254,-0.0031946088229233283
Chen2020,Chen2020_DFN_DC03_AC0p2_1p5tauSet,Chen2020_DFN_DC03,0.2,0.5,1.5,1.2183796064609838,2924.111055506357,2863.5696797634755,60.54137574288143,2924.111055506361,2863.5632899348957,60.547765571465334,-0.00638982858390591
Chen2020,Chen2020_DFN_DC03_AC0p2_1p5tauSet,Chen2020_DFN_DC03,0.2,0.5,1.5,1.2512305615081123,3002.9533476194656,2933.981233770217,68.97211384924867,3002.9533476194697,2933.9694535124677,68.98389410700202,-0.011780257753343903
Chen2020,Chen2020_DFN_DC03_AC0p2_1p5tauSet,Chen2020_DFN_DC03,0.2,0.5,1.5,1.2840815165552408,3081.7956397325765,3081.786502997328,0.009136735248375771,3081.795639732578,3081.785172999767,0.010466732810982649,-0.0013299975626068772
Chen2020,Chen2020_DFN_DC03_AC0p2_1p5tauSet,Chen2020_DFN_DC03,0.2,0.5,1.5,1.3169324716023694,3160.637931845681,3140.6502464182045,19.987685427476663,3160.637931845686,3140.647156502787,19.99077534289927,-0.003089915422606282
Chen2020,Chen2020_DFN_DC03_AC0p2_1p5tauSet,Chen2020_DFN_DC03,0.2,0.5,1.5,1.349783426649498,3239.480223958793,3188.5757038129595,50.90452014583343,3239.4802239587952,3188.571218906067,50.90900505272839,-0.00448490689495884
Chen2020,Chen2020_DFN_DC03_AC0p2_1p5tauSet,Chen2020_DFN_DC03,0.2,0.5,1.5,1.3826343816966264,3318.3225160718994,3245.8977239419287,72.42479212997068,3318.3225160719035,3245.8898274104067,72.43268866149674,-0.007896531526057515
Chen2020,Chen2020_DFN_DC03_AC0p2_1p5tauSet,Chen2020_DFN_DC03,0.2,0.5,1.5,1.4154853367437548,3397.164808185008,3391.269747461354,5.895060723653842,3397.164808185011,3391.2650703244917,5.899737860519508,-0.004677136865666398
Chen2020,Chen2020_DFN_DC03_AC0p2_1p5tauSet,Chen2020_DFN_DC03,0.2,0.5,1.5,1.4483362917908833,3476.0071002981176,3465.4263385214085,10.580761776709096,3476.00710029812,3465.4236027841453,10.583497513974635,-0.0027357372655387735
Chen2020,Chen2020_DFN_DC03_AC0p2_1p5tauSet,Chen2020_DFN_DC03,0.2,0.5,1.5,1.4811872468380118,3554.849392411229,3514.4575004211724,40.39189199005659,3554.8493924112286,3514.453428594388,40.395963816840776,-0.004071826784183941
Chen2020,Chen2020_DFN_DC03_AC0p2_1p5tauSet,Chen2020_DFN_DC03,0.2,0.5,1.5,1.5140382018851404,3633.691684524338,3565.796988070537,67.89469645380132,3633.6916845243372,3565.785584901132,67.90609962320514,-0.011403169403820357
Chen2020,Chen2020_DFN_DC03_AC0p2_1p5tauSet,Chen2020_DFN_DC03,0.2,0.5,1.5,1.546889156932269,3712.533976637447,3669.8563917665315,42.677584870915325,3712.5339766374454,3669.8343920039797,42.69958463346575,-0.02199976255042202
Chen2020,Chen2020_DFN_DC03_AC0p2_1p5tauSet,Chen2020_DFN_DC03,0.2,0.5,1.5,1.5797401119793975,3791.3762687505523,3788.1564126435323,3.2198561070199503,3791.3762687505537,3788.1528454822733,3.223423268280385,-0.003567161260434659
Chen2020,Chen2020_DFN_DC03_AC0p2_1p5tauSet,Chen2020_DFN_DC03,0.2,0.5,1.5,1.612591067026526,3870.218560863663,3840.5607160478166,29.657844815846147,3870.2185608636623,3840.5571600211956,29.66140084246672,-0.0035560266205720836
Chen2020,Chen2020_DFN_DC03_AC0p2_1p5tauSet,Chen2020_DFN_DC03,0.2,0.5,1.5,1.6454420220736543,3949.060852976771,3889.1450410638,59.915811912971094,3949.0608529767705,3889.1397639469533,59.92108902981727,-0.005277116846173158
Chen2020,Chen2020_DFN_DC03_AC0p2_1p5tauSet,Chen2020_DFN_DC03,0.2,0.5,1.5,1.6782929771207828,4027.9031450898806,3958.217218743543,69.68592634633751,4027.9031450898788,3958.2009891596535,69.70215593022522,-0.016229583887707122
Chen2020,Chen2020_DFN_DC03_AC0p2_1p5tauSet,Chen2020_DFN_DC03,0.2,0.5,1.5,1.7111439321679114,4106.745437202991,4106.747727057498,-0.0022898545075804577,4106.745437202987,4106.743521650409,0.0019155525778842275,-0.004205407085464685
Chen2020,Chen2020_DFN_DC03_AC0p2_1p5tauSet,Chen2020_DFN_DC03,0.2,0.5,1.5,1.74399488721504,4185.5877293161,4166.296161454231,19.291567861869225,4185.587729316096,4166.294709572506,19.293019743589866,-0.001451881720640813
Chen2020,Chen2020_DFN_DC03_AC0p2_1p5tauSet,Chen2020_DFN_DC03,0.2,0.5,1.5,1.7768458422621685,4264.430021429208,4214.23947404649,50.19054738271825,4264.430021429204,4214.2341627071355,50.195858722068806,-0.0053113393505554995
Chen2020,Chen2020_DFN_DC03_AC0p2_1p5tauSet,Chen2020_DFN_DC03,0.2,0.5,1.5,1.809696797309297,4343.272313542315,4270.9931946637425,72.27911887857226,4343.272313542313,4270.97936873724,72.2929448050727,-0.013825926500430796
Chen2020,Chen2020_DFN_DC03_AC0p2_1p5tauSet,Chen2020_DFN_DC03,0.2,0.5,1.5,1.8425477523564255,4422.114605655421,4415.073062995598,7.0415426598228805,4422.114605655422,4415.067288130089,7.047317525332801,-0.005774865509920346
Chen2020,Chen2020_DFN_DC03_AC0p2_1p5tauSet,Chen2020_DFN_DC03,0.2,0.5,1.5,1.875398707403554,4500.956897768534,4490.972065036514,9.98483273201964,4500.956897768529,4490.968690322717,9.988207445812805,-0.003374713793164119
Chen2020,Chen2020_DFN_DC03_AC0p2_1p5tauSet,Chen2020_DFN_DC03,0.2,0.5,1.5,1.9082496624506826,4579.799189881645,4540.155731528714,39.6434583529317,4579.799189881638,4540.151247313812,39.64794256782625,-0.004484214894546312
Chen2020,Chen2020_DFN_DC03_AC0p2_1p5tauSet,Chen2020_DFN_DC03,0.2,0.5,1.5,1.941100617497811,4658.641481994756,4591.21477129009,67.42671070466622,4658.641481994747,4591.207521837975,67.43396015677172,-0.007249452105497767
Chen2020,Chen2020_DFN_DC03_AC0p2_1p5tauSet,Chen2020_DFN_DC03,0.2,0.5,1.5,1.9739515725449395,4737.4837741078645,4691.329630652705,46.1541434551591,4737.4837741078545,4691.308186308004,46.17558779985029,-0.021444344691190054
Chen2020,Chen2020_DFN_DC03_AC0p2_1p5tauSet,Chen2020_DFN_DC03,0.2,0.5,1.5,2.0068025275920682,4816.326066220972,4813.496967604802,2.8290986161700857,4816.326066220964,4813.497139899591,2.828926321372819,0.00017229479726665886
Chen2020,Chen2020_DFN_DC03_AC0p2_1p5tauSet,Chen2020_DFN_DC03,0.2,0.5,1.5,2.0396534826391965,4895.16835833408,4866.2527623078295,28.91559602625057,4895.168358334072,4866.24876153048,28.919596803591958,-0.004000777341389039
Chen2020,Chen2020_DFN_DC03_AC0p2_1p5tauSet,Chen2020_DFN_DC03,0.2,0.5,1.5,2.0725044376863253,4974.010650447186,4914.73173145458,59.27891899260612,4974.0106504471805,4914.724424308003,59.286226139177415,-0.007307146571292833
Chen2020,Chen2020_DFN_DC03_AC0p2_1p5tauSet,Chen2020_DFN_DC03,0.2,0.5,1.5,2.1053553927334536,5052.852942560292,4982.54489122726,70.30805133303147,5052.852942560289,4982.531282884603,70.32165967568653,-0.013608342655061278
Chen2020,Chen2020_DFN_DC03_AC0p2_1p5tauSet,Chen2020_DFN_DC03,0.2,0.5,1.5,2.1382063477805824,5131.695234673402,5131.662401467861,0.03283320554146485,5131.695234673398,5131.657882026825,0.03735264657279913,-0.004519441031334281
Chen2020,Chen2020_DFN_DC03_AC0p2_1p5tauSet,Chen2020_DFN_DC03,0.2,0.5,1.5,2.1710573028277107,5210.53752678651,5191.940596861252,18.596929925258337,5210.537526786506,5191.937228993156,18.600297793349455,-0.003367868091117998
Chen2020,Chen2020_DFN_DC03_AC0p2_1p5tauSet,Chen2020_DFN_DC03,0.2,0.5,1.5,2.2039082578748395,5289.379818899617,5239.906289213514,49.473529686102665,5289.379818899614,5239.901006868029,49.47881203158522,-0.005282345482555684
Chen2020,Chen2020_DFN_DC03_AC0p2_1p5tauSet,Chen2020_DFN_DC03,0.2,0.5,1.5,2.2367592129219678,5368.222111012727,5296.1107362608345,72.11137475189207,5368.222111012723,5296.101777070925,72.12033394179798,-0.008959189905908715
Chen2020,Chen2020_DFN_DC03_AC0p2_1p5tauSet,Chen2020_DFN_DC03,0.2,0.5,1.5,2.2696101679690965,5447.064403125834,5438.71802302466,8.346380101173963,5447.064403125832,5438.712842698203,8.35156042762901,-0.0051803264550471795
Chen2020,Chen2020_DFN_DC03_AC0p2_1p5tauSet,Chen2020_DFN_DC03,0.2,0.5,1.5,2.302461123016225,5525.906695238942,5516.507821703184,9.398873535757957,5525.906695238939,5516.503726574906,9.402968664033324,-0.004095128275366733
Chen2020,Chen2020_DFN_DC03_AC0p2_1p5tauSet,Chen2020_DFN_DC03,0.2,0.5,1.5,2.335312078063353,5604.748987352053,5565.854718186388,38.89426916566481,5604.748987352047,5565.849923828765,38.899063523282166,-0.004794357617356582
Chen2020,Chen2020_DFN_DC03_AC0p2_1p5tauSet,Chen2020_DFN_DC03,0.2,0.5,1.5,2.368163033110482,5683.591279465156,5616.654261668317,66.93701779683852,5683.591279465157,5616.6446723900945,66.94660707506227,-0.009589278223756992
Chen2020,Chen2020_DFN_DC03_AC0p2_1p5tauSet,Chen2020_DFN_DC03,0.2,0.5,1.5,2.4010139881576102,5762.433571578261,5713.0569913169065,49.37658026135432,5762.4335715782645,5713.033096028568,49.40047554969624,-0.023895288341918786
Chen2020,Chen2020_DFN_DC03_AC0p2_1p5tauSet,Chen2020_DFN_DC03,0.2,0.5,1.5,2.433864943204739,5841.275863691366,5838.826157107691,2.4497065836749243,5841.275863691374,5838.82147878962,2.454384901753656,-0.004678318078731536
Chen2020,Chen2020_DFN_DC03_AC0p2_1p5tauSet,Chen2020_DFN_DC03,0.2,0.5,1.5,2.4667158982518673,5920.118155804474,5891.943055504763,28.17510029971072,5920.118155804482,5891.938419559125,28.179736245357162,-0.004635945646441542
Chen2020,Chen2020_DFN_DC03_AC0p2_1p5tauSet,Chen2020_DFN_DC03,0.2,0.5,1.5,2.499566853298996,5998.960447917585,5940.324068110816,58.63637980676867,5998.9604479175905,5940.31689829393,58.643549623660874,-0.007169816892201197
Chen2020,Chen2020_DFN_DC03_AC0p2_1p5tauSet,Chen2020_DFN_DC03,0.2,0.5,1.5,2.5324178083461244,6077.802740030691,6006.965051864385,70.83768816630618,6077.802740030699,6006.951404563652,70.85133546704674,-0.013647300740558421
Chen2020,Chen2020_DFN_DC03_AC0p2_1p5tauSet,Chen2020_DFN_DC03,0.2,0.5,1.5,2.565268763393253,6156.645032143797,6156.530293026748,0.11473911704888451,6156.645032143807,6156.525039502819,0.11999264098813,-0.005253523939245497
Chen2020,Chen2020_DFN_DC03_AC0p2_1p5tauSet,Chen2020_DFN_DC03,0.2,0.5,1.5,2.5981197184403815,6235.487324256899,6217.579220451961,17.908103804938037,6235.487324256916,6217.57444081607,17.91288344084569,-0.004779635907652846
Chen2020,Chen2020_DFN_DC03_AC0p2_1p5tauSet,Chen2020_DFN_DC03,0.2,0.5,1.5,2.63097067348751,6314.329616370005,6265.577442461943,48.752173908062105,6314.329616370024,6265.571513856315,48.75810251370967,-0.0059286056475684745
Chen2020,Chen2020_DFN_DC03_AC0p2_1p5tauSet,Chen2020_DFN_DC03,0.2,0.5,1.5,2.6638216285346386,6393.171908483116,6321.27164579656,71.90026268655583,6393.171908483132,6321.255108834192,71.91679964894047,-0.016536962384634535
Chen2020,Chen2020_DFN_DC03_AC0p2_1p5tauSet,Chen2020_DFN_DC03,0.2,0.5,1.5,2.696672583581767,6472.014200596227,6462.197460300409,9.816740295817908,6472.014200596241,6462.1834576748015,9.830742921439196,-0.014002625621287734
Chen2020,Chen2020_DFN_DC03_AC0p2_1p5tauSet,Chen2020_DFN_DC03,0.2,0.5,1.5,2.7295235386288956,6550.85649270933,6542.0301688904465,8.826323818883793,6550.856492709349,6542.028239524202,8.828253185147332,-0.0019293662635391229
Chen2020,Chen2020_DFN_DC03_AC0p2_1p5tauSet,Chen2020_DFN_DC03,0.2,0.5,1.5,2.762374493676024,6629.698784822435,6591.55496315347,38.14382166896485,6629.698784822457,6591.549263967518,38.14952085493951,-0.0056991859746631235
Chen2020,Chen2020_DFN_DC03_AC0p2_1p5tauSet,Chen2020_DFN_DC03,0.2,0.5,1.5,2.7952254487231527,6708.541076935546,6642.106874329336,66.43420260620951,6708.541076935567,6642.09632532407,66.44475161149694,-0.010549005287430191
Chen2020,Chen2020_DFN_DC03_AC0p2_1p5tauSet,Chen2020_DFN_DC03,0.2,0.5,1.5,2.828076403770281,6787.383369048659,6735.07698211489,52.30638693376932,6787.3833690486745,6735.042804716861,52.340564331813766,-0.03417739804444864
Chen2020,Chen2020_DFN_DC03_AC0p2_1p5tauSet,Chen2020_DFN_DC03,0.2,0.5,1.5,2.8609273588174093,6866.22566116176,6864.12932729468,2.09633386708083,6866.225661161782,6864.124796011779,2.100865150003301,-0.004531282922471291
Chen2020,Chen2020_DFN_DC03_AC0p2_1p5tauSet,Chen2020_DFN_DC03,0.2,0.5,1.5,2.893778313864538,6945.067953274867,6917.6309144391225,27.437038835744715,6945.067953274891,6917.625928132046,27.442025142844614,-0.004986307099898113
Chen2020,Chen2020_DFN_DC03_AC0p2_1p5tauSet,Chen2020_DFN_DC03,0.2,0.5,1.5,2.9266292689116664,7023.910245387978,6965.925536844015,57.98470854396237,7023.910245388,6965.916827558474,57.99341782952524,-0.008709285562872537
Chen2020,Chen2020_DFN_DC03_AC0p2_1p5tauSet,Chen2020_DFN_DC03,0.2,0.5,1.5,2.959480223958795,7102.752537501085,7031.475087450484,71.27745005060024,7102.752537501109,7031.453499601304,71.29903789980472,-0.021587849204479426
Chen2020,Chen2020_DFN_DC03_AC0p2_1p5tauSet,Chen2020_DFN_DC03,0.2,0.5,1.5,2.9923311790059235,7181.594829614201,7181.347831619081,0.24699799512018217,7181.594829614216,7181.341435460569,0.2533941536466955,-0.006396158526513318
Chen2020,Chen2020_DFN_DC03_AC0p2_1p5tauSet,Chen2020_DFN_DC03,0.2,0.5,1.5,3.0251821340530523,7260.437121727312,7243.2093095130695,17.227812214242476,7260.437121727326,7243.2060627557175,17.231058971608036,-0.0032467573655594606
Chen2020,Chen2020_DFN_DC03_AC0p2_1p5tauSet,Chen2020_DFN_DC03,0.2,0.5,1.5,3.0580330891001806,7339.2794138404215,7291.253787473879,48.02562636654238,7339.279413840434,7291.245451372926,48.03396246750799,-0.00833610096560733
Chen2020,Chen2020_DFN_DC03_AC0p2_1p5tauSet,Chen2020_DFN_DC03,0.2,0.5,1.5,3.090884044147309,7418.121705953532,7346.449105566667,71.67260038686527,7418.121705953541,7346.437576529558,71.684129423983,-0.011529037117725238
Chen2020,Chen2020_DFN_DC03_AC0p2_1p5tauSet,Chen2020_DFN_DC03,0.2,0.5,1.5,3.1237349991944376,7496.963998066643,7485.476705125341,11.487292941302258,7496.963998066651,7485.458661436612,11.505336630038983,-0.018043688736725016
Chen2020,Chen2020_DFN_DC03_AC0p2_1p5tauSet,Chen2020_DFN_DC03,0.2,0.5,1.5,3.156585954241566,7575.80629017975,7567.547499641041,8.258790538709036,7575.8062901797575,7567.541734269427,8.264555910330273,-0.005765371621237136
Chen2020,Chen2020_DFN_DC03_AC0p2_1p5tauSet,Chen2020_DFN_DC03,0.2,0.5,1.5,3.1894369092886947,7654.648582292859,7617.25576741224,37.39281488061897,7654.648582292867,7617.249074412139,37.39950788072838,-0.006693000109407876
Chen2020,Chen2020_DFN_DC03_AC0p2_1p5tauSet,Chen2020_DFN_DC03,0.2,0.5,1.5,3.222287864335823,7733.4908744059685,7667.571255524031,65.91961888193782,7733.490874405976,7667.561808686691,65.92906571928506,-0.009446837347240944
Chen2020,Chen2020_DFN_DC03_AC0p2_1p5tauSet,Chen2020_DFN_DC03,0.2,0.5,1.5,3.255138819382952,7812.333166519075,7757.374856566675,54.95830995240067,7812.333166519084,7757.344187019632,54.9889794994524,-0.03066954705172975
Chen2020,Chen2020_DFN_DC03_AC0p2_1p5tauSet,Chen2020_DFN_DC03,0.2,0.5,1.5,3.28798977443008,7891.175458632187,7889.412440986865,1.7630176453221793,7891.175458632192,7889.405949127206,1.7695095049857628,-0.006491859663583455
Chen2020,Chen2020_DFN_DC03_AC0p2_1p5tauSet,Chen2020_DFN_DC03,0.2,0.5,1.5,3.320840729477209,7970.0177507452945,7943.317267333088,26.700483412206268,7970.017750745301,7943.311078405477,26.706672339823854,-0.00618892761758616
Chen2020,Chen2020_DFN_DC03_AC0p2_1p5tauSet,Chen2020_DFN_DC03,0.2,0.5,1.5,3.353691684524337,8048.860042858408,7991.533744309652,57.3262985487554,8048.8600428584095,7991.523867164998,57.33617569341186,-0.009877144656456949
Chen2020,Chen2020_DFN_DC03_AC0p2_1p5tauSet,Chen2020_DFN_DC03,0.2,0.5,1.5,3.3865426395714655,8127.702334971522,8056.047115602011,71.65521936951063,8127.702334971517,8056.030637407256,71.6716975642612,-0.01647819475056167
Chen2020,Chen2020_DFN_DC03_AC0p2_1p5tauSet,Chen2020_DFN_DC03,0.2,0.5,1.5,3.4193935946185943,8206.544627084635,8206.112822562101,0.4318045225336391,8206.544627084626,8206.10311779647,0.4415092881554301,-0.009704765621791012
Chen2020,Chen2020_DFN_DC03_AC0p2_1p5tauSet,Chen2020_DFN_DC03,0.2,0.5,1.5,3.4522445496657226,8285.38691919774,8268.838057522858,16.548861674880754,8285.386919197734,8268.831803592006,16.555115605728133,-0.006253930847378797
Chen2020,Chen2020_DFN_DC03_AC0p3_1p5tauSet,Chen2020_DFN_DC03,0.3,0.6,1.5,0.2,479.9999999999992,426.68710031653006,53.31289968346914,480.0,426.68458992109254,53.31541007890746,-0.0025103954383212113
Chen2020,Chen2020_DFN_DC03_AC0p3_1p5tauSet,Chen2020_DFN_DC03,0.3,0.6,1.5,0.23285095504712852,558.8422921131074,467.8615313598426,90.9807607532648,558.8422921131084,467.85683755957245,90.98545455353599,-0.004693800271184045
Chen2020,Chen2020_DFN_DC03_AC0p3_1p5tauSet,Chen2020_DFN_DC03,0.3,0.6,1.5,0.26570191009425703,637.6845842262156,531.8418137537103,105.84277047250532,637.6845842262169,531.8131309155987,105.87145331061822,-0.028682838112899844
Chen2020,Chen2020_DFN_DC03_AC0p3_1p5tauSet,Chen2020_DFN_DC03,0.3,0.6,1.5,0.29855286514138557,716.5268763393238,710.4759837323791,6.050892606944785,716.5268763393254,710.4741127343557,6.052763604969755,-0.0018709980249695946
Chen2020,Chen2020_DFN_DC03_AC0p3_1p5tauSet,Chen2020_DFN_DC03,0.3,0.6,1.5,0.33140382018851405,795.3691684524325,755.4204415481754,39.948726904257114,795.3691684524338,755.4179404933925,39.95122795904126,-0.0025010547841475272
Chen2020,Chen2020_DFN_DC03_AC0p3_1p5tauSet,Chen2020_DFN_DC03,0.3,0.6,1.5,0.36425477523564254,874.2114605655402,795.3812582558307,78.83020230970942,874.2114605655421,795.3755644571235,78.83589610841864,-0.005693798709216935
Chen2020,Chen2020_DFN_DC03_AC0p3_1p5tauSet,Chen2020_DFN_DC03,0.3,0.6,1.5,0.3971057302827711,953.0537526786494,845.1333334344816,107.92041924416776,953.0537526786507,845.1250771020811,107.9286755765695,-0.008256332401742839
Chen2020,Chen2020_DFN_DC03_AC0p3_1p5tauSet,Chen2020_DFN_DC03,0.3,0.6,1.5,0.4299566853298996,1031.896044791758,1031.6781599907101,0.21788480104783048,1031.896044791759,1031.6799149862054,0.21612980555369177,0.0017549954941387114
Chen2020,Chen2020_DFN_DC03_AC0p3_1p5tauSet,Chen2020_DFN_DC03,0.3,0.6,1.5,0.4628076403770281,1110.7383369048662,1083.6737303312527,27.064606573613446,1110.7383369048673,1083.6728807380798,27.0654561667875,-0.000849593174052643
Chen2020,Chen2020_DFN_DC03_AC0p3_1p5tauSet,Chen2020_DFN_DC03,0.3,0.6,1.5,0.49565859542415663,1189.5806290179742,1123.7960884768645,65.78454054110966,1189.580629017976,1123.7916829536325,65.78894606434346,-0.004405523233799613
Chen2020,Chen2020_DFN_DC03_AC0p3_1p5tauSet,Chen2020_DFN_DC03,0.3,0.6,1.5,0.5285095504712851,1268.4229211310821,1167.6849463879978,100.73797474308435,1268.4229211310842,1167.6775560364565,100.74536509462769,-0.0073903515433357825
Chen2020,Chen2020_DFN_DC03_AC0p3_1p5tauSet,Chen2020_DFN_DC03,0.3,0.6,1.5,0.5613605055184137,1347.2652132441915,1339.3434995371003,7.921713707091158,1347.2652132441929,1339.3312723703998,7.933940873793063,-0.012227166701904935
Chen2020,Chen2020_DFN_DC03_AC0p3_1p5tauSet,Chen2020_DFN_DC03,0.3,0.6,1.5,0.5942114605655422,1426.1075053573,1410.8687678444007,15.238737512899206,1426.1075053573013,1410.8661513587745,15.241353998526847,-0.002616485627640941
Chen2020,Chen2020_DFN_DC03_AC0p3_1p5tauSet,Chen2020_DFN_DC03,0.3,0.6,1.5,0.6270624156126707,1504.9497974704093,1452.5767148318648,52.373082638544474,1504.9497974704097,1452.5721521270834,52.37764534332632,-0.00456270478184706
Chen2020,Chen2020_DFN_DC03_AC0p3_1p5tauSet,Chen2020_DFN_DC03,0.3,0.6,1.5,0.6599133706597992,1583.792089583518,1493.6163379391635,90.17575164435448,1583.792089583518,1493.6098238476104,90.18226573590755,-0.006514091553071921
Chen2020,Chen2020_DFN_DC03_AC0p3_1p5tauSet,Chen2020_DFN_DC03,0.3,0.6,1.5,0.6927643257069276,1662.6343816966262,1555.9460645269305,106.68831716969567,1662.6343816966262,1555.9287933772491,106.70558831937706,-0.017271149681391762
Chen2020,Chen2020_DFN_DC03_AC0p3_1p5tauSet,Chen2020_DFN_DC03,0.3,0.6,1.5,0.7256152807540561,1741.4766738097346,1736.0028804769152,5.473793332819469,1741.4766738097348,1736.0038763632856,5.472797446449249,0.000995886370219523
Chen2020,Chen2020_DFN_DC03_AC0p3_1p5tauSet,Chen2020_DFN_DC03,0.3,0.6,1.5,0.7584662358011847,1820.3189659228444,1781.2921193747263,39.0268465481181,1820.318965922843,1781.2872658156998,39.03170010714325,-0.004853559025150389
Chen2020,Chen2020_DFN_DC03_AC0p3_1p5tauSet,Chen2020_DFN_DC03,0.3,0.6,1.5,0.7913171908483132,1899.161258035954,1821.2197891536287,77.94146888232535,1899.1612580359517,1821.2131639708475,77.94809406510421,-0.006625182778861927
Chen2020,Chen2020_DFN_DC03_AC0p3_1p5tauSet,Chen2020_DFN_DC03,0.3,0.6,1.5,0.8241681458954417,1978.0035501490624,1870.4136375023627,107.58991264669976,1978.0035501490602,1870.3961750400615,107.60737510899867,-0.017462462298908576
Chen2020,Chen2020_DFN_DC03_AC0p3_1p5tauSet,Chen2020_DFN_DC03,0.3,0.6,1.5,0.8570191009425703,2056.8458422621698,2056.7634263134696,0.08241594870014524,2056.8458422621684,2056.7573291697004,0.08851309246801975,-0.006097143767874513
Chen2020,Chen2020_DFN_DC03_AC0p3_1p5tauSet,Chen2020_DFN_DC03,0.3,0.6,1.5,0.8898700559896988,2135.688134375277,2109.4938127520045,26.19432162327257,2135.688134375277,2109.489779424218,26.198354951059173,-0.0040333277866011485
Chen2020,Chen2020_DFN_DC03_AC0p3_1p5tauSet,Chen2020_DFN_DC03,0.3,0.6,1.5,0.9227210110368271,2214.530426488386,2149.67676425485,64.8536622335364,2214.530426488385,2149.6699623222275,64.86046416615727,-0.00680193262087414
Chen2020,Chen2020_DFN_DC03_AC0p3_1p5tauSet,Chen2020_DFN_DC03,0.3,0.6,1.5,0.9555719660839557,2293.3727186014958,2193.2948733864496,100.07784521504618,2293.3727186014935,2193.282961798545,100.08975680294861,-0.011911587902432075
Chen2020,Chen2020_DFN_DC03_AC0p3_1p5tauSet,Chen2020_DFN_DC03,0.3,0.6,1.5,0.9884229211310842,2372.2150107146044,2361.9893861914297,10.225624523174702,2372.215010714602,2361.9696445086483,10.245366205953815,-0.019741682779113034
Chen2020,Chen2020_DFN_DC03_AC0p3_1p5tauSet,Chen2020_DFN_DC03,0.3,0.6,1.5,1.0212738761782127,2451.0573028277126,2436.584228013156,14.47307481455664,2451.057302827711,2436.579471847065,14.477830980645649,-0.004756166089009639
Chen2020,Chen2020_DFN_DC03_AC0p3_1p5tauSet,Chen2020_DFN_DC03,0.3,0.6,1.5,1.0541248312253413,2529.8995949408227,2478.465376518336,51.43421842248654,2529.899594940819,2478.459403073904,51.44019186691503,-0.005973444428491348
Chen2020,Chen2020_DFN_DC03_AC0p3_1p5tauSet,Chen2020_DFN_DC03,0.3,0.6,1.5,1.0869757862724698,2608.7418870539314,2519.383376283914,89.35851077001735,2608.7418870539277,2519.370642717909,89.37124433601866,-0.012733566001315921
Chen2020,Chen2020_DFN_DC03_AC0p3_1p5tauSet,Chen2020_DFN_DC03,0.3,0.6,1.5,1.1198267413195984,2687.5841791670396,2580.235348396236,107.34883077080349,2687.584179167036,2580.213966733833,107.37021243320305,-0.02138166239956263
Chen2020,Chen2020_DFN_DC03_AC0p3_1p5tauSet,Chen2020_DFN_DC03,0.3,0.6,1.5,1.152677696366727,2766.426471280144,2761.5207820213905,4.905689258753682,2766.4264712801446,2761.5140424383976,4.912428841746987,-0.0067395829933047935
Chen2020,Chen2020_DFN_DC03_AC0p3_1p5tauSet,Chen2020_DFN_DC03,0.3,0.6,1.5,1.1855286514138552,2845.2687633932524,2807.160206992242,38.108556401010446,2845.268763393253,2807.1541547252546,38.114608667998255,-0.0060522669878082525
Chen2020,Chen2020_DFN_DC03_AC0p3_1p5tauSet,Chen2020_DFN_DC03,0.3,0.6,1.5,1.2183796064609838,2924.111055506357,2847.0627225866133,77.04833291974364,2924.111055506361,2847.0548071847966,77.05624832156445,-0.007915401820810075
Chen2020,Chen2020_DFN_DC03_AC0p3_1p5tauSet,Chen2020_DFN_DC03,0.3,0.6,1.5,1.2512305615081123,3002.9533476194656,2895.715896109375,107.23745151009052,3002.9533476194697,2895.701944972583,107.25140264688662,-0.013951136796094943
Chen2020,Chen2020_DFN_DC03_AC0p3_1p5tauSet,Chen2020_DFN_DC03,0.3,0.6,1.5,1.2840815165552408,3081.7956397325765,3081.786194093968,0.00944563860866765,3081.795639732578,3081.7800620910316,0.015577641546315135,-0.006132002937647485
Chen2020,Chen2020_DFN_DC03_AC0p3_1p5tauSet,Chen2020_DFN_DC03,0.3,0.6,1.5,1.3169324716023694,3160.637931845681,3135.308305893655,25.329625952026163,3160.637931845686,3135.30142158426,25.336510261426156,-0.0068843093999930716
Chen2020,Chen2020_DFN_DC03_AC0p3_1p5tauSet,Chen2020_DFN_DC03,0.3,0.6,1.5,1.349783426649498,3239.480223958793,3175.557746108145,63.92247785064819,3239.4802239587952,3175.549824574644,63.930399384151315,-0.007921533503122191
Chen2020,Chen2020_DFN_DC03_AC0p3_1p5tauSet,Chen2020_DFN_DC03,0.3,0.6,1.5,1.3826343816966264,3318.3225160718994,3218.9168646440094,99.40565142789,3318.3225160719035,3218.9029929898566,99.41952308204691,-0.013871654156901059
Chen2020,Chen2020_DFN_DC03_AC0p3_1p5tauSet,Chen2020_DFN_DC03,0.3,0.6,1.5,1.4154853367437548,3397.164808185008,3383.8935031125843,13.27130507242373,3397.164808185011,3383.8625494575326,13.302258727478602,-0.030953655054872797
Chen2020,Chen2020_DFN_DC03_AC0p3_1p5tauSet,Chen2020_DFN_DC03,0.3,0.6,1.5,1.4483362917908833,3476.0071002981176,3462.290031688703,13.717068609414582,3476.00710029812,3462.2827670433376,13.724333254782323,-0.007264645367740741
Chen2020,Chen2020_DFN_DC03_AC0p3_1p5tauSet,Chen2020_DFN_DC03,0.3,0.6,1.5,1.4811872468380118,3554.849392411229,3504.353565070855,50.495827340374035,3554.8493924112286,3504.3462030758537,50.50318933537483,-0.007361995000792376
Chen2020,Chen2020_DFN_DC03_AC0p3_1p5tauSet,Chen2020_DFN_DC03,0.3,0.6,1.5,1.5140382018851404,3633.691684524338,3545.149994522284,88.54169000205411,3633.6916845243372,3545.1389528412765,88.55273168306076,-0.011041681006645376
Chen2020,Chen2020_DFN_DC03_AC0p3_1p5tauSet,Chen2020_DFN_DC03,0.3,0.6,1.5,1.546889156932269,3712.533976637447,3604.6795786356074,107.8543980018394,3712.5339766374454,3604.642001782065,107.89197485538034,-0.03757685354094065
Chen2020,Chen2020_DFN_DC03_AC0p3_1p5tauSet,Chen2020_DFN_DC03,0.3,0.6,1.5,1.5797401119793975,3791.3762687505523,3787.0044576113605,4.371811139191777,3791.3762687505537,3787.003453913552,4.372814837001442,-0.0010036978096650273
Chen2020,Chen2020_DFN_DC03_AC0p3_1p5tauSet,Chen2020_DFN_DC03,0.3,0.6,1.5,1.612591067026526,3870.218560863663,3833.025650052203,37.19291081145957,3870.2185608636623,3833.0184421145036,37.20011874915872,-0.007207937699149625
Chen2020,Chen2020_DFN_DC03_AC0p3_1p5tauSet,Chen2020_DFN_DC03,0.3,0.6,1.5,1.6454420220736543,3949.060852976771,3872.9091005212704,76.15175245550063,3949.0608529767705,3872.9002939802904,76.16055899648018,-0.008806540979549027
Chen2020,Chen2020_DFN_DC03_AC0p3_1p5tauSet,Chen2020_DFN_DC03,0.3,0.6,1.5,1.6782929771207828,4027.9031450898806,3921.057953552388,106.84519153749261,4027.9031450898788,3921.039955259519,106.86318983035972,-0.017998292867105192
Chen2020,Chen2020_DFN_DC03_AC0p3_1p5tauSet,Chen2020_DFN_DC03,0.3,0.6,1.5,1.7111439321679114,4106.745437202991,4106.750486449386,-0.005049246395174123,4106.745437202987,4106.742553926227,0.0028832767602580134,-0.007932523155432136
Chen2020,Chen2020_DFN_DC03_AC0p3_1p5tauSet,Chen2020_DFN_DC03,0.3,0.6,1.5,1.74399488721504,4185.5877293161,4161.113601060107,24.47412825599349,4185.587729316096,4161.107560111662,24.480169204433878,-0.006040948440386273
Chen2020,Chen2020_DFN_DC03_AC0p3_1p5tauSet,Chen2020_DFN_DC03,0.3,0.6,1.5,1.7768458422621685,4264.430021429208,4201.439102891372,62.99091853783557,4264.430021429204,4201.431121081018,62.998900348186,-0.007981810350429441
Chen2020,Chen2020_DFN_DC03_AC0p3_1p5tauSet,Chen2020_DFN_DC03,0.3,0.6,1.5,1.809696797309297,4343.272313542315,4244.54825059892,98.72406294339453,4343.272313542313,4244.536932266191,98.7353812761221,-0.011318332727569214
Chen2020,Chen2020_DFN_DC03_AC0p3_1p5tauSet,Chen2020_DFN_DC03,0.3,0.6,1.5,1.8425477523564255,4422.114605655421,4404.556315840478,17.558289814942327,4422.114605655422,4404.513736588239,17.60086906718243,-0.042579252240102505
Chen2020,Chen2020_DFN_DC03_AC0p3_1p5tauSet,Chen2020_DFN_DC03,0.3,0.6,1.5,1.875398707403554,4500.956897768534,4487.978992957538,12.977904810995824,4500.956897768529,4487.975564116274,12.981333652255671,-0.003428841259847104
Chen2020,Chen2020_DFN_DC03_AC0p3_1p5tauSet,Chen2020_DFN_DC03,0.3,0.6,1.5,1.9082496624506826,4579.799189881645,4530.239358936226,49.55983094541898,4579.799189881638,4530.232411910341,49.56677797129669,-0.006947025877707347
Chen2020,Chen2020_DFN_DC03_AC0p3_1p5tauSet,Chen2020_DFN_DC03,0.3,0.6,1.5,1.941100617497811,4658.641481994756,4570.923919394285,87.71756260047096,4658.641481994747,4570.914428004633,87.72705399011375,-0.009491389642789727
Chen2020,Chen2020_DFN_DC03_AC0p3_1p5tauSet,Chen2020_DFN_DC03,0.3,0.6,1.5,1.9739515725449395,4737.4837741078645,4629.214744905418,108.26902920244629,4737.4837741078545,4629.192323324194,108.29145078366037,-0.02242158121407556
Chen2020,Chen2020_DFN_DC03_AC0p3_1p5tauSet,Chen2020_DFN_DC03,0.3,0.6,1.5,2.0068025275920682,4816.326066220972,4812.4767623823955,3.849303838576816,4816.326066220964,4812.470853500598,3.855212720365671,-0.005908881788855069
Chen2020,Chen2020_DFN_DC03_AC0p3_1p5tauSet,Chen2020_DFN_DC03,0.3,0.6,1.5,2.0396534826391965,4895.16835833408,4858.88699338622,36.28136494786031,4895.168358334072,4858.879959450498,36.28839888357379,-0.0070339357134798774
Chen2020,Chen2020_DFN_DC03_AC0p3_1p5tauSet,Chen2020_DFN_DC03,0.3,0.6,1.5,2.0725044376863253,4974.010650447186,4898.757884828448,75.25276561873761,4974.0106504471805,4898.749429828103,75.2612206190779,-0.008455000340291008
Chen2020,Chen2020_DFN_DC03_AC0p3_1p5tauSet,Chen2020_DFN_DC03,0.3,0.6,1.5,2.1053553927334536,5052.852942560292,4946.4225476824395,106.43039487785245,5052.852942560289,4946.408021556495,106.44492100379375,-0.01452612594130187
Chen2020,Chen2020_DFN_DC03_AC0p3_1p5tauSet,Chen2020_DFN_DC03,0.3,0.6,1.5,2.1382063477805824,5131.695234673402,5131.642005600478,0.053229072924295906,5131.695234673398,5131.638314960312,0.05691971308624488,-0.003690640161948977
Chen2020,Chen2020_DFN_DC03_AC0p3_1p5tauSet,Chen2020_DFN_DC03,0.3,0.6,1.5,2.1710573028277107,5210.53752678651,5186.91402227512,23.62350451138991,5210.537526786506,5186.907938611047,23.629588175458593,-0.006083664068682992
Chen2020,Chen2020_DFN_DC03_AC0p3_1p5tauSet,Chen2020_DFN_DC03,0.3,0.6,1.5,2.2039082578748395,5289.379818899617,5227.321872388807,62.057946510810325,5289.379818899614,5227.313704972344,62.066113927270635,-0.00816741646031005
Chen2020,Chen2020_DFN_DC03_AC0p3_1p5tauSet,Chen2020_DFN_DC03,0.3,0.6,1.5,2.2367592129219678,5368.222111012727,5270.201174959735,98.0209360529916,5368.222111012723,5270.184108006926,98.03800300579678,-0.017066952805180335
Chen2020,Chen2020_DFN_DC03_AC0p3_1p5tauSet,Chen2020_DFN_DC03,0.3,0.6,1.5,2.2696101679690965,5447.064403125834,5422.5647449718745,24.4996581539599,5447.064403125832,5422.506787871264,24.55761525456728,-0.05795710060738202
Chen2020,Chen2020_DFN_DC03_AC0p3_1p5tauSet,Chen2020_DFN_DC03,0.3,0.6,1.5,2.302461123016225,5525.906695238942,5513.6625083252175,12.244186913724661,5525.906695238939,5513.657363112774,12.249332126165427,-0.005145212440766045
Chen2020,Chen2020_DFN_DC03_AC0p3_1p5tauSet,Chen2020_DFN_DC03,0.3,0.6,1.5,2.335312078063353,5604.748987352053,5556.124896127414,48.624091224638505,5604.748987352047,5556.117888649177,48.63109870287008,-0.00700747823157144
Chen2020,Chen2020_DFN_DC03_AC0p3_1p5tauSet,Chen2020_DFN_DC03,0.3,0.6,1.5,2.368163033110482,5683.591279465156,5596.706471308982,86.88480815617368,5683.591279465157,5596.696756043774,86.89452342138247,-0.009715265208797064
Chen2020,Chen2020_DFN_DC03_AC0p3_1p5tauSet,Chen2020_DFN_DC03,0.3,0.6,1.5,2.4010139881576102,5762.433571578261,5653.87731957635,108.55625200191116,5762.4335715782645,5653.848674956089,108.58489662217562,-0.028644620264458354
Chen2020,Chen2020_DFN_DC03_AC0p3_1p5tauSet,Chen2020_DFN_DC03,0.3,0.6,1.5,2.433864943204739,5841.275863691366,5837.922725795979,3.3531378953866806,5841.275863691374,5837.91487105016,3.36099264121367,-0.007854745826989529
Chen2020,Chen2020_DFN_DC03_AC0p3_1p5tauSet,Chen2020_DFN_DC03,0.3,0.6,1.5,2.4667158982518673,5920.118155804474,5884.744799789522,35.37335601495124,5920.118155804482,5884.738534507735,35.379621296747246,-0.006265281796004274
Chen2020,Chen2020_DFN_DC03_AC0p3_1p5tauSet,Chen2020_DFN_DC03,0.3,0.6,1.5,2.499566853298996,5998.960447917585,5924.610149227906,74.35029868967922,5998.9604479175905,5924.60202541807,74.3584224995202,-0.008123809840981266
Chen2020,Chen2020_DFN_DC03_AC0p3_1p5tauSet,Chen2020_DFN_DC03,0.3,0.6,1.5,2.5324178083461244,6077.802740030691,5971.82013640023,105.9826036304612,6077.802740030699,5971.804173239997,105.99856679070217,-0.015963160240971774
Chen2020,Chen2020_DFN_DC03_AC0p3_1p5tauSet,Chen2020_DFN_DC03,0.3,0.6,1.5,2.565268763393253,6156.645032143797,6156.468890272986,0.17614187081107957,6156.645032143807,6156.459696765316,0.18533537849089043,-0.009193507679810864
Chen2020,Chen2020_DFN_DC03_AC0p3_1p5tauSet,Chen2020_DFN_DC03,0.3,0.6,1.5,2.5981197184403815,6235.487324256899,6212.709174478361,22.778149778538136,6235.487324256916,6212.702290735399,22.785033521516198,-0.006883742978061491
Chen2020,Chen2020_DFN_DC03_AC0p3_1p5tauSet,Chen2020_DFN_DC03,0.3,0.6,1.5,2.63097067348751,6314.329616370005,6253.205246089661,61.12437028034401,6314.329616370024,6253.197430949986,61.132185420038695,-0.007815139694685058
Chen2020,Chen2020_DFN_DC03_AC0p3_1p5tauSet,Chen2020_DFN_DC03,0.3,0.6,1.5,2.6638216285346386,6393.171908483116,6295.855936568518,97.31597191459787,6393.171908483132,6295.8438902169555,97.32801826617651,-0.012046351578646863
Chen2020,Chen2020_DFN_DC03_AC0p3_1p5tauSet,Chen2020_DFN_DC03,0.3,0.6,1.5,2.696672583581767,6472.014200596227,6405.277778186651,66.73642240957633,6472.014200596241,6404.7126183387745,67.30158225746618,-0.565159847889845
Chen2020,Chen2020_DFN_DC03_AC0p3_1p5tauSet,Chen2020_DFN_DC03,0.3,0.6,1.5,2.7295235386288956,6550.85649270933,6539.334878148864,11.521614560466332,6550.856492709349,6539.327634569931,11.528858139417935,-0.007243578951602103
Chen2020,Chen2020_DFN_DC03_AC0p3_1p5tauSet,Chen2020_DFN_DC03,0.3,0.6,1.5,2.762374493676024,6629.698784822435,6582.009474023541,47.68931079889444,6629.698784822457,6582.002491487597,47.69629333486046,-0.006982535966017167
Chen2020,Chen2020_DFN_DC03_AC0p3_1p5tauSet,Chen2020_DFN_DC03,0.3,0.6,1.5,2.7952254487231527,6708.541076935546,6622.495307959412,86.04576897613424,6708.541076935567,6622.485637863612,86.05543907195442,-0.009670095820183633
Chen2020,Chen2020_DFN_DC03_AC0p3_1p5tauSet,Chen2020_DFN_DC03,0.3,0.6,1.5,2.828076403770281,6787.383369048659,6678.617373259229,108.76599578943024,6787.3833690486745,6678.5979625005175,108.78540654815697,-0.019410758726735367
Chen2020,Chen2020_DFN_DC03_AC0p3_1p5tauSet,Chen2020_DFN_DC03,0.3,0.6,1.5,2.8609273588174093,6866.22566116176,6863.340135267802,2.885525893958402,6866.225661161782,6863.334008849279,2.8916523125035383,-0.006126418545136403
Chen2020,Chen2020_DFN_DC03_AC0p3_1p5tauSet,Chen2020_DFN_DC03,0.3,0.6,1.5,2.893778313864538,6945.067953274867,6910.600087061213,34.467866213653906,6945.067953274891,6910.593991087078,34.4739621878125,-0.006095974158597528
Chen2020,Chen2020_DFN_DC03_AC0p3_1p5tauSet,Chen2020_DFN_DC03,0.3,0.6,1.5,2.9266292689116664,7023.910245387978,6950.467355903759,73.44288948421854,7023.910245388,6950.457896310393,73.45234907760641,-0.00945959338787361
Chen2020,Chen2020_DFN_DC03_AC0p3_1p5tauSet,Chen2020_DFN_DC03,0.3,0.6,1.5,2.959480223958795,7102.752537501085,6997.243439060782,105.5090984403023,7102.752537501109,6997.226625417647,105.52591208346257,-0.016813643160276115
Chen2020,Chen2020_DFN_DC03_AC0p3_1p5tauSet,Chen2020_DFN_DC03,0.3,0.6,1.5,2.9923311790059235,7181.594829614201,7181.199495125137,0.39533448906422564,7181.594829614216,7181.197586563246,0.39724305097024626,-0.0019085619060206227
Chen2020,Chen2020_DFN_DC03_AC0p3_1p5tauSet,Chen2020_DFN_DC03,0.3,0.6,1.5,3.0251821340530523,7260.437121727312,7238.495306912022,21.941814815289945,7260.437121727326,7238.490339470315,21.946782257010454,-0.004967441720509669
Chen2020,Chen2020_DFN_DC03_AC0p3_1p5tauSet,Chen2020_DFN_DC03,0.3,0.6,1.5,3.0580330891001806,7339.2794138404215,7279.08946395709,60.18994988333179,7339.279413840434,7279.082155100439,60.19725873999505,-0.007308856663257757
Chen2020,Chen2020_DFN_DC03_AC0p3_1p5tauSet,Chen2020_DFN_DC03,0.3,0.6,1.5,3.090884044147309,7418.121705953532,7321.525973645531,96.59573230800106,7418.121705953541,7321.5156868784325,96.60601907510863,-0.010286767107572814
Chen2020,Chen2020_DFN_DC03_AC0p3_1p5tauSet,Chen2020_DFN_DC03,0.3,0.6,1.5,3.1237349991944376,7496.963998066643,7411.507012114953,85.45698595169051,7496.963998066651,7411.397660237168,85.56633782948302,-0.10935187779250555
Chen2020,Chen2020_DFN_DC03_AC0p3_1p5tauSet,Chen2020_DFN_DC03,0.3,0.6,1.5,3.156585954241566,7575.80629017975,7564.9884891059355,10.817801073814735,7575.8062901797575,7564.985816860699,10.820473319058692,-0.00267224524395715
Chen2020,Chen2020_DFN_DC03_AC0p3_1p5tauSet,Chen2020_DFN_DC03,0.3,0.6,1.5,3.1894369092886947,7654.648582292859,7607.892129483875,46.75645280898425,7654.648582292867,7607.88607757045,46.76250472241736,-0.006051913433111622
Chen2020,Chen2020_DFN_DC03_AC0p3_1p5tauSet,Chen2020_DFN_DC03,0.3,0.6,1.5,3.222287864335823,7733.4908744059685,7648.289715173513,85.20115923245521,7733.490874405976,7648.280786537089,85.21008786888706,-0.008928636431846826
Chen2020,Chen2020_DFN_DC03_AC0p3_1p5tauSet,Chen2020_DFN_DC03,0.3,0.6,1.5,3.255138819382952,7812.333166519075,7703.44853998417,108.88462653490569,7812.333166519084,7703.429464933062,108.90370158602218,-0.019075051116487884
Chen2020,Chen2020_DFN_DC03_AC0p3_1p5tauSet,Chen2020_DFN_DC03,0.3,0.6,1.5,3.28798977443008,7891.175458632187,7888.734811321139,2.4406473110475417,7891.175458632192,7888.726624402688,2.4488342295044276,-0.008186918456885905
Chen2020,Chen2020_DFN_DC03_AC0p3_1p5tauSet,Chen2020_DFN_DC03,0.3,0.6,1.5,3.320840729477209,7970.0177507452945,7936.452826463347,33.56492428194724,7970.017750745301,7936.446148719419,33.571602025881475,-0.006677743934233149
Chen2020,Chen2020_DFN_DC03_AC0p3_1p5tauSet,Chen2020_DFN_DC03,0.3,0.6,1.5,3.353691684524337,8048.860042858408,7976.325084876244,72.53495798216409,8048.8600428584095,7976.316862606735,72.54318025167413,-0.008222269510042679
Chen2020,Chen2020_DFN_DC03_AC0p3_1p5tauSet,Chen2020_DFN_DC03,0.3,0.6,1.5,3.3865426395714655,8127.702334971522,8022.686543650682,105.01579132083953,8127.702334971517,8022.673755434076,105.02857953744115,-0.012788216601620661
Chen2020,Chen2020_DFN_DC03_AC0p3_1p5tauSet,Chen2020_DFN_DC03,0.3,0.6,1.5,3.4193935946185943,8206.544627084635,8205.852589705573,0.6920373790617305,8206.544627084626,8205.840991016292,0.7036360683341627,-0.011598689272432239
Chen2020,Chen2020_DFN_DC03_AC0p3_1p5tauSet,Chen2020_DFN_DC03,0.3,0.6,1.5,3.4522445496657226,8285.38691919774,8264.277686991247,21.10923220649238,8285.386919197734,8264.271796359746,21.115122837987656,-0.005890631495276466
Chen2020,Chen2020_DFN_DC03_AC0p36_1p5tauSet,Chen2020_DFN_DC03,0.36,0.6599999999999999,1.5,0.2,479.9999999999992,421.83256044576876,58.16743955423044,480.0,421.83112623171695,58.16887376828305,-0.0014342140526082403
Chen2020,Chen2020_DFN_DC03_AC0p36_1p5tauSet,Chen2020_DFN_DC03,0.36,0.6599999999999999,1.5,0.23285095504712852,558.8422921131074,458.5531454178128,100.28914669529462,558.8422921131084,458.54794787659364,100.2943442365148,-0.005197541220184121
Chen2020,Chen2020_DFN_DC03_AC0p36_1p5tauSet,Chen2020_DFN_DC03,0.36,0.6599999999999999,1.5,0.26570191009425703,637.6845842262156,507.36698013299474,130.3176040932209,637.6845842262169,507.3495750361052,130.3350091901117,-0.017405096890797722
Chen2020,Chen2020_DFN_DC03_AC0p36_1p5tauSet,Chen2020_DFN_DC03,0.36,0.6599999999999999,1.5,0.29855286514138557,716.5268763393238,709.6905807796887,6.8362955596351185,716.5268763393254,709.6890810075424,6.837795331783013,-0.0014997721478948733
Chen2020,Chen2020_DFN_DC03_AC0p36_1p5tauSet,Chen2020_DFN_DC03,0.36,0.6599999999999999,1.5,0.33140382018851405,795.3691684524325,751.6943235623409,43.67484489009166,795.3691684524338,751.6924117151556,43.6767567372782,-0.0019118471865340325
Chen2020,Chen2020_DFN_DC03_AC0p36_1p5tauSet,Chen2020_DFN_DC03,0.36,0.6599999999999999,1.5,0.36425477523564254,874.2114605655402,787.8952018388387,86.31625872670145,874.2114605655421,787.8914521327623,86.32000843277979,-0.003749706078338022
Chen2020,Chen2020_DFN_DC03_AC0p36_1p5tauSet,Chen2020_DFN_DC03,0.36,0.6599999999999999,1.5,0.3971057302827711,953.0537526786494,829.653722179722,123.40003049892744,953.0537526786507,829.6439696440308,123.40978303461986,-0.009752535692427955
Chen2020,Chen2020_DFN_DC03_AC0p36_1p5tauSet,Chen2020_DFN_DC03,0.36,0.6599999999999999,1.5,0.4299566853298996,1031.896044791758,1031.6344210988573,0.26162369290068455,1031.896044791759,1031.6408445519883,0.2552002397708293,0.006423453129855261
Chen2020,Chen2020_DFN_DC03_AC0p36_1p5tauSet,Chen2020_DFN_DC03,0.36,0.6599999999999999,1.5,0.4628076403770281,1110.7383369048662,1080.9980855766396,29.740251328226577,1110.7383369048673,1080.9954947713904,29.74284213347687,-0.0025908052502927603
Chen2020,Chen2020_DFN_DC03_AC0p36_1p5tauSet,Chen2020_DFN_DC03,0.36,0.6599999999999999,1.5,0.49565859542415663,1189.5806290179742,1117.774708230607,71.80592078736709,1189.580629017976,1117.7703734210309,71.81025559694513,-0.004334809578040222
Chen2020,Chen2020_DFN_DC03_AC0p36_1p5tauSet,Chen2020_DFN_DC03,0.36,0.6599999999999999,1.5,0.5285095504712851,1268.4229211310821,1156.0860090410101,112.33691209007202,1268.4229211310842,1156.0754091777758,112.34751195330841,-0.010599863236393503
Chen2020,Chen2020_DFN_DC03_AC0p36_1p5tauSet,Chen2020_DFN_DC03,0.36,0.6599999999999999,1.5,0.5613605055184137,1347.2652132441915,1223.7132228591468,123.55199038504475,1347.2652132441929,1223.6704052390126,123.59480800518031,-0.04281762013556545
Chen2020,Chen2020_DFN_DC03_AC0p36_1p5tauSet,Chen2020_DFN_DC03,0.36,0.6599999999999999,1.5,0.5942114605655422,1426.1075053573,1409.1905575626959,16.916947794604084,1426.1075053573013,1409.1904309925171,16.917074364784185,-0.00012657018010031607
Chen2020,Chen2020_DFN_DC03_AC0p36_1p5tauSet,Chen2020_DFN_DC03,0.36,0.6599999999999999,1.5,0.6270624156126707,1504.9497974704093,1447.805173098608,57.14462437180123,1504.9497974704097,1447.8009102204112,57.14888724999855,-0.004262878197323516
Chen2020,Chen2020_DFN_DC03_AC0p36_1p5tauSet,Chen2020_DFN_DC03,0.36,0.6599999999999999,1.5,0.6599133706597992,1583.792089583518,1484.4509632655852,99.34112631793278,1583.792089583518,1484.4449199147966,99.34716966872134,-0.00604335078855911
Chen2020,Chen2020_DFN_DC03_AC0p36_1p5tauSet,Chen2020_DFN_DC03,0.36,0.6599999999999999,1.5,0.6927643257069276,1662.6343816966262,1532.5583658020275,130.07601589459864,1662.6343816966262,1532.545632808412,130.08874888821424,-0.012732993615600208
Chen2020,Chen2020_DFN_DC03_AC0p36_1p5tauSet,Chen2020_DFN_DC03,0.36,0.6599999999999999,1.5,0.7256152807540561,1741.4766738097346,1735.2842322461963,6.192441563538296,1741.4766738097348,1735.2823731264577,6.194300683277106,-0.0018591197388104774
Chen2020,Chen2020_DFN_DC03_AC0p36_1p5tauSet,Chen2020_DFN_DC03,0.36,0.6599999999999999,1.5,0.7584662358011847,1820.3189659228444,1777.641576525067,42.67738939777746,1820.318965922843,1777.6369106363761,42.68205528646695,-0.004665888689487474
Chen2020,Chen2020_DFN_DC03_AC0p36_1p5tauSet,Chen2020_DFN_DC03,0.36,0.6599999999999999,1.5,0.7913171908483132,1899.161258035954,1813.8464469125142,85.31481112343977,1899.1612580359517,1813.840489925029,85.3207681109227,-0.005956987482932163
Chen2020,Chen2020_DFN_DC03_AC0p36_1p5tauSet,Chen2020_DFN_DC03,0.36,0.6599999999999999,1.5,0.8241681458954417,1978.0035501490624,1855.2813306651865,122.72221948387596,1978.0035501490602,1855.270105767064,122.73344438199615,-0.011224898120190119
Chen2020,Chen2020_DFN_DC03_AC0p36_1p5tauSet,Chen2020_DFN_DC03,0.36,0.6599999999999999,1.5,0.8570191009425703,2056.8458422621698,2056.7457378557956,0.1001044063741574,2056.8458422621684,2056.7407567446458,0.10508551752263884,-0.004981111148481432
Chen2020,Chen2020_DFN_DC03_AC0p36_1p5tauSet,Chen2020_DFN_DC03,0.36,0.6599999999999999,1.5,0.8898700559896988,2135.688134375277,2106.886262018675,28.80187235660196,2135.688134375277,2106.883478531059,28.804655844217905,-0.0027834876159431587
Chen2020,Chen2020_DFN_DC03_AC0p36_1p5tauSet,Chen2020_DFN_DC03,0.36,0.6599999999999999,1.5,0.9227210110368271,2214.530426488386,2143.747711722093,70.78271476629334,2214.530426488385,2143.7414951512433,70.78893133714155,-0.0062165708482098125
Chen2020,Chen2020_DFN_DC03_AC0p36_1p5tauSet,Chen2020_DFN_DC03,0.36,0.6599999999999999,1.5,0.9555719660839557,2293.3727186014958,2181.8939194056466,111.4787991958492,2293.3727186014935,2181.882985150051,111.48973345144259,-0.010934255593383568
Chen2020,Chen2020_DFN_DC03_AC0p36_1p5tauSet,Chen2020_DFN_DC03,0.36,0.6599999999999999,1.5,0.9884229211310842,2372.2150107146044,2246.7197372325304,125.49527348207403,2372.215010714602,2246.685636438985,125.5293742756171,-0.03410079354307527
Chen2020,Chen2020_DFN_DC03_AC0p36_1p5tauSet,Chen2020_DFN_DC03,0.36,0.6599999999999999,1.5,1.0212738761782127,2451.0573028277126,2434.9779315340434,16.079371293669283,2451.057302827711,2434.9722235471395,16.085079280571335,-0.005707986902052653
Chen2020,Chen2020_DFN_DC03_AC0p36_1p5tauSet,Chen2020_DFN_DC03,0.36,0.6599999999999999,1.5,1.0541248312253413,2529.8995949408227,2473.7758308227917,56.12376411803098,2529.899594940819,2473.76976652419,56.12982841662915,-0.00606429859817581
Chen2020,Chen2020_DFN_DC03_AC0p36_1p5tauSet,Chen2020_DFN_DC03,0.36,0.6599999999999999,1.5,1.0869757862724698,2608.7418870539314,2510.3570324023212,98.38485465161011,2608.7418870539277,2510.346743967842,98.39514308608568,-0.010288434475569375
Chen2020,Chen2020_DFN_DC03_AC0p36_1p5tauSet,Chen2020_DFN_DC03,0.36,0.6599999999999999,1.5,1.1198267413195984,2687.5841791670396,2557.813829648427,129.77034951861242,2687.584179167036,2557.7898026247212,129.7943765423147,-0.024027023702274164
Chen2020,Chen2020_DFN_DC03_AC0p36_1p5tauSet,Chen2020_DFN_DC03,0.36,0.6599999999999999,1.5,1.152677696366727,2766.426471280144,2760.86307000876,5.563401271384009,2766.4264712801446,2760.855268289807,5.571202990337497,-0.00780171895348758
Chen2020,Chen2020_DFN_DC03_AC0p36_1p5tauSet,Chen2020_DFN_DC03,0.36,0.6599999999999999,1.5,1.1855286514138552,2845.2687633932524,2803.5846768644947,41.68408652875769,2845.268763393253,2803.5786069279147,41.69015646533808,-0.0060699365803884575
Chen2020,Chen2020_DFN_DC03_AC0p36_1p5tauSet,Chen2020_DFN_DC03,0.36,0.6599999999999999,1.5,1.2183796064609838,2924.111055506357,2839.79977095964,84.31128454671716,2924.111055506361,2839.7919329331035,84.31912257325757,-0.007838026540412102
Chen2020,Chen2020_DFN_DC03_AC0p36_1p5tauSet,Chen2020_DFN_DC03,0.36,0.6599999999999999,1.5,1.2512305615081123,3002.9533476194656,2880.9259314440465,122.02741617541915,3002.9533476194697,2880.9136460952277,122.03970152424199,-0.012285348822842934
Chen2020,Chen2020_DFN_DC03_AC0p36_1p5tauSet,Chen2020_DFN_DC03,0.36,0.6599999999999999,1.5,1.2840815165552408,3081.7956397325765,3081.7874001075934,0.008239624983161775,3081.795639732578,3081.7770333731783,0.018606359399655048,-0.010366734416493273
Chen2020,Chen2020_DFN_DC03_AC0p36_1p5tauSet,Chen2020_DFN_DC03,0.36,0.6599999999999999,1.5,1.3169324716023694,3160.637931845681,3132.7725296625395,27.86540218314167,3160.637931845686,3132.7659978721435,27.871933973542582,-0.006531790400913451
Chen2020,Chen2020_DFN_DC03_AC0p36_1p5tauSet,Chen2020_DFN_DC03,0.36,0.6599999999999999,1.5,1.349783426649498,3239.480223958793,3169.7211787128504,69.75904524594262,3239.4802239587952,3169.7132239103794,69.76700004841587,-0.007954802473250311
Chen2020,Chen2020_DFN_DC03_AC0p36_1p5tauSet,Chen2020_DFN_DC03,0.36,0.6599999999999999,1.5,1.3826343816966264,3318.3225160718994,3207.7104939446613,110.6120221272381,3318.3225160719035,3207.699195218096,110.6233208538074,-0.011298726569293649
Chen2020,Chen2020_DFN_DC03_AC0p36_1p5tauSet,Chen2020_DFN_DC03,0.36,0.6599999999999999,1.5,1.4154853367437548,3397.164808185008,3270.225277843902,126.93953034110609,3397.164808185011,3270.188184814202,126.9766233708092,-0.03709302970310091
Chen2020,Chen2020_DFN_DC03_AC0p36_1p5tauSet,Chen2020_DFN_DC03,0.36,0.6599999999999999,1.5,1.4483362917908833,3476.0071002981176,3460.7492198833606,15.257880414756983,3476.00710029812,3460.7437945269,15.263305771220075,-0.005425356463092612
Chen2020,Chen2020_DFN_DC03_AC0p36_1p5tauSet,Chen2020_DFN_DC03,0.36,0.6599999999999999,1.5,1.4811872468380118,3554.849392411229,3499.745795341988,55.103597069241005,3554.8493924112286,3499.73757653832,55.111815872908664,-0.008218803667659813
Chen2020,Chen2020_DFN_DC03_AC0p36_1p5tauSet,Chen2020_DFN_DC03,0.36,0.6599999999999999,1.5,1.5140382018851404,3633.691684524338,3536.263663183684,97.42802134065414,3633.6916845243372,3536.2532119433386,97.43847258099868,-0.010451240344536927
Chen2020,Chen2020_DFN_DC03_AC0p36_1p5tauSet,Chen2020_DFN_DC03,0.36,0.6599999999999999,1.5,1.546889156932269,3712.533976637447,3583.099382289078,129.4345943483686,3712.5339766374454,3583.0778674144926,129.45610922295282,-0.021514874584227073
Chen2020,Chen2020_DFN_DC03_AC0p36_1p5tauSet,Chen2020_DFN_DC03,0.36,0.6599999999999999,1.5,1.5797401119793975,3791.3762687505523,3786.4096628214593,4.966605929093021,3791.3762687505537,3786.4064872877384,4.969781462815263,-0.0031755337222421076
Chen2020,Chen2020_DFN_DC03_AC0p36_1p5tauSet,Chen2020_DFN_DC03,0.36,0.6599999999999999,1.5,1.612591067026526,3870.218560863663,3829.5257673911856,40.692793472477206,3870.2185608636623,3829.517349351234,40.70121151242847,-0.00841803995126611
Chen2020,Chen2020_DFN_DC03_AC0p36_1p5tauSet,Chen2020_DFN_DC03,0.36,0.6599999999999999,1.5,1.6454420220736543,3949.060852976771,3865.755849217668,83.30500375910287,3949.0608529767705,3865.7456421680718,83.3152108086988,-0.01020704959591967
Chen2020,Chen2020_DFN_DC03_AC0p36_1p5tauSet,Chen2020_DFN_DC03,0.36,0.6599999999999999,1.5,1.6782929771207828,4027.9031450898806,3906.588733221716,121.31441186816437,4027.9031450898788,3906.5736570198064,121.32948807007233,-0.01507620190795933
Chen2020,Chen2020_DFN_DC03_AC0p36_1p5tauSet,Chen2020_DFN_DC03,0.36,0.6599999999999999,1.5,1.7111439321679114,4106.745437202991,4106.757058692962,-0.011621489971730625,4106.745437202987,4106.74197005853,0.0034671444573177723,-0.015088634429048398
Chen2020,Chen2020_DFN_DC03_AC0p36_1p5tauSet,Chen2020_DFN_DC03,0.36,0.6599999999999999,1.5,1.74399488721504,4185.5877293161,4158.652237617369,26.93549169873131,4185.587729316096,4158.642812996315,26.944916319780532,-0.00942462104922015
Chen2020,Chen2020_DFN_DC03_AC0p36_1p5tauSet,Chen2020_DFN_DC03,0.36,0.6599999999999999,1.5,1.7768458422621685,4264.430021429208,4195.695428956142,68.73459247306619,4264.430021429204,4195.685444277278,68.74457715192602,-0.009984678859837004
Chen2020,Chen2020_DFN_DC03_AC0p36_1p5tauSet,Chen2020_DFN_DC03,0.36,0.6599999999999999,1.5,1.809696797309297,4343.272313542315,4233.541884666779,109.73042887553584,4343.272313542313,4233.523667176884,109.74864636542861,-0.01821748989277694
Chen2020,Chen2020_DFN_DC03_AC0p36_1p5tauSet,Chen2020_DFN_DC03,0.36,0.6599999999999999,1.5,1.8425477523564255,4422.114605655421,4294.074512807306,128.0400928481149,4422.114605655422,4294.035508651548,128.07909700387336,-0.03900415575844818
Chen2020,Chen2020_DFN_DC03_AC0p36_1p5tauSet,Chen2020_DFN_DC03,0.36,0.6599999999999999,1.5,1.875398707403554,4500.956897768534,4486.515194471054,14.441703297479762,4500.956897768529,4486.5046594472105,14.452238321318873,-0.01053502383911109
Chen2020,Chen2020_DFN_DC03_AC0p36_1p5tauSet,Chen2020_DFN_DC03,0.36,0.6599999999999999,1.5,1.9082496624506826,4579.799189881645,4525.713665707793,54.08552417385272,4579.799189881638,4525.704220486086,54.09496939555174,-0.009445221699024842
Chen2020,Chen2020_DFN_DC03_AC0p36_1p5tauSet,Chen2020_DFN_DC03,0.36,0.6599999999999999,1.5,1.941100617497811,4658.641481994756,4562.176424337292,96.46505765746406,4658.641481994747,4562.164122954679,96.47735904006731,-0.012301382603254751
Chen2020,Chen2020_DFN_DC03_AC0p36_1p5tauSet,Chen2020_DFN_DC03,0.36,0.6599999999999999,1.5,1.9739515725449395,4737.4837741078645,4608.434001786315,129.04977232154943,4737.4837741078545,4608.406159598809,129.07761450904582,-0.02784218749638967
Chen2020,Chen2020_DFN_DC03_AC0p36_1p5tauSet,Chen2020_DFN_DC03,0.36,0.6599999999999999,1.5,2.0068025275920682,4816.326066220972,4811.946460058193,4.379606162779055,4816.326066220964,4811.934628524187,4.391437696776848,-0.011831533997792576
Chen2020,Chen2020_DFN_DC03_AC0p36_1p5tauSet,Chen2020_DFN_DC03,0.36,0.6599999999999999,1.5,2.0396534826391965,4895.16835833408,4855.463037396773,39.70532093730708,4895.168358334072,4855.452982832443,39.71537550162884,-0.010054564321762882
Chen2020,Chen2020_DFN_DC03_AC0p36_1p5tauSet,Chen2020_DFN_DC03,0.36,0.6599999999999999,1.5,2.0725044376863253,4974.010650447186,4891.713684880057,82.29696556712861,4974.0106504471805,4891.701481401399,82.30916904578135,-0.012203478652736521
Chen2020,Chen2020_DFN_DC03_AC0p36_1p5tauSet,Chen2020_DFN_DC03,0.36,0.6599999999999999,1.5,2.1053553927334536,5052.852942560292,4932.2659899810715,120.58695257922045,5052.852942560289,4932.249274668445,120.60366789184445,-0.016715312624000944
Chen2020,Chen2020_DFN_DC03_AC0p36_1p5tauSet,Chen2020_DFN_DC03,0.36,0.6599999999999999,1.5,2.1382063477805824,5131.695234673402,5131.6387199591,0.05651471430246602,5131.695234673398,5131.626268779865,0.06896589353254967,-0.012451179230083653
Chen2020,Chen2020_DFN_DC03_AC0p36_1p5tauSet,Chen2020_DFN_DC03,0.36,0.6599999999999999,1.5,2.1710573028277107,5210.53752678651,5184.5219248204585,26.01560196605169,5210.537526786506,5184.513674180134,26.023852606371292,-0.008250640319602098
Chen2020,Chen2020_DFN_DC03_AC0p36_1p5tauSet,Chen2020_DFN_DC03,0.36,0.6599999999999999,1.5,2.2039082578748395,5289.379818899617,5221.669317171816,67.71050172780087,5289.379818899614,5221.658041370672,67.72177752894186,-0.011275801140982367
Chen2020,Chen2020_DFN_DC03_AC0p36_1p5tauSet,Chen2020_DFN_DC03,0.36,0.6599999999999999,1.5,2.2367592129219678,5368.222111012727,5259.371203272837,108.85090773988941,5368.222111012723,5259.356047452956,108.8660635597671,-0.015155819877691101
Chen2020,Chen2020_DFN_DC03_AC0p36_1p5tauSet,Chen2020_DFN_DC03,0.36,0.6599999999999999,1.5,2.2696101679690965,5447.064403125834,5318.196433873883,128.86796925195176,5447.064403125832,5318.142493881544,128.92190924428724,-0.0539399923354722
Chen2020,Chen2020_DFN_DC03_AC0p36_1p5tauSet,Chen2020_DFN_DC03,0.36,0.6599999999999999,1.5,2.302461123016225,5525.906695238942,5512.266312744666,13.64038249427631,5525.906695238939,5512.254303814857,13.652391424082452,-0.012008929806142987
Chen2020,Chen2020_DFN_DC03_AC0p36_1p5tauSet,Chen2020_DFN_DC03,0.36,0.6599999999999999,1.5,2.335312078063353,5604.748987352053,5551.680442293706,53.0685450583469,5604.748987352047,5551.669577276804,53.07941007524278,-0.010865016895877488
Chen2020,Chen2020_DFN_DC03_AC0p36_1p5tauSet,Chen2020_DFN_DC03,0.36,0.6599999999999999,1.5,2.368163033110482,5683.591279465156,5588.092727754908,95.49855171024774,5683.591279465157,5588.079282860668,95.51199660448856,-0.013444894240819849
Chen2020,Chen2020_DFN_DC03_AC0p36_1p5tauSet,Chen2020_DFN_DC03,0.36,0.6599999999999999,1.5,2.4010139881576102,5762.433571578261,5633.796689755744,128.63688182251644,5762.4335715782645,5633.771466441278,128.6621051369866,-0.02522331447016768
Chen2020,Chen2020_DFN_DC03_AC0p36_1p5tauSet,Chen2020_DFN_DC03,0.36,0.6599999999999999,1.5,2.433864943204739,5841.275863691366,5837.44983562147,3.826028069895983,5841.275863691374,5837.438150967956,3.837712723418008,-0.011684653522024746
Chen2020,Chen2020_DFN_DC03_AC0p36_1p5tauSet,Chen2020_DFN_DC03,0.36,0.6599999999999999,1.5,2.4667158982518673,5920.118155804474,5881.396768246317,38.72138755815649,5920.118155804482,5881.385348198143,38.73280760633861,-0.01142004818211717
Chen2020,Chen2020_DFN_DC03_AC0p36_1p5tauSet,Chen2020_DFN_DC03,0.36,0.6599999999999999,1.5,2.499566853298996,5998.960447917585,5917.672121128676,81.28832678890922,5998.9604479175905,5917.659316969256,81.3011309483345,-0.012804159425286343
Chen2020,Chen2020_DFN_DC03_AC0p36_1p5tauSet,Chen2020_DFN_DC03,0.36,0.6599999999999999,1.5,2.5324178083461244,6077.802740030691,5957.957133453281,119.84560657740985,6077.802740030699,5957.939697744821,119.86304228587778,-0.017435708467928634
Chen2020,Chen2020_DFN_DC03_AC0p36_1p5tauSet,Chen2020_DFN_DC03,0.36,0.6599999999999999,1.5,2.565268763393253,6156.645032143797,6156.438592032825,0.2064401109719256,6156.645032143807,6156.418540648608,0.2264914951992978,-0.020051384227372182
Chen2020,Chen2020_DFN_DC03_AC0p36_1p5tauSet,Chen2020_DFN_DC03,0.36,0.6599999999999999,1.5,2.5981197184403815,6235.487324256899,6210.3894847634165,25.097839493482752,6235.487324256916,6210.378321061474,25.1090031954418,-0.011163701959048922
Chen2020,Chen2020_DFN_DC03_AC0p36_1p5tauSet,Chen2020_DFN_DC03,0.36,0.6599999999999999,1.5,2.63097067348751,6314.329616370005,6247.64277122828,66.68684514172492,6314.329616370024,6247.630900722042,66.69871564798268,-0.011870506257764646
Chen2020,Chen2020_DFN_DC03_AC0p36_1p5tauSet,Chen2020_DFN_DC03,0.36,0.6599999999999999,1.5,2.6638216285346386,6393.171908483116,6285.211078915927,107.96082956718874,6393.171908483132,6285.195999711573,107.97590877155926,-0.015079204370522348
Chen2020,Chen2020_DFN_DC03_AC0p36_1p5tauSet,Chen2020_DFN_DC03,0.36,0.6599999999999999,1.5,2.696672583581767,6472.014200596227,6342.492519488001,129.5216811082264,6472.014200596241,6342.453608382877,129.56059221336363,-0.03891110513723106
Chen2020,Chen2020_DFN_DC03_AC0p36_1p5tauSet,Chen2020_DFN_DC03,0.36,0.6599999999999999,1.5,2.7295235386288956,6550.85649270933,6537.999576765449,12.856915943881177,6550.856492709349,6537.992180332949,12.864312376400449,-0.007396432519271912
Chen2020,Chen2020_DFN_DC03_AC0p36_1p5tauSet,Chen2020_DFN_DC03,0.36,0.6599999999999999,1.5,2.762374493676024,6629.698784822435,6577.645393034289,52.053391788146655,6629.698784822457,6577.633524359754,52.06526046270301,-0.011868674556353653
Chen2020,Chen2020_DFN_DC03_AC0p36_1p5tauSet,Chen2020_DFN_DC03,0.36,0.6599999999999999,1.5,2.7952254487231527,6708.541076935546,6614.014332152879,94.52674478266636,6708.541076935567,6613.998503836594,94.54257309897275,-0.015828316306397028
Chen2020,Chen2020_DFN_DC03_AC0p36_1p5tauSet,Chen2020_DFN_DC03,0.36,0.6599999999999999,1.5,2.828076403770281,6787.383369048659,6659.193852288295,128.1895167603643,6787.3833690486745,6659.170955276105,128.21241377256956,-0.022897012205248757
Chen2020,Chen2020_DFN_DC03_AC0p36_1p5tauSet,Chen2020_DFN_DC03,0.36,0.6599999999999999,1.5,2.8609273588174093,6866.22566116176,6862.929619862876,3.29604129888412,6866.225661161782,6862.915353957356,3.3103072044259534,-0.01426590554183349
Chen2020,Chen2020_DFN_DC03_AC0p36_1p5tauSet,Chen2020_DFN_DC03,0.36,0.6599999999999999,1.5,2.893778313864538,6945.067953274867,6907.324665453023,37.743287821844206,6945.067953274891,6907.314281895396,37.753671379495245,-0.010383557651039155
Chen2020,Chen2020_DFN_DC03_AC0p36_1p5tauSet,Chen2020_DFN_DC03,0.36,0.6599999999999999,1.5,2.9266292689116664,7023.910245387978,6943.632158436182,80.27808695179556,7023.910245388,6943.619017585586,80.29122780241323,-0.013140850617674005
Chen2020,Chen2020_DFN_DC03_AC0p36_1p5tauSet,Chen2020_DFN_DC03,0.36,0.6599999999999999,1.5,2.959480223958795,7102.752537501085,6983.667516247419,119.08502125366522,7102.752537501109,6983.644181275764,119.10835622534523,-0.02333497168001486
Chen2020,Chen2020_DFN_DC03_AC0p36_1p5tauSet,Chen2020_DFN_DC03,0.36,0.6599999999999999,1.5,2.9923311790059235,7181.594829614201,7181.114043748515,0.48078586568681203,7181.594829614216,7181.104591151774,0.49023846244199376,-0.00945259675518173
Chen2020,Chen2020_DFN_DC03_AC0p36_1p5tauSet,Chen2020_DFN_DC03,0.36,0.6599999999999999,1.5,3.0251821340530523,7260.437121727312,7236.249181504775,24.18794022253678,7260.437121727326,7236.236481865,24.20063986232526,-0.012699639788479544
Chen2020,Chen2020_DFN_DC03_AC0p36_1p5tauSet,Chen2020_DFN_DC03,0.36,0.6599999999999999,1.5,3.0580330891001806,7339.2794138404215,7273.616379432807,65.66303440761476,7339.279413840434,7273.603908149698,65.67550569073592,-0.012471283121158194
Chen2020,Chen2020_DFN_DC03_AC0p36_1p5tauSet,Chen2020_DFN_DC03,0.36,0.6599999999999999,1.5,3.090884044147309,7418.121705953532,7311.061074357309,107.06063159622317,7418.121705953541,7311.043203589385,107.07850236415652,-0.017870767933345633
Chen2020,Chen2020_DFN_DC03_AC0p36_1p5tauSet,Chen2020_DFN_DC03,0.36,0.6599999999999999,1.5,3.1237349991944376,7496.963998066643,7366.97198234177,129.99201572487345,7496.963998066651,7366.930303435453,130.03369463119725,-0.04167890632379567
Chen2020,Chen2020_DFN_DC03_AC0p36_1p5tauSet,Chen2020_DFN_DC03,0.36,0.6599999999999999,1.5,3.156585954241566,7575.80629017975,7563.731344535783,12.074945643967112,7575.8062901797575,7563.717705770837,12.088584408920724,-0.013638764953611826
Chen2020,Chen2020_DFN_DC03_AC0p36_1p5tauSet,Chen2020_DFN_DC03,0.36,0.6599999999999999,1.5,3.1894369092886947,7654.648582292859,7603.608113715448,51.04046857741105,7654.648582292867,7603.5959375735465,51.0526447193206,-0.012176141909549187
Chen2020,Chen2020_DFN_DC03_AC0p36_1p5tauSet,Chen2020_DFN_DC03,0.36,0.6599999999999999,1.5,3.222287864335823,7733.4908744059685,7639.936283839911,93.55459056605741,7733.490874405976,7639.921603973983,93.56927043199266,-0.014679865935249836
Chen2020,Chen2020_DFN_DC03_AC0p36_1p5tauSet,Chen2020_DFN_DC03,0.36,0.6599999999999999,1.5,3.255138819382952,7812.333166519075,7684.627507583737,127.70565893533876,7812.333166519084,7684.602113750687,127.7310527683976,-0.025393833058842574
Chen2020,Chen2020_DFN_DC03_AC0p36_1p5tauSet,Chen2020_DFN_DC03,0.36,0.6599999999999999,1.5,3.28798977443008,7891.175458632187,7888.381687881776,2.7937707504106584,7891.175458632192,7888.364353121521,2.811105510671041,-0.01733476026038261
Chen2020,Chen2020_DFN_DC03_AC0p36_1p5tauSet,Chen2020_DFN_DC03,0.36,0.6599999999999999,1.5,3.320840729477209,7970.0177507452945,7933.250964076005,36.766786669289104,7970.017750745301,7933.23961569438,36.778135050921264,-0.011348381632160454
Chen2020,Chen2020_DFN_DC03_AC0p36_1p5tauSet,Chen2020_DFN_DC03,0.36,0.6599999999999999,1.5,3.353691684524337,8048.860042858408,7969.5937108951475,79.2663319632602,8048.8600428584095,7969.580454163173,79.27958869523627,-0.013256731976071023
Chen2020,Chen2020_DFN_DC03_AC0p36_1p5tauSet,Chen2020_DFN_DC03,0.36,0.6599999999999999,1.5,3.3865426395714655,8127.702334971522,8009.381503981882,118.32083098963994,8127.702334971517,8009.362031129427,118.34030384209018,-0.019472852450235223
Chen2020,Chen2020_DFN_DC03_AC0p36_1p5tauSet,Chen2020_DFN_DC03,0.36,0.6599999999999999,1.5,3.4193935946185943,8206.544627084635,8205.694628965177,0.8499981194581778,8206.544627084626,8205.666359452558,0.8782676320679457,-0.028269512609767844
Chen2020,Chen2020_DFN_DC03_AC0p36_1p5tauSet,Chen2020_DFN_DC03,0.36,0.6599999999999999,1.5,3.4522445496657226,8285.38691919774,8262.098854654316,23.28806454342339,8285.386919197734,8262.087872560027,23.29904663770685,-0.010982094283463084
Chen2020,Chen2020_DFN_DC03_AC0p38_1p5tauSet,Chen2020_DFN_DC03,0.38,0.6799999999999999,1.5,0.2,479.9999999999992,420.4011678527303,59.59883214726892,480.0,420.3992992799257,59.600700720074315,-0.0018685728053924322
Chen2020,Chen2020_DFN_DC03_AC0p38_1p5tauSet,Chen2020_DFN_DC03,0.38,0.6799999999999999,1.5,0.23285095504712852,558.8422921131074,455.88191721360926,102.96037489949816,558.8422921131084,455.8779895416541,102.96430257145437,-0.003927671956205359
Chen2020,Chen2020_DFN_DC03_AC0p38_1p5tauSet,Chen2020_DFN_DC03,0.38,0.6799999999999999,1.5,0.26570191009425703,637.6845842262156,501.37436013996165,136.31022408625398,637.6845842262169,501.36300382108885,136.32158040512803,-0.011356318874049975
Chen2020,Chen2020_DFN_DC03_AC0p38_1p5tauSet,Chen2020_DFN_DC03,0.38,0.6799999999999999,1.5,0.29855286514138557,716.5268763393238,709.4468047623459,7.080071576977957,716.5268763393254,709.4457989538254,7.081077385500066,-0.001005808522108964
Chen2020,Chen2020_DFN_DC03_AC0p38_1p5tauSet,Chen2020_DFN_DC03,0.38,0.6799999999999999,1.5,0.33140382018851405,795.3691684524325,750.5871497053599,44.782018747072584,795.3691684524338,750.5846956805651,44.78447277186865,-0.0024540247960658235
Chen2020,Chen2020_DFN_DC03_AC0p38_1p5tauSet,Chen2020_DFN_DC03,0.38,0.6799999999999999,1.5,0.36425477523564254,874.2114605655402,785.7250412743119,88.48641929122823,874.2114605655421,785.7191858061927,88.49227475934936,-0.0058554681211262505
Chen2020,Chen2020_DFN_DC03_AC0p38_1p5tauSet,Chen2020_DFN_DC03,0.38,0.6799999999999999,1.5,0.3971057302827711,953.0537526786494,825.4343565156269,127.61939616302254,953.0537526786507,825.4266723000612,127.62708037858943,-0.007684215566882813
Chen2020,Chen2020_DFN_DC03_AC0p38_1p5tauSet,Chen2020_DFN_DC03,0.38,0.6799999999999999,1.5,0.4299566853298996,1031.896044791758,1031.622205585095,0.2738392066630695,1031.896044791759,1031.6280909391478,0.2679538526112992,0.005885354051770264
Chen2020,Chen2020_DFN_DC03_AC0p38_1p5tauSet,Chen2020_DFN_DC03,0.38,0.6799999999999999,1.5,0.4628076403770281,1110.7383369048662,1080.1954225232284,30.54291438163773,1110.7383369048673,1080.1921538729932,30.54618303187408,-0.0032686502363503678
Chen2020,Chen2020_DFN_DC03_AC0p38_1p5tauSet,Chen2020_DFN_DC03,0.38,0.6799999999999999,1.5,0.49565859542415663,1189.5806290179742,1116.0113171030157,73.56931191495846,1189.580629017976,1116.0069236612737,73.57370535670225,-0.004393441743786752
Chen2020,Chen2020_DFN_DC03_AC0p38_1p5tauSet,Chen2020_DFN_DC03,0.38,0.6799999999999999,1.5,0.5285095504712851,1268.4229211310821,1152.8099836007161,115.61293753036603,1268.4229211310842,1152.8034963691905,115.6194247618937,-0.006487231527671611
Chen2020,Chen2020_DFN_DC03_AC0p38_1p5tauSet,Chen2020_DFN_DC03,0.38,0.6799999999999999,1.5,0.5613605055184137,1347.2652132441915,1211.3516990861283,135.9135141580632,1347.2652132441929,1211.3288388184048,135.93637442578802,-0.02286026772480909
Chen2020,Chen2020_DFN_DC03_AC0p38_1p5tauSet,Chen2020_DFN_DC03,0.38,0.6799999999999999,1.5,0.5942114605655422,1426.1075053573,1408.68422013193,17.42328522536991,1426.1075053573013,1408.681276898473,17.42622845882829,-0.0029432334583816555
Chen2020,Chen2020_DFN_DC03_AC0p38_1p5tauSet,Chen2020_DFN_DC03,0.38,0.6799999999999999,1.5,0.6270624156126707,1504.9497974704093,1446.3973568434155,58.55244062699376,1504.9497974704097,1446.392587720865,58.557209749544654,-0.004769122550897009
Chen2020,Chen2020_DFN_DC03_AC0p38_1p5tauSet,Chen2020_DFN_DC03,0.38,0.6799999999999999,1.5,0.6599133706597992,1583.792089583518,1481.8207046143327,101.97138496918524,1583.792089583518,1481.813675635631,101.97841394788702,-0.007028978701782762
Chen2020,Chen2020_DFN_DC03_AC0p38_1p5tauSet,Chen2020_DFN_DC03,0.38,0.6799999999999999,1.5,0.6927643257069276,1662.6343816966262,1526.7511485496273,135.88323314699892,1662.6343816966262,1526.739376870766,135.89500482586027,-0.011771678861350665
Chen2020,Chen2020_DFN_DC03_AC0p38_1p5tauSet,Chen2020_DFN_DC03,0.38,0.6799999999999999,1.5,0.7256152807540561,1741.4766738097346,1735.0623277745149,6.414346035219751,1741.4766738097348,1735.05830854581,6.418365263924898,-0.004019228705146816
Chen2020,Chen2020_DFN_DC03_AC0p38_1p5tauSet,Chen2020_DFN_DC03,0.38,0.6799999999999999,1.5,0.7584662358011847,1820.3189659228444,1776.5561008697985,43.76286505304597,1820.318965922843,1776.5509214253827,43.76804449746032,-0.005179444414352474
Chen2020,Chen2020_DFN_DC03_AC0p38_1p5tauSet,Chen2020_DFN_DC03,0.38,0.6799999999999999,1.5,0.7913171908483132,1899.161258035954,1811.705466144972,87.45579189098203,1899.1612580359517,1811.6990826969052,87.46217533904655,-0.00638344806452551
Chen2020,Chen2020_DFN_DC03_AC0p38_1p5tauSet,Chen2020_DFN_DC03,0.38,0.6799999999999999,1.5,0.8241681458954417,1978.0035501490624,1851.1466245377383,126.85692561132419,1978.0035501490602,1851.1351240734457,126.86842607561448,-0.011500464290293166
Chen2020,Chen2020_DFN_DC03_AC0p38_1p5tauSet,Chen2020_DFN_DC03,0.38,0.6799999999999999,1.5,0.8570191009425703,2056.8458422621698,2056.7407575216907,0.10508474047901473,2056.8458422621684,2056.735309400356,0.1105328618123167,-0.00544812133330197
Chen2020,Chen2020_DFN_DC03_AC0p38_1p5tauSet,Chen2020_DFN_DC03,0.38,0.6799999999999999,1.5,0.8898700559896988,2135.688134375277,2106.1029181862623,29.585216189014773,2135.688134375277,2106.1008977181805,29.587236657096582,-0.0020204680818096676
Chen2020,Chen2020_DFN_DC03_AC0p38_1p5tauSet,Chen2020_DFN_DC03,0.38,0.6799999999999999,1.5,0.9227210110368271,2214.530426488386,2142.0107231977645,72.51970329062169,2214.530426488385,2142.0042498408484,72.52617664753643,-0.00647335691473927
Chen2020,Chen2020_DFN_DC03_AC0p38_1p5tauSet,Chen2020_DFN_DC03,0.38,0.6799999999999999,1.5,0.9555719660839557,2293.3727186014958,2178.672337150214,114.70038145128183,2293.3727186014935,2178.662963089974,114.70975551151969,-0.009374060237860249
Chen2020,Chen2020_DFN_DC03_AC0p38_1p5tauSet,Chen2020_DFN_DC03,0.38,0.6799999999999999,1.5,0.9884229211310842,2372.2150107146044,2235.5826349098056,136.6323758047988,2372.215010714602,2235.5554316963326,136.6595790182696,-0.02720321347078425
Chen2020,Chen2020_DFN_DC03_AC0p38_1p5tauSet,Chen2020_DFN_DC03,0.38,0.6799999999999999,1.5,1.0212738761782127,2451.0573028277126,2434.4900506970753,16.56725213063737,2451.057302827711,2434.4833309486658,16.573971879045075,-0.006719748407704174
Chen2020,Chen2020_DFN_DC03_AC0p38_1p5tauSet,Chen2020_DFN_DC03,0.38,0.6799999999999999,1.5,1.0541248312253413,2529.8995949408227,2472.391431959977,57.508162980845555,2529.899594940819,2472.384791676668,57.51480326415094,-0.006640283305387129
Chen2020,Chen2020_DFN_DC03_AC0p38_1p5tauSet,Chen2020_DFN_DC03,0.38,0.6799999999999999,1.5,1.0869757862724698,2608.7418870539314,2507.7627674176942,100.9791196362371,2608.7418870539277,2507.7535097417463,100.98837731218146,-0.00925767594435456
Chen2020,Chen2020_DFN_DC03_AC0p38_1p5tauSet,Chen2020_DFN_DC03,0.38,0.6799999999999999,1.5,1.1198267413195984,2687.5841791670396,2552.1745466645134,135.40963250252616,2687.584179167036,2552.1510119572936,135.43316720974235,-0.02353470721618578
Chen2020,Chen2020_DFN_DC03_AC0p38_1p5tauSet,Chen2020_DFN_DC03,0.38,0.6799999999999999,1.5,1.152677696366727,2766.426471280144,2760.6592139568675,5.767257323276681,2766.4264712801446,2760.6502271778886,5.776244102255987,-0.00898677897930611
Chen2020,Chen2020_DFN_DC03_AC0p38_1p5tauSet,Chen2020_DFN_DC03,0.38,0.6799999999999999,1.5,1.1855286514138552,2845.2687633932524,2802.51896209347,42.749801299782575,2845.268763393253,2802.5142541828545,42.75450921039828,-0.004707910615707078
Chen2020,Chen2020_DFN_DC03_AC0p38_1p5tauSet,Chen2020_DFN_DC03,0.38,0.6799999999999999,1.5,1.2183796064609838,2924.111055506357,2837.6893847038264,86.42167080253057,2924.111055506361,2837.680979450835,86.43007605552611,-0.008405252995544288
Chen2020,Chen2020_DFN_DC03_AC0p38_1p5tauSet,Chen2020_DFN_DC03,0.38,0.6799999999999999,1.5,1.2512305615081123,3002.9533476194656,2876.8712362779593,126.08211134150633,3002.9533476194697,2876.8577992922437,126.09554832722597,-0.01343698571963614
Chen2020,Chen2020_DFN_DC03_AC0p38_1p5tauSet,Chen2020_DFN_DC03,0.38,0.6799999999999999,1.5,1.2840815165552408,3081.7956397325765,3081.7873347918376,0.008304940738980804,3081.795639732578,3081.776029996485,0.019609736093116226,-0.011304795354135422
Chen2020,Chen2020_DFN_DC03_AC0p38_1p5tauSet,Chen2020_DFN_DC03,0.38,0.6799999999999999,1.5,1.3169324716023694,3160.637931845681,3132.011294957942,28.626636887739096,3160.637931845686,3132.0041324729564,28.633799372729754,-0.007162484990658413
Chen2020,Chen2020_DFN_DC03_AC0p38_1p5tauSet,Chen2020_DFN_DC03,0.38,0.6799999999999999,1.5,1.349783426649498,3239.480223958793,3168.0106722434984,71.46955171529453,3239.4802239587952,3168.0019357802225,71.47828817857271,-0.008736463278182782
Chen2020,Chen2020_DFN_DC03_AC0p38_1p5tauSet,Chen2020_DFN_DC03,0.38,0.6799999999999999,1.5,1.3826343816966264,3318.3225160718994,3204.5422888612334,113.780227210666,3318.3225160719035,3204.5297540367633,113.79276203514019,-0.01253482447418719
Chen2020,Chen2020_DFN_DC03_AC0p38_1p5tauSet,Chen2020_DFN_DC03,0.38,0.6799999999999999,1.5,1.4154853367437548,3397.164808185008,3260.002708198732,137.1620999862762,3397.164808185011,3259.972470382948,137.19233780206332,-0.030237815787131694
Chen2020,Chen2020_DFN_DC03_AC0p38_1p5tauSet,Chen2020_DFN_DC03,0.38,0.6799999999999999,1.5,1.4483362917908833,3476.0071002981176,3460.280247928501,15.726852369616608,3476.00710029812,3460.2751290377014,15.731971260418504,-0.005118890801895759
Chen2020,Chen2020_DFN_DC03_AC0p38_1p5tauSet,Chen2020_DFN_DC03,0.38,0.6799999999999999,1.5,1.4811872468380118,3554.849392411229,3498.3849900076007,56.464402403628355,3554.8493924112286,3498.3757979999023,56.4735944113263,-0.009192007697947702
Chen2020,Chen2020_DFN_DC03_AC0p38_1p5tauSet,Chen2020_DFN_DC03,0.38,0.6799999999999999,1.5,1.5140382018851404,3633.691684524338,3533.7083909415815,99.98329358275669,3633.6916845243372,3533.6973124176448,99.99437210669248,-0.011078523935793783
Chen2020,Chen2020_DFN_DC03_AC0p38_1p5tauSet,Chen2020_DFN_DC03,0.38,0.6799999999999999,1.5,1.546889156932269,3712.533976637447,3577.61482347183,134.919153165617,3712.5339766374454,3577.5952355093245,134.9387411281209,-0.019587962503919698
Chen2020,Chen2020_DFN_DC03_AC0p38_1p5tauSet,Chen2020_DFN_DC03,0.38,0.6799999999999999,1.5,1.5797401119793975,3791.3762687505523,3786.2254379904934,5.150830760058852,3791.3762687505537,3786.220241083295,5.156027667258513,-0.005196907199660927
Chen2020,Chen2020_DFN_DC03_AC0p38_1p5tauSet,Chen2020_DFN_DC03,0.38,0.6799999999999999,1.5,1.612591067026526,3870.218560863663,3828.48342589574,41.73513496792293,3870.2185608636623,3828.474546538809,41.7440143248532,-0.008879356930265203
Chen2020,Chen2020_DFN_DC03_AC0p38_1p5tauSet,Chen2020_DFN_DC03,0.38,0.6799999999999999,1.5,1.6454420220736543,3949.060852976771,3863.6771074145304,85.38374556224062,3949.0608529767705,3863.6647513008397,85.39610167593082,-0.01235611369020262
Chen2020,Chen2020_DFN_DC03_AC0p38_1p5tauSet,Chen2020_DFN_DC03,0.38,0.6799999999999999,1.5,1.6782929771207828,4027.9031450898806,3902.6116002720687,125.29154481781188,4027.9031450898788,3902.5939886488163,125.30915644106244,-0.017611623250559205
Chen2020,Chen2020_DFN_DC03_AC0p38_1p5tauSet,Chen2020_DFN_DC03,0.38,0.6799999999999999,1.5,1.7111439321679114,4106.745437202991,4106.760662987818,-0.015225784827634925,4106.745437202987,4106.741774892867,0.00366231011958007,-0.018888094947214995
Chen2020,Chen2020_DFN_DC03_AC0p38_1p5tauSet,Chen2020_DFN_DC03,0.38,0.6799999999999999,1.5,1.74399488721504,4185.5877293161,4157.9125551349325,27.675174181167677,4185.587729316096,4157.901620667642,27.686108648453228,-0.010934467285551364
Chen2020,Chen2020_DFN_DC03_AC0p38_1p5tauSet,Chen2020_DFN_DC03,0.38,0.6799999999999999,1.5,1.7768458422621685,4264.430021429208,4194.010854238441,70.41916719076653,4264.430021429204,4193.999874245063,70.43014718414088,-0.010979993374348851
Chen2020,Chen2020_DFN_DC03_AC0p38_1p5tauSet,Chen2020_DFN_DC03,0.38,0.6799999999999999,1.5,1.809696797309297,4343.272313542315,4230.417749432425,112.8545641098899,4343.272313542313,4230.403563068384,112.86875047392914,-0.014186364039233013
Chen2020,Chen2020_DFN_DC03_AC0p38_1p5tauSet,Chen2020_DFN_DC03,0.38,0.6799999999999999,1.5,1.8425477523564255,4422.114605655421,4284.581464842571,137.53314081284952,4422.114605655422,4284.5444827813,137.5701228741218,-0.03698206127228332
Chen2020,Chen2020_DFN_DC03_AC0p38_1p5tauSet,Chen2020_DFN_DC03,0.38,0.6799999999999999,1.5,1.875398707403554,4500.956897768534,4486.067335787446,14.889561981088264,4500.956897768529,4486.0561841709,14.900713597628965,-0.01115161654070107
Chen2020,Chen2020_DFN_DC03_AC0p38_1p5tauSet,Chen2020_DFN_DC03,0.38,0.6799999999999999,1.5,1.9082496624506826,4579.799189881645,4524.37649487673,55.42269500491511,4579.799189881638,4524.365492226905,55.433697654732896,-0.011002649817783094
Chen2020,Chen2020_DFN_DC03_AC0p38_1p5tauSet,Chen2020_DFN_DC03,0.38,0.6799999999999999,1.5,1.941100617497811,4658.641481994756,4559.659086596917,98.98239539783845,4658.641481994747,4559.644909904737,98.99657209000998,-0.014176692171531613
Chen2020,Chen2020_DFN_DC03_AC0p38_1p5tauSet,Chen2020_DFN_DC03,0.38,0.6799999999999999,1.5,1.9739515725449395,4737.4837741078645,4603.099655515033,134.38411859283133,4737.4837741078545,4603.069674180721,134.41409992713307,-0.02998133430173766
Chen2020,Chen2020_DFN_DC03_AC0p38_1p5tauSet,Chen2020_DFN_DC03,0.38,0.6799999999999999,1.5,2.0068025275920682,4816.326066220972,4811.78146024308,4.544605977892388,4816.326066220964,4811.766907355304,4.5591588656598105,-0.014552887767422362
Chen2020,Chen2020_DFN_DC03_AC0p38_1p5tauSet,Chen2020_DFN_DC03,0.38,0.6799999999999999,1.5,2.0396534826391965,4895.16835833408,4854.443404587311,40.72495374676873,4895.168358334072,4854.43164715161,40.73671118246148,-0.011757435692743456
Chen2020,Chen2020_DFN_DC03_AC0p38_1p5tauSet,Chen2020_DFN_DC03,0.38,0.6799999999999999,1.5,2.0725044376863253,4974.010650447186,4889.663458492281,84.3471919549047,4974.0106504471805,4889.650275643192,84.36037480398863,-0.013182849083932524
Chen2020,Chen2020_DFN_DC03_AC0p38_1p5tauSet,Chen2020_DFN_DC03,0.38,0.6799999999999999,1.5,2.1053553927334536,5052.852942560292,4928.364898809656,124.48804375063628,5052.852942560289,4928.343030987827,124.50991157246244,-0.02186782182616298
Chen2020,Chen2020_DFN_DC03_AC0p38_1p5tauSet,Chen2020_DFN_DC03,0.38,0.6799999999999999,1.5,2.1382063477805824,5131.695234673402,5131.643722583625,0.05151208977713395,5131.695234673398,5131.622200501479,0.07303417191906192,-0.021522082141927967
Chen2020,Chen2020_DFN_DC03_AC0p38_1p5tauSet,Chen2020_DFN_DC03,0.38,0.6799999999999999,1.5,2.1710573028277107,5210.53752678651,5183.801155386643,26.736371399867494,5210.537526786506,5183.793114756906,26.744412029599516,-0.008040629732022353
Chen2020,Chen2020_DFN_DC03_AC0p38_1p5tauSet,Chen2020_DFN_DC03,0.38,0.6799999999999999,1.5,2.2039082578748395,5289.379818899617,5220.0102981669415,69.36952073267548,5289.379818899614,5219.997958269044,69.38186063057037,-0.012339897894889873
Chen2020,Chen2020_DFN_DC03_AC0p38_1p5tauSet,Chen2020_DFN_DC03,0.38,0.6799999999999999,1.5,2.2367592129219678,5368.222111012727,5256.302777532039,111.91933348068778,5368.222111012723,5256.284098169856,111.93801284286656,-0.018679362178772863
Chen2020,Chen2020_DFN_DC03_AC0p38_1p5tauSet,Chen2020_DFN_DC03,0.38,0.6799999999999999,1.5,2.2696101679690965,5447.064403125834,5309.282488658212,137.7819144676223,5447.064403125832,5309.245585215996,137.81881790983607,-0.03690344221377018
Chen2020,Chen2020_DFN_DC03_AC0p38_1p5tauSet,Chen2020_DFN_DC03,0.38,0.6799999999999999,1.5,2.302461123016225,5525.906695238942,5511.8400908857075,14.066604353234652,5525.906695238939,5511.825978568942,14.080716669996946,-0.01411231676229363
Chen2020,Chen2020_DFN_DC03_AC0p38_1p5tauSet,Chen2020_DFN_DC03,0.38,0.6799999999999999,1.5,2.335312078063353,5604.748987352053,5550.3661976538015,54.382789698251145,5604.748987352047,5550.353758441839,54.39522891020806,-0.012439211956916552
Chen2020,Chen2020_DFN_DC03_AC0p38_1p5tauSet,Chen2020_DFN_DC03,0.38,0.6799999999999999,1.5,2.368163033110482,5683.591279465156,5585.611434990408,97.97984447474755,5683.591279465157,5585.59613377316,97.9951456919971,-0.015301217249543697
Chen2020,Chen2020_DFN_DC03_AC0p38_1p5tauSet,Chen2020_DFN_DC03,0.38,0.6799999999999999,1.5,2.4010139881576102,5762.433571578261,5628.598320982873,133.83525059538806,5762.4335715782645,5628.572209873878,133.86136170438658,-0.02611110899852065
Chen2020,Chen2020_DFN_DC03_AC0p38_1p5tauSet,Chen2020_DFN_DC03,0.38,0.6799999999999999,1.5,2.433864943204739,5841.275863691366,5837.303995783677,3.9718679076886474,5841.275863691374,5837.288635451324,3.9872282400501717,-0.015360332361524343
Chen2020,Chen2020_DFN_DC03_AC0p38_1p5tauSet,Chen2020_DFN_DC03,0.38,0.6799999999999999,1.5,2.4667158982518673,5920.118155804474,5880.396287527246,39.72186827722726,5920.118155804482,5880.385400488716,39.732755315765644,-0.01088703853838524
Chen2020,Chen2020_DFN_DC03_AC0p38_1p5tauSet,Chen2020_DFN_DC03,0.38,0.6799999999999999,1.5,2.499566853298996,5998.960447917585,5915.651175798334,83.30927211925064,5998.9604479175905,5915.637431876047,83.32301604154327,-0.013743922292633215
Chen2020,Chen2020_DFN_DC03_AC0p38_1p5tauSet,Chen2020_DFN_DC03,0.38,0.6799999999999999,1.5,2.5324178083461244,6077.802740030691,5954.122962422411,123.67977760828035,6077.802740030699,5954.104308760443,123.69843127025615,-0.018653661975804425
Chen2020,Chen2020_DFN_DC03_AC0p38_1p5tauSet,Chen2020_DFN_DC03,0.38,0.6799999999999999,1.5,2.565268763393253,6156.645032143797,6156.429379243416,0.21565290038051899,6156.645032143807,6156.404473508984,0.24055863482317363,-0.024905734442654648
Chen2020,Chen2020_DFN_DC03_AC0p38_1p5tauSet,Chen2020_DFN_DC03,0.38,0.6799999999999999,1.5,2.5981197184403815,6235.487324256899,6209.690960681396,25.796363575503165,6235.487324256916,6209.678356392809,25.808967864106307,-0.012604288603142777
Chen2020,Chen2020_DFN_DC03_AC0p38_1p5tauSet,Chen2020_DFN_DC03,0.38,0.6799999999999999,1.5,2.63097067348751,6314.329616370005,6246.009475520156,68.32014084984894,6314.329616370024,6245.996081040134,68.33353532988986,-0.013394480040915369
Chen2020,Chen2020_DFN_DC03_AC0p38_1p5tauSet,Chen2020_DFN_DC03,0.38,0.6799999999999999,1.5,2.6638216285346386,6393.171908483116,6282.189190402461,110.9827180806551,6393.171908483132,6282.17108045188,111.00082803125224,-0.01810995059713605
Chen2020,Chen2020_DFN_DC03_AC0p38_1p5tauSet,Chen2020_DFN_DC03,0.38,0.6799999999999999,1.5,2.696672583581767,6472.014200596227,6334.095887474341,137.91831312188606,6472.014200596241,6334.056221041657,137.9579795545833,-0.03966643269723136
Chen2020,Chen2020_DFN_DC03_AC0p38_1p5tauSet,Chen2020_DFN_DC03,0.38,0.6799999999999999,1.5,2.7295235386288956,6550.85649270933,6537.593260905361,13.263231803969575,6550.856492709349,6537.583960755663,13.272531953686666,-0.009300149717091699
Chen2020,Chen2020_DFN_DC03_AC0p38_1p5tauSet,Chen2020_DFN_DC03,0.38,0.6799999999999999,1.5,2.762374493676024,6629.698784822435,6576.353405165186,53.345379657249396,6629.698784822457,6576.340479136296,53.35830568616075,-0.01292602891135175
Chen2020,Chen2020_DFN_DC03_AC0p38_1p5tauSet,Chen2020_DFN_DC03,0.38,0.6799999999999999,1.5,2.7952254487231527,6708.541076935546,6611.566192936383,96.97488399916256,6708.541076935567,6611.550820589447,96.99025634612008,-0.015372346957519767
Chen2020,Chen2020_DFN_DC03_AC0p38_1p5tauSet,Chen2020_DFN_DC03,0.38,0.6799999999999999,1.5,2.828076403770281,6787.383369048659,6654.125037753583,133.25833129507646,6787.3833690486745,6654.100943026525,133.2824260221496,-0.02409472707313398
Chen2020,Chen2020_DFN_DC03_AC0p38_1p5tauSet,Chen2020_DFN_DC03,0.38,0.6799999999999999,1.5,2.8609273588174093,6866.22566116176,6862.801181529705,3.4244796320554087,6866.225661161782,6862.783665178761,3.4419959830211155,-0.017516350965706806
Chen2020,Chen2020_DFN_DC03_AC0p38_1p5tauSet,Chen2020_DFN_DC03,0.38,0.6799999999999999,1.5,2.893778313864538,6945.067953274867,6906.349162808512,38.71879046635513,6945.067953274891,6906.335646546892,38.73230672799855,-0.013516261643417238
Chen2020,Chen2020_DFN_DC03_AC0p38_1p5tauSet,Chen2020_DFN_DC03,0.38,0.6799999999999999,1.5,2.9266292689116664,7023.910245387978,6941.641471368638,82.26877401933962,7023.910245388,6941.626101244354,82.28414414364579,-0.015370124306173238
Chen2020,Chen2020_DFN_DC03_AC0p38_1p5tauSet,Chen2020_DFN_DC03,0.38,0.6799999999999999,1.5,2.959480223958795,7102.752537501085,6979.899009515531,122.85352798555323,7102.752537501109,6979.877244008213,122.87529349289616,-0.021765507342934143
Chen2020,Chen2020_DFN_DC03_AC0p38_1p5tauSet,Chen2020_DFN_DC03,0.38,0.6799999999999999,1.5,2.9923311790059235,7181.594829614201,7181.089308434902,0.5055211792996488,7181.594829614216,7181.072351824048,0.5224777901676134,-0.016956610867964628
Chen2020,Chen2020_DFN_DC03_AC0p38_1p5tauSet,Chen2020_DFN_DC03,0.38,0.6799999999999999,1.5,3.0251821340530523,7260.437121727312,7235.571858875459,24.865262851853004,7260.437121727326,7235.557075634727,24.880046092598604,-0.014783240745600779
Chen2020,Chen2020_DFN_DC03_AC0p38_1p5tauSet,Chen2020_DFN_DC03,0.38,0.6799999999999999,1.5,3.0580330891001806,7339.2794138404215,7272.008141493662,67.27127234675936,7339.279413840434,7271.994135787366,67.2852780530684,-0.014005706309035304
Chen2020,Chen2020_DFN_DC03_AC0p38_1p5tauSet,Chen2020_DFN_DC03,0.38,0.6799999999999999,1.5,3.090884044147309,7418.121705953532,7308.081836902125,110.03986905140664,7418.121705953541,7308.064243234792,110.05746271874887,-0.017593667342225672
Chen2020,Chen2020_DFN_DC03_AC0p38_1p5tauSet,Chen2020_DFN_DC03,0.38,0.6799999999999999,1.5,3.1237349991944376,7496.963998066643,7359.0072375710715,137.95676049557187,7496.963998066651,7358.961197350887,138.00280071576344,-0.04604022019157128
Chen2020,Chen2020_DFN_DC03_AC0p38_1p5tauSet,Chen2020_DFN_DC03,0.38,0.6799999999999999,1.5,3.156585954241566,7575.80629017975,7563.34473345353,12.461556726219897,7575.8062901797575,7563.329542290047,12.476747889710168,-0.01519116349027172
Chen2020,Chen2020_DFN_DC03_AC0p38_1p5tauSet,Chen2020_DFN_DC03,0.38,0.6799999999999999,1.5,3.1894369092886947,7654.648582292859,7602.338866481882,52.30971581097674,7654.648582292867,7602.325535063962,52.323047228905125,-0.013331417928384326
Chen2020,Chen2020_DFN_DC03_AC0p38_1p5tauSet,Chen2020_DFN_DC03,0.38,0.6799999999999999,1.5,3.222287864335823,7733.4908744059685,7637.524724181052,95.96615022491642,7733.490874405976,7637.508811604965,95.98206280101112,-0.01591257609470631
Chen2020,Chen2020_DFN_DC03_AC0p38_1p5tauSet,Chen2020_DFN_DC03,0.38,0.6799999999999999,1.5,3.255138819382952,7812.333166519075,7679.6794917362095,132.6536747828659,7812.333166519084,7679.654162383334,132.6790041357508,-0.025329352884909895
Chen2020,Chen2020_DFN_DC03_AC0p38_1p5tauSet,Chen2020_DFN_DC03,0.38,0.6799999999999999,1.5,3.28798977443008,7891.175458632187,7888.271028252703,2.9044303794835287,7891.175458632192,7888.250040311809,2.92541832038296,-0.020987940899431123
Chen2020,Chen2020_DFN_DC03_AC0p38_1p5tauSet,Chen2020_DFN_DC03,0.38,0.6799999999999999,1.5,3.320840729477209,7970.0177507452945,7932.296627180244,37.72112356505022,7970.017750745301,7932.282220554613,37.73553019068822,-0.014406625638002879
Chen2020,Chen2020_DFN_DC03_AC0p38_1p5tauSet,Chen2020_DFN_DC03,0.38,0.6799999999999999,1.5,3.353691684524337,8048.860042858408,7967.631605701266,81.22843715714134,8048.8600428584095,7967.616166690597,81.24387616781223,-0.01543901067088882
Chen2020,Chen2020_DFN_DC03_AC0p38_1p5tauSet,Chen2020_DFN_DC03,0.38,0.6799999999999999,1.5,3.3865426395714655,8127.702334971522,8005.683995738188,122.01833923333379,8127.702334971517,8005.66129480316,122.04104016835754,-0.02270093502374948
Chen2020,Chen2020_DFN_DC03_AC0p38_1p5tauSet,Chen2020_DFN_DC03,0.38,0.6799999999999999,1.5,3.4193935946185943,8206.544627084635,8205.640166176863,0.9044609077718633,8206.544627084626,8205.604780292475,0.9398467921510019,-0.03538588437913859
Chen2020,Chen2020_DFN_DC03_AC0p38_1p5tauSet,Chen2020_DFN_DC03,0.38,0.6799999999999999,1.5,3.4522445496657226,8285.38691919774,8261.439713188029,23.9472060097105,8285.386919197734,8261.428990089122,23.957929108612007,-0.01072309890150791
Chen2020,Chen2020_DFN_DC03_AC0p4_1p5tauSet,Chen2020_DFN_DC03,0.4,0.7,1.5,0.2,479.9999999999992,419.04849055952303,60.95150944047617,480.0,419.04632719252106,60.95367280747894,-0.002163367002765426
Chen2020,Chen2020_DFN_DC03_AC0p4_1p5tauSet,Chen2020_DFN_DC03,0.4,0.7,1.5,0.23285095504712852,558.8422921131074,453.3910676766325,105.45122443647494,558.8422921131084,453.3866880934981,105.45560401961035,-0.004379583135403209
Chen2020,Chen2020_DFN_DC03_AC0p4_1p5tauSet,Chen2020_DFN_DC03,0.4,0.7,1.5,0.26570191009425703,637.6845842262156,496.07767469566875,141.6069095305469,637.6845842262169,496.0688586580946,141.6157255681223,-0.00881603757540006
Chen2020,Chen2020_DFN_DC03_AC0p4_1p5tauSet,Chen2020_DFN_DC03,0.4,0.7,1.5,0.29855286514138557,716.5268763393238,709.2108765458354,7.315999793488459,716.5268763393254,709.2107782543915,7.316098084933969,-9.829144551076752e-05
Chen2020,Chen2020_DFN_DC03_AC0p4_1p5tauSet,Chen2020_DFN_DC03,0.4,0.7,1.5,0.33140382018851405,795.3691684524325,749.5371836884108,45.83198476402174,795.3691684524338,749.5342719645148,45.83489648791897,-0.0029117238972276027
Chen2020,Chen2020_DFN_DC03_AC0p4_1p5tauSet,Chen2020_DFN_DC03,0.4,0.7,1.5,0.36425477523564254,874.2114605655402,783.6855759825075,90.52588458303262,874.2114605655421,783.6815927392837,90.5298678262584,-0.003983243225775368
Chen2020,Chen2020_DFN_DC03_AC0p4_1p5tauSet,Chen2020_DFN_DC03,0.4,0.7,1.5,0.3971057302827711,953.0537526786494,821.5793786273877,131.47437405126175,953.0537526786507,821.5720711711248,131.48168150752588,-0.0073074562641295415
Chen2020,Chen2020_DFN_DC03_AC0p4_1p5tauSet,Chen2020_DFN_DC03,0.4,0.7,1.5,0.4299566853298996,1031.896044791758,1031.6132114955496,0.28283329620830955,1031.896044791759,1031.615467977345,0.28057681441418936,0.002256481794120191
Chen2020,Chen2020_DFN_DC03_AC0p4_1p5tauSet,Chen2020_DFN_DC03,0.4,0.7,1.5,0.4628076403770281,1110.7383369048662,1079.428800654869,31.30953624999711,1110.7383369048673,1079.4272478322048,31.311089072662526,-0.0015528226654168975
Chen2020,Chen2020_DFN_DC03_AC0p4_1p5tauSet,Chen2020_DFN_DC03,0.4,0.7,1.5,0.49565859542415663,1189.5806290179742,1114.3504492466188,75.23017977135532,1189.580629017976,1114.3460924137235,75.23453660425253,-0.004356832897201457
Chen2020,Chen2020_DFN_DC03_AC0p4_1p5tauSet,Chen2020_DFN_DC03,0.4,0.7,1.5,0.5285095504712851,1268.4229211310821,1149.780021704835,118.64289942624714,1268.4229211310842,1149.7723395754563,118.65058155562792,-0.007682129380782499
Chen2020,Chen2020_DFN_DC03_AC0p4_1p5tauSet,Chen2020_DFN_DC03,0.4,0.7,1.5,0.5613605055184137,1347.2652132441915,1202.2439505567527,145.02126268743882,1347.2652132441929,1202.2207930443446,145.04442019984822,-0.023157512409397896
Chen2020,Chen2020_DFN_DC03_AC0p4_1p5tauSet,Chen2020_DFN_DC03,0.4,0.7,1.5,0.5942114605655422,1426.1075053573,1408.1975636840152,17.90994167328472,1426.1075053573013,1408.1937536264604,17.913751730840886,-0.0038100575561657024
Chen2020,Chen2020_DFN_DC03_AC0p4_1p5tauSet,Chen2020_DFN_DC03,0.4,0.7,1.5,0.6270624156126707,1504.9497974704093,1445.0663698475416,59.88342762286766,1504.9497974704097,1445.0615035054043,59.88829396500546,-0.004866342137802349
Chen2020,Chen2020_DFN_DC03_AC0p4_1p5tauSet,Chen2020_DFN_DC03,0.4,0.7,1.5,0.6599133706597992,1583.792089583518,1479.36389767979,104.42819190372802,1583.792089583518,1479.3574465876625,104.43464299585548,-0.006451092127463198
Chen2020,Chen2020_DFN_DC03_AC0p4_1p5tauSet,Chen2020_DFN_DC03,0.4,0.7,1.5,0.6927643257069276,1662.6343816966262,1521.5975827345571,141.03679896206904,1662.6343816966262,1521.5850990606518,141.04928263597435,-0.012483673905308024
Chen2020,Chen2020_DFN_DC03_AC0p4_1p5tauSet,Chen2020_DFN_DC03,0.4,0.7,1.5,0.7256152807540561,1741.4766738097346,1734.8477472688373,6.628926540897282,1741.4766738097348,1734.8416468011137,6.635027008621137,-0.006100467723854308
Chen2020,Chen2020_DFN_DC03_AC0p4_1p5tauSet,Chen2020_DFN_DC03,0.4,0.7,1.5,0.7584662358011847,1820.3189659228444,1775.5242534152042,44.79471250764027,1820.318965922843,1775.5208338731732,44.7981320496699,-0.003419542029632794
Chen2020,Chen2020_DFN_DC03_AC0p4_1p5tauSet,Chen2020_DFN_DC03,0.4,0.7,1.5,0.7913171908483132,1899.161258035954,1809.6967499622444,89.46450807370957,1899.1612580359517,1809.6898106990525,89.47144733689925,-0.006939263189678968
Chen2020,Chen2020_DFN_DC03_AC0p4_1p5tauSet,Chen2020_DFN_DC03,0.4,0.7,1.5,0.8241681458954417,1978.0035501490624,1847.3662526090138,130.63729754004862,1978.0035501490602,1847.3508811164618,130.6526690325984,-0.015371492549775212
Chen2020,Chen2020_DFN_DC03_AC0p4_1p5tauSet,Chen2020_DFN_DC03,0.4,0.7,1.5,0.8570191009425703,2056.8458422621698,2056.7354983338882,0.11034392828150885,2056.8458422621684,2056.7298996317704,0.11594263039796715,-0.005598702116458298
Chen2020,Chen2020_DFN_DC03_AC0p4_1p5tauSet,Chen2020_DFN_DC03,0.4,0.7,1.5,0.8898700559896988,2135.688134375277,2105.35901089658,30.329123478697056,2135.688134375277,2105.3555161785516,30.332618196725434,-0.0034947180283779744
Chen2020,Chen2020_DFN_DC03_AC0p4_1p5tauSet,Chen2020_DFN_DC03,0.4,0.7,1.5,0.9227210110368271,2214.530426488386,2140.374534777936,74.1558917104503,2214.530426488385,2140.3676771543546,74.1627493340302,-0.00685762357989006
Chen2020,Chen2020_DFN_DC03_AC0p4_1p5tauSet,Chen2020_DFN_DC03,0.4,0.7,1.5,0.9555719660839557,2293.3727186014958,2175.686845993355,117.68587260814093,2293.3727186014935,2175.6779113902094,117.69480721128411,-0.008934603143188724
Chen2020,Chen2020_DFN_DC03_AC0p4_1p5tauSet,Chen2020_DFN_DC03,0.4,0.7,1.5,0.9884229211310842,2372.2150107146044,2227.0368988910272,145.17811182357718,2372.215010714602,2227.0091901979486,145.2058205166536,-0.027708693076419877
Chen2020,Chen2020_DFN_DC03_AC0p4_1p5tauSet,Chen2020_DFN_DC03,0.4,0.7,1.5,1.0212738761782127,2451.0573028277126,2434.021957701944,17.0353451257688,2451.057302827711,2434.014975880906,17.04232694680468,-0.006981821035878966
Chen2020,Chen2020_DFN_DC03_AC0p4_1p5tauSet,Chen2020_DFN_DC03,0.4,0.7,1.5,1.0541248312253413,2529.8995949408227,2471.0816644437405,58.817930497082216,2529.899594940819,2471.075457740565,58.82413720025397,-0.006206703171756089
Chen2020,Chen2020_DFN_DC03_AC0p4_1p5tauSet,Chen2020_DFN_DC03,0.4,0.7,1.5,1.0869757862724698,2608.7418870539314,2505.342333485097,103.39955356883456,2608.7418870539277,2505.331753486949,103.41013356697886,-0.010579998144294223
Chen2020,Chen2020_DFN_DC03_AC0p4_1p5tauSet,Chen2020_DFN_DC03,0.4,0.7,1.5,1.1198267413195984,2687.5841791670396,2547.1479709963996,140.43620817063993,2687.584179167036,2547.1280976531903,140.45608151384567,-0.019873343205745186
Chen2020,Chen2020_DFN_DC03_AC0p4_1p5tauSet,Chen2020_DFN_DC03,0.4,0.7,1.5,1.152677696366727,2766.426471280144,2760.460680462987,5.965790817157085,2766.4264712801446,2760.4517594502463,5.974711829898297,-0.008921012741211598
Chen2020,Chen2020_DFN_DC03_AC0p4_1p5tauSet,Chen2020_DFN_DC03,0.4,0.7,1.5,1.1855286514138552,2845.2687633932524,2801.511419275003,43.75734411824942,2845.268763393253,2801.5044249474763,43.7643384457765,-0.006994327527081623
Chen2020,Chen2020_DFN_DC03_AC0p4_1p5tauSet,Chen2020_DFN_DC03,0.4,0.7,1.5,1.2183796064609838,2924.111055506357,2835.7097156162363,88.40133989012065,2924.111055506361,2835.699676473243,88.41137903311801,-0.010039142997356976
Chen2020,Chen2020_DFN_DC03_AC0p4_1p5tauSet,Chen2020_DFN_DC03,0.4,0.7,1.5,1.2512305615081123,3002.9533476194656,2873.157284706512,129.7960629129534,3002.9533476194697,2873.141450690759,129.81189692871067,-0.015834015757263842
Chen2020,Chen2020_DFN_DC03_AC0p4_1p5tauSet,Chen2020_DFN_DC03,0.4,0.7,1.5,1.2840815165552408,3081.7956397325765,3081.7866986520908,0.00894108048578346,3081.795639732578,3081.7750296882205,0.02061004435745417,-0.011668963871670712
Chen2020,Chen2020_DFN_DC03_AC0p4_1p5tauSet,Chen2020_DFN_DC03,0.4,0.7,1.5,1.3169324716023694,3160.637931845681,3131.286958925212,29.350972920469303,3160.637931845686,3131.278240276228,29.359691569457937,-0.008718648988633504
Chen2020,Chen2020_DFN_DC03_AC0p4_1p5tauSet,Chen2020_DFN_DC03,0.4,0.7,1.5,1.349783426649498,3239.480223958793,3166.3985323240104,73.0816916347826,3239.4802239587952,3166.38940476134,73.0908191974554,-0.009127562672802014
Chen2020,Chen2020_DFN_DC03_AC0p4_1p5tauSet,Chen2020_DFN_DC03,0.4,0.7,1.5,1.3826343816966264,3318.3225160718994,3201.6049481338205,116.7175679380789,3318.3225160719035,3201.5897262761364,116.73278979576708,-0.015221857688175078
Chen2020,Chen2020_DFN_DC03_AC0p4_1p5tauSet,Chen2020_DFN_DC03,0.4,0.7,1.5,1.4154853367437548,3397.164808185008,3251.9278902936408,145.23691789136728,3397.164808185011,3251.8996717050354,145.2651364799758,-0.028218588608524442
Chen2020,Chen2020_DFN_DC03_AC0p4_1p5tauSet,Chen2020_DFN_DC03,0.4,0.7,1.5,1.4483362917908833,3476.0071002981176,3459.8313005437913,16.175799754326363,3476.00710029812,3459.825919597566,16.181180700553796,-0.005380946227433014
Chen2020,Chen2020_DFN_DC03_AC0p4_1p5tauSet,Chen2020_DFN_DC03,0.4,0.7,1.5,1.4811872468380118,3554.849392411229,3497.097321878675,57.75207053255417,3554.8493924112286,3497.088081598209,57.76131081301946,-0.009240280465292017
Chen2020,Chen2020_DFN_DC03_AC0p4_1p5tauSet,Chen2020_DFN_DC03,0.4,0.7,1.5,1.5140382018851404,3633.691684524338,3531.321214036692,102.37047048764634,3633.6916845243372,3531.3094527451267,102.38223177921054,-0.011761291564198473
Chen2020,Chen2020_DFN_DC03_AC0p4_1p5tauSet,Chen2020_DFN_DC03,0.4,0.7,1.5,1.546889156932269,3712.533976637447,3572.715214433136,139.8187622043106,3712.5339766374454,3572.696066237361,139.83791040008464,-0.01914819577405069
Chen2020,Chen2020_DFN_DC03_AC0p4_1p5tauSet,Chen2020_DFN_DC03,0.4,0.7,1.5,1.5797401119793975,3791.3762687505523,3786.046394861245,5.329873889307237,3791.3762687505537,3786.039770576314,5.33649817423975,-0.006624284932513547
Chen2020,Chen2020_DFN_DC03_AC0p4_1p5tauSet,Chen2020_DFN_DC03,0.4,0.7,1.5,1.612591067026526,3870.218560863663,3827.4951877090098,42.72337315465302,3870.2185608636623,3827.484901273395,42.73365959026751,-0.010286435614489164
Chen2020,Chen2020_DFN_DC03_AC0p4_1p5tauSet,Chen2020_DFN_DC03,0.4,0.7,1.5,1.6454420220736543,3949.060852976771,3861.7227744374627,87.3380785393083,3949.0608529767705,3861.7110773143695,87.34977566240104,-0.011697123092744732
Chen2020,Chen2020_DFN_DC03_AC0p4_1p5tauSet,Chen2020_DFN_DC03,0.4,0.7,1.5,1.6782929771207828,4027.9031450898806,3898.9592070872623,128.94393800261832,4027.9031450898788,3898.943230179457,128.95991491042196,-0.015976907803633367
Chen2020,Chen2020_DFN_DC03_AC0p4_1p5tauSet,Chen2020_DFN_DC03,0.4,0.7,1.5,1.7111439321679114,4106.745437202991,4106.763712452526,-0.01827524953569082,4106.745437202987,4106.74157945447,0.003857748516566062,-0.02213299805225688
Chen2020,Chen2020_DFN_DC03_AC0p4_1p5tauSet,Chen2020_DFN_DC03,0.4,0.7,1.5,1.74399488721504,4185.5877293161,4157.204750762797,28.382978553303474,4185.587729316096,4157.195184923538,28.392544392557284,-0.009565839253809827
Chen2020,Chen2020_DFN_DC03_AC0p4_1p5tauSet,Chen2020_DFN_DC03,0.4,0.7,1.5,1.7768458422621685,4264.430021429208,4192.42262830204,72.00739312716814,4264.430021429204,4192.411175105958,72.01884632324618,-0.011453196078036854
Chen2020,Chen2020_DFN_DC03_AC0p4_1p5tauSet,Chen2020_DFN_DC03,0.4,0.7,1.5,1.809696797309297,4343.272313542315,4227.522728932801,115.74958460951348,4343.272313542313,4227.507529533674,115.76478400863925,-0.015199399125776836
Chen2020,Chen2020_DFN_DC03_AC0p4_1p5tauSet,Chen2020_DFN_DC03,0.4,0.7,1.5,1.8425477523564255,4422.114605655421,4276.91097939893,145.20362625649068,4422.114605655422,4276.878345595528,145.23626005989354,-0.032633803402859485
Chen2020,Chen2020_DFN_DC03_AC0p4_1p5tauSet,Chen2020_DFN_DC03,0.4,0.7,1.5,1.875398707403554,4500.956897768534,4485.637984733495,15.318913035039259,4500.956897768529,4485.626095809847,15.33080195868206,-0.011888923642800364
Chen2020,Chen2020_DFN_DC03_AC0p4_1p5tauSet,Chen2020_DFN_DC03,0.4,0.7,1.5,1.9082496624506826,4579.799189881645,4523.111134656403,56.68805522524235,4579.799189881638,4523.099265342749,56.69992453888881,-0.011869313646457158
Chen2020,Chen2020_DFN_DC03_AC0p4_1p5tauSet,Chen2020_DFN_DC03,0.4,0.7,1.5,1.941100617497811,4658.641481994756,4557.304287366875,101.33719462788122,4658.641481994747,4557.290392819268,101.35108917547859,-0.013894547597374185
Chen2020,Chen2020_DFN_DC03_AC0p4_1p5tauSet,Chen2020_DFN_DC03,0.4,0.7,1.5,1.9739515725449395,4737.4837741078645,4598.315812147036,139.1679619608285,4737.4837741078545,4598.287392178992,139.19638192886214,-0.02841996803363145
Chen2020,Chen2020_DFN_DC03_AC0p4_1p5tauSet,Chen2020_DFN_DC03,0.4,0.7,1.5,2.0068025275920682,4816.326066220972,4811.620932983304,4.705133237668633,4816.326066220964,4811.604198969364,4.721867251600088,-0.016734013931454683
Chen2020,Chen2020_DFN_DC03_AC0p4_1p5tauSet,Chen2020_DFN_DC03,0.4,0.7,1.5,2.0396534826391965,4895.16835833408,4853.473466517124,41.69489181695644,4895.168358334072,4853.4621149340455,41.706243400026324,-0.011351583069881599
Chen2020,Chen2020_DFN_DC03_AC0p4_1p5tauSet,Chen2020_DFN_DC03,0.4,0.7,1.5,2.0725044376863253,4974.010650447186,4887.737196337689,86.27345410949692,4974.0106504471805,4887.723902157171,86.2867482900092,-0.013294180512275489
Chen2020,Chen2020_DFN_DC03_AC0p4_1p5tauSet,Chen2020_DFN_DC03,0.4,0.7,1.5,2.1053553927334536,5052.852942560292,4924.775855620634,128.07708693965833,5052.852942560289,4924.755703908533,128.09723865175602,-0.02015171209768596
Chen2020,Chen2020_DFN_DC03_AC0p4_1p5tauSet,Chen2020_DFN_DC03,0.4,0.7,1.5,2.1382063477805824,5131.695234673402,5131.645144738328,0.050089935074538516,5131.695234673398,5131.618105229711,0.07712944368722674,-0.027039508612688223
Chen2020,Chen2020_DFN_DC03_AC0p4_1p5tauSet,Chen2020_DFN_DC03,0.4,0.7,1.5,2.1710573028277107,5210.53752678651,5183.116309067912,27.4212177185982,5210.537526786506,5183.106104716556,27.431422069949804,-0.010204351351603691
Chen2020,Chen2020_DFN_DC03_AC0p4_1p5tauSet,Chen2020_DFN_DC03,0.4,0.7,1.5,2.2039082578748395,5289.379818899617,5218.4460514889615,70.93376741065549,5289.379818899614,5218.4328881033925,70.94693079622175,-0.013163385566258512
Chen2020,Chen2020_DFN_DC03_AC0p4_1p5tauSet,Chen2020_DFN_DC03,0.4,0.7,1.5,2.2367592129219678,5368.222111012727,5253.447390381218,114.7747206315089,5368.222111012723,5253.431077292593,114.79103372013014,-0.016313088621245697
Chen2020,Chen2020_DFN_DC03_AC0p4_1p5tauSet,Chen2020_DFN_DC03,0.4,0.7,1.5,2.2696101679690965,5447.064403125834,5301.969950270033,145.09445285580114,5447.064403125832,5301.934125314639,145.13027781119308,-0.03582495539194497
Chen2020,Chen2020_DFN_DC03_AC0p4_1p5tauSet,Chen2020_DFN_DC03,0.4,0.7,1.5,2.302461123016225,5525.906695238942,5511.430240747292,14.476454491649747,5525.906695238939,5511.414984068519,14.491711170420785,-0.015256678771038423
Chen2020,Chen2020_DFN_DC03_AC0p4_1p5tauSet,Chen2020_DFN_DC03,0.4,0.7,1.5,2.335312078063353,5604.748987352053,5549.121491700476,55.62749565157628,5604.748987352047,5549.108897671913,55.640089680134224,-0.012594028557941783
Chen2020,Chen2020_DFN_DC03_AC0p4_1p5tauSet,Chen2020_DFN_DC03,0.4,0.7,1.5,2.368163033110482,5683.591279465156,5583.289999191784,100.30128027337196,5683.591279465157,5583.274426392744,100.31685307241241,-0.01557279904045572
Chen2020,Chen2020_DFN_DC03_AC0p4_1p5tauSet,Chen2020_DFN_DC03,0.4,0.7,1.5,2.4010139881576102,5762.433571578261,5623.926987097562,138.50658448069862,5762.4335715782645,5623.9006152172105,138.53295636105395,-0.02637188035532745
Chen2020,Chen2020_DFN_DC03_AC0p4_1p5tauSet,Chen2020_DFN_DC03,0.4,0.7,1.5,2.433864943204739,5841.275863691366,5837.161546459167,4.114317232199028,5841.275863691374,5837.143407916013,4.13245577536145,-0.01813854316242214
Chen2020,Chen2020_DFN_DC03_AC0p4_1p5tauSet,Chen2020_DFN_DC03,0.4,0.7,1.5,2.4667158982518673,5920.118155804474,5879.448436125092,40.66971967938207,5920.118155804482,5879.435913746877,40.682242057604526,-0.01252237822245661
Chen2020,Chen2020_DFN_DC03_AC0p4_1p5tauSet,Chen2020_DFN_DC03,0.4,0.7,1.5,2.499566853298996,5998.960447917585,5913.753649717629,85.20679819995621,5998.9604479175905,5913.738041483678,85.22240643391251,-0.015608233956299955
Chen2020,Chen2020_DFN_DC03_AC0p4_1p5tauSet,Chen2020_DFN_DC03,0.4,0.7,1.5,2.5324178083461244,6077.802740030691,5950.598767082361,127.20397294833037,6077.802740030699,5950.5783872740085,127.22435275669068,-0.020379808360303286
Chen2020,Chen2020_DFN_DC03_AC0p4_1p5tauSet,Chen2020_DFN_DC03,0.4,0.7,1.5,2.565268763393253,6156.645032143797,6034.951738036097,121.69329410770024,6156.645032143807,6033.670205640686,122.97482650312122,-1.2815323954209816
Chen2020,Chen2020_DFN_DC03_AC0p4_1p5tauSet,Chen2020_DFN_DC03,0.4,0.7,1.5,2.5981197184403815,6235.487324256899,6209.025116730451,26.462207526447855,6235.487324256916,6209.010743310281,26.476580946634385,-0.014373420186529984
Chen2020,Chen2020_DFN_DC03_AC0p4_1p5tauSet,Chen2020_DFN_DC03,0.4,0.7,1.5,2.63097067348751,6314.329616370005,6244.468662459019,69.86095391098661,6314.329616370024,6244.45444360991,69.87517276011386,-0.014218849127246358
Chen2020,Chen2020_DFN_DC03_AC0p4_1p5tauSet,Chen2020_DFN_DC03,0.4,0.7,1.5,2.6638216285346386,6393.171908483116,6279.378508652221,113.79339983089449,6393.171908483132,6279.360135782106,113.8117727010258,-0.01837287013131572
Chen2020,Chen2020_DFN_DC03_AC0p4_1p5tauSet,Chen2020_DFN_DC03,0.4,0.7,1.5,2.696672583581767,6472.014200596227,6327.096654126661,144.91754646956633,6472.014200596241,6327.057999354426,144.9562012418146,-0.038654772248264635
Chen2020,Chen2020_DFN_DC03_AC0p4_1p5tauSet,Chen2020_DFN_DC03,0.4,0.7,1.5,2.7295235386288956,6550.85649270933,6537.202982190322,13.653510519008705,6550.856492709349,6537.192029420733,13.664463288616389,-0.010952769607683877
Chen2020,Chen2020_DFN_DC03_AC0p4_1p5tauSet,Chen2020_DFN_DC03,0.4,0.7,1.5,2.762374493676024,6629.698784822435,6575.13076495949,54.56801986294522,6629.698784822457,6575.116865581094,54.58191924136281,-0.013899378417590924
Chen2020,Chen2020_DFN_DC03_AC0p4_1p5tauSet,Chen2020_DFN_DC03,0.4,0.7,1.5,2.7952254487231527,6708.541076935546,6609.278594937641,99.26248199790462,6708.541076935567,6609.261410114736,99.27966682083115,-0.01718482292653789
Chen2020,Chen2020_DFN_DC03_AC0p4_1p5tauSet,Chen2020_DFN_DC03,0.4,0.7,1.5,2.828076403770281,6787.383369048659,6649.558660075663,137.82470897299572,6787.3833690486745,6649.5344080468185,137.84896100185597,-0.024252028860246355
Chen2020,Chen2020_DFN_DC03_AC0p4_1p5tauSet,Chen2020_DFN_DC03,0.4,0.7,1.5,2.8609273588174093,6866.22566116176,6862.675586108428,3.550075053331966,6866.225661161782,6862.655581385564,3.5700797762183356,-0.020004722886369564
Chen2020,Chen2020_DFN_DC03_AC0p4_1p5tauSet,Chen2020_DFN_DC03,0.4,0.7,1.5,2.893778313864538,6945.067953274867,6905.420446037189,39.64750723767793,6945.067953274891,6905.406140984134,39.66181229075664,-0.014305053078714991
Chen2020,Chen2020_DFN_DC03_AC0p4_1p5tauSet,Chen2020_DFN_DC03,0.4,0.7,1.5,2.9266292689116664,7023.910245387978,6939.769124444504,84.14112094347365,7023.910245388,6939.753387192981,84.15685819501869,-0.01573725154503336
Chen2020,Chen2020_DFN_DC03_AC0p4_1p5tauSet,Chen2020_DFN_DC03,0.4,0.7,1.5,2.959480223958795,7102.752537501085,6976.4313082162425,126.32122928484205,7102.752537501109,6976.410824090902,126.34171341020738,-0.02048412536532851
Chen2020,Chen2020_DFN_DC03_AC0p4_1p5tauSet,Chen2020_DFN_DC03,0.4,0.7,1.5,2.9923311790059235,7181.594829614201,7048.2674354306955,133.32739418350593,7181.594829614216,7048.1229270693875,133.47190254482848,-0.14450836132255063
Chen2020,Chen2020_DFN_DC03_AC0p4_1p5tauSet,Chen2020_DFN_DC03,0.4,0.7,1.5,3.0251821340530523,7260.437121727312,7234.924926153325,25.5121955739869,7260.437121727326,7234.908832614677,25.528289112648963,-0.0160935386620622
Chen2020,Chen2020_DFN_DC03_AC0p4_1p5tauSet,Chen2020_DFN_DC03,0.4,0.7,1.5,3.0580330891001806,7339.2794138404215,7270.490915993047,68.78849784737486,7339.279413840434,7270.475741319876,68.8036725205584,-0.01517467318353738
Chen2020,Chen2020_DFN_DC03_AC0p4_1p5tauSet,Chen2020_DFN_DC03,0.4,0.7,1.5,3.090884044147309,7418.121705953532,7305.314229057138,112.80747689639429,7418.121705953541,7305.294480658759,112.82722529478178,-0.01974839838749176
Chen2020,Chen2020_DFN_DC03_AC0p4_1p5tauSet,Chen2020_DFN_DC03,0.4,0.7,1.5,3.1237349991944376,7496.963998066643,7352.278958618723,144.68503944792064,7496.963998066651,7352.242527937939,144.7214701287121,-0.036430680791454506
Chen2020,Chen2020_DFN_DC03_AC0p4_1p5tauSet,Chen2020_DFN_DC03,0.4,0.7,1.5,3.156585954241566,7575.80629017975,7562.973561636879,12.832728542871337,7575.8062901797575,7562.9566390135,12.8496511662579,-0.01692262338656292
Chen2020,Chen2020_DFN_DC03_AC0p4_1p5tauSet,Chen2020_DFN_DC03,0.4,0.7,1.5,3.1894369092886947,7654.648582292859,7601.138282772766,53.51029952009321,7654.648582292867,7601.12305422245,53.52552807041684,-0.015228550323627132
Chen2020,Chen2020_DFN_DC03_AC0p4_1p5tauSet,Chen2020_DFN_DC03,0.4,0.7,1.5,3.222287864335823,7733.4908744059685,7635.26838402033,98.2224903856386,7733.490874405976,7635.251204354909,98.23967005106715,-0.0171796654285572
Chen2020,Chen2020_DFN_DC03_AC0p4_1p5tauSet,Chen2020_DFN_DC03,0.4,0.7,1.5,3.255138819382952,7812.333166519075,7675.213562857143,137.11960366193216,7812.333166519084,7675.187559951392,137.14560656769208,-0.026002905759924033
Chen2020,Chen2020_DFN_DC03_AC0p4_1p5tauSet,Chen2020_DFN_DC03,0.4,0.7,1.5,3.28798977443008,7891.175458632187,7888.161995903314,3.0134627288725824,7891.175458632192,7888.13869535131,3.0367632808820417,-0.023300552009459352
Chen2020,Chen2020_DFN_DC03_AC0p4_1p5tauSet,Chen2020_DFN_DC03,0.4,0.7,1.5,3.320840729477209,7970.0177507452945,7931.3886710651805,38.629079680114046,7970.017750745301,7931.372635075047,38.6451156702542,-0.016035990140153444
Chen2020,Chen2020_DFN_DC03_AC0p4_1p5tauSet,Chen2020_DFN_DC03,0.4,0.7,1.5,3.353691684524337,8048.860042858408,7965.786161122931,83.07388173547679,8048.8600428584095,7965.7698324752455,83.09021038316405,-0.016328647687259945
Chen2020,Chen2020_DFN_DC03_AC0p4_1p5tauSet,Chen2020_DFN_DC03,0.4,0.7,1.5,3.3865426395714655,8127.702334971522,8002.279619551326,125.42271542019625,8127.702334971517,8002.252584220645,125.44975075087223,-0.027035330675971636
Chen2020,Chen2020_DFN_DC03_AC0p4_1p5tauSet,Chen2020_DFN_DC03,0.4,0.7,1.5,3.4193935946185943,8206.544627084635,8069.389552808473,137.15507427616194,8206.544627084626,8069.281396074756,137.26323100986974,-0.10815673370780132
Chen2020,Chen2020_DFN_DC03_AC0p4_1p5tauSet,Chen2020_DFN_DC03,0.4,0.7,1.5,3.4522445496657226,8285.38691919774,8260.812251166064,24.574668031675174,8285.386919197734,8260.80009191827,24.58682727946325,-0.012159247788076755
Chen2020,Chen2020_DFN_DC03_AC0p5_1p5tauSet,Chen2020_DFN_DC03,0.5,0.8,1.5,0.2,479.9999999999992,413.249421775451,66.75057822454818,480.0,413.2470057745741,66.75299422542588,-0.002416000877701663
Chen2020,Chen2020_DFN_DC03_AC0p5_1p5tauSet,Chen2020_DFN_DC03,0.5,0.8,1.5,0.23285095504712852,558.8422921131074,443.04839160709963,115.79390050600779,558.8422921131084,443.0444551663941,115.79783694671437,-0.003936440706581834
Chen2020,Chen2020_DFN_DC03_AC0p5_1p5tauSet,Chen2020_DFN_DC03,0.5,0.8,1.5,0.26570191009425703,637.6845842262156,476.34072455245837,161.34385967375727,637.6845842262169,476.33407402804255,161.35051019817433,-0.006650524417068482
Chen2020,Chen2020_DFN_DC03_AC0p5_1p5tauSet,Chen2020_DFN_DC03,0.5,0.8,1.5,0.29855286514138557,716.5268763393238,708.1410822616291,8.385794077694754,716.5268763393254,708.1438282771388,8.383048062186617,0.002746015508137134
Chen2020,Chen2020_DFN_DC03_AC0p5_1p5tauSet,Chen2020_DFN_DC03,0.5,0.8,1.5,0.33140382018851405,795.3691684524325,744.9923680545222,50.3768003979103,795.3691684524338,744.9901376640648,50.37903078836894,-0.0022303904586351564
Chen2020,Chen2020_DFN_DC03_AC0p5_1p5tauSet,Chen2020_DFN_DC03,0.5,0.8,1.5,0.36425477523564254,874.2114605655402,775.1153010527764,99.09615951276373,874.2114605655421,775.1114880879286,99.0999724776135,-0.0038129648497715607
Chen2020,Chen2020_DFN_DC03_AC0p5_1p5tauSet,Chen2020_DFN_DC03,0.5,0.8,1.5,0.3971057302827711,953.0537526786494,806.3046402813811,146.74911239726828,953.0537526786507,806.2990996248548,146.7546530537959,-0.005540656527614374
Chen2020,Chen2020_DFN_DC03_AC0p5_1p5tauSet,Chen2020_DFN_DC03,0.5,0.8,1.5,0.4299566853298996,1031.896044791758,850.7081543839539,181.18789040780405,1031.896044791759,850.6945718518609,181.20147293989817,-0.013582532094119415
Chen2020,Chen2020_DFN_DC03_AC0p5_1p5tauSet,Chen2020_DFN_DC03,0.5,0.8,1.5,0.4628076403770281,1110.7383369048662,1076.086516225527,34.65182067933915,1110.7383369048673,1076.0830540737747,34.65528283109256,-0.0034621517534105806
Chen2020,Chen2020_DFN_DC03_AC0p5_1p5tauSet,Chen2020_DFN_DC03,0.5,0.8,1.5,0.49565859542415663,1189.5806290179742,1107.2914087567156,82.2892202612586,1189.580629017976,1107.2879211737263,82.29270784424966,-0.003487582991056115
Chen2020,Chen2020_DFN_DC03_AC0p5_1p5tauSet,Chen2020_DFN_DC03,0.5,0.8,1.5,0.5285095504712851,1268.4229211310821,1137.4094294176396,131.0134917134426,1268.4229211310842,1137.4016394241592,131.02128170692504,-0.007789993482447244
Chen2020,Chen2020_DFN_DC03_AC0p5_1p5tauSet,Chen2020_DFN_DC03,0.5,0.8,1.5,0.5613605055184137,1347.2652132441915,1174.2067630038282,173.0584502403633,1347.2652132441929,1174.1911734791418,173.0740397650511,-0.015589524687811718
Chen2020,Chen2020_DFN_DC03_AC0p5_1p5tauSet,Chen2020_DFN_DC03,0.5,0.8,1.5,0.5942114605655422,1426.1075053573,1406.0310228038143,20.076482553485675,1426.1075053573013,1406.0310854323034,20.076419924997936,6.262848773985752e-05
Chen2020,Chen2020_DFN_DC03_AC0p5_1p5tauSet,Chen2020_DFN_DC03,0.5,0.8,1.5,0.6270624156126707,1504.9497974704093,1439.3571221836025,65.59267528680675,1504.9497974704097,1439.3524106484772,65.59738682193256,-0.004711535125807131
Chen2020,Chen2020_DFN_DC03_AC0p5_1p5tauSet,Chen2020_DFN_DC03,0.5,0.8,1.5,0.6599133706597992,1583.792089583518,1469.1563164305655,114.63577315295242,1583.792089583518,1469.150127134266,114.64196244925188,-0.006189296299453417
Chen2020,Chen2020_DFN_DC03_AC0p5_1p5tauSet,Chen2020_DFN_DC03,0.5,0.8,1.5,0.6927643257069276,1662.6343816966262,1502.2617494022375,160.37263229438872,1662.6343816966262,1502.2490045800903,160.3853771165359,-0.012744822147169543
Chen2020,Chen2020_DFN_DC03_AC0p5_1p5tauSet,Chen2020_DFN_DC03,0.5,0.8,1.5,0.7256152807540561,1741.4766738097346,1733.8620552628574,7.614618546877182,1741.4766738097348,1733.85557502853,7.621098781204864,-0.00648023432768241
Chen2020,Chen2020_DFN_DC03_AC0p5_1p5tauSet,Chen2020_DFN_DC03,0.5,0.8,1.5,0.7584662358011847,1820.3189659228444,1771.066051253905,49.25291466893941,1820.318965922843,1771.0616723346388,49.25729358820422,-0.004378919264809156
Chen2020,Chen2020_DFN_DC03_AC0p5_1p5tauSet,Chen2020_DFN_DC03,0.5,0.8,1.5,0.7913171908483132,1899.161258035954,1801.2384489990875,97.92280903686651,1899.1612580359517,1801.232160311683,97.92909772426879,-0.006288687402275173
Chen2020,Chen2020_DFN_DC03_AC0p5_1p5tauSet,Chen2020_DFN_DC03,0.5,0.8,1.5,0.8241681458954417,1978.0035501490624,1832.3252587505176,145.67829139854484,1978.0035501490602,1832.3162438994912,145.68730624956902,-0.009014851024176096
Chen2020,Chen2020_DFN_DC03_AC0p5_1p5tauSet,Chen2020_DFN_DC03,0.5,0.8,1.5,0.8570191009425703,2056.8458422621698,1875.9545937118307,180.89124855033901,2056.8458422621684,1875.926243331617,180.9195989305515,-0.028350380212486925
Chen2020,Chen2020_DFN_DC03_AC0p5_1p5tauSet,Chen2020_DFN_DC03,0.5,0.8,1.5,0.8898700559896988,2135.688134375277,2102.0974471972377,33.59068717803939,2135.688134375277,2102.093938950505,33.5941954247719,-0.003508246732508269
Chen2020,Chen2020_DFN_DC03_AC0p5_1p5tauSet,Chen2020_DFN_DC03,0.5,0.8,1.5,0.9227210110368271,2214.530426488386,2133.413927015817,81.1164994725691,2214.530426488385,2133.4079775519017,81.12244893648312,-0.00594946391402118
Chen2020,Chen2020_DFN_DC03_AC0p5_1p5tauSet,Chen2020_DFN_DC03,0.5,0.8,1.5,0.9555719660839557,2293.3727186014958,2163.48651213969,129.8862064618056,2293.3727186014935,2163.4767603309724,129.89595827052108,-0.009751808715463994
Chen2020,Chen2020_DFN_DC03_AC0p5_1p5tauSet,Chen2020_DFN_DC03,0.5,0.8,1.5,0.9884229211310842,2372.2150107146044,2199.93949596061,172.27551475399423,2372.215010714602,2199.925956789806,172.289053924796,-0.0135391708017778
Chen2020,Chen2020_DFN_DC03_AC0p5_1p5tauSet,Chen2020_DFN_DC03,0.5,0.8,1.5,1.0212738761782127,2451.0573028277126,2431.9390366138564,19.11826621385626,2451.057302827711,2431.934662572923,19.12264025478771,-0.004374040931452328
Chen2020,Chen2020_DFN_DC03_AC0p5_1p5tauSet,Chen2020_DFN_DC03,0.5,0.8,1.5,1.0541248312253413,2529.8995949408227,2465.461141557209,64.4384533836137,2529.899594940819,2465.456117825228,64.44347711559112,-0.005023731977416901
Chen2020,Chen2020_DFN_DC03_AC0p5_1p5tauSet,Chen2020_DFN_DC03,0.5,0.8,1.5,1.0869757862724698,2608.7418870539314,2495.2649344602037,113.47695259372767,2608.7418870539277,2495.2573935238815,113.48449353004617,-0.007540936318491731
Chen2020,Chen2020_DFN_DC03_AC0p5_1p5tauSet,Chen2020_DFN_DC03,0.5,0.8,1.5,1.1198267413195984,2687.5841791670396,2528.1842411111165,159.39993805592303,2687.584179167036,2528.1732375134134,159.41094165362256,-0.011003597699527745
Chen2020,Chen2020_DFN_DC03_AC0p5_1p5tauSet,Chen2020_DFN_DC03,0.5,0.8,1.5,1.152677696366727,2766.426471280144,2759.546688882996,6.879782397148119,2766.4264712801446,2759.546071751793,6.880399528351518,-0.0006171312033984577
Chen2020,Chen2020_DFN_DC03_AC0p5_1p5tauSet,Chen2020_DFN_DC03,0.5,0.8,1.5,1.1855286514138552,2845.2687633932524,2797.134301996675,48.134461396577535,2845.268763393253,2797.129985372262,48.138778020990685,-0.004316624413149839
Chen2020,Chen2020_DFN_DC03_AC0p5_1p5tauSet,Chen2020_DFN_DC03,0.5,0.8,1.5,1.2183796064609838,2924.111055506357,2827.3610396693903,96.75001583696667,2924.111055506361,2827.3532815567946,96.7577739495664,-0.007758112599731248
Chen2020,Chen2020_DFN_DC03_AC0p5_1p5tauSet,Chen2020_DFN_DC03,0.5,0.8,1.5,1.2512305615081123,3002.9533476194656,2858.348752172485,144.6045954469805,3002.9533476194697,2858.338552187002,144.61479543246787,-0.010199985487361118
Chen2020,Chen2020_DFN_DC03_AC0p5_1p5tauSet,Chen2020_DFN_DC03,0.5,0.8,1.5,1.2840815165552408,3081.7956397325765,2901.240985389602,180.55465434297457,3081.795639732578,2901.2197296119243,180.5759101206536,-0.02125577767901632
Chen2020,Chen2020_DFN_DC03_AC0p5_1p5tauSet,Chen2020_DFN_DC03,0.5,0.8,1.5,1.3169324716023694,3160.637931845681,3128.1036649442563,32.53426690142487,3160.637931845686,3128.099206665094,32.53872518059234,-0.004458279167465662
Chen2020,Chen2020_DFN_DC03_AC0p5_1p5tauSet,Chen2020_DFN_DC03,0.5,0.8,1.5,1.349783426649498,3239.480223958793,3159.5351987147606,79.94502524403242,3239.4802239587952,3159.5274227103578,79.95280124843748,-0.007776004405059211
Chen2020,Chen2020_DFN_DC03_AC0p5_1p5tauSet,Chen2020_DFN_DC03,0.5,0.8,1.5,1.3826343816966264,3318.3225160718994,3189.5650548549734,128.757461216926,3318.3225160719035,3189.55483479267,128.76768127923333,-0.010220062307325861
Chen2020,Chen2020_DFN_DC03_AC0p5_1p5tauSet,Chen2020_DFN_DC03,0.5,0.8,1.5,1.4154853367437548,3397.164808185008,3225.7009106955225,171.4638974894856,3397.164808185011,3225.6792686476333,171.48553953737792,-0.021642047892328264
Chen2020,Chen2020_DFN_DC03_AC0p5_1p5tauSet,Chen2020_DFN_DC03,0.5,0.8,1.5,1.4483362917908833,3476.0071002981176,3457.8361869621876,18.17091333592998,3476.00710029812,3457.8279739384047,18.179126359715156,-0.0082130237851743
Chen2020,Chen2020_DFN_DC03_AC0p5_1p5tauSet,Chen2020_DFN_DC03,0.5,0.8,1.5,1.4811872468380118,3554.849392411229,3491.5659801425877,63.283412268641314,3554.8493924112286,3491.5580366445597,63.29135576666886,-0.007943498027543683
Chen2020,Chen2020_DFN_DC03_AC0p5_1p5tauSet,Chen2020_DFN_DC03,0.5,0.8,1.5,1.5140382018851404,3633.691684524338,3521.375674361992,112.31601016234617,3633.6916845243372,3521.366167166799,112.32551735753805,-0.009507195191872597
Chen2020,Chen2020_DFN_DC03_AC0p5_1p5tauSet,Chen2020_DFN_DC03,0.5,0.8,1.5,1.546889156932269,3712.533976637447,3554.1198855407392,158.41409109670758,3712.5339766374454,3554.1063690201418,158.4276076173037,-0.013516520596112969
Chen2020,Chen2020_DFN_DC03_AC0p5_1p5tauSet,Chen2020_DFN_DC03,0.5,0.8,1.5,1.5797401119793975,3791.3762687505523,3620.230569681318,171.14569906923452,3791.3762687505537,3620.1053169238435,171.2709518267102,-0.1252527574756641
Chen2020,Chen2020_DFN_DC03_AC0p5_1p5tauSet,Chen2020_DFN_DC03,0.5,0.8,1.5,1.612591067026526,3870.218560863663,3823.202798331673,47.01576253198982,3870.2185608636623,3823.1949466720894,47.02361419157296,-0.007851659583138826
Chen2020,Chen2020_DFN_DC03_AC0p5_1p5tauSet,Chen2020_DFN_DC03,0.5,0.8,1.5,1.6454420220736543,3949.060852976771,3853.484215296873,95.57663767989789,3949.0608529767705,3853.4747774803054,95.58607549646513,-0.009437816567242407
Chen2020,Chen2020_DFN_DC03_AC0p5_1p5tauSet,Chen2020_DFN_DC03,0.5,0.8,1.5,1.6782929771207828,4027.9031450898806,3884.3779350672417,143.52521002263893,4027.9031450898788,3884.365828729361,143.5373163605177,-0.012106337878776685
Chen2020,Chen2020_DFN_DC03_AC0p5_1p5tauSet,Chen2020_DFN_DC03,0.5,0.8,1.5,1.7111439321679114,4106.745437202991,3926.595502983712,180.14993421927875,4106.745437202987,3926.5681541370545,180.17728306593244,-0.027348846653694636
Chen2020,Chen2020_DFN_DC03_AC0p5_1p5tauSet,Chen2020_DFN_DC03,0.5,0.8,1.5,1.74399488721504,4185.5877293161,4154.107472046351,31.480257269749018,4185.587729316096,4154.098632464074,31.489096852021248,-0.008839582272230473
Chen2020,Chen2020_DFN_DC03_AC0p5_1p5tauSet,Chen2020_DFN_DC03,0.5,0.8,1.5,1.7768458422621685,4264.430021429208,4185.655015349656,78.77500607955153,4264.430021429204,4185.646180818033,78.7838406111714,-0.008834531619868358
Chen2020,Chen2020_DFN_DC03_AC0p5_1p5tauSet,Chen2020_DFN_DC03,0.5,0.8,1.5,1.809696797309297,4343.272313542315,4215.647115021493,127.62519852082187,4343.272313542313,4215.635744474316,127.63656906799679,-0.01137054717491992
Chen2020,Chen2020_DFN_DC03_AC0p5_1p5tauSet,Chen2020_DFN_DC03,0.5,0.8,1.5,1.8425477523564255,4422.114605655421,4251.469936247337,170.64466940808416,4422.114605655422,4251.450026428151,170.66457922727022,-0.01990981918606849
Chen2020,Chen2020_DFN_DC03_AC0p5_1p5tauSet,Chen2020_DFN_DC03,0.5,0.8,1.5,1.875398707403554,4500.956897768534,4483.719639888828,17.237257879705794,4500.956897768529,4483.710526658889,17.246371109640677,-0.009113229934882838
Chen2020,Chen2020_DFN_DC03_AC0p5_1p5tauSet,Chen2020_DFN_DC03,0.5,0.8,1.5,1.9082496624506826,4579.799189881645,4517.66792686347,62.13126301817556,4579.799189881638,4517.65807466047,62.14111522116764,-0.009852202992078674
Chen2020,Chen2020_DFN_DC03_AC0p5_1p5tauSet,Chen2020_DFN_DC03,0.5,0.8,1.5,1.941100617497811,4658.641481994756,4547.487290281342,111.15419171341364,4658.641481994747,4547.476362348589,111.16511964615802,-0.010927932744380087
Chen2020,Chen2020_DFN_DC03_AC0p5_1p5tauSet,Chen2020_DFN_DC03,0.5,0.8,1.5,1.9739515725449395,4737.4837741078645,4580.0632798960905,157.42049421177398,4737.4837741078545,4580.048018632168,157.43575547568616,-0.015261263912179857
Chen2020,Chen2020_DFN_DC03_AC0p5_1p5tauSet,Chen2020_DFN_DC03,0.5,0.8,1.5,2.0068025275920682,4816.326066220972,4641.017147369073,175.30891885189885,4816.326066220964,4640.91168777556,175.4143784454045,-0.10545959350565681
Chen2020,Chen2020_DFN_DC03_AC0p5_1p5tauSet,Chen2020_DFN_DC03,0.5,0.8,1.5,2.0396534826391965,4895.16835833408,4849.266839558769,45.90151877531116,4895.168358334072,4849.256421923016,45.91193641105565,-0.010417635744488507
Chen2020,Chen2020_DFN_DC03_AC0p5_1p5tauSet,Chen2020_DFN_DC03,0.5,0.8,1.5,2.0725044376863253,4974.010650447186,4879.607373277121,94.40327717006494,4974.0106504471805,4879.596574069576,94.41407637760494,-0.010799207540003408
Chen2020,Chen2020_DFN_DC03_AC0p5_1p5tauSet,Chen2020_DFN_DC03,0.5,0.8,1.5,2.1053553927334536,5052.852942560292,4910.41599501805,142.4369475422418,5052.852942560289,4910.3978857219245,142.45505683836473,-0.018109296122929663
Chen2020,Chen2020_DFN_DC03_AC0p5_1p5tauSet,Chen2020_DFN_DC03,0.5,0.8,1.5,2.1382063477805824,5131.695234673402,4951.997326185007,179.69790848839511,5131.695234673398,4951.965791578274,179.72944309512422,-0.03153460672911024
Chen2020,Chen2020_DFN_DC03_AC0p5_1p5tauSet,Chen2020_DFN_DC03,0.5,0.8,1.5,2.1710573028277107,5210.53752678651,5180.103033145527,30.43449364098342,5210.537526786506,5180.091981020967,30.445545765538554,-0.011052124555135379
Chen2020,Chen2020_DFN_DC03_AC0p5_1p5tauSet,Chen2020_DFN_DC03,0.5,0.8,1.5,2.2039082578748395,5289.379818899617,5211.774995301945,77.6048235976723,5289.379818899614,5211.764175428907,77.61564347070725,-0.010819873034961347
Chen2020,Chen2020_DFN_DC03_AC0p5_1p5tauSet,Chen2020_DFN_DC03,0.5,0.8,1.5,2.2367592129219678,5368.222111012727,5241.73436245623,126.48774855649663,5368.222111012723,5241.719374328392,126.50273668433056,-0.014988127833930776
Chen2020,Chen2020_DFN_DC03_AC0p5_1p5tauSet,Chen2020_DFN_DC03,0.5,0.8,1.5,2.2696101679690965,5447.064403125834,5277.25730504389,169.8070980819448,5447.064403125832,5277.237240277878,169.82716284795333,-0.02006476600854512
Chen2020,Chen2020_DFN_DC03_AC0p5_1p5tauSet,Chen2020_DFN_DC03,0.5,0.8,1.5,2.302461123016225,5525.906695238942,5509.591017795022,16.315677443920322,5525.906695238939,5509.58179382045,16.32490141848939,-0.00922397456906765
Chen2020,Chen2020_DFN_DC03_AC0p5_1p5tauSet,Chen2020_DFN_DC03,0.5,0.8,1.5,2.335312078063353,5604.748987352053,5543.764865949124,60.984121402928395,5604.748987352047,5543.7561375261375,60.992849825909616,-0.008728422981221229
Chen2020,Chen2020_DFN_DC03_AC0p5_1p5tauSet,Chen2020_DFN_DC03,0.5,0.8,1.5,2.368163033110482,5683.591279465156,5573.600644355833,109.9906351093232,5683.591279465157,5573.587894712801,110.00338475235549,-0.012749643032293534
Chen2020,Chen2020_DFN_DC03_AC0p5_1p5tauSet,Chen2020_DFN_DC03,0.5,0.8,1.5,2.4010139881576102,5762.433571578261,5606.018471418788,156.4151001594728,5762.4335715782645,5605.997827312822,156.43574426544274,-0.020644105969950033
Chen2020,Chen2020_DFN_DC03_AC0p5_1p5tauSet,Chen2020_DFN_DC03,0.5,0.8,1.5,2.433864943204739,5841.275863691366,5663.706556314263,177.56930737710263,5841.275863691374,5663.618447865483,177.6574158258909,-0.08810844878826174
Chen2020,Chen2020_DFN_DC03_AC0p5_1p5tauSet,Chen2020_DFN_DC03,0.5,0.8,1.5,2.4667158982518673,5920.118155804474,5875.324264606065,44.793891198408346,5920.118155804482,5875.31427234773,44.803883456751464,-0.00999225834311801
Chen2020,Chen2020_DFN_DC03_AC0p5_1p5tauSet,Chen2020_DFN_DC03,0.5,0.8,1.5,2.499566853298996,5998.960447917585,5905.730847403989,93.22960051359587,5998.9604479175905,5905.718597576414,93.24185034117636,-0.012249827580490091
Chen2020,Chen2020_DFN_DC03_AC0p5_1p5tauSet,Chen2020_DFN_DC03,0.5,0.8,1.5,2.5324178083461244,6077.802740030691,5936.450636302182,141.35210372850906,6077.802740030699,5936.43454280643,141.36819722426935,-0.016093495760287624
Chen2020,Chen2020_DFN_DC03_AC0p5_1p5tauSet,Chen2020_DFN_DC03,0.5,0.8,1.5,2.565268763393253,6156.645032143797,5977.435628442659,179.2094037011375,6156.645032143807,5977.407815746926,179.2372163968812,-0.027812695743705262
Chen2020,Chen2020_DFN_DC03_AC0p5_1p5tauSet,Chen2020_DFN_DC03,0.5,0.8,1.5,2.5981197184403815,6235.487324256899,6206.089403537959,29.39792071894044,6235.487324256916,6206.079005655502,29.408318601413157,-0.010397882472716447
Chen2020,Chen2020_DFN_DC03_AC0p5_1p5tauSet,Chen2020_DFN_DC03,0.5,0.8,1.5,2.63097067348751,6314.329616370005,6237.893689632448,76.43592673755757,6314.329616370024,6237.881329410174,76.44828695985052,-0.012360222292954859
Chen2020,Chen2020_DFN_DC03_AC0p5_1p5tauSet,Chen2020_DFN_DC03,0.5,0.8,1.5,2.6638216285346386,6393.171908483116,6267.820939567042,125.35096891607373,6393.171908483132,6267.805612407039,125.36629607609302,-0.01532716001929657
Chen2020,Chen2020_DFN_DC03_AC0p5_1p5tauSet,Chen2020_DFN_DC03,0.5,0.8,1.5,2.696672583581767,6472.014200596227,6303.066789597235,168.94741099899238,6472.014200596241,6303.040002319788,168.97419827645263,-0.026787277460243786
Chen2020,Chen2020_DFN_DC03_AC0p5_1p5tauSet,Chen2020_DFN_DC03,0.5,0.8,1.5,2.7295235386288956,6550.85649270933,6535.455526468623,15.400966240707021,6550.856492709349,6535.441211007629,15.415281701720232,-0.014315461013211461
Chen2020,Chen2020_DFN_DC03_AC0p5_1p5tauSet,Chen2020_DFN_DC03,0.5,0.8,1.5,2.762374493676024,6629.698784822435,6569.8643696187655,59.83441520366978,6629.698784822457,6569.8521288732445,59.84665594921262,-0.012240745542840159
Chen2020,Chen2020_DFN_DC03_AC0p5_1p5tauSet,Chen2020_DFN_DC03,0.5,0.8,1.5,2.7952254487231527,6708.541076935546,6599.715676810812,108.82540012473419,6708.541076935567,6599.700681168625,108.84039576694158,-0.014995642207395576
Chen2020,Chen2020_DFN_DC03_AC0p5_1p5tauSet,Chen2020_DFN_DC03,0.5,0.8,1.5,2.828076403770281,6787.383369048659,6631.973610483415,155.40975856524437,6787.3833690486745,6631.955455741432,155.4279133072423,-0.018154741997932433
Chen2020,Chen2020_DFN_DC03_AC0p5_1p5tauSet,Chen2020_DFN_DC03,0.5,0.8,1.5,2.8609273588174093,6866.22566116176,6687.201023554796,179.02463760696446,6866.225661161782,6687.119149899741,179.10651126204084,-0.08187365507637878
Chen2020,Chen2020_DFN_DC03_AC0p5_1p5tauSet,Chen2020_DFN_DC03,0.5,0.8,1.5,2.893778313864538,6945.067953274867,6901.379486521282,43.68846675358509,6945.067953274891,6901.3683544247215,43.69959885016942,-0.01113209658433334
Chen2020,Chen2020_DFN_DC03_AC0p5_1p5tauSet,Chen2020_DFN_DC03,0.5,0.8,1.5,2.9266292689116664,7023.910245387978,6931.854103077047,92.05614231093114,7023.910245388,6931.840774451852,92.06947093614781,-0.013328625216672663
Chen2020,Chen2020_DFN_DC03_AC0p5_1p5tauSet,Chen2020_DFN_DC03,0.5,0.8,1.5,2.959480223958795,7102.752537501085,6962.492006856113,140.26053064497137,7102.752537501109,6962.475626602364,140.27691089874497,-0.016380253773604636
Chen2020,Chen2020_DFN_DC03_AC0p5_1p5tauSet,Chen2020_DFN_DC03,0.5,0.8,1.5,2.9923311790059235,7181.594829614201,7002.929032703879,178.66579691032257,7181.594829614216,7002.890114189552,178.70471542466385,-0.03891851434127602
Chen2020,Chen2020_DFN_DC03_AC0p5_1p5tauSet,Chen2020_DFN_DC03,0.5,0.8,1.5,3.0251821340530523,7260.437121727312,7232.073574444963,28.363547282348918,7260.437121727326,7232.059447480212,28.377674247113646,-0.014126964764727745
Chen2020,Chen2020_DFN_DC03_AC0p5_1p5tauSet,Chen2020_DFN_DC03,0.5,0.8,1.5,3.0580330891001806,7339.2794138404215,7264.010754450534,75.26865938988794,7339.279413840434,7263.997564868708,75.2818489717265,-0.013189581838560116
Chen2020,Chen2020_DFN_DC03_AC0p5_1p5tauSet,Chen2020_DFN_DC03,0.5,0.8,1.5,3.090884044147309,7418.121705953532,7293.909544770851,124.21216118268057,7418.121705953541,7293.894349685033,124.22735626850772,-0.015195085827144794
Chen2020,Chen2020_DFN_DC03_AC0p5_1p5tauSet,Chen2020_DFN_DC03,0.5,0.8,1.5,3.1237349991944376,7496.963998066643,7328.880314728024,168.08368333861927,7496.963998066651,7328.857477413541,168.10652065310933,-0.022837314490061544
Chen2020,Chen2020_DFN_DC03_AC0p5_1p5tauSet,Chen2020_DFN_DC03,0.5,0.8,1.5,3.156585954241566,7575.80629017975,7561.303135518011,14.503154661739245,7575.8062901797575,7561.2881723865285,14.518117793229067,-0.014963131489821535
Chen2020,Chen2020_DFN_DC03_AC0p5_1p5tauSet,Chen2020_DFN_DC03,0.5,0.8,1.5,3.1894369092886947,7654.648582292859,7595.959179121765,58.689403171093545,7654.648582292867,7595.945950185236,58.70263210763096,-0.013228936537416303
Chen2020,Chen2020_DFN_DC03_AC0p5_1p5tauSet,Chen2020_DFN_DC03,0.5,0.8,1.5,3.222287864335823,7733.4908744059685,7625.829290156741,107.66158424922742,7733.490874405976,7625.814639801952,107.6762346040241,-0.01465035479668586
Chen2020,Chen2020_DFN_DC03_AC0p5_1p5tauSet,Chen2020_DFN_DC03,0.5,0.8,1.5,3.255138819382952,7812.333166519075,7657.93913735068,154.39402916839572,7812.333166519084,7657.920582767484,154.41258375160032,-0.01855458320460457
Chen2020,Chen2020_DFN_DC03_AC0p5_1p5tauSet,Chen2020_DFN_DC03,0.5,0.8,1.5,3.28798977443008,7891.175458632187,7711.146550699298,180.02890793288861,7891.175458632192,7711.085756182425,180.08970244976717,-0.06079451687855908
Chen2020,Chen2020_DFN_DC03_AC0p5_1p5tauSet,Chen2020_DFN_DC03,0.5,0.8,1.5,3.320840729477209,7970.0177507452945,7927.432642422594,42.58510832270076,7970.017750745301,7927.4185195906075,42.59923115469337,-0.014122831992608553
Chen2020,Chen2020_DFN_DC03_AC0p5_1p5tauSet,Chen2020_DFN_DC03,0.5,0.8,1.5,3.353691684524337,8048.860042858408,7957.977100202811,90.88294265559671,8048.8600428584095,7957.963031281396,90.89701157701347,-0.014068921416765079
Chen2020,Chen2020_DFN_DC03_AC0p5_1p5tauSet,Chen2020_DFN_DC03,0.5,0.8,1.5,3.3865426395714655,8127.702334971522,7988.538875711965,139.16345925955648,8127.702334971517,7988.520970273132,139.18136469838555,-0.017905438829075138
Chen2020,Chen2020_DFN_DC03_AC0p5_1p5tauSet,Chen2020_DFN_DC03,0.5,0.8,1.5,3.4193935946185943,8206.544627084635,8028.440361901427,178.10426518320764,8206.544627084626,8028.4091491159525,178.1354779686735,-0.031212785465868365
Chen2020,Chen2020_DFN_DC03_AC0p5_1p5tauSet,Chen2020_DFN_DC03,0.5,0.8,1.5,3.4522445496657226,8285.38691919774,8258.048507202268,27.338411995471688,8285.386919197734,8258.033034465847,27.353884731886865,-0.015472736415176769
Chen2020,Chen2020_DFN_DC03_AC0p7_1p5tauSet,Chen2020_DFN_DC03,0.7,1.0,1.5,0.2,479.9999999999992,404.88862519991596,75.11137480008324,480.0,404.88702608242875,75.11297391757125,-0.00159911748801278
Chen2020,Chen2020_DFN_DC03_AC0p7_1p5tauSet,Chen2020_DFN_DC03,0.7,1.0,1.5,0.23285095504712852,558.8422921131074,429.01413306895677,129.82815904415065,558.8422921131084,429.01123731518214,129.8310547979263,-0.002895753775646881
Chen2020,Chen2020_DFN_DC03_AC0p7_1p5tauSet,Chen2020_DFN_DC03,0.7,1.0,1.5,0.26570191009425703,637.6845842262156,453.3117611078523,184.37282311836333,637.6845842262169,453.30577046318325,184.37881376303363,-0.005990644670305301
Chen2020,Chen2020_DFN_DC03_AC0p7_1p5tauSet,Chen2020_DFN_DC03,0.7,1.0,1.5,0.29855286514138557,716.5268763393238,482.39099020031836,234.1358861390055,716.5268763393254,482.3819606343732,234.14491570495227,-0.00902956594677562
Chen2020,Chen2020_DFN_DC03_AC0p7_1p5tauSet,Chen2020_DFN_DC03,0.7,1.0,1.5,0.33140382018851405,795.3691684524325,738.3202857469024,57.048882705530104,795.3691684524338,738.3189812678537,57.05018718458007,-0.0013044790499634473
Chen2020,Chen2020_DFN_DC03_AC0p7_1p5tauSet,Chen2020_DFN_DC03,0.7,1.0,1.5,0.36425477523564254,874.2114605655402,763.2051347276495,111.0063258378907,874.2114605655421,763.2015976298698,111.00986293567234,-0.0035370977816455706
Chen2020,Chen2020_DFN_DC03_AC0p7_1p5tauSet,Chen2020_DFN_DC03,0.7,1.0,1.5,0.3971057302827711,953.0537526786494,787.0628854276399,165.9908672510095,953.0537526786507,787.0574195330961,165.99633314555456,-0.005465894545068295
Chen2020,Chen2020_DFN_DC03_AC0p7_1p5tauSet,Chen2020_DFN_DC03,0.7,1.0,1.5,0.4299566853298996,1031.896044791758,813.6746528175257,218.22139197423223,1031.896044791759,813.6639064695377,218.23213832222143,-0.010746347989197602
Chen2020,Chen2020_DFN_DC03_AC0p7_1p5tauSet,Chen2020_DFN_DC03,0.7,1.0,1.5,0.4628076403770281,1110.7383369048662,856.5701970285268,254.1681398763394,1110.7383369048673,856.5380827107231,254.20025419414424,-0.03211431780482599
Chen2020,Chen2020_DFN_DC03_AC0p7_1p5tauSet,Chen2020_DFN_DC03,0.7,1.0,1.5,0.49565859542415663,1189.5806290179742,1097.28652727549,92.29410174248414,1189.580629017976,1097.282877100034,92.29775191794192,-0.0036501754577784595
Chen2020,Chen2020_DFN_DC03_AC0p7_1p5tauSet,Chen2020_DFN_DC03,0.7,1.0,1.5,0.5285095504712851,1268.4229211310821,1121.102108418199,147.32081271288325,1268.4229211310842,1121.0965910182836,147.32633011280063,-0.005517399917380317
Chen2020,Chen2020_DFN_DC03_AC0p7_1p5tauSet,Chen2020_DFN_DC03,0.7,1.0,1.5,0.5613605055184137,1347.2652132441915,1146.225401608605,201.0398116355866,1347.2652132441929,1146.215269267645,201.04994397654787,-0.010132340961263253
Chen2020,Chen2020_DFN_DC03_AC0p7_1p5tauSet,Chen2020_DFN_DC03,0.7,1.0,1.5,0.5942114605655422,1426.1075053573,1179.3124169317753,246.79508842552468,1426.1075053573013,1179.288216551749,246.81928880555233,-0.02420038002765068
Chen2020,Chen2020_DFN_DC03_AC0p7_1p5tauSet,Chen2020_DFN_DC03,0.7,1.0,1.5,0.6270624156126707,1504.9497974704093,1431.116928902008,73.83286856840118,1504.9497974704097,1431.1122611049727,73.83753636543702,-0.004667797035835974
Chen2020,Chen2020_DFN_DC03_AC0p7_1p5tauSet,Chen2020_DFN_DC03,0.7,1.0,1.5,0.6599133706597992,1583.792089583518,1455.2794714114261,128.51261817209183,1583.792089583518,1455.274153157932,128.51793642558596,-0.005318253494124292
Chen2020,Chen2020_DFN_DC03_AC0p7_1p5tauSet,Chen2020_DFN_DC03,0.7,1.0,1.5,0.6927643257069276,1662.6343816966262,1479.5314769765555,183.10290472007068,1662.6343816966262,1479.5242012499123,183.1101804467139,-0.0072757266432290635
Chen2020,Chen2020_DFN_DC03_AC0p7_1p5tauSet,Chen2020_DFN_DC03,0.7,1.0,1.5,0.7256152807540561,1741.4766738097346,1508.3940826014446,233.08259120829007,1741.4766738097348,1508.382491044063,233.0941827656718,-0.011591557381734674
Chen2020,Chen2020_DFN_DC03_AC0p7_1p5tauSet,Chen2020_DFN_DC03,0.7,1.0,1.5,0.7584662358011847,1820.3189659228444,1764.5126667412505,55.806299181593886,1820.318965922843,1764.5065147224861,55.81245120035692,-0.006152018763032174
Chen2020,Chen2020_DFN_DC03_AC0p7_1p5tauSet,Chen2020_DFN_DC03,0.7,1.0,1.5,0.7913171908483132,1899.161258035954,1789.4675408199425,109.69371721601146,1899.1612580359517,1789.461107594561,109.70015044139063,-0.006433225379169016
Chen2020,Chen2020_DFN_DC03_AC0p7_1p5tauSet,Chen2020_DFN_DC03,0.7,1.0,1.5,0.8241681458954417,1978.0035501490624,1813.3116053733684,164.69194477569408,1978.0035501490602,1813.3015228511879,164.7020272978723,-0.01008252217820882
Chen2020,Chen2020_DFN_DC03_AC0p7_1p5tauSet,Chen2020_DFN_DC03,0.7,1.0,1.5,0.8570191009425703,2056.8458422621698,1839.7895213233496,217.05632093882014,2056.8458422621684,1839.7784281189886,217.0674141431798,-0.011093204359667652
Chen2020,Chen2020_DFN_DC03_AC0p7_1p5tauSet,Chen2020_DFN_DC03,0.7,1.0,1.5,0.8898700559896988,2135.688134375277,1881.5280920779946,254.16004229728242,2135.688134375277,1881.4946564607117,254.1934779145654,-0.03343561728297573
Chen2020,Chen2020_DFN_DC03_AC0p7_1p5tauSet,Chen2020_DFN_DC03,0.7,1.0,1.5,0.9227210110368271,2214.530426488386,2123.5373890120754,90.99303747631075,2214.530426488385,2123.5297580007236,91.00066848766119,-0.007631011350440531
Chen2020,Chen2020_DFN_DC03_AC0p7_1p5tauSet,Chen2020_DFN_DC03,0.7,1.0,1.5,0.9555719660839557,2293.3727186014958,2147.363434268026,146.00928433346962,2293.3727186014935,2147.354824779463,146.0178938220306,-0.008609488560978207
Chen2020,Chen2020_DFN_DC03_AC0p7_1p5tauSet,Chen2020_DFN_DC03,0.7,1.0,1.5,0.9884229211310842,2372.2150107146044,2172.408211239622,199.80679947498265,2372.215010714602,2172.3954563667266,199.8195543478755,-0.012754872892855929
Chen2020,Chen2020_DFN_DC03_AC0p7_1p5tauSet,Chen2020_DFN_DC03,0.7,1.0,1.5,1.0212738761782127,2451.0573028277126,2205.0952042986983,245.96209852901438,2451.057302827711,2205.074807193199,245.9824956345119,-0.020397105497522716
Chen2020,Chen2020_DFN_DC03_AC0p7_1p5tauSet,Chen2020_DFN_DC03,0.7,1.0,1.5,1.0541248312253413,2529.8995949408227,2457.341460608703,72.55813433211961,2529.899594940819,2457.335412966001,72.56418197481798,-0.006047642698376876
Chen2020,Chen2020_DFN_DC03_AC0p7_1p5tauSet,Chen2020_DFN_DC03,0.7,1.0,1.5,1.0869757862724698,2608.7418870539314,2481.5463709142896,127.19551613964177,2608.7418870539277,2481.537114159324,127.2047728946036,-0.009256754961825209
Chen2020,Chen2020_DFN_DC03_AC0p7_1p5tauSet,Chen2020_DFN_DC03,0.7,1.0,1.5,1.1198267413195984,2687.5841791670396,2505.7571206486095,181.82705851843002,2687.584179167036,2505.744873124522,181.83930604251373,-0.012247524083704775
Chen2020,Chen2020_DFN_DC03_AC0p7_1p5tauSet,Chen2020_DFN_DC03,0.7,1.0,1.5,1.152677696366727,2766.426471280144,2534.4110095072188,232.0154617729254,2766.4264712801446,2534.3935177457315,232.03295353441308,-0.017491761487690383
Chen2020,Chen2020_DFN_DC03_AC0p7_1p5tauSet,Chen2020_DFN_DC03,0.7,1.0,1.5,1.1855286514138552,2845.2687633932524,2790.700784617988,54.56797877526424,2845.268763393253,2790.6906924034647,54.5780709897881,-0.01009221452386555
Chen2020,Chen2020_DFN_DC03_AC0p7_1p5tauSet,Chen2020_DFN_DC03,0.7,1.0,1.5,1.2183796064609838,2924.111055506357,2815.7293765447607,108.38167896159621,2924.111055506361,2815.7200489587126,108.39100654764843,-0.009327586052222614
Chen2020,Chen2020_DFN_DC03_AC0p7_1p5tauSet,Chen2020_DFN_DC03,0.7,1.0,1.5,1.2512305615081123,3002.9533476194656,2839.5593922631283,163.3939553563373,3002.9533476194697,2839.546950581603,163.40639703786655,-0.012441681529253401
Chen2020,Chen2020_DFN_DC03_AC0p7_1p5tauSet,Chen2020_DFN_DC03,0.7,1.0,1.5,1.2840815165552408,3081.7956397325765,2865.916011539058,215.87962819351833,3081.795639732578,2865.8986936322526,215.8969461003253,-0.017317906806965766
Chen2020,Chen2020_DFN_DC03_AC0p7_1p5tauSet,Chen2020_DFN_DC03,0.7,1.0,1.5,1.3169324716023694,3160.637931845681,2906.624859963449,254.013071882232,3160.637931845686,2906.5847161857855,254.05321565990062,-0.040143777668617986
Chen2020,Chen2020_DFN_DC03_AC0p7_1p5tauSet,Chen2020_DFN_DC03,0.7,1.0,1.5,1.349783426649498,3239.480223958793,3149.7859679983635,89.69425596042947,3239.4802239587952,3149.77537659761,89.70484736118533,-0.010591400755856739
Chen2020,Chen2020_DFN_DC03_AC0p7_1p5tauSet,Chen2020_DFN_DC03,0.7,1.0,1.5,1.3826343816966264,3318.3225160718994,3173.625111541638,144.69740453026134,3318.3225160719035,3173.61367844569,144.7088376262136,-0.011433095952270378
Chen2020,Chen2020_DFN_DC03_AC0p7_1p5tauSet,Chen2020_DFN_DC03,0.7,1.0,1.5,1.4154853367437548,3397.164808185008,3198.5936543259218,198.57115385908628,3397.164808185011,3198.5791292739777,198.58567891103348,-0.014525051947202883
Chen2020,Chen2020_DFN_DC03_AC0p7_1p5tauSet,Chen2020_DFN_DC03,0.7,1.0,1.5,1.4483362917908833,3476.0071002981176,3230.9099172985652,245.0971829995524,3476.00710029812,3230.884565414544,245.122534883576,-0.025351884023621096
Chen2020,Chen2020_DFN_DC03_AC0p7_1p5tauSet,Chen2020_DFN_DC03,0.7,1.0,1.5,1.4811872468380118,3554.849392411229,3483.566542274217,71.28285013701179,3554.8493924112286,3483.556409247256,71.29298316397262,-0.010133026960829739
Chen2020,Chen2020_DFN_DC03_AC0p7_1p5tauSet,Chen2020_DFN_DC03,0.7,1.0,1.5,1.5140382018851404,3633.691684524338,3507.81112670369,125.88055782064794,3633.6916845243372,3507.8000782639333,125.89160626040393,-0.011048439755995787
Chen2020,Chen2020_DFN_DC03_AC0p7_1p5tauSet,Chen2020_DFN_DC03,0.7,1.0,1.5,1.546889156932269,3712.533976637447,3531.983199610467,180.55077702697963,3712.5339766374454,3531.967711429827,180.56626520761847,-0.015488180638840277
Chen2020,Chen2020_DFN_DC03_AC0p7_1p5tauSet,Chen2020_DFN_DC03,0.7,1.0,1.5,1.5797401119793975,3791.3762687505523,3560.441026130865,230.93524261968741,3791.3762687505537,3560.414550789549,230.96171796100452,-0.02647534131710927
Chen2020,Chen2020_DFN_DC03_AC0p7_1p5tauSet,Chen2020_DFN_DC03,0.7,1.0,1.5,1.612591067026526,3870.218560863663,3816.8826900063987,53.335870857264126,3870.2185608636623,3816.8714013060717,53.34715955759066,-0.011288700326531398
Chen2020,Chen2020_DFN_DC03_AC0p7_1p5tauSet,Chen2020_DFN_DC03,0.7,1.0,1.5,1.6454420220736543,3949.060852976771,3841.9889679927455,107.07188498402547,3949.0608529767705,3841.9783770457357,107.08247593103488,-0.010590947009404772
Chen2020,Chen2020_DFN_DC03_AC0p7_1p5tauSet,Chen2020_DFN_DC03,0.7,1.0,1.5,1.6782929771207828,4027.9031450898806,3865.805861820204,162.0972832696766,4027.9031450898788,3865.7936485332907,162.10949655658806,-0.01221328691144663
Chen2020,Chen2020_DFN_DC03_AC0p7_1p5tauSet,Chen2020_DFN_DC03,0.7,1.0,1.5,1.7111439321679114,4106.745437202991,3892.0426099744213,214.70282722856928,4106.745437202987,3892.0244939578547,214.72094324513228,-0.018116016562998993
Chen2020,Chen2020_DFN_DC03_AC0p7_1p5tauSet,Chen2020_DFN_DC03,0.7,1.0,1.5,1.74399488721504,4185.5877293161,3931.826741101872,253.7609882142283,4185.587729316096,3931.7830828698584,253.80464644623726,-0.04365823200896557
Chen2020,Chen2020_DFN_DC03_AC0p7_1p5tauSet,Chen2020_DFN_DC03,0.7,1.0,1.5,1.7768458422621685,4264.430021429208,4176.0295376839085,88.40048374529943,4264.430021429204,4176.019678841807,88.41034258739728,-0.009858842097855813
Chen2020,Chen2020_DFN_DC03_AC0p7_1p5tauSet,Chen2020_DFN_DC03,0.7,1.0,1.5,1.809696797309297,4343.272313542315,4199.885314875044,143.38699866727075,4343.272313542313,4199.873107282149,143.39920626016374,-0.01220759289299167
Chen2020,Chen2020_DFN_DC03_AC0p7_1p5tauSet,Chen2020_DFN_DC03,0.7,1.0,1.5,1.8425477523564255,4422.114605655421,4224.780322192849,197.33428346257188,4422.114605655422,4224.76617437854,197.34843127688146,-0.014147814309581008
Chen2020,Chen2020_DFN_DC03_AC0p7_1p5tauSet,Chen2020_DFN_DC03,0.7,1.0,1.5,1.875398707403554,4500.956897768534,4256.743177904885,244.2137198636492,4500.956897768529,4256.71585555845,244.24104221007929,-0.02732234643008269
Chen2020,Chen2020_DFN_DC03_AC0p7_1p5tauSet,Chen2020_DFN_DC03,0.7,1.0,1.5,1.9082496624506826,4579.799189881645,4509.785704641075,70.01348524056993,4579.799189881638,4509.775175586918,70.02401429472047,-0.010529054150538286
Chen2020,Chen2020_DFN_DC03_AC0p7_1p5tauSet,Chen2020_DFN_DC03,0.7,1.0,1.5,1.941100617497811,4658.641481994756,4534.073942613747,124.56753938100883,4658.641481994747,4534.063003418323,124.57847857642355,-0.010939195414721326
Chen2020,Chen2020_DFN_DC03_AC0p7_1p5tauSet,Chen2020_DFN_DC03,0.7,1.0,1.5,1.9739515725449395,4737.4837741078645,4558.205834393029,179.27793971483516,4737.4837741078545,4558.192643466906,179.29113064094872,-0.013190926113566093
Chen2020,Chen2020_DFN_DC03_AC0p7_1p5tauSet,Chen2020_DFN_DC03,0.7,1.0,1.5,2.0068025275920682,4816.326066220972,4586.465573531431,229.8604926895414,4816.326066220964,4586.445133553568,229.88093266739634,-0.020439977854948665
Chen2020,Chen2020_DFN_DC03_AC0p7_1p5tauSet,Chen2020_DFN_DC03,0.7,1.0,1.5,2.0396534826391965,4895.16835833408,4843.055958699349,52.112399634731446,4895.168358334072,4843.048524215781,52.11983411829078,-0.007434483559336513
Chen2020,Chen2020_DFN_DC03_AC0p7_1p5tauSet,Chen2020_DFN_DC03,0.7,1.0,1.5,2.0725044376863253,4974.010650447186,4868.24688610723,105.76376433995574,4974.0106504471805,4868.236046770912,105.77460367626827,-0.010839336312528758
Chen2020,Chen2020_DFN_DC03_AC0p7_1p5tauSet,Chen2020_DFN_DC03,0.7,1.0,1.5,2.1053553927334536,5052.852942560292,4892.0539070320065,160.79903552828546,5052.852942560289,4892.041563457026,160.81137910326288,-0.012343574977421667
Chen2020,Chen2020_DFN_DC03_AC0p7_1p5tauSet,Chen2020_DFN_DC03,0.7,1.0,1.5,2.1382063477805824,5131.695234673402,4918.174047715231,213.5211869581717,5131.695234673398,4918.155630041756,213.53960463164185,-0.01841767347013956
Chen2020,Chen2020_DFN_DC03_AC0p7_1p5tauSet,Chen2020_DFN_DC03,0.7,1.0,1.5,2.1710573028277107,5210.53752678651,4957.109076371088,253.42845041542205,5210.537526786506,4957.071542440791,253.4659843457148,-0.03753393029273866
Chen2020,Chen2020_DFN_DC03_AC0p7_1p5tauSet,Chen2020_DFN_DC03,0.7,1.0,1.5,2.2039082578748395,5289.379818899617,5202.2719638216095,87.10785507800756,5289.379818899614,5202.262609699293,87.11720920032167,-0.009354122314107371
Chen2020,Chen2020_DFN_DC03_AC0p7_1p5tauSet,Chen2020_DFN_DC03,0.7,1.0,1.5,2.2367592129219678,5368.222111012727,5226.145063710071,142.07704730265596,5368.222111012723,5226.1330669351,142.08904407762293,-0.011996774966974044
Chen2020,Chen2020_DFN_DC03_AC0p7_1p5tauSet,Chen2020_DFN_DC03,0.7,1.0,1.5,2.2696101679690965,5447.064403125834,5250.975880594107,196.088522531727,5447.064403125832,5250.95648207754,196.10792104829125,-0.019398516564251622
Chen2020,Chen2020_DFN_DC03_AC0p7_1p5tauSet,Chen2020_DFN_DC03,0.7,1.0,1.5,2.302461123016225,5525.906695238942,5282.591863102176,243.3148321367662,5525.906695238939,5282.567217547979,243.33947769095994,-0.024645554193739372
Chen2020,Chen2020_DFN_DC03_AC0p7_1p5tauSet,Chen2020_DFN_DC03,0.7,1.0,1.5,2.335312078063353,5604.748987352053,5536.002991134632,68.74599621742072,5604.748987352047,5535.991635577595,68.75735177445222,-0.011355557031492935
Chen2020,Chen2020_DFN_DC03_AC0p7_1p5tauSet,Chen2020_DFN_DC03,0.7,1.0,1.5,2.368163033110482,5683.591279465156,5560.337305163877,123.2539743012785,5683.591279465157,5560.3258475441025,123.26543192105419,-0.01145761977568327
Chen2020,Chen2020_DFN_DC03_AC0p7_1p5tauSet,Chen2020_DFN_DC03,0.7,1.0,1.5,2.4010139881576102,5762.433571578261,5584.433185561794,178.00038601646702,5762.4335715782645,5584.419598397801,178.01397318046384,-0.013587163996817253
Chen2020,Chen2020_DFN_DC03_AC0p7_1p5tauSet,Chen2020_DFN_DC03,0.7,1.0,1.5,2.433864943204739,5841.275863691366,5612.5038444386055,228.7720192527604,5841.275863691374,5612.484839627094,228.79102406428046,-0.019004811520062503
Chen2020,Chen2020_DFN_DC03_AC0p7_1p5tauSet,Chen2020_DFN_DC03,0.7,1.0,1.5,2.4667158982518673,5920.118155804474,5869.232219087479,50.885936716994365,5920.118155804482,5869.221939455455,50.89621634902687,-0.010279632032506925
Chen2020,Chen2020_DFN_DC03_AC0p7_1p5tauSet,Chen2020_DFN_DC03,0.7,1.0,1.5,2.499566853298996,5998.960447917585,5894.504128664922,104.45631925266298,5998.9604479175905,5894.493012608942,104.46743530864842,-0.011116055985439743
Chen2020,Chen2020_DFN_DC03_AC0p7_1p5tauSet,Chen2020_DFN_DC03,0.7,1.0,1.5,2.5324178083461244,6077.802740030691,5918.303822019626,159.49891801106514,6077.802740030699,5918.290642996496,159.51209703420318,-0.013179023138036428
Chen2020,Chen2020_DFN_DC03_AC0p7_1p5tauSet,Chen2020_DFN_DC03,0.7,1.0,1.5,2.565268763393253,6156.645032143797,5944.308477383511,212.33655476028616,6156.645032143807,5944.291912142219,212.35312000158774,-0.01656524130157777
Chen2020,Chen2020_DFN_DC03_AC0p7_1p5tauSet,Chen2020_DFN_DC03,0.7,1.0,1.5,2.5981197184403815,6235.487324256899,5982.472874159683,253.01445009721647,6235.487324256916,5982.436417966587,253.05090629032838,-0.036456193111916946
Chen2020,Chen2020_DFN_DC03_AC0p7_1p5tauSet,Chen2020_DFN_DC03,0.7,1.0,1.5,2.63097067348751,6314.329616370005,6228.515652180901,85.8139641891039,6314.329616370024,6228.504113098077,85.82550327194713,-0.011539082843228243
Chen2020,Chen2020_DFN_DC03_AC0p7_1p5tauSet,Chen2020_DFN_DC03,0.7,1.0,1.5,2.6638216285346386,6393.171908483116,6252.405833155438,140.76607532767775,6393.171908483132,6252.393513400786,140.77839508234592,-0.01231975466816948
Chen2020,Chen2020_DFN_DC03_AC0p7_1p5tauSet,Chen2020_DFN_DC03,0.7,1.0,1.5,2.696672583581767,6472.014200596227,6277.165195456601,194.84900513962566,6472.014200596241,6277.149946554068,194.86425404217243,-0.015248902546773024
Chen2020,Chen2020_DFN_DC03_AC0p7_1p5tauSet,Chen2020_DFN_DC03,0.7,1.0,1.5,2.7295235386288956,6550.85649270933,6308.461394411696,242.39509829763392,6550.856492709349,6308.437341612512,242.4191510968376,-0.024052799203673203
Chen2020,Chen2020_DFN_DC03_AC0p7_1p5tauSet,Chen2020_DFN_DC03,0.7,1.0,1.5,2.762374493676024,6629.698784822435,6562.215226562325,67.48355826010993,6629.698784822457,6562.205710658396,67.493074164061,-0.009515903951069049
Chen2020,Chen2020_DFN_DC03_AC0p7_1p5tauSet,Chen2020_DFN_DC03,0.7,1.0,1.5,2.7952254487231527,6708.541076935546,6586.600705839369,121.94037109617693,6708.541076935567,6586.5885685109415,121.9525084246252,-0.012137328448261542
Chen2020,Chen2020_DFN_DC03_AC0p7_1p5tauSet,Chen2020_DFN_DC03,0.7,1.0,1.5,2.828076403770281,6787.383369048659,6610.66397222494,176.71939682371885,6787.3833690486745,6610.648507153391,176.73486189528376,-0.015465071564904065
Chen2020,Chen2020_DFN_DC03_AC0p7_1p5tauSet,Chen2020_DFN_DC03,0.7,1.0,1.5,2.8609273588174093,6866.22566116176,6638.562225322864,227.66343583889648,6866.225661161782,6638.533270057091,227.69239110469152,-0.028955265795048035
Chen2020,Chen2020_DFN_DC03_AC0p7_1p5tauSet,Chen2020_DFN_DC03,0.7,1.0,1.5,2.893778313864538,6945.067953274867,6895.4041324593445,49.66382081552274,6945.067953274891,6895.391520613707,49.67643266118375,-0.012611845661012921
Chen2020,Chen2020_DFN_DC03_AC0p7_1p5tauSet,Chen2020_DFN_DC03,0.7,1.0,1.5,2.9266292689116664,7023.910245387978,6920.760400812339,103.14984457563878,7023.910245388,6920.749228560663,103.16101682733643,-0.011172251697644242
Chen2020,Chen2020_DFN_DC03_AC0p7_1p5tauSet,Chen2020_DFN_DC03,0.7,1.0,1.5,2.959480223958795,7102.752537501085,6944.555251820734,158.19728568035043,7102.752537501109,6944.540835641291,158.21170185981828,-0.014416179467843904
Chen2020,Chen2020_DFN_DC03_AC0p7_1p5tauSet,Chen2020_DFN_DC03,0.7,1.0,1.5,2.9923311790059235,7181.594829614201,6970.451871346605,211.14295826759644,7181.594829614216,6970.433159202866,211.16167041135031,-0.018712143753873534
Chen2020,Chen2020_DFN_DC03_AC0p7_1p5tauSet,Chen2020_DFN_DC03,0.7,1.0,1.5,3.0251821340530523,7260.437121727312,7007.9184262150375,252.51869551227446,7260.437121727326,7007.8671317483795,252.56998997894607,-0.05129446667160664
Chen2020,Chen2020_DFN_DC03_AC0p7_1p5tauSet,Chen2020_DFN_DC03,0.7,1.0,1.5,3.0580330891001806,7339.2794138404215,7254.756584513803,84.5228293266182,7339.279413840434,7254.744131873054,84.53528196737989,-0.012452640761694056
Chen2020,Chen2020_DFN_DC03_AC0p7_1p5tauSet,Chen2020_DFN_DC03,0.7,1.0,1.5,3.090884044147309,7418.121705953532,7278.667515988184,139.45418996534772,7418.121705953541,7278.654402994985,139.4673029585565,-0.01311299320877879
Chen2020,Chen2020_DFN_DC03_AC0p7_1p5tauSet,Chen2020_DFN_DC03,0.7,1.0,1.5,3.1237349991944376,7496.963998066643,7303.362389723966,193.60160834267754,7496.963998066651,7303.346465569851,193.61753249679987,-0.015924154122330947
Chen2020,Chen2020_DFN_DC03_AC0p7_1p5tauSet,Chen2020_DFN_DC03,0.7,1.0,1.5,3.156585954241566,7575.80629017975,7334.355149299914,241.4511408798362,7575.8062901797575,7334.325047497488,241.4812426822691,-0.030101802432909608
Chen2020,Chen2020_DFN_DC03_AC0p7_1p5tauSet,Chen2020_DFN_DC03,0.7,1.0,1.5,3.1894369092886947,7654.648582292859,7588.429610116525,66.21897217633432,7654.648582292867,7588.417320000628,66.23126229223908,-0.012290115904761478
Chen2020,Chen2020_DFN_DC03_AC0p7_1p5tauSet,Chen2020_DFN_DC03,0.7,1.0,1.5,3.222287864335823,7733.4908744059685,7612.863476383269,120.62739802269971,7733.490874405976,7612.851124109494,120.6397502964819,-0.012352273782198608
Chen2020,Chen2020_DFN_DC03_AC0p7_1p5tauSet,Chen2020_DFN_DC03,0.7,1.0,1.5,3.255138819382952,7812.333166519075,7636.896607655964,175.4365588631117,7812.333166519084,7636.879302346069,175.45386417301506,-0.017305309903349553
Chen2020,Chen2020_DFN_DC03_AC0p7_1p5tauSet,Chen2020_DFN_DC03,0.7,1.0,1.5,3.28798977443008,7891.175458632187,7664.611958898246,226.56349973394117,7891.175458632192,7664.590050907218,226.58540772497417,-0.021907991033003782
Chen2020,Chen2020_DFN_DC03_AC0p7_1p5tauSet,Chen2020_DFN_DC03,0.7,1.0,1.5,3.320840729477209,7970.0177507452945,7921.570662644943,48.44708810035172,7970.017750745301,7921.557136252676,48.4606144926247,-0.013526392272979137
Chen2020,Chen2020_DFN_DC03_AC0p7_1p5tauSet,Chen2020_DFN_DC03,0.7,1.0,1.5,3.353691684524337,8048.860042858408,7947.016908038471,101.8431348199365,8048.8600428584095,7947.00464811888,101.8553947395294,-0.012259919592906954
Chen2020,Chen2020_DFN_DC03_AC0p7_1p5tauSet,Chen2020_DFN_DC03,0.7,1.0,1.5,3.3865426395714655,8127.702334971522,7970.806050537555,156.89628443396668,8127.702334971517,7970.792090681697,156.91024428982018,-0.013959855853499903
Chen2020,Chen2020_DFN_DC03_AC0p7_1p5tauSet,Chen2020_DFN_DC03,0.7,1.0,1.5,3.4193935946185943,8206.544627084635,7996.6013506963745,209.94327638826053,8206.544627084626,7996.5791982779565,209.96542880666948,-0.022152418408950325
Chen2020,Chen2020_DFN_DC03_AC0p7_1p5tauSet,Chen2020_DFN_DC03,0.7,1.0,1.5,3.4522445496657226,8285.38691919774,8033.391515361251,251.99540383648855,8285.386919197734,8033.355304735211,252.03161446252307,-0.03621062603451719
Ecker2015,Ecker2015_DFN_DC03_AC0p1_1p5tauSet,Ecker2015_DFN_DC03,0.1,0.4,1.5,0.2,,,,15360.0,15344.166653238743,15.833346761257417,
Ecker2015,Ecker2015_DFN_DC03_AC0p1_1p5tauSet,Ecker2015_DFN_DC03,0.1,0.4,1.5,0.19946869784633892,,,,15319.19599459883,15307.091521423796,12.10447317503349,
Ecker2015,Ecker2015_DFN_DC03_AC0p1_1p5tauSet,Ecker2015_DFN_DC03,0.1,0.4,1.5,0.1989373956926778,,,,15278.391989197655,15275.907581512816,2.4844076848385157,
Ecker2015,Ecker2015_DFN_DC03_AC0p1_1p5tauSet,Ecker2015_DFN_DC03,0.1,0.4,1.5,0.1984060935390167,,,,15237.587983796482,15234.667708448167,2.9202753483150445,
Ecker2015,Ecker2015_DFN_DC03_AC0p1_1p5tauSet,Ecker2015_DFN_DC03,0.1,0.4,1.5,0.19787479138535558,,,,15196.783978395308,15180.292091376165,16.491887019143178,
Ecker2015,Ecker2015_DFN_DC03_AC0p1_1p5tauSet,Ecker2015_DFN_DC03,0.1,0.4,1.5,0.19734348923169448,,,,15155.979972994137,15145.66124301488,10.318729979257114,
Ecker2015,Ecker2015_DFN_DC03_AC0p1_1p5tauSet,Ecker2015_DFN_DC03,0.1,0.4,1.5,0.19681218707803336,,,,15115.175967592962,15113.982505939925,1.1934616530379571,
Ecker2015,Ecker2015_DFN_DC03_AC0p1_1p5tauSet,Ecker2015_DFN_DC03,0.1,0.4,1.5,0.19628088492437226,,,,15074.37196219179,15068.338912685454,6.033049506335374,
Ecker2015,Ecker2015_DFN_DC03_AC0p1_1p5tauSet,Ecker2015_DFN_DC03,0.1,0.4,1.5,0.19574958277071114,,,,15033.567956790617,15017.246589495038,16.321367295578966,
Ecker2015,Ecker2015_DFN_DC03_AC0p1_1p5tauSet,Ecker2015_DFN_DC03,0.1,0.4,1.5,0.19521828061705004,,,,14992.763951389445,14984.313949503203,8.450001886241807,
Ecker2015,Ecker2015_DFN_DC03_AC0p1_1p5tauSet,Ecker2015_DFN_DC03,0.1,0.4,1.5,0.19468697846338892,,,,14951.959945988268,14951.64841578948,0.31153019878911437,
Ecker2015,Ecker2015_DFN_DC03_AC0p1_1p5tauSet,Ecker2015_DFN_DC03,0.1,0.4,1.5,0.19415567630972783,,,,14911.155940587096,14901.406607439376,9.74933314771988,
Ecker2015,Ecker2015_DFN_DC03_AC0p1_1p5tauSet,Ecker2015_DFN_DC03,0.1,0.4,1.5,0.1936243741560667,,,,14870.351935185923,14854.811151170275,15.54078401564766,
Ecker2015,Ecker2015_DFN_DC03_AC0p1_1p5tauSet,Ecker2015_DFN_DC03,0.1,0.4,1.5,0.1930930720024056,,,,14829.54792978475,14822.974177262411,6.573752522339419,
Ecker2015,Ecker2015_DFN_DC03_AC0p1_1p5tauSet,Ecker2015_DFN_DC03,0.1,0.4,1.5,0.19256176984874449,,,,14788.743924383576,14788.742829123852,0.0010952597240247997,
Ecker2015,Ecker2015_DFN_DC03_AC0p1_1p5tauSet,Ecker2015_DFN_DC03,0.1,0.4,1.5,0.1920304676950834,,,,14747.939918982403,14734.888495480318,13.051423502085527,
Ecker2015,Ecker2015_DFN_DC03_AC0p1_1p5tauSet,Ecker2015_DFN_DC03,0.1,0.4,1.5,0.19149916554142227,,,,14707.13591358123,14692.814262261509,14.32165131972215,
Ecker2015,Ecker2015_DFN_DC03_AC0p1_1p5tauSet,Ecker2015_DFN_DC03,0.1,0.4,1.5,0.19096786338776117,,,,14666.331908180058,14661.567062134598,4.764846045460217,
Ecker2015,Ecker2015_DFN_DC03_AC0p1_1p5tauSet,Ecker2015_DFN_DC03,0.1,0.4,1.5,0.19043656123410005,,,,14625.527902778884,14625.05612446223,0.4717783166543086,
Ecker2015,Ecker2015_DFN_DC03_AC0p1_1p5tauSet,Ecker2015_DFN_DC03,0.1,0.4,1.5,0.18990525908043895,,,,14584.723897377711,14569.459018240324,15.264879137386743,
Ecker2015,Ecker2015_DFN_DC03_AC0p1_1p5tauSet,Ecker2015_DFN_DC03,0.1,0.4,1.5,0.18937395692677783,,,,14543.919891976539,14531.12413919765,12.795752778889437,
Ecker2015,Ecker2015_DFN_DC03_AC0p1_1p5tauSet,Ecker2015_DFN_DC03,0.1,0.4,1.5,0.18884265477311674,,,,14503.115886575366,14500.012318063402,3.103568511964113,
Ecker2015,Ecker2015_DFN_DC03_AC0p1_1p5tauSet,Ecker2015_DFN_DC03,0.1,0.4,1.5,0.1883113526194556,,,,14462.31188117419,14460.347091992637,1.9647891815529874,
Ecker2015,Ecker2015_DFN_DC03_AC0p1_1p5tauSet,Ecker2015_DFN_DC03,0.1,0.4,1.5,0.18778005046579452,,,,14421.50787577302,14405.172431641251,16.33544413176969,
Ecker2015,Ecker2015_DFN_DC03_AC0p1_1p5tauSet,Ecker2015_DFN_DC03,0.1,0.4,1.5,0.1872487483121334,,,,14380.703870371844,14369.636520158445,11.06735021339955,
Ecker2015,Ecker2015_DFN_DC03_AC0p1_1p5tauSet,Ecker2015_DFN_DC03,0.1,0.4,1.5,0.1867174461584723,,,,14339.899864970672,14338.217371890381,1.6824930802904419,
Ecker2015,Ecker2015_DFN_DC03_AC0p1_1p5tauSet,Ecker2015_DFN_DC03,0.1,0.4,1.5,0.18618614400481118,,,,14299.095859569497,14294.462762512308,4.633097057188934,
Ecker2015,Ecker2015_DFN_DC03_AC0p1_1p5tauSet,Ecker2015_DFN_DC03,0.1,0.4,1.5,0.18565484185115008,,,,14258.291854168327,14241.815136473855,16.476717694471517,
Ecker2015,Ecker2015_DFN_DC03_AC0p1_1p5tauSet,Ecker2015_DFN_DC03,0.1,0.4,1.5,0.18512353969748896,,,,14217.487848767152,14208.264483562534,9.223365204617949,
Ecker2015,Ecker2015_DFN_DC03_AC0p1_1p5tauSet,Ecker2015_DFN_DC03,0.1,0.4,1.5,0.18459223754382786,,,,14176.68384336598,14176.06868714057,0.6151562254090095,
Ecker2015,Ecker2015_DFN_DC03_AC0p1_1p5tauSet,Ecker2015_DFN_DC03,0.1,0.4,1.5,0.18406093539016677,,,,14135.879837964807,14127.668196565073,8.211641399733708,
Ecker2015,Ecker2015_DFN_DC03_AC0p1_1p5tauSet,Ecker2015_DFN_DC03,0.1,0.4,1.5,0.18352963323650565,,,,14095.075832563634,14079.152334269664,15.923498293970624,
Ecker2015,Ecker2015_DFN_DC03_AC0p1_1p5tauSet,Ecker2015_DFN_DC03,0.1,0.4,1.5,0.18299833108284452,,,,14054.27182716246,14046.930582779694,7.341244382765581,
Ecker2015,Ecker2015_DFN_DC03_AC0p1_1p5tauSet,Ecker2015_DFN_DC03,0.1,0.4,1.5,0.18246702892918343,,,,14013.467821761287,14013.420613745691,0.04720801559597021,
Ecker2015,Ecker2015_DFN_DC03_AC0p1_1p5tauSet,Ecker2015_DFN_DC03,0.1,0.4,1.5,0.18193572677552233,,,,13972.663816360115,13960.860259179357,11.803557180757707,
Ecker2015,Ecker2015_DFN_DC03_AC0p1_1p5tauSet,Ecker2015_DFN_DC03,0.1,0.4,1.5,0.1814044246218612,,,,13931.859810958942,13916.993087500392,14.866723458550041,
Ecker2015,Ecker2015_DFN_DC03_AC0p1_1p5tauSet,Ecker2015_DFN_DC03,0.1,0.4,1.5,0.1808731224682001,,,,13891.055805557766,13885.560420539616,5.495385018150046,
Ecker2015,Ecker2015_DFN_DC03_AC0p1_1p5tauSet,Ecker2015_DFN_DC03,0.1,0.4,1.5,0.180341820314539,,,,13850.251800156593,13850.083426022746,0.1683741338474647,
Ecker2015,Ecker2015_DFN_DC03_AC0p1_1p5tauSet,Ecker2015_DFN_DC03,0.1,0.4,1.5,0.1798105181608779,,,,13809.447794755424,13794.947254408127,14.50054034729692,
Ecker2015,Ecker2015_DFN_DC03_AC0p1_1p5tauSet,Ecker2015_DFN_DC03,0.1,0.4,1.5,0.17927921600721677,,,,13768.643789354248,13755.190781459896,13.453007894351686,
Ecker2015,Ecker2015_DFN_DC03_AC0p1_1p5tauSet,Ecker2015_DFN_DC03,0.1,0.4,1.5,0.17874791385355568,,,,13727.839783953075,13724.076701010354,3.7630829427216668,
Ecker2015,Ecker2015_DFN_DC03_AC0p1_1p5tauSet,Ecker2015_DFN_DC03,0.1,0.4,1.5,0.17821661169989456,,,,13687.0357785519,13685.823093125831,1.2126854260695836,
Ecker2015,Ecker2015_DFN_DC03_AC0p1_1p5tauSet,Ecker2015_DFN_DC03,0.1,0.4,1.5,0.17768530954623346,,,,13646.23177315073,13630.20979743911,16.021975711619234,
Ecker2015,Ecker2015_DFN_DC03_AC0p1_1p5tauSet,Ecker2015_DFN_DC03,0.1,0.4,1.5,0.17715400739257234,,,,13605.427767749556,13593.63122234955,11.796545400005925,
Ecker2015,Ecker2015_DFN_DC03_AC0p1_1p5tauSet,Ecker2015_DFN_DC03,0.1,0.4,1.5,0.17662270523891124,,,,13564.623762348383,13562.39282770662,2.23093464176236,
Ecker2015,Ecker2015_DFN_DC03_AC0p1_1p5tauSet,Ecker2015_DFN_DC03,0.1,0.4,1.5,0.17609140308525012,,,,13523.81975694721,13520.423496233705,3.3962607135053986,
Ecker2015,Ecker2015_DFN_DC03_AC0p1_1p5tauSet,Ecker2015_DFN_DC03,0.1,0.4,1.5,0.17556010093158902,,,,13483.015751546038,13466.500466815676,16.5152847303616,
Ecker2015,Ecker2015_DFN_DC03_AC0p1_1p5tauSet,Ecker2015_DFN_DC03,0.1,0.4,1.5,0.1750287987779279,,,,13442.211746144863,13432.221427706922,9.990318437941824,
Ecker2015,Ecker2015_DFN_DC03_AC0p1_1p5tauSet,Ecker2015_DFN_DC03,0.1,0.4,1.5,0.1744974966242668,,,,13401.40774074369,13400.405086119981,1.0026546237095317,
Ecker2015,Ecker2015_DFN_DC03_AC0p1_1p5tauSet,Ecker2015_DFN_DC03,0.1,0.4,1.5,0.17396619447060568,,,,13360.603735342518,13353.92733575024,6.676399592277448,
Ecker2015,Ecker2015_DFN_DC03_AC0p1_1p5tauSet,Ecker2015_DFN_DC03,0.1,0.4,1.5,0.1734348923169446,,,,13319.799729941346,13303.5780903486,16.221639592746214,
Ecker2015,Ecker2015_DFN_DC03_AC0p1_1p5tauSet,Ecker2015_DFN_DC03,0.1,0.4,1.5,0.17290359016328347,,,,13278.99572454017,13270.880893253663,8.11483128650616,
Ecker2015,Ecker2015_DFN_DC03_AC0p1_1p5tauSet,Ecker2015_DFN_DC03,0.1,0.4,1.5,0.17237228800962237,,,,13238.191719138997,13237.982526349566,0.2091927894307446,
Ecker2015,Ecker2015_DFN_DC03_AC0p1_1p5tauSet,Ecker2015_DFN_DC03,0.1,0.4,1.5,0.17184098585596125,,,,13197.387713737824,13186.992542474947,10.39517126287683,
Ecker2015,Ecker2015_DFN_DC03_AC0p1_1p5tauSet,Ecker2015_DFN_DC03,0.1,0.4,1.5,0.17130968370230015,,,,13156.583708336651,13141.23186034318,15.351847993471893,
Ecker2015,Ecker2015_DFN_DC03_AC0p1_1p5tauSet,Ecker2015_DFN_DC03,0.1,0.4,1.5,0.17077838154863903,,,,13115.779702935477,13109.534694152177,6.245008783300364,
Ecker2015,Ecker2015_DFN_DC03_AC0p1_1p5tauSet,Ecker2015_DFN_DC03,0.1,0.4,1.5,0.17024707939497793,,,,13074.975697534304,13074.95477222367,0.020925310634993366,
Ecker2015,Ecker2015_DFN_DC03_AC0p1_1p5tauSet,Ecker2015_DFN_DC03,0.1,0.4,1.5,0.1697157772413168,,,,13034.171692133132,13020.639063023631,13.532629109500704,
Ecker2015,Ecker2015_DFN_DC03_AC0p1_1p5tauSet,Ecker2015_DFN_DC03,0.1,0.4,1.5,0.16918447508765572,,,,12993.36768673196,12979.298204527224,14.069482204735323,
Ecker2015,Ecker2015_DFN_DC03_AC0p1_1p5tauSet,Ecker2015_DFN_DC03,0.1,0.4,1.5,0.16865317293399462,,,,12952.563681330786,12948.107454100757,4.456227230029981,
Ecker2015,Ecker2015_DFN_DC03_AC0p1_1p5tauSet,Ecker2015_DFN_DC03,0.1,0.4,1.5,0.1681218707803335,,,,12911.759675929614,12911.103948972795,0.6557269568183983,
Ecker2015,Ecker2015_DFN_DC03_AC0p1_1p5tauSet,Ecker2015_DFN_DC03,0.1,0.4,1.5,0.16759056862667238,,,,12870.95567052844,12855.421625923633,15.534044604806695,
Ecker2015,Ecker2015_DFN_DC03_AC0p1_1p5tauSet,Ecker2015_DFN_DC03,0.1,0.4,1.5,0.16705926647301128,,,,12830.151665127267,12817.651091931666,12.500573195600737,
Ecker2015,Ecker2015_DFN_DC03_AC0p1_1p5tauSet,Ecker2015_DFN_DC03,0.1,0.4,1.5,0.16652796431935019,,,,12789.347659726094,12786.51724352078,2.830416205313668,
Ecker2015,Ecker2015_DFN_DC03_AC0p1_1p5tauSet,Ecker2015_DFN_DC03,0.1,0.4,1.5,0.16599666216568906,,,,12748.543654324922,12746.19071790916,2.3529364157620876,
Ecker2015,Ecker2015_DFN_DC03_AC0p1_1p5tauSet,Ecker2015_DFN_DC03,0.1,0.4,1.5,0.16546536001202794,,,,12707.739648923745,12691.318303597736,16.421345326009032,
Ecker2015,Ecker2015_DFN_DC03_AC0p1_1p5tauSet,Ecker2015_DFN_DC03,0.1,0.4,1.5,0.16493405785836684,,,,12666.935643522573,12656.190013019937,10.745630502635322,
Ecker2015,Ecker2015_DFN_DC03_AC0p1_1p5tauSet,Ecker2015_DFN_DC03,0.1,0.4,1.5,0.16440275570470575,,,,12626.1316381214,12624.668462720725,1.463175400675027,
Ecker2015,Ecker2015_DFN_DC03_AC0p1_1p5tauSet,Ecker2015_DFN_DC03,0.1,0.4,1.5,0.16387145355104463,,,,12585.327632720227,12580.106467272992,5.221165447235762,
Ecker2015,Ecker2015_DFN_DC03_AC0p1_1p5tauSet,Ecker2015_DFN_DC03,0.1,0.4,1.5,0.1633401513973835,,,,12544.523627319053,12528.100637150217,16.422990168835895,
Ecker2015,Ecker2015_DFN_DC03_AC0p1_1p5tauSet,Ecker2015_DFN_DC03,0.1,0.4,1.5,0.1628088492437224,,,,12503.71962191788,12494.830251564079,8.889370353801496,
Ecker2015,Ecker2015_DFN_DC03_AC0p1_1p5tauSet,Ecker2015_DFN_DC03,0.1,0.4,1.5,0.1622775470900613,,,,12462.915616516708,12462.442751136965,0.4728653797428706,
Ecker2015,Ecker2015_DFN_DC03_AC0p1_1p5tauSet,Ecker2015_DFN_DC03,0.1,0.4,1.5,0.1617462449364002,,,,12422.111611115535,12413.230477919968,8.8811331955676,
Ecker2015,Ecker2015_DFN_DC03_AC0p1_1p5tauSet,Ecker2015_DFN_DC03,0.1,0.4,1.5,0.1612149427827391,,,,12381.307605714363,12365.539920163239,15.767685551123577,
Ecker2015,Ecker2015_DFN_DC03_AC0p1_1p5tauSet,Ecker2015_DFN_DC03,0.1,0.4,1.5,0.16068364062907797,,,,12340.503600313188,12333.495346788215,7.008253524973043,
Ecker2015,Ecker2015_DFN_DC03_AC0p1_1p5tauSet,Ecker2015_DFN_DC03,0.1,0.4,1.5,0.16015233847541688,,,,12299.699594912017,12299.687434612837,0.012160299180322909,
Ecker2015,Ecker2015_DFN_DC03_AC0p1_1p5tauSet,Ecker2015_DFN_DC03,0.1,0.4,1.5,0.15962103632175575,12258.895589510907,12246.579504978617,12.316084532289096,12258.895589510843,12246.530243372985,12.365346137858069,-0.0492616055689723
Ecker2015,Ecker2015_DFN_DC03_AC0p1_1p5tauSet,Ecker2015_DFN_DC03,0.1,0.4,1.5,0.15908973416809466,12218.091584109725,12203.481091028345,14.6104930813799,12218.09158410967,12203.453759777347,14.637824332323362,-0.027331250943461782
Ecker2015,Ecker2015_DFN_DC03_AC0p1_1p5tauSet,Ecker2015_DFN_DC03,0.1,0.4,1.5,0.15855843201443354,12177.287578708558,12172.132818340744,5.154760367813651,12177.287578708494,12172.110821654056,5.176757054437985,-0.02199668662433396
Ecker2015,Ecker2015_DFN_DC03_AC0p1_1p5tauSet,Ecker2015_DFN_DC03,0.1,0.4,1.5,0.15802712986077244,12136.483573307383,12136.227686102906,0.25588720447740343,12136.483573307325,12136.204149447185,0.27942386014001386,-0.02353665566261043
Ecker2015,Ecker2015_DFN_DC03_AC0p1_1p5tauSet,Ecker2015_DFN_DC03,0.1,0.4,1.5,0.15749582770711132,12095.67956790621,12080.86651467165,14.813053234560357,12095.679567906149,12080.823714379363,14.855853526785722,-0.04280029222536541
Ecker2015,Ecker2015_DFN_DC03_AC0p1_1p5tauSet,Ecker2015_DFN_DC03,0.1,0.4,1.5,0.15696452555345022,12054.875562505042,12041.727525474593,13.148037030448904,12054.875562504976,12041.702220324996,13.173342179979954,-0.02530514953105012
Ecker2015,Ecker2015_DFN_DC03_AC0p1_1p5tauSet,Ecker2015_DFN_DC03,0.1,0.4,1.5,0.1564332233997891,12014.071557103864,12010.618265183739,3.453291920124684,12014.071557103802,12010.598222384111,3.4733347196906834,-0.020042799565999303
Ecker2015,Ecker2015_DFN_DC03_AC0p1_1p5tauSet,Ecker2015_DFN_DC03,0.1,0.4,1.5,0.155901921246128,11973.267551702684,11971.788985556723,1.47856614596094,11973.267551702631,11971.754208612385,1.5133430902460532,-0.03477694428511313
Ecker2015,Ecker2015_DFN_DC03_AC0p1_1p5tauSet,Ecker2015_DFN_DC03,0.1,0.4,1.5,0.15537061909246688,11932.463546301504,11916.321640843924,16.141905457579924,11932.463546301457,11916.285594479494,16.17795182196278,-0.036046364382855245
Ecker2015,Ecker2015_DFN_DC03_AC0p1_1p5tauSet,Ecker2015_DFN_DC03,0.1,0.4,1.5,0.1548393169388058,11891.659540900322,11880.200564092862,11.458976807460203,11891.659540900284,11880.17562655981,11.483914340473348,-0.024937533013144275
Ecker2015,Ecker2015_DFN_DC03_AC0p1_1p5tauSet,Ecker2015_DFN_DC03,0.1,0.4,1.5,0.15430801478514466,11850.855535499148,11848.891253832307,1.9642816668401792,11850.855535499111,11848.868536295497,1.9869992036146868,-0.022717536774507607
Ecker2015,Ecker2015_DFN_DC03_AC0p1_1p5tauSet,Ecker2015_DFN_DC03,0.1,0.4,1.5,0.15377671263148357,11810.051530097979,11806.181845299938,3.8696847980409075,11810.051530097939,11806.142826302856,3.9087037950830563,-0.03901899704214884
Ecker2015,Ecker2015_DFN_DC03_AC0p1_1p5tauSet,Ecker2015_DFN_DC03,0.1,0.4,1.5,0.15324541047782247,11769.247524696804,11752.765334693253,16.482190003551295,11769.247524696766,11752.733612139205,16.513912557560616,-0.03172255400932045
Ecker2015,Ecker2015_DFN_DC03_AC0p1_1p5tauSet,Ecker2015_DFN_DC03,0.1,0.4,1.5,0.15271410832416135,11728.443519295635,11718.806066663978,9.637452631657652,11728.443519295592,11718.783787971222,9.659731324369204,-0.02227869271155214
Ecker2015,Ecker2015_DFN_DC03_AC0p1_1p5tauSet,Ecker2015_DFN_DC03,0.1,0.4,1.5,0.15218280617050023,11687.639513894454,11686.835962914653,0.8035509798010025,11687.639513894419,11686.814021405788,0.8254924886314257,-0.021941508830423118
Ecker2015,Ecker2015_DFN_DC03_AC0p1_1p5tauSet,Ecker2015_DFN_DC03,0.1,0.4,1.5,0.15165150401683913,11646.835508493275,11639.542365347823,7.293143145452632,11646.835508493246,11639.500593027802,7.334915465444283,-0.041772319991650875
Ecker2015,Ecker2015_DFN_DC03_AC0p1_1p5tauSet,Ecker2015_DFN_DC03,0.1,0.4,1.5,0.15112020186317804,11606.0315030921,11589.955687953536,16.075815138563485,11606.031503092074,11589.927678316437,16.103824775636895,-0.028009637073409976
Ecker2015,Ecker2015_DFN_DC03_AC0p1_1p5tauSet,Ecker2015_DFN_DC03,0.1,0.4,1.5,0.15058889970951692,11565.227497690921,11557.467988362732,7.759509328188869,11565.227497690898,11557.447659056279,7.7798386346185,-0.020329306429630378
Ecker2015,Ecker2015_DFN_DC03_AC0p1_1p5tauSet,Ecker2015_DFN_DC03,0.1,0.4,1.5,0.1500575975558558,11524.423492289741,11524.319403897418,0.10408839232331957,11524.423492289725,11524.29763420408,0.12585808564472245,-0.021769693321402883
Ecker2015,Ecker2015_DFN_DC03_AC0p1_1p5tauSet,Ecker2015_DFN_DC03,0.1,0.4,1.5,0.1495262954021947,11483.619486888569,11472.638758992685,10.98072789588332,11483.619486888552,11472.598490497576,11.020996390976507,-0.040268495093187084
Ecker2015,Ecker2015_DFN_DC03_AC0p1_1p5tauSet,Ecker2015_DFN_DC03,0.1,0.4,1.5,0.1489949932485336,11442.815481487396,11427.690895397802,15.124586089594231,11442.81548148738,11427.66551643482,15.14996505256022,-0.02537896296598774
Ecker2015,Ecker2015_DFN_DC03_AC0p1_1p5tauSet,Ecker2015_DFN_DC03,0.1,0.4,1.5,0.14846369109487248,11402.011476086209,11396.109715265053,5.901760821156131,11402.011476086207,11396.092665480106,5.918810606101033,-0.017049784944902058
Ecker2015,Ecker2015_DFN_DC03_AC0p1_1p5tauSet,Ecker2015_DFN_DC03,0.1,0.4,1.5,0.14793238894121136,11361.207470685036,11361.162017342132,0.04545334290378378,11361.207470685033,11361.140787876631,0.06668280840131047,-0.02122946549752669
Ecker2015,Ecker2015_DFN_DC03_AC0p1_1p5tauSet,Ecker2015_DFN_DC03,0.1,0.4,1.5,0.14740108678755026,11320.403465283856,11306.462322765561,13.941142518295237,11320.40346528386,11306.427155724536,13.976309559324363,-0.03516704102912627
Ecker2015,Ecker2015_DFN_DC03_AC0p2_1p5tauSet,Ecker2015_DFN_DC03,0.2,0.5,1.5,0.2,,,,15360.0,15327.52687605114,32.47312394885921,
Ecker2015,Ecker2015_DFN_DC03_AC0p2_1p5tauSet,Ecker2015_DFN_DC03,0.2,0.5,1.5,0.19946869784633892,,,,15319.19599459883,15299.653632414542,19.542362184287413,
Ecker2015,Ecker2015_DFN_DC03_AC0p2_1p5tauSet,Ecker2015_DFN_DC03,0.2,0.5,1.5,0.1989373956926778,,,,15278.391989197655,15274.206232453047,4.1857567446077155,
Ecker2015,Ecker2015_DFN_DC03_AC0p2_1p5tauSet,Ecker2015_DFN_DC03,0.2,0.5,1.5,0.1984060935390167,,,,15237.587983796482,15228.031132837012,9.556850959470466,
Ecker2015,Ecker2015_DFN_DC03_AC0p2_1p5tauSet,Ecker2015_DFN_DC03,0.2,0.5,1.5,0.19787479138535558,,,,15196.783978395308,15165.813369936333,30.97060845897431,
Ecker2015,Ecker2015_DFN_DC03_AC0p2_1p5tauSet,Ecker2015_DFN_DC03,0.2,0.5,1.5,0.19734348923169448,,,,15155.979972994137,15139.44363071097,16.53634228316696,
Ecker2015,Ecker2015_DFN_DC03_AC0p2_1p5tauSet,Ecker2015_DFN_DC03,0.2,0.5,1.5,0.19681218707803336,,,,15115.175967592962,15113.088423911382,2.087543681580428,
Ecker2015,Ecker2015_DFN_DC03_AC0p2_1p5tauSet,Ecker2015_DFN_DC03,0.2,0.5,1.5,0.19628088492437226,,,,15074.37196219179,15051.037169183059,23.33479300873114,
Ecker2015,Ecker2015_DFN_DC03_AC0p2_1p5tauSet,Ecker2015_DFN_DC03,0.2,0.5,1.5,0.19574958277071114,,,,15033.567956790617,15004.689724628328,28.87823216228935,
Ecker2015,Ecker2015_DFN_DC03_AC0p2_1p5tauSet,Ecker2015_DFN_DC03,0.2,0.5,1.5,0.19521828061705004,,,,14992.763951389445,14979.234006064942,13.529945324502478,
Ecker2015,Ecker2015_DFN_DC03_AC0p2_1p5tauSet,Ecker2015_DFN_DC03,0.2,0.5,1.5,0.19468697846338892,,,,14951.959945988268,14951.383947426066,0.5759985622025852,
Ecker2015,Ecker2015_DFN_DC03_AC0p2_1p5tauSet,Ecker2015_DFN_DC03,0.2,0.5,1.5,0.19415567630972783,,,,14911.155940587096,14880.527588042947,30.628352544148584,
Ecker2015,Ecker2015_DFN_DC03_AC0p2_1p5tauSet,Ecker2015_DFN_DC03,0.2,0.5,1.5,0.1936243741560667,,,,14870.351935185923,14843.95332342156,26.398611764363523,
Ecker2015,Ecker2015_DFN_DC03_AC0p2_1p5tauSet,Ecker2015_DFN_DC03,0.2,0.5,1.5,0.1930930720024056,,,,14829.54792978475,14818.962876878353,10.585052906397323,
Ecker2015,Ecker2015_DFN_DC03_AC0p2_1p5tauSet,Ecker2015_DFN_DC03,0.2,0.5,1.5,0.19256176984874449,,,,14788.743924383576,14788.741721825723,0.0022025578527973266,
Ecker2015,Ecker2015_DFN_DC03_AC0p2_1p5tauSet,Ecker2015_DFN_DC03,0.2,0.5,1.5,0.1920304676950834,,,,14747.939918982403,14715.097341792774,32.84257718962908,
Ecker2015,Ecker2015_DFN_DC03_AC0p2_1p5tauSet,Ecker2015_DFN_DC03,0.2,0.5,1.5,0.19149916554142227,,,,14707.13591358123,14683.473311830196,23.662601751035254,
Ecker2015,Ecker2015_DFN_DC03_AC0p2_1p5tauSet,Ecker2015_DFN_DC03,0.2,0.5,1.5,0.19096786338776117,,,,14666.331908180058,14658.56180489036,7.770103289698454,
Ecker2015,Ecker2015_DFN_DC03_AC0p2_1p5tauSet,Ecker2015_DFN_DC03,0.2,0.5,1.5,0.19043656123410005,,,,14625.527902778884,14624.44354968292,1.084353095964616,
Ecker2015,Ecker2015_DFN_DC03_AC0p2_1p5tauSet,Ecker2015_DFN_DC03,0.2,0.5,1.5,0.18990525908043895,,,,14584.723897377711,14551.87797563967,32.84592173804049,
Ecker2015,Ecker2015_DFN_DC03_AC0p2_1p5tauSet,Ecker2015_DFN_DC03,0.2,0.5,1.5,0.18937395692677783,,,,14543.919891976539,14523.156150243738,20.763741732800554,
Ecker2015,Ecker2015_DFN_DC03_AC0p2_1p5tauSet,Ecker2015_DFN_DC03,0.2,0.5,1.5,0.18884265477311674,,,,14503.115886575366,14497.947267308888,5.168619266478345,
Ecker2015,Ecker2015_DFN_DC03_AC0p2_1p5tauSet,Ecker2015_DFN_DC03,0.2,0.5,1.5,0.1883113526194556,,,,14462.31188117419,14456.655062094262,5.656819079928027,
Ecker2015,Ecker2015_DFN_DC03_AC0p2_1p5tauSet,Ecker2015_DFN_DC03,0.2,0.5,1.5,0.18778005046579452,,,,14421.50787577302,14389.832810766738,31.67506500628224,
Ecker2015,Ecker2015_DFN_DC03_AC0p2_1p5tauSet,Ecker2015_DFN_DC03,0.2,0.5,1.5,0.1872487483121334,,,,14380.703870371844,14362.928251353427,17.775619018417274,
Ecker2015,Ecker2015_DFN_DC03_AC0p2_1p5tauSet,Ecker2015_DFN_DC03,0.2,0.5,1.5,0.1867174461584723,,,,14339.899864970672,14337.007086809264,2.8927781614074775,
Ecker2015,Ecker2015_DFN_DC03_AC0p2_1p5tauSet,Ecker2015_DFN_DC03,0.2,0.5,1.5,0.18618614400481118,,,,14299.095859569497,14281.334424596367,17.761434973130235,
Ecker2015,Ecker2015_DFN_DC03_AC0p2_1p5tauSet,Ecker2015_DFN_DC03,0.2,0.5,1.5,0.18565484185115008,,,,14258.291854168327,14228.497207412165,29.794646756161455,
Ecker2015,Ecker2015_DFN_DC03_AC0p2_1p5tauSet,Ecker2015_DFN_DC03,0.2,0.5,1.5,0.18512353969748896,,,,14217.487848767152,14202.725823462099,14.762025305053612,
Ecker2015,Ecker2015_DFN_DC03_AC0p2_1p5tauSet,Ecker2015_DFN_DC03,0.2,0.5,1.5,0.18459223754382786,,,,14176.68384336598,14175.575105553346,1.10873781263399,
Ecker2015,Ecker2015_DFN_DC03_AC0p2_1p5tauSet,Ecker2015_DFN_DC03,0.2,0.5,1.5,0.18406093539016677,,,,14135.879837964807,14107.34865592623,28.531182038577754,
Ecker2015,Ecker2015_DFN_DC03_AC0p2_1p5tauSet,Ecker2015_DFN_DC03,0.2,0.5,1.5,0.18352963323650565,,,,14095.075832563634,14067.620467427269,27.4553651363658,
Ecker2015,Ecker2015_DFN_DC03_AC0p2_1p5tauSet,Ecker2015_DFN_DC03,0.2,0.5,1.5,0.18299833108284452,,,,14054.27182716246,14042.48772848545,11.784098677009752,
Ecker2015,Ecker2015_DFN_DC03_AC0p2_1p5tauSet,Ecker2015_DFN_DC03,0.2,0.5,1.5,0.18246702892918343,,,,14013.467821761287,14013.37651837609,0.09130338519753423,
Ecker2015,Ecker2015_DFN_DC03_AC0p2_1p5tauSet,Ecker2015_DFN_DC03,0.2,0.5,1.5,0.18193572677552233,,,,13972.663816360115,13940.36641389328,32.29740246683468,
Ecker2015,Ecker2015_DFN_DC03_AC0p2_1p5tauSet,Ecker2015_DFN_DC03,0.2,0.5,1.5,0.1814044246218612,,,,13931.859810958942,13907.047990123454,24.811820835488106,
Ecker2015,Ecker2015_DFN_DC03_AC0p2_1p5tauSet,Ecker2015_DFN_DC03,0.2,0.5,1.5,0.1808731224682001,,,,13891.055805557766,13882.14909509676,8.906710461005787,
Ecker2015,Ecker2015_DFN_DC03_AC0p2_1p5tauSet,Ecker2015_DFN_DC03,0.2,0.5,1.5,0.180341820314539,,,,13850.251800156593,13849.888436097976,0.3633640586176625,
Ecker2015,Ecker2015_DFN_DC03_AC0p2_1p5tauSet,Ecker2015_DFN_DC03,0.2,0.5,1.5,0.1798105181608779,,,,13809.447794755424,13776.42187674507,33.02591801035487,
Ecker2015,Ecker2015_DFN_DC03_AC0p2_1p5tauSet,Ecker2015_DFN_DC03,0.2,0.5,1.5,0.17927921600721677,,,,13768.643789354248,13746.673643225085,21.97014612916246,
Ecker2015,Ecker2015_DFN_DC03_AC0p2_1p5tauSet,Ecker2015_DFN_DC03,0.2,0.5,1.5,0.17874791385355568,,,,13727.839783953075,13721.6338619051,6.2059220479750365,
Ecker2015,Ecker2015_DFN_DC03_AC0p2_1p5tauSet,Ecker2015_DFN_DC03,0.2,0.5,1.5,0.17821661169989456,,,,13687.0357785519,13683.899793704106,3.1359848477950436,
Ecker2015,Ecker2015_DFN_DC03_AC0p2_1p5tauSet,Ecker2015_DFN_DC03,0.2,0.5,1.5,0.17768530954623346,,,,13646.23177315073,13613.969934188899,32.26183896183102,
Ecker2015,Ecker2015_DFN_DC03_AC0p2_1p5tauSet,Ecker2015_DFN_DC03,0.2,0.5,1.5,0.17715400739257234,,,,13605.427767749556,13586.417146658096,19.010621091460052,
Ecker2015,Ecker2015_DFN_DC03_AC0p2_1p5tauSet,Ecker2015_DFN_DC03,0.2,0.5,1.5,0.17662270523891124,,,,13564.623762348383,13560.843803824186,3.7799585241973546,
Ecker2015,Ecker2015_DFN_DC03_AC0p2_1p5tauSet,Ecker2015_DFN_DC03,0.2,0.5,1.5,0.17609140308525012,,,,13523.81975694721,13512.05089225149,11.768864695721277,
Ecker2015,Ecker2015_DFN_DC03_AC0p2_1p5tauSet,Ecker2015_DFN_DC03,0.2,0.5,1.5,0.17556010093158902,,,,13483.015751546038,13452.381200003236,30.634551542802,
Ecker2015,Ecker2015_DFN_DC03_AC0p2_1p5tauSet,Ecker2015_DFN_DC03,0.2,0.5,1.5,0.1750287987779279,,,,13442.211746144863,13426.211655229354,16.000090915509645,
Ecker2015,Ecker2015_DFN_DC03_AC0p2_1p5tauSet,Ecker2015_DFN_DC03,0.2,0.5,1.5,0.1744974966242668,,,,13401.40774074369,13399.639277155375,1.7684635883160809,
Ecker2015,Ecker2015_DFN_DC03_AC0p2_1p5tauSet,Ecker2015_DFN_DC03,0.2,0.5,1.5,0.17396619447060568,,,,13360.603735342518,13335.359552101856,25.244183240662096,
Ecker2015,Ecker2015_DFN_DC03_AC0p2_1p5tauSet,Ecker2015_DFN_DC03,0.2,0.5,1.5,0.1734348923169446,,,,13319.799729941346,13291.33849761162,28.461232329726045,
Ecker2015,Ecker2015_DFN_DC03_AC0p2_1p5tauSet,Ecker2015_DFN_DC03,0.2,0.5,1.5,0.17290359016328347,,,,13278.99572454017,13265.995714953347,13.000009586821761,
Ecker2015,Ecker2015_DFN_DC03_AC0p2_1p5tauSet,Ecker2015_DFN_DC03,0.2,0.5,1.5,0.17237228800962237,,,,13238.191719138997,13237.800096707742,0.39162243125429086,
Ecker2015,Ecker2015_DFN_DC03_AC0p2_1p5tauSet,Ecker2015_DFN_DC03,0.2,0.5,1.5,0.17184098585596125,,,,13197.387713737824,13166.118480511735,31.269233226088545,
Ecker2015,Ecker2015_DFN_DC03_AC0p2_1p5tauSet,Ecker2015_DFN_DC03,0.2,0.5,1.5,0.17130968370230015,,,,13156.583708336651,13130.655864070548,25.92784426610342,
Ecker2015,Ecker2015_DFN_DC03_AC0p2_1p5tauSet,Ecker2015_DFN_DC03,0.2,0.5,1.5,0.17077838154863903,,,,13115.779702935477,13105.70678769757,10.072915237906273,
Ecker2015,Ecker2015_DFN_DC03_AC0p2_1p5tauSet,Ecker2015_DFN_DC03,0.2,0.5,1.5,0.17024707939497793,,,,13074.975697534304,13074.932798276077,0.0428992582274077,
Ecker2015,Ecker2015_DFN_DC03_AC0p2_1p5tauSet,Ecker2015_DFN_DC03,0.2,0.5,1.5,0.1697157772413168,,,,13034.171692133132,13001.209241703798,32.96245042933333,
Ecker2015,Ecker2015_DFN_DC03_AC0p2_1p5tauSet,Ecker2015_DFN_DC03,0.2,0.5,1.5,0.16918447508765572,,,,12993.36768673196,12970.21090198824,23.15678474371998,
Ecker2015,Ecker2015_DFN_DC03_AC0p2_1p5tauSet,Ecker2015_DFN_DC03,0.2,0.5,1.5,0.16865317293399462,,,,12952.563681330786,12945.274469228689,7.289212102097736,
Ecker2015,Ecker2015_DFN_DC03_AC0p2_1p5tauSet,Ecker2015_DFN_DC03,0.2,0.5,1.5,0.1681218707803335,,,,12911.759675929614,12910.203939800433,1.5557361291812413,
Ecker2015,Ecker2015_DFN_DC03_AC0p2_1p5tauSet,Ecker2015_DFN_DC03,0.2,0.5,1.5,0.16759056862667238,,,,12870.95567052844,12838.249746615626,32.70592391281389,
Ecker2015,Ecker2015_DFN_DC03_AC0p2_1p5tauSet,Ecker2015_DFN_DC03,0.2,0.5,1.5,0.16705926647301128,,,,12830.151665127267,12809.91460105043,20.23706407683676,
Ecker2015,Ecker2015_DFN_DC03_AC0p2_1p5tauSet,Ecker2015_DFN_DC03,0.2,0.5,1.5,0.16652796431935019,,,,12789.347659726094,12784.611350895384,4.736308830710186,
Ecker2015,Ecker2015_DFN_DC03_AC0p2_1p5tauSet,Ecker2015_DFN_DC03,0.2,0.5,1.5,0.16599666216568906,,,,12748.543654324922,12741.397795792594,7.145858532327111,
Ecker2015,Ecker2015_DFN_DC03_AC0p2_1p5tauSet,Ecker2015_DFN_DC03,0.2,0.5,1.5,0.16546536001202794,,,,12707.739648923745,12676.356071251983,31.383577671762396,
Ecker2015,Ecker2015_DFN_DC03_AC0p2_1p5tauSet,Ecker2015_DFN_DC03,0.2,0.5,1.5,0.16493405785836684,,,,12666.935643522573,12649.695733374429,17.23991014814419,
Ecker2015,Ecker2015_DFN_DC03_AC0p2_1p5tauSet,Ecker2015_DFN_DC03,0.2,0.5,1.5,0.16440275570470575,,,,12626.1316381214,12623.598019680912,2.5336184404877713,
Ecker2015,Ecker2015_DFN_DC03_AC0p2_1p5tauSet,Ecker2015_DFN_DC03,0.2,0.5,1.5,0.16387145355104463,,,,12585.327632720227,12564.986166320547,20.34146639968094,
Ecker2015,Ecker2015_DFN_DC03_AC0p2_1p5tauSet,Ecker2015_DFN_DC03,0.2,0.5,1.5,0.1633401513973835,,,,12544.523627319053,12515.116683723558,29.40694359549525,
Ecker2015,Ecker2015_DFN_DC03_AC0p2_1p5tauSet,Ecker2015_DFN_DC03,0.2,0.5,1.5,0.1628088492437224,,,,12503.71962191788,12489.49145522486,14.228166693021194,
Ecker2015,Ecker2015_DFN_DC03_AC0p2_1p5tauSet,Ecker2015_DFN_DC03,0.2,0.5,1.5,0.1622775470900613,,,,12462.915616516708,12462.054331620433,0.8612848962748103,
Ecker2015,Ecker2015_DFN_DC03_AC0p2_1p5tauSet,Ecker2015_DFN_DC03,0.2,0.5,1.5,0.1617462449364002,,,,12422.111611115535,12392.553648687668,29.557962427867096,
Ecker2015,Ecker2015_DFN_DC03_AC0p2_1p5tauSet,Ecker2015_DFN_DC03,0.2,0.5,1.5,0.1612149427827391,,,,12381.307605714363,12354.303533619921,27.004072094441653,
Ecker2015,Ecker2015_DFN_DC03_AC0p2_1p5tauSet,Ecker2015_DFN_DC03,0.2,0.5,1.5,0.16068364062907797,,,,12340.503600313188,12329.240437831595,11.263162481593099,
Ecker2015,Ecker2015_DFN_DC03_AC0p2_1p5tauSet,Ecker2015_DFN_DC03,0.2,0.5,1.5,0.16015233847541688,,,,12299.699594912017,12299.675696944167,0.02389796785064391,
Ecker2015,Ecker2015_DFN_DC03_AC0p2_1p5tauSet,Ecker2015_DFN_DC03,0.2,0.5,1.5,0.15962103632175575,12258.895589510907,,,12258.895589510843,12226.311833852405,32.58375565843744,
Ecker2015,Ecker2015_DFN_DC03_AC0p2_1p5tauSet,Ecker2015_DFN_DC03,0.2,0.5,1.5,0.15908973416809466,12218.091584109725,,,12218.09158410967,12193.773085201468,24.318498908201946,
Ecker2015,Ecker2015_DFN_DC03_AC0p2_1p5tauSet,Ecker2015_DFN_DC03,0.2,0.5,1.5,0.15855843201443354,12177.287578708558,12168.865314937499,8.422263771059079,12177.287578708494,12168.876427159395,8.411151549098577,0.011112221960502211
Ecker2015,Ecker2015_DFN_DC03_AC0p2_1p5tauSet,Ecker2015_DFN_DC03,0.2,0.5,1.5,0.15802712986077244,12136.483573307383,12135.838647442424,0.6449258649590774,12136.483573307325,12135.864898704034,0.6186746032908559,0.02625126166822156
Ecker2015,Ecker2015_DFN_DC03_AC0p2_1p5tauSet,Ecker2015_DFN_DC03,0.2,0.5,1.5,0.15749582770711132,12095.67956790621,12062.699072111018,32.98049579519284,12095.679567906149,12062.704970134399,32.97459777175027,0.005898023442568956
Ecker2015,Ecker2015_DFN_DC03_AC0p2_1p5tauSet,Ecker2015_DFN_DC03,0.2,0.5,1.5,0.15696452555345022,12054.875562505042,12033.420062968047,21.455499536994466,12054.875562504976,12033.425047246043,21.450515258933592,0.004984278060874203
Ecker2015,Ecker2015_DFN_DC03_AC0p2_1p5tauSet,Ecker2015_DFN_DC03,0.2,0.5,1.5,0.1564332233997891,12014.071557103864,12008.309974893295,5.761582210569031,12014.071557103802,12008.320377515241,5.751179588560262,0.010402622008768958
Ecker2015,Ecker2015_DFN_DC03_AC0p2_1p5tauSet,Ecker2015_DFN_DC03,0.2,0.5,1.5,0.155901921246128,11973.267551702684,11969.15179896205,4.11575274063398,11973.267551702631,11969.179507878436,4.088043824194756,0.027708916439223685
Ecker2015,Ecker2015_DFN_DC03_AC0p2_1p5tauSet,Ecker2015_DFN_DC03,0.2,0.5,1.5,0.15537061909246688,11932.463546301504,11900.44063160617,32.022914695333384,11932.463546301457,11900.439587330691,32.02395897076531,-0.0010442754319228698
Ecker2015,Ecker2015_DFN_DC03_AC0p2_1p5tauSet,Ecker2015_DFN_DC03,0.2,0.5,1.5,0.1548393169388058,11891.659540900322,11873.176150648846,18.48339025147652,11891.659540900284,11873.182260055915,18.47728084436858,0.006109407107942388
Ecker2015,Ecker2015_DFN_DC03_AC0p2_1p5tauSet,Ecker2015_DFN_DC03,0.2,0.5,1.5,0.15430801478514466,11850.855535499148,11847.450735408596,3.404800090551362,11850.855535499111,11847.468463223271,3.3870722758401826,0.017727814711179235
Ecker2015,Ecker2015_DFN_DC03_AC0p2_1p5tauSet,Ecker2015_DFN_DC03,0.2,0.5,1.5,0.15377671263148357,11810.051530097979,11795.750423571524,14.301106526454532,11810.051530097939,11795.784034826847,14.26749527109132,0.03361125536321197
Ecker2015,Ecker2015_DFN_DC03_AC0p2_1p5tauSet,Ecker2015_DFN_DC03,0.2,0.5,1.5,0.15324541047782247,11769.247524696804,11738.9618105644,30.285714132403882,11769.247524696766,11738.965986974099,30.281537722667053,0.004176409736828646
Ecker2015,Ecker2015_DFN_DC03_AC0p2_1p5tauSet,Ecker2015_DFN_DC03,0.2,0.5,1.5,0.15271410832416135,11728.443519295635,11712.973461297513,15.470057998121774,11728.443519295592,11712.979352099566,15.4641671960253,0.005890802096473635
Ecker2015,Ecker2015_DFN_DC03_AC0p2_1p5tauSet,Ecker2015_DFN_DC03,0.2,0.5,1.5,0.15218280617050023,11687.639513894454,11686.159535551733,1.479978342720642,11687.639513894419,11686.170464522878,1.4690493715406774,0.01092897117996472
Ecker2015,Ecker2015_DFN_DC03_AC0p2_1p5tauSet,Ecker2015_DFN_DC03,0.2,0.5,1.5,0.15165150401683913,11646.835508493275,11619.982843132153,26.85266536112249,11646.835508493246,11619.992866568246,26.842641925000862,0.010023436121628038
Ecker2015,Ecker2015_DFN_DC03_AC0p2_1p5tauSet,Ecker2015_DFN_DC03,0.2,0.5,1.5,0.15112020186317804,11606.0315030921,11578.000095302808,28.031407789290824,11606.031503092074,11577.998501871352,28.033001220721417,-0.001593431430592318
Ecker2015,Ecker2015_DFN_DC03_AC0p2_1p5tauSet,Ecker2015_DFN_DC03,0.2,0.5,1.5,0.15058889970951692,11565.227497690921,11552.749500526808,12.477997164112821,11565.227497690898,11552.755135848793,12.472361842104874,0.005635322007947252
Ecker2015,Ecker2015_DFN_DC03_AC0p2_1p5tauSet,Ecker2015_DFN_DC03,0.2,0.5,1.5,0.1500575975558558,11524.423492289741,11524.168474483644,0.2550178060973849,11524.423492289725,11524.18470091586,0.23879137386575167,0.016226432231633225
Ecker2015,Ecker2015_DFN_DC03_AC0p2_1p5tauSet,Ecker2015_DFN_DC03,0.2,0.5,1.5,0.1495262954021947,11483.619486888569,11451.832071822228,31.787415066341055,11483.619486888552,11451.835625991498,31.783860897054183,0.003554169286871911
Ecker2015,Ecker2015_DFN_DC03_AC0p2_1p5tauSet,Ecker2015_DFN_DC03,0.2,0.5,1.5,0.1489949932485336,11442.815481487396,11417.363135994852,25.452345492543827,11442.81548148738,11417.36583734632,25.449644141059252,0.002701351484574843
Ecker2015,Ecker2015_DFN_DC03_AC0p2_1p5tauSet,Ecker2015_DFN_DC03,0.2,0.5,1.5,0.14846369109487248,11402.011476086209,11392.440726204371,9.5707498818374,11402.011476086207,11392.446207096777,9.565268989430479,0.005480892406922067
Ecker2015,Ecker2015_DFN_DC03_AC0p2_1p5tauSet,Ecker2015_DFN_DC03,0.2,0.5,1.5,0.14793238894121136,11361.207470685036,11361.050037032934,0.15743365210255433,11361.207470685033,11361.067869131522,0.13960155351014691,0.01783209859240742
Ecker2015,Ecker2015_DFN_DC03_AC0p2_1p5tauSet,Ecker2015_DFN_DC03,0.2,0.5,1.5,0.14740108678755026,11320.403465283856,11287.37861234828,33.02485293557584,11320.40346528386,11287.379688923762,33.023776360098054,0.0010765754777821712
Ecker2015,Ecker2015_DFN_DC03_AC0p3_1p5tauSet,Ecker2015_DFN_DC03,0.3,0.6,1.5,0.2,,,,15360.0,15316.42780394384,43.572196056160465,
Ecker2015,Ecker2015_DFN_DC03_AC0p3_1p5tauSet,Ecker2015_DFN_DC03,0.3,0.6,1.5,0.19946869784633892,,,,15319.19599459883,15294.75516313895,24.44083145987861,
Ecker2015,Ecker2015_DFN_DC03_AC0p3_1p5tauSet,Ecker2015_DFN_DC03,0.3,0.6,1.5,0.1989373956926778,,,,15278.391989197655,15272.934614536489,5.457374661165886,
Ecker2015,Ecker2015_DFN_DC03_AC0p3_1p5tauSet,Ecker2015_DFN_DC03,0.3,0.6,1.5,0.1984060935390167,,,,15237.587983796482,15191.401851346329,46.18613245015331,
Ecker2015,Ecker2015_DFN_DC03_AC0p3_1p5tauSet,Ecker2015_DFN_DC03,0.3,0.6,1.5,0.19787479138535558,,,,15196.783978395308,15156.356272503324,40.42770589198335,
Ecker2015,Ecker2015_DFN_DC03_AC0p3_1p5tauSet,Ecker2015_DFN_DC03,0.3,0.6,1.5,0.19734348923169448,,,,15155.979972994137,15135.300095629962,20.6798773641749,
Ecker2015,Ecker2015_DFN_DC03_AC0p3_1p5tauSet,Ecker2015_DFN_DC03,0.3,0.6,1.5,0.19681218707803336,,,,15115.175967592962,15112.380332828234,2.795634764728675,
Ecker2015,Ecker2015_DFN_DC03_AC0p3_1p5tauSet,Ecker2015_DFN_DC03,0.3,0.6,1.5,0.19628088492437226,,,,15074.37196219179,15024.922284176095,49.4496780156951,
Ecker2015,Ecker2015_DFN_DC03_AC0p3_1p5tauSet,Ecker2015_DFN_DC03,0.3,0.6,1.5,0.19574958277071114,,,,15033.567956790617,14996.54728928724,37.0206675033769,
Ecker2015,Ecker2015_DFN_DC03_AC0p3_1p5tauSet,Ecker2015_DFN_DC03,0.3,0.6,1.5,0.19521828061705004,,,,14992.763951389445,14975.796212273066,16.967739116378652,
Ecker2015,Ecker2015_DFN_DC03_AC0p3_1p5tauSet,Ecker2015_DFN_DC03,0.3,0.6,1.5,0.19468697846338892,,,,14951.959945988268,14951.154887956998,0.8050580312701641,
Ecker2015,Ecker2015_DFN_DC03_AC0p3_1p5tauSet,Ecker2015_DFN_DC03,0.3,0.6,1.5,0.19415567630972783,,,,14911.155940587096,14862.085607839093,49.07033274800233,
Ecker2015,Ecker2015_DFN_DC03_AC0p3_1p5tauSet,Ecker2015_DFN_DC03,0.3,0.6,1.5,0.1936243741560667,,,,14870.351935185923,14836.913754702979,33.43818048294452,
Ecker2015,Ecker2015_DFN_DC03_AC0p3_1p5tauSet,Ecker2015_DFN_DC03,0.3,0.6,1.5,0.1930930720024056,,,,14829.54792978475,14816.193778561865,13.354151222885775,
Ecker2015,Ecker2015_DFN_DC03_AC0p3_1p5tauSet,Ecker2015_DFN_DC03,0.3,0.6,1.5,0.19256176984874449,,,,14788.743924383576,14788.740602238486,0.003322145090351114,
Ecker2015,Ecker2015_DFN_DC03_AC0p3_1p5tauSet,Ecker2015_DFN_DC03,0.3,0.6,1.5,0.1920304676950834,,,,14747.939918982403,14700.646107651639,47.29381133076458,
Ecker2015,Ecker2015_DFN_DC03_AC0p3_1p5tauSet,Ecker2015_DFN_DC03,0.3,0.6,1.5,0.19149916554142227,,,,14707.13591358123,14677.39162995607,29.744283625161188,
Ecker2015,Ecker2015_DFN_DC03_AC0p3_1p5tauSet,Ecker2015_DFN_DC03,0.3,0.6,1.5,0.19096786338776117,,,,14666.331908180058,14656.43238801533,9.899520164728528,
Ecker2015,Ecker2015_DFN_DC03_AC0p3_1p5tauSet,Ecker2015_DFN_DC03,0.3,0.6,1.5,0.19043656123410005,,,,14625.527902778884,14623.579424872525,1.9484779063586757,
Ecker2015,Ecker2015_DFN_DC03_AC0p3_1p5tauSet,Ecker2015_DFN_DC03,0.3,0.6,1.5,0.18990525908043895,,,,14584.723897377711,14539.963330958373,44.76056641933792,
Ecker2015,Ecker2015_DFN_DC03_AC0p3_1p5tauSet,Ecker2015_DFN_DC03,0.3,0.6,1.5,0.18937395692677783,,,,14543.919891976539,14517.929298507897,25.990593468641237,
Ecker2015,Ecker2015_DFN_DC03_AC0p3_1p5tauSet,Ecker2015_DFN_DC03,0.3,0.6,1.5,0.18884265477311674,,,,14503.115886575366,14496.431645662284,6.684240913082249,
Ecker2015,Ecker2015_DFN_DC03_AC0p3_1p5tauSet,Ecker2015_DFN_DC03,0.3,0.6,1.5,0.1883113526194556,,,,14462.31188117419,14421.707014621868,40.604866552321255,
Ecker2015,Ecker2015_DFN_DC03_AC0p3_1p5tauSet,Ecker2015_DFN_DC03,0.3,0.6,1.5,0.18778005046579452,,,,14421.50787577302,14379.749557188843,41.75831858417769,
Ecker2015,Ecker2015_DFN_DC03_AC0p3_1p5tauSet,Ecker2015_DFN_DC03,0.3,0.6,1.5,0.1872487483121334,,,,14380.703870371844,14358.48116036026,22.22271001158515,
Ecker2015,Ecker2015_DFN_DC03_AC0p3_1p5tauSet,Ecker2015_DFN_DC03,0.3,0.6,1.5,0.1867174461584723,,,,14339.899864970672,14336.07372623741,3.826138733262269,
Ecker2015,Ecker2015_DFN_DC03_AC0p3_1p5tauSet,Ecker2015_DFN_DC03,0.3,0.6,1.5,0.18618614400481118,,,,14299.095859569497,14250.260433219259,48.83542635023878,
Ecker2015,Ecker2015_DFN_DC03_AC0p3_1p5tauSet,Ecker2015_DFN_DC03,0.3,0.6,1.5,0.18565484185115008,,,,14258.291854168327,14219.845035843415,38.446818324911874,
Ecker2015,Ecker2015_DFN_DC03_AC0p3_1p5tauSet,Ecker2015_DFN_DC03,0.3,0.6,1.5,0.18512353969748896,,,,14217.487848767152,14199.00298013775,18.484868629402627,
Ecker2015,Ecker2015_DFN_DC03_AC0p3_1p5tauSet,Ecker2015_DFN_DC03,0.3,0.6,1.5,0.18459223754382786,,,,14176.68384336598,14175.165210623134,1.5186327428455115,
Ecker2015,Ecker2015_DFN_DC03_AC0p3_1p5tauSet,Ecker2015_DFN_DC03,0.3,0.6,1.5,0.18406093539016677,,,,14135.879837964807,14086.423132003649,49.45670596115815,
Ecker2015,Ecker2015_DFN_DC03_AC0p3_1p5tauSet,Ecker2015_DFN_DC03,0.3,0.6,1.5,0.18352963323650565,,,,14095.075832563634,14060.148128908291,34.927703655343066,
Ecker2015,Ecker2015_DFN_DC03_AC0p3_1p5tauSet,Ecker2015_DFN_DC03,0.3,0.6,1.5,0.18299833108284452,,,,14054.27182716246,14039.447605578152,14.824221584307452,
Ecker2015,Ecker2015_DFN_DC03_AC0p3_1p5tauSet,Ecker2015_DFN_DC03,0.3,0.6,1.5,0.18246702892918343,,,,14013.467821761287,14013.33517352488,0.13264823640747636,
Ecker2015,Ecker2015_DFN_DC03_AC0p3_1p5tauSet,Ecker2015_DFN_DC03,0.3,0.6,1.5,0.18193572677552233,,,,13972.663816360115,13924.524046067309,48.13977029280613,
Ecker2015,Ecker2015_DFN_DC03_AC0p3_1p5tauSet,Ecker2015_DFN_DC03,0.3,0.6,1.5,0.1814044246218612,,,,13931.859810958942,13900.586983743573,31.272827215369034,
Ecker2015,Ecker2015_DFN_DC03_AC0p3_1p5tauSet,Ecker2015_DFN_DC03,0.3,0.6,1.5,0.1808731224682001,,,,13891.055805557766,13879.759881912772,11.295923644993309,
Ecker2015,Ecker2015_DFN_DC03_AC0p3_1p5tauSet,Ecker2015_DFN_DC03,0.3,0.6,1.5,0.180341820314539,,,,13850.251800156593,13849.657537573577,0.594262583015734,
Ecker2015,Ecker2015_DFN_DC03_AC0p3_1p5tauSet,Ecker2015_DFN_DC03,0.3,0.6,1.5,0.1798105181608779,,,,13809.447794755424,13763.576785349367,45.871009406057055,
Ecker2015,Ecker2015_DFN_DC03_AC0p3_1p5tauSet,Ecker2015_DFN_DC03,0.3,0.6,1.5,0.17927921600721677,,,,13768.643789354248,13741.105817129284,27.537972224963596,
Ecker2015,Ecker2015_DFN_DC03_AC0p3_1p5tauSet,Ecker2015_DFN_DC03,0.3,0.6,1.5,0.17874791385355568,,,,13727.839783953075,13719.86912384101,7.970660112065161,
Ecker2015,Ecker2015_DFN_DC03_AC0p3_1p5tauSet,Ecker2015_DFN_DC03,0.3,0.6,1.5,0.17821661169989456,,,,13687.0357785519,13679.3211133656,7.714665186300408,
Ecker2015,Ecker2015_DFN_DC03_AC0p3_1p5tauSet,Ecker2015_DFN_DC03,0.3,0.6,1.5,0.17768530954623346,,,,13646.23177315073,13603.19447613829,43.03729701244083,
Ecker2015,Ecker2015_DFN_DC03_AC0p3_1p5tauSet,Ecker2015_DFN_DC03,0.3,0.6,1.5,0.17715400739257234,,,,13605.427767749556,13581.657180915874,23.77058683368159,
Ecker2015,Ecker2015_DFN_DC03_AC0p3_1p5tauSet,Ecker2015_DFN_DC03,0.3,0.6,1.5,0.17662270523891124,,,,13564.623762348383,13559.675879474975,4.947882873408162,
Ecker2015,Ecker2015_DFN_DC03_AC0p3_1p5tauSet,Ecker2015_DFN_DC03,0.3,0.6,1.5,0.17609140308525012,,,,13523.81975694721,13476.494902825345,47.32485412186543,
Ecker2015,Ecker2015_DFN_DC03_AC0p3_1p5tauSet,Ecker2015_DFN_DC03,0.3,0.6,1.5,0.17556010093158902,,,,13483.015751546038,13443.1775400231,39.838211522937854,
Ecker2015,Ecker2015_DFN_DC03_AC0p3_1p5tauSet,Ecker2015_DFN_DC03,0.3,0.6,1.5,0.1750287987779279,,,,13442.211746144863,13422.196792245875,20.014953898988097,
Ecker2015,Ecker2015_DFN_DC03_AC0p3_1p5tauSet,Ecker2015_DFN_DC03,0.3,0.6,1.5,0.1744974966242668,,,,13401.40774074369,13399.024829579546,2.3829111641443887,
Ecker2015,Ecker2015_DFN_DC03_AC0p3_1p5tauSet,Ecker2015_DFN_DC03,0.3,0.6,1.5,0.17396619447060568,,,,13360.603735342518,13311.064776215733,49.5389591267849,
Ecker2015,Ecker2015_DFN_DC03_AC0p3_1p5tauSet,Ecker2015_DFN_DC03,0.3,0.6,1.5,0.1734348923169446,,,,13319.799729941346,13283.405267177404,36.39446276394119,
Ecker2015,Ecker2015_DFN_DC03_AC0p3_1p5tauSet,Ecker2015_DFN_DC03,0.3,0.6,1.5,0.17290359016328347,,,,13278.99572454017,13262.679239327203,16.316485212966654,
Ecker2015,Ecker2015_DFN_DC03_AC0p3_1p5tauSet,Ecker2015_DFN_DC03,0.3,0.6,1.5,0.17237228800962237,,,,13238.191719138997,13237.638707069662,0.5530120693347271,
Ecker2015,Ecker2015_DFN_DC03_AC0p3_1p5tauSet,Ecker2015_DFN_DC03,0.3,0.6,1.5,0.17184098585596125,,,,13197.387713737824,13148.55746701241,48.83024672541433,
Ecker2015,Ecker2015_DFN_DC03_AC0p3_1p5tauSet,Ecker2015_DFN_DC03,0.3,0.6,1.5,0.17130968370230015,,,,13156.583708336651,13123.795760099714,32.787948236937154,
Ecker2015,Ecker2015_DFN_DC03_AC0p3_1p5tauSet,Ecker2015_DFN_DC03,0.3,0.6,1.5,0.17077838154863903,,,,13115.779702935477,13103.05338120714,12.726321728336188,
Ecker2015,Ecker2015_DFN_DC03_AC0p3_1p5tauSet,Ecker2015_DFN_DC03,0.3,0.6,1.5,0.17024707939497793,,,,13074.975697534304,13074.9096722278,0.06602530650525296,
Ecker2015,Ecker2015_DFN_DC03_AC0p3_1p5tauSet,Ecker2015_DFN_DC03,0.3,0.6,1.5,0.1697157772413168,,,,13034.171692133132,12987.283813722232,46.88787841090016,
Ecker2015,Ecker2015_DFN_DC03_AC0p3_1p5tauSet,Ecker2015_DFN_DC03,0.3,0.6,1.5,0.16918447508765572,,,,12993.36768673196,12964.287797651035,29.07988908092375,
Ecker2015,Ecker2015_DFN_DC03_AC0p3_1p5tauSet,Ecker2015_DFN_DC03,0.3,0.6,1.5,0.16865317293399462,,,,12952.563681330786,12943.256087801376,9.307593529410951,
Ecker2015,Ecker2015_DFN_DC03_AC0p3_1p5tauSet,Ecker2015_DFN_DC03,0.3,0.6,1.5,0.1681218707803335,,,,12911.759675929614,12908.791539725933,2.9681362036808423,
Ecker2015,Ecker2015_DFN_DC03_AC0p3_1p5tauSet,Ecker2015_DFN_DC03,0.3,0.6,1.5,0.16759056862667238,,,,12870.95567052844,12826.700299680295,44.255370848144594,
Ecker2015,Ecker2015_DFN_DC03_AC0p3_1p5tauSet,Ecker2015_DFN_DC03,0.3,0.6,1.5,0.16705926647301128,,,,12830.151665127267,12804.831228059753,25.32043706751392,
Ecker2015,Ecker2015_DFN_DC03_AC0p3_1p5tauSet,Ecker2015_DFN_DC03,0.3,0.6,1.5,0.16652796431935019,,,,12789.347659726094,12783.201938578119,6.145721147975564,
Ecker2015,Ecker2015_DFN_DC03_AC0p3_1p5tauSet,Ecker2015_DFN_DC03,0.3,0.6,1.5,0.16599666216568906,,,,12748.543654324922,12704.714480782139,43.82917354278288,
Ecker2015,Ecker2015_DFN_DC03_AC0p3_1p5tauSet,Ecker2015_DFN_DC03,0.3,0.6,1.5,0.16546536001202794,,,,12707.739648923745,12666.550966283186,41.18868264055891,
Ecker2015,Ecker2015_DFN_DC03_AC0p3_1p5tauSet,Ecker2015_DFN_DC03,0.3,0.6,1.5,0.16493405785836684,,,,12666.935643522573,12645.381008193312,21.554635329261146,
Ecker2015,Ecker2015_DFN_DC03_AC0p3_1p5tauSet,Ecker2015_DFN_DC03,0.3,0.6,1.5,0.16440275570470575,,,,12626.1316381214,12622.763413620158,3.3682245012423664,
Ecker2015,Ecker2015_DFN_DC03_AC0p3_1p5tauSet,Ecker2015_DFN_DC03,0.3,0.6,1.5,0.16387145355104463,,,,12585.327632720227,12536.145053676819,49.18257904340862,
Ecker2015,Ecker2015_DFN_DC03_AC0p3_1p5tauSet,Ecker2015_DFN_DC03,0.3,0.6,1.5,0.1633401513973835,,,,12544.523627319053,12506.689682596118,37.833944722935485,
Ecker2015,Ecker2015_DFN_DC03_AC0p3_1p5tauSet,Ecker2015_DFN_DC03,0.3,0.6,1.5,0.1628088492437224,,,,12503.71962191788,12485.892704024982,17.826917892898564,
Ecker2015,Ecker2015_DFN_DC03_AC0p3_1p5tauSet,Ecker2015_DFN_DC03,0.3,0.6,1.5,0.1622775470900613,,,,12462.915616516708,12461.726200853298,1.189415663409818,
Ecker2015,Ecker2015_DFN_DC03_AC0p3_1p5tauSet,Ecker2015_DFN_DC03,0.3,0.6,1.5,0.1617462449364002,,,,12422.111611115535,12372.790221074316,49.321390041219274,
Ecker2015,Ecker2015_DFN_DC03_AC0p3_1p5tauSet,Ecker2015_DFN_DC03,0.3,0.6,1.5,0.1612149427827391,,,,12381.307605714363,12347.02157319413,34.286032520232766,
Ecker2015,Ecker2015_DFN_DC03_AC0p3_1p5tauSet,Ecker2015_DFN_DC03,0.3,0.6,1.5,0.16068364062907797,,,,12340.503600313188,12326.3181558373,14.18544447588829,
Ecker2015,Ecker2015_DFN_DC03_AC0p3_1p5tauSet,Ecker2015_DFN_DC03,0.3,0.6,1.5,0.16015233847541688,,,,12299.699594912017,12299.664355245113,0.03523966690408997,
Ecker2015,Ecker2015_DFN_DC03_AC0p3_1p5tauSet,Ecker2015_DFN_DC03,0.3,0.6,1.5,0.15962103632175575,12258.895589510907,,,12258.895589510843,12211.10465948743,47.79093002341324,
Ecker2015,Ecker2015_DFN_DC03_AC0p3_1p5tauSet,Ecker2015_DFN_DC03,0.3,0.6,1.5,0.15908973416809466,12218.091584109725,,,12218.09158410967,12187.478405943059,30.61317816661176,
Ecker2015,Ecker2015_DFN_DC03_AC0p3_1p5tauSet,Ecker2015_DFN_DC03,0.3,0.6,1.5,0.15855843201443354,12177.287578708558,,,12177.287578708494,12166.600104108438,10.687474600055793,
Ecker2015,Ecker2015_DFN_DC03_AC0p3_1p5tauSet,Ecker2015_DFN_DC03,0.3,0.6,1.5,0.15802712986077244,12136.483573307383,12135.318538187154,1.1650351202297315,12136.483573307325,12135.435592374024,1.0479809333010053,0.11705418692872627
Ecker2015,Ecker2015_DFN_DC03_AC0p3_1p5tauSet,Ecker2015_DFN_DC03,0.3,0.6,1.5,0.15749582770711132,12095.67956790621,12050.249575785658,45.429992120552924,12095.679567906149,12050.278344585246,45.40122332090323,0.02876879964969703
Ecker2015,Ecker2015_DFN_DC03_AC0p3_1p5tauSet,Ecker2015_DFN_DC03,0.3,0.6,1.5,0.15696452555345022,12054.875562505042,12027.979064351757,26.896498153284483,12054.875562504976,12028.006341425718,26.86922107925784,0.027277074026642367
Ecker2015,Ecker2015_DFN_DC03_AC0p3_1p5tauSet,Ecker2015_DFN_DC03,0.3,0.6,1.5,0.1564332233997891,12014.071557103864,12006.628184781435,7.443372322428331,12014.071557103802,12006.663962234612,7.407594869189779,0.03577745323855197
Ecker2015,Ecker2015_DFN_DC03_AC0p3_1p5tauSet,Ecker2015_DFN_DC03,0.3,0.6,1.5,0.155901921246128,11973.267551702684,11959.099766135001,14.167785567682586,11973.267551702631,11959.658741827145,13.608809875486259,0.5589756921963271
Ecker2015,Ecker2015_DFN_DC03_AC0p3_1p5tauSet,Ecker2015_DFN_DC03,0.3,0.6,1.5,0.15537061909246688,11932.463546301504,11889.943028451353,42.52051785015101,11932.463546301457,11889.972515289768,42.49103101168839,0.029486838462617015
Ecker2015,Ecker2015_DFN_DC03_AC0p3_1p5tauSet,Ecker2015_DFN_DC03,0.3,0.6,1.5,0.1548393169388058,11891.659540900322,11868.531346831658,23.128194068664016,11891.659540900284,11868.558829948048,23.100710952236113,0.027483116427902132
Ecker2015,Ecker2015_DFN_DC03_AC0p3_1p5tauSet,Ecker2015_DFN_DC03,0.3,0.6,1.5,0.15430801478514466,11850.855535499148,11846.358888313194,4.496647185953407,11850.855535499111,11846.402949048319,4.452586450792296,0.04406073516111064
Ecker2015,Ecker2015_DFN_DC03_AC0p3_1p5tauSet,Ecker2015_DFN_DC03,0.3,0.6,1.5,0.15377671263148357,11810.051530097979,11761.857198220134,48.19433187784489,11810.051530097939,11761.923640790586,48.127889307352234,0.06644257049265434
Ecker2015,Ecker2015_DFN_DC03_AC0p3_1p5tauSet,Ecker2015_DFN_DC03,0.3,0.6,1.5,0.15324541047782247,11769.247524696804,11729.97953890555,39.26798579125352,11769.247524696766,11730.006449235443,39.24107546132291,0.026910329930615262
Ecker2015,Ecker2015_DFN_DC03_AC0p3_1p5tauSet,Ecker2015_DFN_DC03,0.3,0.6,1.5,0.15271410832416135,11728.443519295635,11709.063529572662,19.379989722972823,11728.443519295592,11709.091695835275,19.351823460316155,0.02816626265666855
Ecker2015,Ecker2015_DFN_DC03_AC0p3_1p5tauSet,Ecker2015_DFN_DC03,0.3,0.6,1.5,0.15218280617050023,11687.639513894454,11685.605011774804,2.0345021196499147,11687.639513894419,11685.646780732859,1.9927331615599542,0.041768958089960506
Ecker2015,Ecker2015_DFN_DC03_AC0p3_1p5tauSet,Ecker2015_DFN_DC03,0.3,0.6,1.5,0.15165150401683913,11646.835508493275,11597.264056781583,49.571451711692134,11646.835508493246,11597.287924928052,49.547583565194145,0.023868146497989073
Ecker2015,Ecker2015_DFN_DC03_AC0p3_1p5tauSet,Ecker2015_DFN_DC03,0.3,0.6,1.5,0.15112020186317804,11606.0315030921,11570.242449779613,35.78905331248643,11606.031503092074,11570.268340348812,35.763162743262,0.025890569224429782
Ecker2015,Ecker2015_DFN_DC03_AC0p3_1p5tauSet,Ecker2015_DFN_DC03,0.3,0.6,1.5,0.15058889970951692,11565.227497690921,11549.529949020765,15.697548670155811,11565.227497690898,11549.55887189428,15.668625796617562,0.028922873538249405
Ecker2015,Ecker2015_DFN_DC03_AC0p3_1p5tauSet,Ecker2015_DFN_DC03,0.3,0.6,1.5,0.1500575975558558,11524.423492289741,11524.027984662238,0.3955076275033207,11524.423492289725,11524.08242510897,0.3410671807541803,0.05444044674914039
Ecker2015,Ecker2015_DFN_DC03_AC0p3_1p5tauSet,Ecker2015_DFN_DC03,0.3,0.6,1.5,0.1495262954021947,11483.619486888569,11435.050983445852,48.568503442716974,11483.619486888552,11435.066350145098,48.55313674345416,0.0153666992628132
Ecker2015,Ecker2015_DFN_DC03_AC0p3_1p5tauSet,Ecker2015_DFN_DC03,0.3,0.6,1.5,0.1489949932485336,11442.815481487396,11410.657284193336,32.1581972940603,11442.81548148738,11410.680948491363,32.13453299601679,0.023664298043513554
Ecker2015,Ecker2015_DFN_DC03_AC0p3_1p5tauSet,Ecker2015_DFN_DC03,0.3,0.6,1.5,0.14846369109487248,11402.011476086209,11389.877624948269,12.133851137939928,11402.011476086207,11389.907618343164,12.103857743042681,0.029993394897246617
Ecker2015,Ecker2015_DFN_DC03_AC0p3_1p5tauSet,Ecker2015_DFN_DC03,0.3,0.6,1.5,0.14793238894121136,11361.207470685036,11360.913257385922,0.2942132991138351,11361.207470685033,11360.98751408816,0.21995659687308944,0.07425670224074565
Ecker2015,Ecker2015_DFN_DC03_AC0p3_1p5tauSet,Ecker2015_DFN_DC03,0.3,0.6,1.5,0.14740108678755026,11320.403465283856,11273.913190708066,46.490274575789954,11320.40346528386,11273.942726226003,46.4607390578567,0.029535517933254596
Ecker2015,Ecker2015_DFN_DC03_AC0p36_1p5tauSet,Ecker2015_DFN_DC03,0.36,0.6599999999999999,1.5,0.2,,,,15360.0,15311.74990955495,48.250090445049864,
Ecker2015,Ecker2015_DFN_DC03_AC0p36_1p5tauSet,Ecker2015_DFN_DC03,0.36,0.6599999999999999,1.5,0.19946869784633892,,,,15319.19599459883,15292.530791652503,26.665202946325735,
Ecker2015,Ecker2015_DFN_DC03_AC0p36_1p5tauSet,Ecker2015_DFN_DC03,0.36,0.6599999999999999,1.5,0.1989373956926778,,,,15278.391989197655,15272.307114486772,6.084874710883014,
Ecker2015,Ecker2015_DFN_DC03_AC0p36_1p5tauSet,Ecker2015_DFN_DC03,0.36,0.6599999999999999,1.5,0.1984060935390167,,,,15237.587983796482,15178.125485126297,59.462498670185596,
Ecker2015,Ecker2015_DFN_DC03_AC0p36_1p5tauSet,Ecker2015_DFN_DC03,0.36,0.6599999999999999,1.5,0.19787479138535558,,,,15196.783978395308,15152.289426277446,44.49455211786153,
Ecker2015,Ecker2015_DFN_DC03_AC0p36_1p5tauSet,Ecker2015_DFN_DC03,0.36,0.6599999999999999,1.5,0.19734348923169448,,,,15155.979972994137,15133.398244379337,22.58172861479943,
Ecker2015,Ecker2015_DFN_DC03_AC0p36_1p5tauSet,Ecker2015_DFN_DC03,0.36,0.6599999999999999,1.5,0.19681218707803336,,,,15115.175967592962,15112.018661048098,3.1573065448646958,
Ecker2015,Ecker2015_DFN_DC03_AC0p36_1p5tauSet,Ecker2015_DFN_DC03,0.36,0.6599999999999999,1.5,0.19628088492437226,,,,15074.37196219179,15015.98167756893,58.390284622859326,
Ecker2015,Ecker2015_DFN_DC03_AC0p36_1p5tauSet,Ecker2015_DFN_DC03,0.36,0.6599999999999999,1.5,0.19574958277071114,,,,15033.567956790617,14992.991256847545,40.576699943072526,
Ecker2015,Ecker2015_DFN_DC03_AC0p36_1p5tauSet,Ecker2015_DFN_DC03,0.36,0.6599999999999999,1.5,0.19521828061705004,,,,14992.763951389445,14974.199906897222,18.56404449222282,
Ecker2015,Ecker2015_DFN_DC03_AC0p36_1p5tauSet,Ecker2015_DFN_DC03,0.36,0.6599999999999999,1.5,0.19468697846338892,,,,14951.959945988268,14951.03108147429,0.928864513978624,
Ecker2015,Ecker2015_DFN_DC03_AC0p36_1p5tauSet,Ecker2015_DFN_DC03,0.36,0.6599999999999999,1.5,0.19415567630972783,,,,14911.155940587096,14855.066147460593,56.08979312650263,
Ecker2015,Ecker2015_DFN_DC03_AC0p36_1p5tauSet,Ecker2015_DFN_DC03,0.36,0.6599999999999999,1.5,0.1936243741560667,,,,14870.351935185923,14833.799825478922,36.552109707001364,
Ecker2015,Ecker2015_DFN_DC03_AC0p36_1p5tauSet,Ecker2015_DFN_DC03,0.36,0.6599999999999999,1.5,0.1930930720024056,,,,14829.54792978475,14814.890830977658,14.657098807092552,
Ecker2015,Ecker2015_DFN_DC03_AC0p36_1p5tauSet,Ecker2015_DFN_DC03,0.36,0.6599999999999999,1.5,0.19256176984874449,,,,14788.743924383576,14788.73992448013,0.003999903445219388,
Ecker2015,Ecker2015_DFN_DC03_AC0p36_1p5tauSet,Ecker2015_DFN_DC03,0.36,0.6599999999999999,1.5,0.1920304676950834,,,,14747.939918982403,14694.820499292253,53.11941969015061,
Ecker2015,Ecker2015_DFN_DC03_AC0p36_1p5tauSet,Ecker2015_DFN_DC03,0.36,0.6599999999999999,1.5,0.19149916554142227,,,,14707.13591358123,14674.670868258803,32.46504532242761,
Ecker2015,Ecker2015_DFN_DC03_AC0p36_1p5tauSet,Ecker2015_DFN_DC03,0.36,0.6599999999999999,1.5,0.19096786338776117,,,,14666.331908180058,14655.414193460061,10.917714719997093,
Ecker2015,Ecker2015_DFN_DC03_AC0p36_1p5tauSet,Ecker2015_DFN_DC03,0.36,0.6599999999999999,1.5,0.19043656123410005,,,,14625.527902778884,14573.335434821816,52.19246795706749,
Ecker2015,Ecker2015_DFN_DC03_AC0p36_1p5tauSet,Ecker2015_DFN_DC03,0.36,0.6599999999999999,1.5,0.18990525908043895,,,,14584.723897377711,14534.993678331393,49.73021904631787,
Ecker2015,Ecker2015_DFN_DC03_AC0p36_1p5tauSet,Ecker2015_DFN_DC03,0.36,0.6599999999999999,1.5,0.18937395692677783,,,,14543.919891976539,14515.566027536614,28.35386443992502,
Ecker2015,Ecker2015_DFN_DC03_AC0p36_1p5tauSet,Ecker2015_DFN_DC03,0.36,0.6599999999999999,1.5,0.18884265477311674,,,,14503.115886575366,14495.691686298025,7.424200277340788,
Ecker2015,Ecker2015_DFN_DC03_AC0p36_1p5tauSet,Ecker2015_DFN_DC03,0.36,0.6599999999999999,1.5,0.1883113526194556,,,,14462.31188117419,14403.084718515827,59.22716265836243,
Ecker2015,Ecker2015_DFN_DC03_AC0p36_1p5tauSet,Ecker2015_DFN_DC03,0.36,0.6599999999999999,1.5,0.18778005046579452,,,,14421.50787577302,14375.446044103945,46.06183166907613,
Ecker2015,Ecker2015_DFN_DC03_AC0p36_1p5tauSet,Ecker2015_DFN_DC03,0.36,0.6599999999999999,1.5,0.1872487483121334,,,,14380.703870371844,14356.449092541456,24.254777830388775,
Ecker2015,Ecker2015_DFN_DC03_AC0p36_1p5tauSet,Ecker2015_DFN_DC03,0.36,0.6599999999999999,1.5,0.1867174461584723,,,,14339.899864970672,14335.604544876112,4.295320094559429,
Ecker2015,Ecker2015_DFN_DC03_AC0p36_1p5tauSet,Ecker2015_DFN_DC03,0.36,0.6599999999999999,1.5,0.18618614400481118,,,,14299.095859569497,14240.062610533312,59.033249036185225,
Ecker2015,Ecker2015_DFN_DC03_AC0p36_1p5tauSet,Ecker2015_DFN_DC03,0.36,0.6599999999999999,1.5,0.18565484185115008,,,,14258.291854168327,14216.088771958954,42.20308220937295,
Ecker2015,Ecker2015_DFN_DC03_AC0p36_1p5tauSet,Ecker2015_DFN_DC03,0.36,0.6599999999999999,1.5,0.18512353969748896,,,,14217.487848767152,14197.282784911058,20.205063856094057,
Ecker2015,Ecker2015_DFN_DC03_AC0p36_1p5tauSet,Ecker2015_DFN_DC03,0.36,0.6599999999999999,1.5,0.18459223754382786,,,,14176.68384336598,14174.94961121313,1.7342321528503817,
Ecker2015,Ecker2015_DFN_DC03_AC0p36_1p5tauSet,Ecker2015_DFN_DC03,0.36,0.6599999999999999,1.5,0.18406093539016677,,,,14135.879837964807,14078.742278044103,57.13755992070401,
Ecker2015,Ecker2015_DFN_DC03_AC0p36_1p5tauSet,Ecker2015_DFN_DC03,0.36,0.6599999999999999,1.5,0.18352963323650565,,,,14095.075832563634,14056.859313159785,38.216519403849816,
Ecker2015,Ecker2015_DFN_DC03_AC0p36_1p5tauSet,Ecker2015_DFN_DC03,0.36,0.6599999999999999,1.5,0.18299833108284452,,,,14054.27182716246,14038.025276842656,16.246550319803646,
Ecker2015,Ecker2015_DFN_DC03_AC0p36_1p5tauSet,Ecker2015_DFN_DC03,0.36,0.6599999999999999,1.5,0.18246702892918343,,,,14013.467821761287,14013.311558825651,0.15626293563582294,
Ecker2015,Ecker2015_DFN_DC03_AC0p36_1p5tauSet,Ecker2015_DFN_DC03,0.36,0.6599999999999999,1.5,0.18193572677552233,,,,13972.663816360115,13918.261874251253,54.401942108861476,
Ecker2015,Ecker2015_DFN_DC03_AC0p36_1p5tauSet,Ecker2015_DFN_DC03,0.36,0.6599999999999999,1.5,0.1814044246218612,,,,13931.859810958942,13897.709555727535,34.150255231406845,
Ecker2015,Ecker2015_DFN_DC03_AC0p36_1p5tauSet,Ecker2015_DFN_DC03,0.36,0.6599999999999999,1.5,0.1808731224682001,,,,13891.055805557766,13878.6254904766,12.430315081166555,
Ecker2015,Ecker2015_DFN_DC03_AC0p36_1p5tauSet,Ecker2015_DFN_DC03,0.36,0.6599999999999999,1.5,0.180341820314539,,,,13850.251800156593,13849.495819364856,0.7559807917368744,
Ecker2015,Ecker2015_DFN_DC03_AC0p36_1p5tauSet,Ecker2015_DFN_DC03,0.36,0.6599999999999999,1.5,0.1798105181608779,,,,13809.447794755424,13758.284078976898,51.16371577852624,
Ecker2015,Ecker2015_DFN_DC03_AC0p36_1p5tauSet,Ecker2015_DFN_DC03,0.36,0.6599999999999999,1.5,0.17927921600721677,,,,13768.643789354248,13738.599231574328,30.04455777992007,
Ecker2015,Ecker2015_DFN_DC03_AC0p36_1p5tauSet,Ecker2015_DFN_DC03,0.36,0.6599999999999999,1.5,0.17874791385355568,,,,13727.839783953075,13719.015528872214,8.824255080860894,
Ecker2015,Ecker2015_DFN_DC03_AC0p36_1p5tauSet,Ecker2015_DFN_DC03,0.36,0.6599999999999999,1.5,0.17821661169989456,,,,13687.0357785519,13628.838106664452,58.19767188744845,
Ecker2015,Ecker2015_DFN_DC03_AC0p36_1p5tauSet,Ecker2015_DFN_DC03,0.36,0.6599999999999999,1.5,0.17768530954623346,,,,13646.23177315073,13598.634542485137,47.59723066559309,
Ecker2015,Ecker2015_DFN_DC03_AC0p36_1p5tauSet,Ecker2015_DFN_DC03,0.36,0.6599999999999999,1.5,0.17715400739257234,,,,13605.427767749556,13579.491648137922,25.93611961163333,
Ecker2015,Ecker2015_DFN_DC03_AC0p36_1p5tauSet,Ecker2015_DFN_DC03,0.36,0.6599999999999999,1.5,0.17662270523891124,,,,13564.623762348383,13559.096579716015,5.52718263236784,
Ecker2015,Ecker2015_DFN_DC03_AC0p36_1p5tauSet,Ecker2015_DFN_DC03,0.36,0.6599999999999999,1.5,0.17609140308525012,,,,13523.81975694721,13464.410419043368,59.40933790384224,
Ecker2015,Ecker2015_DFN_DC03_AC0p36_1p5tauSet,Ecker2015_DFN_DC03,0.36,0.6599999999999999,1.5,0.17556010093158902,,,,13483.015751546038,13439.207725961043,43.80802558499454,
Ecker2015,Ecker2015_DFN_DC03_AC0p36_1p5tauSet,Ecker2015_DFN_DC03,0.36,0.6599999999999999,1.5,0.1750287987779279,,,,13442.211746144863,13420.35035412813,21.86139201673359,
Ecker2015,Ecker2015_DFN_DC03_AC0p36_1p5tauSet,Ecker2015_DFN_DC03,0.36,0.6599999999999999,1.5,0.1744974966242668,,,,13401.40774074369,13398.708489103403,2.699251640287912,
Ecker2015,Ecker2015_DFN_DC03_AC0p36_1p5tauSet,Ecker2015_DFN_DC03,0.36,0.6599999999999999,1.5,0.17396619447060568,,,,13360.603735342518,13302.55567603528,58.04805930723887,
Ecker2015,Ecker2015_DFN_DC03_AC0p36_1p5tauSet,Ecker2015_DFN_DC03,0.36,0.6599999999999999,1.5,0.1734348923169446,,,,13319.799729941346,13279.932181992113,39.867547949232176,
Ecker2015,Ecker2015_DFN_DC03_AC0p36_1p5tauSet,Ecker2015_DFN_DC03,0.36,0.6599999999999999,1.5,0.17290359016328347,,,,13278.99572454017,13261.135865439603,17.85985910056661,
Ecker2015,Ecker2015_DFN_DC03_AC0p36_1p5tauSet,Ecker2015_DFN_DC03,0.36,0.6599999999999999,1.5,0.17237228800962237,,,,13238.191719138997,13237.550226857573,0.6414922814237798,
Ecker2015,Ecker2015_DFN_DC03_AC0p36_1p5tauSet,Ecker2015_DFN_DC03,0.36,0.6599999999999999,1.5,0.17184098585596125,,,,13197.387713737824,13141.78653490108,55.6011788367432,
Ecker2015,Ecker2015_DFN_DC03_AC0p36_1p5tauSet,Ecker2015_DFN_DC03,0.36,0.6599999999999999,1.5,0.17130968370230015,,,,13156.583708336651,13120.754866988536,35.82884134811502,
Ecker2015,Ecker2015_DFN_DC03_AC0p36_1p5tauSet,Ecker2015_DFN_DC03,0.36,0.6599999999999999,1.5,0.17077838154863903,,,,13115.779702935477,13101.801608390082,13.978094545394924,
Ecker2015,Ecker2015_DFN_DC03_AC0p36_1p5tauSet,Ecker2015_DFN_DC03,0.36,0.6599999999999999,1.5,0.17024707939497793,,,,13074.975697534304,13074.895194631723,0.08050290258142923,
Ecker2015,Ecker2015_DFN_DC03_AC0p36_1p5tauSet,Ecker2015_DFN_DC03,0.36,0.6599999999999999,1.5,0.1697157772413168,,,,13034.171692133132,12981.629219112994,52.54247302013755,
Ecker2015,Ecker2015_DFN_DC03_AC0p36_1p5tauSet,Ecker2015_DFN_DC03,0.36,0.6599999999999999,1.5,0.16918447508765572,,,,12993.36768673196,12961.63289606154,31.734790670419898,
Ecker2015,Ecker2015_DFN_DC03_AC0p36_1p5tauSet,Ecker2015_DFN_DC03,0.36,0.6599999999999999,1.5,0.16865317293399462,,,,12952.563681330786,12942.287812246122,10.27586908466401,
Ecker2015,Ecker2015_DFN_DC03_AC0p36_1p5tauSet,Ecker2015_DFN_DC03,0.36,0.6599999999999999,1.5,0.1681218707803335,,,,12911.759675929614,12856.433492228754,55.326183700859474,
Ecker2015,Ecker2015_DFN_DC03_AC0p36_1p5tauSet,Ecker2015_DFN_DC03,0.36,0.6599999999999999,1.5,0.16759056862667238,,,,12870.95567052844,12821.860306090704,49.09536443773504,
Ecker2015,Ecker2015_DFN_DC03_AC0p36_1p5tauSet,Ecker2015_DFN_DC03,0.36,0.6599999999999999,1.5,0.16705926647301128,,,,12830.151665127267,12802.528540953683,27.623124173584074,
Ecker2015,Ecker2015_DFN_DC03_AC0p36_1p5tauSet,Ecker2015_DFN_DC03,0.36,0.6599999999999999,1.5,0.16652796431935019,,,,12789.347659726094,12782.510775905841,6.836883820253206,
Ecker2015,Ecker2015_DFN_DC03_AC0p36_1p5tauSet,Ecker2015_DFN_DC03,0.36,0.6599999999999999,1.5,0.16599666216568906,,,,12748.543654324922,12689.143020556343,59.4006337685787,
Ecker2015,Ecker2015_DFN_DC03_AC0p36_1p5tauSet,Ecker2015_DFN_DC03,0.36,0.6599999999999999,1.5,0.16546536001202794,,,,12707.739648923745,12662.352039899395,45.38760902435024,
Ecker2015,Ecker2015_DFN_DC03_AC0p36_1p5tauSet,Ecker2015_DFN_DC03,0.36,0.6599999999999999,1.5,0.16493405785836684,,,,12666.935643522573,12643.40563338286,23.53001013971334,
Ecker2015,Ecker2015_DFN_DC03_AC0p36_1p5tauSet,Ecker2015_DFN_DC03,0.36,0.6599999999999999,1.5,0.16440275570470575,,,,12626.1316381214,12622.341121442008,3.790516679391658,
Ecker2015,Ecker2015_DFN_DC03_AC0p36_1p5tauSet,Ecker2015_DFN_DC03,0.36,0.6599999999999999,1.5,0.16387145355104463,,,,12585.327632720227,12526.544544501396,58.783088218831836,
Ecker2015,Ecker2015_DFN_DC03_AC0p36_1p5tauSet,Ecker2015_DFN_DC03,0.36,0.6599999999999999,1.5,0.1633401513973835,,,,12544.523627319053,12503.021537324807,41.50208999424649,
Ecker2015,Ecker2015_DFN_DC03_AC0p36_1p5tauSet,Ecker2015_DFN_DC03,0.36,0.6599999999999999,1.5,0.1628088492437224,,,,12503.71962191788,12484.226361065068,19.493260852812455,
Ecker2015,Ecker2015_DFN_DC03_AC0p36_1p5tauSet,Ecker2015_DFN_DC03,0.36,0.6599999999999999,1.5,0.1622775470900613,,,,12462.915616516708,12461.551711937358,1.3639045793497644,
Ecker2015,Ecker2015_DFN_DC03_AC0p36_1p5tauSet,Ecker2015_DFN_DC03,0.36,0.6599999999999999,1.5,0.1617462449364002,,,,12422.111611115535,12365.41214536574,56.6994657497944,
Ecker2015,Ecker2015_DFN_DC03_AC0p36_1p5tauSet,Ecker2015_DFN_DC03,0.36,0.6599999999999999,1.5,0.1612149427827391,,,,12381.307605714363,12343.809473155248,37.49813255911431,
Ecker2015,Ecker2015_DFN_DC03_AC0p36_1p5tauSet,Ecker2015_DFN_DC03,0.36,0.6599999999999999,1.5,0.16068364062907797,,,,12340.503600313188,12324.947649476295,15.555950836893317,
Ecker2015,Ecker2015_DFN_DC03_AC0p36_1p5tauSet,Ecker2015_DFN_DC03,0.36,0.6599999999999999,1.5,0.16015233847541688,,,,12299.699594912017,12299.657730119608,0.0418647924088873,
Ecker2015,Ecker2015_DFN_DC03_AC0p36_1p5tauSet,Ecker2015_DFN_DC03,0.36,0.6599999999999999,1.5,0.15962103632175575,12258.895589510907,,,12258.895589510843,12205.03899282139,53.856596689453,
Ecker2015,Ecker2015_DFN_DC03_AC0p36_1p5tauSet,Ecker2015_DFN_DC03,0.36,0.6599999999999999,1.5,0.15908973416809466,12218.091584109725,,,12218.09158410967,12184.669519964706,33.42206414496468,
Ecker2015,Ecker2015_DFN_DC03_AC0p36_1p5tauSet,Ecker2015_DFN_DC03,0.36,0.6599999999999999,1.5,0.15855843201443354,12177.287578708558,,,12177.287578708494,12165.516104979504,11.771473728989804,
Ecker2015,Ecker2015_DFN_DC03_AC0p36_1p5tauSet,Ecker2015_DFN_DC03,0.36,0.6599999999999999,1.5,0.15802712986077244,12136.483573307383,12135.00103253672,1.4825407706630358,12136.483573307325,12135.111735211454,1.3718380958707712,0.11070267479226459
Ecker2015,Ecker2015_DFN_DC03_AC0p36_1p5tauSet,Ecker2015_DFN_DC03,0.36,0.6599999999999999,1.5,0.15749582770711132,12095.67956790621,12045.119841124693,50.559726781517384,12095.679567906149,12045.129630498446,50.5499374077026,0.009789373814783175
Ecker2015,Ecker2015_DFN_DC03_AC0p36_1p5tauSet,Ecker2015_DFN_DC03,0.36,0.6599999999999999,1.5,0.15696452555345022,12054.875562505042,12025.545116765912,29.330445739129573,12054.875562504976,12025.562317011283,29.313245493693103,0.01720024543647014
Ecker2015,Ecker2015_DFN_DC03_AC0p36_1p5tauSet,Ecker2015_DFN_DC03,0.36,0.6599999999999999,1.5,0.1564332233997891,12014.071557103864,12005.83509179314,8.23646531072336,12014.071557103802,12005.85964688027,8.211910223531959,0.02455508719140198
Ecker2015,Ecker2015_DFN_DC03_AC0p36_1p5tauSet,Ecker2015_DFN_DC03,0.36,0.6599999999999999,1.5,0.155901921246128,11973.267551702684,11914.452593352155,58.814958350529196,11973.267551702631,11914.490905327673,58.776646374957636,0.03831197557155974
Ecker2015,Ecker2015_DFN_DC03_AC0p36_1p5tauSet,Ecker2015_DFN_DC03,0.36,0.6599999999999999,1.5,0.15537061909246688,11932.463546301504,11885.514714168723,46.94883213278081,11932.463546301457,11885.526134644077,46.937411657379926,0.011420475400882424
Ecker2015,Ecker2015_DFN_DC03_AC0p36_1p5tauSet,Ecker2015_DFN_DC03,0.36,0.6599999999999999,1.5,0.1548393169388058,11891.659540900322,11866.433956663484,25.225584236837676,11891.659540900284,11866.451446426261,25.2080944740228,0.017489762814875576
Ecker2015,Ecker2015_DFN_DC03_AC0p36_1p5tauSet,Ecker2015_DFN_DC03,0.36,0.6599999999999999,1.5,0.15430801478514466,11850.855535499148,11845.842804683783,5.012730815364193,11850.855535499111,11845.871528246456,4.984007252654919,0.02872356270927412
Ecker2015,Ecker2015_DFN_DC03_AC0p36_1p5tauSet,Ecker2015_DFN_DC03,0.36,0.6599999999999999,1.5,0.15377671263148357,11810.051530097979,11750.758585328731,59.2929447692477,11810.051530097939,11750.766087986678,59.285442111260636,0.007502657987060957
Ecker2015,Ecker2015_DFN_DC03_AC0p36_1p5tauSet,Ecker2015_DFN_DC03,0.36,0.6599999999999999,1.5,0.15324541047782247,11769.247524696804,11726.117212649691,43.130312047112966,11769.247524696766,11726.130763069074,43.11676162769254,0.013550419420425897
Ecker2015,Ecker2015_DFN_DC03_AC0p36_1p5tauSet,Ecker2015_DFN_DC03,0.36,0.6599999999999999,1.5,0.15271410832416135,11728.443519295635,11707.281986040927,21.161533254708047,11728.443519295592,11707.300167432564,21.14335186302742,0.018181391680627712
Ecker2015,Ecker2015_DFN_DC03_AC0p36_1p5tauSet,Ecker2015_DFN_DC03,0.36,0.6599999999999999,1.5,0.15218280617050023,11687.639513894454,11685.343206610754,2.296307283699207,11687.639513894419,11685.374817173639,2.2646967207801936,0.03161056291901332
Ecker2015,Ecker2015_DFN_DC03_AC0p36_1p5tauSet,Ecker2015_DFN_DC03,0.36,0.6599999999999999,1.5,0.15165150401683913,11646.835508493275,11589.144409198027,57.69109929524893,11646.835508493246,11589.16226835819,57.6732401350564,0.01785916019252909
Ecker2015,Ecker2015_DFN_DC03_AC0p36_1p5tauSet,Ecker2015_DFN_DC03,0.36,0.6599999999999999,1.5,0.15112020186317804,11606.0315030921,11566.860682903003,39.17082018909605,11606.031503092074,11566.876187515636,39.155315576437715,0.015504612658332917
Ecker2015,Ecker2015_DFN_DC03_AC0p36_1p5tauSet,Ecker2015_DFN_DC03,0.36,0.6599999999999999,1.5,0.15058889970951692,11565.227497690921,11548.049150373556,17.17834731736548,11565.227497690898,11548.068070024085,17.159427666812917,0.018919650552561507
Ecker2015,Ecker2015_DFN_DC03_AC0p36_1p5tauSet,Ecker2015_DFN_DC03,0.36,0.6599999999999999,1.5,0.1500575975558558,11524.423492289741,11523.988534331196,0.4349579585450556,11524.423492289725,11524.025441157062,0.39805113266265835,0.03690682588239724
Ecker2015,Ecker2015_DFN_DC03_AC0p36_1p5tauSet,Ecker2015_DFN_DC03,0.36,0.6599999999999999,1.5,0.1495262954021947,11483.619486888569,11428.509858803543,55.10962808502518,11483.619486888552,11428.525732759997,55.09375412855479,0.015873956470386474
Ecker2015,Ecker2015_DFN_DC03_AC0p36_1p5tauSet,Ecker2015_DFN_DC03,0.36,0.6599999999999999,1.5,0.1489949932485336,11442.815481487396,11407.696360279866,35.11912120753004,11442.81548148738,11407.71164536747,35.10383611990983,0.015285087620213744
Ecker2015,Ecker2015_DFN_DC03_AC0p36_1p5tauSet,Ecker2015_DFN_DC03,0.36,0.6599999999999999,1.5,0.14846369109487248,11402.011476086209,11388.687667885573,13.32380820063554,11402.011476086207,11388.706767889626,13.304708196581487,0.019100004054052988
Ecker2015,Ecker2015_DFN_DC03_AC0p36_1p5tauSet,Ecker2015_DFN_DC03,0.36,0.6599999999999999,1.5,0.14793238894121136,11361.207470685036,11360.880601179086,0.3268695059505262,11361.207470685033,11360.935093453267,0.2723772317658586,0.05449227418466762
Ecker2015,Ecker2015_DFN_DC03_AC0p36_1p5tauSet,Ecker2015_DFN_DC03,0.36,0.6599999999999999,1.5,0.14740108678755026,11320.403465283856,11268.434721961014,51.96874332284278,11320.40346528386,11268.449998590217,51.95346669364335,0.015276629199433955
Ecker2015,Ecker2015_DFN_DC03_AC0p38_1p5tauSet,Ecker2015_DFN_DC03,0.38,0.6799999999999999,1.5,0.2,,,,15360.0,15310.417425459984,49.58257454001614,
Ecker2015,Ecker2015_DFN_DC03_AC0p38_1p5tauSet,Ecker2015_DFN_DC03,0.38,0.6799999999999999,1.5,0.19946869784633892,,,,15319.19599459883,15291.87473424695,27.321260351878664,
Ecker2015,Ecker2015_DFN_DC03_AC0p38_1p5tauSet,Ecker2015_DFN_DC03,0.38,0.6799999999999999,1.5,0.1989373956926778,,,,15278.391989197655,15272.11546626487,6.276522932785156,
Ecker2015,Ecker2015_DFN_DC03_AC0p38_1p5tauSet,Ecker2015_DFN_DC03,0.38,0.6799999999999999,1.5,0.1984060935390167,,,,15237.587983796482,15175.089640892804,62.49834290367835,
Ecker2015,Ecker2015_DFN_DC03_AC0p38_1p5tauSet,Ecker2015_DFN_DC03,0.38,0.6799999999999999,1.5,0.19787479138535558,,,,15196.783978395308,15151.120073410473,45.66390498483452,
Ecker2015,Ecker2015_DFN_DC03_AC0p38_1p5tauSet,Ecker2015_DFN_DC03,0.38,0.6799999999999999,1.5,0.19734348923169448,,,,15155.979972994137,15132.834639785331,23.145333208805823,
Ecker2015,Ecker2015_DFN_DC03_AC0p38_1p5tauSet,Ecker2015_DFN_DC03,0.38,0.6799999999999999,1.5,0.19681218707803336,,,,15115.175967592962,15111.906614745185,3.2693528477775544,
Ecker2015,Ecker2015_DFN_DC03_AC0p38_1p5tauSet,Ecker2015_DFN_DC03,0.38,0.6799999999999999,1.5,0.19628088492437226,,,,15074.37196219179,15013.654725894265,60.71723629752523,
Ecker2015,Ecker2015_DFN_DC03_AC0p38_1p5tauSet,Ecker2015_DFN_DC03,0.38,0.6799999999999999,1.5,0.19574958277071114,,,,15033.567956790617,14991.96128289275,41.60667389786795,
Ecker2015,Ecker2015_DFN_DC03_AC0p38_1p5tauSet,Ecker2015_DFN_DC03,0.38,0.6799999999999999,1.5,0.19521828061705004,,,,14992.763951389445,14973.72447892408,19.03947246536518,
Ecker2015,Ecker2015_DFN_DC03_AC0p38_1p5tauSet,Ecker2015_DFN_DC03,0.38,0.6799999999999999,1.5,0.19468697846338892,,,,14951.959945988268,14950.991784443844,0.9681615444242198,
Ecker2015,Ecker2015_DFN_DC03_AC0p38_1p5tauSet,Ecker2015_DFN_DC03,0.38,0.6799999999999999,1.5,0.19415567630972783,,,,14911.155940587096,14853.153030873966,58.002909713130066,
Ecker2015,Ecker2015_DFN_DC03_AC0p38_1p5tauSet,Ecker2015_DFN_DC03,0.38,0.6799999999999999,1.5,0.1936243741560667,,,,14870.351935185923,14832.89243800254,37.459497183383064,
Ecker2015,Ecker2015_DFN_DC03_AC0p38_1p5tauSet,Ecker2015_DFN_DC03,0.38,0.6799999999999999,1.5,0.1930930720024056,,,,14829.54792978475,14814.500601691187,15.04732809356392,
Ecker2015,Ecker2015_DFN_DC03_AC0p38_1p5tauSet,Ecker2015_DFN_DC03,0.38,0.6799999999999999,1.5,0.19256176984874449,,,,14788.743924383576,14788.739697547027,0.004226836548696156,
Ecker2015,Ecker2015_DFN_DC03_AC0p38_1p5tauSet,Ecker2015_DFN_DC03,0.38,0.6799999999999999,1.5,0.1920304676950834,,,,14747.939918982403,14693.193861393202,54.74605758920188,
Ecker2015,Ecker2015_DFN_DC03_AC0p38_1p5tauSet,Ecker2015_DFN_DC03,0.38,0.6799999999999999,1.5,0.19149916554142227,,,,14707.13591358123,14673.87385233222,33.26206124901,
Ecker2015,Ecker2015_DFN_DC03_AC0p38_1p5tauSet,Ecker2015_DFN_DC03,0.38,0.6799999999999999,1.5,0.19096786338776117,,,,14666.331908180058,14655.10721157418,11.224696605877398,
Ecker2015,Ecker2015_DFN_DC03_AC0p38_1p5tauSet,Ecker2015_DFN_DC03,0.38,0.6799999999999999,1.5,0.19043656123410005,,,,14625.527902778884,14564.956531661759,60.57137111712473,
Ecker2015,Ecker2015_DFN_DC03_AC0p38_1p5tauSet,Ecker2015_DFN_DC03,0.38,0.6799999999999999,1.5,0.18990525908043895,,,,14584.723897377711,14533.584824945776,51.13907243193535,
Ecker2015,Ecker2015_DFN_DC03_AC0p38_1p5tauSet,Ecker2015_DFN_DC03,0.38,0.6799999999999999,1.5,0.18937395692677783,,,,14543.919891976539,14514.870358217577,29.049533758961843,
Ecker2015,Ecker2015_DFN_DC03_AC0p38_1p5tauSet,Ecker2015_DFN_DC03,0.38,0.6799999999999999,1.5,0.18884265477311674,,,,14503.115886575366,14495.46667842883,7.649208146536694,
Ecker2015,Ecker2015_DFN_DC03_AC0p38_1p5tauSet,Ecker2015_DFN_DC03,0.38,0.6799999999999999,1.5,0.1883113526194556,,,,14462.31188117419,14399.549074893113,62.76280628107634,
Ecker2015,Ecker2015_DFN_DC03_AC0p38_1p5tauSet,Ecker2015_DFN_DC03,0.38,0.6799999999999999,1.5,0.18778005046579452,,,,14421.50787577302,14374.213018245619,47.2948575274022,
Ecker2015,Ecker2015_DFN_DC03_AC0p38_1p5tauSet,Ecker2015_DFN_DC03,0.38,0.6799999999999999,1.5,0.1872487483121334,,,,14380.703870371844,14355.848082147457,24.855788224387652,
Ecker2015,Ecker2015_DFN_DC03_AC0p38_1p5tauSet,Ecker2015_DFN_DC03,0.38,0.6799999999999999,1.5,0.1867174461584723,,,,14339.899864970672,14335.460153842068,4.439711128603449,
Ecker2015,Ecker2015_DFN_DC03_AC0p38_1p5tauSet,Ecker2015_DFN_DC03,0.38,0.6799999999999999,1.5,0.18618614400481118,,,,14299.095859569497,14237.498170594474,61.59768897502363,
Ecker2015,Ecker2015_DFN_DC03_AC0p38_1p5tauSet,Ecker2015_DFN_DC03,0.38,0.6799999999999999,1.5,0.18565484185115008,,,,14258.291854168327,14215.0038592409,43.28799492742655,
Ecker2015,Ecker2015_DFN_DC03_AC0p38_1p5tauSet,Ecker2015_DFN_DC03,0.38,0.6799999999999999,1.5,0.18512353969748896,,,,14217.487848767152,14196.771535651455,20.71631311569763,
Ecker2015,Ecker2015_DFN_DC03_AC0p38_1p5tauSet,Ecker2015_DFN_DC03,0.38,0.6799999999999999,1.5,0.18459223754382786,,,,14176.68384336598,14174.881983212488,1.8018601534913614,
Ecker2015,Ecker2015_DFN_DC03_AC0p38_1p5tauSet,Ecker2015_DFN_DC03,0.38,0.6799999999999999,1.5,0.18406093539016677,,,,14135.879837964807,14076.679887942115,59.199950022692065,
Ecker2015,Ecker2015_DFN_DC03_AC0p38_1p5tauSet,Ecker2015_DFN_DC03,0.38,0.6799999999999999,1.5,0.18352963323650565,,,,14095.075832563634,14055.9032303413,39.17260222233381,
Ecker2015,Ecker2015_DFN_DC03_AC0p38_1p5tauSet,Ecker2015_DFN_DC03,0.38,0.6799999999999999,1.5,0.18299833108284452,,,,14054.27182716246,14037.60031082804,16.67151633441972,
Ecker2015,Ecker2015_DFN_DC03_AC0p38_1p5tauSet,Ecker2015_DFN_DC03,0.38,0.6799999999999999,1.5,0.18246702892918343,,,,14013.467821761287,14013.303872878823,0.16394888246395567,
Ecker2015,Ecker2015_DFN_DC03_AC0p38_1p5tauSet,Ecker2015_DFN_DC03,0.38,0.6799999999999999,1.5,0.18193572677552233,,,,13972.663816360115,13916.52803225091,56.135784109204906,
Ecker2015,Ecker2015_DFN_DC03_AC0p38_1p5tauSet,Ecker2015_DFN_DC03,0.38,0.6799999999999999,1.5,0.1814044246218612,,,,13931.859810958942,13896.868416456216,34.9913945027256,
Ecker2015,Ecker2015_DFN_DC03_AC0p38_1p5tauSet,Ecker2015_DFN_DC03,0.38,0.6799999999999999,1.5,0.1808731224682001,,,,13891.055805557766,13878.28446811527,12.771337442496588,
Ecker2015,Ecker2015_DFN_DC03_AC0p38_1p5tauSet,Ecker2015_DFN_DC03,0.38,0.6799999999999999,1.5,0.180341820314539,,,,13850.251800156593,13796.355659798526,53.89614035806699,
Ecker2015,Ecker2015_DFN_DC03_AC0p38_1p5tauSet,Ecker2015_DFN_DC03,0.38,0.6799999999999999,1.5,0.1798105181608779,,,,13809.447794755424,13756.791897251584,52.655897503840606,
Ecker2015,Ecker2015_DFN_DC03_AC0p38_1p5tauSet,Ecker2015_DFN_DC03,0.38,0.6799999999999999,1.5,0.17927921600721677,,,,13768.643789354248,13737.86282633035,30.78096302389713,
Ecker2015,Ecker2015_DFN_DC03_AC0p38_1p5tauSet,Ecker2015_DFN_DC03,0.38,0.6799999999999999,1.5,0.17874791385355568,,,,13727.839783953075,13718.756954462338,9.082829490736913,
Ecker2015,Ecker2015_DFN_DC03_AC0p38_1p5tauSet,Ecker2015_DFN_DC03,0.38,0.6799999999999999,1.5,0.17821661169989456,,,,13687.0357785519,13624.483641540899,62.55213701100183,
Ecker2015,Ecker2015_DFN_DC03_AC0p38_1p5tauSet,Ecker2015_DFN_DC03,0.38,0.6799999999999999,1.5,0.17768530954623346,,,,13646.23177315073,13597.333223011869,48.89855013886154,
Ecker2015,Ecker2015_DFN_DC03_AC0p38_1p5tauSet,Ecker2015_DFN_DC03,0.38,0.6799999999999999,1.5,0.17715400739257234,,,,13605.427767749556,13578.852408409419,26.575359340136856,
Ecker2015,Ecker2015_DFN_DC03_AC0p38_1p5tauSet,Ecker2015_DFN_DC03,0.38,0.6799999999999999,1.5,0.17662270523891124,,,,13564.623762348383,13558.919278938727,5.70448340965595,
Ecker2015,Ecker2015_DFN_DC03_AC0p38_1p5tauSet,Ecker2015_DFN_DC03,0.38,0.6799999999999999,1.5,0.17609140308525012,,,,13523.81975694721,13461.539081557465,62.28067538974574,
Ecker2015,Ecker2015_DFN_DC03_AC0p38_1p5tauSet,Ecker2015_DFN_DC03,0.38,0.6799999999999999,1.5,0.17556010093158902,,,,13483.015751546038,13438.064649163574,44.95110238246343,
Ecker2015,Ecker2015_DFN_DC03_AC0p38_1p5tauSet,Ecker2015_DFN_DC03,0.38,0.6799999999999999,1.5,0.1750287987779279,,,,13442.211746144863,13419.8026989708,22.409047174063744,
Ecker2015,Ecker2015_DFN_DC03_AC0p38_1p5tauSet,Ecker2015_DFN_DC03,0.38,0.6799999999999999,1.5,0.1744974966242668,,,,13401.40774074369,13398.610159939299,2.797580804392055,
Ecker2015,Ecker2015_DFN_DC03_AC0p38_1p5tauSet,Ecker2015_DFN_DC03,0.38,0.6799999999999999,1.5,0.17396619447060568,,,,13360.603735342518,13300.316374195349,60.28736114716958,
Ecker2015,Ecker2015_DFN_DC03_AC0p38_1p5tauSet,Ecker2015_DFN_DC03,0.38,0.6799999999999999,1.5,0.1734348923169446,,,,13319.799729941346,13278.92507628017,40.874653661176126,
Ecker2015,Ecker2015_DFN_DC03_AC0p38_1p5tauSet,Ecker2015_DFN_DC03,0.38,0.6799999999999999,1.5,0.17290359016328347,,,,13278.99572454017,13260.675770481828,18.319954058340954,
Ecker2015,Ecker2015_DFN_DC03_AC0p38_1p5tauSet,Ecker2015_DFN_DC03,0.38,0.6799999999999999,1.5,0.17237228800962237,,,,13238.191719138997,13237.521964689353,0.6697544496437331,
Ecker2015,Ecker2015_DFN_DC03_AC0p38_1p5tauSet,Ecker2015_DFN_DC03,0.38,0.6799999999999999,1.5,0.17184098585596125,,,,13197.387713737824,13139.931290781376,57.45642295644757,
Ecker2015,Ecker2015_DFN_DC03_AC0p38_1p5tauSet,Ecker2015_DFN_DC03,0.38,0.6799999999999999,1.5,0.17130968370230015,,,,13156.583708336651,13119.867890640644,36.715817696007434,
Ecker2015,Ecker2015_DFN_DC03_AC0p38_1p5tauSet,Ecker2015_DFN_DC03,0.38,0.6799999999999999,1.5,0.17077838154863903,,,,13115.779702935477,13101.426298108456,14.353404827021222,
Ecker2015,Ecker2015_DFN_DC03_AC0p38_1p5tauSet,Ecker2015_DFN_DC03,0.38,0.6799999999999999,1.5,0.17024707939497793,,,,13074.975697534304,13074.890262174238,0.08543536006618524,
Ecker2015,Ecker2015_DFN_DC03_AC0p38_1p5tauSet,Ecker2015_DFN_DC03,0.38,0.6799999999999999,1.5,0.1697157772413168,,,,13034.171692133132,12980.045309541709,54.12638259142295,
Ecker2015,Ecker2015_DFN_DC03_AC0p38_1p5tauSet,Ecker2015_DFN_DC03,0.38,0.6799999999999999,1.5,0.16918447508765572,,,,12993.36768673196,12960.854483215706,32.51320351625327,
Ecker2015,Ecker2015_DFN_DC03_AC0p38_1p5tauSet,Ecker2015_DFN_DC03,0.38,0.6799999999999999,1.5,0.16865317293399462,,,,12952.563681330786,12941.995486750595,10.56819458019163,
Ecker2015,Ecker2015_DFN_DC03_AC0p38_1p5tauSet,Ecker2015_DFN_DC03,0.38,0.6799999999999999,1.5,0.1681218707803335,,,,12911.759675929614,12850.253699003288,61.505976926326184,
Ecker2015,Ecker2015_DFN_DC03_AC0p38_1p5tauSet,Ecker2015_DFN_DC03,0.38,0.6799999999999999,1.5,0.16759056862667238,,,,12870.95567052844,12820.485264447283,50.4704060811564,
Ecker2015,Ecker2015_DFN_DC03_AC0p38_1p5tauSet,Ecker2015_DFN_DC03,0.38,0.6799999999999999,1.5,0.16705926647301128,,,,12830.151665127267,12801.85013359989,28.301531527376937,
Ecker2015,Ecker2015_DFN_DC03_AC0p38_1p5tauSet,Ecker2015_DFN_DC03,0.38,0.6799999999999999,1.5,0.16652796431935019,,,,12789.347659726094,12782.300224359218,7.047435366876016,
Ecker2015,Ecker2015_DFN_DC03_AC0p38_1p5tauSet,Ecker2015_DFN_DC03,0.38,0.6799999999999999,1.5,0.16599666216568906,,,,12748.543654324922,12685.848853993022,62.69480033189939,
Ecker2015,Ecker2015_DFN_DC03_AC0p38_1p5tauSet,Ecker2015_DFN_DC03,0.38,0.6799999999999999,1.5,0.16546536001202794,,,,12707.739648923745,12661.147078170276,46.59257075346977,
Ecker2015,Ecker2015_DFN_DC03_AC0p38_1p5tauSet,Ecker2015_DFN_DC03,0.38,0.6799999999999999,1.5,0.16493405785836684,,,,12666.935643522573,12642.820895678347,24.11474784422535,
Ecker2015,Ecker2015_DFN_DC03_AC0p38_1p5tauSet,Ecker2015_DFN_DC03,0.38,0.6799999999999999,1.5,0.16440275570470575,,,,12626.1316381214,12622.210807811145,3.9208303102550417,
Ecker2015,Ecker2015_DFN_DC03_AC0p38_1p5tauSet,Ecker2015_DFN_DC03,0.38,0.6799999999999999,1.5,0.16387145355104463,,,,12585.327632720227,12524.089611554635,61.23802116559273,
Ecker2015,Ecker2015_DFN_DC03_AC0p38_1p5tauSet,Ecker2015_DFN_DC03,0.38,0.6799999999999999,1.5,0.1633401513973835,,,,12544.523627319053,12501.960755464284,42.56287185476867,
Ecker2015,Ecker2015_DFN_DC03_AC0p38_1p5tauSet,Ecker2015_DFN_DC03,0.38,0.6799999999999999,1.5,0.1628088492437224,,,,12503.71962191788,12483.730671103662,19.988950814218697,
Ecker2015,Ecker2015_DFN_DC03_AC0p38_1p5tauSet,Ecker2015_DFN_DC03,0.38,0.6799999999999999,1.5,0.1622775470900613,,,,12462.915616516708,12461.496720815143,1.4188957015649066,
Ecker2015,Ecker2015_DFN_DC03_AC0p38_1p5tauSet,Ecker2015_DFN_DC03,0.38,0.6799999999999999,1.5,0.1617462449364002,,,,12422.111611115535,12363.41722508365,58.6943860318861,
Ecker2015,Ecker2015_DFN_DC03_AC0p38_1p5tauSet,Ecker2015_DFN_DC03,0.38,0.6799999999999999,1.5,0.1612149427827391,,,,12381.307605714363,12342.874719355,38.43288635936187,
Ecker2015,Ecker2015_DFN_DC03_AC0p38_1p5tauSet,Ecker2015_DFN_DC03,0.38,0.6799999999999999,1.5,0.16068364062907797,,,,12340.503600313188,12324.537751130245,15.965849182943202,
Ecker2015,Ecker2015_DFN_DC03_AC0p38_1p5tauSet,Ecker2015_DFN_DC03,0.38,0.6799999999999999,1.5,0.16015233847541688,,,,12299.699594912017,12299.655550627993,0.04404428402449412,
Ecker2015,Ecker2015_DFN_DC03_AC0p38_1p5tauSet,Ecker2015_DFN_DC03,0.38,0.6799999999999999,1.5,0.15962103632175575,12258.895589510907,,,12258.895589510843,12203.353067127799,55.54252238304434,
Ecker2015,Ecker2015_DFN_DC03_AC0p38_1p5tauSet,Ecker2015_DFN_DC03,0.38,0.6799999999999999,1.5,0.15908973416809466,12218.091584109725,,,12218.09158410967,12183.847662098384,34.243922011286486,
Ecker2015,Ecker2015_DFN_DC03_AC0p38_1p5tauSet,Ecker2015_DFN_DC03,0.38,0.6799999999999999,1.5,0.15855843201443354,12177.287578708558,,,12177.287578708494,12165.189832776785,12.097745931709142,
Ecker2015,Ecker2015_DFN_DC03_AC0p38_1p5tauSet,Ecker2015_DFN_DC03,0.38,0.6799999999999999,1.5,0.15802712986077244,12136.483573307383,,,12136.483573307325,12078.131829859843,58.35174344748157,
Ecker2015,Ecker2015_DFN_DC03_AC0p38_1p5tauSet,Ecker2015_DFN_DC03,0.38,0.6799999999999999,1.5,0.15749582770711132,12095.67956790621,,,12095.679567906149,12043.67442598617,52.005141919978996,
Ecker2015,Ecker2015_DFN_DC03_AC0p38_1p5tauSet,Ecker2015_DFN_DC03,0.38,0.6799999999999999,1.5,0.15696452555345022,12054.875562505042,12024.833049479079,30.042513025962762,12054.875562504976,12024.843677039451,30.031885465525193,0.010627560437569628
Ecker2015,Ecker2015_DFN_DC03_AC0p38_1p5tauSet,Ecker2015_DFN_DC03,0.38,0.6799999999999999,1.5,0.1564332233997891,12014.071557103864,12005.600030625194,8.471526478670057,12014.071557103802,12005.615612977354,8.45594412644823,0.015582352221827023
Ecker2015,Ecker2015_DFN_DC03_AC0p38_1p5tauSet,Ecker2015_DFN_DC03,0.38,0.6799999999999999,1.5,0.155901921246128,11973.267551702684,11910.55208021185,62.71547149083381,11973.267551702631,11910.55023517062,62.717316532010955,-0.0018450411771482322
Ecker2015,Ecker2015_DFN_DC03_AC0p38_1p5tauSet,Ecker2015_DFN_DC03,0.38,0.6799999999999999,1.5,0.15537061909246688,11932.463546301504,11884.248461618812,48.21508468269167,11932.463546301457,11884.254966905539,48.208579395917695,0.00650528677397233
Ecker2015,Ecker2015_DFN_DC03_AC0p38_1p5tauSet,Ecker2015_DFN_DC03,0.38,0.6799999999999999,1.5,0.1548393169388058,11891.659540900322,11865.81752543742,25.842015462902054,11891.659540900284,11865.828849013242,25.83069188704212,0.011323575859933044
Ecker2015,Ecker2015_DFN_DC03_AC0p38_1p5tauSet,Ecker2015_DFN_DC03,0.38,0.6799999999999999,1.5,0.15430801478514466,11850.855535499148,11845.689459134497,5.1660763646505075,11850.855535499111,11845.708512511565,5.147022987546734,0.019053377103773528
Ecker2015,Ecker2015_DFN_DC03_AC0p38_1p5tauSet,Ecker2015_DFN_DC03,0.38,0.6799999999999999,1.5,0.15377671263148357,11810.051530097979,11748.027603856199,62.02392624177992,11810.051530097939,11748.038220126236,62.013309971702256,0.010616270077662193
Ecker2015,Ecker2015_DFN_DC03_AC0p38_1p5tauSet,Ecker2015_DFN_DC03,0.38,0.6799999999999999,1.5,0.15324541047782247,11769.247524696804,11725.004572993224,44.24295170357982,11769.247524696766,11725.013267649403,44.23425704736292,0.00869465621690324
Ecker2015,Ecker2015_DFN_DC03_AC0p38_1p5tauSet,Ecker2015_DFN_DC03,0.38,0.6799999999999999,1.5,0.15271410832416135,11728.443519295635,11706.757084209874,21.68643508576133,11728.443519295592,11706.768335247836,21.675184047755465,0.011251038005866576
Ecker2015,Ecker2015_DFN_DC03_AC0p38_1p5tauSet,Ecker2015_DFN_DC03,0.38,0.6799999999999999,1.5,0.15218280617050023,11687.639513894454,11685.265606006911,2.373907887542373,11687.639513894419,11685.289971256962,2.349542637457489,0.024365250084883883
Ecker2015,Ecker2015_DFN_DC03_AC0p38_1p5tauSet,Ecker2015_DFN_DC03,0.38,0.6799999999999999,1.5,0.15165150401683913,11646.835508493275,11587.002108633262,59.83339986001374,11646.835508493246,11587.003462444718,59.832046048528355,0.0013538114853872685
Ecker2015,Ecker2015_DFN_DC03_AC0p38_1p5tauSet,Ecker2015_DFN_DC03,0.38,0.6799999999999999,1.5,0.15112020186317804,11606.0315030921,11565.882608452117,40.148894639982245,11606.031503092074,11565.891454476117,40.1400486159564,0.00884602402584278
Ecker2015,Ecker2015_DFN_DC03_AC0p38_1p5tauSet,Ecker2015_DFN_DC03,0.38,0.6799999999999999,1.5,0.15058889970951692,11565.227497690921,11547.610858855573,17.616638835348567,11565.227497690898,11547.62322099439,17.60427669650744,0.01236213884112658
Ecker2015,Ecker2015_DFN_DC03_AC0p38_1p5tauSet,Ecker2015_DFN_DC03,0.38,0.6799999999999999,1.5,0.1500575975558558,11524.423492289741,11523.982585773732,0.4409065160089085,11524.423492289725,11524.007106259187,0.4163860305379785,0.024520485470929998
Ecker2015,Ecker2015_DFN_DC03_AC0p38_1p5tauSet,Ecker2015_DFN_DC03,0.38,0.6799999999999999,1.5,0.1495262954021947,11483.619486888569,11426.717771106283,56.901715782285464,11483.619486888552,11426.724965565478,56.894521323074514,0.007194459210950299
Ecker2015,Ecker2015_DFN_DC03_AC0p38_1p5tauSet,Ecker2015_DFN_DC03,0.38,0.6799999999999999,1.5,0.1489949932485336,11442.815481487396,11406.83625846115,35.97922302624647,11442.81548148738,11406.844717628352,35.97076385902801,0.008459167218461516
Ecker2015,Ecker2015_DFN_DC03_AC0p38_1p5tauSet,Ecker2015_DFN_DC03,0.38,0.6799999999999999,1.5,0.14846369109487248,11402.011476086209,11388.334472289029,13.677003797180078,11402.011476086207,11388.346320590948,13.66515549525866,0.01184830192141817
Ecker2015,Ecker2015_DFN_DC03_AC0p38_1p5tauSet,Ecker2015_DFN_DC03,0.38,0.6799999999999999,1.5,0.14793238894121136,11361.207470685036,11360.879303995911,0.3281666891252826,11361.207470685033,11360.916828479605,0.29064220542750263,0.03752448369777994
Ecker2015,Ecker2015_DFN_DC03_AC0p38_1p5tauSet,Ecker2015_DFN_DC03,0.38,0.6799999999999999,1.5,0.14740108678755026,11320.403465283856,11266.910092911232,53.493372372624435,11320.40346528386,11266.906900900925,53.496564382934594,-0.0031920103101583663
Ecker2015,Ecker2015_DFN_DC03_AC0p4_1p5tauSet,Ecker2015_DFN_DC03,0.4,0.7,1.5,0.2,,,,15360.0,15309.17779094231,50.82220905768918,
Ecker2015,Ecker2015_DFN_DC03_AC0p4_1p5tauSet,Ecker2015_DFN_DC03,0.4,0.7,1.5,0.19946869784633892,,,,15319.19599459883,15291.254875258906,27.941119339922807,
Ecker2015,Ecker2015_DFN_DC03_AC0p4_1p5tauSet,Ecker2015_DFN_DC03,0.4,0.7,1.5,0.1989373956926778,,,,15278.391989197655,15271.931535805308,6.460453392346608,
Ecker2015,Ecker2015_DFN_DC03_AC0p4_1p5tauSet,Ecker2015_DFN_DC03,0.4,0.7,1.5,0.1984060935390167,,,,15237.587983796482,15172.445959176446,65.14202462003595,
Ecker2015,Ecker2015_DFN_DC03_AC0p4_1p5tauSet,Ecker2015_DFN_DC03,0.4,0.7,1.5,0.19787479138535558,,,,15196.783978395308,15150.027779609021,46.756198786286404,
Ecker2015,Ecker2015_DFN_DC03_AC0p4_1p5tauSet,Ecker2015_DFN_DC03,0.4,0.7,1.5,0.19734348923169448,,,,15155.979972994137,15132.300985917595,23.6789870765424,
Ecker2015,Ecker2015_DFN_DC03_AC0p4_1p5tauSet,Ecker2015_DFN_DC03,0.4,0.7,1.5,0.19681218707803336,,,,15115.175967592962,15111.7983890778,3.377578515162895,
Ecker2015,Ecker2015_DFN_DC03_AC0p4_1p5tauSet,Ecker2015_DFN_DC03,0.4,0.7,1.5,0.19628088492437226,,,,15074.37196219179,15011.560654119963,62.811308071826716,
Ecker2015,Ecker2015_DFN_DC03_AC0p4_1p5tauSet,Ecker2015_DFN_DC03,0.4,0.7,1.5,0.19574958277071114,,,,15033.567956790617,14990.996070349538,42.57188644107919,
Ecker2015,Ecker2015_DFN_DC03_AC0p4_1p5tauSet,Ecker2015_DFN_DC03,0.4,0.7,1.5,0.19521828061705004,,,,14992.763951389445,14973.273300136128,19.490651253316173,
Ecker2015,Ecker2015_DFN_DC03_AC0p4_1p5tauSet,Ecker2015_DFN_DC03,0.4,0.7,1.5,0.19468697846338892,,,,14951.959945988268,14950.953403203857,1.0065427844110673,
Ecker2015,Ecker2015_DFN_DC03_AC0p4_1p5tauSet,Ecker2015_DFN_DC03,0.4,0.7,1.5,0.19415567630972783,,,,14911.155940587096,14851.404141880292,59.75179870680404,
Ecker2015,Ecker2015_DFN_DC03_AC0p4_1p5tauSet,Ecker2015_DFN_DC03,0.4,0.7,1.5,0.1936243741560667,,,,14870.351935185923,14832.039797199832,38.31213798609133,
Ecker2015,Ecker2015_DFN_DC03_AC0p4_1p5tauSet,Ecker2015_DFN_DC03,0.4,0.7,1.5,0.1930930720024056,,,,14829.54792978475,14814.129347132191,15.418582652559053,
Ecker2015,Ecker2015_DFN_DC03_AC0p4_1p5tauSet,Ecker2015_DFN_DC03,0.4,0.7,1.5,0.19256176984874449,,,,14788.743924383576,14788.739470103543,0.004454280033314717,
Ecker2015,Ecker2015_DFN_DC03_AC0p4_1p5tauSet,Ecker2015_DFN_DC03,0.4,0.7,1.5,0.1920304676950834,,,,14747.939918982403,14691.692985029134,56.246933953269036,
Ecker2015,Ecker2015_DFN_DC03_AC0p4_1p5tauSet,Ecker2015_DFN_DC03,0.4,0.7,1.5,0.19149916554142227,,,,14707.13591358123,14673.123134559866,34.01277902136462,
Ecker2015,Ecker2015_DFN_DC03_AC0p4_1p5tauSet,Ecker2015_DFN_DC03,0.4,0.7,1.5,0.19096786338776117,,,,14666.331908180058,14654.814286655454,11.517621524604692,
Ecker2015,Ecker2015_DFN_DC03_AC0p4_1p5tauSet,Ecker2015_DFN_DC03,0.4,0.7,1.5,0.19043656123410005,,,,14625.527902778884,14559.959572153368,65.56833062551596,
Ecker2015,Ecker2015_DFN_DC03_AC0p4_1p5tauSet,Ecker2015_DFN_DC03,0.4,0.7,1.5,0.18990525908043895,,,,14584.723897377711,14532.27678614344,52.44711123427078,
Ecker2015,Ecker2015_DFN_DC03_AC0p4_1p5tauSet,Ecker2015_DFN_DC03,0.4,0.7,1.5,0.18937395692677783,,,,14543.919891976539,14514.21365270994,29.70623926659937,
Ecker2015,Ecker2015_DFN_DC03_AC0p4_1p5tauSet,Ecker2015_DFN_DC03,0.4,0.7,1.5,0.18884265477311674,,,,14503.115886575366,14495.251153933485,7.864732641881346,
Ecker2015,Ecker2015_DFN_DC03_AC0p4_1p5tauSet,Ecker2015_DFN_DC03,0.4,0.7,1.5,0.1883113526194556,,,,14462.31188117419,14396.552820511884,65.75906066230527,
Ecker2015,Ecker2015_DFN_DC03_AC0p4_1p5tauSet,Ecker2015_DFN_DC03,0.4,0.7,1.5,0.18778005046579452,,,,14421.50787577302,14373.063025255975,48.44485051704578,
Ecker2015,Ecker2015_DFN_DC03_AC0p4_1p5tauSet,Ecker2015_DFN_DC03,0.4,0.7,1.5,0.1872487483121334,,,,14380.703870371844,14355.279516249044,25.42435412280065,
Ecker2015,Ecker2015_DFN_DC03_AC0p4_1p5tauSet,Ecker2015_DFN_DC03,0.4,0.7,1.5,0.1867174461584723,,,,14339.899864970672,14335.321103241256,4.578761729415419,
Ecker2015,Ecker2015_DFN_DC03_AC0p4_1p5tauSet,Ecker2015_DFN_DC03,0.4,0.7,1.5,0.18618614400481118,,,,14299.095859569497,14235.21379967175,63.88205989774724,
Ecker2015,Ecker2015_DFN_DC03_AC0p4_1p5tauSet,Ecker2015_DFN_DC03,0.4,0.7,1.5,0.18565484185115008,,,,14258.291854168327,14213.98843306647,44.30342110185666,
Ecker2015,Ecker2015_DFN_DC03_AC0p4_1p5tauSet,Ecker2015_DFN_DC03,0.4,0.7,1.5,0.18512353969748896,,,,14217.487848767152,14196.28682212213,21.201026645021557,
Ecker2015,Ecker2015_DFN_DC03_AC0p4_1p5tauSet,Ecker2015_DFN_DC03,0.4,0.7,1.5,0.18459223754382786,,,,14176.68384336598,14174.816290834995,1.8675525309845398,
Ecker2015,Ecker2015_DFN_DC03_AC0p4_1p5tauSet,Ecker2015_DFN_DC03,0.4,0.7,1.5,0.18406093539016677,,,,14135.879837964807,14074.804601974847,61.075235989959765,
Ecker2015,Ecker2015_DFN_DC03_AC0p4_1p5tauSet,Ecker2015_DFN_DC03,0.4,0.7,1.5,0.18352963323650565,,,,14095.075832563634,14055.00578856631,40.07004399732432,
Ecker2015,Ecker2015_DFN_DC03_AC0p4_1p5tauSet,Ecker2015_DFN_DC03,0.4,0.7,1.5,0.18299833108284452,,,,14054.27182716246,14037.196441796063,17.075385366397313,
Ecker2015,Ecker2015_DFN_DC03_AC0p4_1p5tauSet,Ecker2015_DFN_DC03,0.4,0.7,1.5,0.18246702892918343,,,,14013.467821761287,14013.296276400015,0.17154536127236497,
Ecker2015,Ecker2015_DFN_DC03_AC0p4_1p5tauSet,Ecker2015_DFN_DC03,0.4,0.7,1.5,0.18193572677552233,,,,13972.663816360115,13914.93355048401,57.73026587610548,
Ecker2015,Ecker2015_DFN_DC03_AC0p4_1p5tauSet,Ecker2015_DFN_DC03,0.4,0.7,1.5,0.1814044246218612,,,,13931.859810958942,13896.076892252808,35.782918706134296,
Ecker2015,Ecker2015_DFN_DC03_AC0p4_1p5tauSet,Ecker2015_DFN_DC03,0.4,0.7,1.5,0.1808731224682001,,,,13891.055805557766,13877.959483612523,13.09632194524238,
Ecker2015,Ecker2015_DFN_DC03_AC0p4_1p5tauSet,Ecker2015_DFN_DC03,0.4,0.7,1.5,0.180341820314539,,,,13850.251800156593,13786.409415021702,63.84238513489072,
Ecker2015,Ecker2015_DFN_DC03_AC0p4_1p5tauSet,Ecker2015_DFN_DC03,0.4,0.7,1.5,0.1798105181608779,,,,13809.447794755424,13755.409671152867,54.03812360255688,
Ecker2015,Ecker2015_DFN_DC03_AC0p4_1p5tauSet,Ecker2015_DFN_DC03,0.4,0.7,1.5,0.17927921600721677,,,,13768.643789354248,13737.168286963695,31.47550239055272,
Ecker2015,Ecker2015_DFN_DC03_AC0p4_1p5tauSet,Ecker2015_DFN_DC03,0.4,0.7,1.5,0.17874791385355568,,,,13727.839783953075,13718.509699514445,9.330084438630365,
Ecker2015,Ecker2015_DFN_DC03_AC0p4_1p5tauSet,Ecker2015_DFN_DC03,0.4,0.7,1.5,0.17821661169989456,,,,13687.0357785519,13620.975077254614,66.06070129728687,
Ecker2015,Ecker2015_DFN_DC03_AC0p4_1p5tauSet,Ecker2015_DFN_DC03,0.4,0.7,1.5,0.17768530954623346,,,,13646.23177315073,13596.121611194532,50.11016195619777,
Ecker2015,Ecker2015_DFN_DC03_AC0p4_1p5tauSet,Ecker2015_DFN_DC03,0.4,0.7,1.5,0.17715400739257234,,,,13605.427767749556,13578.248209405876,27.179558343679673,
Ecker2015,Ecker2015_DFN_DC03_AC0p4_1p5tauSet,Ecker2015_DFN_DC03,0.4,0.7,1.5,0.17662270523891124,,,,13564.623762348383,13558.74895733839,5.874805009992997,
Ecker2015,Ecker2015_DFN_DC03_AC0p4_1p5tauSet,Ecker2015_DFN_DC03,0.4,0.7,1.5,0.17609140308525012,,,,13523.81975694721,13459.01791353864,64.80184340856977,
Ecker2015,Ecker2015_DFN_DC03_AC0p4_1p5tauSet,Ecker2015_DFN_DC03,0.4,0.7,1.5,0.17556010093158902,,,,13483.015751546038,13436.996233381327,46.01951816471046,
Ecker2015,Ecker2015_DFN_DC03_AC0p4_1p5tauSet,Ecker2015_DFN_DC03,0.4,0.7,1.5,0.1750287987779279,,,,13442.211746144863,13419.283944957166,22.927801187697696,
Ecker2015,Ecker2015_DFN_DC03_AC0p4_1p5tauSet,Ecker2015_DFN_DC03,0.4,0.7,1.5,0.1744974966242668,,,,13401.40774074369,13398.515040467155,2.892700276535834,
Ecker2015,Ecker2015_DFN_DC03_AC0p4_1p5tauSet,Ecker2015_DFN_DC03,0.4,0.7,1.5,0.17396619447060568,,,,13360.603735342518,13298.294018105013,62.30971723750554,
Ecker2015,Ecker2015_DFN_DC03_AC0p4_1p5tauSet,Ecker2015_DFN_DC03,0.4,0.7,1.5,0.1734348923169446,,,,13319.799729941346,13277.980809741955,41.81892019939005,
Ecker2015,Ecker2015_DFN_DC03_AC0p4_1p5tauSet,Ecker2015_DFN_DC03,0.4,0.7,1.5,0.17290359016328347,,,,13278.99572454017,13260.238958347409,18.75676619276055,
Ecker2015,Ecker2015_DFN_DC03_AC0p4_1p5tauSet,Ecker2015_DFN_DC03,0.4,0.7,1.5,0.17237228800962237,,,,13238.191719138997,13237.494279634346,0.6974395046509017,
Ecker2015,Ecker2015_DFN_DC03_AC0p4_1p5tauSet,Ecker2015_DFN_DC03,0.4,0.7,1.5,0.17184098585596125,,,,13197.387713737824,13138.231944990976,59.15576874684848,
Ecker2015,Ecker2015_DFN_DC03_AC0p4_1p5tauSet,Ecker2015_DFN_DC03,0.4,0.7,1.5,0.17130968370230015,,,,13156.583708336651,13119.034059929432,37.54964840721914,
Ecker2015,Ecker2015_DFN_DC03_AC0p4_1p5tauSet,Ecker2015_DFN_DC03,0.4,0.7,1.5,0.17077838154863903,,,,13115.779702935477,13101.069063336805,14.71063959867206,
Ecker2015,Ecker2015_DFN_DC03_AC0p4_1p5tauSet,Ecker2015_DFN_DC03,0.4,0.7,1.5,0.17024707939497793,,,,13074.975697534304,13074.885274543052,0.09042299125212594,
Ecker2015,Ecker2015_DFN_DC03_AC0p4_1p5tauSet,Ecker2015_DFN_DC03,0.4,0.7,1.5,0.1697157772413168,,,,13034.171692133132,12978.581992120977,55.589700012154935,
Ecker2015,Ecker2015_DFN_DC03_AC0p4_1p5tauSet,Ecker2015_DFN_DC03,0.4,0.7,1.5,0.16918447508765572,,,,12993.36768673196,12960.120993189803,33.24669354215621,
Ecker2015,Ecker2015_DFN_DC03_AC0p4_1p5tauSet,Ecker2015_DFN_DC03,0.4,0.7,1.5,0.16865317293399462,,,,12952.563681330786,12941.716379076219,10.847302254567694,
Ecker2015,Ecker2015_DFN_DC03_AC0p4_1p5tauSet,Ecker2015_DFN_DC03,0.4,0.7,1.5,0.1681218707803335,,,,12911.759675929614,12845.881472555846,65.87820337376797,
Ecker2015,Ecker2015_DFN_DC03_AC0p4_1p5tauSet,Ecker2015_DFN_DC03,0.4,0.7,1.5,0.16759056862667238,,,,12870.95567052844,12819.207463578017,51.74820695042217,
Ecker2015,Ecker2015_DFN_DC03_AC0p4_1p5tauSet,Ecker2015_DFN_DC03,0.4,0.7,1.5,0.16705926647301128,,,,12830.151665127267,12801.209478223958,28.94218690330854,
Ecker2015,Ecker2015_DFN_DC03_AC0p4_1p5tauSet,Ecker2015_DFN_DC03,0.4,0.7,1.5,0.16652796431935019,,,,12789.347659726094,12782.098383255952,7.249276470141922,
Ecker2015,Ecker2015_DFN_DC03_AC0p4_1p5tauSet,Ecker2015_DFN_DC03,0.4,0.7,1.5,0.16599666216568906,,,,12748.543654324922,12683.019209715867,65.52444460905463,
Ecker2015,Ecker2015_DFN_DC03_AC0p4_1p5tauSet,Ecker2015_DFN_DC03,0.4,0.7,1.5,0.16546536001202794,,,,12707.739648923745,12660.022487438218,47.71716148552696,
Ecker2015,Ecker2015_DFN_DC03_AC0p4_1p5tauSet,Ecker2015_DFN_DC03,0.4,0.7,1.5,0.16493405785836684,,,,12666.935643522573,12642.267512013577,24.66813150899543,
Ecker2015,Ecker2015_DFN_DC03_AC0p4_1p5tauSet,Ecker2015_DFN_DC03,0.4,0.7,1.5,0.16440275570470575,,,,12626.1316381214,12622.085160718467,4.046477402933306,
Ecker2015,Ecker2015_DFN_DC03_AC0p4_1p5tauSet,Ecker2015_DFN_DC03,0.4,0.7,1.5,0.16387145355104463,,,,12585.327632720227,12521.892246157407,63.435386562819986,
Ecker2015,Ecker2015_DFN_DC03_AC0p4_1p5tauSet,Ecker2015_DFN_DC03,0.4,0.7,1.5,0.1633401513973835,,,,12544.523627319053,12500.967365771925,43.55626154712809,
Ecker2015,Ecker2015_DFN_DC03_AC0p4_1p5tauSet,Ecker2015_DFN_DC03,0.4,0.7,1.5,0.1628088492437224,,,,12503.71962191788,12483.260518720313,20.459103197566947,
Ecker2015,Ecker2015_DFN_DC03_AC0p4_1p5tauSet,Ecker2015_DFN_DC03,0.4,0.7,1.5,0.1622775470900613,,,,12462.915616516708,12461.443187890382,1.4724286263262911,
Ecker2015,Ecker2015_DFN_DC03_AC0p4_1p5tauSet,Ecker2015_DFN_DC03,0.4,0.7,1.5,0.1617462449364002,,,,12422.111611115535,12361.598815753305,60.51279536223046,
Ecker2015,Ecker2015_DFN_DC03_AC0p4_1p5tauSet,Ecker2015_DFN_DC03,0.4,0.7,1.5,0.1612149427827391,,,,12381.307605714363,12341.996887655654,39.31071805870852,
Ecker2015,Ecker2015_DFN_DC03_AC0p4_1p5tauSet,Ecker2015_DFN_DC03,0.4,0.7,1.5,0.16068364062907797,,,,12340.503600313188,12324.148024354417,16.355575958770714,
Ecker2015,Ecker2015_DFN_DC03_AC0p4_1p5tauSet,Ecker2015_DFN_DC03,0.4,0.7,1.5,0.16015233847541688,,,,12299.699594912017,12299.653385286714,0.04620962530316319,
Ecker2015,Ecker2015_DFN_DC03_AC0p4_1p5tauSet,Ecker2015_DFN_DC03,0.4,0.7,1.5,0.15962103632175575,12258.895589510907,,,12258.895589510843,12201.800310339924,57.09527917091873,
Ecker2015,Ecker2015_DFN_DC03_AC0p4_1p5tauSet,Ecker2015_DFN_DC03,0.4,0.7,1.5,0.15908973416809466,12218.091584109725,,,12218.09158410967,12183.073960211115,35.01762389855503,
Ecker2015,Ecker2015_DFN_DC03_AC0p4_1p5tauSet,Ecker2015_DFN_DC03,0.4,0.7,1.5,0.15855843201443354,12177.287578708558,,,12177.287578708494,12164.87873476412,12.408843944374894,
Ecker2015,Ecker2015_DFN_DC03_AC0p4_1p5tauSet,Ecker2015_DFN_DC03,0.4,0.7,1.5,0.15802712986077244,12136.483573307383,,,12136.483573307325,12071.660396334939,64.82317697238614,
Ecker2015,Ecker2015_DFN_DC03_AC0p4_1p5tauSet,Ecker2015_DFN_DC03,0.4,0.7,1.5,0.15749582770711132,12095.67956790621,,,12095.679567906149,12042.325061127256,53.354506778892755,
Ecker2015,Ecker2015_DFN_DC03_AC0p4_1p5tauSet,Ecker2015_DFN_DC03,0.4,0.7,1.5,0.15696452555345022,12054.875562505042,12024.16484266373,30.71071984131231,12054.875562504976,12024.165629930103,30.709932574873164,0.0007872664391470607
Ecker2015,Ecker2015_DFN_DC03_AC0p4_1p5tauSet,Ecker2015_DFN_DC03,0.4,0.7,1.5,0.1564332233997891,12014.071557103864,12005.377861932768,8.693695171095897,12014.071557103802,12005.3820964129,8.689460690900887,0.0042344801950093824
Ecker2015,Ecker2015_DFN_DC03_AC0p4_1p5tauSet,Ecker2015_DFN_DC03,0.4,0.7,1.5,0.155901921246128,11973.267551702684,11907.301893981252,65.96565772143185,11973.267551702631,11907.290407336612,65.97714436601927,-0.011486644587421324
Ecker2015,Ecker2015_DFN_DC03_AC0p4_1p5tauSet,Ecker2015_DFN_DC03,0.4,0.7,1.5,0.15537061909246688,11932.463546301504,11883.072778033162,49.39076826834207,11932.463546301457,11883.070524833542,49.39302146791488,-0.0022531995728058973
Ecker2015,Ecker2015_DFN_DC03_AC0p4_1p5tauSet,Ecker2015_DFN_DC03,0.4,0.7,1.5,0.1548393169388058,11891.659540900322,11865.239948600629,26.41959229969325,11891.659540900284,11865.240156122612,26.41938477767144,0.00020752202181029133
Ecker2015,Ecker2015_DFN_DC03_AC0p4_1p5tauSet,Ecker2015_DFN_DC03,0.4,0.7,1.5,0.15430801478514466,11850.855535499148,11845.54838762388,5.307147875268129,11850.855535499111,11845.551754556778,5.3037809423331055,0.0033669329350232147
Ecker2015,Ecker2015_DFN_DC03_AC0p4_1p5tauSet,Ecker2015_DFN_DC03,0.4,0.7,1.5,0.15377671263148357,11810.051530097979,11745.648090235301,64.40343986267726,11810.051530097939,11745.626436928442,64.4250931694969,-0.021653306819644058
Ecker2015,Ecker2015_DFN_DC03_AC0p4_1p5tauSet,Ecker2015_DFN_DC03,0.4,0.7,1.5,0.15324541047782247,11769.247524696804,11723.970270486036,45.27725421076866,11769.247524696766,11723.968135076977,45.27938961978907,-0.0021354090204113163
Ecker2015,Ecker2015_DFN_DC03_AC0p4_1p5tauSet,Ecker2015_DFN_DC03,0.4,0.7,1.5,0.15271410832416135,11728.443519295635,11706.263586565101,22.179932730534347,11728.443519295592,11706.264370969542,22.17914832604947,0.0007844044848752674
Ecker2015,Ecker2015_DFN_DC03_AC0p4_1p5tauSet,Ecker2015_DFN_DC03,0.4,0.7,1.5,0.15218280617050023,11687.639513894454,11685.197931779772,2.441582114681296,11687.639513894419,11685.207757982958,2.431755911460641,0.009826203220654861
Ecker2015,Ecker2015_DFN_DC03_AC0p4_1p5tauSet,Ecker2015_DFN_DC03,0.4,0.7,1.5,0.15165150401683913,11646.835508493275,11585.055290718246,61.78021777502909,11646.835508493246,11585.047646339808,61.787862153438255,-0.0076443784091679845
Ecker2015,Ecker2015_DFN_DC03_AC0p4_1p5tauSet,Ecker2015_DFN_DC03,0.4,0.7,1.5,0.15112020186317804,11606.0315030921,11564.970738256141,41.06076483595825,11606.031503092074,11564.96770460473,41.063798487342865,-0.0030336513846123125
Ecker2015,Ecker2015_DFN_DC03_AC0p4_1p5tauSet,Ecker2015_DFN_DC03,0.4,0.7,1.5,0.15058889970951692,11565.227497690921,11547.200836714686,18.02666097623478,11565.227497690898,11547.200701300188,18.026796390709933,-0.0001354144751530839
Ecker2015,Ecker2015_DFN_DC03_AC0p4_1p5tauSet,Ecker2015_DFN_DC03,0.4,0.7,1.5,0.1500575975558558,11524.423492289741,11523.985747894496,0.4377443952453177,11524.423492289725,11523.989083941955,0.4344083477699314,0.0033360474753862945
Ecker2015,Ecker2015_DFN_DC03_AC0p4_1p5tauSet,Ecker2015_DFN_DC03,0.4,0.7,1.5,0.1495262954021947,11483.619486888569,11425.094545281296,58.52494160727292,11483.619486888552,11425.07252166705,58.54696522150152,-0.022023614228601218
Ecker2015,Ecker2015_DFN_DC03_AC0p4_1p5tauSet,Ecker2015_DFN_DC03,0.4,0.7,1.5,0.1489949932485336,11442.815481487396,11406.03135209124,36.78412939615555,11442.81548148738,11406.029380403674,36.786101083705944,-0.001971687550394563
Ecker2015,Ecker2015_DFN_DC03_AC0p4_1p5tauSet,Ecker2015_DFN_DC03,0.4,0.7,1.5,0.14846369109487248,11402.011476086209,11388.00273465335,14.008741432859097,11402.011476086207,11388.003060489786,14.0084155964214,0.00032583643769612536
Ecker2015,Ecker2015_DFN_DC03_AC0p4_1p5tauSet,Ecker2015_DFN_DC03,0.4,0.7,1.5,0.14793238894121136,11361.207470685036,11299.898480054624,61.308990630412154,11361.207470685033,11299.847102106572,61.36036857846011,-0.051377948047957034
Ecker2015,Ecker2015_DFN_DC03_AC0p4_1p5tauSet,Ecker2015_DFN_DC03,0.4,0.7,1.5,0.14740108678755026,11320.403465283856,11265.485875688943,54.91758959491381,11320.40346528386,11265.479586539142,54.92387874471751,-0.0062891498037060956
Ecker2015,Ecker2015_DFN_DC03_AC0p5_1p5tauSet,Ecker2015_DFN_DC03,0.5,0.8,1.5,0.2,,,,15360.0,15304.06844170211,55.93155829789066,
Ecker2015,Ecker2015_DFN_DC03_AC0p5_1p5tauSet,Ecker2015_DFN_DC03,0.5,0.8,1.5,0.19946869784633892,,,,15319.19599459883,15288.5986894098,30.597305189028702,
Ecker2015,Ecker2015_DFN_DC03_AC0p5_1p5tauSet,Ecker2015_DFN_DC03,0.5,0.8,1.5,0.1989373956926778,,,,15278.391989197655,15271.110711951951,7.281277245703677,
Ecker2015,Ecker2015_DFN_DC03_AC0p5_1p5tauSet,Ecker2015_DFN_DC03,0.5,0.8,1.5,0.1984060935390167,,,,15237.587983796482,15162.827199865713,74.76078393076932,
Ecker2015,Ecker2015_DFN_DC03_AC0p5_1p5tauSet,Ecker2015_DFN_DC03,0.5,0.8,1.5,0.19787479138535558,,,,15196.783978395308,15145.481194669303,51.302783726005146,
Ecker2015,Ecker2015_DFN_DC03_AC0p5_1p5tauSet,Ecker2015_DFN_DC03,0.5,0.8,1.5,0.19734348923169448,,,,15155.979972994137,15130.001376381937,25.978596612199908,
Ecker2015,Ecker2015_DFN_DC03_AC0p5_1p5tauSet,Ecker2015_DFN_DC03,0.5,0.8,1.5,0.19681218707803336,,,,15115.175967592962,15111.307253234207,3.868714358755824,
Ecker2015,Ecker2015_DFN_DC03_AC0p5_1p5tauSet,Ecker2015_DFN_DC03,0.5,0.8,1.5,0.19628088492437226,,,,15074.37196219179,15003.512384959506,70.85957723228421,
Ecker2015,Ecker2015_DFN_DC03_AC0p5_1p5tauSet,Ecker2015_DFN_DC03,0.5,0.8,1.5,0.19574958277071114,,,,15033.567956790617,14986.946001706046,46.6219550845708,
Ecker2015,Ecker2015_DFN_DC03_AC0p5_1p5tauSet,Ecker2015_DFN_DC03,0.5,0.8,1.5,0.19521828061705004,,,,14992.763951389445,14971.317668825826,21.446282563618297,
Ecker2015,Ecker2015_DFN_DC03_AC0p5_1p5tauSet,Ecker2015_DFN_DC03,0.5,0.8,1.5,0.19468697846338892,,,,14951.959945988268,14869.601991310825,82.35795467744356,
Ecker2015,Ecker2015_DFN_DC03_AC0p5_1p5tauSet,Ecker2015_DFN_DC03,0.5,0.8,1.5,0.19415567630972783,,,,14911.155940587096,14844.472062693552,66.68387789354347,
Ecker2015,Ecker2015_DFN_DC03_AC0p5_1p5tauSet,Ecker2015_DFN_DC03,0.5,0.8,1.5,0.1936243741560667,,,,14870.351935185923,14828.437401914936,41.914533270986794,
Ecker2015,Ecker2015_DFN_DC03_AC0p5_1p5tauSet,Ecker2015_DFN_DC03,0.5,0.8,1.5,0.1930930720024056,,,,14829.54792978475,14812.509655866856,17.038273917894912,
Ecker2015,Ecker2015_DFN_DC03_AC0p5_1p5tauSet,Ecker2015_DFN_DC03,0.5,0.8,1.5,0.19256176984874449,,,,14788.743924383576,14706.828833481426,81.91509090215004,
Ecker2015,Ecker2015_DFN_DC03_AC0p5_1p5tauSet,Ecker2015_DFN_DC03,0.5,0.8,1.5,0.1920304676950834,,,,14747.939918982403,14685.6235671092,62.31635187320353,
Ecker2015,Ecker2015_DFN_DC03_AC0p5_1p5tauSet,Ecker2015_DFN_DC03,0.5,0.8,1.5,0.19149916554142227,,,,14707.13591358123,14669.931850687068,37.204062894163144,
Ecker2015,Ecker2015_DFN_DC03_AC0p5_1p5tauSet,Ecker2015_DFN_DC03,0.5,0.8,1.5,0.19096786338776117,,,,14666.331908180058,14653.52644986141,12.805458318647652,
Ecker2015,Ecker2015_DFN_DC03_AC0p5_1p5tauSet,Ecker2015_DFN_DC03,0.5,0.8,1.5,0.19043656123410005,,,,14625.527902778884,14546.013420204246,79.51448257463744,
Ecker2015,Ecker2015_DFN_DC03_AC0p5_1p5tauSet,Ecker2015_DFN_DC03,0.5,0.8,1.5,0.18990525908043895,,,,14584.723897377711,14526.911220274786,57.81267710292559,
Ecker2015,Ecker2015_DFN_DC03_AC0p5_1p5tauSet,Ecker2015_DFN_DC03,0.5,0.8,1.5,0.18937395692677783,,,,14543.919891976539,14511.406017427738,32.51387454880023,
Ecker2015,Ecker2015_DFN_DC03_AC0p5_1p5tauSet,Ecker2015_DFN_DC03,0.5,0.8,1.5,0.18884265477311674,,,,14503.115886575366,14494.294208290743,8.821678284622976,
Ecker2015,Ecker2015_DFN_DC03_AC0p5_1p5tauSet,Ecker2015_DFN_DC03,0.5,0.8,1.5,0.1883113526194556,,,,14462.31188117419,14386.055683408062,76.25619776612803,
Ecker2015,Ecker2015_DFN_DC03_AC0p5_1p5tauSet,Ecker2015_DFN_DC03,0.5,0.8,1.5,0.18778005046579452,,,,14421.50787577302,14368.294341870484,53.213533902537165,
Ecker2015,Ecker2015_DFN_DC03_AC0p5_1p5tauSet,Ecker2015_DFN_DC03,0.5,0.8,1.5,0.1872487483121334,,,,14380.703870371844,14352.8351258843,27.868744487544973,
Ecker2015,Ecker2015_DFN_DC03_AC0p5_1p5tauSet,Ecker2015_DFN_DC03,0.5,0.8,1.5,0.1867174461584723,,,,14339.899864970672,14334.695015539786,5.204849430885588,
Ecker2015,Ecker2015_DFN_DC03_AC0p5_1p5tauSet,Ecker2015_DFN_DC03,0.5,0.8,1.5,0.18618614400481118,,,,14299.095859569497,14226.593172289617,72.50268727988077,
Ecker2015,Ecker2015_DFN_DC03_AC0p5_1p5tauSet,Ecker2015_DFN_DC03,0.5,0.8,1.5,0.18565484185115008,,,,14258.291854168327,14209.741005699285,48.55084846904174,
Ecker2015,Ecker2015_DFN_DC03_AC0p5_1p5tauSet,Ecker2015_DFN_DC03,0.5,0.8,1.5,0.18512353969748896,,,,14217.487848767152,14194.19099975386,23.29684901329165,
Ecker2015,Ecker2015_DFN_DC03_AC0p5_1p5tauSet,Ecker2015_DFN_DC03,0.5,0.8,1.5,0.18459223754382786,,,,14176.68384336598,14095.84445897838,80.83938438760015,
Ecker2015,Ecker2015_DFN_DC03_AC0p5_1p5tauSet,Ecker2015_DFN_DC03,0.5,0.8,1.5,0.18406093539016677,,,,14135.879837964807,14067.45220172563,68.42763623917745,
Ecker2015,Ecker2015_DFN_DC03_AC0p5_1p5tauSet,Ecker2015_DFN_DC03,0.5,0.8,1.5,0.18352963323650565,,,,14095.075832563634,14051.224391642987,43.85144092064729,
Ecker2015,Ecker2015_DFN_DC03_AC0p5_1p5tauSet,Ecker2015_DFN_DC03,0.5,0.8,1.5,0.18299833108284452,,,,14054.27182716246,14035.439351460638,18.83247570182175,
Ecker2015,Ecker2015_DFN_DC03_AC0p5_1p5tauSet,Ecker2015_DFN_DC03,0.5,0.8,1.5,0.18246702892918343,,,,14013.467821761287,13931.004521981911,82.46329977937603,
Ecker2015,Ecker2015_DFN_DC03_AC0p5_1p5tauSet,Ecker2015_DFN_DC03,0.5,0.8,1.5,0.18193572677552233,,,,13972.663816360115,13908.532756222143,64.13106013797187,
Ecker2015,Ecker2015_DFN_DC03_AC0p5_1p5tauSet,Ecker2015_DFN_DC03,0.5,0.8,1.5,0.1814044246218612,,,,13931.859810958942,13892.720386961819,39.13942399712323,
Ecker2015,Ecker2015_DFN_DC03_AC0p5_1p5tauSet,Ecker2015_DFN_DC03,0.5,0.8,1.5,0.1808731224682001,,,,13891.055805557766,13876.535489952821,14.520315604944699,
Ecker2015,Ecker2015_DFN_DC03_AC0p5_1p5tauSet,Ecker2015_DFN_DC03,0.5,0.8,1.5,0.180341820314539,,,,13850.251800156593,13769.613295673209,80.63850448338417,
Ecker2015,Ecker2015_DFN_DC03_AC0p5_1p5tauSet,Ecker2015_DFN_DC03,0.5,0.8,1.5,0.1798105181608779,,,,13809.447794755424,13749.770034384755,59.67776037066869,
Ecker2015,Ecker2015_DFN_DC03_AC0p5_1p5tauSet,Ecker2015_DFN_DC03,0.5,0.8,1.5,0.17927921600721677,,,,13768.643789354248,13734.205769191272,34.43802016297559,
Ecker2015,Ecker2015_DFN_DC03_AC0p5_1p5tauSet,Ecker2015_DFN_DC03,0.5,0.8,1.5,0.17874791385355568,,,,13727.839783953075,13717.4167000003,10.423083952775414,
Ecker2015,Ecker2015_DFN_DC03_AC0p5_1p5tauSet,Ecker2015_DFN_DC03,0.5,0.8,1.5,0.17821661169989456,,,,13687.0357785519,13609.366001725008,77.66977682689321,
Ecker2015,Ecker2015_DFN_DC03_AC0p5_1p5tauSet,Ecker2015_DFN_DC03,0.5,0.8,1.5,0.17768530954623346,,,,13646.23177315073,13591.118169878055,55.11360327267539,
Ecker2015,Ecker2015_DFN_DC03_AC0p5_1p5tauSet,Ecker2015_DFN_DC03,0.5,0.8,1.5,0.17715400739257234,,,,13605.427767749556,13575.656567858287,29.771199891269134,
Ecker2015,Ecker2015_DFN_DC03_AC0p5_1p5tauSet,Ecker2015_DFN_DC03,0.5,0.8,1.5,0.17662270523891124,,,,13564.623762348383,13557.9869964606,6.636765887782531,
Ecker2015,Ecker2015_DFN_DC03_AC0p5_1p5tauSet,Ecker2015_DFN_DC03,0.5,0.8,1.5,0.17609140308525012,,,,13523.81975694721,13449.727522084513,74.0922348626973,
Ecker2015,Ecker2015_DFN_DC03_AC0p5_1p5tauSet,Ecker2015_DFN_DC03,0.5,0.8,1.5,0.17556010093158902,,,,13483.015751546038,13432.542184972777,50.47356657326054,
Ecker2015,Ecker2015_DFN_DC03_AC0p5_1p5tauSet,Ecker2015_DFN_DC03,0.5,0.8,1.5,0.1750287987779279,,,,13442.211746144863,13417.046276368894,25.16546977596954,
Ecker2015,Ecker2015_DFN_DC03_AC0p5_1p5tauSet,Ecker2015_DFN_DC03,0.5,0.8,1.5,0.1744974966242668,,,,13401.40774074369,13398.081663545105,3.326077198586063,
Ecker2015,Ecker2015_DFN_DC03_AC0p5_1p5tauSet,Ecker2015_DFN_DC03,0.5,0.8,1.5,0.17396619447060568,,,,13360.603735342518,13290.469394159874,70.13434118264377,
Ecker2015,Ecker2015_DFN_DC03_AC0p5_1p5tauSet,Ecker2015_DFN_DC03,0.5,0.8,1.5,0.1734348923169446,,,,13319.799729941346,13274.013502227052,45.786227714294,
Ecker2015,Ecker2015_DFN_DC03_AC0p5_1p5tauSet,Ecker2015_DFN_DC03,0.5,0.8,1.5,0.17290359016328347,,,,13278.99572454017,13258.343523552952,20.65220098721693,
Ecker2015,Ecker2015_DFN_DC03_AC0p5_1p5tauSet,Ecker2015_DFN_DC03,0.5,0.8,1.5,0.17237228800962237,,,,13238.191719138997,13155.64315813095,82.54856100804682,
Ecker2015,Ecker2015_DFN_DC03_AC0p5_1p5tauSet,Ecker2015_DFN_DC03,0.5,0.8,1.5,0.17184098585596125,,,,13197.387713737824,13131.46822120789,65.91949252993436,
Ecker2015,Ecker2015_DFN_DC03_AC0p5_1p5tauSet,Ecker2015_DFN_DC03,0.5,0.8,1.5,0.17130968370230015,,,,13156.583708336651,13115.507138134808,41.076570201843424,
Ecker2015,Ecker2015_DFN_DC03_AC0p5_1p5tauSet,Ecker2015_DFN_DC03,0.5,0.8,1.5,0.17077838154863903,,,,13115.779702935477,13099.508570968068,16.27113196740902,
Ecker2015,Ecker2015_DFN_DC03_AC0p5_1p5tauSet,Ecker2015_DFN_DC03,0.5,0.8,1.5,0.17024707939497793,,,,13074.975697534304,12993.395474960458,81.58022257384619,
Ecker2015,Ecker2015_DFN_DC03_AC0p5_1p5tauSet,Ecker2015_DFN_DC03,0.5,0.8,1.5,0.1697157772413168,,,,13034.171692133132,12972.647461082406,61.524231050725575,
Ecker2015,Ecker2015_DFN_DC03_AC0p5_1p5tauSet,Ecker2015_DFN_DC03,0.5,0.8,1.5,0.16918447508765572,,,,12993.36768673196,12956.999705149527,36.36798158243255,
Ecker2015,Ecker2015_DFN_DC03_AC0p5_1p5tauSet,Ecker2015_DFN_DC03,0.5,0.8,1.5,0.16865317293399462,,,,12952.563681330786,12940.487375797737,12.07630553304989,
Ecker2015,Ecker2015_DFN_DC03_AC0p5_1p5tauSet,Ecker2015_DFN_DC03,0.5,0.8,1.5,0.1681218707803335,,,,12911.759675929614,12832.776350949209,78.98332498040509,
Ecker2015,Ecker2015_DFN_DC03_AC0p5_1p5tauSet,Ecker2015_DFN_DC03,0.5,0.8,1.5,0.16759056862667238,,,,12870.95567052844,12813.95474918297,57.00092134546867,
Ecker2015,Ecker2015_DFN_DC03_AC0p5_1p5tauSet,Ecker2015_DFN_DC03,0.5,0.8,1.5,0.16705926647301128,,,,12830.151665127267,12798.467740710124,31.683924417142407,
Ecker2015,Ecker2015_DFN_DC03_AC0p5_1p5tauSet,Ecker2015_DFN_DC03,0.5,0.8,1.5,0.16652796431935019,,,,12789.347659726094,12781.200305882487,8.147353843607561,
Ecker2015,Ecker2015_DFN_DC03_AC0p5_1p5tauSet,Ecker2015_DFN_DC03,0.5,0.8,1.5,0.16599666216568906,,,,12748.543654324922,12672.925066023858,75.61858830106394,
Ecker2015,Ecker2015_DFN_DC03_AC0p5_1p5tauSet,Ecker2015_DFN_DC03,0.5,0.8,1.5,0.16546536001202794,,,,12707.739648923745,12655.351317524453,52.38833139929193,
Ecker2015,Ecker2015_DFN_DC03_AC0p5_1p5tauSet,Ecker2015_DFN_DC03,0.5,0.8,1.5,0.16493405785836684,,,,12666.935643522573,12639.886021341616,27.049622180957158,
Ecker2015,Ecker2015_DFN_DC03_AC0p5_1p5tauSet,Ecker2015_DFN_DC03,0.5,0.8,1.5,0.16440275570470575,,,,12626.1316381214,12621.517613993818,4.614024127582525,
Ecker2015,Ecker2015_DFN_DC03_AC0p5_1p5tauSet,Ecker2015_DFN_DC03,0.5,0.8,1.5,0.16387145355104463,,,,12585.327632720227,12513.529506229414,71.79812649081396,
Ecker2015,Ecker2015_DFN_DC03_AC0p5_1p5tauSet,Ecker2015_DFN_DC03,0.5,0.8,1.5,0.1633401513973835,,,,12544.523627319053,12496.806366514287,47.71726080476583,
Ecker2015,Ecker2015_DFN_DC03_AC0p5_1p5tauSet,Ecker2015_DFN_DC03,0.5,0.8,1.5,0.1628088492437224,,,,12503.71962191788,12481.225513799358,22.49410811852249,
Ecker2015,Ecker2015_DFN_DC03_AC0p5_1p5tauSet,Ecker2015_DFN_DC03,0.5,0.8,1.5,0.1622775470900613,,,,12462.915616516708,12381.157839222315,81.75777729439324,
Ecker2015,Ecker2015_DFN_DC03_AC0p5_1p5tauSet,Ecker2015_DFN_DC03,0.5,0.8,1.5,0.1617462449364002,,,,12422.111611115535,12354.43390894664,67.67770216889585,
Ecker2015,Ecker2015_DFN_DC03_AC0p5_1p5tauSet,Ecker2015_DFN_DC03,0.5,0.8,1.5,0.1612149427827391,,,,12381.307605714363,12338.293709518455,43.013896195907364,
Ecker2015,Ecker2015_DFN_DC03_AC0p5_1p5tauSet,Ecker2015_DFN_DC03,0.5,0.8,1.5,0.16068364062907797,,,,12340.503600313188,12322.450459140095,18.053141173093536,
Ecker2015,Ecker2015_DFN_DC03_AC0p5_1p5tauSet,Ecker2015_DFN_DC03,0.5,0.8,1.5,0.16015233847541688,,,,12299.699594912017,12217.429149679303,82.27044523271434,
Ecker2015,Ecker2015_DFN_DC03_AC0p5_1p5tauSet,Ecker2015_DFN_DC03,0.5,0.8,1.5,0.15962103632175575,12258.895589510907,,,12258.895589510843,12195.546375782955,63.34921372788813,
Ecker2015,Ecker2015_DFN_DC03_AC0p5_1p5tauSet,Ecker2015_DFN_DC03,0.5,0.8,1.5,0.15908973416809466,12218.091584109725,,,12218.09158410967,12179.789515314662,38.30206879500838,
Ecker2015,Ecker2015_DFN_DC03_AC0p5_1p5tauSet,Ecker2015_DFN_DC03,0.5,0.8,1.5,0.15855843201443354,12177.287578708558,,,12177.287578708494,12163.513658144931,13.77392056356257,
Ecker2015,Ecker2015_DFN_DC03_AC0p5_1p5tauSet,Ecker2015_DFN_DC03,0.5,0.8,1.5,0.15802712986077244,12136.483573307383,,,12136.483573307325,12056.311790509017,80.17178279830841,
Ecker2015,Ecker2015_DFN_DC03_AC0p5_1p5tauSet,Ecker2015_DFN_DC03,0.5,0.8,1.5,0.15749582770711132,12095.67956790621,,,12095.679567906149,12036.80632697108,58.87324093506868,
Ecker2015,Ecker2015_DFN_DC03_AC0p5_1p5tauSet,Ecker2015_DFN_DC03,0.5,0.8,1.5,0.15696452555345022,12054.875562505042,,,12054.875562504976,12021.270548203407,33.6050143015691,
Ecker2015,Ecker2015_DFN_DC03_AC0p5_1p5tauSet,Ecker2015_DFN_DC03,0.5,0.8,1.5,0.1564332233997891,12014.071557103864,12004.413729664191,9.657827439672474,12014.071557103802,12004.34792990068,9.723627203122305,-0.06579976344983152
Ecker2015,Ecker2015_DFN_DC03_AC0p5_1p5tauSet,Ecker2015_DFN_DC03,0.5,0.8,1.5,0.155901921246128,11973.267551702684,11896.29390190094,76.9736498017428,11973.267551702631,11896.19806138834,77.0694903142903,-0.09584051254751103
Ecker2015,Ecker2015_DFN_DC03_AC0p5_1p5tauSet,Ecker2015_DFN_DC03,0.5,0.8,1.5,0.15537061909246688,11932.463546301504,11878.23065445423,54.232891847274004,11932.463546301457,11878.17028102411,54.29326527734702,-0.06037343007301388
Ecker2015,Ecker2015_DFN_DC03_AC0p5_1p5tauSet,Ecker2015_DFN_DC03,0.5,0.8,1.5,0.1548393169388058,11891.659540900322,11862.767952376562,28.89158852376022,11891.659540900284,11862.712527111176,28.947013789107586,-0.0554252653473668
Ecker2015,Ecker2015_DFN_DC03_AC0p5_1p5tauSet,Ecker2015_DFN_DC03,0.5,0.8,1.5,0.15430801478514466,11850.855535499148,11844.922854224695,5.932681274452989,11850.855535499111,11844.848616035877,6.006919463234226,-0.07423818878123711
Ecker2015,Ecker2015_DFN_DC03_AC0p5_1p5tauSet,Ecker2015_DFN_DC03,0.5,0.8,1.5,0.15377671263148357,11810.051530097979,11736.727841503784,73.32368859419512,11810.051530097939,11736.639632461765,73.41189763617331,-0.0882090419781889
Ecker2015,Ecker2015_DFN_DC03_AC0p5_1p5tauSet,Ecker2015_DFN_DC03,0.5,0.8,1.5,0.15324541047782247,11769.247524696804,11719.662087667146,49.58543702965835,11769.247524696766,11719.604661721638,49.64286297512808,-0.05742594546973123
Ecker2015,Ecker2015_DFN_DC03_AC0p5_1p5tauSet,Ecker2015_DFN_DC03,0.5,0.8,1.5,0.15271410832416135,11728.443519295635,11704.141462316375,24.30205697926067,11728.443519295592,11704.088273980988,24.355245314603962,-0.05318833534329315
Ecker2015,Ecker2015_DFN_DC03_AC0p5_1p5tauSet,Ecker2015_DFN_DC03,0.5,0.8,1.5,0.15218280617050023,11687.639513894454,11610.633520338455,77.00599355599843,11687.639513894419,11609.7880545385,77.85145935591936,-0.8454657999209303
Ecker2015,Ecker2015_DFN_DC03_AC0p5_1p5tauSet,Ecker2015_DFN_DC03,0.5,0.8,1.5,0.15165150401683913,11646.835508493275,11577.509927843517,69.3255806497582,11646.835508493246,11577.434416335747,69.40109215749908,-0.07551150774088455
Ecker2015,Ecker2015_DFN_DC03_AC0p5_1p5tauSet,Ecker2015_DFN_DC03,0.5,0.8,1.5,0.15112020186317804,11606.0315030921,11561.136825885233,44.89467720686662,11606.031503092074,11561.081704338158,44.949798753916184,-0.05512154704956629
Ecker2015,Ecker2015_DFN_DC03_AC0p5_1p5tauSet,Ecker2015_DFN_DC03,0.5,0.8,1.5,0.15058889970951692,11565.227497690921,11545.416044081008,19.81145360991286,11565.227497690898,11545.365233954139,19.862263736758905,-0.05081012684604502
Ecker2015,Ecker2015_DFN_DC03_AC0p5_1p5tauSet,Ecker2015_DFN_DC03,0.5,0.8,1.5,0.1500575975558558,11524.423492289741,11441.99253646671,82.43095582303067,11524.423492289725,11441.838067610384,82.58542467934058,-0.15446885630990437
Ecker2015,Ecker2015_DFN_DC03_AC0p5_1p5tauSet,Ecker2015_DFN_DC03,0.5,0.8,1.5,0.1495262954021947,11483.619486888569,11418.536544580395,65.0829423081741,11483.619486888552,11418.470024885342,65.14946200320992,-0.06651969503582222
Ecker2015,Ecker2015_DFN_DC03_AC0p5_1p5tauSet,Ecker2015_DFN_DC03,0.5,0.8,1.5,0.1489949932485336,11442.815481487396,11402.63049206516,40.18498942223596,11442.81548148738,11402.576840750473,40.238640736906746,-0.05365131467078754
Ecker2015,Ecker2015_DFN_DC03_AC0p5_1p5tauSet,Ecker2015_DFN_DC03,0.5,0.8,1.5,0.14846369109487248,11402.011476086209,11386.556788827607,15.454687258601552,11402.011476086207,11386.501659904698,15.50981618150945,-0.055128922907897504
Ecker2015,Ecker2015_DFN_DC03_AC0p5_1p5tauSet,Ecker2015_DFN_DC03,0.5,0.8,1.5,0.14793238894121136,11361.207470685036,11280.124757356029,81.08271332900767,11361.207470685033,11280.008537974274,81.19893271075853,-0.11621938175085234
Ecker2015,Ecker2015_DFN_DC03_AC0p5_1p5tauSet,Ecker2015_DFN_DC03,0.5,0.8,1.5,0.14740108678755026,11320.403465283856,11259.73609857859,60.66736670526552,11320.40346528386,11259.67536983151,60.72809545235032,-0.06072874708479503
Ecker2015,Ecker2015_DFN_DC03_AC0p7_1p5tauSet,Ecker2015_DFN_DC03,0.7,1.0,1.5,0.2,,,,15360.0,15297.221877976575,62.77812202342466,
Ecker2015,Ecker2015_DFN_DC03_AC0p7_1p5tauSet,Ecker2015_DFN_DC03,0.7,1.0,1.5,0.19946869784633892,,,,15319.19599459883,15284.771817035195,34.42417756363466,
Ecker2015,Ecker2015_DFN_DC03_AC0p7_1p5tauSet,Ecker2015_DFN_DC03,0.7,1.0,1.5,0.1989373956926778,,,,15278.391989197655,15167.85900890894,110.53298028871541,
Ecker2015,Ecker2015_DFN_DC03_AC0p7_1p5tauSet,Ecker2015_DFN_DC03,0.7,1.0,1.5,0.1984060935390167,,,,15237.587983796482,15151.887858876931,85.70012491955094,
Ecker2015,Ecker2015_DFN_DC03_AC0p7_1p5tauSet,Ecker2015_DFN_DC03,0.7,1.0,1.5,0.19787479138535558,,,,15196.783978395308,15139.282575167405,57.50140322790321,
Ecker2015,Ecker2015_DFN_DC03_AC0p7_1p5tauSet,Ecker2015_DFN_DC03,0.7,1.0,1.5,0.19734348923169448,,,,15155.979972994137,15126.6513530168,29.32861997733744,
Ecker2015,Ecker2015_DFN_DC03_AC0p7_1p5tauSet,Ecker2015_DFN_DC03,0.7,1.0,1.5,0.19681218707803336,,,,15115.175967592962,15008.605628907357,106.57033868560575,
Ecker2015,Ecker2015_DFN_DC03_AC0p7_1p5tauSet,Ecker2015_DFN_DC03,0.7,1.0,1.5,0.19628088492437226,,,,15074.37196219179,14993.776882173324,80.59508001846552,
Ecker2015,Ecker2015_DFN_DC03_AC0p7_1p5tauSet,Ecker2015_DFN_DC03,0.7,1.0,1.5,0.19574958277071114,,,,15033.567956790617,14981.342492796364,52.225463994253005,
Ecker2015,Ecker2015_DFN_DC03_AC0p7_1p5tauSet,Ecker2015_DFN_DC03,0.7,1.0,1.5,0.19521828061705004,,,,14992.763951389445,14968.435457257856,24.32849413158874,
Ecker2015,Ecker2015_DFN_DC03_AC0p7_1p5tauSet,Ecker2015_DFN_DC03,0.7,1.0,1.5,0.19468697846338892,,,,14951.959945988268,14849.756802615737,102.20314337253149,
Ecker2015,Ecker2015_DFN_DC03_AC0p7_1p5tauSet,Ecker2015_DFN_DC03,0.7,1.0,1.5,0.19415567630972783,,,,14911.155940587096,14835.734160729053,75.42177985804301,
Ecker2015,Ecker2015_DFN_DC03_AC0p7_1p5tauSet,Ecker2015_DFN_DC03,0.7,1.0,1.5,0.1936243741560667,,,,14870.351935185923,14823.388240579312,46.96369460661117,
Ecker2015,Ecker2015_DFN_DC03_AC0p7_1p5tauSet,Ecker2015_DFN_DC03,0.7,1.0,1.5,0.1930930720024056,,,,14829.54792978475,14714.363074952382,115.18485483236873,
Ecker2015,Ecker2015_DFN_DC03_AC0p7_1p5tauSet,Ecker2015_DFN_DC03,0.7,1.0,1.5,0.19256176984874449,,,,14788.743924383576,14691.17708286792,97.56684151565605,
Ecker2015,Ecker2015_DFN_DC03_AC0p7_1p5tauSet,Ecker2015_DFN_DC03,0.7,1.0,1.5,0.1920304676950834,,,,14747.939918982403,14677.740428818615,70.19949016378814,
Ecker2015,Ecker2015_DFN_DC03_AC0p7_1p5tauSet,Ecker2015_DFN_DC03,0.7,1.0,1.5,0.19149916554142227,,,,14707.13591358123,14665.405693580986,41.730220000245026,
Ecker2015,Ecker2015_DFN_DC03_AC0p7_1p5tauSet,Ecker2015_DFN_DC03,0.7,1.0,1.5,0.19096786338776117,,,,14666.331908180058,14551.507928296282,114.8239798837767,
Ecker2015,Ecker2015_DFN_DC03_AC0p7_1p5tauSet,Ecker2015_DFN_DC03,0.7,1.0,1.5,0.19043656123410005,,,,14625.527902778884,14532.787853784328,92.74004899455576,
Ecker2015,Ecker2015_DFN_DC03_AC0p7_1p5tauSet,Ecker2015_DFN_DC03,0.7,1.0,1.5,0.18990525908043895,,,,14584.723897377711,14519.779388553749,64.94450882396268,
Ecker2015,Ecker2015_DFN_DC03_AC0p7_1p5tauSet,Ecker2015_DFN_DC03,0.7,1.0,1.5,0.18937395692677783,,,,14543.919891976539,14507.37918876761,36.54070320892788,
Ecker2015,Ecker2015_DFN_DC03_AC0p7_1p5tauSet,Ecker2015_DFN_DC03,0.7,1.0,1.5,0.18884265477311674,,,,14503.115886575366,14391.126464427183,111.98942214818271,
Ecker2015,Ecker2015_DFN_DC03_AC0p7_1p5tauSet,Ecker2015_DFN_DC03,0.7,1.0,1.5,0.1883113526194556,,,,14462.31188117419,14374.53823618144,87.77364499274881,
Ecker2015,Ecker2015_DFN_DC03_AC0p7_1p5tauSet,Ecker2015_DFN_DC03,0.7,1.0,1.5,0.18778005046579452,,,,14421.50787577302,14361.8365547345,59.671321038520546,
Ecker2015,Ecker2015_DFN_DC03_AC0p7_1p5tauSet,Ecker2015_DFN_DC03,0.7,1.0,1.5,0.1872487483121334,,,,14380.703870371844,14349.290477311635,31.413393060209273,
Ecker2015,Ecker2015_DFN_DC03_AC0p7_1p5tauSet,Ecker2015_DFN_DC03,0.7,1.0,1.5,0.1867174461584723,,,,14339.899864970672,14231.640554537009,108.2593104336629,
Ecker2015,Ecker2015_DFN_DC03_AC0p7_1p5tauSet,Ecker2015_DFN_DC03,0.7,1.0,1.5,0.18618614400481118,,,,14299.095859569497,14216.392600116564,82.70325945293371,
Ecker2015,Ecker2015_DFN_DC03_AC0p7_1p5tauSet,Ecker2015_DFN_DC03,0.7,1.0,1.5,0.18565484185115008,,,,14258.291854168327,14203.898396247974,54.393457920352375,
Ecker2015,Ecker2015_DFN_DC03_AC0p7_1p5tauSet,Ecker2015_DFN_DC03,0.7,1.0,1.5,0.18512353969748896,,,,14217.487848767152,14191.117215277434,26.370633489717875,
Ecker2015,Ecker2015_DFN_DC03_AC0p7_1p5tauSet,Ecker2015_DFN_DC03,0.7,1.0,1.5,0.18459223754382786,,,,14176.68384336598,14072.646844499439,104.03699886654067,
Ecker2015,Ecker2015_DFN_DC03_AC0p7_1p5tauSet,Ecker2015_DFN_DC03,0.7,1.0,1.5,0.18406093539016677,,,,14135.879837964807,14058.324370363121,77.55546760168545,
Ecker2015,Ecker2015_DFN_DC03_AC0p7_1p5tauSet,Ecker2015_DFN_DC03,0.7,1.0,1.5,0.18352963323650565,,,,14095.075832563634,14045.951620763428,49.12421180020647,
Ecker2015,Ecker2015_DFN_DC03_AC0p7_1p5tauSet,Ecker2015_DFN_DC03,0.7,1.0,1.5,0.18299833108284452,,,,14054.27182716246,14032.830595435229,21.441231727230843,
Ecker2015,Ecker2015_DFN_DC03_AC0p7_1p5tauSet,Ecker2015_DFN_DC03,0.7,1.0,1.5,0.18246702892918343,,,,14013.467821761287,13913.968289462586,99.49953229870152,
Ecker2015,Ecker2015_DFN_DC03_AC0p7_1p5tauSet,Ecker2015_DFN_DC03,0.7,1.0,1.5,0.18193572677552233,,,,13972.663816360115,13900.312610067702,72.35120629241283,
Ecker2015,Ecker2015_DFN_DC03_AC0p7_1p5tauSet,Ecker2015_DFN_DC03,0.7,1.0,1.5,0.1814044246218612,,,,13931.859810958942,13887.98249389457,43.87731706437262,
Ecker2015,Ecker2015_DFN_DC03_AC0p7_1p5tauSet,Ecker2015_DFN_DC03,0.7,1.0,1.5,0.1808731224682001,,,,13891.055805557766,13775.566759272097,115.48904628566925,
Ecker2015,Ecker2015_DFN_DC03_AC0p7_1p5tauSet,Ecker2015_DFN_DC03,0.7,1.0,1.5,0.180341820314539,,,,13850.251800156593,13755.508099582725,94.74370057386841,
Ecker2015,Ecker2015_DFN_DC03_AC0p7_1p5tauSet,Ecker2015_DFN_DC03,0.7,1.0,1.5,0.1798105181608779,,,,13809.447794755424,13742.339965115345,67.10782964007922,
Ecker2015,Ecker2015_DFN_DC03_AC0p7_1p5tauSet,Ecker2015_DFN_DC03,0.7,1.0,1.5,0.17927921600721677,,,,13768.643789354248,13729.97609411124,38.667695243007984,
Ecker2015,Ecker2015_DFN_DC03_AC0p7_1p5tauSet,Ecker2015_DFN_DC03,0.7,1.0,1.5,0.17874791385355568,,,,13727.839783953075,13614.537398700606,113.30238525246932,
Ecker2015,Ecker2015_DFN_DC03_AC0p7_1p5tauSet,Ecker2015_DFN_DC03,0.7,1.0,1.5,0.17821661169989456,,,,13687.0357785519,13597.206084470627,89.82969408127428,
Ecker2015,Ecker2015_DFN_DC03_AC0p7_1p5tauSet,Ecker2015_DFN_DC03,0.7,1.0,1.5,0.17768530954623346,,,,13646.23177315073,13584.39132170212,61.84045144861011,
Ecker2015,Ecker2015_DFN_DC03_AC0p7_1p5tauSet,Ecker2015_DFN_DC03,0.7,1.0,1.5,0.17715400739257234,,,,13605.427767749556,13571.915385650771,33.512382098784656,
Ecker2015,Ecker2015_DFN_DC03_AC0p7_1p5tauSet,Ecker2015_DFN_DC03,0.7,1.0,1.5,0.17662270523891124,,,,13564.623762348383,13454.75652248873,109.86723985965364,
Ecker2015,Ecker2015_DFN_DC03_AC0p7_1p5tauSet,Ecker2015_DFN_DC03,0.7,1.0,1.5,0.17609140308525012,,,,13523.81975694721,13439.021335858286,84.79842108892444,
Ecker2015,Ecker2015_DFN_DC03_AC0p7_1p5tauSet,Ecker2015_DFN_DC03,0.7,1.0,1.5,0.17556010093158902,,,,13483.015751546038,13426.452848481786,56.56290306425217,
Ecker2015,Ecker2015_DFN_DC03_AC0p7_1p5tauSet,Ecker2015_DFN_DC03,0.7,1.0,1.5,0.1750287987779279,,,,13442.211746144863,13413.779933650958,28.431812493905454,
Ecker2015,Ecker2015_DFN_DC03_AC0p7_1p5tauSet,Ecker2015_DFN_DC03,0.7,1.0,1.5,0.1744974966242668,,,,13401.40774074369,13295.589313653754,105.81842708993645,
Ecker2015,Ecker2015_DFN_DC03_AC0p7_1p5tauSet,Ecker2015_DFN_DC03,0.7,1.0,1.5,0.17396619447060568,,,,13360.603735342518,13280.924082580797,79.67965276172072,
Ecker2015,Ecker2015_DFN_DC03_AC0p7_1p5tauSet,Ecker2015_DFN_DC03,0.7,1.0,1.5,0.1734348923169446,,,,13319.799729941346,13268.511237128208,51.288492813137054,
Ecker2015,Ecker2015_DFN_DC03_AC0p7_1p5tauSet,Ecker2015_DFN_DC03,0.7,1.0,1.5,0.17290359016328347,,,,13278.99572454017,13255.54395562296,23.451768917209847,
Ecker2015,Ecker2015_DFN_DC03_AC0p7_1p5tauSet,Ecker2015_DFN_DC03,0.7,1.0,1.5,0.17237228800962237,,,,13238.191719138997,13136.79600338574,101.39571575325681,
Ecker2015,Ecker2015_DFN_DC03_AC0p7_1p5tauSet,Ecker2015_DFN_DC03,0.7,1.0,1.5,0.17184098585596125,,,,13197.387713737824,13122.891376256699,74.49633748112501,
Ecker2015,Ecker2015_DFN_DC03_AC0p7_1p5tauSet,Ecker2015_DFN_DC03,0.7,1.0,1.5,0.17130968370230015,,,,13156.583708336651,13110.553019206342,46.03068913030984,
Ecker2015,Ecker2015_DFN_DC03_AC0p7_1p5tauSet,Ecker2015_DFN_DC03,0.7,1.0,1.5,0.17077838154863903,,,,13115.779702935477,13000.243478217451,115.53622471802555,
Ecker2015,Ecker2015_DFN_DC03_AC0p7_1p5tauSet,Ecker2015_DFN_DC03,0.7,1.0,1.5,0.17024707939497793,,,,13074.975697534304,12978.254863471926,96.72083406237834,
Ecker2015,Ecker2015_DFN_DC03_AC0p7_1p5tauSet,Ecker2015_DFN_DC03,0.7,1.0,1.5,0.1697157772413168,,,,13034.171692133132,12964.904583285334,69.26710884779823,
Ecker2015,Ecker2015_DFN_DC03_AC0p7_1p5tauSet,Ecker2015_DFN_DC03,0.7,1.0,1.5,0.16918447508765572,,,,12993.36768673196,12952.56385996893,40.803826763029065,
Ecker2015,Ecker2015_DFN_DC03_AC0p7_1p5tauSet,Ecker2015_DFN_DC03,0.7,1.0,1.5,0.16865317293399462,,,,12952.563681330786,12838.142977443678,114.42070388710817,
Ecker2015,Ecker2015_DFN_DC03_AC0p7_1p5tauSet,Ecker2015_DFN_DC03,0.7,1.0,1.5,0.1681218707803335,,,,12911.759675929614,12819.893625931549,91.86604999806514,
Ecker2015,Ecker2015_DFN_DC03_AC0p7_1p5tauSet,Ecker2015_DFN_DC03,0.7,1.0,1.5,0.16759056862667238,,,,12870.95567052844,12806.947801451963,64.00786907647671,
Ecker2015,Ecker2015_DFN_DC03_AC0p7_1p5tauSet,Ecker2015_DFN_DC03,0.7,1.0,1.5,0.16705926647301128,,,,12830.151665127267,12794.527722942148,35.62394218511872,
Ecker2015,Ecker2015_DFN_DC03_AC0p7_1p5tauSet,Ecker2015_DFN_DC03,0.7,1.0,1.5,0.16652796431935019,,,,12789.347659726094,12677.972754994682,111.37490473141224,
Ecker2015,Ecker2015_DFN_DC03_AC0p7_1p5tauSet,Ecker2015_DFN_DC03,0.7,1.0,1.5,0.16599666216568906,,,,12748.543654324922,12661.664781208583,86.87887311633858,
Ecker2015,Ecker2015_DFN_DC03_AC0p7_1p5tauSet,Ecker2015_DFN_DC03,0.7,1.0,1.5,0.16546536001202794,,,,12707.739648923745,12649.006772202118,58.73287672162769,
Ecker2015,Ecker2015_DFN_DC03_AC0p7_1p5tauSet,Ecker2015_DFN_DC03,0.7,1.0,1.5,0.16493405785836684,,,,12666.935643522573,12636.425759489695,30.50988403287738,
Ecker2015,Ecker2015_DFN_DC03_AC0p7_1p5tauSet,Ecker2015_DFN_DC03,0.7,1.0,1.5,0.16440275570470575,,,,12626.1316381214,12518.593779730409,107.53785839099146,
Ecker2015,Ecker2015_DFN_DC03_AC0p7_1p5tauSet,Ecker2015_DFN_DC03,0.7,1.0,1.5,0.16387145355104463,,,,12585.327632720227,12503.534654225854,81.79297849437353,
Ecker2015,Ecker2015_DFN_DC03_AC0p7_1p5tauSet,Ecker2015_DFN_DC03,0.7,1.0,1.5,0.1633401513973835,,,,12544.523627319053,12491.068056885573,53.45557043347981,
Ecker2015,Ecker2015_DFN_DC03_AC0p7_1p5tauSet,Ecker2015_DFN_DC03,0.7,1.0,1.5,0.1628088492437224,,,,12503.71962191788,12478.234683414086,25.484938503794183,
Ecker2015,Ecker2015_DFN_DC03_AC0p7_1p5tauSet,Ecker2015_DFN_DC03,0.7,1.0,1.5,0.1622775470900613,,,,12462.915616516708,12359.665805683126,103.24981083358216,
Ecker2015,Ecker2015_DFN_DC03_AC0p7_1p5tauSet,Ecker2015_DFN_DC03,0.7,1.0,1.5,0.1617462449364002,,,,12422.111611115535,12345.477870677896,76.63374043763906,
Ecker2015,Ecker2015_DFN_DC03_AC0p7_1p5tauSet,Ecker2015_DFN_DC03,0.7,1.0,1.5,0.1612149427827391,,,,12381.307605714363,12333.118334864661,48.18927084970164,
Ecker2015,Ecker2015_DFN_DC03_AC0p7_1p5tauSet,Ecker2015_DFN_DC03,0.7,1.0,1.5,0.16068364062907797,,,,12340.503600313188,12226.647483099632,113.85611721355599,
Ecker2015,Ecker2015_DFN_DC03_AC0p7_1p5tauSet,Ecker2015_DFN_DC03,0.7,1.0,1.5,0.16015233847541688,,,,12299.699594912017,12201.031758846237,98.66783606578065,
Ecker2015,Ecker2015_DFN_DC03_AC0p7_1p5tauSet,Ecker2015_DFN_DC03,0.7,1.0,1.5,0.15962103632175575,12258.895589510907,,,12258.895589510843,12187.474254569885,71.42133494095833,
Ecker2015,Ecker2015_DFN_DC03_AC0p7_1p5tauSet,Ecker2015_DFN_DC03,0.7,1.0,1.5,0.15908973416809466,12218.091584109725,,,12218.09158410967,12175.143718619896,42.9478654897739,
Ecker2015,Ecker2015_DFN_DC03_AC0p7_1p5tauSet,Ecker2015_DFN_DC03,0.7,1.0,1.5,0.15855843201443354,12177.287578708558,,,12177.287578708494,12062.03217699334,115.25540171515422,
Ecker2015,Ecker2015_DFN_DC03_AC0p7_1p5tauSet,Ecker2015_DFN_DC03,0.7,1.0,1.5,0.15802712986077244,12136.483573307383,,,12136.483573307325,12042.603387364707,93.88018594261848,
Ecker2015,Ecker2015_DFN_DC03_AC0p7_1p5tauSet,Ecker2015_DFN_DC03,0.7,1.0,1.5,0.15749582770711132,12095.67956790621,,,12095.679567906149,12029.506934015813,66.17263389033542,
Ecker2015,Ecker2015_DFN_DC03_AC0p7_1p5tauSet,Ecker2015_DFN_DC03,0.7,1.0,1.5,0.15696452555345022,12054.875562505042,,,12054.875562504976,12017.128985957099,37.74657654787734,
Ecker2015,Ecker2015_DFN_DC03_AC0p7_1p5tauSet,Ecker2015_DFN_DC03,0.7,1.0,1.5,0.1564332233997891,12014.071557103864,,,12014.071557103802,11901.3167102199,112.75484688390134,
Ecker2015,Ecker2015_DFN_DC03_AC0p7_1p5tauSet,Ecker2015_DFN_DC03,0.7,1.0,1.5,0.155901921246128,11973.267551702684,,,11973.267551702631,11884.324816315871,88.94273538675952,
Ecker2015,Ecker2015_DFN_DC03_AC0p7_1p5tauSet,Ecker2015_DFN_DC03,0.7,1.0,1.5,0.15537061909246688,11932.463546301504,,,11932.463546301457,11871.561085627549,60.902460673907626,
Ecker2015,Ecker2015_DFN_DC03_AC0p7_1p5tauSet,Ecker2015_DFN_DC03,0.7,1.0,1.5,0.1548393169388058,11891.659540900322,11859.104781956785,32.55475894353731,11891.659540900284,11859.056604653819,32.602936246465106,-0.04817730292779743
Ecker2015,Ecker2015_DFN_DC03_AC0p7_1p5tauSet,Ecker2015_DFN_DC03,0.7,1.0,1.5,0.15430801478514466,11850.855535499148,11741.782196948901,109.07333855024626,11850.855535499111,11741.672690850553,109.18284464855788,-0.10950609831161273
Ecker2015,Ecker2015_DFN_DC03_AC0p7_1p5tauSet,Ecker2015_DFN_DC03,0.7,1.0,1.5,0.15377671263148357,11810.051530097979,11726.214377284847,83.83715281313198,11810.051530097939,11726.157561975464,83.89396812247469,-0.05681530934270995
Ecker2015,Ecker2015_DFN_DC03_AC0p7_1p5tauSet,Ecker2015_DFN_DC03,0.7,1.0,1.5,0.15324541047782247,11769.247524696804,11713.668912156023,55.57861254078125,11769.247524696766,11713.623022991598,55.62450170516786,-0.04588916438660817
Ecker2015,Ecker2015_DFN_DC03_AC0p7_1p5tauSet,Ecker2015_DFN_DC03,0.7,1.0,1.5,0.15271410832416135,11728.443519295635,11700.953488532197,27.49003076343797,11728.443519295592,11700.905357411102,27.538161884489455,-0.048131121051483206
Ecker2015,Ecker2015_DFN_DC03_AC0p7_1p5tauSet,Ecker2015_DFN_DC03,0.7,1.0,1.5,0.15218280617050023,11687.639513894454,11582.654404289318,104.98510960513522,11687.639513894419,11582.58455958114,105.05495431327836,-0.06984470814313681
Ecker2015,Ecker2015_DFN_DC03_AC0p7_1p5tauSet,Ecker2015_DFN_DC03,0.7,1.0,1.5,0.15165150401683913,11646.835508493275,11568.127063042048,78.70844545122782,11646.835508493246,11568.07331278956,78.7621957036863,-0.05375025245848519
Ecker2015,Ecker2015_DFN_DC03_AC0p7_1p5tauSet,Ecker2015_DFN_DC03,0.7,1.0,1.5,0.15112020186317804,11606.0315030921,11555.72355165992,50.307951432179834,11606.031503092074,11555.679458646271,50.352044445802676,-0.04409301362284168
Ecker2015,Ecker2015_DFN_DC03_AC0p7_1p5tauSet,Ecker2015_DFN_DC03,0.7,1.0,1.5,0.15058889970951692,11565.227497690921,11542.69542929636,22.532068394561065,11565.227497690898,11542.64822537197,22.579272318927906,-0.04720392436684051
Ecker2015,Ecker2015_DFN_DC03_AC0p7_1p5tauSet,Ecker2015_DFN_DC03,0.7,1.0,1.5,0.1500575975558558,11524.423492289741,11423.91263083412,100.51086145562113,11524.423492289725,11423.843060989908,100.58043129981706,-0.06956984419593937
Ecker2015,Ecker2015_DFN_DC03_AC0p7_1p5tauSet,Ecker2015_DFN_DC03,0.7,1.0,1.5,0.1495262954021947,11483.619486888569,11410.099347420955,73.52013946761326,11483.619486888552,11410.05003642942,73.56945045913199,-0.04931099151872331
Ecker2015,Ecker2015_DFN_DC03_AC0p7_1p5tauSet,Ecker2015_DFN_DC03,0.7,1.0,1.5,0.1489949932485336,11442.815481487396,11397.760614978006,45.054866509390195,11442.81548148738,11397.716823940977,45.09865754640305,-0.04379103701285203
Ecker2015,Ecker2015_DFN_DC03_AC0p7_1p5tauSet,Ecker2015_DFN_DC03,0.7,1.0,1.5,0.14846369109487248,11402.011476086209,11286.556904556137,115.45457153007192,11402.011476086207,11286.388098835647,115.62337725056022,-0.168805720488308
Ecker2015,Ecker2015_DFN_DC03_AC0p7_1p5tauSet,Ecker2015_DFN_DC03,0.7,1.0,1.5,0.14793238894121136,11361.207470685036,11265.401947264929,95.80552342010742,11361.207470685033,11265.338272024466,95.86919866056633,-0.06367524045890605
Ecker2015,Ecker2015_DFN_DC03_AC0p7_1p5tauSet,Ecker2015_DFN_DC03,0.7,1.0,1.5,0.14740108678755026,11320.403465283856,11252.114732748925,68.28873253493111,11320.40346528386,11252.069682383437,68.3337829004231,-0.04505036549198849
ORegan2022,ORegan2022_DFN_DC03_AC0p1_1p5tauSet,ORegan2022_DFN_DC03,0.1,0.4,1.5,0.2,480.00000000000006,478.56860701317197,1.4313929868280866,480.0,478.5712485951337,1.4287514048663184,0.0026415819617682246
ORegan2022,ORegan2022_DFN_DC03_AC0p1_1p5tauSet,ORegan2022_DFN_DC03,0.1,0.4,1.5,0.22958005500609177,550.9921320146202,547.347724458572,3.644407556048236,550.9921320146203,547.347556808439,3.6445752061813437,-0.00016765013310759969
ORegan2022,ORegan2022_DFN_DC03_AC0p1_1p5tauSet,ORegan2022_DFN_DC03,0.1,0.4,1.5,0.25916011001218353,621.9842640292405,604.0622130249853,17.922051004255195,621.9842640292405,604.0622736603448,17.921990368895763,6.063535943212628e-05
ORegan2022,ORegan2022_DFN_DC03_AC0p1_1p5tauSet,ORegan2022_DFN_DC03,0.1,0.4,1.5,0.28874016501827526,692.9763960438605,657.5531269739593,35.42326906990127,692.9763960438607,657.5519894269936,35.424406616867145,-0.0011375469658787551
ORegan2022,ORegan2022_DFN_DC03_AC0p1_1p5tauSet,ORegan2022_DFN_DC03,0.1,0.4,1.5,0.31832022002436705,763.9685280584805,714.1782308091266,49.7902972493539,763.968528058481,714.1761113714225,49.79241668705845,-0.0021194377045503643
ORegan2022,ORegan2022_DFN_DC03_AC0p1_1p5tauSet,ORegan2022_DFN_DC03,0.1,0.4,1.5,0.3479002750304588,834.9606600731003,782.7033728477585,52.25728722534177,834.9606600731012,782.7014618916627,52.25919818143848,-0.0019109560967081052
ORegan2022,ORegan2022_DFN_DC03_AC0p1_1p5tauSet,ORegan2022_DFN_DC03,0.1,0.4,1.5,0.37748033003655057,905.9527920877197,876.933687540896,29.019104546823655,905.9527920877214,876.932075204275,29.020716883446426,-0.0016123366227702718
ORegan2022,ORegan2022_DFN_DC03_AC0p1_1p5tauSet,ORegan2022_DFN_DC03,0.1,0.4,1.5,0.4070603850426423,976.9449241023395,974.3729078427469,2.5720162595926013,976.9449241023416,974.3735770669592,2.5713470353823595,0.0006692242102417367
ORegan2022,ORegan2022_DFN_DC03_AC0p1_1p5tauSet,ORegan2022_DFN_DC03,0.1,0.4,1.5,0.43664044004873404,1047.9370561169592,1045.3650852687722,2.571970848186993,1047.9370561169617,1045.3665447668159,2.5705113501458072,0.001459498041185725
ORegan2022,ORegan2022_DFN_DC03_AC0p1_1p5tauSet,ORegan2022_DFN_DC03,0.1,0.4,1.5,0.4662204950548258,1118.92918813158,1102.8983459156982,16.030842215881876,1118.929188131582,1102.8986170504888,16.030571081093058,0.0002711347888180171
ORegan2022,ORegan2022_DFN_DC03_AC0p1_1p5tauSet,ORegan2022_DFN_DC03,0.1,0.4,1.5,0.49580055006091756,1189.9213201462,1156.432042586305,33.48927755989507,1189.921320146202,1156.430973511681,33.490346634521075,-0.0010690746260024753
ORegan2022,ORegan2022_DFN_DC03_AC0p1_1p5tauSet,ORegan2022_DFN_DC03,0.1,0.4,1.5,0.5253806050670093,1260.9134521608205,1212.3566536029236,48.556798557896855,1260.9134521608223,1212.3550342093288,48.55841795149354,-0.001619393596683949
ORegan2022,ORegan2022_DFN_DC03_AC0p1_1p5tauSet,ORegan2022_DFN_DC03,0.1,0.4,1.5,0.5549606600731011,1331.90558417544,1278.8992217768546,53.00636239858545,1331.9055841754425,1278.8965678920295,53.009016283413075,-0.0026538848276231874
ORegan2022,ORegan2022_DFN_DC03_AC0p1_1p5tauSet,ORegan2022_DFN_DC03,0.1,0.4,1.5,0.5845407150791928,1402.8977161900607,1369.9623729983937,32.935343191667016,1402.8977161900627,1369.9603318628645,32.93738432719829,-0.0020411355312717205
ORegan2022,ORegan2022_DFN_DC03_AC0p1_1p5tauSet,ORegan2022_DFN_DC03,0.1,0.4,1.5,0.6141207700852847,1473.889848204682,1469.7965597352224,4.093288469459594,1473.8898482046832,1469.7964469335743,4.09340127110886,-0.00011280164926574798
ORegan2022,ORegan2022_DFN_DC03_AC0p1_1p5tauSet,ORegan2022_DFN_DC03,0.1,0.4,1.5,0.6437008250913764,1544.8819802193009,1543.2241055915424,1.6578746277584742,1544.8819802193032,1543.2248087406435,1.6571714786596203,0.000703149098853828
ORegan2022,ORegan2022_DFN_DC03_AC0p1_1p5tauSet,ORegan2022_DFN_DC03,0.1,0.4,1.5,0.6732808800974681,1615.8741122339209,1601.6868316998443,14.187280534076535,1615.8741122339234,1601.687091384654,14.187020849269402,0.00025968480713345343
ORegan2022,ORegan2022_DFN_DC03_AC0p1_1p5tauSet,ORegan2022_DFN_DC03,0.1,0.4,1.5,0.70286093510356,1686.8662442485415,1655.3398461997003,31.5263980488412,1686.8662442485438,1655.3386184481585,31.527625800385294,-0.0012277515440928255
ORegan2022,ORegan2022_DFN_DC03_AC0p1_1p5tauSet,ORegan2022_DFN_DC03,0.1,0.4,1.5,0.7324409901096516,1757.8583762631595,1710.6622662614607,47.1961100016988,1757.8583762631636,1710.6604653806532,47.197910882510314,-0.0018008808115155261
ORegan2022,ORegan2022_DFN_DC03_AC0p1_1p5tauSet,ORegan2022_DFN_DC03,0.1,0.4,1.5,0.7620210451157434,1828.8505082777792,1775.414218153287,53.43629012449219,1828.850508277784,1775.4121948528623,53.438313424921716,-0.002023300429527808
ORegan2022,ORegan2022_DFN_DC03_AC0p1_1p5tauSet,ORegan2022_DFN_DC03,0.1,0.4,1.5,0.791601100121835,1899.8426402924006,1863.1860175313782,36.65662276102239,1899.8426402924042,1863.1838505465735,36.658789745830745,-0.002166984808354755
ORegan2022,ORegan2022_DFN_DC03_AC0p1_1p5tauSet,ORegan2022_DFN_DC03,0.1,0.4,1.5,0.8211811551279269,1970.83477230702,1964.8176626798522,6.0171096271678834,1970.8347723070247,1964.8172641352028,6.0175081718218735,-0.0003985446539900295
ORegan2022,ORegan2022_DFN_DC03_AC0p1_1p5tauSet,ORegan2022_DFN_DC03,0.1,0.4,1.5,0.8507612101340187,2041.8269043216417,2040.9042639057218,0.9226404159198864,2041.826904321645,2040.9038536096205,0.923050712024633,-0.00041029610474652145
ORegan2022,ORegan2022_DFN_DC03_AC0p1_1p5tauSet,ORegan2022_DFN_DC03,0.1,0.4,1.5,0.8803412651401104,2112.8190363362614,2100.4179867389016,12.401049597359815,2112.819036336265,2100.4180339650948,12.401002371170307,4.722618950836477e-05
ORegan2022,ORegan2022_DFN_DC03_AC0p1_1p5tauSet,ORegan2022_DFN_DC03,0.1,0.4,1.5,0.9099213201462022,2183.811168350882,2154.267136790605,29.544031560276835,2183.8111683508855,2154.2662877589187,29.54488059196683,-0.0008490316899951722
ORegan2022,ORegan2022_DFN_DC03_AC0p1_1p5tauSet,ORegan2022_DFN_DC03,0.1,0.4,1.5,0.9395013751522938,2254.803300365504,2209.0793297770742,45.72397058842989,2254.803300365505,2209.078269672222,45.72503069328286,-0.0010601048529679247
ORegan2022,ORegan2022_DFN_DC03_AC0p1_1p5tauSet,ORegan2022_DFN_DC03,0.1,0.4,1.5,0.9690814301583857,2325.7954323801246,2272.2215183626536,53.573914017471,2325.7954323801255,2272.2200061897684,53.57542619035712,-0.0015121728861231531
ORegan2022,ORegan2022_DFN_DC03_AC0p1_1p5tauSet,ORegan2022_DFN_DC03,0.1,0.4,1.5,0.9986614851644775,2396.7875643947455,2356.7039861324474,40.08357826229803,2396.787564394746,2356.701798690743,40.085765704002824,-0.0021874417047911265
ORegan2022,ORegan2022_DFN_DC03_AC0p1_1p5tauSet,ORegan2022_DFN_DC03,0.1,0.4,1.5,1.0282415401705691,2467.779696409366,2459.4225192020535,8.357177207312361,2467.779696409366,2459.4218292781784,8.357867131187504,-0.0006899238751429948
ORegan2022,ORegan2022_DFN_DC03_AC0p1_1p5tauSet,ORegan2022_DFN_DC03,0.1,0.4,1.5,1.057821595176661,2538.7718284239854,2538.3838633488203,0.38796507516508427,2538.7718284239863,2538.3834610125537,0.3883674114326823,-0.00040233626759800245
ORegan2022,ORegan2022_DFN_DC03_AC0p1_1p5tauSet,ORegan2022_DFN_DC03,0.1,0.4,1.5,1.0874016501827528,2609.7639604386054,2599.081850132268,10.682110306337563,2609.763960438607,2599.0812739049575,10.682686533649303,-0.0005762273117397854
ORegan2022,ORegan2022_DFN_DC03_AC0p1_1p5tauSet,ORegan2022_DFN_DC03,0.1,0.4,1.5,1.1169817051888444,2680.7560924532254,2653.206488488197,27.549603965028382,2680.7560924532268,2653.2055137085486,27.550578744678205,-0.0009747796498231764
ORegan2022,ORegan2022_DFN_DC03_AC0p1_1p5tauSet,ORegan2022_DFN_DC03,0.1,0.4,1.5,1.1465617601949363,2751.7482244678454,2707.596818616511,44.1514058513344,2751.748224467847,2707.595387807301,44.1528366605462,-0.0014308092117971682
ORegan2022,ORegan2022_DFN_DC03_AC0p1_1p5tauSet,ORegan2022_DFN_DC03,0.1,0.4,1.5,1.176141815201028,2822.7403564824667,2769.295428788222,53.4449276942446,2822.740356482467,2769.292883971834,53.44747251063336,-0.002544816388763138
ORegan2022,ORegan2022_DFN_DC03_AC0p1_1p5tauSet,ORegan2022_DFN_DC03,0.1,0.4,1.5,1.2057218702071197,2893.7324884970885,2850.588142100003,43.14434639708543,2893.7324884970876,2850.583642850217,43.14884564687054,-0.0044992497851126245
ORegan2022,ORegan2022_DFN_DC03_AC0p1_1p5tauSet,ORegan2022_DFN_DC03,0.1,0.4,1.5,1.2353019252132114,2964.7246205117085,2953.610373628435,11.114246883273609,2964.7246205117076,2953.609772331011,11.114848180696754,-0.0006012974231452972
ORegan2022,ORegan2022_DFN_DC03_AC0p1_1p5tauSet,ORegan2022_DFN_DC03,0.1,0.4,1.5,1.2648819802193032,3035.7167525263308,3035.6412352983393,0.07551722799144045,3035.716752526328,3035.6415635339313,0.07518899239676102,0.00032823559467942687
ORegan2022,ORegan2022_DFN_DC03_AC0p1_1p5tauSet,ORegan2022_DFN_DC03,0.1,0.4,1.5,1.294462035225395,3106.7088845409503,3097.666350846643,9.042533694307167,3106.7088845409485,3097.6660324384866,9.042852102461893,-0.00031840815472605755
ORegan2022,ORegan2022_DFN_DC03_AC0p1_1p5tauSet,ORegan2022_DFN_DC03,0.1,0.4,1.5,1.3240420902314867,3177.7010165555694,3152.1485642885755,25.552452266993896,3177.701016555568,3152.147925445253,25.55309111031511,-0.0006388433212123346
ORegan2022,ORegan2022_DFN_DC03_AC0p1_1p5tauSet,ORegan2022_DFN_DC03,0.1,0.4,1.5,1.3536221452375785,3248.69314857019,3206.2020226503396,42.49112591985022,3248.6931485701884,3206.199696361092,42.49345220909663,-0.0023262892464117613
ORegan2022,ORegan2022_DFN_DC03_AC0p1_1p5tauSet,ORegan2022_DFN_DC03,0.1,0.4,1.5,1.3832022002436701,3319.6852805848084,3266.607925443787,53.0773551410216,3319.6852805848084,3266.605409717794,53.079870867014506,-0.0025157259929073916
ORegan2022,ORegan2022_DFN_DC03_AC0p1_1p5tauSet,ORegan2022_DFN_DC03,0.1,0.4,1.5,1.412782255249762,3390.6774125994298,3344.8728243671703,45.80458823225945,3390.677412599429,3344.869081371828,45.808331227600775,-0.003742995341326605
ORegan2022,ORegan2022_DFN_DC03_AC0p1_1p5tauSet,ORegan2022_DFN_DC03,0.1,0.4,1.5,1.4423623102558538,3461.6695446140507,3447.4023611994157,14.267183414634928,3461.6695446140493,3447.401007894624,14.268536719425356,-0.0013533047904275008
ORegan2022,ORegan2022_DFN_DC03_AC0p1_1p5tauSet,ORegan2022_DFN_DC03,0.1,0.4,1.5,1.4719423652619454,3532.6616766286693,3532.652086600876,0.009590027793365152,3532.6616766286693,3532.6541799075317,0.007496721137613349,0.002093306655751803
ORegan2022,ORegan2022_DFN_DC03_AC0p1_1p5tauSet,ORegan2022_DFN_DC03,0.1,0.4,1.5,1.5015224202680373,3603.6538086432915,3596.161518414624,7.492290228667571,3603.6538086432897,3596.1608137941753,7.492994849114439,-0.0007046204468679207
ORegan2022,ORegan2022_DFN_DC03_AC0p1_1p5tauSet,ORegan2022_DFN_DC03,0.1,0.4,1.5,1.531102475274129,3674.6459406579124,3651.0862191581505,23.559721499761963,3674.6459406579093,3651.0851787597217,23.560761898187593,-0.0010403984256299736
ORegan2022,ORegan2022_DFN_DC03_AC0p1_1p5tauSet,ORegan2022_DFN_DC03,0.1,0.4,1.5,1.5606825302802207,3745.6380726725306,3704.8824774919385,40.75559518059208,3745.6380726725297,3704.8798793470205,40.75819332550918,-0.0025981449171013082
ORegan2022,ORegan2022_DFN_DC03_AC0p1_1p5tauSet,ORegan2022_DFN_DC03,0.1,0.4,1.5,1.5902625852863126,3816.630204687151,3764.136402193491,52.49380249366004,3816.63020468715,3764.134055210932,52.49614947621831,-0.002346982558265154
ORegan2022,ORegan2022_DFN_DC03_AC0p1_1p5tauSet,ORegan2022_DFN_DC03,0.1,0.4,1.5,1.6198426402924042,3887.622336701773,3839.5773878232753,48.04494887849751,3887.62233670177,3839.572635500147,48.049701201623066,-0.004752323125558178
ORegan2022,ORegan2022_DFN_DC03_AC0p1_1p5tauSet,ORegan2022_DFN_DC03,0.1,0.4,1.5,1.649422695298496,3958.6144687163937,3940.843938341377,17.770530375016733,3958.6144687163905,3940.8419784584953,17.772490257895242,-0.0019598828785092337
ORegan2022,ORegan2022_DFN_DC03_AC0p1_1p5tauSet,ORegan2022_DFN_DC03,0.1,0.4,1.5,1.6790027503045877,4029.606600731017,4029.396297170247,0.21030356076971657,4029.6066007310105,4029.3954643959046,0.2111363351059481,-0.0008327743362315232
ORegan2022,ORegan2022_DFN_DC03_AC0p1_1p5tauSet,ORegan2022_DFN_DC03,0.1,0.4,1.5,1.7085828053106795,4100.598732745639,4094.554052523096,6.0446802225428655,4100.5987327456305,4094.553285468249,6.0454472773812995,-0.0007670548384339781
ORegan2022,ORegan2022_DFN_DC03_AC0p1_1p5tauSet,ORegan2022_DFN_DC03,0.1,0.4,1.5,1.7381628603167714,4171.590864760259,4150.0101662773095,21.58069848294963,4171.590864760251,4150.008886289022,21.581978471229377,-0.0012799882797480677
ORegan2022,ORegan2022_DFN_DC03_AC0p1_1p5tauSet,ORegan2022_DFN_DC03,0.1,0.4,1.5,1.767742915322863,4242.5829967748805,4203.627491634145,38.95550514073511,4242.582996774871,4203.625311086096,38.9576856887752,-0.00218054804008716
ORegan2022,ORegan2022_DFN_DC03_AC0p1_1p5tauSet,ORegan2022_DFN_DC03,0.1,0.4,1.5,1.7973229703289548,4313.575128789502,4261.861812645357,51.71331614414521,4313.575128789492,4261.857198686449,51.71793010304282,-0.004613958897607517
ORegan2022,ORegan2022_DFN_DC03_AC0p1_1p5tauSet,ORegan2022_DFN_DC03,0.1,0.4,1.5,1.8269030253350467,4384.567260804122,4334.695471707951,49.8717890961716,4384.567260804112,4334.690110889846,49.87714991426583,-0.005360818094231945
ORegan2022,ORegan2022_DFN_DC03_AC0p1_1p5tauSet,ORegan2022_DFN_DC03,0.1,0.4,1.5,1.8564830803411383,4455.559392818741,4434.012033507419,21.547359311321998,4455.559392818732,4434.009404647283,21.549988171448604,-0.002628860126606014
ORegan2022,ORegan2022_DFN_DC03_AC0p1_1p5tauSet,ORegan2022_DFN_DC03,0.1,0.4,1.5,1.8860631353472301,4526.551524833357,4525.837790280477,0.7137345528799415,4526.551524833352,4525.837953932379,0.7135709009735365,0.0001636519064049935
ORegan2022,ORegan2022_DFN_DC03_AC0p1_1p5tauSet,ORegan2022_DFN_DC03,0.1,0.4,1.5,1.9156431903533218,4597.543656847979,4592.829881926739,4.713774921239747,4597.543656847972,4592.830147060302,4.713509787669864,0.0002651335698828916
ORegan2022,ORegan2022_DFN_DC03_AC0p1_1p5tauSet,ORegan2022_DFN_DC03,0.1,0.4,1.5,1.9452232453594136,4668.535788862599,4648.912071377329,19.62371748526948,4668.535788862592,4648.910546999717,19.625241862875555,-0.0015243776060742675
ORegan2022,ORegan2022_DFN_DC03_AC0p1_1p5tauSet,ORegan2022_DFN_DC03,0.1,0.4,1.5,1.9748033003655054,4739.527920877217,4702.428208040202,37.09971283701543,4739.527920877213,4702.4259494219705,37.101971455242165,-0.0022586182267332333
ORegan2022,ORegan2022_DFN_DC03_AC0p1_1p5tauSet,ORegan2022_DFN_DC03,0.1,0.4,1.5,2.0043833553715973,4810.520052891837,4759.758439327332,50.76161356450484,4810.520052891833,4759.755041724255,50.76501116757845,-0.0033976030736084795
ORegan2022,ORegan2022_DFN_DC03_AC0p1_1p5tauSet,ORegan2022_DFN_DC03,0.1,0.4,1.5,2.033963410377689,4881.512184906457,4830.208709080024,51.30347582643299,4881.5121849064535,4830.204885046449,51.307299860004605,-0.0038240335716182017
ORegan2022,ORegan2022_DFN_DC03_AC0p1_1p5tauSet,ORegan2022_DFN_DC03,0.1,0.4,1.5,2.0635434653837805,4952.504316921075,4927.012388047044,25.491928874031146,4952.504316921073,4927.008732138257,25.495584782815968,-0.003655908784821804
ORegan2022,ORegan2022_DFN_DC03_AC0p1_1p5tauSet,ORegan2022_DFN_DC03,0.1,0.4,1.5,2.0931235203898724,5023.496448935692,5021.955103996328,1.5413449393636256,5023.4964489356935,5021.953139852634,1.5433090830592846,-0.001964143695659004
ORegan2022,ORegan2022_DFN_DC03_AC0p1_1p5tauSet,ORegan2022_DFN_DC03,0.1,0.4,1.5,2.122703575395964,5094.488580950311,5090.97816692648,3.51041402383089,5094.488580950314,5090.976987472261,3.511593478053328,-0.0011794542224379256
ORegan2022,ORegan2022_DFN_DC03_AC0p1_1p5tauSet,ORegan2022_DFN_DC03,0.1,0.4,1.5,2.152283630402056,5165.480712964933,5147.7832130462175,17.69749991871595,5165.480712964934,5147.7814737739245,17.699239191009838,-0.0017392722938893712
ORegan2022,ORegan2022_DFN_DC03_AC0p1_1p5tauSet,ORegan2022_DFN_DC03,0.1,0.4,1.5,2.181863685408148,5236.472844979552,5201.274549975044,35.19829500450851,5236.472844979555,5201.272238073088,35.20060690646642,-0.0023119019579098676
ORegan2022,ORegan2022_DFN_DC03_AC0p1_1p5tauSet,ORegan2022_DFN_DC03,0.1,0.4,1.5,2.2114437404142397,5307.4649769941725,5257.812431443352,49.65254555082083,5307.464976994175,5257.8094743939355,49.65550260023974,-0.0029570494189101737
ORegan2022,ORegan2022_DFN_DC03_AC0p1_1p5tauSet,ORegan2022_DFN_DC03,0.1,0.4,1.5,2.2410237954203316,5378.457109008793,5326.097004637363,52.36010437142977,5378.457109008796,5326.093022452252,52.36408655654395,-0.003982185114182357
ORegan2022,ORegan2022_DFN_DC03_AC0p1_1p5tauSet,ORegan2022_DFN_DC03,0.1,0.4,1.5,2.270603850426423,5449.449241023415,5419.969768499896,29.47947252351878,5449.449241023415,5419.9654809955955,29.4837600278197,-0.004287504300918954
ORegan2022,ORegan2022_DFN_DC03_AC0p1_1p5tauSet,ORegan2022_DFN_DC03,0.1,0.4,1.5,2.300183905432515,5520.441373038036,5517.714296626849,2.7270764111863173,5520.441373038036,5517.712547760432,2.7288252776033914,-0.0017488664170741686
ORegan2022,ORegan2022_DFN_DC03_AC0p1_1p5tauSet,ORegan2022_DFN_DC03,0.1,0.4,1.5,2.3297639604386067,5591.433505052651,5588.979697684634,2.4538073680168964,5591.433505052656,5588.978131433639,2.4553736190173368,-0.0015662510004403885
ORegan2022,ORegan2022_DFN_DC03_AC0p1_1p5tauSet,ORegan2022_DFN_DC03,0.1,0.4,1.5,2.3593440154446985,5662.425637067273,5646.614386708135,15.811250359138285,5662.4256370672765,5646.612717895538,15.81291917173894,-0.0016688126006556558
ORegan2022,ORegan2022_DFN_DC03_AC0p1_1p5tauSet,ORegan2022_DFN_DC03,0.1,0.4,1.5,2.3889240704507904,5733.417769081896,5700.157016179019,33.26075290287736,5733.417769081897,5700.155016804018,33.26275227787937,-0.001999375002014858
ORegan2022,ORegan2022_DFN_DC03_AC0p1_1p5tauSet,ORegan2022_DFN_DC03,0.1,0.4,1.5,2.4185041254568818,5804.409901096518,5756.006828200745,48.40307289577322,5804.409901096516,5756.003917724175,48.405983372340415,-0.0029104765671945643
ORegan2022,ORegan2022_DFN_DC03_AC0p1_1p5tauSet,ORegan2022_DFN_DC03,0.1,0.4,1.5,2.4480841804629736,5875.402033111145,5822.3327504342315,53.069282676913645,5875.402033111136,5822.326989641576,53.075043469560114,-0.005760792646469781
ORegan2022,ORegan2022_DFN_DC03_AC0p1_1p5tauSet,ORegan2022_DFN_DC03,0.1,0.4,1.5,2.4776642354690654,5946.394165125765,5913.0150034600165,33.37916166574814,5946.394165125756,5913.010564745189,33.38360038056726,-0.004438714819116285
ORegan2022,ORegan2022_DFN_DC03_AC0p1_1p5tauSet,ORegan2022_DFN_DC03,0.1,0.4,1.5,2.5072442904751573,6017.386297140389,6013.090602251021,4.295694889367951,6017.386297140377,6013.089572817379,4.296724322997761,-0.001029433629810228
ORegan2022,ORegan2022_DFN_DC03_AC0p1_1p5tauSet,ORegan2022_DFN_DC03,0.1,0.4,1.5,2.536824345481249,6088.378429155012,6086.81710865932,1.5613204956916888,6088.378429154997,6086.816478328255,1.561950826742759,-0.0006303310510702431
ORegan2022,ORegan2022_DFN_DC03_AC0p1_1p5tauSet,ORegan2022_DFN_DC03,0.1,0.4,1.5,2.5664044004873405,6159.37056116963,6145.396611383033,13.973949786596677,6159.370561169617,6145.394989195092,13.975571974524428,-0.0016221879277509288
ORegan2022,ORegan2022_DFN_DC03_AC0p1_1p5tauSet,ORegan2022_DFN_DC03,0.1,0.4,1.5,2.5959844554934324,6230.362693184249,6199.067338962758,31.295354221490925,6230.362693184237,6199.065438078203,31.297255106033845,-0.0019008845429198118
ORegan2022,ORegan2022_DFN_DC03_AC0p1_1p5tauSet,ORegan2022_DFN_DC03,0.1,0.4,1.5,2.625564510499524,6301.354825198871,6254.326950273958,47.027874924913704,6301.354825198858,6254.323160642495,47.03166455636256,-0.00378963144885347
ORegan2022,ORegan2022_DFN_DC03_AC0p1_1p5tauSet,ORegan2022_DFN_DC03,0.1,0.4,1.5,2.655144565505616,6372.3469572134945,6318.88139470424,53.465562509254596,6372.346957213478,6318.878135407714,53.46882180576449,-0.0032592965098956483
ORegan2022,ORegan2022_DFN_DC03_AC0p1_1p5tauSet,ORegan2022_DFN_DC03,0.1,0.4,1.5,2.684724620511708,6443.339089228114,6406.268085097806,37.07100413030821,6443.339089228099,6406.263848417791,37.07524081030715,-0.004236679998939508
ORegan2022,ORegan2022_DFN_DC03_AC0p1_1p5tauSet,ORegan2022_DFN_DC03,0.1,0.4,1.5,2.7143046755177993,6514.331221242736,6508.06279850969,6.268422733046464,6514.331221242718,6508.062364910759,6.268856331958887,-0.0004335989124228945
ORegan2022,ORegan2022_DFN_DC03_AC0p1_1p5tauSet,ORegan2022_DFN_DC03,0.1,0.4,1.5,2.743884730523891,6585.32335325736,6584.473811899679,0.8495413576811188,6585.323353257339,6584.473339673125,0.8500135842132295,-0.00047222653211065335
ORegan2022,ORegan2022_DFN_DC03_AC0p1_1p5tauSet,ORegan2022_DFN_DC03,0.1,0.4,1.5,2.773464785529983,6656.31548527198,6644.119839310012,12.195645961967784,6656.315485271959,6644.118570567126,12.196914704833034,-0.0012687428652498056
ORegan2022,ORegan2022_DFN_DC03_AC0p1_1p5tauSet,ORegan2022_DFN_DC03,0.1,0.4,1.5,2.803044840536075,6727.3076172866,6697.996632611404,29.310984675196778,6727.307617286579,6697.994888879334,29.31272840724523,-0.0017437320484532393
ORegan2022,ORegan2022_DFN_DC03_AC0p1_1p5tauSet,ORegan2022_DFN_DC03,0.1,0.4,1.5,2.8326248955421667,6798.299749301222,6752.755996412908,45.543752888313975,6798.2997493012,6752.753201003607,45.54654829759329,-0.0027954092793152086
ORegan2022,ORegan2022_DFN_DC03_AC0p1_1p5tauSet,ORegan2022_DFN_DC03,0.1,0.4,1.5,2.862204950548258,6869.291881315846,6815.721129961493,53.57075135435298,6869.2918813158185,6815.718227528874,53.573653786944305,-0.002902432591326942
ORegan2022,ORegan2022_DFN_DC03_AC0p1_1p5tauSet,ORegan2022_DFN_DC03,0.1,0.4,1.5,2.89178500555435,6940.284013330469,6899.824953494677,40.45905983579178,6940.284013330439,6899.821250982973,40.462762347466196,-0.003702511674418929
ORegan2022,ORegan2022_DFN_DC03_AC0p1_1p5tauSet,ORegan2022_DFN_DC03,0.1,0.4,1.5,2.9213650605604418,7011.276145345095,7002.618659955801,8.65748538929347,7011.276145345059,7002.618032033486,8.658113311573288,-0.0006279222798184492
ORegan2022,ORegan2022_DFN_DC03_AC0p1_1p5tauSet,ORegan2022_DFN_DC03,0.1,0.4,1.5,2.9509451155665336,7082.2682773597135,7081.929816212396,0.33846114731750276,7082.26827735968,7081.928287129595,0.3399902300843678,-0.0015290827668650309
ORegan2022,ORegan2022_DFN_DC03_AC0p1_1p5tauSet,ORegan2022_DFN_DC03,0.1,0.4,1.5,2.9805251705726254,7153.26040937433,7142.774312856089,10.486096518241538,7153.2604093743,7142.773225535314,10.487183838986311,-0.0010873207447730238
ORegan2022,ORegan2022_DFN_DC03_AC0p1_1p5tauSet,ORegan2022_DFN_DC03,0.1,0.4,1.5,3.010105225578717,7224.252541388954,7196.936618524752,27.31592286420255,7224.252541388921,7196.934916430983,27.31762495793737,-0.0017020937348206644
ORegan2022,ORegan2022_DFN_DC03_AC0p1_1p5tauSet,ORegan2022_DFN_DC03,0.1,0.4,1.5,3.0396852805848087,7295.244673403577,7251.283159714818,43.961513688758714,7295.244673403541,7251.281095667893,43.96357773564796,-0.002064046889245219
ORegan2022,ORegan2022_DFN_DC03_AC0p1_1p5tauSet,ORegan2022_DFN_DC03,0.1,0.4,1.5,3.0692653355909005,7366.236805418202,7312.823221558945,53.413583859256505,7366.236805418162,7312.820328362872,53.41647705528976,-0.0028931960332556628
ORegan2022,ORegan2022_DFN_DC03_AC0p1_1p5tauSet,ORegan2022_DFN_DC03,0.1,0.4,1.5,3.0988453905969924,7437.228937432815,7393.752173453958,43.47676397885698,7437.228937432782,7393.748655736745,43.48028169603731,-0.0035177171803297824
ORegan2022,ORegan2022_DFN_DC03_AC0p1_1p5tauSet,ORegan2022_DFN_DC03,0.1,0.4,1.5,3.128425445603084,7508.221069447434,7496.760192433184,11.4608770142504,7508.2210694474015,7496.7582262691685,11.462843178233015,-0.0019661639826153987
ORegan2022,ORegan2022_DFN_DC03_AC0p2_1p5tauSet,ORegan2022_DFN_DC03,0.2,0.5,1.5,0.2,480.00000000000006,476.73439100428686,3.265608995713194,480.0,476.73479040671106,3.265209593288944,0.0003994024242501837
ORegan2022,ORegan2022_DFN_DC03_AC0p2_1p5tauSet,ORegan2022_DFN_DC03,0.2,0.5,1.5,0.22958005500609177,550.9921320146202,544.5974339696335,6.39469804498674,550.9921320146203,544.5986094732696,6.393522541350762,0.001175503635977293
ORegan2022,ORegan2022_DFN_DC03_AC0p2_1p5tauSet,ORegan2022_DFN_DC03,0.2,0.5,1.5,0.25916011001218353,621.9842640292405,592.9432151785322,29.041048850708307,621.9842640292405,592.9433883391494,29.040875690091184,0.00017316061712335795
ORegan2022,ORegan2022_DFN_DC03_AC0p2_1p5tauSet,ORegan2022_DFN_DC03,0.2,0.5,1.5,0.28874016501827526,692.9763960438605,636.1112176746473,56.865178369213254,692.9763960438607,636.1100739921197,56.86632205174101,-0.0011436825277542084
ORegan2022,ORegan2022_DFN_DC03_AC0p2_1p5tauSet,ORegan2022_DFN_DC03,0.2,0.5,1.5,0.31832022002436705,763.9685280584805,679.8774259560987,84.0911021023818,763.968528058481,679.8750097813435,84.09351827713749,-0.0024161747556945556
ORegan2022,ORegan2022_DFN_DC03_AC0p2_1p5tauSet,ORegan2022_DFN_DC03,0.2,0.5,1.5,0.3479002750304588,834.9606600731003,730.7366469860301,104.22401308707015,834.9606600731012,730.7334265695488,104.22723350355238,-0.0032204164822360326
ORegan2022,ORegan2022_DFN_DC03_AC0p2_1p5tauSet,ORegan2022_DFN_DC03,0.2,0.5,1.5,0.37748033003655057,905.9527920877197,809.79122875168,96.16156333603965,905.9527920877214,809.7851511649637,96.16764092275764,-0.0060775867179927445
ORegan2022,ORegan2022_DFN_DC03_AC0p2_1p5tauSet,ORegan2022_DFN_DC03,0.2,0.5,1.5,0.4070603850426423,976.9449241023395,970.708292487527,6.236631614812495,976.9449241023416,970.7072765899256,6.237647512415947,-0.0010158976034517764
ORegan2022,ORegan2022_DFN_DC03_AC0p2_1p5tauSet,ORegan2022_DFN_DC03,0.2,0.5,1.5,0.43664044004873404,1047.9370561169592,1043.3546724840733,4.5823836328859215,1047.9370561169617,1043.3542264718583,4.582829645103402,-0.0004460122174805292
ORegan2022,ORegan2022_DFN_DC03_AC0p2_1p5tauSet,ORegan2022_DFN_DC03,0.2,0.5,1.5,0.4662204950548258,1118.92918813158,1092.8308529203985,26.09833521118162,1118.929188131582,1092.8304798131096,26.09870831847229,-0.0003731072906703048
ORegan2022,ORegan2022_DFN_DC03_AC0p2_1p5tauSet,ORegan2022_DFN_DC03,0.2,0.5,1.5,0.49580055006091756,1189.9213201462,1136.2515229136873,53.66979723251279,1189.921320146202,1136.2503833462831,53.67093679991899,-0.0011395674061986938
ORegan2022,ORegan2022_DFN_DC03_AC0p2_1p5tauSet,ORegan2022_DFN_DC03,0.2,0.5,1.5,0.5253806050670093,1260.9134521608205,1179.690508935292,81.22294322552852,1260.9134521608223,1179.6876062898345,81.22584587098777,-0.002902645459244013
ORegan2022,ORegan2022_DFN_DC03_AC0p2_1p5tauSet,ORegan2022_DFN_DC03,0.2,0.5,1.5,0.5549606600731011,1331.90558417544,1229.2390642035887,102.66651997185136,1331.9055841754425,1229.2365220826416,102.66906209280091,-0.0025421209495561925
ORegan2022,ORegan2022_DFN_DC03_AC0p2_1p5tauSet,ORegan2022_DFN_DC03,0.2,0.5,1.5,0.5845407150791928,1402.8977161900607,1302.208542813807,100.68917337625362,1402.8977161900627,1302.2038576560024,100.69385853406038,-0.004685157806761708
ORegan2022,ORegan2022_DFN_DC03_AC0p2_1p5tauSet,ORegan2022_DFN_DC03,0.2,0.5,1.5,0.6141207700852847,1473.889848204682,1463.2253842937187,10.664463910963377,1473.8898482046832,1463.227361947047,10.662486257636147,0.001977653327230655
ORegan2022,ORegan2022_DFN_DC03_AC0p2_1p5tauSet,ORegan2022_DFN_DC03,0.2,0.5,1.5,0.6437008250913764,1544.8819802193009,1541.8725507468741,3.0094294724267456,1544.8819802193032,1541.8726456673758,3.0093345519273953,9.49204993503372e-05
ORegan2022,ORegan2022_DFN_DC03_AC0p2_1p5tauSet,ORegan2022_DFN_DC03,0.2,0.5,1.5,0.6732808800974681,1615.8741122339209,1592.6470347972052,23.227077436715717,1615.8741122339234,1592.6475899270401,23.226522306883226,0.0005551298324917298
ORegan2022,ORegan2022_DFN_DC03_AC0p2_1p5tauSet,ORegan2022_DFN_DC03,0.2,0.5,1.5,0.70286093510356,1686.8662442485415,1636.3916896501926,50.47455459834896,1686.8662442485438,1636.3908968945977,50.47534735394606,-0.0007927555971036782
ORegan2022,ORegan2022_DFN_DC03_AC0p2_1p5tauSet,ORegan2022_DFN_DC03,0.2,0.5,1.5,0.7324409901096516,1757.8583762631595,1679.5726078090026,78.28576845415682,1757.8583762631636,1679.5708013541637,78.28757490899989,-0.0018064548430629657
ORegan2022,ORegan2022_DFN_DC03_AC0p2_1p5tauSet,ORegan2022_DFN_DC03,0.2,0.5,1.5,0.7620210451157434,1828.8505082777792,1727.9819553234893,100.86855295428995,1828.850508277784,1727.978921502804,100.87158677497996,-0.0030338206900069054
ORegan2022,ORegan2022_DFN_DC03_AC0p2_1p5tauSet,ORegan2022_DFN_DC03,0.2,0.5,1.5,0.791601100121835,1899.8426402924006,1796.10449356513,103.73814672727053,1899.8426402924042,1796.100933028514,103.74170726389025,-0.0035605366197160038
ORegan2022,ORegan2022_DFN_DC03_AC0p2_1p5tauSet,ORegan2022_DFN_DC03,0.2,0.5,1.5,0.8211811551279269,1970.83477230702,1953.773902579074,17.060869727946056,1970.8347723070247,1953.772924353432,17.061847953592633,-0.0009782256465769024
ORegan2022,ORegan2022_DFN_DC03_AC0p2_1p5tauSet,ORegan2022_DFN_DC03,0.2,0.5,1.5,0.8507612101340187,2041.8269043216417,2040.1147022984621,1.7122020231795432,2041.826904321645,2040.1151483505216,1.7117559711234662,0.000446052056076951
ORegan2022,ORegan2022_DFN_DC03_AC0p2_1p5tauSet,ORegan2022_DFN_DC03,0.2,0.5,1.5,0.8803412651401104,2112.8190363362614,2092.3838610922635,20.435175243997946,2112.819036336265,2092.383915926284,20.43512040998121,5.4834016737004276e-05
ORegan2022,ORegan2022_DFN_DC03_AC0p2_1p5tauSet,ORegan2022_DFN_DC03,0.2,0.5,1.5,0.9099213201462022,2183.811168350882,2136.52547620769,47.28569214319168,2183.8111683508855,2136.524769366977,47.286398983908384,-0.0007068407167025725
ORegan2022,ORegan2022_DFN_DC03_AC0p2_1p5tauSet,ORegan2022_DFN_DC03,0.2,0.5,1.5,0.9395013751522938,2254.803300365504,2179.51598944692,75.28731091858435,2254.803300365505,2179.514683477801,75.28861688770394,-0.0013059691195849155
ORegan2022,ORegan2022_DFN_DC03_AC0p2_1p5tauSet,ORegan2022_DFN_DC03,0.2,0.5,1.5,0.9690814301583857,2325.7954323801246,2226.930154378374,98.86527800175054,2325.7954323801255,2226.9283000670052,98.86713231312024,-0.0018543113696978253
ORegan2022,ORegan2022_DFN_DC03_AC0p2_1p5tauSet,ORegan2022_DFN_DC03,0.2,0.5,1.5,0.9986614851644775,2396.7875643947455,2291.1144204424295,105.67314395231597,2396.787564394746,2291.1110498768667,105.67651451787924,-0.003370565563272976
ORegan2022,ORegan2022_DFN_DC03_AC0p2_1p5tauSet,ORegan2022_DFN_DC03,0.2,0.5,1.5,1.0282415401705691,2467.779696409366,2441.620431968889,26.159264440476818,2467.779696409366,2441.6220444787127,26.157651930653174,0.0016125098236443591
ORegan2022,ORegan2022_DFN_DC03_AC0p2_1p5tauSet,ORegan2022_DFN_DC03,0.2,0.5,1.5,1.057821595176661,2538.7718284239854,2538.0304099147925,0.7414185091929539,2538.7718284239863,2538.0341094249516,0.7377189990347688,0.0036995101581851486
ORegan2022,ORegan2022_DFN_DC03_AC0p2_1p5tauSet,ORegan2022_DFN_DC03,0.2,0.5,1.5,1.0874016501827528,2609.7639604386054,2592.0265839231797,17.737376515425694,2609.763960438607,2592.027504903441,17.736455535165987,0.0009209802597069938
ORegan2022,ORegan2022_DFN_DC03_AC0p2_1p5tauSet,ORegan2022_DFN_DC03,0.2,0.5,1.5,1.1169817051888444,2680.7560924532254,2636.6462369837213,44.109855469504055,2680.7560924532268,2636.6450841077744,44.11100834545232,-0.001152875948264409
ORegan2022,ORegan2022_DFN_DC03_AC0p2_1p5tauSet,ORegan2022_DFN_DC03,0.2,0.5,1.5,1.1465617601949363,2751.7482244678454,2679.5118045346258,72.23641993321962,2751.748224467847,2679.5101213046432,72.23810316320396,-0.0016832299843372311
ORegan2022,ORegan2022_DFN_DC03_AC0p2_1p5tauSet,ORegan2022_DFN_DC03,0.2,0.5,1.5,1.176141815201028,2822.7403564824667,2726.0611672883306,96.67918919413614,2822.740356482467,2726.0576105681007,96.68274591436648,-0.003556720230335486
ORegan2022,ORegan2022_DFN_DC03_AC0p2_1p5tauSet,ORegan2022_DFN_DC03,0.2,0.5,1.5,1.2057218702071197,2893.7324884970885,2786.9883039374395,106.74418455964906,2893.7324884970876,2786.9820443691888,106.75044412789885,-0.006259568249788572
ORegan2022,ORegan2022_DFN_DC03_AC0p2_1p5tauSet,ORegan2022_DFN_DC03,0.2,0.5,1.5,1.2353019252132114,2964.7246205117085,2926.0795114606126,38.645109051095915,2964.7246205117076,2926.0771556585073,38.64746485320029,-0.0023558021043754707
ORegan2022,ORegan2022_DFN_DC03_AC0p2_1p5tauSet,ORegan2022_DFN_DC03,0.2,0.5,1.5,1.2648819802193032,3035.7167525263308,3035.5701799814065,0.14657254492431093,3035.716752526328,3035.5699289326335,0.1468235936945348,-0.00025104877022386063
ORegan2022,ORegan2022_DFN_DC03_AC0p2_1p5tauSet,ORegan2022_DFN_DC03,0.2,0.5,1.5,1.294462035225395,3106.7088845409503,3091.5648009987535,15.144083542196768,3106.7088845409485,3091.564998921029,15.143885619919274,0.00019792227749348967
ORegan2022,ORegan2022_DFN_DC03_AC0p2_1p5tauSet,ORegan2022_DFN_DC03,0.2,0.5,1.5,1.3240420902314867,3177.7010165555694,3136.7456995203875,40.955317035181906,3177.701016555568,3136.744777494288,40.95623906128003,-0.0009220260981237516
ORegan2022,ORegan2022_DFN_DC03_AC0p2_1p5tauSet,ORegan2022_DFN_DC03,0.2,0.5,1.5,1.3536221452375785,3248.69314857019,3179.55010772777,69.14304084241985,3248.6931485701884,3179.5486180659072,69.14453050428119,-0.0014896618613420287
ORegan2022,ORegan2022_DFN_DC03_AC0p2_1p5tauSet,ORegan2022_DFN_DC03,0.2,0.5,1.5,1.3832022002436701,3319.6852805848084,3225.345966410135,94.33931417467329,3319.6852805848084,3225.3439257570876,94.3413548277208,-0.0020406530475156615
ORegan2022,ORegan2022_DFN_DC03_AC0p2_1p5tauSet,ORegan2022_DFN_DC03,0.2,0.5,1.5,1.412782255249762,3390.6774125994298,3283.5395370522606,107.13787554716919,3390.677412599429,3283.535256980603,107.14215561882565,-0.004280071656467044
ORegan2022,ORegan2022_DFN_DC03_AC0p2_1p5tauSet,ORegan2022_DFN_DC03,0.2,0.5,1.5,1.4423623102558538,3461.6695446140507,3407.6443489720696,54.0251956419811,3461.6695446140493,3407.6396666557607,54.02987795828858,-0.004682316307480505
ORegan2022,ORegan2022_DFN_DC03_AC0p2_1p5tauSet,ORegan2022_DFN_DC03,0.2,0.5,1.5,1.4719423652619454,3532.6616766286693,3532.6450378648287,0.016638763840546744,3532.6616766286693,3532.646562816109,0.015113812560230144,0.0015249512803165999
ORegan2022,ORegan2022_DFN_DC03_AC0p2_1p5tauSet,ORegan2022_DFN_DC03,0.2,0.5,1.5,1.5015224202680373,3603.6538086432915,3590.9811286737236,12.67267996956798,3603.6538086432897,3590.981317879718,12.672490763571659,0.0001892059963211068
ORegan2022,ORegan2022_DFN_DC03_AC0p2_1p5tauSet,ORegan2022_DFN_DC03,0.2,0.5,1.5,1.531102475274129,3674.6459406579124,3636.8167070091426,37.82923364876979,3674.6459406579093,3636.8165591729894,37.82938148491985,-0.00014783615006308537
ORegan2022,ORegan2022_DFN_DC03_AC0p2_1p5tauSet,ORegan2022_DFN_DC03,0.2,0.5,1.5,1.5606825302802207,3745.6380726725306,3679.6233829384646,66.014689734066,3745.6380726725297,3679.6221875653614,66.01588510716829,-0.0011953731022913416
ORegan2022,ORegan2022_DFN_DC03_AC0p2_1p5tauSet,ORegan2022_DFN_DC03,0.2,0.5,1.5,1.5902625852863126,3816.630204687151,3724.7699151119564,91.86028957519466,3816.63020468715,3724.767574912101,91.8626297750493,-0.002340199854643288
ORegan2022,ORegan2022_DFN_DC03_AC0p2_1p5tauSet,ORegan2022_DFN_DC03,0.2,0.5,1.5,1.6198426402924042,3887.622336701773,3780.64563563576,106.97670106601299,3887.62233670177,3780.64040630771,106.98193039406033,-0.005229328047335002
ORegan2022,ORegan2022_DFN_DC03_AC0p2_1p5tauSet,ORegan2022_DFN_DC03,0.2,0.5,1.5,1.649422695298496,3958.6144687163937,3889.3123184004608,69.30215031593298,3958.6144687163905,3889.3073855877915,69.30708312859906,-0.004932812666083919
ORegan2022,ORegan2022_DFN_DC03_AC0p2_1p5tauSet,ORegan2022_DFN_DC03,0.2,0.5,1.5,1.6790027503045877,4029.606600731017,4029.163881549625,0.4427191813920217,4029.6066007310105,4029.164843820797,0.44175691021337116,0.0009622711786505533
ORegan2022,ORegan2022_DFN_DC03_AC0p2_1p5tauSet,ORegan2022_DFN_DC03,0.2,0.5,1.5,1.7085828053106795,4100.598732745639,4090.2586128808553,10.340119864783446,4100.5987327456305,4090.259259403868,10.339473341762641,0.0006465230208050343
ORegan2022,ORegan2022_DFN_DC03_AC0p2_1p5tauSet,ORegan2022_DFN_DC03,0.2,0.5,1.5,1.7381628603167714,4171.590864760259,4136.853105501948,34.73775925831069,4171.590864760251,4136.852825711413,34.73803904883789,-0.0002797905272018397
ORegan2022,ORegan2022_DFN_DC03_AC0p2_1p5tauSet,ORegan2022_DFN_DC03,0.2,0.5,1.5,1.767742915322863,4242.5829967748805,4179.724522274776,62.85847450010442,4242.582996774871,4179.723246638935,62.85975013593634,-0.0012756358319165884
ORegan2022,ORegan2022_DFN_DC03_AC0p2_1p5tauSet,ORegan2022_DFN_DC03,0.2,0.5,1.5,1.7973229703289548,4313.575128789502,4224.313369280825,89.26175950867673,4313.575128789492,4224.311488860942,89.26363992855022,-0.0018804198734869715
ORegan2022,ORegan2022_DFN_DC03_AC0p2_1p5tauSet,ORegan2022_DFN_DC03,0.2,0.5,1.5,1.8269030253350467,4384.567260804122,4278.202275911798,106.36498489232417,4384.567260804112,4278.199872898282,106.36738790583058,-0.0024030135064094793
ORegan2022,ORegan2022_DFN_DC03_AC0p2_1p5tauSet,ORegan2022_DFN_DC03,0.2,0.5,1.5,1.8564830803411383,4455.559392818741,4373.967061920348,81.5923308983929,4455.559392818732,4373.9625529785035,81.59683984022831,-0.004508941835410951
ORegan2022,ORegan2022_DFN_DC03_AC0p2_1p5tauSet,ORegan2022_DFN_DC03,0.2,0.5,1.5,1.8860631353472301,4526.551524833357,4524.987971464648,1.5635533687091083,4526.551524833352,4524.992229521699,1.5592953116529316,0.004258057056176767
ORegan2022,ORegan2022_DFN_DC03_AC0p2_1p5tauSet,ORegan2022_DFN_DC03,0.2,0.5,1.5,1.9156431903533218,4597.543656847979,4589.377338931789,8.166317916189655,4597.543656847972,4589.378986803829,8.16467004414244,0.0016478720472150599
ORegan2022,ORegan2022_DFN_DC03_AC0p2_1p5tauSet,ORegan2022_DFN_DC03,0.2,0.5,1.5,1.9452232453594136,4668.535788862599,4636.84569446216,31.690094400438284,4668.535788862592,4636.8455648973395,31.6902239652527,-0.00012956481441506185
ORegan2022,ORegan2022_DFN_DC03_AC0p2_1p5tauSet,ORegan2022_DFN_DC03,0.2,0.5,1.5,1.9748033003655054,4739.527920877217,4679.845240650637,59.68268022658049,4739.527920877213,4679.844520068461,59.683400808751685,-0.0007205821711977478
ORegan2022,ORegan2022_DFN_DC03_AC0p2_1p5tauSet,ORegan2022_DFN_DC03,0.2,0.5,1.5,2.0043833553715973,4810.520052891837,4723.9621895149385,86.55786337689824,4810.520052891833,4723.960695272523,86.5593576193105,-0.0014942424122637021
ORegan2022,ORegan2022_DFN_DC03_AC0p2_1p5tauSet,ORegan2022_DFN_DC03,0.2,0.5,1.5,2.033963410377689,4881.512184906457,4776.142636525226,105.36954838123074,4881.5121849064535,4776.138701161471,105.37348374498288,-0.003935363752134435
ORegan2022,ORegan2022_DFN_DC03_AC0p2_1p5tauSet,ORegan2022_DFN_DC03,0.2,0.5,1.5,2.0635434653837805,4952.504316921075,4861.99575553214,90.50856138893505,4952.504316921073,4861.986717508845,90.51759941222826,-0.009038023293214792
ORegan2022,ORegan2022_DFN_DC03_AC0p2_1p5tauSet,ORegan2022_DFN_DC03,0.2,0.5,1.5,2.0931235203898724,5023.496448935692,5019.940105882518,3.556343053173805,5023.4964489356935,5019.946666225841,3.5497827098524795,0.00656034332132549
ORegan2022,ORegan2022_DFN_DC03_AC0p2_1p5tauSet,ORegan2022_DFN_DC03,0.2,0.5,1.5,2.122703575395964,5094.488580950311,5088.314895939875,6.173685010436202,5094.488580950314,5088.31736401173,6.1712169385837115,0.0024680718524905387
ORegan2022,ORegan2022_DFN_DC03_AC0p2_1p5tauSet,ORegan2022_DFN_DC03,0.2,0.5,1.5,2.152283630402056,5165.480712964933,5136.785644216194,28.695068748739686,5165.480712964934,5136.786247377676,28.69446558725849,0.0006031614811945474
ORegan2022,ORegan2022_DFN_DC03_AC0p2_1p5tauSet,ORegan2022_DFN_DC03,0.2,0.5,1.5,2.181863685408148,5236.472844979552,5179.979171221064,56.49367375848851,5236.472844979555,5179.978954678072,56.49389030148268,-0.00021654299416695721
ORegan2022,ORegan2022_DFN_DC03_AC0p2_1p5tauSet,ORegan2022_DFN_DC03,0.2,0.5,1.5,2.2114437404142397,5307.4649769941725,5223.702526141189,83.76245085298342,5307.464976994175,5223.701923945105,83.76305304907055,-0.0006021960871294141
ORegan2022,ORegan2022_DFN_DC03_AC0p2_1p5tauSet,ORegan2022_DFN_DC03,0.2,0.5,1.5,2.2410237954203316,5378.457109008793,5274.402132075277,104.05497693351572,5378.457109008796,5274.39807580394,104.05903320485595,-0.0040562713402323425
ORegan2022,ORegan2022_DFN_DC03_AC0p2_1p5tauSet,ORegan2022_DFN_DC03,0.2,0.5,1.5,2.270603850426423,5449.449241023415,5352.665729575862,96.78351144755288,5449.449241023415,5352.662142100892,96.787098922523,-0.00358747497011791
ORegan2022,ORegan2022_DFN_DC03_AC0p2_1p5tauSet,ORegan2022_DFN_DC03,0.2,0.5,1.5,2.300183905432515,5520.441373038036,5513.767693278503,6.673679759532206,5520.441373038036,5513.77078104596,6.67059199207597,0.003087767456236179
ORegan2022,ORegan2022_DFN_DC03_AC0p2_1p5tauSet,ORegan2022_DFN_DC03,0.2,0.5,1.5,2.3297639604386067,5591.433505052651,5587.0442290826095,4.389275970041126,5591.433505052656,5587.047078041881,4.386427010775151,0.0028489592659752816
ORegan2022,ORegan2022_DFN_DC03_AC0p2_1p5tauSet,ORegan2022_DFN_DC03,0.2,0.5,1.5,2.3593440154446985,5662.425637067273,5636.665263549111,25.76037351816194,5662.4256370672765,5636.665701566214,25.7599355010625,0.0004380170994409127
ORegan2022,ORegan2022_DFN_DC03_AC0p2_1p5tauSet,ORegan2022_DFN_DC03,0.2,0.5,1.5,2.3889240704507904,5733.417769081896,5680.119655280968,53.29811380092815,5733.417769081897,5680.119639869952,53.2981292119448,-1.5411016647703946e-05
ORegan2022,ORegan2022_DFN_DC03_AC0p2_1p5tauSet,ORegan2022_DFN_DC03,0.2,0.5,1.5,2.4185041254568818,5804.409901096518,5723.5238429870415,80.88605810947683,5804.409901096516,5723.523293707639,80.88660738887666,-0.0005492793998200796
ORegan2022,ORegan2022_DFN_DC03_AC0p2_1p5tauSet,ORegan2022_DFN_DC03,0.2,0.5,1.5,2.4480841804629736,5875.402033111145,5772.933676532639,102.46835657850625,5875.402033111136,5772.9309501001935,102.4710830109425,-0.0027264324362477055
ORegan2022,ORegan2022_DFN_DC03_AC0p2_1p5tauSet,ORegan2022_DFN_DC03,0.2,0.5,1.5,2.4776642354690654,5946.394165125765,5845.2813298461115,101.11283527965315,5946.394165125756,5845.276989207257,101.11717591849902,-0.004340638845860667
ORegan2022,ORegan2022_DFN_DC03_AC0p2_1p5tauSet,ORegan2022_DFN_DC03,0.2,0.5,1.5,2.5072442904751573,6017.386297140389,6006.0892486170815,11.29704852330724,6017.386297140377,6006.091254709857,11.29504243051997,0.0020060927872691536
ORegan2022,ORegan2022_DFN_DC03_AC0p2_1p5tauSet,ORegan2022_DFN_DC03,0.2,0.5,1.5,2.536824345481249,6088.378429155012,6085.533237383194,2.8451917718175537,6088.378429154997,6085.535461299568,2.8429678554293787,0.0022239163881749846
ORegan2022,ORegan2022_DFN_DC03_AC0p2_1p5tauSet,ORegan2022_DFN_DC03,0.2,0.5,1.5,2.5664044004873405,6159.37056116963,6136.473408299013,22.897152870616992,6159.370561169617,6136.473966686035,22.896594483581794,0.0005583870351983933
ORegan2022,ORegan2022_DFN_DC03_AC0p2_1p5tauSet,ORegan2022_DFN_DC03,0.2,0.5,1.5,2.5959844554934324,6230.362693184249,6180.259574723319,50.10311846093009,6230.362693184237,6180.259732213775,50.102960970461936,0.00015749046815471957
ORegan2022,ORegan2022_DFN_DC03_AC0p2_1p5tauSet,ORegan2022_DFN_DC03,0.2,0.5,1.5,2.625564510499524,6301.354825198871,6223.414509939292,77.94031525957962,6301.354825198858,6223.414060585566,77.94076461329132,-0.0004493537117014057
ORegan2022,ORegan2022_DFN_DC03_AC0p2_1p5tauSet,ORegan2022_DFN_DC03,0.2,0.5,1.5,2.655144565505616,6372.3469572134945,6271.699757124085,100.64720008940913,6372.346957213478,6271.699040126472,100.64791708700614,-0.0007169975970100495
ORegan2022,ORegan2022_DFN_DC03_AC0p2_1p5tauSet,ORegan2022_DFN_DC03,0.2,0.5,1.5,2.684724620511708,6443.339089228114,6339.3240001251725,104.0150891029416,6443.339089228099,6339.32007180737,104.01901742072823,-0.0039283177866309416
ORegan2022,ORegan2022_DFN_DC03_AC0p2_1p5tauSet,ORegan2022_DFN_DC03,0.2,0.5,1.5,2.7143046755177993,6514.331221242736,6496.360704156784,17.97051708595245,6514.331221242718,6496.363050693163,17.968170549554998,0.0023465363974537468
ORegan2022,ORegan2022_DFN_DC03_AC0p2_1p5tauSet,ORegan2022_DFN_DC03,0.2,0.5,1.5,2.743884730523891,6585.32335325736,6583.740987507041,1.5823657503196955,6585.323353257339,6583.742881690402,1.5804715669364668,0.0018941833832286648
ORegan2022,ORegan2022_DFN_DC03_AC0p2_1p5tauSet,ORegan2022_DFN_DC03,0.2,0.5,1.5,2.773464785529983,6656.31548527198,6636.199247506257,20.11623776572287,6656.315485271959,6636.200117336097,20.115367935862196,0.0008698298606759636
ORegan2022,ORegan2022_DFN_DC03_AC0p2_1p5tauSet,ORegan2022_DFN_DC03,0.2,0.5,1.5,2.803044840536075,6727.3076172866,6680.391958542856,46.91565874374464,6727.307617286579,6680.392381923657,46.91523536292243,0.0004233808222124935
ORegan2022,ORegan2022_DFN_DC03_AC0p2_1p5tauSet,ORegan2022_DFN_DC03,0.2,0.5,1.5,2.8326248955421667,6798.299749301222,6723.365065704127,74.93468359709459,6798.2997493012,6723.364412403426,74.9353368977736,-0.0006533006790050422
ORegan2022,ORegan2022_DFN_DC03_AC0p2_1p5tauSet,ORegan2022_DFN_DC03,0.2,0.5,1.5,2.862204950548258,6869.291881315846,6770.67172508892,98.62015622692616,6869.2918813158185,6770.67070846726,98.62117284855867,-0.0010166216325160349
ORegan2022,ORegan2022_DFN_DC03_AC0p2_1p5tauSet,ORegan2022_DFN_DC03,0.2,0.5,1.5,2.89178500555435,6940.284013330469,6834.444210398677,105.83980293179229,6940.284013330439,6834.441876617613,105.84213671282578,-0.0023337810334851383
ORegan2022,ORegan2022_DFN_DC03_AC0p2_1p5tauSet,ORegan2022_DFN_DC03,0.2,0.5,1.5,2.9213650605604418,7011.276145345095,6983.841058410765,27.435086934329775,7011.276145345059,6983.84527272296,27.43087262209974,0.0042143122300331015
ORegan2022,ORegan2022_DFN_DC03_AC0p2_1p5tauSet,ORegan2022_DFN_DC03,0.2,0.5,1.5,2.9509451155665336,7082.2682773597135,7081.619100002144,0.6491773575698971,7082.26827735968,7081.6204971281195,0.6477802315603185,0.001397126009578642
ORegan2022,ORegan2022_DFN_DC03_AC0p2_1p5tauSet,ORegan2022_DFN_DC03,0.2,0.5,1.5,2.9805251705726254,7153.26040937433,7135.8308863963075,17.42952297802276,7153.2604093743,7135.832050915478,17.428358458822004,0.001164519200756331
ORegan2022,ORegan2022_DFN_DC03_AC0p2_1p5tauSet,ORegan2022_DFN_DC03,0.2,0.5,1.5,3.010105225578717,7224.252541388954,7180.510280943331,43.74226044562329,7224.252541388921,7180.510659157117,43.741882231804084,0.0003782138192036655
ORegan2022,ORegan2022_DFN_DC03_AC0p2_1p5tauSet,ORegan2022_DFN_DC03,0.2,0.5,1.5,3.0396852805848087,7295.244673403577,7223.365464645719,71.87920875785767,7295.244673403541,7223.3652988465565,71.87937455698466,-0.000165799126989441
ORegan2022,ORegan2022_DFN_DC03_AC0p2_1p5tauSet,ORegan2022_DFN_DC03,0.2,0.5,1.5,3.0692653355909005,7366.236805418202,7269.820128479214,96.41667693898762,7366.236805418162,7269.819441435915,96.41736398224657,-0.0006870432589494158
ORegan2022,ORegan2022_DFN_DC03_AC0p2_1p5tauSet,ORegan2022_DFN_DC03,0.2,0.5,1.5,3.0988453905969924,7437.228937432815,7330.406161247926,106.82277618488843,7437.228937432782,7330.400528376451,106.82840905633111,-0.005632871442685428
ORegan2022,ORegan2022_DFN_DC03_AC0p2_1p5tauSet,ORegan2022_DFN_DC03,0.2,0.5,1.5,3.128425445603084,7508.221069447434,7467.892482843547,40.32858660388683,7508.2210694474015,7467.893674949042,40.327394498359354,0.0011921055274797254
ORegan2022,ORegan2022_DFN_DC03_AC0p3_1p5tauSet,ORegan2022_DFN_DC03,0.3,0.6,1.5,0.2,480.00000000000006,474.18813356892525,5.8118664310748045,480.0,474.1894842261602,5.810515773839825,0.0013506572349797352
ORegan2022,ORegan2022_DFN_DC03_AC0p3_1p5tauSet,ORegan2022_DFN_DC03,0.3,0.6,1.5,0.22958005500609177,550.9921320146202,542.4112703180376,8.580861696582588,550.9921320146203,542.4115964880538,8.580535526566564,0.0003261700160237524
ORegan2022,ORegan2022_DFN_DC03_AC0p3_1p5tauSet,ORegan2022_DFN_DC03,0.3,0.6,1.5,0.25916011001218353,621.9842640292405,585.1592776024937,36.82498642674682,621.9842640292405,585.1594285492034,36.82483548003711,0.0001509467097093875
ORegan2022,ORegan2022_DFN_DC03_AC0p3_1p5tauSet,ORegan2022_DFN_DC03,0.3,0.6,1.5,0.28874016501827526,692.9763960438605,621.8824837550918,71.0939122887687,692.9763960438607,621.881603407072,71.09479263678872,-0.0008803480200185732
ORegan2022,ORegan2022_DFN_DC03_AC0p3_1p5tauSet,ORegan2022_DFN_DC03,0.3,0.6,1.5,0.31832022002436705,763.9685280584805,657.6276211551665,106.34090690331402,763.968528058481,657.6256202292216,106.34290782925939,-0.002000925945367271
ORegan2022,ORegan2022_DFN_DC03_AC0p3_1p5tauSet,ORegan2022_DFN_DC03,0.3,0.6,1.5,0.3479002750304588,834.9606600731003,696.3427338609605,138.61792621213976,834.9606600731012,696.3398103695598,138.62084970354135,-0.0029234914015887625
ORegan2022,ORegan2022_DFN_DC03_AC0p3_1p5tauSet,ORegan2022_DFN_DC03,0.3,0.6,1.5,0.37748033003655057,905.9527920877197,746.036860752171,159.91593133554863,905.9527920877214,746.0301501238866,159.92264196383474,-0.006710628286100473
ORegan2022,ORegan2022_DFN_DC03_AC0p3_1p5tauSet,ORegan2022_DFN_DC03,0.3,0.6,1.5,0.4070603850426423,976.9449241023395,964.4387085498405,12.506215552499043,976.9449241023416,964.4414582092639,12.503465893077646,0.002749659421397155
ORegan2022,ORegan2022_DFN_DC03_AC0p3_1p5tauSet,ORegan2022_DFN_DC03,0.3,0.6,1.5,0.43664044004873404,1047.9370561169592,1041.7120131147665,6.225043002192706,1047.9370561169617,1041.7119935200228,6.225062596938869,-1.9594746163420496e-05
ORegan2022,ORegan2022_DFN_DC03_AC0p3_1p5tauSet,ORegan2022_DFN_DC03,0.3,0.6,1.5,0.4662204950548258,1118.92918813158,1085.718985198052,33.21020293352808,1118.929188131582,1085.717839005915,33.21134912566686,-0.001146192138776314
ORegan2022,ORegan2022_DFN_DC03_AC0p3_1p5tauSet,ORegan2022_DFN_DC03,0.3,0.6,1.5,0.49580055006091756,1189.9213201462,1122.8035154616364,67.11780468456368,1189.921320146202,1122.8023006629735,67.11901948322861,-0.0012147986649324594
ORegan2022,ORegan2022_DFN_DC03_AC0p3_1p5tauSet,ORegan2022_DFN_DC03,0.3,0.6,1.5,0.5253806050670093,1260.9134521608205,1158.4747470323264,102.43870512849412,1260.9134521608223,1158.4725130638913,102.44093909693106,-0.0022339684369399038
ORegan2022,ORegan2022_DFN_DC03_AC0p3_1p5tauSet,ORegan2022_DFN_DC03,0.3,0.6,1.5,0.5549606600731011,1331.90558417544,1196.6048042308657,135.3007799445743,1331.9055841754425,1196.601539286975,135.30404488846762,-0.0032649438933276542
ORegan2022,ORegan2022_DFN_DC03_AC0p3_1p5tauSet,ORegan2022_DFN_DC03,0.3,0.6,1.5,0.5845407150791928,1402.8977161900607,1244.2130364180298,158.6846797720309,1402.8977161900627,1244.208470733464,158.68924545659866,-0.004565684567751305
ORegan2022,ORegan2022_DFN_DC03_AC0p3_1p5tauSet,ORegan2022_DFN_DC03,0.3,0.6,1.5,0.6141207700852847,1473.889848204682,1446.7614999341372,27.128348270544848,1473.8898482046832,1446.7578709742936,27.131977230389566,-0.003628959844718338
ORegan2022,ORegan2022_DFN_DC03_AC0p3_1p5tauSet,ORegan2022_DFN_DC03,0.3,0.6,1.5,0.6437008250913764,1544.8819802193009,1540.7347546767721,4.1472255425287585,1544.8819802193032,1540.7359717941222,4.14600842518098,0.001217117347778185
ORegan2022,ORegan2022_DFN_DC03_AC0p3_1p5tauSet,ORegan2022_DFN_DC03,0.3,0.6,1.5,0.6732808800974681,1615.8741122339209,1586.197580155924,29.676532077996853,1615.8741122339234,1586.1974861061906,29.67662612773279,-9.404973593518662e-05
ORegan2022,ORegan2022_DFN_DC03_AC0p3_1p5tauSet,ORegan2022_DFN_DC03,0.3,0.6,1.5,0.70286093510356,1686.8662442485415,1623.7073551828614,63.158889065680114,1686.8662442485438,1623.7062719528917,63.159972295652096,-0.0010832299719822913
ORegan2022,ORegan2022_DFN_DC03_AC0p3_1p5tauSet,ORegan2022_DFN_DC03,0.3,0.6,1.5,0.7324409901096516,1757.8583762631595,1659.3499569716323,98.50841929152716,1757.8583762631636,1659.348360460919,98.51001580224465,-0.0015965107174906734
ORegan2022,ORegan2022_DFN_DC03_AC0p3_1p5tauSet,ORegan2022_DFN_DC03,0.3,0.6,1.5,0.7620210451157434,1828.8505082777792,1696.9716090824247,131.8788991953545,1828.850508277784,1696.9683973243782,131.8821109534058,-0.0032117580512931454
ORegan2022,ORegan2022_DFN_DC03_AC0p3_1p5tauSet,ORegan2022_DFN_DC03,0.3,0.6,1.5,0.791601100121835,1899.8426402924006,1742.8155131655492,157.02712712685138,1899.8426402924042,1742.8118910223282,157.03074927007606,-0.003622143224674801
ORegan2022,ORegan2022_DFN_DC03_AC0p3_1p5tauSet,ORegan2022_DFN_DC03,0.3,0.6,1.5,0.8211811551279269,1970.83477230702,1844.2008917967607,126.63388051025936,1970.8347723070247,1844.180951203384,126.65382110364067,-0.019940593381306826
ORegan2022,ORegan2022_DFN_DC03_AC0p3_1p5tauSet,ORegan2022_DFN_DC03,0.3,0.6,1.5,0.8507612101340187,2041.8269043216417,2039.4243124609316,2.4025918607101175,2041.826904321645,2039.4285898495593,2.398314472085758,0.004277388624359446
ORegan2022,ORegan2022_DFN_DC03_AC0p3_1p5tauSet,ORegan2022_DFN_DC03,0.3,0.6,1.5,0.8803412651401104,2112.8190363362614,2086.587671039773,26.231365296488548,2112.819036336265,2086.587534198609,26.231502137656207,-0.00013684116765944054
ORegan2022,ORegan2022_DFN_DC03_AC0p3_1p5tauSet,ORegan2022_DFN_DC03,0.3,0.6,1.5,0.9099213201462022,2183.811168350882,2124.5892293349516,59.221939015930275,2183.8111683508855,2124.5882020138565,59.22296633702899,-0.0010273210987179482
ORegan2022,ORegan2022_DFN_DC03_AC0p3_1p5tauSet,ORegan2022_DFN_DC03,0.3,0.6,1.5,0.9395013751522938,2254.803300365504,2160.2493907954326,94.55390957007148,2254.803300365505,2160.247551989472,94.55574837603308,-0.0018388059615972452
ORegan2022,ORegan2022_DFN_DC03_AC0p3_1p5tauSet,ORegan2022_DFN_DC03,0.3,0.6,1.5,0.9690814301583857,2325.7954323801246,2197.4308469484818,128.3645854316428,2325.7954323801255,2197.4276542225275,128.36777815759797,-0.0031927259551594034
ORegan2022,ORegan2022_DFN_DC03_AC0p3_1p5tauSet,ORegan2022_DFN_DC03,0.3,0.6,1.5,0.9986614851644775,2396.7875643947455,2241.7661723245005,155.02139207024493,2396.787564394746,2241.7621843416546,155.02538005309134,-0.003987982846410887
ORegan2022,ORegan2022_DFN_DC03_AC0p3_1p5tauSet,ORegan2022_DFN_DC03,0.3,0.6,1.5,1.0282415401705691,2467.779696409366,2321.984416408951,145.795280000415,2467.779696409366,2321.9710497580822,145.80864665128365,-0.013366650868647412
ORegan2022,ORegan2022_DFN_DC03_AC0p3_1p5tauSet,ORegan2022_DFN_DC03,0.3,0.6,1.5,1.057821595176661,2538.7718284239854,2537.713743721593,1.0580847023925344,2538.7718284239863,2537.7170651278516,1.0547632961347517,0.0033214062577826553
ORegan2022,ORegan2022_DFN_DC03_AC0p3_1p5tauSet,ORegan2022_DFN_DC03,0.3,0.6,1.5,1.0874016501827528,2609.7639604386054,2586.8764799713767,22.88748046722867,2609.763960438607,2586.8756587568655,22.888301681741268,-0.0008212145125980896
ORegan2022,ORegan2022_DFN_DC03_AC0p3_1p5tauSet,ORegan2022_DFN_DC03,0.3,0.6,1.5,1.1169817051888444,2680.7560924532254,2625.4432442100133,55.3128482432121,2680.7560924532268,2625.44254503337,55.313547419856604,-0.000699176644502586
ORegan2022,ORegan2022_DFN_DC03_AC0p3_1p5tauSet,ORegan2022_DFN_DC03,0.3,0.6,1.5,1.1465617601949363,2751.7482244678454,2661.1668155842567,90.58140888358867,2751.748224467847,2661.1647228676484,90.58350160019882,-0.0020927166101500916
ORegan2022,ORegan2022_DFN_DC03_AC0p3_1p5tauSet,ORegan2022_DFN_DC03,0.3,0.6,1.5,1.176141815201028,2822.7403564824667,2697.9714559141785,124.76890056828825,2822.740356482467,2697.9681463064867,124.77221017598049,-0.0033096076922447537
ORegan2022,ORegan2022_DFN_DC03_AC0p3_1p5tauSet,ORegan2022_DFN_DC03,0.3,0.6,1.5,1.2057218702071197,2893.7324884970885,2741.0073515051604,152.72513699192814,2893.7324884970876,2741.0007514143185,152.7317370827691,-0.006600090840947814
ORegan2022,ORegan2022_DFN_DC03_AC0p3_1p5tauSet,ORegan2022_DFN_DC03,0.3,0.6,1.5,1.2353019252132114,2964.7246205117085,2811.051975983392,153.6726445283166,2964.7246205117076,2811.0377226063683,153.68689790533926,-0.014253377022669156
ORegan2022,ORegan2022_DFN_DC03_AC0p3_1p5tauSet,ORegan2022_DFN_DC03,0.3,0.6,1.5,1.2648819802193032,3035.7167525263308,3035.5016131796747,0.21513934665608758,3035.716752526328,3035.501547211338,0.21520531498981654,-6.596833372896072e-05
ORegan2022,ORegan2022_DFN_DC03_AC0p3_1p5tauSet,ORegan2022_DFN_DC03,0.3,0.6,1.5,1.294462035225395,3106.7088845409503,3087.0488012265146,19.660083314435724,3106.7088845409485,3087.0476871512183,19.661197389730205,-0.0011140752944811538
ORegan2022,ORegan2022_DFN_DC03_AC0p3_1p5tauSet,ORegan2022_DFN_DC03,0.3,0.6,1.5,1.3240420902314867,3177.7010165555694,3126.2649416598924,51.43607489567694,3177.701016555568,3126.263458646269,51.4375579092989,-0.0014830136219643464
ORegan2022,ORegan2022_DFN_DC03_AC0p3_1p5tauSet,ORegan2022_DFN_DC03,0.3,0.6,1.5,1.3536221452375785,3248.69314857019,3162.096797665592,86.59635090459778,3248.6931485701884,3162.0946932205543,86.59845534963415,-0.002104445036366087
ORegan2022,ORegan2022_DFN_DC03_AC0p3_1p5tauSet,ORegan2022_DFN_DC03,0.3,0.6,1.5,1.3832022002436701,3319.6852805848084,3198.58292327854,121.10235730626846,3319.6852805848084,3198.579980013971,121.10530057083724,-0.002943264568784798
ORegan2022,ORegan2022_DFN_DC03_AC0p3_1p5tauSet,ORegan2022_DFN_DC03,0.3,0.6,1.5,1.412782255249762,3390.6774125994298,3240.487037006571,150.1903755928588,3390.677412599429,3240.4823694516276,150.19504314780124,-0.00466755494244353
ORegan2022,ORegan2022_DFN_DC03_AC0p3_1p5tauSet,ORegan2022_DFN_DC03,0.3,0.6,1.5,1.4423623102558538,3461.6695446140507,3303.8887587228073,157.78078589124334,3461.6695446140493,3303.880095674695,157.78944893935432,-0.008663048110975069
ORegan2022,ORegan2022_DFN_DC03_AC0p3_1p5tauSet,ORegan2022_DFN_DC03,0.3,0.6,1.5,1.4719423652619454,3532.6616766286693,3532.6326481005253,0.029028528143953736,3532.6616766286693,3532.638821674416,0.022854954253489268,0.006173573890464468
ORegan2022,ORegan2022_DFN_DC03_AC0p3_1p5tauSet,ORegan2022_DFN_DC03,0.3,0.6,1.5,1.5015224202680373,3603.6538086432915,3587.088033711007,16.565774932284512,3603.6538086432897,3587.0871295108705,16.566679132419267,-0.0009042001347552286
ORegan2022,ORegan2022_DFN_DC03_AC0p3_1p5tauSet,ORegan2022_DFN_DC03,0.3,0.6,1.5,1.531102475274129,3674.6459406579124,3627.0461501702166,47.59979048769583,3674.6459406579093,3627.044729001014,47.60121165689543,-0.0014211691996024456
ORegan2022,ORegan2022_DFN_DC03_AC0p3_1p5tauSet,ORegan2022_DFN_DC03,0.3,0.6,1.5,1.5606825302802207,3745.6380726725306,3663.034532573513,82.60354009901766,3745.6380726725297,3663.0324125616035,82.60566011092624,-0.0021200119085733604
ORegan2022,ORegan2022_DFN_DC03_AC0p3_1p5tauSet,ORegan2022_DFN_DC03,0.3,0.6,1.5,1.5902625852863126,3816.630204687151,3699.2580936475515,117.37211103959953,3816.63020468715,3699.2542983721296,117.37590631502053,-0.003795275420998223
ORegan2022,ORegan2022_DFN_DC03_AC0p3_1p5tauSet,ORegan2022_DFN_DC03,0.3,0.6,1.5,1.6198426402924042,3887.622336701773,3740.1749790197314,147.44735768204146,3887.62233670177,3740.1712685681373,147.45106813363282,-0.0037104515913597425
ORegan2022,ORegan2022_DFN_DC03_AC0p3_1p5tauSet,ORegan2022_DFN_DC03,0.3,0.6,1.5,1.649422695298496,3958.6144687163937,3798.7479943378144,159.86647437857937,3958.6144687163905,3798.7408725696673,159.87359614672323,-0.007121768143861118
ORegan2022,ORegan2022_DFN_DC03_AC0p3_1p5tauSet,ORegan2022_DFN_DC03,0.3,0.6,1.5,1.6790027503045877,4029.606600731017,4028.9119168174025,0.6946839136144263,4029.6066007310105,4028.911042730052,0.6955580009584992,-0.0008740873440729047
ORegan2022,ORegan2022_DFN_DC03_AC0p3_1p5tauSet,ORegan2022_DFN_DC03,0.3,0.6,1.5,1.7085828053106795,4100.598732745639,4086.9749147030557,13.623818042583025,4100.5987327456305,4086.9745549563463,13.624177789284204,-0.0003597467011786648
ORegan2022,ORegan2022_DFN_DC03_AC0p3_1p5tauSet,ORegan2022_DFN_DC03,0.3,0.6,1.5,1.7381628603167714,4171.590864760259,4127.779562443184,43.81130231707539,4171.590864760251,4127.7796840990895,43.811180661161416,0.00012165591397206299
ORegan2022,ORegan2022_DFN_DC03_AC0p3_1p5tauSet,ORegan2022_DFN_DC03,0.3,0.6,1.5,1.767742915322863,4242.5829967748805,4163.9748227837035,78.60817399117695,4242.582996774871,4163.972907837481,78.61008893739017,-0.001914946213219082
ORegan2022,ORegan2022_DFN_DC03_AC0p3_1p5tauSet,ORegan2022_DFN_DC03,0.3,0.6,1.5,1.7973229703289548,4313.575128789502,4199.986088345052,113.58904044444989,4313.575128789492,4199.983094302347,113.5920344871447,-0.0029940426948087406
ORegan2022,ORegan2022_DFN_DC03_AC0p3_1p5tauSet,ORegan2022_DFN_DC03,0.3,0.6,1.5,1.8269030253350467,4384.567260804122,4240.041953496605,144.52530730751732,4384.567260804112,4240.038560131418,144.52870067269396,-0.0033933651766346884
ORegan2022,ORegan2022_DFN_DC03_AC0p3_1p5tauSet,ORegan2022_DFN_DC03,0.3,0.6,1.5,1.8564830803411383,4455.559392818741,4294.898266205039,160.66112661370153,4455.559392818732,4294.886381407884,160.67301141084772,-0.011884797146194614
ORegan2022,ORegan2022_DFN_DC03_AC0p3_1p5tauSet,ORegan2022_DFN_DC03,0.3,0.6,1.5,1.8860631353472301,4526.551524833357,4523.959739607089,2.5917852262673478,4526.551524833352,4523.9585684005015,2.5929564328507695,-0.0011712065834217356
ORegan2022,ORegan2022_DFN_DC03_AC0p3_1p5tauSet,ORegan2022_DFN_DC03,0.3,0.6,1.5,1.9156431903533218,4597.543656847979,4586.687056117273,10.856600730706305,4597.543656847972,4586.686745569197,10.856911278774533,-0.0003105480682279449
ORegan2022,ORegan2022_DFN_DC03_AC0p3_1p5tauSet,ORegan2022_DFN_DC03,0.3,0.6,1.5,1.9452232453594136,4668.535788862599,4628.4623283777655,40.07346048483305,4668.535788862592,4628.461091858439,40.07469700415277,-0.0012365193197183544
ORegan2022,ORegan2022_DFN_DC03_AC0p3_1p5tauSet,ORegan2022_DFN_DC03,0.3,0.6,1.5,1.9748033003655054,4739.527920877217,4664.9127926027495,74.61512827446768,4739.527920877213,4664.9112335696145,74.61668730759811,-0.0015590331304338179
ORegan2022,ORegan2022_DFN_DC03_AC0p3_1p5tauSet,ORegan2022_DFN_DC03,0.3,0.6,1.5,2.0043833553715973,4810.520052891837,4700.761233733256,109.75881915858099,4810.520052891833,4700.759059185072,109.76099370676093,-0.002174548179937119
ORegan2022,ORegan2022_DFN_DC03_AC0p3_1p5tauSet,ORegan2022_DFN_DC03,0.3,0.6,1.5,2.033963410377689,4881.512184906457,4740.063643778601,141.44854112785652,4881.5121849064535,4740.060489617303,141.45169528915085,-0.00315416129433288
ORegan2022,ORegan2022_DFN_DC03_AC0p3_1p5tauSet,ORegan2022_DFN_DC03,0.3,0.6,1.5,2.0635434653837805,4952.504316921075,4791.936401212757,160.56791570831774,4952.504316921073,4791.931383953407,160.57293296766602,-0.005017259348278458
ORegan2022,ORegan2022_DFN_DC03_AC0p3_1p5tauSet,ORegan2022_DFN_DC03,0.3,0.6,1.5,2.0931235203898724,5023.496448935692,5017.11058584531,6.385863090381463,5023.4964489356935,5017.109787074015,6.386661861678476,-0.0007987712970134453
ORegan2022,ORegan2022_DFN_DC03_AC0p3_1p5tauSet,ORegan2022_DFN_DC03,0.3,0.6,1.5,2.122703575395964,5094.488580950311,5086.194666385651,8.293914564660554,5094.488580950314,5086.195522895218,8.293058055095571,0.0008565095649828436
ORegan2022,ORegan2022_DFN_DC03_AC0p3_1p5tauSet,ORegan2022_DFN_DC03,0.3,0.6,1.5,2.152283630402056,5165.480712964933,5129.081415963963,36.399297000970364,5165.480712964934,5129.081038303879,36.39967466105554,-0.00037766008517792216
ORegan2022,ORegan2022_DFN_DC03_AC0p3_1p5tauSet,ORegan2022_DFN_DC03,0.3,0.6,1.5,2.181863685408148,5236.472844979552,5165.8439765781495,70.62886840140254,5236.472844979555,5165.84242273566,70.63042224389483,-0.0015538424922851846
ORegan2022,ORegan2022_DFN_DC03_AC0p3_1p5tauSet,ORegan2022_DFN_DC03,0.3,0.6,1.5,2.2114437404142397,5307.4649769941725,5201.578068183652,105.88690881052025,5307.464976994175,5201.57545823353,105.88951876064493,-0.002609950124679017
ORegan2022,ORegan2022_DFN_DC03_AC0p3_1p5tauSet,ORegan2022_DFN_DC03,0.3,0.6,1.5,2.2410237954203316,5378.457109008793,5240.221351089999,138.23575791879375,5378.457109008796,5240.217213052442,138.2398959563534,-0.004138037559641816
ORegan2022,ORegan2022_DFN_DC03_AC0p3_1p5tauSet,ORegan2022_DFN_DC03,0.3,0.6,1.5,2.270603850426423,5449.449241023415,5289.652806976948,159.79643404646686,5449.449241023415,5289.645391063348,159.80384996006705,-0.00741591360019811
ORegan2022,ORegan2022_DFN_DC03_AC0p3_1p5tauSet,ORegan2022_DFN_DC03,0.3,0.6,1.5,2.300183905432515,5520.441373038036,5506.816468235455,13.624904802580204,5520.441373038036,5506.815074479851,13.626298558184317,-0.0013937556041128119
ORegan2022,ORegan2022_DFN_DC03_AC0p3_1p5tauSet,ORegan2022_DFN_DC03,0.3,0.6,1.5,2.3297639604386067,5591.433505052651,5585.465305144812,5.968199907838425,5591.433505052656,5585.466077974806,5.967427077850516,0.0007728299879090628
ORegan2022,ORegan2022_DFN_DC03_AC0p3_1p5tauSet,ORegan2022_DFN_DC03,0.3,0.6,1.5,2.3593440154446985,5662.425637067273,5629.629520243581,32.79611682369159,5662.4256370672765,5629.630779819629,32.79485724764709,0.001259576044503774
ORegan2022,ORegan2022_DFN_DC03_AC0p3_1p5tauSet,ORegan2022_DFN_DC03,0.3,0.6,1.5,2.3889240704507904,5733.417769081896,5666.762714006891,66.6550550750053,5733.417769081897,5666.761437073119,66.65633200877801,-0.0012769337727149832
ORegan2022,ORegan2022_DFN_DC03_AC0p3_1p5tauSet,ORegan2022_DFN_DC03,0.3,0.6,1.5,2.4185041254568818,5804.409901096518,5702.428222632774,101.98167846374417,5804.409901096516,5702.426026394452,101.98387470206399,-0.0021962383198115276
ORegan2022,ORegan2022_DFN_DC03_AC0p3_1p5tauSet,ORegan2022_DFN_DC03,0.3,0.6,1.5,2.4480841804629736,5875.402033111145,5740.4954693840655,134.90656372707963,5875.402033111136,5740.491917492141,134.9101156189954,-0.0035518919157766504
ORegan2022,ORegan2022_DFN_DC03_AC0p3_1p5tauSet,ORegan2022_DFN_DC03,0.3,0.6,1.5,2.4776642354690654,5946.394165125765,5787.883735983219,158.51042914254595,5946.394165125756,5787.87816585373,158.51599927202642,-0.005570129480474861
ORegan2022,ORegan2022_DFN_DC03_AC0p3_1p5tauSet,ORegan2022_DFN_DC03,0.3,0.6,1.5,2.5072442904751573,6017.386297140389,5987.224164520168,30.16213262022029,6017.386297140377,5987.216619643176,30.16967749720061,-0.007544876980318804
ORegan2022,ORegan2022_DFN_DC03_AC0p3_1p5tauSet,ORegan2022_DFN_DC03,0.3,0.6,1.5,2.536824345481249,6088.378429155012,6084.454266369329,3.924162785682711,6088.378429154997,6084.45452306636,3.9239060886375228,0.0002566970451880479
ORegan2022,ORegan2022_DFN_DC03_AC0p3_1p5tauSet,ORegan2022_DFN_DC03,0.3,0.6,1.5,2.5664044004873405,6159.37056116963,6130.098992533846,29.271568635783296,6159.370561169617,6130.100561321998,29.269999847619147,0.001568788164149737
ORegan2022,ORegan2022_DFN_DC03_AC0p3_1p5tauSet,ORegan2022_DFN_DC03,0.3,0.6,1.5,2.5959844554934324,6230.362693184249,6167.664151059601,62.69854212464816,6230.362693184237,6167.66311545707,62.69957772716771,-0.0010356025195505936
ORegan2022,ORegan2022_DFN_DC03_AC0p3_1p5tauSet,ORegan2022_DFN_DC03,0.3,0.6,1.5,2.625564510499524,6301.354825198871,6203.3068325343775,98.0479926644939,6301.354825198858,6203.304880024589,98.04994517426894,-0.0019525097750374698
ORegan2022,ORegan2022_DFN_DC03_AC0p3_1p5tauSet,ORegan2022_DFN_DC03,0.3,0.6,1.5,2.655144565505616,6372.3469572134945,6240.874134151454,131.47282306204033,6372.346957213478,6240.870174242032,131.47678297144648,-0.003959909406148654
ORegan2022,ORegan2022_DFN_DC03_AC0p3_1p5tauSet,ORegan2022_DFN_DC03,0.3,0.6,1.5,2.684724620511708,6443.339089228114,6286.530902756601,156.80818647151318,6443.339089228099,6286.525620109239,156.81346911885976,-0.005282647346575686
ORegan2022,ORegan2022_DFN_DC03_AC0p3_1p5tauSet,ORegan2022_DFN_DC03,0.3,0.6,1.5,2.7143046755177993,6514.331221242736,6383.975493364335,130.355727878401,6514.331221242718,6383.943271348473,130.38794989424514,-0.03222201584412687
ORegan2022,ORegan2022_DFN_DC03_AC0p3_1p5tauSet,ORegan2022_DFN_DC03,0.3,0.6,1.5,2.743884730523891,6585.32335325736,6583.1048179171985,2.218535340161907,6585.323353257339,6583.104173995446,2.21917926189235,-0.0006439217304432532
ORegan2022,ORegan2022_DFN_DC03_AC0p3_1p5tauSet,ORegan2022_DFN_DC03,0.3,0.6,1.5,2.773464785529983,6656.31548527198,6630.4806649135835,25.834820358396428,6656.315485271959,6630.4793892312055,25.836096040753546,-0.0012756823571180576
ORegan2022,ORegan2022_DFN_DC03_AC0p3_1p5tauSet,ORegan2022_DFN_DC03,0.3,0.6,1.5,2.803044840536075,6727.3076172866,6668.54380217975,58.763815106850416,6727.307617286579,6668.542118902573,58.765498384006605,-0.0016832771561894333
ORegan2022,ORegan2022_DFN_DC03_AC0p3_1p5tauSet,ORegan2022_DFN_DC03,0.3,0.6,1.5,2.8326248955421667,6798.299749301222,6704.208796272628,94.0909530285935,6798.2997493012,6704.206440683453,94.09330861774652,-0.002355589153012261
ORegan2022,ORegan2022_DFN_DC03_AC0p3_1p5tauSet,ORegan2022_DFN_DC03,0.3,0.6,1.5,2.862204950548258,6869.291881315846,6741.342220757427,127.94966055841905,6869.2918813158185,6741.339453542372,127.95242777344629,-0.0027672150272337603
ORegan2022,ORegan2022_DFN_DC03_AC0p3_1p5tauSet,ORegan2022_DFN_DC03,0.3,0.6,1.5,2.89178500555435,6940.284013330469,6785.517255555426,154.7667577750426,6940.284013330439,6785.512250513713,154.77176281672564,-0.005005041683034506
ORegan2022,ORegan2022_DFN_DC03_AC0p3_1p5tauSet,ORegan2022_DFN_DC03,0.3,0.6,1.5,2.9213650605604418,7011.276145345095,6864.264002032509,147.01214331258598,7011.276145345059,6864.235507757721,147.0406375873381,-0.028494274752119964
ORegan2022,ORegan2022_DFN_DC03_AC0p3_1p5tauSet,ORegan2022_DFN_DC03,0.3,0.6,1.5,2.9509451155665336,7082.2682773597135,7081.341334216193,0.9269431435204751,7082.26827735968,7081.339661464898,0.9286158947816148,-0.0016727512611396378
ORegan2022,ORegan2022_DFN_DC03_AC0p3_1p5tauSet,ORegan2022_DFN_DC03,0.3,0.6,1.5,2.9805251705726254,7153.26040937433,7130.755724392641,22.504684981689024,7153.2604093743,7130.754743779587,22.50566559471281,-0.0009806130237848265
ORegan2022,ORegan2022_DFN_DC03_AC0p3_1p5tauSet,ORegan2022_DFN_DC03,0.3,0.6,1.5,3.010105225578717,7224.252541388954,7169.3944405810325,54.8581008079218,7224.252541388921,7169.39287056061,54.8596708283103,-0.0015700203884989605
ORegan2022,ORegan2022_DFN_DC03_AC0p3_1p5tauSet,ORegan2022_DFN_DC03,0.3,0.6,1.5,3.0396852805848087,7295.244673403577,7205.127731196641,90.11694220693516,7295.244673403541,7205.1253681665075,90.11930523703359,-0.002363030098422314
ORegan2022,ORegan2022_DFN_DC03_AC0p3_1p5tauSet,ORegan2022_DFN_DC03,0.3,0.6,1.5,3.0692653355909005,7366.236805418202,7241.892613665041,124.34419175316089,7366.236805418162,7241.8887537349765,124.34805168318508,-0.0038599300241912715
ORegan2022,ORegan2022_DFN_DC03_AC0p3_1p5tauSet,ORegan2022_DFN_DC03,0.3,0.6,1.5,3.0988453905969924,7437.228937432815,7284.786801693256,152.44213573955858,7437.228937432782,7284.781282837547,152.44765459523478,-0.005518855676200474
ORegan2022,ORegan2022_DFN_DC03_AC0p3_1p5tauSet,ORegan2022_DFN_DC03,0.3,0.6,1.5,3.128425445603084,7508.221069447434,7353.932425030675,154.28864441675887,7508.2210694474015,7353.911689572364,154.30937987503785,-0.020735458278977603
ORegan2022,ORegan2022_DFN_DC03_AC0p36_1p5tauSet,ORegan2022_DFN_DC03,0.36,0.6599999999999999,1.5,0.2,480.00000000000006,314.280491306958,165.71950869304203,480.0,314.2515968241009,165.7484031758991,-0.028894482857083403
ORegan2022,ORegan2022_DFN_DC03_AC0p36_1p5tauSet,ORegan2022_DFN_DC03,0.36,0.6599999999999999,1.5,0.22958005500609177,550.9921320146202,541.2853479940143,9.706784020605937,550.9921320146203,541.2914494162502,9.700682598370122,0.006101422235815335
ORegan2022,ORegan2022_DFN_DC03_AC0p36_1p5tauSet,ORegan2022_DFN_DC03,0.36,0.6599999999999999,1.5,0.25916011001218353,621.9842640292405,581.4648153751873,40.519448654053235,621.9842640292405,581.4646314699551,40.51963255928547,-0.000183905232233883
ORegan2022,ORegan2022_DFN_DC03_AC0p36_1p5tauSet,ORegan2022_DFN_DC03,0.36,0.6599999999999999,1.5,0.28874016501827526,692.9763960438605,615.3749413233611,77.60145472049942,692.9763960438607,615.3743396605028,77.60205638335799,-0.0006016628585712169
ORegan2022,ORegan2022_DFN_DC03_AC0p36_1p5tauSet,ORegan2022_DFN_DC03,0.36,0.6599999999999999,1.5,0.31832022002436705,763.9685280584805,647.7642014553312,116.2043266031493,763.968528058481,647.7630309652958,116.20549709318516,-0.0011704900358608938
ORegan2022,ORegan2022_DFN_DC03_AC0p36_1p5tauSet,ORegan2022_DFN_DC03,0.36,0.6599999999999999,1.5,0.3479002750304588,834.9606600731003,681.7560932891087,153.2045667839916,834.9606600731012,681.7541498008836,153.20651027221754,-0.0019434882259474762
ORegan2022,ORegan2022_DFN_DC03_AC0p36_1p5tauSet,ORegan2022_DFN_DC03,0.36,0.6599999999999999,1.5,0.37748033003655057,905.9527920877197,722.1953578722312,183.7574342154885,905.9527920877214,722.191732145221,183.76105994250042,-0.0036257270119222085
ORegan2022,ORegan2022_DFN_DC03_AC0p36_1p5tauSet,ORegan2022_DFN_DC03,0.36,0.6599999999999999,1.5,0.4070603850426423,976.9449241023395,793.8041912003063,183.14073290203328,976.9449241023416,793.7899428566733,183.1549812456683,-0.01424834363501759
ORegan2022,ORegan2022_DFN_DC03_AC0p36_1p5tauSet,ORegan2022_DFN_DC03,0.36,0.6599999999999999,1.5,0.43664044004873404,1047.9370561169592,1040.8522679832151,7.084788133744041,1047.9370561169617,1040.8576025812947,7.079453535666971,0.005334598077070041
ORegan2022,ORegan2022_DFN_DC03_AC0p36_1p5tauSet,ORegan2022_DFN_DC03,0.36,0.6599999999999999,1.5,0.4662204950548258,1118.92918813158,1082.3227281248342,36.60646000674592,1118.929188131582,1082.3229975748393,36.606190556742604,0.0002694500033157965
ORegan2022,ORegan2022_DFN_DC03_AC0p36_1p5tauSet,ORegan2022_DFN_DC03,0.36,0.6599999999999999,1.5,0.49580055006091756,1189.9213201462,1116.6304194543306,73.29090069186941,1189.921320146202,1116.6299754702245,73.2913446759776,-0.0004439841081875784
ORegan2022,ORegan2022_DFN_DC03_AC0p36_1p5tauSet,ORegan2022_DFN_DC03,0.36,0.6599999999999999,1.5,0.5253806050670093,1260.9134521608205,1149.0347824747641,111.87866968605636,1260.9134521608223,1149.033192021597,111.88026013922536,-0.0015904531690011936
ORegan2022,ORegan2022_DFN_DC03_AC0p36_1p5tauSet,ORegan2022_DFN_DC03,0.36,0.6599999999999999,1.5,0.5549606600731011,1331.90558417544,1182.671657699117,149.23392647632295,1331.9055841754425,1182.6693189008986,149.23626527454394,-0.002338798220989702
ORegan2022,ORegan2022_DFN_DC03_AC0p36_1p5tauSet,ORegan2022_DFN_DC03,0.36,0.6599999999999999,1.5,0.5845407150791928,1402.8977161900607,1221.9566143033167,180.94110188674404,1402.8977161900627,1221.951594141735,180.94612204832765,-0.005020161583615845
ORegan2022,ORegan2022_DFN_DC03_AC0p36_1p5tauSet,ORegan2022_DFN_DC03,0.36,0.6599999999999999,1.5,0.6141207700852847,1473.889848204682,1284.750797242646,189.13905096203598,1473.8898482046832,1284.7398613566704,189.14998684801276,-0.010935885976778081
ORegan2022,ORegan2022_DFN_DC03_AC0p36_1p5tauSet,ORegan2022_DFN_DC03,0.36,0.6599999999999999,1.5,0.6437008250913764,1544.8819802193009,1540.1280909312866,4.753889288014307,1544.8819802193032,1540.1334370682962,4.74854315100697,0.005346137007336438
ORegan2022,ORegan2022_DFN_DC03_AC0p36_1p5tauSet,ORegan2022_DFN_DC03,0.36,0.6599999999999999,1.5,0.6732808800974681,1615.8741122339209,1583.098531351873,32.77558088204796,1615.8741122339234,1583.100365466553,32.77374676737031,0.0018341146776492678
ORegan2022,ORegan2022_DFN_DC03_AC0p36_1p5tauSet,ORegan2022_DFN_DC03,0.36,0.6599999999999999,1.5,0.70286093510356,1686.8662442485415,1617.863591604739,69.00265264380255,1686.8662442485438,1617.8630365958304,69.0032076527134,-0.0005550089108510292
ORegan2022,ORegan2022_DFN_DC03_AC0p36_1p5tauSet,ORegan2022_DFN_DC03,0.36,0.6599999999999999,1.5,0.7324409901096516,1757.8583762631595,1650.31950312047,107.53887314268945,1757.8583762631636,1650.3180153882997,107.54036087486384,-0.0014877321743824723
ORegan2022,ORegan2022_DFN_DC03_AC0p36_1p5tauSet,ORegan2022_DFN_DC03,0.36,0.6599999999999999,1.5,0.7620210451157434,1828.8505082777792,1683.6532433026368,145.1972649751424,1828.850508277784,1683.6494259659994,145.2010823117846,-0.0038173366422142863
ORegan2022,ORegan2022_DFN_DC03_AC0p36_1p5tauSet,ORegan2022_DFN_DC03,0.36,0.6599999999999999,1.5,0.791601100121835,1899.8426402924006,1721.932414177453,177.9102261149476,1899.8426402924042,1721.9247873808224,177.9178529115818,-0.007626796634212951
ORegan2022,ORegan2022_DFN_DC03_AC0p36_1p5tauSet,ORegan2022_DFN_DC03,0.36,0.6599999999999999,1.5,0.8211811551279269,1970.83477230702,1778.9986229684941,191.83614933852596,1970.8347723070247,1778.9846780047283,191.85009430229638,-0.013944963770427421
ORegan2022,ORegan2022_DFN_DC03_AC0p36_1p5tauSet,ORegan2022_DFN_DC03,0.36,0.6599999999999999,1.5,0.8507612101340187,2041.8269043216417,2039.05106395113,2.775840370511787,2041.826904321645,2039.056260972951,2.7706433486941933,0.00519702181759385
ORegan2022,ORegan2022_DFN_DC03_AC0p36_1p5tauSet,ORegan2022_DFN_DC03,0.36,0.6599999999999999,1.5,0.8803412651401104,2112.8190363362614,2083.7870655990573,29.03197073720412,2112.819036336265,2083.7860129181595,29.033023418105586,-0.001052680901466374
ORegan2022,ORegan2022_DFN_DC03_AC0p36_1p5tauSet,ORegan2022_DFN_DC03,0.36,0.6599999999999999,1.5,0.9099213201462022,2183.811168350882,2119.0696764181776,64.74149193270432,2183.8111683508855,2119.0687946870144,64.74237366387115,-0.0008817311668281036
ORegan2022,ORegan2022_DFN_DC03_AC0p36_1p5tauSet,ORegan2022_DFN_DC03,0.36,0.6599999999999999,1.5,0.9395013751522938,2254.803300365504,2151.6150530411173,103.1882473243868,2254.803300365505,2151.6132728875295,103.19002747797549,-0.0017801535886974307
ORegan2022,ORegan2022_DFN_DC03_AC0p36_1p5tauSet,ORegan2022_DFN_DC03,0.36,0.6599999999999999,1.5,0.9690814301583857,2325.7954323801246,2184.6891455703667,141.10628680975788,2325.7954323801255,2184.6867949332127,141.10863744691278,-0.002350637154904689
ORegan2022,ORegan2022_DFN_DC03_AC0p36_1p5tauSet,ORegan2022_DFN_DC03,0.36,0.6599999999999999,1.5,0.9986614851644775,2396.7875643947455,2222.0847931116314,174.7027712831141,2396.787564394746,2222.080525123973,174.70703927077284,-0.004267987658749917
ORegan2022,ORegan2022_DFN_DC03_AC0p36_1p5tauSet,ORegan2022_DFN_DC03,0.36,0.6599999999999999,1.5,1.0282415401705691,2467.779696409366,2274.9722692622545,192.8074271471114,2467.779696409366,2274.9646352564,192.81506115296588,-0.0076340058544701606
ORegan2022,ORegan2022_DFN_DC03_AC0p36_1p5tauSet,ORegan2022_DFN_DC03,0.36,0.6599999999999999,1.5,1.057821595176661,2538.7718284239854,2537.537887069212,1.2339413547733784,2538.7718284239863,2537.5401625618074,1.231665862178943,0.002275492594435491
ORegan2022,ORegan2022_DFN_DC03_AC0p36_1p5tauSet,ORegan2022_DFN_DC03,0.36,0.6599999999999999,1.5,1.0874016501827528,2609.7639604386054,2584.368373588778,25.395586849827396,2609.763960438607,2584.3676128942434,25.39634754436338,-0.0007606945359839301
ORegan2022,ORegan2022_DFN_DC03_AC0p36_1p5tauSet,ORegan2022_DFN_DC03,0.36,0.6599999999999999,1.5,1.1169817051888444,2680.7560924532254,2620.2431100935114,60.51298235971399,2680.7560924532268,2620.2422442644474,60.51384818877932,-0.0008658290653329459
ORegan2022,ORegan2022_DFN_DC03_AC0p36_1p5tauSet,ORegan2022_DFN_DC03,0.36,0.6599999999999999,1.5,1.1465617601949363,2751.7482244678454,2652.916821741499,98.83140272634637,2751.748224467847,2652.9148332578725,98.8333912099747,-0.0019884836283381446
ORegan2022,ORegan2022_DFN_DC03_AC0p36_1p5tauSet,ORegan2022_DFN_DC03,0.36,0.6599999999999999,1.5,1.176141815201028,2822.7403564824667,2685.77785562406,136.96250085840666,2822.740356482467,2685.77449482822,136.96586165424696,-0.0033607958403081284
ORegan2022,ORegan2022_DFN_DC03_AC0p36_1p5tauSet,ORegan2022_DFN_DC03,0.36,0.6599999999999999,1.5,1.2057218702071197,2893.7324884970885,2722.3977660533437,171.3347224437448,2893.7324884970876,2722.393895658277,171.33859283881065,-0.003870395065860066
ORegan2022,ORegan2022_DFN_DC03_AC0p36_1p5tauSet,ORegan2022_DFN_DC03,0.36,0.6599999999999999,1.5,1.2353019252132114,2964.7246205117085,2772.0553982371434,192.66922227456507,2964.7246205117076,2772.047463137871,192.6771573738365,-0.00793509927143532
ORegan2022,ORegan2022_DFN_DC03_AC0p36_1p5tauSet,ORegan2022_DFN_DC03,0.36,0.6599999999999999,1.5,1.2648819802193032,3035.7167525263308,3035.462147721825,0.25460480450556133,3035.716752526328,3035.4619680084593,0.25478451786875667,-0.00017971336319533293
ORegan2022,ORegan2022_DFN_DC03_AC0p36_1p5tauSet,ORegan2022_DFN_DC03,0.36,0.6599999999999999,1.5,1.294462035225395,3106.7088845409503,3084.8292662085646,21.87961833238569,3106.7088845409485,3084.8308311734613,21.878053367487155,0.0015649648985345266
ORegan2022,ORegan2022_DFN_DC03_AC0p36_1p5tauSet,ORegan2022_DFN_DC03,0.36,0.6599999999999999,1.5,1.3240420902314867,3177.7010165555694,3121.3794445646004,56.321571990969005,3177.701016555568,3121.378039701172,56.322976854396074,-0.0014048634270693583
ORegan2022,ORegan2022_DFN_DC03_AC0p36_1p5tauSet,ORegan2022_DFN_DC03,0.36,0.6599999999999999,1.5,1.3536221452375785,3248.69314857019,3154.220745997371,94.47240257281874,3248.6931485701884,3154.218623157706,94.47452541248231,-0.0021228396635706304
ORegan2022,ORegan2022_DFN_DC03_AC0p36_1p5tauSet,ORegan2022_DFN_DC03,0.36,0.6599999999999999,1.5,1.3832022002436701,3319.6852805848084,3186.910204875561,132.77507570924763,3319.6852805848084,3186.906210641824,132.77906994298428,-0.003994233736648312
ORegan2022,ORegan2022_DFN_DC03_AC0p36_1p5tauSet,ORegan2022_DFN_DC03,0.36,0.6599999999999999,1.5,1.412782255249762,3390.6774125994298,3222.8482752062955,167.82913739313426,3390.677412599429,3222.8443795139106,167.8330330855183,-0.0038956923840487434
ORegan2022,ORegan2022_DFN_DC03_AC0p36_1p5tauSet,ORegan2022_DFN_DC03,0.36,0.6599999999999999,1.5,1.4423623102558538,3461.6695446140507,3269.910600898686,191.7589437153647,3461.6695446140493,3269.904077608913,191.7654670051361,-0.006523289771394047
ORegan2022,ORegan2022_DFN_DC03_AC0p36_1p5tauSet,ORegan2022_DFN_DC03,0.36,0.6599999999999999,1.5,1.4719423652619454,3532.6616766286693,3532.62881824386,0.032858384809060226,3532.6616766286693,3532.634115850795,0.027560777874441555,0.0052976069346186705
ORegan2022,ORegan2022_DFN_DC03_AC0p36_1p5tauSet,ORegan2022_DFN_DC03,0.36,0.6599999999999999,1.5,1.5015224202680373,3603.6538086432915,3585.1572750450296,18.496533598261976,3603.6538086432897,3585.158791659088,18.49501698420181,0.0015166140601650113
ORegan2022,ORegan2022_DFN_DC03_AC0p36_1p5tauSet,ORegan2022_DFN_DC03,0.36,0.6599999999999999,1.5,1.531102475274129,3674.6459406579124,3622.470515043703,52.175425614209416,3674.6459406579093,3622.470421821625,52.17551883628403,-9.322207461082144e-05
ORegan2022,ORegan2022_DFN_DC03_AC0p36_1p5tauSet,ORegan2022_DFN_DC03,0.36,0.6599999999999999,1.5,1.5606825302802207,3745.6380726725306,3655.522363076223,90.11570959630762,3745.6380726725297,3655.5205896215793,90.11748305095034,-0.0017734546427163878
ORegan2022,ORegan2022_DFN_DC03_AC0p36_1p5tauSet,ORegan2022_DFN_DC03,0.36,0.6599999999999999,1.5,1.5902625852863126,3816.630204687151,3688.0787822297357,128.55142245741536,3816.63020468715,3688.076137265404,128.5540674217459,-0.0026449643305568316
ORegan2022,ORegan2022_DFN_DC03_AC0p36_1p5tauSet,ORegan2022_DFN_DC03,0.36,0.6599999999999999,1.5,1.6198426402924042,3887.622336701773,3723.4195533198285,164.2027833819443,3887.62233670177,3723.414809968495,164.20752673327524,-0.004743351330944279
ORegan2022,ORegan2022_DFN_DC03_AC0p36_1p5tauSet,ORegan2022_DFN_DC03,0.36,0.6599999999999999,1.5,1.649422695298496,3958.6144687163937,3768.3474235913964,190.26704512499737,3958.6144687163905,3768.338039154384,190.27642956200634,-0.00938443700897551
ORegan2022,ORegan2022_DFN_DC03_AC0p36_1p5tauSet,ORegan2022_DFN_DC03,0.36,0.6599999999999999,1.5,1.6790027503045877,4029.606600731017,4028.74680979139,0.8597909396266914,4029.6066007310105,4028.7456769040573,0.8609238269532398,-0.0011328873265483708
ORegan2022,ORegan2022_DFN_DC03_AC0p36_1p5tauSet,ORegan2022_DFN_DC03,0.36,0.6599999999999999,1.5,1.7085828053106795,4100.598732745639,4085.3312905525413,15.267442193097395,4100.5987327456305,4085.3313516266567,15.267381118973844,6.107412355049746e-05
ORegan2022,ORegan2022_DFN_DC03_AC0p36_1p5tauSet,ORegan2022_DFN_DC03,0.36,0.6599999999999999,1.5,1.7381628603167714,4171.590864760259,4123.513810850002,48.077053910256836,4171.590864760251,4123.513131116796,48.07773364345485,-0.0006797331980124
ORegan2022,ORegan2022_DFN_DC03_AC0p36_1p5tauSet,ORegan2022_DFN_DC03,0.36,0.6599999999999999,1.5,1.767742915322863,4242.5829967748805,4156.81783569407,85.76516108081069,4242.582996774871,4156.816663023599,85.76633375127221,-0.0011726704615284689
ORegan2022,ORegan2022_DFN_DC03_AC0p36_1p5tauSet,ORegan2022_DFN_DC03,0.36,0.6599999999999999,1.5,1.7973229703289548,4313.575128789502,4189.281459932147,124.29366885735453,4313.575128789492,4189.278891168588,124.29623762090341,-0.0025687635488793603
ORegan2022,ORegan2022_DFN_DC03_AC0p36_1p5tauSet,ORegan2022_DFN_DC03,0.36,0.6599999999999999,1.5,1.8269030253350467,4384.567260804122,4224.0954551263,160.47180567782198,4384.567260804112,4224.090624997339,160.47663580677363,-0.004830128951653023
ORegan2022,ORegan2022_DFN_DC03_AC0p36_1p5tauSet,ORegan2022_DFN_DC03,0.36,0.6599999999999999,1.5,1.8564830803411383,4455.559392818741,4267.231896262542,188.32749655619864,4455.559392818732,4267.221265359149,188.33812745958312,-0.010630903384480916
ORegan2022,ORegan2022_DFN_DC03_AC0p36_1p5tauSet,ORegan2022_DFN_DC03,0.36,0.6599999999999999,1.5,1.8860631353472301,4526.551524833357,4523.211060931685,3.340463901671683,4526.551524833352,4523.209402664671,3.3421221686812714,-0.0016582670095885987
ORegan2022,ORegan2022_DFN_DC03_AC0p36_1p5tauSet,ORegan2022_DFN_DC03,0.36,0.6599999999999999,1.5,1.9156431903533218,4597.543656847979,4585.32511774178,12.218539106199387,4597.543656847972,4585.32409703513,12.219559812841908,-0.0010207066425209632
ORegan2022,ORegan2022_DFN_DC03_AC0p36_1p5tauSet,ORegan2022_DFN_DC03,0.36,0.6599999999999999,1.5,1.9452232453594136,4668.535788862599,4624.500140182816,44.03564867978275,4668.535788862592,4624.499303670474,44.03648519211856,-0.0008365123358089477
ORegan2022,ORegan2022_DFN_DC03_AC0p36_1p5tauSet,ORegan2022_DFN_DC03,0.36,0.6599999999999999,1.5,1.9748033003655054,4739.527920877217,4658.104229045432,81.42369183178562,4739.527920877213,4658.1027196264295,81.42520125078318,-0.001509418997557077
ORegan2022,ORegan2022_DFN_DC03_AC0p36_1p5tauSet,ORegan2022_DFN_DC03,0.36,0.6599999999999999,1.5,2.0043833553715973,4810.520052891837,4690.5113187781535,120.0087341136832,4810.520052891833,4690.509435806167,120.01061708566613,-0.0018829719829227543
ORegan2022,ORegan2022_DFN_DC03_AC0p36_1p5tauSet,ORegan2022_DFN_DC03,0.36,0.6599999999999999,1.5,2.033963410377689,4881.512184906457,4724.861834228274,156.6503506781828,4881.5121849064535,4724.859316565304,156.65286834114977,-0.0025176629669658723
ORegan2022,ORegan2022_DFN_DC03_AC0p36_1p5tauSet,ORegan2022_DFN_DC03,0.36,0.6599999999999999,1.5,2.0635434653837805,4952.504316921075,4766.474789597119,186.02952732395624,4952.504316921073,4766.464887721425,186.0394291996481,-0.009901875691866735
ORegan2022,ORegan2022_DFN_DC03_AC0p36_1p5tauSet,ORegan2022_DFN_DC03,0.36,0.6599999999999999,1.5,2.0931235203898724,5023.496448935692,4853.853101852164,169.64334708352726,5023.4964489356935,4853.830635606912,169.66581332878104,-0.02246624525378138
ORegan2022,ORegan2022_DFN_DC03_AC0p36_1p5tauSet,ORegan2022_DFN_DC03,0.36,0.6599999999999999,1.5,2.122703575395964,5094.488580950311,5085.1067398876485,9.381841062662716,5094.488580950314,5085.106913399003,9.381667551310784,0.00017351135193166556
ORegan2022,ORegan2022_DFN_DC03_AC0p36_1p5tauSet,ORegan2022_DFN_DC03,0.36,0.6599999999999999,1.5,2.152283630402056,5165.480712964933,5125.419703256879,40.06100970805437,5165.480712964934,5125.421344631267,40.05936833366741,0.0016413743869634345
ORegan2022,ORegan2022_DFN_DC03_AC0p36_1p5tauSet,ORegan2022_DFN_DC03,0.36,0.6599999999999999,1.5,2.181863685408148,5236.472844979552,5159.374704735708,77.09814024384377,5236.472844979555,5159.374542774367,77.09830220518779,-0.0001619613440198009
ORegan2022,ORegan2022_DFN_DC03_AC0p36_1p5tauSet,ORegan2022_DFN_DC03,0.36,0.6599999999999999,1.5,2.2114437404142397,5307.4649769941725,5191.7648398439815,115.70013715019104,5307.464976994175,5191.763017674956,115.70195931921899,-0.0018221690279460745
ORegan2022,ORegan2022_DFN_DC03_AC0p36_1p5tauSet,ORegan2022_DFN_DC03,0.36,0.6599999999999999,1.5,2.2410237954203316,5378.457109008793,5225.7130069660925,152.74410204270043,5378.457109008796,5225.71001697573,152.7470920330661,-0.002989990365676931
ORegan2022,ORegan2022_DFN_DC03_AC0p36_1p5tauSet,ORegan2022_DFN_DC03,0.36,0.6599999999999999,1.5,2.270603850426423,5449.449241023415,5266.011948694434,183.43729232898113,5449.449241023415,5266.004316603464,183.44492441995135,-0.0076320909702189965
ORegan2022,ORegan2022_DFN_DC03_AC0p36_1p5tauSet,ORegan2022_DFN_DC03,0.36,0.6599999999999999,1.5,2.300183905432515,5520.441373038036,5336.325755724797,184.11561731323854,5520.441373038036,5336.308277345238,184.13309569279772,-0.017478379559179302
ORegan2022,ORegan2022_DFN_DC03_AC0p36_1p5tauSet,ORegan2022_DFN_DC03,0.36,0.6599999999999999,1.5,2.3297639604386067,5591.433505052651,5584.641130134972,6.792374917678899,5591.433505052656,5584.641890905357,6.791614147298787,0.000760770380111353
ORegan2022,ORegan2022_DFN_DC03_AC0p36_1p5tauSet,ORegan2022_DFN_DC03,0.36,0.6599999999999999,1.5,2.3593440154446985,5662.425637067273,5626.270648687241,36.15498838003168,5662.4256370672765,5626.270772286144,36.154864781132346,0.00012359889933577506
ORegan2022,ORegan2022_DFN_DC03_AC0p36_1p5tauSet,ORegan2022_DFN_DC03,0.36,0.6599999999999999,1.5,2.3889240704507904,5733.417769081896,5660.628546477367,72.78922260452873,5733.417769081897,5660.627781722511,72.78998735938603,-0.0007647548573004315
ORegan2022,ORegan2022_DFN_DC03_AC0p36_1p5tauSet,ORegan2022_DFN_DC03,0.36,0.6599999999999999,1.5,2.4185041254568818,5804.409901096518,5693.036576128884,111.37332496763429,5804.409901096516,5693.035110616196,111.37479048031946,-0.0014655126851721434
ORegan2022,ORegan2022_DFN_DC03_AC0p36_1p5tauSet,ORegan2022_DFN_DC03,0.36,0.6599999999999999,1.5,2.4480841804629736,5875.402033111145,5726.636260260486,148.76577285065923,5875.402033111136,5726.633182528377,148.76885058275911,-0.003077732099882269
ORegan2022,ORegan2022_DFN_DC03_AC0p36_1p5tauSet,ORegan2022_DFN_DC03,0.36,0.6599999999999999,1.5,2.4776642354690654,5946.394165125765,5765.794988247584,180.59917687818051,5946.394165125756,5765.790880309872,180.60328481588476,-0.004107937704247888
ORegan2022,ORegan2022_DFN_DC03_AC0p36_1p5tauSet,ORegan2022_DFN_DC03,0.36,0.6599999999999999,1.5,2.5072442904751573,6017.386297140389,5827.804375595492,189.58192154489643,6017.386297140377,5827.797128887476,189.5891682529009,-0.007246708004458924
ORegan2022,ORegan2022_DFN_DC03_AC0p36_1p5tauSet,ORegan2022_DFN_DC03,0.36,0.6599999999999999,1.5,2.536824345481249,6088.378429155012,6083.879620488832,4.498808666179684,6088.378429154997,6083.880142367059,4.498286787938014,0.0005218782416704926
ORegan2022,ORegan2022_DFN_DC03_AC0p36_1p5tauSet,ORegan2022_DFN_DC03,0.36,0.6599999999999999,1.5,2.5664044004873405,6159.37056116963,6127.038284527511,32.33227664211881,6159.370561169617,6127.038023243965,32.332537925652105,-0.0002612835332911345
ORegan2022,ORegan2022_DFN_DC03_AC0p36_1p5tauSet,ORegan2022_DFN_DC03,0.36,0.6599999999999999,1.5,2.5959844554934324,6230.362693184249,6161.858479480885,68.50421370336426,6230.362693184237,6161.857906975749,68.50478620848844,-0.0005725051241824985
ORegan2022,ORegan2022_DFN_DC03_AC0p36_1p5tauSet,ORegan2022_DFN_DC03,0.36,0.6599999999999999,1.5,2.625564510499524,6301.354825198871,6194.322779323354,107.03204587551772,6301.354825198858,6194.32136644921,107.03345874964816,-0.001412874130437558
ORegan2022,ORegan2022_DFN_DC03_AC0p36_1p5tauSet,ORegan2022_DFN_DC03,0.36,0.6599999999999999,1.5,2.655144565505616,6372.3469572134945,6227.622361437875,144.7245957756195,6372.346957213478,6227.620347605685,144.72660960779285,-0.002013832173361152
ORegan2022,ORegan2022_DFN_DC03_AC0p36_1p5tauSet,ORegan2022_DFN_DC03,0.36,0.6599999999999999,1.5,2.684724620511708,6443.339089228114,6265.789778120671,177.54931110744292,6443.339089228099,6265.786819725031,177.5522695030677,-0.0029583956247734022
ORegan2022,ORegan2022_DFN_DC03_AC0p36_1p5tauSet,ORegan2022_DFN_DC03,0.36,0.6599999999999999,1.5,2.7143046755177993,6514.331221242736,6322.307757638293,192.02346360444335,6514.331221242718,6322.295706679107,192.0355145636113,-0.012050959167936526
ORegan2022,ORegan2022_DFN_DC03_AC0p36_1p5tauSet,ORegan2022_DFN_DC03,0.36,0.6599999999999999,1.5,2.743884730523891,6585.32335325736,6582.756972877481,2.5663803798797744,6585.323353257339,6582.756757624646,2.5665956326929518,-0.0002152528131773579
ORegan2022,ORegan2022_DFN_DC03_AC0p36_1p5tauSet,ORegan2022_DFN_DC03,0.36,0.6599999999999999,1.5,2.773464785529983,6656.31548527198,6627.7122718912715,28.60321338070844,6656.315485271959,6627.712205528497,28.603279743461826,-6.636275338678388e-05
ORegan2022,ORegan2022_DFN_DC03_AC0p36_1p5tauSet,ORegan2022_DFN_DC03,0.36,0.6599999999999999,1.5,2.803044840536075,6727.3076172866,6663.060322039997,64.24729524660324,6727.307617286579,6663.060160831412,64.2474564551676,-0.00016120856435009046
ORegan2022,ORegan2022_DFN_DC03_AC0p36_1p5tauSet,ORegan2022_DFN_DC03,0.36,0.6599999999999999,1.5,2.8326248955421667,6798.299749301222,6695.619463238233,102.68028606298867,6798.2997493012,6695.61757037801,102.6821789231899,-0.0018928602012238116
ORegan2022,ORegan2022_DFN_DC03_AC0p36_1p5tauSet,ORegan2022_DFN_DC03,0.36,0.6599999999999999,1.5,2.862204950548258,6869.291881315846,6728.66723405531,140.62464726053622,6869.2918813158185,6728.663930593054,140.62795072276458,-0.0033034622283594217
ORegan2022,ORegan2022_DFN_DC03_AC0p36_1p5tauSet,ORegan2022_DFN_DC03,0.36,0.6599999999999999,1.5,2.89178500555435,6940.284013330469,6765.96602001629,174.31799331417915,6940.284013330439,6765.962129172196,174.32188415824294,-0.0038908440637897
ORegan2022,ORegan2022_DFN_DC03_AC0p36_1p5tauSet,ORegan2022_DFN_DC03,0.36,0.6599999999999999,1.5,2.9213650605604418,7011.276145345095,6818.434951297259,192.84119404783542,7011.276145345059,6818.428417538577,192.847727806482,-0.00653375864658301
ORegan2022,ORegan2022_DFN_DC03_AC0p36_1p5tauSet,ORegan2022_DFN_DC03,0.36,0.6599999999999999,1.5,2.9509451155665336,7082.2682773597135,7081.182506874014,1.085770485699868,7082.26827735968,7081.182367176076,1.0859101836040281,-0.00013969790416012984
ORegan2022,ORegan2022_DFN_DC03_AC0p36_1p5tauSet,ORegan2022_DFN_DC03,0.36,0.6599999999999999,1.5,2.9805251705726254,7153.26040937433,7128.281466252036,24.978943122294368,7153.2604093743,7128.280780876425,24.979628497875638,-0.0006853755812699092
ORegan2022,ORegan2022_DFN_DC03_AC0p36_1p5tauSet,ORegan2022_DFN_DC03,0.36,0.6599999999999999,1.5,3.010105225578717,7224.252541388954,7164.230648524594,60.02189286436078,7224.252541388921,7164.229501562252,60.02303982666854,-0.0011469623077573488
ORegan2022,ORegan2022_DFN_DC03_AC0p36_1p5tauSet,ORegan2022_DFN_DC03,0.36,0.6599999999999999,1.5,3.0396852805848087,7295.244673403577,7196.921396092315,98.32327731126134,7295.244673403541,7196.919599868222,98.32507353531946,-0.0017962240581255173
ORegan2022,ORegan2022_DFN_DC03_AC0p36_1p5tauSet,ORegan2022_DFN_DC03,0.36,0.6599999999999999,1.5,3.0692653355909005,7366.236805418202,7229.760540643034,136.4762647751677,7366.236805418162,7229.7570785063,136.4797269118617,-0.0034621366939973086
ORegan2022,ORegan2022_DFN_DC03_AC0p36_1p5tauSet,ORegan2022_DFN_DC03,0.36,0.6599999999999999,1.5,3.0988453905969924,7437.228937432815,7266.298203004798,170.93073442801688,7437.228937432782,7266.29247527633,170.93646215645185,-0.005727728434976598
ORegan2022,ORegan2022_DFN_DC03_AC0p36_1p5tauSet,ORegan2022_DFN_DC03,0.36,0.6599999999999999,1.5,3.128425445603084,7508.221069447434,7315.621940377799,192.59912906963564,7508.2210694474015,7315.61499562035,192.60607382705166,-0.006944757416022185
ORegan2022,ORegan2022_DFN_DC03_AC0p38_1p5tauSet,ORegan2022_DFN_DC03,0.38,0.6799999999999999,1.5,0.2,480.00000000000006,284.30115404168305,195.698845958317,480.0,284.2900593285277,195.70994067147228,-0.011094713155273439
ORegan2022,ORegan2022_DFN_DC03_AC0p38_1p5tauSet,ORegan2022_DFN_DC03,0.38,0.6799999999999999,1.5,0.22958005500609177,550.9921320146202,540.938228059478,10.053903955142232,550.9921320146203,540.9440256741769,10.048106340443383,0.005797614698849429
ORegan2022,ORegan2022_DFN_DC03_AC0p38_1p5tauSet,ORegan2022_DFN_DC03,0.38,0.6799999999999999,1.5,0.25916011001218353,621.9842640292405,580.3526625849493,41.63160144429128,621.9842640292405,580.3540210908299,41.630242938410674,0.0013585058806029338
ORegan2022,ORegan2022_DFN_DC03_AC0p38_1p5tauSet,ORegan2022_DFN_DC03,0.38,0.6799999999999999,1.5,0.28874016501827526,692.9763960438605,613.4497497174569,79.52664632640358,692.9763960438607,613.4489923840389,79.52740365982186,-0.0007573334182779945
ORegan2022,ORegan2022_DFN_DC03_AC0p38_1p5tauSet,ORegan2022_DFN_DC03,0.38,0.6799999999999999,1.5,0.31832022002436705,763.9685280584805,644.887664098788,119.08086395969246,763.968528058481,644.8862754533609,119.08225260512006,-0.0013886454275962024
ORegan2022,ORegan2022_DFN_DC03_AC0p38_1p5tauSet,ORegan2022_DFN_DC03,0.38,0.6799999999999999,1.5,0.3479002750304588,834.9606600731003,677.5896062063831,157.37105386671715,834.9606600731012,677.5875556495216,157.37310442357955,-0.002050556862400299
ORegan2022,ORegan2022_DFN_DC03_AC0p38_1p5tauSet,ORegan2022_DFN_DC03,0.38,0.6799999999999999,1.5,0.37748033003655057,905.9527920877197,715.7452281738155,190.2075639139042,905.9527920877214,715.7420289511688,190.2107631365526,-0.003199222648390787
ORegan2022,ORegan2022_DFN_DC03_AC0p38_1p5tauSet,ORegan2022_DFN_DC03,0.38,0.6799999999999999,1.5,0.4070603850426423,976.9449241023395,776.1189652666719,200.82595883566762,976.9449241023416,776.1005304071967,200.84439369514484,-0.018434859477224563
ORegan2022,ORegan2022_DFN_DC03_AC0p38_1p5tauSet,ORegan2022_DFN_DC03,0.38,0.6799999999999999,1.5,0.43664044004873404,1047.9370561169592,1040.5852652266049,7.351790890354323,1047.9370561169617,1040.5908504877477,7.346205629213955,0.0055852611403679475
ORegan2022,ORegan2022_DFN_DC03_AC0p38_1p5tauSet,ORegan2022_DFN_DC03,0.38,0.6799999999999999,1.5,0.4662204950548258,1118.92918813158,1081.300384548,37.628803583580066,1118.929188131582,1081.3002229220565,37.628965209525404,-0.00016162594533852825
ORegan2022,ORegan2022_DFN_DC03_AC0p38_1p5tauSet,ORegan2022_DFN_DC03,0.38,0.6799999999999999,1.5,0.49580055006091756,1189.9213201462,1114.8016319761143,75.11968817008574,1189.921320146202,1114.8008676701413,75.12045247606079,-0.0007643059750535031
ORegan2022,ORegan2022_DFN_DC03_AC0p38_1p5tauSet,ORegan2022_DFN_DC03,0.38,0.6799999999999999,1.5,0.5253806050670093,1260.9134521608205,1146.2770371024696,114.63641505835085,1260.9134521608223,1146.2750707785247,114.63838138229767,-0.0019663239468172833
ORegan2022,ORegan2022_DFN_DC03_AC0p38_1p5tauSet,ORegan2022_DFN_DC03,0.38,0.6799999999999999,1.5,0.5549606600731011,1331.90558417544,1178.6799828736537,153.22560130178636,1331.9055841754425,1178.6770206127464,153.22856356269608,-0.0029622609097259556
ORegan2022,ORegan2022_DFN_DC03_AC0p38_1p5tauSet,ORegan2022_DFN_DC03,0.38,0.6799999999999999,1.5,0.5845407150791928,1402.8977161900607,1215.8683528139502,187.0293633761105,1402.8977161900627,1215.8649660061628,187.0327501838999,-0.0033868077894112503
ORegan2022,ORegan2022_DFN_DC03_AC0p38_1p5tauSet,ORegan2022_DFN_DC03,0.38,0.6799999999999999,1.5,0.6141207700852847,1473.889848204682,1270.893514365814,202.99633383886794,1473.8898482046832,1270.8768661928664,203.0129820118168,-0.01664817294886234
ORegan2022,ORegan2022_DFN_DC03_AC0p38_1p5tauSet,ORegan2022_DFN_DC03,0.38,0.6799999999999999,1.5,0.6437008250913764,1544.8819802193009,1539.9375856026156,4.944394616685258,1544.8819802193032,1539.943804908546,4.93817531075706,0.006219305928198082
ORegan2022,ORegan2022_DFN_DC03_AC0p38_1p5tauSet,ORegan2022_DFN_DC03,0.38,0.6799999999999999,1.5,0.6732808800974681,1615.8741122339209,1582.1646323304626,33.70947990345826,1615.8741122339234,1582.1649850676001,33.70912716632324,0.000352737135017378
ORegan2022,ORegan2022_DFN_DC03_AC0p38_1p5tauSet,ORegan2022_DFN_DC03,0.38,0.6799999999999999,1.5,0.70286093510356,1686.8662442485415,1616.1290876120001,70.73715663654139,1686.8662442485438,1616.1286938616627,70.73755038688114,-0.0003937503397537512
ORegan2022,ORegan2022_DFN_DC03_AC0p38_1p5tauSet,ORegan2022_DFN_DC03,0.38,0.6799999999999999,1.5,0.7324409901096516,1757.8583762631595,1647.676181179613,110.1821950835465,1757.8583762631636,1647.6749293820872,110.1834468810764,-0.0012517975299033424
ORegan2022,ORegan2022_DFN_DC03_AC0p38_1p5tauSet,ORegan2022_DFN_DC03,0.38,0.6799999999999999,1.5,0.7620210451157434,1828.8505082777792,1679.825413402556,149.0250948752232,1828.850508277784,1679.8220147269915,149.02849355079252,-0.003398675569314946
ORegan2022,ORegan2022_DFN_DC03_AC0p38_1p5tauSet,ORegan2022_DFN_DC03,0.38,0.6799999999999999,1.5,0.791601100121835,1899.8426402924006,1716.1654690124717,183.67717127992887,1899.8426402924042,1716.1622498864465,183.68039040595772,-0.00321912602885277
ORegan2022,ORegan2022_DFN_DC03_AC0p38_1p5tauSet,ORegan2022_DFN_DC03,0.38,0.6799999999999999,1.5,0.8211811551279269,1970.83477230702,1767.2539182350133,203.5808540720068,1970.8347723070247,1767.2481594162352,203.5866128907894,-0.0057588187826240755
ORegan2022,ORegan2022_DFN_DC03_AC0p38_1p5tauSet,ORegan2022_DFN_DC03,0.38,0.6799999999999999,1.5,0.8507612101340187,2041.8269043216417,2038.9325306399644,2.89437368167728,2041.826904321645,2038.93790638364,2.8889979380051045,0.005375743672175304
ORegan2022,ORegan2022_DFN_DC03_AC0p38_1p5tauSet,ORegan2022_DFN_DC03,0.38,0.6799999999999999,1.5,0.8803412651401104,2112.8190363362614,2082.9360429283684,29.882993407893082,2112.819036336265,2082.937632642425,29.881403693840184,0.0015897140528977616
ORegan2022,ORegan2022_DFN_DC03_AC0p38_1p5tauSet,ORegan2022_DFN_DC03,0.38,0.6799999999999999,1.5,0.9099213201462022,2183.811168350882,2117.4296027636988,66.3815655871831,2183.8111683508855,2117.427899718042,66.38326863284328,-0.0017030456601787591
ORegan2022,ORegan2022_DFN_DC03_AC0p38_1p5tauSet,ORegan2022_DFN_DC03,0.38,0.6799999999999999,1.5,0.9395013751522938,2254.803300365504,2149.084047230699,105.71925313480506,2254.803300365505,2149.0819586454886,105.72134172001643,-0.0020885852113678993
ORegan2022,ORegan2022_DFN_DC03_AC0p38_1p5tauSet,ORegan2022_DFN_DC03,0.38,0.6799999999999999,1.5,0.9690814301583857,2325.7954323801246,2181.018749331381,144.7766830487435,2325.7954323801255,2181.0159404518377,144.77949192828783,-0.002808879544318188
ORegan2022,ORegan2022_DFN_DC03_AC0p38_1p5tauSet,ORegan2022_DFN_DC03,0.38,0.6799999999999999,1.5,0.9986614851644775,2396.7875643947455,2216.613954597721,180.17360979702426,2396.787564394746,2216.6103392678674,180.1772251268785,-0.003615329854255833
ORegan2022,ORegan2022_DFN_DC03_AC0p38_1p5tauSet,ORegan2022_DFN_DC03,0.38,0.6799999999999999,1.5,1.0282415401705691,2467.779696409366,2264.652293495704,203.12740291366208,2467.779696409366,2264.6443436399554,203.13535276941047,-0.00794985574839302
ORegan2022,ORegan2022_DFN_DC03_AC0p38_1p5tauSet,ORegan2022_DFN_DC03,0.38,0.6799999999999999,1.5,1.057821595176661,2538.7718284239854,2537.4819219673277,1.289906456657718,2538.7718284239863,2537.4832052287575,1.2886231952288654,0.001283261428852711
ORegan2022,ORegan2022_DFN_DC03_AC0p38_1p5tauSet,ORegan2022_DFN_DC03,0.38,0.6799999999999999,1.5,1.0874016501827528,2609.7639604386054,2583.607363803581,26.15659663502447,2609.763960438607,2583.6058569014676,26.15810353713914,-0.0015069021146700834
ORegan2022,ORegan2022_DFN_DC03_AC0p38_1p5tauSet,ORegan2022_DFN_DC03,0.38,0.6799999999999999,1.5,1.1169817051888444,2680.7560924532254,2618.6947747582044,62.06131769502099,2680.7560924532268,2618.69362634664,62.062466106586726,-0.001148411565736751
ORegan2022,ORegan2022_DFN_DC03_AC0p38_1p5tauSet,ORegan2022_DFN_DC03,0.38,0.6799999999999999,1.5,1.1465617601949363,2751.7482244678454,2650.4945359421154,101.25368852573001,2751.748224467847,2650.4923300555024,101.25589441234479,-0.0022058866147744993
ORegan2022,ORegan2022_DFN_DC03_AC0p38_1p5tauSet,ORegan2022_DFN_DC03,0.38,0.6799999999999999,1.5,1.176141815201028,2822.7403564824667,2682.2571342667384,140.48322221572835,2822.740356482467,2682.2527876196505,140.48756886281672,-0.004346647088368627
ORegan2022,ORegan2022_DFN_DC03_AC0p38_1p5tauSet,ORegan2022_DFN_DC03,0.38,0.6799999999999999,1.5,1.2057218702071197,2893.7324884970885,2717.1949796982713,176.53750879881727,2893.7324884970876,2717.189811463578,176.5426770335098,-0.005168234692519036
ORegan2022,ORegan2022_DFN_DC03_AC0p38_1p5tauSet,ORegan2022_DFN_DC03,0.38,0.6799999999999999,1.5,1.2353019252132114,2964.7246205117085,2762.7739445050092,201.95067600669927,2964.7246205117076,2762.7646698005065,201.95995071120115,-0.00927470450187684
ORegan2022,ORegan2022_DFN_DC03_AC0p38_1p5tauSet,ORegan2022_DFN_DC03,0.38,0.6799999999999999,1.5,1.2648819802193032,3035.7167525263308,3035.4500190465706,0.2667334797602052,3035.716752526328,3035.449004799419,0.267747726908965,-0.0010142471487597504
ORegan2022,ORegan2022_DFN_DC03_AC0p38_1p5tauSet,ORegan2022_DFN_DC03,0.38,0.6799999999999999,1.5,1.294462035225395,3106.7088845409503,3084.1564757307774,22.552408810172892,3106.7088845409485,3084.155300983496,22.553583557452384,-0.0011747472794922942
ORegan2022,ORegan2022_DFN_DC03_AC0p38_1p5tauSet,ORegan2022_DFN_DC03,0.38,0.6799999999999999,1.5,1.3240420902314867,3177.7010165555694,3119.9218124428035,57.77920411276591,3177.701016555568,3119.9206648903073,57.780351665260696,-0.0011475524947854865
ORegan2022,ORegan2022_DFN_DC03_AC0p38_1p5tauSet,ORegan2022_DFN_DC03,0.38,0.6799999999999999,1.5,1.3536221452375785,3248.69314857019,3151.904648133417,96.78850043677267,3248.6931485701884,3151.9022447688803,96.7909038013081,-0.002403364535439323
ORegan2022,ORegan2022_DFN_DC03_AC0p38_1p5tauSet,ORegan2022_DFN_DC03,0.38,0.6799999999999999,1.5,1.3832022002436701,3319.6852805848084,3183.530214803045,136.15506578176337,3319.6852805848084,3183.527033533188,136.1582470516205,-0.0031812698571229703
ORegan2022,ORegan2022_DFN_DC03_AC0p38_1p5tauSet,ORegan2022_DFN_DC03,0.38,0.6799999999999999,1.5,1.412782255249762,3390.6774125994298,3217.88884298263,172.78856961679958,3390.677412599429,3217.8843944697605,172.79301812966833,-0.004448512868748367
ORegan2022,ORegan2022_DFN_DC03_AC0p38_1p5tauSet,ORegan2022_DFN_DC03,0.38,0.6799999999999999,1.5,1.4423623102558538,3461.6695446140507,3261.4364789733613,200.23306564068935,3461.6695446140493,3261.4280272591286,200.2415173549207,-0.008451714231341612
ORegan2022,ORegan2022_DFN_DC03_AC0p38_1p5tauSet,ORegan2022_DFN_DC03,0.38,0.6799999999999999,1.5,1.4719423652619454,3532.6616766286693,3532.630702969242,0.03097365942721808,3532.6616766286693,3532.6325368631974,0.02913976547188213,0.0018338939553359523
ORegan2022,ORegan2022_DFN_DC03_AC0p38_1p5tauSet,ORegan2022_DFN_DC03,0.38,0.6799999999999999,1.5,1.5015224202680373,3603.6538086432915,3584.567123411766,19.086685231525735,3603.6538086432897,3584.5690068402455,19.08480180304423,0.001883428481505689
ORegan2022,ORegan2022_DFN_DC03_AC0p38_1p5tauSet,ORegan2022_DFN_DC03,0.38,0.6799999999999999,1.5,1.531102475274129,3674.6459406579124,3621.1049252751423,53.54101538277018,3674.6459406579093,3621.1033834914924,53.54255716641683,-0.0015417836466440349
ORegan2022,ORegan2022_DFN_DC03_AC0p38_1p5tauSet,ORegan2022_DFN_DC03,0.38,0.6799999999999999,1.5,1.5606825302802207,3745.6380726725306,3653.310116408801,92.32795626372945,3745.6380726725297,3653.3078998958454,92.33017277668432,-0.002216512954873906
ORegan2022,ORegan2022_DFN_DC03_AC0p38_1p5tauSet,ORegan2022_DFN_DC03,0.38,0.6799999999999999,1.5,1.5902625852863126,3816.630204687151,3684.83684391878,131.79336076837126,3816.63020468715,3684.833559787037,131.79664490011328,-0.0032841317420206906
ORegan2022,ORegan2022_DFN_DC03_AC0p38_1p5tauSet,ORegan2022_DFN_DC03,0.38,0.6799999999999999,1.5,1.6198426402924042,3887.622336701773,3718.685056971357,168.93727973041587,3887.62233670177,3718.6802688177972,168.94206788397287,-0.004788153557001351
ORegan2022,ORegan2022_DFN_DC03_AC0p38_1p5tauSet,ORegan2022_DFN_DC03,0.38,0.6799999999999999,1.5,1.649422695298496,3958.6144687163937,3760.5224448741196,198.0920238422741,3958.6144687163905,3760.5155797999014,198.09888891648916,-0.006865074215056666
ORegan2022,ORegan2022_DFN_DC03_AC0p38_1p5tauSet,ORegan2022_DFN_DC03,0.38,0.6799999999999999,1.5,1.6790027503045877,4029.606600731017,4028.690510403955,0.9160903270617382,4029.6066007310105,4028.68809822401,0.9185025070005395,-0.0024121799388012732
ORegan2022,ORegan2022_DFN_DC03_AC0p38_1p5tauSet,ORegan2022_DFN_DC03,0.38,0.6799999999999999,1.5,1.7085828053106795,4100.598732745639,4084.826124861955,15.772607883683577,4100.5987327456305,4084.826661603595,15.772071142035657,0.0005367416479202802
ORegan2022,ORegan2022_DFN_DC03_AC0p38_1p5tauSet,ORegan2022_DFN_DC03,0.38,0.6799999999999999,1.5,1.7381628603167714,4171.590864760259,4122.2360759646535,49.3547887956056,4171.590864760251,4122.235640470579,49.35522428967215,-0.00043549406655074563
ORegan2022,ORegan2022_DFN_DC03_AC0p38_1p5tauSet,ORegan2022_DFN_DC03,0.38,0.6799999999999999,1.5,1.767742915322863,4242.5829967748805,4154.707305160343,87.87569161453757,4242.582996774871,4154.70545468582,87.87754208905153,-0.0018504745139580336
ORegan2022,ORegan2022_DFN_DC03_AC0p38_1p5tauSet,ORegan2022_DFN_DC03,0.38,0.6799999999999999,1.5,1.7973229703289548,4313.575128789502,4186.170613503901,127.40451528560061,4313.575128789492,4186.167582062948,127.40754672654384,-0.0030314409432321554
ORegan2022,ORegan2022_DFN_DC03_AC0p38_1p5tauSet,ORegan2022_DFN_DC03,0.38,0.6799999999999999,1.5,1.8269030253350467,4384.567260804122,4219.570463046835,164.9967977572869,4384.567260804112,4219.565552579536,165.00170822457585,-0.00491046728893707
ORegan2022,ORegan2022_DFN_DC03_AC0p38_1p5tauSet,ORegan2022_DFN_DC03,0.38,0.6799999999999999,1.5,1.8564830803411383,4455.559392818741,4259.950778820112,195.60861399862915,4455.559392818732,4259.944475243015,195.6149175757164,-0.0063035770872375
ORegan2022,ORegan2022_DFN_DC03_AC0p38_1p5tauSet,ORegan2022_DFN_DC03,0.38,0.6799999999999999,1.5,1.8860631353472301,4526.551524833357,4342.311324246479,184.24020058687802,4526.551524833352,4342.266182793568,184.28534203978415,-0.04514145290613669
ORegan2022,ORegan2022_DFN_DC03_AC0p38_1p5tauSet,ORegan2022_DFN_DC03,0.38,0.6799999999999999,1.5,1.9156431903533218,4597.543656847979,4584.905171480875,12.638485367104295,4597.543656847972,4584.903546541148,12.640110306823772,-0.00162493971947697
ORegan2022,ORegan2022_DFN_DC03_AC0p38_1p5tauSet,ORegan2022_DFN_DC03,0.38,0.6799999999999999,1.5,1.9452232453594136,4668.535788862599,4623.31236952337,45.22341933922871,4668.535788862592,4623.310679712167,45.22510915042494,-0.0016898111962291296
ORegan2022,ORegan2022_DFN_DC03_AC0p38_1p5tauSet,ORegan2022_DFN_DC03,0.38,0.6799999999999999,1.5,1.9748033003655054,4739.527920877217,4656.092762846175,83.43515803104219,4739.527920877213,4656.090995794196,83.43692508301683,-0.001767051974638889
ORegan2022,ORegan2022_DFN_DC03_AC0p38_1p5tauSet,ORegan2022_DFN_DC03,0.38,0.6799999999999999,1.5,2.0043833553715973,4810.520052891837,4687.527228179549,122.99282471228798,4810.520052891833,4687.524590021603,122.99546287022986,-0.002638157941873942
ORegan2022,ORegan2022_DFN_DC03_AC0p38_1p5tauSet,ORegan2022_DFN_DC03,0.38,0.6799999999999999,1.5,2.033963410377689,4881.512184906457,4720.533159158161,160.9790257482964,4881.5121849064535,4720.529913865622,160.98227104083162,-0.0032452925352117745
ORegan2022,ORegan2022_DFN_DC03_AC0p38_1p5tauSet,ORegan2022_DFN_DC03,0.38,0.6799999999999999,1.5,2.0635434653837805,4952.504316921075,4759.659490899811,192.84482602126354,4952.504316921073,4759.6542648323575,192.85005208871553,-0.0052260674519857275
ORegan2022,ORegan2022_DFN_DC03_AC0p38_1p5tauSet,ORegan2022_DFN_DC03,0.38,0.6799999999999999,1.5,2.0931235203898724,5023.496448935692,4826.955758996809,196.54068993888268,5023.4964489356935,4826.941215516116,196.55523341957723,-0.01454348069455591
ORegan2022,ORegan2022_DFN_DC03_AC0p38_1p5tauSet,ORegan2022_DFN_DC03,0.38,0.6799999999999999,1.5,2.122703575395964,5094.488580950311,5084.769824904007,9.718756046304406,5094.488580950314,5084.769031452768,9.719549497545813,-0.0007934512414067285
ORegan2022,ORegan2022_DFN_DC03_AC0p38_1p5tauSet,ORegan2022_DFN_DC03,0.38,0.6799999999999999,1.5,2.152283630402056,5165.480712964933,5124.321600541747,41.15911242318634,5165.480712964934,5124.32100293402,41.15971003091454,-0.0005976077281957259
ORegan2022,ORegan2022_DFN_DC03_AC0p38_1p5tauSet,ORegan2022_DFN_DC03,0.38,0.6799999999999999,1.5,2.181863685408148,5236.472844979552,5157.461926050228,79.01091892932436,5236.472844979555,5157.460500765287,79.01234421426761,-0.0014252849432523362
ORegan2022,ORegan2022_DFN_DC03_AC0p38_1p5tauSet,ORegan2022_DFN_DC03,0.38,0.6799999999999999,1.5,2.2114437404142397,5307.4649769941725,5188.9023787476235,118.56259824654899,5307.464976994175,5188.900295045486,118.56468194868921,-0.002083702140225796
ORegan2022,ORegan2022_DFN_DC03_AC0p38_1p5tauSet,ORegan2022_DFN_DC03,0.38,0.6799999999999999,1.5,2.2410237954203316,5378.457109008793,5221.567117672473,156.88999133632024,5378.457109008796,5221.564274030792,156.89283497800352,-0.002843641683284659
ORegan2022,ORegan2022_DFN_DC03_AC0p38_1p5tauSet,ORegan2022_DFN_DC03,0.38,0.6799999999999999,1.5,2.270603850426423,5449.449241023415,5259.603860040937,189.84538098247776,5449.449241023415,5259.599253790682,189.84998723273293,-0.004606250255164923
ORegan2022,ORegan2022_DFN_DC03_AC0p38_1p5tauSet,ORegan2022_DFN_DC03,0.38,0.6799999999999999,1.5,2.300183905432515,5520.441373038036,5319.239962950555,201.20141008748033,5520.441373038036,5319.230811950821,201.21056108721496,-0.009150999734629295
ORegan2022,ORegan2022_DFN_DC03_AC0p38_1p5tauSet,ORegan2022_DFN_DC03,0.38,0.6799999999999999,1.5,2.3297639604386067,5591.433505052651,5584.384618942226,7.048886110424974,5591.433505052656,5584.384349232026,7.0491558206304035,-0.0002697102054298739
ORegan2022,ORegan2022_DFN_DC03_AC0p38_1p5tauSet,ORegan2022_DFN_DC03,0.38,0.6799999999999999,1.5,2.3593440154446985,5662.425637067273,5625.256958719927,37.16867834734603,5662.4256370672765,5625.258211646605,37.16742542067186,0.00125292667416943
ORegan2022,ORegan2022_DFN_DC03_AC0p38_1p5tauSet,ORegan2022_DFN_DC03,0.38,0.6799999999999999,1.5,2.3889240704507904,5733.417769081896,5658.809676043853,74.60809303804308,5733.417769081897,5658.809798780543,74.60797030135382,0.0001227366892635473
ORegan2022,ORegan2022_DFN_DC03_AC0p38_1p5tauSet,ORegan2022_DFN_DC03,0.38,0.6799999999999999,1.5,2.4185041254568818,5804.409901096518,5690.292260938491,114.11764015802692,5804.409901096516,5690.290584048418,114.1193170480974,-0.00167689007048466
ORegan2022,ORegan2022_DFN_DC03_AC0p38_1p5tauSet,ORegan2022_DFN_DC03,0.38,0.6799999999999999,1.5,2.4480841804629736,5875.402033111145,5722.662994855112,152.73903825603338,5875.402033111136,5722.660576655838,152.74145645529825,-0.0024181992648664163
ORegan2022,ORegan2022_DFN_DC03_AC0p38_1p5tauSet,ORegan2022_DFN_DC03,0.38,0.6799999999999999,1.5,2.4776642354690654,5946.394165125765,5759.7503430043,186.64382212146484,5946.394165125756,5759.743899298911,186.6502658268455,-0.006443705380661413
ORegan2022,ORegan2022_DFN_DC03_AC0p38_1p5tauSet,ORegan2022_DFN_DC03,0.38,0.6799999999999999,1.5,2.5072442904751573,6017.386297140389,5814.245934945779,203.14036219461013,6017.386297140377,5814.239043184989,203.1472539553879,-0.0068917607777621015
ORegan2022,ORegan2022_DFN_DC03_AC0p38_1p5tauSet,ORegan2022_DFN_DC03,0.38,0.6799999999999999,1.5,2.536824345481249,6088.378429155012,6083.699505448719,4.678923706293062,6088.378429154997,6083.699181316824,4.679247838173069,-0.00032413188000646187
ORegan2022,ORegan2022_DFN_DC03_AC0p38_1p5tauSet,ORegan2022_DFN_DC03,0.38,0.6799999999999999,1.5,2.5664044004873405,6159.37056116963,6126.113456294929,33.25710487470042,6159.370561169617,6126.112808928438,33.25775224117842,-0.0006473664780060062
ORegan2022,ORegan2022_DFN_DC03_AC0p38_1p5tauSet,ORegan2022_DFN_DC03,0.38,0.6799999999999999,1.5,2.5959844554934324,6230.362693184249,6160.135708737138,70.22698444711114,6230.362693184237,6160.1345275856265,70.22816559861076,-0.0011811514996225014
ORegan2022,ORegan2022_DFN_DC03_AC0p38_1p5tauSet,ORegan2022_DFN_DC03,0.38,0.6799999999999999,1.5,2.625564510499524,6301.354825198871,6191.6932244009395,109.6616007979319,6301.354825198858,6191.6914779035405,109.66334729531718,-0.0017464973852838739
ORegan2022,ORegan2022_DFN_DC03_AC0p38_1p5tauSet,ORegan2022_DFN_DC03,0.38,0.6799999999999999,1.5,2.655144565505616,6372.3469572134945,6223.814488898391,148.53246831510387,6372.346957213478,6223.811605028581,148.53535218489742,-0.0028838697935498203
ORegan2022,ORegan2022_DFN_DC03_AC0p38_1p5tauSet,ORegan2022_DFN_DC03,0.38,0.6799999999999999,1.5,2.684724620511708,6443.339089228114,6260.065716241953,183.27337298616112,6443.339089228099,6260.059894095121,183.2791951329773,-0.00582214681617188
ORegan2022,ORegan2022_DFN_DC03_AC0p38_1p5tauSet,ORegan2022_DFN_DC03,0.38,0.6799999999999999,1.5,2.7143046755177993,6514.331221242736,6310.759067206721,203.5721540360155,6514.331221242718,6310.751780333444,203.57944090927413,-0.007286873258635751
ORegan2022,ORegan2022_DFN_DC03_AC0p38_1p5tauSet,ORegan2022_DFN_DC03,0.38,0.6799999999999999,1.5,2.743884730523891,6585.32335325736,6582.646974690557,2.676378566803578,6585.323353257339,6582.646175688515,2.677177568823936,-0.0007990020203578752
ORegan2022,ORegan2022_DFN_DC03_AC0p38_1p5tauSet,ORegan2022_DFN_DC03,0.38,0.6799999999999999,1.5,2.773464785529983,6656.31548527198,6626.874118198173,29.44136707380676,6656.315485271959,6626.873947219464,29.44153805249516,-0.0001709786884021014
ORegan2022,ORegan2022_DFN_DC03_AC0p38_1p5tauSet,ORegan2022_DFN_DC03,0.38,0.6799999999999999,1.5,2.803044840536075,6727.3076172866,6661.430636036543,65.87698125005772,6727.307617286579,6661.430085313811,65.87753197276834,-0.000550722710613627
ORegan2022,ORegan2022_DFN_DC03_AC0p38_1p5tauSet,ORegan2022_DFN_DC03,0.38,0.6799999999999999,1.5,2.8326248955421667,6798.299749301222,6693.100944237131,105.19880506409027,6798.2997493012,6693.0990932852055,105.20065601599435,-0.0018509519040890154
ORegan2022,ORegan2022_DFN_DC03_AC0p38_1p5tauSet,ORegan2022_DFN_DC03,0.38,0.6799999999999999,1.5,2.862204950548258,6869.291881315846,6725.014252556965,144.27762875888038,6869.2918813158185,6725.010835906173,144.28104540964523,-0.0034166507648478728
ORegan2022,ORegan2022_DFN_DC03_AC0p38_1p5tauSet,ORegan2022_DFN_DC03,0.38,0.6799999999999999,1.5,2.89178500555435,6940.284013330469,6760.527887810591,179.75612551987797,6940.284013330439,6760.5242386455975,179.75977468484143,-0.003649164963462681
ORegan2022,ORegan2022_DFN_DC03_AC0p38_1p5tauSet,ORegan2022_DFN_DC03,0.38,0.6799999999999999,1.5,2.9213650605604418,7011.276145345095,6808.250990007028,203.02515533806672,7011.276145345059,6808.244816273781,203.03132907127838,-0.006173733211653598
ORegan2022,ORegan2022_DFN_DC03_AC0p38_1p5tauSet,ORegan2022_DFN_DC03,0.38,0.6799999999999999,1.5,2.9509451155665336,7082.2682773597135,7081.132223277052,1.136054082661758,7082.26827735968,7081.131635151568,1.1366422081118799,-0.0005881254501218791
ORegan2022,ORegan2022_DFN_DC03_AC0p38_1p5tauSet,ORegan2022_DFN_DC03,0.38,0.6799999999999999,1.5,2.9805251705726254,7153.26040937433,7127.528130878726,25.732278495604078,7153.2604093743,7127.529102483855,25.731306890445012,0.0009716051590658026
ORegan2022,ORegan2022_DFN_DC03_AC0p38_1p5tauSet,ORegan2022_DFN_DC03,0.38,0.6799999999999999,1.5,3.010105225578717,7224.252541388954,7162.6927840813905,61.559757307563814,7224.252541388921,7162.691575649423,61.56096573949799,-0.0012084319341738592
ORegan2022,ORegan2022_DFN_DC03_AC0p38_1p5tauSet,ORegan2022_DFN_DC03,0.38,0.6799999999999999,1.5,3.0396852805848087,7295.244673403577,7194.511610587959,100.73306281561781,7295.244673403541,7194.509606893036,100.73506651050502,-0.00200369488720753
ORegan2022,ORegan2022_DFN_DC03_AC0p38_1p5tauSet,ORegan2022_DFN_DC03,0.38,0.6799999999999999,1.5,3.0692653355909005,7366.236805418202,7226.255008794069,139.98179662413258,7366.236805418162,7226.252320758546,139.9844846596152,-0.0026880354826062103
ORegan2022,ORegan2022_DFN_DC03_AC0p38_1p5tauSet,ORegan2022_DFN_DC03,0.38,0.6799999999999999,1.5,3.0988453905969924,7437.228937432815,7261.121643525512,176.10729390730285,7437.228937432782,7261.117921398756,176.11101603402585,-0.0037221267230052035
ORegan2022,ORegan2022_DFN_DC03_AC0p38_1p5tauSet,ORegan2022_DFN_DC03,0.38,0.6799999999999999,1.5,3.128425445603084,7508.221069447434,7306.444755919755,201.77631352767912,7508.2210694474015,7306.436264900316,201.7848045470855,-0.008491019406392297
ORegan2022,ORegan2022_DFN_DC03_AC0p4_1p5tauSet,ORegan2022_DFN_DC03,0.4,0.7,1.5,0.2,480.00000000000006,267.6110598395752,212.38894016042485,480.0,267.58954058219905,212.41045941780095,-0.02151925737609872
ORegan2022,ORegan2022_DFN_DC03_AC0p4_1p5tauSet,ORegan2022_DFN_DC03,0.4,0.7,1.5,0.22958005500609177,550.9921320146202,540.6031206468415,10.389011367778721,550.9921320146203,540.6082732477671,10.383858766853223,0.005152600925498518
ORegan2022,ORegan2022_DFN_DC03_AC0p4_1p5tauSet,ORegan2022_DFN_DC03,0.4,0.7,1.5,0.25916011001218353,621.9842640292405,579.2947265759857,42.68953745325484,621.9842640292405,579.2956944728015,42.688569556439006,0.0009678968158368662
ORegan2022,ORegan2022_DFN_DC03_AC0p4_1p5tauSet,ORegan2022_DFN_DC03,0.4,0.7,1.5,0.28874016501827526,692.9763960438605,611.6279296598077,81.34846638405281,692.9763960438607,611.6272648696903,81.34913117417045,-0.0006647901176393134
ORegan2022,ORegan2022_DFN_DC03_AC0p4_1p5tauSet,ORegan2022_DFN_DC03,0.4,0.7,1.5,0.31832022002436705,763.9685280584805,642.1835282906006,121.78499976787987,763.968528058481,642.1818855351786,121.78664252330236,-0.0016427554224947016
ORegan2022,ORegan2022_DFN_DC03_AC0p4_1p5tauSet,ORegan2022_DFN_DC03,0.4,0.7,1.5,0.3479002750304588,834.9606600731003,673.7090019815752,161.2516580915251,834.9606600731012,673.7065409353856,161.25411913771552,-0.0024610461904330805
ORegan2022,ORegan2022_DFN_DC03_AC0p4_1p5tauSet,ORegan2022_DFN_DC03,0.4,0.7,1.5,0.37748033003655057,905.9527920877197,709.8651074947817,196.087684592938,905.9527920877214,709.8616380898183,196.09115399790312,-0.003469404965130707
ORegan2022,ORegan2022_DFN_DC03_AC0p4_1p5tauSet,ORegan2022_DFN_DC03,0.4,0.7,1.5,0.4070603850426423,976.9449241023395,762.9010081715459,214.04391593079367,976.9449241023416,762.892995144616,214.05192895772564,-0.008013026931962486
ORegan2022,ORegan2022_DFN_DC03_AC0p4_1p5tauSet,ORegan2022_DFN_DC03,0.4,0.7,1.5,0.43664044004873404,1047.9370561169592,1040.3265307104887,7.610525406470515,1047.9370561169617,1040.3322855544336,7.604770562528074,0.005754843942440857
ORegan2022,ORegan2022_DFN_DC03_AC0p4_1p5tauSet,ORegan2022_DFN_DC03,0.4,0.7,1.5,0.4662204950548258,1118.92918813158,1080.3247728130825,38.60441531849756,1118.929188131582,1080.324604599812,38.604583531770004,-0.00016821327244542772
ORegan2022,ORegan2022_DFN_DC03_AC0p4_1p5tauSet,ORegan2022_DFN_DC03,0.4,0.7,1.5,0.49580055006091756,1189.9213201462,1113.0685549397128,76.85276520648722,1189.921320146202,1113.068974655267,76.85234549093502,0.0004197155521978857
ORegan2022,ORegan2022_DFN_DC03_AC0p4_1p5tauSet,ORegan2022_DFN_DC03,0.4,0.7,1.5,0.5253806050670093,1260.9134521608205,1143.6816135218094,117.23183863901113,1260.9134521608223,1143.680154661173,117.23329749964932,-0.001458860638194892
ORegan2022,ORegan2022_DFN_DC03_AC0p4_1p5tauSet,ORegan2022_DFN_DC03,0.4,0.7,1.5,0.5549606600731011,1331.90558417544,1174.9561371950292,156.9494469804108,1331.9055841754425,1174.9533672681036,156.95221690733888,-0.0027699269280674343
ORegan2022,ORegan2022_DFN_DC03_AC0p4_1p5tauSet,ORegan2022_DFN_DC03,0.4,0.7,1.5,0.5845407150791928,1402.8977161900607,1210.2966330211507,192.60108316891,1402.8977161900627,1210.2938319422037,192.603884247859,-0.0028010789490053867
ORegan2022,ORegan2022_DFN_DC03_AC0p4_1p5tauSet,ORegan2022_DFN_DC03,0.4,0.7,1.5,0.6141207700852847,1473.889848204682,1259.6566478334066,214.23320037127542,1473.8898482046832,1259.6482973641298,214.24155084055337,-0.008350469277957018
ORegan2022,ORegan2022_DFN_DC03_AC0p4_1p5tauSet,ORegan2022_DFN_DC03,0.4,0.7,1.5,0.6437008250913764,1544.8819802193009,1539.7521741009334,5.129806118367469,1544.8819802193032,1539.759317585098,5.122662634205199,0.007143484162270397
ORegan2022,ORegan2022_DFN_DC03_AC0p4_1p5tauSet,ORegan2022_DFN_DC03,0.4,0.7,1.5,0.6732808800974681,1615.8741122339209,1581.2708528586343,34.6032593752866,1615.8741122339234,1581.271749820905,34.602362413018454,0.0008969622681433975
ORegan2022,ORegan2022_DFN_DC03_AC0p4_1p5tauSet,ORegan2022_DFN_DC03,0.4,0.7,1.5,0.70286093510356,1686.8662442485415,1614.4860054310873,72.38023881745426,1686.8662442485438,1614.4853488188157,72.38089542972807,-0.0006566122738149716
ORegan2022,ORegan2022_DFN_DC03_AC0p4_1p5tauSet,ORegan2022_DFN_DC03,0.4,0.7,1.5,0.7324409901096516,1757.8583762631595,1645.1876951180548,112.67068114510471,1757.8583762631636,1645.1863379946165,112.67203826854711,-0.0013571234424034628
ORegan2022,ORegan2022_DFN_DC03_AC0p4_1p5tauSet,ORegan2022_DFN_DC03,0.4,0.7,1.5,0.7620210451157434,1828.8505082777792,1676.2496913466157,152.60081693116354,1828.850508277784,1676.2477387041606,152.6027695736234,-0.0019526424598552694
ORegan2022,ORegan2022_DFN_DC03_AC0p4_1p5tauSet,ORegan2022_DFN_DC03,0.4,0.7,1.5,0.791601100121835,1899.8426402924006,1710.8742196077424,188.9684206846582,1899.8426402924042,1710.8701771758463,188.97246311655795,-0.004042431899733856
ORegan2022,ORegan2022_DFN_DC03_AC0p4_1p5tauSet,ORegan2022_DFN_DC03,0.4,0.7,1.5,0.8211811551279269,1970.83477230702,1757.3550024108304,213.47976989618974,1970.8347723070247,1757.3496992360504,213.4850730709743,-0.005303174784557996
ORegan2022,ORegan2022_DFN_DC03_AC0p4_1p5tauSet,ORegan2022_DFN_DC03,0.4,0.7,1.5,0.8507612101340187,2041.8269043216417,2038.8157598362966,3.011144485345085,2041.826904321645,2038.8222304100398,3.004673911605323,0.006470573739761676
ORegan2022,ORegan2022_DFN_DC03_AC0p4_1p5tauSet,ORegan2022_DFN_DC03,0.4,0.7,1.5,0.8803412651401104,2112.8190363362614,2082.1244090642117,30.69462727204973,2112.819036336265,2082.126505689852,30.69253064641316,0.0020966256365682057
ORegan2022,ORegan2022_DFN_DC03_AC0p4_1p5tauSet,ORegan2022_DFN_DC03,0.4,0.7,1.5,0.9099213201462022,2183.811168350882,2115.872577577454,67.93859077342768,2183.8111683508855,2115.8719579229305,67.939210427955,-0.0006196545273269294
ORegan2022,ORegan2022_DFN_DC03_AC0p4_1p5tauSet,ORegan2022_DFN_DC03,0.4,0.7,1.5,0.9395013751522938,2254.803300365504,2146.6988879433757,108.10441242212846,2254.803300365505,2146.6968320819756,108.10646828352947,-0.002055861401004222
ORegan2022,ORegan2022_DFN_DC03_AC0p4_1p5tauSet,ORegan2022_DFN_DC03,0.4,0.7,1.5,0.9690814301583857,2325.7954323801246,2177.5869348277774,148.20849755234713,2325.7954323801255,2177.58393562916,148.21149675096558,-0.002999198618454102
ORegan2022,ORegan2022_DFN_DC03_AC0p4_1p5tauSet,ORegan2022_DFN_DC03,0.4,0.7,1.5,0.9986614851644775,2396.7875643947455,2211.5764578875633,185.2111065071822,2396.787564394746,2211.5723247936253,185.21523960112063,-0.004133093938435195
ORegan2022,ORegan2022_DFN_DC03_AC0p4_1p5tauSet,ORegan2022_DFN_DC03,0.4,0.7,1.5,1.0282415401705691,2467.779696409366,2255.7352331873294,212.04446322203648,2467.779696409366,2255.7255042369993,212.05419217236658,-0.009728950330099906
ORegan2022,ORegan2022_DFN_DC03_AC0p4_1p5tauSet,ORegan2022_DFN_DC03,0.4,0.7,1.5,1.057821595176661,2538.7718284239854,2537.426196495705,1.3456319282804543,2538.7718284239863,2537.427201234006,1.3446271899802014,0.0010047383002529386
ORegan2022,ORegan2022_DFN_DC03_AC0p4_1p5tauSet,ORegan2022_DFN_DC03,0.4,0.7,1.5,1.0874016501827528,2609.7639604386054,2582.8779511433418,26.886009295263648,2609.763960438607,2582.8765886891338,26.887371749473004,-0.001362454209356656
ORegan2022,ORegan2022_DFN_DC03_AC0p4_1p5tauSet,ORegan2022_DFN_DC03,0.4,0.7,1.5,1.1169817051888444,2680.7560924532254,2617.225713581267,63.53037887195842,2680.7560924532268,2617.22407621725,63.5320162359767,-0.001637364018279186
ORegan2022,ORegan2022_DFN_DC03_AC0p4_1p5tauSet,ORegan2022_DFN_DC03,0.4,0.7,1.5,1.1465617601949363,2751.7482244678454,2648.210061471642,103.53816299620348,2751.748224467847,2648.2080706326856,103.54015383516162,-0.0019908389581360098
ORegan2022,ORegan2022_DFN_DC03_AC0p4_1p5tauSet,ORegan2022_DFN_DC03,0.4,0.7,1.5,1.176141815201028,2822.7403564824667,2678.959593152549,143.7807633299176,2822.740356482467,2678.9567035821233,143.7836529003439,-0.0028895704263049993
ORegan2022,ORegan2022_DFN_DC03_AC0p4_1p5tauSet,ORegan2022_DFN_DC03,0.4,0.7,1.5,1.2057218702071197,2893.7324884970885,2712.389874125131,181.34261437195755,2893.7324884970876,2712.3848759955067,181.3476125015809,-0.004998129623345449
ORegan2022,ORegan2022_DFN_DC03_AC0p4_1p5tauSet,ORegan2022_DFN_DC03,0.4,0.7,1.5,1.2353019252132114,2964.7246205117085,2754.620331290581,210.1042892211276,2964.7246205117076,2754.6101902507685,210.11443026093912,-0.01014103981151493
ORegan2022,ORegan2022_DFN_DC03_AC0p4_1p5tauSet,ORegan2022_DFN_DC03,0.4,0.7,1.5,1.2648819802193032,3035.7167525263308,3035.4372394028023,0.2795131235284316,3035.716752526328,3035.4361534433083,0.28059908301975156,-0.0010859594913199544
ORegan2022,ORegan2022_DFN_DC03_AC0p4_1p5tauSet,ORegan2022_DFN_DC03,0.4,0.7,1.5,1.294462035225395,3106.7088845409503,3083.5086523116665,23.200232229283756,3106.7088845409485,3083.5076311707458,23.20125337020272,-0.0010211409189651022
ORegan2022,ORegan2022_DFN_DC03_AC0p4_1p5tauSet,ORegan2022_DFN_DC03,0.4,0.7,1.5,1.3240420902314867,3177.7010165555694,3118.5369183744792,59.16409818109014,3177.701016555568,3118.5366199332057,59.16439662236235,-0.00029844127220712835
ORegan2022,ORegan2022_DFN_DC03_AC0p4_1p5tauSet,ORegan2022_DFN_DC03,0.4,0.7,1.5,1.3536221452375785,3248.69314857019,3149.718837124808,98.97431144538177,3248.6931485701884,3149.716493751775,98.97665481841341,-0.002343373031635565
ORegan2022,ORegan2022_DFN_DC03_AC0p4_1p5tauSet,ORegan2022_DFN_DC03,0.4,0.7,1.5,1.3832022002436701,3319.6852805848084,3180.3647105220325,139.32057006277591,3319.6852805848084,3180.3611750534083,139.32410553140016,-0.0035354686242499156
ORegan2022,ORegan2022_DFN_DC03_AC0p4_1p5tauSet,ORegan2022_DFN_DC03,0.4,0.7,1.5,1.412782255249762,3390.6774125994298,3213.298890149615,177.37852244981468,3390.677412599429,3213.2947338882714,177.3826787111575,-0.004156261342814105
ORegan2022,ORegan2022_DFN_DC03_AC0p4_1p5tauSet,ORegan2022_DFN_DC03,0.4,0.7,1.5,1.4423623102558538,3461.6695446140507,3253.9075044032243,207.7620402108264,3461.6695446140493,3253.8942560221003,207.775288591949,-0.013248381122593855
ORegan2022,ORegan2022_DFN_DC03_AC0p4_1p5tauSet,ORegan2022_DFN_DC03,0.4,0.7,1.5,1.4719423652619454,3532.6616766286693,3532.6322870003137,0.029389628355602326,3532.6616766286693,3532.630952631744,0.030723996925189567,-0.001334368569587241
ORegan2022,ORegan2022_DFN_DC03_AC0p4_1p5tauSet,ORegan2022_DFN_DC03,0.4,0.7,1.5,1.5015224202680373,3603.6538086432915,3584.0015940878066,19.65221455548499,3603.6538086432897,3584.0026114213956,19.65119722189411,0.0010173335908802983
ORegan2022,ORegan2022_DFN_DC03_AC0p4_1p5tauSet,ORegan2022_DFN_DC03,0.4,0.7,1.5,1.531102475274129,3674.6459406579124,3619.8058035238223,54.84013713409013,3674.6459406579093,3619.804074567218,54.84186609069138,-0.0017289566012550495
ORegan2022,ORegan2022_DFN_DC03_AC0p4_1p5tauSet,ORegan2022_DFN_DC03,0.4,0.7,1.5,1.5606825302802207,3745.6380726725306,3651.2205131621954,94.4175595103352,3745.6380726725297,3651.218517322535,94.41955534999488,-0.0019958396596848615
ORegan2022,ORegan2022_DFN_DC03_AC0p4_1p5tauSet,ORegan2022_DFN_DC03,0.4,0.7,1.5,1.5902625852863126,3816.630204687151,3681.796520620338,134.83368406681302,3816.63020468715,3681.7928034997994,134.83740118735068,-0.0037171205376580474
ORegan2022,ORegan2022_DFN_DC03_AC0p4_1p5tauSet,ORegan2022_DFN_DC03,0.4,0.7,1.5,1.6198426402924042,3887.622336701773,3714.295050956486,173.32728574528664,3887.62233670177,3714.290624058234,173.33171264353632,-0.0044268982496760145
ORegan2022,ORegan2022_DFN_DC03_AC0p4_1p5tauSet,ORegan2022_DFN_DC03,0.4,0.7,1.5,1.649422695298496,3958.6144687163937,3753.5128978664184,205.10157084997536,3958.6144687163905,3753.500885472174,205.11358324421644,-0.012012394241082802
ORegan2022,ORegan2022_DFN_DC03_AC0p4_1p5tauSet,ORegan2022_DFN_DC03,0.4,0.7,1.5,1.6790027503045877,4029.606600731017,3830.877888908151,198.728711822866,4029.6066007310105,3830.84267795877,198.76392277224068,-0.035210949374686606
ORegan2022,ORegan2022_DFN_DC03_AC0p4_1p5tauSet,ORegan2022_DFN_DC03,0.4,0.7,1.5,1.7085828053106795,4100.598732745639,4084.341016690953,16.257716054685716,4100.5987327456305,4084.3410732891352,16.257659456495276,5.659819044012693e-05
ORegan2022,ORegan2022_DFN_DC03_AC0p4_1p5tauSet,ORegan2022_DFN_DC03,0.4,0.7,1.5,1.7381628603167714,4171.590864760259,4121.021845618644,50.56901914161517,4171.590864760251,4121.020408033513,50.570456726737575,-0.0014375851224031067
ORegan2022,ORegan2022_DFN_DC03_AC0p4_1p5tauSet,ORegan2022_DFN_DC03,0.4,0.7,1.5,1.767742915322863,4242.5829967748805,4152.712563989812,89.87043278506826,4242.582996774871,4152.710501819712,89.87249495515971,-0.002062170091448934
ORegan2022,ORegan2022_DFN_DC03_AC0p4_1p5tauSet,ORegan2022_DFN_DC03,0.4,0.7,1.5,1.7973229703289548,4313.575128789502,4183.250196468175,130.32493232132674,4313.575128789492,4183.247306897207,130.3278218922851,-0.0028895709583594
ORegan2022,ORegan2022_DFN_DC03_AC0p4_1p5tauSet,ORegan2022_DFN_DC03,0.4,0.7,1.5,1.8269030253350467,4384.567260804122,4215.366251122023,169.20100968209954,4384.567260804112,4215.362733032029,169.20452777208357,-0.0035180899840270285
ORegan2022,ORegan2022_DFN_DC03_AC0p4_1p5tauSet,ORegan2022_DFN_DC03,0.4,0.7,1.5,1.8564830803411383,4455.559392818741,4253.381266616382,202.17812620235873,4455.559392818732,4253.373761788932,202.18563102979988,-0.007504827441152884
ORegan2022,ORegan2022_DFN_DC03_AC0p4_1p5tauSet,ORegan2022_DFN_DC03,0.4,0.7,1.5,1.8860631353472301,4526.551524833357,4317.717357060894,208.83416777246293,4526.551524833352,4317.6985864068665,208.8529384264857,-0.01877065402277367
ORegan2022,ORegan2022_DFN_DC03_AC0p4_1p5tauSet,ORegan2022_DFN_DC03,0.4,0.7,1.5,1.9156431903533218,4597.543656847979,4584.49820566769,13.045451180289092,4597.543656847972,4584.49803179426,13.045625053711774,-0.00017387342268193606
ORegan2022,ORegan2022_DFN_DC03_AC0p4_1p5tauSet,ORegan2022_DFN_DC03,0.4,0.7,1.5,1.9452232453594136,4668.535788862599,4622.1792028341815,46.35658602841704,4668.535788862592,4622.1789655872,46.356823275392344,-0.00023724697530269623
ORegan2022,ORegan2022_DFN_DC03_AC0p4_1p5tauSet,ORegan2022_DFN_DC03,0.4,0.7,1.5,1.9748033003655054,4739.527920877217,4654.190687595942,85.33723328127508,4739.527920877213,4654.188719807546,85.33920106966707,-0.001967788391993963
ORegan2022,ORegan2022_DFN_DC03_AC0p4_1p5tauSet,ORegan2022_DFN_DC03,0.4,0.7,1.5,2.0043833553715973,4810.520052891837,4684.723296689122,125.79675620271428,4810.520052891833,4684.720618740542,125.79943415129128,-0.0026779485770020983
ORegan2022,ORegan2022_DFN_DC03_AC0p4_1p5tauSet,ORegan2022_DFN_DC03,0.4,0.7,1.5,2.033963410377689,4881.512184906457,4716.506121201911,165.00606370454625,4881.5121849064535,4716.502430830775,165.00975407567876,-0.003690371132506698
ORegan2022,ORegan2022_DFN_DC03_AC0p4_1p5tauSet,ORegan2022_DFN_DC03,0.4,0.7,1.5,2.0635434653837805,4952.504316921075,4753.474521452327,199.02979546874758,4952.504316921073,4753.470146561368,199.03417035970506,-0.004374890957478783
ORegan2022,ORegan2022_DFN_DC03_AC0p4_1p5tauSet,ORegan2022_DFN_DC03,0.4,0.7,1.5,2.0931235203898724,5023.496448935692,4810.802708057509,212.69374087818233,5023.4964489356935,4810.792619342151,212.70382959354265,-0.010088715360325295
ORegan2022,ORegan2022_DFN_DC03_AC0p4_1p5tauSet,ORegan2022_DFN_DC03,0.4,0.7,1.5,2.122703575395964,5094.488580950311,5084.443562306082,10.045018644229458,5094.488580950314,5084.442395243889,10.046185706424694,-0.0011670621952362126
ORegan2022,ORegan2022_DFN_DC03_AC0p4_1p5tauSet,ORegan2022_DFN_DC03,0.4,0.7,1.5,2.152283630402056,5165.480712964933,5123.273474295721,42.20723866921253,5165.480712964934,5123.27234104572,42.20837191921419,-0.0011332500016578706
ORegan2022,ORegan2022_DFN_DC03_AC0p4_1p5tauSet,ORegan2022_DFN_DC03,0.4,0.7,1.5,2.181863685408148,5236.472844979552,5155.6504737022115,80.82237127734061,5236.472844979555,5155.64932131569,80.82352366386476,-0.0011523865241542808
ORegan2022,ORegan2022_DFN_DC03_AC0p4_1p5tauSet,ORegan2022_DFN_DC03,0.4,0.7,1.5,2.2114437404142397,5307.4649769941725,5186.210994363793,121.25398263037914,5307.464976994175,5186.208844831235,121.25613216294005,-0.002149532560906664
ORegan2022,ORegan2022_DFN_DC03_AC0p4_1p5tauSet,ORegan2022_DFN_DC03,0.4,0.7,1.5,2.2410237954203316,5378.457109008793,5217.705883995563,160.7512250132295,5378.457109008796,5217.702054651245,160.75505435755076,-0.00382934432127513
ORegan2022,ORegan2022_DFN_DC03_AC0p4_1p5tauSet,ORegan2022_DFN_DC03,0.4,0.7,1.5,2.270603850426423,5449.449241023415,5253.761358990273,195.68788203314216,5449.449241023415,5253.756688683334,195.69255234008142,-0.004670306939260627
ORegan2022,ORegan2022_DFN_DC03_AC0p4_1p5tauSet,ORegan2022_DFN_DC03,0.4,0.7,1.5,2.300183905432515,5520.441373038036,5306.314871160928,214.12650187710733,5520.441373038036,5306.305553789115,214.1358192489206,-0.009317371813267528
ORegan2022,ORegan2022_DFN_DC03_AC0p4_1p5tauSet,ORegan2022_DFN_DC03,0.4,0.7,1.5,2.3297639604386067,5591.433505052651,5584.1349594118665,7.298545640784141,5591.433505052656,5584.134614896708,7.2988901559483566,-0.00034451516421540873
ORegan2022,ORegan2022_DFN_DC03_AC0p4_1p5tauSet,ORegan2022_DFN_DC03,0.4,0.7,1.5,2.3593440154446985,5662.425637067273,5624.291193037455,38.13444402981804,5662.4256370672765,5624.292216889051,38.133420178225606,0.0010238515924356761
ORegan2022,ORegan2022_DFN_DC03_AC0p4_1p5tauSet,ORegan2022_DFN_DC03,0.4,0.7,1.5,2.3889240704507904,5733.417769081896,5657.089131307528,76.32863777436796,5733.417769081897,5657.088296185038,76.32947289685853,-0.0008351224905709387
ORegan2022,ORegan2022_DFN_DC03_AC0p4_1p5tauSet,ORegan2022_DFN_DC03,0.4,0.7,1.5,2.4185041254568818,5804.409901096518,5687.710226863525,116.69967423299295,5804.409901096516,5687.708224508811,116.70167658770424,-0.002002354711294174
ORegan2022,ORegan2022_DFN_DC03_AC0p4_1p5tauSet,ORegan2022_DFN_DC03,0.4,0.7,1.5,2.4480841804629736,5875.402033111145,5718.9573094153575,156.44472369578762,5875.402033111136,5718.954737718375,156.44729539276068,-0.0025716969730638084
ORegan2022,ORegan2022_DFN_DC03_AC0p4_1p5tauSet,ORegan2022_DFN_DC03,0.4,0.7,1.5,2.4776642354690654,5946.394165125765,5754.210633827402,192.18353129836305,5946.394165125756,5754.206754097859,192.18741102789772,-0.00387972953467397
ORegan2022,ORegan2022_DFN_DC03_AC0p4_1p5tauSet,ORegan2022_DFN_DC03,0.4,0.7,1.5,2.5072442904751573,6017.386297140389,5803.203972610002,214.18232453038672,6017.386297140377,5803.190828898572,214.19546824180452,-0.013143711417797022
ORegan2022,ORegan2022_DFN_DC03_AC0p4_1p5tauSet,ORegan2022_DFN_DC03,0.4,0.7,1.5,2.536824345481249,6088.378429155012,6083.523596423564,4.854832731447459,6088.378429154997,6083.523044863474,4.855384291523478,-0.0005515600760190864
ORegan2022,ORegan2022_DFN_DC03_AC0p4_1p5tauSet,ORegan2022_DFN_DC03,0.4,0.7,1.5,2.5664044004873405,6159.37056116963,6125.2296419074055,34.14091926222409,6159.370561169617,6125.2291630104955,34.14139815912131,-0.00047889689722069306
ORegan2022,ORegan2022_DFN_DC03_AC0p4_1p5tauSet,ORegan2022_DFN_DC03,0.4,0.7,1.5,2.5959844554934324,6230.362693184249,6158.501282101538,71.86141108271113,6230.362693184237,6158.501432326492,71.86126085774504,0.00015022496609162772
ORegan2022,ORegan2022_DFN_DC03_AC0p4_1p5tauSet,ORegan2022_DFN_DC03,0.4,0.7,1.5,2.625564510499524,6301.354825198871,6189.217038053977,112.13778714489399,6301.354825198858,6189.215095213511,112.139729985347,-0.0019428404530117405
ORegan2022,ORegan2022_DFN_DC03_AC0p4_1p5tauSet,ORegan2022_DFN_DC03,0.4,0.7,1.5,2.655144565505616,6372.3469572134945,6220.257299891955,152.08965732153956,6372.346957213478,6220.254272001601,152.09268521187732,-0.0030278903377620736
ORegan2022,ORegan2022_DFN_DC03_AC0p4_1p5tauSet,ORegan2022_DFN_DC03,0.4,0.7,1.5,2.684724620511708,6443.339089228114,6254.8061688191565,188.53292040895758,6443.339089228099,6254.798652762331,188.54043646576793,-0.007516056810345617
ORegan2022,ORegan2022_DFN_DC03_AC0p4_1p5tauSet,ORegan2022_DFN_DC03,0.4,0.7,1.5,2.7143046755177993,6514.331221242736,6300.990523653953,213.34069758878377,6514.331221242718,6300.982149267554,213.3490719751644,-0.008374386380637588
ORegan2022,ORegan2022_DFN_DC03_AC0p4_1p5tauSet,ORegan2022_DFN_DC03,0.4,0.7,1.5,2.743884730523891,6585.32335325736,6582.53933682646,2.78401643090001,6585.323353257339,6582.538029657311,2.7853236000273682,-0.0013071691273580655
ORegan2022,ORegan2022_DFN_DC03_AC0p4_1p5tauSet,ORegan2022_DFN_DC03,0.4,0.7,1.5,2.773464785529983,6656.31548527198,6626.073484050335,30.242001221645296,6656.315485271959,6626.072379766654,30.24310550530481,-0.001104283659515204
ORegan2022,ORegan2022_DFN_DC03_AC0p4_1p5tauSet,ORegan2022_DFN_DC03,0.4,0.7,1.5,2.803044840536075,6727.3076172866,6659.885782167845,67.42183511875555,6727.307617286579,6659.884268626632,67.4233486599478,-0.0015135411922528874
ORegan2022,ORegan2022_DFN_DC03_AC0p4_1p5tauSet,ORegan2022_DFN_DC03,0.4,0.7,1.5,2.8326248955421667,6798.299749301222,6690.727919578498,107.57182972272403,6798.2997493012,6690.725859432473,107.57388986872684,-0.002060146002804686
ORegan2022,ORegan2022_DFN_DC03_AC0p4_1p5tauSet,ORegan2022_DFN_DC03,0.4,0.7,1.5,2.862204950548258,6869.291881315846,6721.597589808771,147.69429150707492,6869.2918813158185,6721.594996634895,147.69688468092318,-0.0025931738482540823
ORegan2022,ORegan2022_DFN_DC03_AC0p4_1p5tauSet,ORegan2022_DFN_DC03,0.4,0.7,1.5,2.89178500555435,6940.284013330469,6755.51792209762,184.76609123284925,6940.284013330439,6755.5144202472065,184.7695930832324,-0.003501850383145211
ORegan2022,ORegan2022_DFN_DC03_AC0p4_1p5tauSet,ORegan2022_DFN_DC03,0.4,0.7,1.5,2.9213650605604418,7011.276145345095,6799.431431375446,211.8447139696491,7011.276145345059,6799.424451284883,211.85169406017667,-0.0069800905275769765
ORegan2022,ORegan2022_DFN_DC03_AC0p4_1p5tauSet,ORegan2022_DFN_DC03,0.4,0.7,1.5,2.9509451155665336,7082.2682773597135,7081.081907935848,1.1863694238654716,7082.26827735968,7081.081711155659,1.1865662040208917,-0.00019678015542012872
ORegan2022,ORegan2022_DFN_DC03_AC0p4_1p5tauSet,ORegan2022_DFN_DC03,0.4,0.7,1.5,2.9805251705726254,7153.26040937433,7126.809032539736,26.451376834594157,7153.2604093743,7126.809364797139,26.451044577161156,0.00033225743300135946
ORegan2022,ORegan2022_DFN_DC03_AC0p4_1p5tauSet,ORegan2022_DFN_DC03,0.4,0.7,1.5,3.010105225578717,7224.252541388954,7161.232724536728,63.01981685222654,7224.252541388921,7161.232040946679,63.02050044224143,-0.0006835900148871588
ORegan2022,ORegan2022_DFN_DC03_AC0p4_1p5tauSet,ORegan2022_DFN_DC03,0.4,0.7,1.5,3.0396852805848087,7295.244673403577,7192.238988011062,103.00568539251435,7295.244673403541,7192.236953196565,103.00772020697605,-0.002034814461694623
ORegan2022,ORegan2022_DFN_DC03_AC0p4_1p5tauSet,ORegan2022_DFN_DC03,0.4,0.7,1.5,3.0692653355909005,7366.236805418202,7222.974748143584,143.2620572746173,7366.236805418162,7222.971706051838,143.26509936632374,-0.003042091706447536
ORegan2022,ORegan2022_DFN_DC03_AC0p4_1p5tauSet,ORegan2022_DFN_DC03,0.4,0.7,1.5,3.0988453905969924,7437.228937432815,7256.342737786833,180.88619964598183,7437.228937432782,7256.338955790596,180.88998164218629,-0.003781996204452298
ORegan2022,ORegan2022_DFN_DC03_AC0p4_1p5tauSet,ORegan2022_DFN_DC03,0.4,0.7,1.5,3.128425445603084,7508.221069447434,7298.366501315646,209.85456813178826,7508.2210694474015,7298.360577537569,209.8604919098325,-0.005923778044234496
ORegan2022,ORegan2022_DFN_DC03_AC0p5_1p5tauSet,ORegan2022_DFN_DC03,0.5,0.8,1.5,0.2,480.00000000000006,221.77918070779918,258.2208192922009,480.0,221.77415873166842,258.2258412683316,-0.005021976130706207
ORegan2022,ORegan2022_DFN_DC03_AC0p5_1p5tauSet,ORegan2022_DFN_DC03,0.5,0.8,1.5,0.22958005500609177,550.9921320146202,539.0817562017122,11.910375812908,550.9921320146203,539.082507024354,11.909624990266366,0.0007508226416348407
ORegan2022,ORegan2022_DFN_DC03_AC0p5_1p5tauSet,ORegan2022_DFN_DC03,0.5,0.8,1.5,0.25916011001218353,621.9842640292405,574.65586107353,47.328402955710544,621.9842640292405,574.6589978228975,47.32526620634303,0.003136749367513403
ORegan2022,ORegan2022_DFN_DC03_AC0p5_1p5tauSet,ORegan2022_DFN_DC03,0.5,0.8,1.5,0.28874016501827526,692.9763960438605,603.7921108455055,89.18428519835504,692.9763960438607,603.7917132846644,89.18468275919633,-0.0003975608412929432
ORegan2022,ORegan2022_DFN_DC03_AC0p5_1p5tauSet,ORegan2022_DFN_DC03,0.5,0.8,1.5,0.31832022002436705,763.9685280584805,630.7443970456353,133.2241310128452,763.968528058481,630.7428726481933,133.2256554102877,-0.0015243974424947737
ORegan2022,ORegan2022_DFN_DC03_AC0p5_1p5tauSet,ORegan2022_DFN_DC03,0.5,0.8,1.5,0.3479002750304588,834.9606600731003,657.6652921982867,177.29536787481356,834.9606600731012,657.6632059430559,177.29745413004525,-0.002086255231688483
ORegan2022,ORegan2022_DFN_DC03_AC0p5_1p5tauSet,ORegan2022_DFN_DC03,0.5,0.8,1.5,0.37748033003655057,905.9527920877197,686.6835223929372,219.26926969478245,905.9527920877214,686.6807761766862,219.27201591103517,-0.002746216252717204
ORegan2022,ORegan2022_DFN_DC03_AC0p5_1p5tauSet,ORegan2022_DFN_DC03,0.5,0.8,1.5,0.4070603850426423,976.9449241023395,721.9210611436157,255.02386295872384,976.9449241023416,721.9165405468211,255.02838355552046,-0.004520596796623977
ORegan2022,ORegan2022_DFN_DC03_AC0p5_1p5tauSet,ORegan2022_DFN_DC03,0.5,0.8,1.5,0.43664044004873404,1047.9370561169592,792.9726716253742,254.96438449158495,1047.9370561169617,792.9476998134397,254.98935630352196,-0.02497181193700726
ORegan2022,ORegan2022_DFN_DC03_AC0p5_1p5tauSet,ORegan2022_DFN_DC03,0.5,0.8,1.5,0.4662204950548258,1118.92918813158,1076.039368638329,42.889819493251025,1118.929188131582,1076.0389920747673,42.8901960568146,-0.00037656356357729237
ORegan2022,ORegan2022_DFN_DC03_AC0p5_1p5tauSet,ORegan2022_DFN_DC03,0.5,0.8,1.5,0.49580055006091756,1189.9213201462,1105.6065846318313,84.31473551436875,1189.921320146202,1105.606090243216,84.31522990298618,-0.0004943886174260115
ORegan2022,ORegan2022_DFN_DC03_AC0p5_1p5tauSet,ORegan2022_DFN_DC03,0.5,0.8,1.5,0.5253806050670093,1260.9134521608205,1132.6831618105634,128.23029035025706,1260.9134521608223,1132.6818827476382,128.23156941318416,-0.0012790629270966747
ORegan2022,ORegan2022_DFN_DC03_AC0p5_1p5tauSet,ORegan2022_DFN_DC03,0.5,0.8,1.5,0.5549606600731011,1331.90558417544,1159.5123146736025,172.3932695018375,1331.9055841754425,1159.5104568139172,172.39512736152528,-0.0018578596877887321
ORegan2022,ORegan2022_DFN_DC03_AC0p5_1p5tauSet,ORegan2022_DFN_DC03,0.5,0.8,1.5,0.5845407150791928,1402.8977161900607,1188.1556768387704,214.74203935129026,1402.8977161900627,1188.153378250884,214.74433793917865,-0.0022985878883901023
ORegan2022,ORegan2022_DFN_DC03_AC0p5_1p5tauSet,ORegan2022_DFN_DC03,0.5,0.8,1.5,0.6141207700852847,1473.889848204682,1222.3068274804161,251.5830207242659,1473.8898482046832,1222.2984325828338,251.59141562184936,-0.00839489758345735
ORegan2022,ORegan2022_DFN_DC03_AC0p5_1p5tauSet,ORegan2022_DFN_DC03,0.5,0.8,1.5,0.6437008250913764,1544.8819802193009,1280.3822364445186,264.49974377478225,1544.8819802193032,1280.3560654055382,264.525914813765,-0.026171038982738537
ORegan2022,ORegan2022_DFN_DC03_AC0p5_1p5tauSet,ORegan2022_DFN_DC03,0.5,0.8,1.5,0.6732808800974681,1615.8741122339209,1577.33449105322,38.539621180700806,1615.8741122339234,1577.3368403500751,38.537271883848234,0.0023492968525715696
ORegan2022,ORegan2022_DFN_DC03_AC0p5_1p5tauSet,ORegan2022_DFN_DC03,0.5,0.8,1.5,0.70286093510356,1686.8662442485415,1607.388922498909,79.47732174963244,1686.8662442485438,1607.390782209824,79.4754620387198,0.0018597109126403666
ORegan2022,ORegan2022_DFN_DC03_AC0p5_1p5tauSet,ORegan2022_DFN_DC03,0.5,0.8,1.5,0.7324409901096516,1757.8583762631595,1634.6189202303287,123.23945603283073,1757.8583762631636,1634.6179098221253,123.24046644103828,-0.0010104082075486076
ORegan2022,ORegan2022_DFN_DC03_AC0p5_1p5tauSet,ORegan2022_DFN_DC03,0.5,0.8,1.5,0.7620210451157434,1828.8505082777792,1661.3812474853976,167.46926079238165,1828.850508277784,1661.3794477781905,167.47106049959348,-0.0017997072118305368
ORegan2022,ORegan2022_DFN_DC03_AC0p5_1p5tauSet,ORegan2022_DFN_DC03,0.5,0.8,1.5,0.791601100121835,1899.8426402924006,1689.6919775030958,210.15066278930476,1899.8426402924042,1689.6892909736355,210.15334931876873,-0.002686529463971965
ORegan2022,ORegan2022_DFN_DC03_AC0p5_1p5tauSet,ORegan2022_DFN_DC03,0.5,0.8,1.5,0.8211811551279269,1970.83477230702,1722.8863213806933,247.9484509263268,1970.8347723070247,1722.8816741086516,247.95309819837303,-0.004647272046213402
ORegan2022,ORegan2022_DFN_DC03_AC0p5_1p5tauSet,ORegan2022_DFN_DC03,0.5,0.8,1.5,0.8507612101340187,2041.8269043216417,1774.5054655496876,267.32143877195404,2041.826904321645,1774.488593383609,267.3383109380361,-0.016872166082066542
ORegan2022,ORegan2022_DFN_DC03_AC0p5_1p5tauSet,ORegan2022_DFN_DC03,0.5,0.8,1.5,0.8803412651401104,2112.8190363362614,2078.5443771735972,34.27465916266419,2112.819036336265,2078.5421968909695,34.276839445295536,-0.002180282631343289
ORegan2022,ORegan2022_DFN_DC03_AC0p5_1p5tauSet,ORegan2022_DFN_DC03,0.5,0.8,1.5,0.9099213201462022,2183.811168350882,2109.1438015809567,74.66736676992514,2183.8111683508855,2109.1418986442372,74.66926970664827,-0.0019029367231269134
ORegan2022,ORegan2022_DFN_DC03_AC0p5_1p5tauSet,ORegan2022_DFN_DC03,0.5,0.8,1.5,0.9395013751522938,2254.803300365504,2136.551151260217,118.25214910528712,2254.803300365505,2136.5483209587046,118.25497940680043,-0.002830301513313316
ORegan2022,ORegan2022_DFN_DC03_AC0p5_1p5tauSet,ORegan2022_DFN_DC03,0.5,0.8,1.5,0.9690814301583857,2325.7954323801246,2163.2703388742825,162.52509350584205,2325.7954323801255,2163.2670251658815,162.528407214244,-0.003313708401947224
ORegan2022,ORegan2022_DFN_DC03_AC0p5_1p5tauSet,ORegan2022_DFN_DC03,0.5,0.8,1.5,0.9986614851644775,2396.7875643947455,2191.286700781147,205.50086361359854,2396.787564394746,2191.281842125976,205.5057222687701,-0.004858655171574355
ORegan2022,ORegan2022_DFN_DC03_AC0p5_1p5tauSet,ORegan2022_DFN_DC03,0.5,0.8,1.5,1.0282415401705691,2467.779696409366,2223.642273154955,244.1374232544108,2467.779696409366,2223.636559044752,244.14313736461372,-0.005714110202916345
ORegan2022,ORegan2022_DFN_DC03_AC0p5_1p5tauSet,ORegan2022_DFN_DC03,0.5,0.8,1.5,1.057821595176661,2538.7718284239854,2270.922998748214,267.8488296757714,2538.7718284239863,2270.912274261589,267.8595541623972,-0.010724486625804275
ORegan2022,ORegan2022_DFN_DC03_AC0p5_1p5tauSet,ORegan2022_DFN_DC03,0.5,0.8,1.5,1.0874016501827528,2609.7639604386054,2579.6447315755245,30.119228863080934,2609.763960438607,2579.6429742459413,30.12098619266544,-0.001757329584506806
ORegan2022,ORegan2022_DFN_DC03_AC0p5_1p5tauSet,ORegan2022_DFN_DC03,0.5,0.8,1.5,1.1169817051888444,2680.7560924532254,2610.85639897639,69.89969347683518,2680.7560924532268,2610.8552284847274,69.90086396849938,-0.0011704916641974705
ORegan2022,ORegan2022_DFN_DC03_AC0p5_1p5tauSet,ORegan2022_DFN_DC03,0.5,0.8,1.5,1.1465617601949363,2751.7482244678454,2638.472924620367,113.27529984747844,2751.748224467847,2638.4704417290354,113.27778273881177,-0.002482891333329462
ORegan2022,ORegan2022_DFN_DC03_AC0p5_1p5tauSet,ORegan2022_DFN_DC03,0.5,0.8,1.5,1.176141815201028,2822.7403564824667,2665.1736838196816,157.5666726627851,2822.740356482467,2665.170185283438,157.57017119902912,-0.003498536244023853
ORegan2022,ORegan2022_DFN_DC03_AC0p5_1p5tauSet,ORegan2022_DFN_DC03,0.5,0.8,1.5,1.2057218702071197,2893.7324884970885,2692.92979669228,200.80269180480855,2893.7324884970876,2692.9250795945227,200.80740890256493,-0.004717097756383737
ORegan2022,ORegan2022_DFN_DC03_AC0p5_1p5tauSet,ORegan2022_DFN_DC03,0.5,0.8,1.5,1.2353019252132114,2964.7246205117085,2724.548060125059,240.17656038664973,2964.7246205117076,2724.5394144063293,240.18520610537826,-0.008645718728530483
ORegan2022,ORegan2022_DFN_DC03_AC0p5_1p5tauSet,ORegan2022_DFN_DC03,0.5,0.8,1.5,1.2648819802193032,3035.7167525263308,2768.6088156781952,267.1079368481355,3035.716752526328,2768.5975186386886,267.11923388763944,-0.011297039503915585
ORegan2022,ORegan2022_DFN_DC03_AC0p5_1p5tauSet,ORegan2022_DFN_DC03,0.5,0.8,1.5,1.294462035225395,3106.7088845409503,3080.6259575490208,26.082926991929526,3106.7088845409485,3080.6248773302714,26.0840072106771,-0.0010802187475746905
ORegan2022,ORegan2022_DFN_DC03_AC0p5_1p5tauSet,ORegan2022_DFN_DC03,0.5,0.8,1.5,1.3240420902314867,3177.7010165555694,3112.5287161473657,65.17230040820368,3177.701016555568,3112.526180587301,65.17483596826696,-0.002535560063279263
ORegan2022,ORegan2022_DFN_DC03_AC0p5_1p5tauSet,ORegan2022_DFN_DC03,0.5,0.8,1.5,1.3536221452375785,3248.69314857019,3140.3845423035486,108.30860626664116,3248.6931485701884,3140.3815357260414,108.31161284414702,-0.003006577505857422
ORegan2022,ORegan2022_DFN_DC03_AC0p5_1p5tauSet,ORegan2022_DFN_DC03,0.5,0.8,1.5,1.3832022002436701,3319.6852805848084,3167.0901270965337,152.59515348827472,3319.6852805848084,3167.086046833818,152.5992337509906,-0.004080262715888239
ORegan2022,ORegan2022_DFN_DC03_AC0p5_1p5tauSet,ORegan2022_DFN_DC03,0.5,0.8,1.5,1.412782255249762,3390.6774125994298,3194.618711850323,196.05870074910672,3390.677412599429,3194.613650429568,196.06376216986064,-0.005061420753918355
ORegan2022,ORegan2022_DFN_DC03_AC0p5_1p5tauSet,ORegan2022_DFN_DC03,0.5,0.8,1.5,1.4423623102558538,3461.6695446140507,3225.5806537948556,236.08889081919506,3461.6695446140493,3225.570999421071,236.09854519297824,-0.009654373783178016
ORegan2022,ORegan2022_DFN_DC03_AC0p5_1p5tauSet,ORegan2022_DFN_DC03,0.5,0.8,1.5,1.4719423652619454,3532.6616766286693,3267.12114491312,265.54053171554915,3532.6616766286693,3267.1053402070493,265.55633642162,-0.015804706070866814
ORegan2022,ORegan2022_DFN_DC03_AC0p5_1p5tauSet,ORegan2022_DFN_DC03,0.5,0.8,1.5,1.5015224202680373,3603.6538086432915,3581.4738969978102,22.179911645481297,3603.6538086432897,3581.4707680482747,22.183040595014972,-0.0031289495336750406
ORegan2022,ORegan2022_DFN_DC03_AC0p5_1p5tauSet,ORegan2022_DFN_DC03,0.5,0.8,1.5,1.531102475274129,3674.6459406579124,3614.1511476401765,60.4947930177359,3674.6459406579093,3614.149712261153,60.49622839675612,-0.0014353790202221717
ORegan2022,ORegan2022_DFN_DC03_AC0p5_1p5tauSet,ORegan2022_DFN_DC03,0.5,0.8,1.5,1.5606825302802207,3745.6380726725306,3642.281707580573,103.35636509195774,3745.6380726725297,3642.2787828155056,103.35928985702412,-0.0029247650663819513
ORegan2022,ORegan2022_DFN_DC03_AC0p5_1p5tauSet,ORegan2022_DFN_DC03,0.5,0.8,1.5,1.5902625852863126,3816.630204687151,3669.015419623913,147.61478506323783,3816.63020468715,3669.011826064971,147.61837862217908,-0.0035935589412474656
ORegan2022,ORegan2022_DFN_DC03_AC0p5_1p5tauSet,ORegan2022_DFN_DC03,0.5,0.8,1.5,1.6198426402924042,3887.622336701773,3696.3484299560373,191.27390674573553,3887.62233670177,3696.342702983394,191.27963371837632,-0.005726972640786698
ORegan2022,ORegan2022_DFN_DC03_AC0p5_1p5tauSet,ORegan2022_DFN_DC03,0.5,0.8,1.5,1.649422695298496,3958.6144687163937,3726.721391568832,231.8930771475616,3958.6144687163905,3726.715409312327,231.89905940406334,-0.005982256501738448
ORegan2022,ORegan2022_DFN_DC03_AC0p5_1p5tauSet,ORegan2022_DFN_DC03,0.5,0.8,1.5,1.6790027503045877,4029.606600731017,3766.2143783248953,263.3922224061216,4029.6066007310105,3766.200636751634,263.40596397937634,-0.013741573254719697
ORegan2022,ORegan2022_DFN_DC03_AC0p5_1p5tauSet,ORegan2022_DFN_DC03,0.5,0.8,1.5,1.7085828053106795,4100.598732745639,4082.163270064943,18.435462680695764,4100.5987327456305,4082.159778463135,18.438954282495615,-0.003491601799851196
ORegan2022,ORegan2022_DFN_DC03_AC0p5_1p5tauSet,ORegan2022_DFN_DC03,0.5,0.8,1.5,1.7381628603167714,4171.590864760259,4115.723565888325,55.86729887193451,4171.590864760251,4115.720242561191,55.87062219905965,-0.003323327125144715
ORegan2022,ORegan2022_DFN_DC03_AC0p5_1p5tauSet,ORegan2022_DFN_DC03,0.5,0.8,1.5,1.767742915322863,4242.5829967748805,4144.162702023167,98.4202947517133,4242.582996774871,4144.159255611318,98.42374116355313,-0.0034464118398318533
ORegan2022,ORegan2022_DFN_DC03_AC0p5_1p5tauSet,ORegan2022_DFN_DC03,0.5,0.8,1.5,1.7973229703289548,4313.575128789502,4170.948978278934,142.62615051056764,4313.575128789492,4170.94481402265,142.63031476684228,-0.004164256274634681
ORegan2022,ORegan2022_DFN_DC03_AC0p5_1p5tauSet,ORegan2022_DFN_DC03,0.5,0.8,1.5,1.8269030253350467,4384.567260804122,4198.113202760713,186.45405804340953,4384.567260804112,4198.10780679628,186.4594540078324,-0.005395964422859834
ORegan2022,ORegan2022_DFN_DC03_AC0p5_1p5tauSet,ORegan2022_DFN_DC03,0.5,0.8,1.5,1.8564830803411383,4455.559392818741,4227.9689392361415,227.59045358259937,4455.559392818732,4227.959302074805,227.60009074392656,-0.00963716132719128
ORegan2022,ORegan2022_DFN_DC03_AC0p5_1p5tauSet,ORegan2022_DFN_DC03,0.5,0.8,1.5,1.8860631353472301,4526.551524833357,4265.754573497522,260.7969513358348,4526.551524833352,4265.740307886227,260.8112169471251,-0.014265611290284141
ORegan2022,ORegan2022_DFN_DC03_AC0p5_1p5tauSet,ORegan2022_DFN_DC03,0.5,0.8,1.5,1.9156431903533218,4597.543656847979,4582.668570832556,14.875086015423221,4597.543656847972,4582.666039176075,14.877617671896587,-0.0025316564733657287
ORegan2022,ORegan2022_DFN_DC03_AC0p5_1p5tauSet,ORegan2022_DFN_DC03,0.5,0.8,1.5,1.9452232453594136,4668.535788862599,4617.232637217225,51.30315164537387,4668.535788862592,4617.2315458811745,51.3042429814177,-0.0010913360438280506
ORegan2022,ORegan2022_DFN_DC03_AC0p5_1p5tauSet,ORegan2022_DFN_DC03,0.5,0.8,1.5,1.9748033003655054,4739.527920877217,4646.023426913208,93.50449396400927,4739.527920877213,4646.019893608012,93.50802726920028,-0.0035333051910129143
ORegan2022,ORegan2022_DFN_DC03_AC0p5_1p5tauSet,ORegan2022_DFN_DC03,0.5,0.8,1.5,2.0043833553715973,4810.520052891837,4672.886528390614,137.63352450122238,4810.520052891833,4672.882355374354,137.63769751747895,-0.004173016256572737
ORegan2022,ORegan2022_DFN_DC03_AC0p5_1p5tauSet,ORegan2022_DFN_DC03,0.5,0.8,1.5,2.033963410377689,4881.512184906457,4699.9101012947,181.60208361175683,4881.5121849064535,4699.90488626882,181.6072986376339,-0.005215025877078006
ORegan2022,ORegan2022_DFN_DC03_AC0p5_1p5tauSet,ORegan2022_DFN_DC03,0.5,0.8,1.5,2.0635434653837805,4952.504316921075,4729.2973385438545,223.20697837722037,4952.504316921073,4729.291339061755,223.21297785931802,-0.005999482097649889
ORegan2022,ORegan2022_DFN_DC03_AC0p5_1p5tauSet,ORegan2022_DFN_DC03,0.5,0.8,1.5,2.0931235203898724,5023.496448935692,4765.641807577331,257.8546413583608,5023.4964489356935,4765.629681512514,257.8667674231792,-0.012126064818403393
ORegan2022,ORegan2022_DFN_DC03_AC0p5_1p5tauSet,ORegan2022_DFN_DC03,0.5,0.8,1.5,2.122703575395964,5094.488580950311,5082.958907193022,11.529673757288947,5094.488580950314,5082.956797257625,11.531783692688805,-0.0021099353998579318
ORegan2022,ORegan2022_DFN_DC03_AC0p5_1p5tauSet,ORegan2022_DFN_DC03,0.5,0.8,1.5,2.152283630402056,5165.480712964933,5118.680182253239,46.80053071169459,5165.480712964934,5118.676619812598,46.80409315233646,-0.0035624406418719445
ORegan2022,ORegan2022_DFN_DC03_AC0p5_1p5tauSet,ORegan2022_DFN_DC03,0.5,0.8,1.5,2.181863685408148,5236.472844979552,5147.860846552166,88.61199842738642,5236.472844979555,5147.857474301376,88.6153706781788,-0.0033722507923812373
ORegan2022,ORegan2022_DFN_DC03_AC0p5_1p5tauSet,ORegan2022_DFN_DC03,0.5,0.8,1.5,2.2114437404142397,5307.4649769941725,5174.825760865572,132.6392161286003,5307.464976994175,5174.821828336766,132.64314865740926,-0.00393252880894579
ORegan2022,ORegan2022_DFN_DC03_AC0p5_1p5tauSet,ORegan2022_DFN_DC03,0.5,0.8,1.5,2.2410237954203316,5378.457109008793,5201.735268491028,176.72184051776458,5378.457109008796,5201.730165135549,176.72694387324646,-0.00510335548187868
ORegan2022,ORegan2022_DFN_DC03_AC0p5_1p5tauSet,ORegan2022_DFN_DC03,0.5,0.8,1.5,2.270603850426423,5449.449241023415,5230.707368464728,218.74187255868765,5449.449241023415,5230.701771252351,218.74746977106406,-0.005597212376414973
ORegan2022,ORegan2022_DFN_DC03_AC0p5_1p5tauSet,ORegan2022_DFN_DC03,0.5,0.8,1.5,2.300183905432515,5520.441373038036,5265.812849128717,254.62852390931857,5520.441373038036,5265.802314309511,254.63905872852501,-0.01053481920644117
ORegan2022,ORegan2022_DFN_DC03_AC0p5_1p5tauSet,ORegan2022_DFN_DC03,0.5,0.8,1.5,2.3297639604386067,5591.433505052651,5334.454776517027,256.9787285356233,5591.433505052656,5334.413513273083,257.0199917795735,-0.04126324395019765
ORegan2022,ORegan2022_DFN_DC03_AC0p5_1p5tauSet,ORegan2022_DFN_DC03,0.5,0.8,1.5,2.3593440154446985,5662.425637067273,5620.050275819915,42.37536124735743,5662.4256370672765,5620.04751896802,42.378118099256426,-0.002756851898993773
ORegan2022,ORegan2022_DFN_DC03_AC0p5_1p5tauSet,ORegan2022_DFN_DC03,0.5,0.8,1.5,2.3889240704507904,5733.417769081896,5649.671879661757,83.74588942013906,5733.417769081897,5649.668580489744,83.74918859215268,-0.003299172013612406
ORegan2022,ORegan2022_DFN_DC03_AC0p5_1p5tauSet,ORegan2022_DFN_DC03,0.5,0.8,1.5,2.4185041254568818,5804.409901096518,5676.764292678053,127.6456084184656,5804.409901096516,5676.7606252838505,127.64927581266511,-0.003667394199510454
ORegan2022,ORegan2022_DFN_DC03_AC0p5_1p5tauSet,ORegan2022_DFN_DC03,0.5,0.8,1.5,2.4480841804629736,5875.402033111145,5703.584550715972,171.8174823951731,5875.402033111136,5703.580119459847,171.82191365128892,-0.00443125611582218
ORegan2022,ORegan2022_DFN_DC03_AC0p5_1p5tauSet,ORegan2022_DFN_DC03,0.5,0.8,1.5,2.4776642354690654,5946.394165125765,5732.188516014867,214.20564911089787,5946.394165125756,5732.182127285878,214.21203783987858,-0.006388728980709857
ORegan2022,ORegan2022_DFN_DC03_AC0p5_1p5tauSet,ORegan2022_DFN_DC03,0.5,0.8,1.5,2.5072442904751573,6017.386297140389,5766.217226554323,251.16907058606557,6017.386297140377,5766.2094647651165,251.17683237526035,-0.007761789194773883
ORegan2022,ORegan2022_DFN_DC03_AC0p5_1p5tauSet,ORegan2022_DFN_DC03,0.5,0.8,1.5,2.536824345481249,6088.378429155012,5823.363104954878,265.0153242001343,6088.378429154997,5823.337648689744,265.0407804652532,-0.025456265118918964
ORegan2022,ORegan2022_DFN_DC03_AC0p5_1p5tauSet,ORegan2022_DFN_DC03,0.5,0.8,1.5,2.5664044004873405,6159.37056116963,6121.339021087155,38.03154008247475,6159.370561169617,6121.335143153926,38.03541801569099,-0.0038779332162448554
ORegan2022,ORegan2022_DFN_DC03_AC0p5_1p5tauSet,ORegan2022_DFN_DC03,0.5,0.8,1.5,2.5959844554934324,6230.362693184249,6151.452845144125,78.90984804012442,6230.362693184237,6151.4495627640745,78.91313042016282,-0.003282380038399424
ORegan2022,ORegan2022_DFN_DC03_AC0p5_1p5tauSet,ORegan2022_DFN_DC03,0.5,0.8,1.5,2.625564510499524,6301.354825198871,6178.700161320262,122.65466387860943,6301.354825198858,6178.696133639932,122.65869155892597,-0.004027680316539772
ORegan2022,ORegan2022_DFN_DC03_AC0p5_1p5tauSet,ORegan2022_DFN_DC03,0.5,0.8,1.5,2.655144565505616,6372.3469572134945,6205.4563209957105,166.89063621778405,6372.346957213478,6205.451437385204,166.8955198282738,-0.004883610489741841
ORegan2022,ORegan2022_DFN_DC03_AC0p5_1p5tauSet,ORegan2022_DFN_DC03,0.5,0.8,1.5,2.684724620511708,6443.339089228114,6233.731698961355,209.60739026675947,6443.339089228099,6233.72497415054,209.61411507755838,-0.006724810798914405
ORegan2022,ORegan2022_DFN_DC03_AC0p5_1p5tauSet,ORegan2022_DFN_DC03,0.5,0.8,1.5,2.7143046755177993,6514.331221242736,6266.823436809446,247.50778443329,6514.331221242718,6266.814120880749,247.51710036196891,-0.009315928678915952
ORegan2022,ORegan2022_DFN_DC03_AC0p5_1p5tauSet,ORegan2022_DFN_DC03,0.5,0.8,1.5,2.743884730523891,6585.32335325736,6317.85654018433,267.4668130730306,6585.323353257339,6317.8356150345935,267.48773822274507,-0.020925149714457802
ORegan2022,ORegan2022_DFN_DC03_AC0p5_1p5tauSet,ORegan2022_DFN_DC03,0.5,0.8,1.5,2.773464785529983,6656.31548527198,6622.531886521553,33.78359875042679,6656.315485271959,6622.528963334644,33.78652193731523,-0.0029231868884380674
ORegan2022,ORegan2022_DFN_DC03_AC0p5_1p5tauSet,ORegan2022_DFN_DC03,0.5,0.8,1.5,2.803044840536075,6727.3076172866,6653.200435014089,74.10718227251164,6727.307617286579,6653.196495948791,74.11112133778806,-0.003939065276426845
ORegan2022,ORegan2022_DFN_DC03_AC0p5_1p5tauSet,ORegan2022_DFN_DC03,0.5,0.8,1.5,2.8326248955421667,6798.299749301222,6680.62972580627,117.67002349495215,6798.2997493012,6680.625716673289,117.67403262791049,-0.004009132958344708
ORegan2022,ORegan2022_DFN_DC03_AC0p5_1p5tauSet,ORegan2022_DFN_DC03,0.5,0.8,1.5,2.862204950548258,6869.291881315846,6707.34597694827,161.94590436757608,6869.2918813158185,6707.340984258275,161.95089705754344,-0.004992689967366459
ORegan2022,ORegan2022_DFN_DC03_AC0p5_1p5tauSet,ORegan2022_DFN_DC03,0.5,0.8,1.5,2.89178500555435,6940.284013330469,6735.331196950901,204.9528163795676,6940.284013330439,6735.323730743505,204.96028258693423,-0.007466207366633171
ORegan2022,ORegan2022_DFN_DC03_AC0p5_1p5tauSet,ORegan2022_DFN_DC03,0.5,0.8,1.5,2.9213650605604418,7011.276145345095,6767.5994732112895,243.67667213380537,7011.276145345059,6767.587385312826,243.6887600322334,-0.01208789842803526
ORegan2022,ORegan2022_DFN_DC03_AC0p5_1p5tauSet,ORegan2022_DFN_DC03,0.5,0.8,1.5,2.9509451155665336,7082.2682773597135,6814.461119450941,267.80715790877275,7082.26827735968,6814.441391695944,267.826885663736,-0.01972775496324175
ORegan2022,ORegan2022_DFN_DC03_AC0p5_1p5tauSet,ORegan2022_DFN_DC03,0.5,0.8,1.5,2.9805251705726254,7153.26040937433,7123.619400247193,29.641009127137295,7153.2604093743,7123.616661284556,29.643748089743895,-0.002738962606599671
ORegan2022,ORegan2022_DFN_DC03_AC0p5_1p5tauSet,ORegan2022_DFN_DC03,0.5,0.8,1.5,3.010105225578717,7224.252541388954,7154.909224117697,69.34331727125755,7224.252541388921,7154.905127925718,69.34741346320243,-0.004096191944881866
ORegan2022,ORegan2022_DFN_DC03_AC0p5_1p5tauSet,ORegan2022_DFN_DC03,0.5,0.8,1.5,3.0396852805848087,7295.244673403577,7182.551319865738,112.69335353783845,7295.244673403541,7182.546693801908,112.69797960163305,-0.004626063794603397
ORegan2022,ORegan2022_DFN_DC03_AC0p5_1p5tauSet,ORegan2022_DFN_DC03,0.5,0.8,1.5,3.0692653355909005,7366.236805418202,7209.250842034754,156.9859633834476,7366.236805418162,7209.245772022237,156.9910333959242,-0.005070012476608099
ORegan2022,ORegan2022_DFN_DC03_AC0p5_1p5tauSet,ORegan2022_DFN_DC03,0.5,0.8,1.5,3.0988453905969924,7437.228937432815,7236.978957571265,200.24997986154995,7437.228937432782,7236.972520559574,200.25641687320785,-0.006437011657908442
ORegan2022,ORegan2022_DFN_DC03_AC0p5_1p5tauSet,ORegan2022_DFN_DC03,0.5,0.8,1.5,3.128425445603084,7508.221069447434,7268.514566206313,239.70650324112103,7508.2210694474015,7268.506172594878,239.71489685252345,-0.00839361140242545
ORegan2022,ORegan2022_DFN_DC03_AC0p7_1p5tauSet,ORegan2022_DFN_DC03,0.7,1.0,1.5,0.2,480.00000000000006,178.66089663253996,301.3391033674601,480.0,178.65747104113305,301.342528958867,-0.0034255914068808124
ORegan2022,ORegan2022_DFN_DC03_AC0p7_1p5tauSet,ORegan2022_DFN_DC03,0.7,1.0,1.5,0.22958005500609177,550.9921320146202,206.2041018270386,344.7880301875816,550.9921320146203,206.1970555521521,344.7950764624682,-0.007046274886590709
ORegan2022,ORegan2022_DFN_DC03_AC0p7_1p5tauSet,ORegan2022_DFN_DC03,0.7,1.0,1.5,0.25916011001218353,621.9842640292405,247.35784153227587,374.62642249696466,621.9842640292405,247.3382100765949,374.6460539526456,-0.01963145568095115
ORegan2022,ORegan2022_DFN_DC03_AC0p7_1p5tauSet,ORegan2022_DFN_DC03,0.7,1.0,1.5,0.28874016501827526,692.9763960438605,592.4190349907763,100.55736105308426,692.9763960438607,592.4190744080387,100.55732163582206,3.941726220091368e-05
ORegan2022,ORegan2022_DFN_DC03_AC0p7_1p5tauSet,ORegan2022_DFN_DC03,0.7,1.0,1.5,0.31832022002436705,763.9685280584805,614.6761520841779,149.29237597430256,763.968528058481,614.6748795742142,149.29364848426678,-0.0012725099642239002
ORegan2022,ORegan2022_DFN_DC03_AC0p7_1p5tauSet,ORegan2022_DFN_DC03,0.7,1.0,1.5,0.3479002750304588,834.9606600731003,636.0573151279484,198.90334494515184,834.9606600731012,636.055540370628,198.90511970247314,-0.0017747573213000578
ORegan2022,ORegan2022_DFN_DC03_AC0p7_1p5tauSet,ORegan2022_DFN_DC03,0.7,1.0,1.5,0.37748033003655057,905.9527920877197,657.688142373919,248.26464971380062,905.9527920877214,657.6860114024386,248.2667806852828,-0.0021309714821882153
ORegan2022,ORegan2022_DFN_DC03_AC0p7_1p5tauSet,ORegan2022_DFN_DC03,0.7,1.0,1.5,0.4070603850426423,976.9449241023395,680.8215010626656,296.123423039674,976.9449241023416,680.8175054881629,296.12741861417874,-0.003995574504756405
ORegan2022,ORegan2022_DFN_DC03_AC0p7_1p5tauSet,ORegan2022_DFN_DC03,0.7,1.0,1.5,0.43664044004873404,1047.9370561169592,707.6827599787682,340.25429613819097,1047.9370561169617,707.6772235492457,340.259832567716,-0.005536429525022868
ORegan2022,ORegan2022_DFN_DC03_AC0p7_1p5tauSet,ORegan2022_DFN_DC03,0.7,1.0,1.5,0.4662204950548258,1118.92918813158,745.8497035625177,373.0794845690624,1118.929188131582,745.839599866301,373.0895882652809,-0.010103696218493496
ORegan2022,ORegan2022_DFN_DC03_AC0p7_1p5tauSet,ORegan2022_DFN_DC03,0.7,1.0,1.5,0.49580055006091756,1189.9213201462,1094.734893414331,95.186426731869,1189.921320146202,1094.7347514066535,95.18656873954865,-0.0001420076796421199
ORegan2022,ORegan2022_DFN_DC03_AC0p7_1p5tauSet,ORegan2022_DFN_DC03,0.7,1.0,1.5,0.5253806050670093,1260.9134521608205,1117.1728252822145,143.740626878606,1260.9134521608223,1117.1725291376122,143.74092302321014,-0.00029614460413540655
ORegan2022,ORegan2022_DFN_DC03_AC0p7_1p5tauSet,ORegan2022_DFN_DC03,0.7,1.0,1.5,0.5549606600731011,1331.90558417544,1138.5934952555913,193.31208891984875,1331.9055841754425,1138.5927373083166,193.31284686712593,-0.0007579472771794826
ORegan2022,ORegan2022_DFN_DC03_AC0p7_1p5tauSet,ORegan2022_DFN_DC03,0.7,1.0,1.5,0.5845407150791928,1402.8977161900607,1160.1408979849732,242.75681820508748,1402.8977161900627,1160.1397277123706,242.75798847769215,-0.0011702726046678436
ORegan2022,ORegan2022_DFN_DC03_AC0p7_1p5tauSet,ORegan2022_DFN_DC03,0.7,1.0,1.5,0.6141207700852847,1473.889848204682,1183.0231763295951,290.8666718750869,1473.8898482046832,1183.021523764252,290.86832444043125,-0.0016525653443295596
ORegan2022,ORegan2022_DFN_DC03_AC0p7_1p5tauSet,ORegan2022_DFN_DC03,0.7,1.0,1.5,0.6437008250913764,1544.8819802193009,1209.2763362051462,335.6056440141547,1544.8819802193032,1209.2735234512743,335.6084567680289,-0.0028127538741955505
ORegan2022,ORegan2022_DFN_DC03_AC0p7_1p5tauSet,ORegan2022_DFN_DC03,0.7,1.0,1.5,0.6732808800974681,1615.8741122339209,1245.1346235862156,370.73948864770523,1615.8741122339234,1245.1301134098126,370.7439988241108,-0.004510176405574384
ORegan2022,ORegan2022_DFN_DC03_AC0p7_1p5tauSet,ORegan2022_DFN_DC03,0.7,1.0,1.5,0.70286093510356,1686.8662442485415,1597.0147117048361,89.85153254370539,1686.8662442485438,1597.0176131299359,89.84863111860795,0.002901425097434185
ORegan2022,ORegan2022_DFN_DC03_AC0p7_1p5tauSet,ORegan2022_DFN_DC03,0.7,1.0,1.5,0.7324409901096516,1757.8583762631595,1619.656965825618,138.20141043754143,1757.8583762631636,1619.657779918376,138.20059634478753,0.0008140927538988763
ORegan2022,ORegan2022_DFN_DC03_AC0p7_1p5tauSet,ORegan2022_DFN_DC03,0.7,1.0,1.5,0.7620210451157434,1828.8505082777792,1641.1312883665464,187.7192199112328,1828.850508277784,1641.1314847990732,187.71902347871082,0.00019643252198875416
ORegan2022,ORegan2022_DFN_DC03_AC0p7_1p5tauSet,ORegan2022_DFN_DC03,0.7,1.0,1.5,0.791601100121835,1899.8426402924006,1662.6101665869858,237.2324737054148,1899.8426402924042,1662.60966757544,237.23297271696424,-0.0004990115494365455
ORegan2022,ORegan2022_DFN_DC03_AC0p7_1p5tauSet,ORegan2022_DFN_DC03,0.7,1.0,1.5,0.8211811551279269,1970.83477230702,1685.2661900756784,285.5685822313417,1970.8347723070247,1685.2655119257408,285.5692603812838,-0.0006781499421322223
ORegan2022,ORegan2022_DFN_DC03_AC0p7_1p5tauSet,ORegan2022_DFN_DC03,0.7,1.0,1.5,0.8507612101340187,2041.8269043216417,1710.9739937115635,330.8529106100782,2041.826904321645,1710.9719220768236,330.8549822448215,-0.0020716347432880866
ORegan2022,ORegan2022_DFN_DC03_AC0p7_1p5tauSet,ORegan2022_DFN_DC03,0.7,1.0,1.5,0.8803412651401104,2112.8190363362614,1744.9768236406942,367.84221269556724,2112.819036336265,1744.9694930268622,367.84954330940286,-0.00733061383562017
ORegan2022,ORegan2022_DFN_DC03_AC0p7_1p5tauSet,ORegan2022_DFN_DC03,0.7,1.0,1.5,0.9099213201462022,2183.811168350882,2099.2641051223395,84.54706322854236,2183.8111683508855,2099.2643842047464,84.54678414613909,0.000279082403267239
ORegan2022,ORegan2022_DFN_DC03_AC0p7_1p5tauSet,ORegan2022_DFN_DC03,0.7,1.0,1.5,0.9395013751522938,2254.803300365504,2122.1294849179158,132.67381544758837,2254.803300365505,2122.1288334758137,132.6744668896913,-0.000651442102935107
ORegan2022,ORegan2022_DFN_DC03_AC0p7_1p5tauSet,ORegan2022_DFN_DC03,0.7,1.0,1.5,0.9690814301583857,2325.7954323801246,2143.6714206863307,182.12401169379382,2325.7954323801255,2143.6702870581066,182.12514532201885,-0.0011336282250340446
ORegan2022,ORegan2022_DFN_DC03_AC0p7_1p5tauSet,ORegan2022_DFN_DC03,0.7,1.0,1.5,0.9986614851644775,2396.7875643947455,2165.095988697419,231.69157569732624,2396.787564394746,2165.0939397100115,231.69362468473446,-0.0020489874082159076
ORegan2022,ORegan2022_DFN_DC03_AC0p7_1p5tauSet,ORegan2022_DFN_DC03,0.7,1.0,1.5,1.0282415401705691,2467.779696409366,2187.5507759223133,280.2289204870526,2467.779696409366,2187.545843011741,280.2338533976249,-0.00493291057227907
ORegan2022,ORegan2022_DFN_DC03_AC0p7_1p5tauSet,ORegan2022_DFN_DC03,0.7,1.0,1.5,1.057821595176661,2538.7718284239854,2212.766730188143,326.0050982358425,2538.7718284239863,2212.760721538557,326.0111068854294,-0.006008649586874526
ORegan2022,ORegan2022_DFN_DC03_AC0p7_1p5tauSet,ORegan2022_DFN_DC03,0.7,1.0,1.5,1.0874016501827528,2609.7639604386054,2245.224015431219,364.53994500738645,2609.763960438607,2245.217498363319,364.54646207528776,-0.006517067901313567
ORegan2022,ORegan2022_DFN_DC03_AC0p7_1p5tauSet,ORegan2022_DFN_DC03,0.7,1.0,1.5,1.1169817051888444,2680.7560924532254,2601.4708166569867,79.2852757962387,2680.7560924532268,2601.471463638546,79.28462881468067,0.0006469815580203431
ORegan2022,ORegan2022_DFN_DC03_AC0p7_1p5tauSet,ORegan2022_DFN_DC03,0.7,1.0,1.5,1.1465617601949363,2751.7482244678454,2624.5835919937554,127.16463247409001,2751.748224467847,2624.5838053775437,127.16441909030345,0.00021338378655855195
ORegan2022,ORegan2022_DFN_DC03_AC0p7_1p5tauSet,ORegan2022_DFN_DC03,0.7,1.0,1.5,1.176141815201028,2822.7403564824667,2646.2091200353025,176.53123644716425,2822.740356482467,2646.207648593674,176.53270788879308,-0.0014714416288370558
ORegan2022,ORegan2022_DFN_DC03_AC0p7_1p5tauSet,ORegan2022_DFN_DC03,0.7,1.0,1.5,1.2057218702071197,2893.7324884970885,2667.593052365864,226.13943613122456,2893.7324884970876,2667.590739825961,226.1417486711266,-0.002312539902050048
ORegan2022,ORegan2022_DFN_DC03_AC0p7_1p5tauSet,ORegan2022_DFN_DC03,0.7,1.0,1.5,1.2353019252132114,2964.7246205117085,2689.862014584961,274.8626059267476,2964.7246205117076,2689.8592194827634,274.86540102894423,-0.0027951021966146072
ORegan2022,ORegan2022_DFN_DC03_AC0p7_1p5tauSet,ORegan2022_DFN_DC03,0.7,1.0,1.5,1.2648819802193032,3035.7167525263308,2714.6349304194428,321.081822106888,3035.716752526328,2714.630041593397,321.08671093293106,-0.004888826043043082
ORegan2022,ORegan2022_DFN_DC03_AC0p7_1p5tauSet,ORegan2022_DFN_DC03,0.7,1.0,1.5,1.294462035225395,3106.7088845409503,2745.7927611786986,360.9161233622517,3106.7088845409485,2745.7838855227837,360.9249990181647,-0.00887565591301609
ORegan2022,ORegan2022_DFN_DC03_AC0p7_1p5tauSet,ORegan2022_DFN_DC03,0.7,1.0,1.5,1.3240420902314867,3177.7010165555694,3103.633970196801,74.0670463587685,3177.701016555568,3103.6348680659116,74.06614848965637,0.0008978691121228621
ORegan2022,ORegan2022_DFN_DC03_AC0p7_1p5tauSet,ORegan2022_DFN_DC03,0.7,1.0,1.5,1.3536221452375785,3248.69314857019,3127.020933024198,121.672215545992,3248.6931485701884,3127.0207108056893,121.67243776449914,-0.00022221850713322056
ORegan2022,ORegan2022_DFN_DC03_AC0p7_1p5tauSet,ORegan2022_DFN_DC03,0.7,1.0,1.5,1.3832022002436701,3319.6852805848084,3148.7426385044787,170.94264208032973,3319.6852805848084,3148.7420661938872,170.94321439092118,-0.0005723105914512416
ORegan2022,ORegan2022_DFN_DC03_AC0p7_1p5tauSet,ORegan2022_DFN_DC03,0.7,1.0,1.5,1.412782255249762,3390.6774125994298,3170.099737245225,220.57767535420498,3390.677412599429,3170.0983376491804,220.57907495024847,-0.0013995960434840526
ORegan2022,ORegan2022_DFN_DC03_AC0p7_1p5tauSet,ORegan2022_DFN_DC03,0.7,1.0,1.5,1.4423623102558538,3461.6695446140507,3192.2047693456593,269.46477526839135,3461.6695446140493,3192.202625551087,269.46691906296246,-0.002143794571111357
ORegan2022,ORegan2022_DFN_DC03_AC0p7_1p5tauSet,ORegan2022_DFN_DC03,0.7,1.0,1.5,1.4719423652619454,3532.6616766286693,3216.5741124742244,316.08756415444486,3532.6616766286693,3216.571439801395,316.0902368272741,-0.002672672829248768
ORegan2022,ORegan2022_DFN_DC03_AC0p7_1p5tauSet,ORegan2022_DFN_DC03,0.7,1.0,1.5,1.5015224202680373,3603.6538086432915,3246.6112435502946,357.04256509299694,3603.6538086432897,3246.6065585321917,357.04725011109804,-0.004685018101099558
ORegan2022,ORegan2022_DFN_DC03_AC0p7_1p5tauSet,ORegan2022_DFN_DC03,0.7,1.0,1.5,1.531102475274129,3674.6459406579124,3605.7498541121045,68.89608654580798,3674.6459406579093,3605.7501626195535,68.89577803835573,0.0003085074522459763
ORegan2022,ORegan2022_DFN_DC03_AC0p7_1p5tauSet,ORegan2022_DFN_DC03,0.7,1.0,1.5,1.5606825302802207,3745.6380726725306,3629.437781764938,116.20029090759272,3745.6380726725297,3629.437448312276,116.20062436025364,-0.0003334526609251043
ORegan2022,ORegan2022_DFN_DC03_AC0p7_1p5tauSet,ORegan2022_DFN_DC03,0.7,1.0,1.5,1.5902625852863126,3816.630204687151,3651.2727208375986,165.3574838495524,3816.63020468715,3651.2720207993543,165.3581838877958,-0.0007000382433943741
ORegan2022,ORegan2022_DFN_DC03_AC0p7_1p5tauSet,ORegan2022_DFN_DC03,0.7,1.0,1.5,1.6198426402924042,3887.622336701773,3672.616412512745,215.00592418902806,3887.62233670177,3672.6150652087285,215.00727149304157,-0.0013473040135068004
ORegan2022,ORegan2022_DFN_DC03_AC0p7_1p5tauSet,ORegan2022_DFN_DC03,0.7,1.0,1.5,1.649422695298496,3958.6144687163937,3694.576612468536,264.0378562478577,3958.6144687163905,3694.573287349322,264.0411813670685,-0.0033251192107854877
ORegan2022,ORegan2022_DFN_DC03_AC0p7_1p5tauSet,ORegan2022_DFN_DC03,0.7,1.0,1.5,1.6790027503045877,4029.606600731017,3718.583065332712,311.02353539830483,4029.6066007310105,3718.577627144216,311.02897358679456,-0.005438188489733875
ORegan2022,ORegan2022_DFN_DC03_AC0p7_1p5tauSet,ORegan2022_DFN_DC03,0.7,1.0,1.5,1.7085828053106795,4100.598732745639,3747.6467990691885,352.95193367645015,4100.5987327456305,3747.6406382125724,352.9580945330581,-0.006160856607948517
ORegan2022,ORegan2022_DFN_DC03_AC0p7_1p5tauSet,ORegan2022_DFN_DC03,0.7,1.0,1.5,1.7381628603167714,4171.590864760259,3798.4716525331287,373.11921222713045,4171.590864760251,3798.4575949373707,373.13326982288027,-0.014057595749818574
ORegan2022,ORegan2022_DFN_DC03_AC0p7_1p5tauSet,ORegan2022_DFN_DC03,0.7,1.0,1.5,1.767742915322863,4242.5829967748805,4131.82990337972,110.75309339516025,4242.582996774871,4131.831781321854,110.75121545301772,0.0018779421425278997
ORegan2022,ORegan2022_DFN_DC03_AC0p7_1p5tauSet,ORegan2022_DFN_DC03,0.7,1.0,1.5,1.7973229703289548,4313.575128789502,4153.7966089801075,159.7785198093943,4313.575128789492,4153.795969139872,159.77915964961994,-0.0006398402256309055
ORegan2022,ORegan2022_DFN_DC03_AC0p7_1p5tauSet,ORegan2022_DFN_DC03,0.7,1.0,1.5,1.8269030253350467,4384.567260804122,4175.140831606611,209.42642919751142,4384.567260804112,4175.139306151313,209.4279546527996,-0.0015254552881742711
ORegan2022,ORegan2022_DFN_DC03_AC0p7_1p5tauSet,ORegan2022_DFN_DC03,0.7,1.0,1.5,1.8564830803411383,4455.559392818741,4196.970290369664,258.58910244907656,4455.559392818732,4196.96863936234,258.5907534563921,-0.0016510073155586724
ORegan2022,ORegan2022_DFN_DC03_AC0p7_1p5tauSet,ORegan2022_DFN_DC03,0.7,1.0,1.5,1.8860631353472301,4526.551524833357,4220.644636529301,305.9068883040554,4526.551524833352,4220.642251310611,305.9092735227414,-0.0023852186859585345
ORegan2022,ORegan2022_DFN_DC03_AC0p7_1p5tauSet,ORegan2022_DFN_DC03,0.7,1.0,1.5,1.9156431903533218,4597.543656847979,4248.85586889167,348.68778795630897,4597.543656847972,4248.852442831604,348.69121401636767,-0.0034260600587003864
ORegan2022,ORegan2022_DFN_DC03_AC0p7_1p5tauSet,ORegan2022_DFN_DC03,0.7,1.0,1.5,1.9452232453594136,4668.535788862599,4293.555944292284,374.9798445703145,4668.535788862592,4293.544229282365,374.99155958022675,-0.01171500991222274
ORegan2022,ORegan2022_DFN_DC03_AC0p7_1p5tauSet,ORegan2022_DFN_DC03,0.7,1.0,1.5,1.9748033003655054,4739.527920877217,4634.201024097888,105.32689677932922,4739.527920877213,4634.201316888133,105.32660398907956,0.000292790249659447
ORegan2022,ORegan2022_DFN_DC03_AC0p7_1p5tauSet,ORegan2022_DFN_DC03,0.7,1.0,1.5,2.0043833553715973,4810.520052891837,4656.312420047405,154.20763284443183,4810.520052891833,4656.312335006466,154.20771788536695,-8.504093511874089e-05
ORegan2022,ORegan2022_DFN_DC03_AC0p7_1p5tauSet,ORegan2022_DFN_DC03,0.7,1.0,1.5,2.033963410377689,4881.512184906457,4677.670126067583,203.84205883887444,4881.5121849064535,4677.669485882119,203.84269902433425,-0.0006401854598152568
ORegan2022,ORegan2022_DFN_DC03_AC0p7_1p5tauSet,ORegan2022_DFN_DC03,0.7,1.0,1.5,2.0635434653837805,4952.504316921075,4699.389257040262,253.11505988081262,4952.504316921073,4699.386295901411,253.11802101966168,-0.0029611388490593527
ORegan2022,ORegan2022_DFN_DC03_AC0p7_1p5tauSet,ORegan2022_DFN_DC03,0.7,1.0,1.5,2.0931235203898724,5023.496448935692,4722.765490927177,300.7309580085148,5023.4964489356935,4722.7597289295645,300.73672000612896,-0.005761997614172287
ORegan2022,ORegan2022_DFN_DC03_AC0p7_1p5tauSet,ORegan2022_DFN_DC03,0.7,1.0,1.5,2.122703575395964,5094.488580950311,4750.220897216854,344.2676837334575,5094.488580950314,4750.215926833508,344.2726541168058,-0.004970383348336327
ORegan2022,ORegan2022_DFN_DC03_AC0p7_1p5tauSet,ORegan2022_DFN_DC03,0.7,1.0,1.5,2.152283630402056,5165.480712964933,4790.972427447717,374.5082855172168,5165.480712964934,4790.963547305442,374.5171656594921,-0.008880142275302205
ORegan2022,ORegan2022_DFN_DC03_AC0p7_1p5tauSet,ORegan2022_DFN_DC03,0.7,1.0,1.5,2.181863685408148,5236.472844979552,5136.541636963796,99.93120801575606,5236.472844979555,5136.543481093379,99.92936388617545,0.0018441295806042035
ORegan2022,ORegan2022_DFN_DC03_AC0p7_1p5tauSet,ORegan2022_DFN_DC03,0.7,1.0,1.5,2.2114437404142397,5307.4649769941725,5158.819659525405,148.64531746876764,5307.464976994175,5158.819500019248,148.64547697492708,-0.00015950615943438606
ORegan2022,ORegan2022_DFN_DC03_AC0p7_1p5tauSet,ORegan2022_DFN_DC03,0.7,1.0,1.5,2.2410237954203316,5378.457109008793,5180.205017048732,198.25209196006108,5378.457109008796,5180.204062357588,198.25304665120802,-0.0009546911469442421
ORegan2022,ORegan2022_DFN_DC03_AC0p7_1p5tauSet,ORegan2022_DFN_DC03,0.7,1.0,1.5,2.270603850426423,5449.449241023415,5201.825592250413,247.62364877300206,5449.449241023415,5201.824026663641,247.62521435977396,-0.0015655867719033267
ORegan2022,ORegan2022_DFN_DC03_AC0p7_1p5tauSet,ORegan2022_DFN_DC03,0.7,1.0,1.5,2.300183905432515,5520.441373038036,5224.927868964833,295.51350407320297,5520.441373038036,5224.925113850987,295.5162591870485,-0.002755113845523738
ORegan2022,ORegan2022_DFN_DC03_AC0p7_1p5tauSet,ORegan2022_DFN_DC03,0.7,1.0,1.5,2.3297639604386067,5591.433505052651,5251.714948262157,339.7185567904935,5591.433505052656,5251.710452625914,339.72305242674247,-0.004495636248975643
ORegan2022,ORegan2022_DFN_DC03_AC0p7_1p5tauSet,ORegan2022_DFN_DC03,0.7,1.0,1.5,2.3593440154446985,5662.425637067273,5289.591438287856,372.8341987794165,5662.4256370672765,5289.574905726913,372.8507313403634,-0.016532560946870944
ORegan2022,ORegan2022_DFN_DC03_AC0p7_1p5tauSet,ORegan2022_DFN_DC03,0.7,1.0,1.5,2.3889240704507904,5733.417769081896,5638.855601246621,94.56216783527543,5733.417769081897,5638.855490325594,94.56227875630339,-0.00011092102795373648
ORegan2022,ORegan2022_DFN_DC03_AC0p7_1p5tauSet,ORegan2022_DFN_DC03,0.7,1.0,1.5,2.4185041254568818,5804.409901096518,5661.316724354975,143.09317674154318,5804.409901096516,5661.315793736224,143.09410736029167,-0.000930618748498091
ORegan2022,ORegan2022_DFN_DC03_AC0p7_1p5tauSet,ORegan2022_DFN_DC03,0.7,1.0,1.5,2.4480841804629736,5875.402033111145,5682.742976257651,192.6590568534939,5875.402033111136,5682.741517376055,192.6605157350814,-0.0014588815874958527
ORegan2022,ORegan2022_DFN_DC03_AC0p7_1p5tauSet,ORegan2022_DFN_DC03,0.7,1.0,1.5,2.4776642354690654,5946.394165125765,5704.281595464891,242.1125696608733,5946.394165125756,5704.2797356192805,242.11442950647597,-0.00185984560266661
ORegan2022,ORegan2022_DFN_DC03_AC0p7_1p5tauSet,ORegan2022_DFN_DC03,0.7,1.0,1.5,2.5072442904751573,6017.386297140389,5727.138622037315,290.24767510307356,6017.386297140377,5727.133992400787,290.2523047395898,-0.0046296365162561415
ORegan2022,ORegan2022_DFN_DC03_AC0p7_1p5tauSet,ORegan2022_DFN_DC03,0.7,1.0,1.5,2.536824345481249,6088.378429155012,5753.323350675906,335.05507847910576,6088.378429154997,5753.319332359984,335.0590967950129,-0.004018315907160286
ORegan2022,ORegan2022_DFN_DC03_AC0p7_1p5tauSet,ORegan2022_DFN_DC03,0.7,1.0,1.5,2.5664044004873405,6159.37056116963,5788.955156925147,370.4154042444825,6159.370561169617,5788.939174027572,370.4313871420445,-0.015982897562025755
ORegan2022,ORegan2022_DFN_DC03_AC0p7_1p5tauSet,ORegan2022_DFN_DC03,0.7,1.0,1.5,2.5959844554934324,6230.362693184249,6141.135167887431,89.22752529681838,6230.362693184237,6141.134317466582,89.22837571765558,-0.0008504208371959976
ORegan2022,ORegan2022_DFN_DC03_AC0p7_1p5tauSet,ORegan2022_DFN_DC03,0.7,1.0,1.5,2.625564510499524,6301.354825198871,6163.800159190948,137.55466600792352,6301.354825198858,6163.799482927649,137.55534227120916,-0.0006762632856407436
ORegan2022,ORegan2022_DFN_DC03_AC0p7_1p5tauSet,ORegan2022_DFN_DC03,0.7,1.0,1.5,2.655144565505616,6372.3469572134945,6185.281817437747,187.0651397757474,6372.346957213478,6185.2803482272675,187.06660898621067,-0.0014692104632558767
ORegan2022,ORegan2022_DFN_DC03_AC0p7_1p5tauSet,ORegan2022_DFN_DC03,0.7,1.0,1.5,2.684724620511708,6443.339089228114,6206.754575450249,236.58451377786514,6443.339089228099,6206.751442621412,236.58764660668658,-0.003132828821435396
ORegan2022,ORegan2022_DFN_DC03_AC0p7_1p5tauSet,ORegan2022_DFN_DC03,0.7,1.0,1.5,2.7143046755177993,6514.331221242736,6229.386720723111,284.94450051962576,6514.331221242718,6229.382399111333,284.948822131385,-0.004321611759223742
ORegan2022,ORegan2022_DFN_DC03_AC0p7_1p5tauSet,ORegan2022_DFN_DC03,0.7,1.0,1.5,2.743884730523891,6585.32335325736,6255.034136764717,330.2892164926434,6585.323353257339,6255.028837707728,330.2945155496109,-0.005299056967487559
ORegan2022,ORegan2022_DFN_DC03_AC0p7_1p5tauSet,ORegan2022_DFN_DC03,0.7,1.0,1.5,2.773464785529983,6656.31548527198,6288.839944224123,367.4755410478565,6656.315485271959,6288.832184220812,367.48330105114655,-0.007760003290059103
ORegan2022,ORegan2022_DFN_DC03_AC0p7_1p5tauSet,ORegan2022_DFN_DC03,0.7,1.0,1.5,2.803044840536075,6727.3076172866,6643.375114914886,83.93250237171469,6727.307617286579,6643.37665175654,83.93096553003943,0.0015368416752608027
ORegan2022,ORegan2022_DFN_DC03_AC0p7_1p5tauSet,ORegan2022_DFN_DC03,0.7,1.0,1.5,2.8326248955421667,6798.299749301222,6666.269249553241,132.03049974798068,6798.2997493012,6666.268759813642,132.03098948755814,-0.0004897395774605684
ORegan2022,ORegan2022_DFN_DC03_AC0p7_1p5tauSet,ORegan2022_DFN_DC03,0.7,1.0,1.5,2.862204950548258,6869.291881315846,6687.820280003853,181.47160131199234,6869.2918813158185,6687.81905957246,181.4728217433585,-0.0012204313661641208
ORegan2022,ORegan2022_DFN_DC03_AC0p7_1p5tauSet,ORegan2022_DFN_DC03,0.7,1.0,1.5,2.89178500555435,6940.284013330469,6709.239567856664,231.04444547380535,6940.284013330439,6709.2372672493,231.04674608113874,-0.0023006073333817767
ORegan2022,ORegan2022_DFN_DC03_AC0p7_1p5tauSet,ORegan2022_DFN_DC03,0.7,1.0,1.5,2.9213650605604418,7011.276145345095,6731.669132407598,279.6070129374966,7011.276145345059,6731.666748194543,279.6093971505161,-0.0023842130194680067
ORegan2022,ORegan2022_DFN_DC03_AC0p7_1p5tauSet,ORegan2022_DFN_DC03,0.7,1.0,1.5,2.9509451155665336,7082.2682773597135,6756.832318854033,325.4359585056809,7082.26827735968,6756.827506303914,325.44077105576616,-0.004812550085262046
ORegan2022,ORegan2022_DFN_DC03_AC0p7_1p5tauSet,ORegan2022_DFN_DC03,0.7,1.0,1.5,2.9805251705726254,7153.26040937433,6789.126414438207,364.1339949361236,7153.2604093743,6789.121291649869,364.13911772443134,-0.005122788307744486
ORegan2022,ORegan2022_DFN_DC03_AC0p7_1p5tauSet,ORegan2022_DFN_DC03,0.7,1.0,1.5,3.010105225578717,7224.252541388954,7145.578306602625,78.67423478632918,7224.252541388921,7145.578850742448,78.673690646473,0.0005441398561742972
ORegan2022,ORegan2022_DFN_DC03_AC0p7_1p5tauSet,ORegan2022_DFN_DC03,0.7,1.0,1.5,3.0396852805848087,7295.244673403577,7168.72240275617,126.52227064740691,7295.244673403541,7168.721729028027,126.52294437551427,-0.000673728107358329
ORegan2022,ORegan2022_DFN_DC03_AC0p7_1p5tauSet,ORegan2022_DFN_DC03,0.7,1.0,1.5,3.0692653355909005,7366.236805418202,7190.356908645939,175.87989677226233,7366.236805418162,7190.356155433414,175.88064998474783,-0.0007532124855060829
ORegan2022,ORegan2022_DFN_DC03_AC0p7_1p5tauSet,ORegan2022_DFN_DC03,0.7,1.0,1.5,3.0988453905969924,7437.228937432815,7211.736914804307,225.49202262850758,7437.228937432782,7211.735414486825,225.493522945957,-0.0015003174494268023
ORegan2022,ORegan2022_DFN_DC03_AC0p7_1p5tauSet,ORegan2022_DFN_DC03,0.7,1.0,1.5,3.128425445603084,7508.221069447434,7233.986881042357,274.2341884050775,7508.2210694474015,7233.983777259201,274.2372921882006,-0.0031037831231515156
