t_s,V_terminal_V,I_py_A,I_charge_A,Q_net_Ah,t_rel_s,V_fit_V,qfrac_target
2489.059254099591,3.5221647279315667,0.0,-0.0,0.9110417192837492,2.4773327539105594,3.5216879507247913,0.2
2489.6404981019036,3.5218646802706637,0.0,-0.0,0.9110417192837492,3.058576756223374,3.521483558284215,0.2
2489.898292053207,3.5217380690092313,0.0,-0.0,0.9110417192837492,3.3163707075268576,3.5213942527579594,0.2
2489.984007814449,3.5216969398616897,0.0,-0.0,0.9110417192837492,3.40208646876863,3.521364740164352,0.2
2490.0697235756907,3.521656155311889,0.0,-0.0,0.9110417192837492,3.487802230010402,3.5213353175397226,0.2
2490.2411550981747,3.5215754035235385,0.0,-0.0,0.9110417192837492,3.6592337524944014,3.5212767410503956,0.2
2490.5840181431427,3.5214178587568723,0.0,-0.0,0.9110417192837492,4.0020967974624,3.5211606551337664,0.2
2491.269744233078,3.521116022592689,0.0,-0.0,0.9110417192837492,4.687822887397942,3.5209326884890144,0.2
2491.899818011449,3.520853573731201,0.0,-0.0,0.9110417192837492,5.317896665768785,3.520728065312189,0.2
2491.9950260281976,3.520815272069258,0.0,-0.0,0.9110417192837492,5.413104682517314,3.5206975417782775,0.2
2492.090234044946,3.52077724906115,0.0,-0.0,0.9110417192837492,5.5083126992658435,3.5206671212285823,0.2
2492.2806500784436,3.5207018683012254,0.0,-0.0,0.9110417192837492,5.698728732763357,3.520606587624402,0.2
2492.661482145438,3.52055435782966,0.0,-0.0,0.9110417192837492,6.079560799757928,3.5204867402672004,0.2
2493.423146279428,3.5202705539741515,0.0,-0.0,0.9110417192837492,6.841224933747526,3.5202518449937643,0.2
2493.9013439696914,3.520099899090205,0.0,-0.0,0.9110417192837492,7.3194226240111675,3.520107574955032,0.2
2494.005295165385,3.520063681667092,0.0,-0.0,0.9110417192837492,7.423373819704921,3.520076535048044,0.2
2494.109246361079,3.520027712257422,0.0,-0.0,0.9110417192837492,7.527325015398674,3.52004560905018,0.2
2494.3171487524664,3.519956362702696,0.0,-0.0,0.9110417192837492,7.73522740678618,3.519984097022814,0.2
2494.732953535242,3.519816559462093,0.0,-0.0,0.9110417192837492,8.151032189561647,3.5198624206238205,0.2
2495.5645631007924,3.519547065152711,0.0,-0.0,0.9110417192837492,8.982641755112127,3.5196243621199597,0.2
2495.9028699279334,3.51944129893001,0.0,-0.0,0.9110417192837492,9.320948582253095,3.519529498197562,0.2
2496.0155045510974,3.5194066877321273,0.0,-0.0,0.9110417192837492,9.433583205417108,3.5194981646985966,0.2
2496.1281391742614,3.5193723039504254,0.0,-0.0,0.9110417192837492,9.54621782858112,3.5194669552884346,0.2
2496.353408420589,3.519304081635205,0.0,-0.0,0.9110417192837492,9.771487074908691,3.5194049066595663,0.2
2496.803946913244,3.519170316710986,0.0,-0.0,0.9110417192837492,10.222025567563833,3.5192822757648092,0.2
2497.705023898555,3.5189122155601726,0.0,-0.0,0.9110417192837492,11.12310255287457,3.51904276600764,0.2
2497.9043958861757,3.5188568272182317,0.0,-0.0,0.9110417192837492,11.322474540495477,3.5189907885872485,0.2
2498.0259675534253,3.5188234642677783,0.0,-0.0,0.9110417192837492,11.444046207745032,3.5189592721905307,0.2
2498.147539220675,3.5187903169359647,0.0,-0.0,0.9110417192837492,11.565617874994587,3.518927889931835,0.2
2498.390682555174,3.518724539642836,0.0,-0.0,0.9110417192837492,11.808761209493696,3.5188655254091703,0.2
2498.8769692241717,3.518595530737299,0.0,-0.0,0.9110417192837492,12.29504787849146,3.518742379560632,0.2
2499.8495425621677,3.518346506533798,0.0,-0.0,0.9110417192837492,13.267621216487441,3.518502288659617,0.2
2499.9059218444177,3.518332445547125,0.0,-0.0,0.9110417192837492,13.324000498737405,3.5184886195883553,0.2
2500.0368277568414,3.5183000627721346,0.0,-0.0,0.9110417192837492,13.454906411161119,3.518456985291719,0.2
2500.167733669265,3.5182678884266885,0.0,-0.0,0.9110417192837492,13.585812323584832,3.51842549531019,0.2
2500.4295454941125,3.518204040098065,0.0,-0.0,0.9110417192837492,13.84762414843226,3.518362945491706,0.2
2500.953169143807,3.5180788073024907,0.0,-0.0,0.9110417192837492,14.37124779812666,3.518239547018731,0.2
2501.90744780266,3.5178580806652446,0.0,-0.0,0.9110417192837492,15.325526456979787,3.518020368698823,0.2
2502.0481465257913,3.5178264770245633,0.0,-0.0,0.9110417192837492,15.466225180110996,3.517988664356359,0.2
2502.1888452489225,3.5177950778316633,0.0,-0.0,0.9110417192837492,15.606923903242205,3.5179571147128783,0.2
2502.470242695185,3.5177327703914703,0.0,-0.0,0.9110417192837492,15.888321349504622,3.517894476298435,0.2
2503.0330375877097,3.517610574219956,0.0,-0.0,0.9110417192837492,16.451116242029457,3.5177710206248096,0.2
2503.908973760902,3.5174261172749564,0.0,-0.0,0.9110417192837492,17.327052415221715,3.5175836027143452,0.2
2504.060052438785,3.5173951215563157,0.0,-0.0,0.9110417192837492,17.47813109310482,3.5175518483316677,0.2
2504.211131116668,3.517364328906246,0.0,-0.0,0.9110417192837492,17.629209770987927,3.5175202594627506,0.2
2504.5132884724344,3.5173032313085812,0.0,-0.0,0.9110417192837492,17.93136712675414,3.517457574564831,0.2
2505.1176031839673,3.5171834395905144,0.0,-0.0,0.9110417192837492,18.53568183828702,3.5173341505100426,0.2
2505.910499719144,3.5170306477294777,0.0,-0.0,0.9110417192837492,19.328578373463642,3.517176064056767,0.2
2506.0725813314493,3.5170001265565523,0.0,-0.0,0.9110417192837492,19.49065998576907,3.517144276527447,0.2
2506.2346629437548,3.516969809229983,0.0,-0.0,0.9110417192837492,19.6527415980745,3.5171126657740706,0.2
2506.558826168366,3.5169096638005515,0.0,-0.0,0.9110417192837492,19.97690482268581,3.5170499703576628,0.2
2507.2071526175882,3.5167917847355215,0.0,-0.0,0.9110417192837492,20.62523127190798,3.5169266545809887,0.2
2507.9120256773863,3.5166669098797887,0.0,-0.0,0.9110417192837492,21.330104331706025,3.516795658089943,0.2
2508.0857031031774,3.516636769576149,0.0,-0.0,0.9110417192837492,21.50378175749711,3.516763863821994,0.2
2508.2593805289684,3.5166068351662285,0.0,-0.0,0.9110417192837492,21.677459183288192,3.5167322579099913,0.2
2508.6067353805506,3.516547460711349,0.0,-0.0,0.9110417192837492,22.02481403487036,3.516669606320162,0.2
2509.3014450837154,3.516431148745342,0.0,-0.0,0.9110417192837492,22.71952373803515,3.5165465106778533,0.2
2509.913551635628,3.5163310900095484,0.0,-0.0,0.9110417192837492,23.331630289947952,3.516440441351723,0.2
2510.0995088012814,3.5163012453198452,0.0,-0.0,0.9110417192837492,23.517587455601188,3.516408652891776,0.2
2510.2854659669347,3.5162716100032405,0.0,-0.0,0.9110417192837492,23.703544621254423,3.5163770648163606,0.2
2510.657380298241,3.5162128421264547,0.0,-0.0,0.9110417192837492,24.075458952560894,3.516314484318564,0.2
2511.4012089608536,3.5160977844039354,0.0,-0.0,0.9110417192837492,24.81928761517338,3.5161916679624343,0.2
2511.9150775938706,3.516020018994894,0.0,-0.0,0.9110417192837492,25.333156248190335,3.516108610635905,0.2
2512.113990333594,3.5159904064907015,0.0,-0.0,0.9110417192837492,25.53206898791359,3.516076845634062,0.2
2512.312903073317,3.515961008020997,0.0,-0.0,0.9110417192837492,25.730981727636845,3.5160452934067776,0.2
2512.710728552764,3.51590272480294,0.0,-0.0,0.9110417192837492,26.12880720708381,3.515982821034792,0.2
2513.5063795116575,3.5157886902017284,0.0,-0.0,0.9110417192837492,26.924458165977285,3.5158603615778166,0.2
2513.9166035521125,3.5157310532316544,0.0,-0.0,0.9110417192837492,27.334682206432262,3.515798492862764,0.2
2514.1291883441518,3.51570161925644,0.0,-0.0,0.9110417192837492,27.547266998471514,3.515766765296923,0.2
2514.341773136191,3.5156724049841914,0.0,-0.0,0.9110417192837492,27.759851790510766,3.5157352632724677,0.2
2514.76694272027,3.5156145034594504,0.0,-0.0,0.9110417192837492,28.185021374589724,3.515672928785248,0.2
2515.6172818884274,3.5155012973544606,0.0,-0.0,0.9110417192837492,29.035360542747185,3.515550889399013,0.2
2515.918129510355,3.5154619892125014,0.0,-0.0,0.9110417192837492,29.336208164674645,3.515508535681191,0.2
2516.1453594853115,3.5154326597931753,0.0,-0.0,0.9110417192837492,29.563438139631216,3.515476826442608,0.2
2516.372589460268,3.515403556917538,0.0,-0.0,0.9110417192837492,29.79066811458779,3.5154453563533457,0.2
2516.827049410181,3.515345894727237,0.0,-0.0,0.9110417192837492,30.245128064500932,3.515383125627784,0.2
2517.7359693100075,3.51523324752329,0.0,-0.0,0.9110417192837492,31.15404796432722,3.5152614469650776,0.2
2517.919655468597,3.5152108699207156,0.0,-0.0,0.9110417192837492,31.337734122916572,3.515237298749613,0.2
2518.162220079628,3.5151816216006093,0.0,-0.0,0.9110417192837492,31.58029873394753,3.515205634169715,0.2
2518.4047846906587,3.5151526073835715,0.0,-0.0,0.9110417192837492,31.822863344978487,3.5151742225101796,0.2
2518.88991391272,3.5150951404385213,0.0,-0.0,0.9110417192837492,32.307992567039946,3.5151121489375576,0.2
2519.860172356843,3.514982970887404,0.0,-0.0,0.9110417192837492,33.278251011162865,3.514990938807984,0.2
2519.921181426839,3.5149760272978696,0.0,-0.0,0.9110417192837492,33.339260081158955,3.5149834456466578,0.2
2520.1799217717567,3.5149468262709185,0.0,-0.0,0.9110417192837492,33.598000426076396,3.5149518332568044,0.2
2520.438662116674,3.514917867696778,0.0,-0.0,0.9110417192837492,33.85674077099384,3.5149204879599947,0.2
2520.956142806509,3.5148605318224933,0.0,-0.0,0.9110417192837492,34.37422146082872,3.5148585885044783,0.2
2521.922707385081,3.5147559651823013,0.0,-0.0,0.9110417192837492,35.34078603940088,3.5147457363660854,0.2
2522.1995128396684,3.514726676338058,0.0,-0.0,0.9110417192837492,35.61759149398813,3.5147140669625565,0.2
2522.4763182942556,3.514697640863732,0.0,-0.0,0.9110417192837492,35.89439694857538,3.5146826812780403,0.2
2523.0299292034297,3.5146401770480176,0.0,-0.0,0.9110417192837492,36.44800785774942,3.514620749558397,0.2
2523.924233343323,3.5145493859992216,0.0,-0.0,0.9110417192837492,37.34231199764281,3.5145230203537805,0.2
2524.2185907164885,3.514520137721637,0.0,-0.0,0.9110417192837492,37.63666937080825,3.514491465475492,0.2
2524.512948089654,3.5144911518256476,0.0,-0.0,0.9110417192837492,37.93102674397369,3.514460208403546,0.2
2525.1016628359844,3.5144338084546503,0.0,-0.0,0.9110417192837492,38.51974149030411,3.514398574853069,0.2
2525.9257593015654,3.5143551481374926,0.0,-0.0,0.9110417192837492,39.34383795588519,3.514314230047659,0.2
2526.238360328952,3.51432593690724,0.0,-0.0,0.9110417192837492,39.65643898327153,3.5142828129213934,0.2
2526.550961356338,3.5142969973011775,0.0,-0.0,0.9110417192837492,39.969040010657864,3.5142517075640707,0.2
2527.176163411111,3.514239768399425,0.0,-0.0,0.9110417192837492,40.594242065430535,3.5141904179198766,0.2
2527.9272852598074,3.514172312850648,0.0,-0.0,0.9110417192837492,41.34536391412712,3.5141183748841636,0.2
2528.259514074789,3.5141430758859737,0.0,-0.0,0.9110417192837492,41.67759272910871,3.5140870518466896,0.2
2528.5917428897706,3.514114121224381,0.0,-0.0,0.9110417192837492,42.0098215440903,3.514056055704676,0.2
2529.256200519734,3.514056887304138,0.0,-0.0,0.9110417192837492,42.674279174053936,3.513995028269799,0.2
2529.9288112180498,3.5139999740970884,0.0,-0.0,0.9110417192837492,43.3468898723695,3.513934535737647,0.2
2530.281558645562,3.513970701100284,0.0,-0.0,0.9110417192837492,43.69963729988194,3.513903316419441,0.2
2530.6343060730746,3.513941721496798,0.0,-0.0,0.9110417192837492,44.05238472739438,3.51387243921377,0.2
2531.339800928099,3.513884463786851,0.0,-0.0,0.9110417192837492,44.75787958241881,3.513811693573866,0.2
2531.9303371762917,3.5138373196744226,0.0,-0.0,0.9110417192837492,45.34841583061143,3.5137618597613756,0.2
2532.304528414466,3.5138080006253904,0.0,-0.0,0.9110417192837492,45.72260706878569,3.513730751081656,0.2
2532.67871965264,3.513778986482558,0.0,-0.0,0.9110417192837492,46.096798306959954,3.5136999998083764,0.2
2533.4271021289883,3.5137216610011572,0.0,-0.0,0.9110417192837492,46.845180783308024,3.513639550051613,0.2
2533.931863134534,3.513683578929639,0.0,-0.0,0.9110417192837492,47.34994178885381,3.5135995556011497,0.2
2534.3283906050647,3.5136542095074885,0.0,-0.0,0.9110417192837492,47.74646925938441,3.513568567237632,0.2
2534.7249180755953,3.5136251567993346,0.0,-0.0,0.9110417192837492,48.14299672991501,3.5135379515110294,0.2
2535.5179730166565,3.5135677808524695,0.0,-0.0,0.9110417192837492,48.93605167097621,3.5134778165457488,0.2
2535.933389092776,3.513538145345322,0.0,-0.0,0.9110417192837492,49.35146774709574,3.5134468889546233,0.2
2536.353507901481,3.5135086969778424,0.0,-0.0,0.9110417192837492,49.771586555800695,3.5134160034313147,0.2
2536.773626710186,3.513479577950858,0.0,-0.0,0.9110417192837492,50.19170536450565,3.5133855063045556,0.2
2537.613864327596,3.513422097832163,0.0,-0.0,0.9110417192837492,51.03194298191556,3.5133256536349227,0.2
2537.934915051018,3.5134004143775206,0.0,-0.0,0.9110417192837492,51.35299370533767,3.5133031784513573,0.2
2538.3796130502997,3.5133708812995113,0.0,-0.0,0.9110417192837492,51.79769170461941,3.513272400415231,0.2
2538.8243110495814,3.5133416905161448,0.0,-0.0,0.9110417192837492,52.24238970390115,3.5132420264787054,0.2
2539.7137070481444,3.513284096031591,0.0,-0.0,0.9110417192837492,53.131785702464185,3.5131824649674717,0.2
2539.9364410092603,3.513269838894934,0.0,-0.0,0.9110417192837492,53.35451966358005,3.5131677918304365,0.2
2540.406829821006,3.513240209170423,0.0,-0.0,0.9110417192837492,53.82490847532563,3.513137117593079,0.2
2540.8772186327515,3.5132109351512693,0.0,-0.0,0.9110417192837492,54.29529728707121,3.5131068632458837,0.2
2541.8179962562426,3.5131532043130513,0.0,-0.0,0.9110417192837492,55.236074910562365,3.513047585784483,0.2
2541.9379669675022,3.513145918723997,0.0,-0.0,0.9110417192837492,55.35604562182198,3.5130401423941673,0.2
2542.435182242002,3.513116181305407,0.0,-0.0,0.9110417192837492,55.8532608963219,3.5130095675788318,0.2
2542.932397516502,3.5130868134357662,0.0,-0.0,0.9110417192837492,56.35047617082182,3.51297942849041,0.2
2543.926828065502,3.5130289259253207,0.0,-0.0,0.9110417192837492,57.344906719821665,3.512920426382559,0.2
2543.9394929257446,3.5130281954944476,0.0,-0.0,0.9110417192837492,57.35757158006436,3.512919685717901,0.2
2544.464694587903,3.5129983400041658,0.0,-0.0,0.9110417192837492,57.88277324222281,3.512889205166137,0.2
2544.9898962500615,3.5129688683173086,0.0,-0.0,0.9110417192837492,58.40797490438126,3.5128591761843277,0.2
2545.9410188839865,3.5129162277659214,0.0,-0.0,0.9110417192837492,59.35909753830629,3.5128059165974985,0.2
2546.4956110181884,3.5128862329740866,0.0,-0.0,0.9110417192837492,59.9136896725081,3.512775512350775,0.2
2547.05020315239,3.512856636933183,0.0,-0.0,0.9110417192837492,60.46828180670991,3.5127455758518233,0.2
2547.942544842229,3.512809628094754,0.0,-0.0,0.9110417192837492,61.36062349654867,3.512698366217266,0.2
2548.5272255967016,3.5127795119769134,0.0,-0.0,0.9110417192837492,61.9453042510213,3.5126680589497727,0.2
2549.111906351174,3.5127498091928766,0.0,-0.0,0.9110417192837492,62.52998500549393,3.512638234688838,0.2
2549.944070800471,3.512708041513873,0.0,-0.0,0.9110417192837492,63.3621494547906,3.5125965995224298,0.2
2550.559954627561,3.512677799541846,0.0,-0.0,0.9110417192837492,63.978033281880926,3.5125663855525273,0.2
2551.1758384546515,3.512647985681141,0.0,-0.0,0.9110417192837492,64.59391710897125,3.512536669574235,0.2
2551.9455967587132,3.512611141187514,0.0,-0.0,0.9110417192837492,65.36367541303298,3.5125002127813945,0.2
2552.593800941097,3.5125807693168687,0.0,-0.0,0.9110417192837492,66.01187959541676,3.512470087755326,0.2
2553.242005123481,3.5125508404858743,0.0,-0.0,0.9110417192837492,66.66008377780054,3.5124404753781175,0.2
2553.947122716955,3.5125186252136347,0.0,-0.0,0.9110417192837492,67.3652013712749,3.512408831324061,0.2
2554.62876361238,3.512488119872387,0.0,-0.0,0.9110417192837492,68.04684226669997,3.5123787902836963,0.2
2555.3104045078053,3.512458072610937,0.0,-0.0,0.9110417192837492,68.72848316212503,3.5123492761671598,0.2
2555.948648675197,3.512430214288138,0.0,-0.0,0.9110417192837492,69.36672732951683,3.512322107443496,0.2
2556.6648376087587,3.5123995723808803,0.0,-0.0,0.9110417192837492,70.08291626307846,3.512292144898487,0.2
2557.3810265423203,3.51236940366125,0.0,-0.0,0.9110417192837492,70.79910519664008,3.5122627231153905,0.2
2557.9501746334395,3.5123456386078162,0.0,-0.0,0.9110417192837492,71.36825328775922,3.512239718449153,0.2
2558.7014560464545,3.5123148802513855,0.0,-0.0,0.9110417192837492,72.11953470077424,3.5122098504053585,0.2
2559.4527374594695,3.512284609493326,0.0,-0.0,0.9110417192837492,72.87081611378926,3.512180535659917,0.2
2559.9517005916814,3.5122646651632663,0.0,-0.0,0.9110417192837492,73.36977924600114,3.5121613648607006,0.2
2560.739361250761,3.5122337787764493,0.0,-0.0,0.9110417192837492,74.15743990508054,3.5121315753834534,0.2
2561.52702190984,3.5122033946470568,0.0,-0.0,0.9110417192837492,74.94510056415993,3.5121023515192125,0.2
2561.953226549924,3.5121870716341723,0.0,-0.0,0.9110417192837492,75.37130520424353,3.5120867687322965,0.2
2562.7778552951986,3.5121560723980423,0.0,-0.0,0.9110417192837492,76.19593394951835,3.5120570670849376,0.2
2563.6024840404734,3.5121255894310517,0.0,-0.0,0.9110417192837492,77.02056269479317,3.5120279421326823,0.2
2563.9547525081657,3.5121126509350655,0.0,-0.0,0.9110417192837492,77.37283116248545,3.512015672097892,0.2
2564.777379727482,3.512082955350129,0.0,-0.0,0.9110417192837492,78.19545838180193,3.511987409695874,0.2
2565.6000069467987,3.5120537430634835,0.0,-0.0,0.9110417192837492,79.0180856011184,3.511959682024464,0.2
2565.956278466408,3.5120411712347472,0.0,-0.0,0.9110417192837492,79.37435712072784,3.5119478355288227,0.2
2566.776904159766,3.512012700827576,0.0,-0.0,0.9110417192837492,80.19498281408596,3.511920912693779,0.2
2567.5975298531243,3.511984683130165,0.0,-0.0,0.9110417192837492,81.01560850744409,3.5118944858092136,0.2
2567.95780442465,3.5119724589619263,0.0,-0.0,0.9110417192837492,81.37588307896976,3.5118830367955773,0.2
2568.77642859205,3.511945140743075,0.0,-0.0,0.9110417192837492,82.19450724636954,3.5118573611909505,0.2
2569.5950527594496,3.511918246839487,0.0,-0.0,0.9110417192837492,83.01313141376932,3.511832145698048,0.2
2569.9593303828924,3.5119063524090173,0.0,-0.0,0.9110417192837492,83.37740903721215,3.511821069626213,0.2
2570.7759530243343,3.511880118444033,0.0,-0.0,0.9110417192837492,84.19403167865403,3.511796555712671,0.2
2571.592575665776,3.5118542824177528,0.0,-0.0,0.9110417192837492,85.01065432009591,3.511772468789017,0.2
2571.9608563411343,3.511842700819758,0.0,-0.0,0.9110417192837492,85.37893499545407,3.5117617425544494,0.2
2572.775477456618,3.5118174878380053,0.0,-0.0,0.9110417192837492,86.1935561109376,3.5117383110856992,0.2
2573.5900985721014,3.5117926482776136,0.0,-0.0,0.9110417192837492,87.00817722642114,3.511715275994584,0.2
2573.9623822993763,3.5117813635569597,0.0,-0.0,0.9110417192837492,87.380460953696,3.511704877850949,0.2
2574.7750018889014,3.5117571125950864,0.0,-0.0,0.9110417192837492,88.19308054322119,3.511682455406962,0.2
2575.5876214784266,3.5117332122506655,0.0,-0.0,0.9110417192837492,89.00570013274637,3.5116604010464174,0.2
2575.9639082576186,3.5117222093441267,0.0,-0.0,0.9110417192837492,89.38198691193838,3.5116503105317913,0.2
2576.7745263211855,3.5116988654188157,0.0,-0.0,0.9110417192837492,90.19260497550522,3.5116288290866517,0.2
2577.5851443847523,3.5116758508914945,0.0,-0.0,0.9110417192837492,91.00322303907205,3.511607689571918,0.2
2577.9654342158606,3.5116651155706062,0.0,-0.0,0.9110417192837492,91.38351287018031,3.511597887438551,0.2
2578.7740507534695,3.5116426273827646,0.0,-0.0,0.9110417192837492,92.19212940778925,3.5115772839603765,0.2
2579.5826672910785,3.511620448833762,0.0,-0.0,0.9110417192837492,93.0007459453982,3.511556998237316,0.2
2579.966960174103,3.511609967655838,0.0,-0.0,0.9110417192837492,93.3850388284227,3.5115474663848185,0.2
2580.7735751857535,3.511588287314907,0.0,-0.0,0.9110417192837492,94.19165384007329,3.511527682465362,0.2
2581.580190197404,3.5115668982063672,0.0,-0.0,0.9110417192837492,94.99826885172388,3.511508193952536,0.2
2581.968486132345,3.511556658466591,0.0,-0.0,0.9110417192837492,95.38656478666462,3.51149891536436,0.2
2582.773099618037,3.5115357412427874,0.0,-0.0,0.9110417192837492,96.19117827235686,3.511479896876099,0.2
2583.5777131037294,3.511515098093828,0.0,-0.0,0.9110417192837492,96.99579175804911,3.511461153133373,0.2
2583.9700120905873,3.5115050877803773,0.0,-0.0,0.9110417192837492,97.388090744907,3.5114521118164626,0.2
2584.772624050321,3.511484891872584,0.0,-0.0,0.9110417192837492,98.1907027046409,3.5114338085951364,0.2
2585.575236010055,3.5114649540397362,0.0,-0.0,0.9110417192837492,98.9933146643748,3.5114157610168593,0.2
2585.971538048829,3.511455161793306,0.0,-0.0,0.9110417192837492,99.38961670314893,3.511406941944341,0.2
2586.7721484826047,3.5114356481181552,0.0,-0.0,0.9110417192837492,100.19022713692448,3.5113893074950444,0.2
2587.5727589163803,3.511416377590802,0.0,-0.0,0.9110417192837492,100.99083757070002,3.511371911025974,0.2
2587.973064007071,3.5114067926665187,0.0,-0.0,0.9110417192837492,101.39114266139086,3.5113633000827673,0.2
2588.7716729148888,3.5113879246647763,0.0,-0.0,0.9110417192837492,102.18975156920851,3.5113462913078584,0.2
2589.5702818227064,3.5113692858769943,0.0,-0.0,0.9110417192837492,102.98836047702616,3.5113295041801487,0.2
2589.9745899653135,3.511359898109403,0.0,-0.0,0.9110417192837492,103.39266861963324,3.51132108811137,0.2
2590.771197347173,3.511341641565783,0.0,-0.0,0.9110417192837492,104.18927600149254,3.511304665058571,0.2
2591.567804729032,3.511323601223455,0.0,-0.0,0.9110417192837492,104.98588338335185,3.5112884485482643,0.2
2591.9761159235554,3.5113144009924353,0.0,-0.0,0.9110417192837492,105.39419457787517,3.5112802149103044,0.2
2592.7707217794564,3.5112967238708936,0.0,-0.0,0.9110417192837492,106.18880043377612,3.5112643405395025,0.2
2593.5653276353573,3.511279250792758,0.0,-0.0,0.9110417192837492,106.98340628967708,3.5112486587410747,0.2
2593.977641881798,3.5112702289926436,0.0,-0.0,0.9110417192837492,107.39572053611755,3.5112405958552366,0.2
2594.7702462117404,3.511253101283025,0.0,-0.0,0.9110417192837492,108.18832486606016,3.51122523582259,0.2
2595.562850541683,3.5112361662535454,0.0,-0.0,0.9110417192837492,108.98092919600276,3.5112100554402157,0.2
2595.9791678400397,3.511227314263685,0.0,-0.0,0.9110417192837492,109.39724649435948,3.5112021523487966,0.2
2596.7697706440244,3.5112107078423103,0.0,-0.0,0.9110417192837492,110.18784929834419,3.5111872748068658,0.2
2597.560373448009,3.511194283474225,0.0,-0.0,0.9110417192837492,110.9784521023289,3.511172564961166,0.2
2597.980693798282,3.511185593132301,0.0,-0.0,0.9110417192837492,111.39877245260186,3.511164811385868,0.2
2598.7692950763085,3.5111694816307644,0.0,-0.0,0.9110417192837492,112.18737373062822,3.5111503867985876,0.2
2599.557896354335,3.511153542240897,0.0,-0.0,0.9110417192837492,112.97597500865459,3.511136118847705,0.2
2599.982219756524,3.5111450058173608,0.0,-0.0,0.9110417192837492,113.40029841084379,3.5111285051502743,0.2
2600.768819508592,3.511129364502059,0.0,-0.0,0.9110417192837492,114.1868981629118,3.5111145061216593,0.2
2601.55541926066,3.511113885993817,0.0,-0.0,0.9110417192837492,114.97349791497982,3.511100653495603,0.2
2601.9837457147664,3.5111054961666937,0.0,-0.0,0.9110417192837492,115.40182436908617,3.5110931706405903,0.2
2602.768343940876,3.5110903018271946,0.0,-0.0,0.9110417192837492,116.18642259519584,3.5110795717561536,0.2
2603.5529421669858,3.5110752615834873,0.0,-0.0,0.9110417192837492,116.9710208213055,3.511066109803435,0.2
2603.9852716730084,3.511067011418059,0.0,-0.0,0.9110417192837492,117.4033503273281,3.511058749322973,0.2
2604.76786837316,3.511052242265456,0.0,-0.0,0.9110417192837492,118.18594702747987,3.5110455270029246,0.2
2605.550465073312,3.5110376190475945,0.0,-0.0,0.9110417192837492,118.96854372763164,3.5110324328485643,0.2
2605.9867976312503,3.5110295019718603,0.0,-0.0,0.9110417192837492,119.40487628557003,3.5110251868090683,0.2
2606.7673928054437,3.511015137540911,0.0,-0.0,0.9110417192837492,120.18547145976345,3.5110123191724067,0.2
2607.547987979637,3.511000911397705,0.0,-0.0,0.9110417192837492,120.96606663395687,3.5109995715864737,0.2
2607.9883235894927,3.5109929211857183,0.0,-0.0,0.9110417192837492,121.40640224381241,3.5109924325571717,0.2
2608.7669172377277,3.510978942248463,0.0,-0.0,0.9110417192837492,122.18499589204748,3.5109798992958696,0.2
2609.545510885963,3.510965094428538,0.0,-0.0,0.9110417192837492,122.96358954028256,3.510967478571775,0.2
2609.9898495477346,3.5109572251796584,0.0,-0.0,0.9110417192837492,123.40792820205434,3.510960439594977,0.2
2610.7664416700113,3.510943613659685,0.0,-0.0,0.9110417192837492,124.18452032433106,3.5109482218575065,0.2
2611.543033792288,3.5109301265339177,0.0,-0.0,0.9110417192837492,124.96111244660779,3.510936109699321,0.2
2611.991375505977,3.5109223726555117,0.0,-0.0,0.9110417192837492,125.40945416029672,3.5109291642623357,0.2
2612.765966102296,3.510909111555514,0.0,-0.0,0.9110417192837492,126.18404475661555,3.5109172445458436,0.2
2613.5405566986146,3.5108959685405816,0.0,-0.0,0.9110417192837492,126.95863535293438,3.510905423963976,0.2
2613.992901464219,3.5108883247315292,0.0,-0.0,0.9110417192837492,127.41098011853865,3.510898565972601,0.2
2614.7654905345794,3.51087539806041,0.0,-0.0,0.9110417192837492,128.18356918889913,3.5108869280230905,0.2
2615.53807960494,3.5108625835506055,0.0,-0.0,0.9110417192837492,128.9561582592596,3.510875383237705,0.2
2615.9944274224613,3.5108550447862603,0.0,-0.0,0.9110417192837492,129.41250607678103,3.5108686069912025,0.2
2616.7650149668634,3.5108424374913074,0.0,-0.0,0.9110417192837492,130.18309362118316,3.5108572357111245,0.2
2617.5356025112656,3.510829936797238,0.0,-0.0,0.9110417192837492,130.9536811655853,3.510845952062723,0.2
2617.995953380703,3.5108224983125944,0.0,-0.0,0.9110417192837492,131.41403203502296,3.5108392522302077,0.2
2618.764539399147,3.510810196222306,0.0,-0.0,0.9110417192837492,132.18261805346674,3.5108281335929177,0.2
2619.533125417591,3.510797995507046,0.0,-0.0,0.9110417192837492,132.95120407191052,3.5108170974595554,0.2
2619.9974793389456,3.510790652785527,0.0,-0.0,0.9110417192837492,133.41555799326534,3.5108104690577187,0.2
2620.764063831431,3.510778642548755,0.0,-0.0,0.9110417192837492,134.18214248575077,3.510799590028283,0.2
2621.5306483239165,3.5107667287770243,0.0,-0.0,0.9110417192837492,134.9487269782362,3.510788788748925,0.2
2621.9990052971875,3.510759477533507,0.0,-0.0,0.9110417192837492,135.41708395150727,3.5107822271210343,0.2
2622.763588263715,3.5107477465690717,0.0,-0.0,0.9110417192837492,136.1816669180348,3.5107715755829205,0.2
2623.5281712302426,3.5107361074518035,0.0,-0.0,0.9110417192837492,136.94624988456235,3.510760997386487,0.2
2624.0005312554295,3.510728943624577,0.0,-0.0,0.9110417192837492,137.4186099097492,3.510754498182578,0.2
2624.7631126959986,3.5107174800698355,0.0,-0.0,0.9110417192837492,138.1811913503184,3.5107440628697852,0.2
2625.525694136568,3.510706104018645,0.0,-0.0,0.9110417192837492,138.94377279088758,3.5107336968094587,0.2
2626.002057213672,3.5106990237546913,0.0,-0.0,0.9110417192837492,139.42013586799158,3.5107272559676725,0.2
2626.7626371282827,3.5106878164212683,0.0,-0.0,0.9110417192837492,140.18071578260242,3.510717026401906,0.2
2627.5232170428935,3.510676692504164,0.0,-0.0,0.9110417192837492,140.94129569721326,3.510706862294312,0.2
2628.0035831719138,3.5106696921479683,0.0,-0.0,0.9110417192837492,141.4216618262335,3.510700476023307,0.2
2628.7621615605663,3.5106587304776715,0.0,-0.0,0.9110417192837492,142.180240214886,3.510690442455817,0.2
2629.5207399492188,3.510647848375123,0.0,-0.0,0.9110417192837492,142.9388186035385,3.51068047082472,0.2
2630.005109130156,3.51064092446033,0.0,-0.0,0.9110417192837492,143.42318778447589,3.5106741355871005,0.2
2630.7616859928507,3.5106301984852673,0.0,-0.0,0.9110417192837492,144.1797646471705,3.5106642889448403,0.2
2631.5182628555453,3.5106195484540557,0.0,-0.0,0.9110417192837492,144.9363415098651,3.510654500969014,0.2
2632.006635088398,3.5106126976915046,0.0,-0.0,0.9110417192837492,145.4247137427178,3.5106482134657244,0.2
2632.7612104251343,3.5106021979975095,0.0,-0.0,0.9110417192837492,146.17928907945407,3.5106385453015054,0.2
2633.5157857618706,3.51059177083246,0.0,-0.0,0.9110417192837492,146.93386441619032,3.5106289327664744,0.2
2634.0081610466405,3.510584990101525,0.0,-0.0,0.9110417192837492,147.4262397009602,3.510622689922106,0.2
2634.7607348574184,3.5105747077941567,0.0,-0.0,0.9110417192837492,148.1788135117381,3.5106131923684587,0.2
2635.5133086681963,3.5105644947946057,0.0,-0.0,0.9110417192837492,148.931387322516,3.5106037476218153,0.2
2636.0096870048824,3.5105577811351703,0.0,-0.0,0.9110417192837492,149.42776565920212,3.51059754657077,0.2
2636.760259289702,3.5105477078047933,0.0,-0.0,0.9110417192837492,150.17833794402168,3.5105882122972285,0.2
2637.5108315745215,3.510537700746071,0.0,-0.0,0.9110417192837492,150.92891022884123,3.5105789282072695,0.2
2638.0112129631243,3.5105310513478196,0.0,-0.0,0.9110417192837492,151.42929161744405,3.510572766280742,0.2
2638.759783721986,3.5105211790420947,0.0,-0.0,0.9110417192837492,152.1778623763057,3.5105635884543003,0.2
2639.5083544808476,3.510511370142024,0.0,-0.0,0.9110417192837492,152.92643313516737,3.510554458371732,0.2
2640.0127389213667,3.5105047823386464,0.0,-0.0,0.9110417192837492,153.43081757568643,3.510548333085456,0.2
2640.75930815427,3.5104951035321204,0.0,-0.0,0.9110417192837492,154.17738680858974,3.5105393053339626,0.2
2641.5058773871733,3.510485485427072,0.0,-0.0,0.9110417192837492,154.92395604149306,3.5105303230564453,0.2
2642.0142648796086,3.510478956688,0.0,-0.0,0.9110417192837492,155.43234353392836,3.510524232099166,0.2
2642.7588325865536,3.5104694642580694,0.0,-0.0,0.9110417192837492,156.17691124087332,3.5105153484774374,0.2
2643.5034002934985,3.5104600299742645,0.0,-0.0,0.9110417192837492,156.9214789478183,3.510506508216761,0.2
2644.015790837851,3.5104535578986473,0.0,-0.0,0.9110417192837492,157.43386949217074,3.510500449439395,0.2
2644.7583570188376,3.510444245098072,0.0,-0.0,0.9110417192837492,158.17643567315736,3.510491704397844,0.2
2645.5009231998242,3.5104349880304686,0.0,-0.0,0.9110417192837492,158.91900185414397,3.5104830007495385,0.2
2646.017316796093,3.5104285703376314,0.0,-0.0,0.9110417192837492,159.43539545041267,3.5104769721549784,0.2
2646.757881451121,3.5104194307743484,0.0,-0.0,0.9110417192837492,160.17596010544094,3.5104683605105733,0.2
2647.4984461061495,3.5104103446618415,0.0,-0.0,0.9110417192837492,160.9165247604692,3.5104597884257744,0.2
2648.0188427543353,3.510403979188057,0.0,-0.0,0.9110417192837492,161.43692140865505,3.510453788159301,0.2
2648.7574058834057,3.5103950068030514,0.0,-0.0,0.9110417192837492,162.17548453772542,3.5104453050686786,0.2
2649.495969012476,3.5103860857101146,0.0,-0.0,0.9110417192837492,162.9140476667958,3.5104368598280833,0.2
2650.0203687125772,3.5103797704004025,0.0,-0.0,0.9110417192837492,163.43844736689698,3.5104308861683537,0.2
2650.7569303156893,3.510370959446002,0.0,-0.0,0.9110417192837492,164.175008970009,3.5104225271029343,0.2
2651.4934919188013,3.510362197741356,0.0,-0.0,0.9110417192837492,164.91157057312103,3.5104142042926814,0.2
2652.0218946708196,3.510355930644958,0.0,-0.0,0.9110417192837492,165.43997332513936,3.5104082556432616,0.2
2652.7564547479733,3.510347275666697,0.0,-0.0,0.9110417192837492,166.17453340229304,3.510400016366206,0.2
2653.491014825127,3.5103386680060513,0.0,-0.0,0.9110417192837492,166.9090934794467,3.510391811855551,0.2
2654.0234206290615,3.5103324472711694,0.0,-0.0,0.9110417192837492,167.4414992833813,3.5103858867369557,0.2
2654.755979180257,3.51032394309129,0.0,-0.0,0.9110417192837492,168.17405783457662,3.5103777632818365,0.2
2655.488537731452,3.510315484399354,0.0,-0.0,0.9110417192837492,168.90661638577194,3.5103696732024834,0.2
2656.0249465873035,3.510309308266526,0.0,-0.0,0.9110417192837492,169.44302524162322,3.5103637702446986,0.2
2656.755503612541,3.510300949968541,0.0,-0.0,0.9110417192837492,170.17358226686065,3.510355758895752,0.2
2657.4860606377783,3.5102926354218784,0.0,-0.0,0.9110417192837492,170.90413929209808,3.5103477796227143,0.2
2658.026472545546,3.5102865022217484,0.0,-0.0,0.9110417192837492,171.4445511998656,3.510341897558175,0.2
2658.755028044825,3.510278285131208,0.0,-0.0,0.9110417192837492,172.17310669914468,3.510333994832023,0.2
2659.483583544104,3.510270110147353,0.0,-0.0,0.9110417192837492,172.90166219842376,3.5103261229659046,0.2
2660.027998503788,3.5102640182930576,0.0,-0.0,0.9110417192837492,173.44607715810753,3.510320260622897,0.2
2660.7545524771085,3.510255937966554,0.0,-0.0,0.9110417192837492,174.17263113142826,3.5103124632516223,0.2
2661.4811064504293,3.5102478981865843,0.0,-0.0,0.9110417192837492,174.899185104749,3.510304695602215,0.2
2662.02952446203,3.5102418461714224,0.0,-0.0,0.9110417192837492,175.4476031163499,3.5102988518986833,0.2
2662.7540769093926,3.5102338983817836,0.0,-0.0,0.9110417192837492,176.1721555637123,3.510291156814162,0.2
2663.478629356755,3.5102259896576484,0.0,-0.0,0.9110417192837492,176.89670801107468,3.510283490385257,0.2
2664.031050420272,3.5102199760511503,0.0,-0.0,0.9110417192837492,177.44912907459184,3.510277664322987,0.2
2664.7536013416766,3.510212156774747,0.0,-0.0,0.9110417192837492,178.17167999599633,3.510270068642384,0.2
2665.476152263081,3.510204375158194,0.0,-0.0,0.9110417192837492,178.89423091740082,3.51026250061771,0.2
2666.0325763785145,3.510198398600595,0.0,-0.0,0.9110417192837492,179.45065503283422,3.5102566912768722,0.2
2666.7531257739606,3.5101907040058684,0.0,-0.0,0.9110417192837492,180.17120442828036,3.510249192289211,0.2
2667.4736751694068,3.510183045735813,0.0,-0.0,0.9110417192837492,180.8917538237265,3.510241720019416,0.2
2668.0341023367564,3.510177104935282,0.0,-0.0,0.9110417192837492,181.45218099107615,3.510235926553439,0.2
2668.752650206244,3.510169531372951,0.0,-0.0,0.9110417192837492,182.17072886056394,3.5102285217071736,0.2
2669.471198075732,3.510161992865523,0.0,-0.0,0.9110417192837492,182.88927673005173,3.5102211426977665,0.2
2670.035628294999,3.5101560865948045,0.0,-0.0,0.9110417192837492,183.45370694931853,3.510215364328534,0.2
2670.7521746385282,3.510148630584721,0.0,-0.0,0.9110417192837492,184.17025329284797,3.510208051220035,0.2
2671.4687209820577,3.510141208422289,0.0,-0.0,0.9110417192837492,184.88679963637742,3.510200763120228,0.2
2672.0371542532407,3.5101353355149167,0.0,-0.0,0.9110417192837492,185.45523290756046,3.5101949991335646,0.2
2672.7516990708123,3.5101279937380605,0.0,-0.0,0.9110417192837492,186.169777725132,3.510187775496464,0.2
2673.466243888384,3.5101206846599156,0.0,-0.0,0.9110417192837492,186.88432254270356,3.510180576088839,0.2
2674.0386802114826,3.510114844009374,0.0,-0.0,0.9110417192837492,187.45675886580239,3.5101748258302794,0.2
2674.751223503096,3.510107613298903,0.0,-0.0,0.9110417192837492,188.1693021574156,3.5101676895256073,0.2
2675.463766794709,3.510100414192936,0.0,-0.0,0.9110417192837492,188.8818454490288,3.510160576716543,0.2
2676.040206169725,3.5100946047456616,0.0,-0.0,0.9110417192837492,189.45828482404477,3.5101548395873645,0.2
2676.75074793538,3.5100874820770818,0.0,-0.0,0.9110417192837492,190.16882658969962,3.5101477885944106,0.2
2677.4612897010347,3.510080389972604,0.0,-0.0,0.9110417192837492,190.87936835535447,3.510140760405226,0.2
2678.041732127967,3.510074610727072,0.0,-0.0,0.9110417192837492,191.4598107822867,3.510135035858727,0.2
2678.7502723676635,3.5100675932120717,0.0,-0.0,0.9110417192837492,192.1683510219832,3.5101280682665856,0.2
2679.45881260736,3.510060605267869,0.0,-0.0,0.9110417192837492,192.8768912616797,3.5101211228253355,0.2
2680.0432580862093,3.5100548552738666,0.0,-0.0,0.9110417192837492,193.46133674052908,3.5101154103633454,0.2
2680.7497967999475,3.5100479401513187,0.0,-0.0,0.9110417192837492,194.16787545426723,3.510108524363084,0.2
2681.4563355136856,3.510041053652727,0.0,-0.0,0.9110417192837492,194.8744141680054,3.510101659896961,0.2
2682.0447840444513,3.5100353320058897,0.0,-0.0,0.9110417192837492,195.462862698771,3.510095959066568,0.2
2682.7493212322315,3.5100285166352245,0.0,-0.0,0.9110417192837492,196.16739988655127,3.510089152943977,0.2
2683.453858420012,3.510021728984686,0.0,-0.0,0.9110417192837492,196.87193707433153,3.51008236777228,0.2
2684.0463100026936,3.5100160348262524,0.0,-0.0,0.9110417192837492,197.4643886570134,3.510076678162766,0.2
2684.7488456645156,3.5100093166799935,0.0,-0.0,0.9110417192837492,198.1669243188353,3.510069950291644,0.2
2685.4513813263375,3.5100026253926027,0.0,-0.0,0.9110417192837492,198.8694599806572,3.5100632428192604,0.2
2686.0478359609356,3.5099969579049564,0.0,-0.0,0.9110417192837492,199.46591461525531,3.510057564059229,0.2
2686.748370096799,3.5099903345646624,0.0,-0.0,0.9110417192837492,200.16644875111888,3.5100509128951685,0.2
2687.4489042326627,3.5099837372593807,0.0,-0.0,0.9110417192837492,200.86698288698244,3.5100442816065445,0.2
2688.0493619191775,3.5099780956656836,0.0,-0.0,0.9110417192837492,201.46744057349724,3.5100386133612242,0.2
2688.7478945290827,3.5099715648140464,0.0,-0.0,0.9110417192837492,202.16597318340246,3.5100320374358547,0.2
2689.446427138988,3.509965059210874,0.0,-0.0,0.9110417192837492,202.86450579330767,3.5100254808894085,0.2
2690.05088787742,3.5099594427725904,0.0,-0.0,0.9110417192837492,203.46896653173962,3.510019822858134,0.2
2690.747418961367,3.5099530021884897,0.0,-0.0,0.9110417192837492,204.16549761568695,3.5100133207737887,0.2
2691.4439500453145,3.509946586101117,0.0,-0.0,0.9110417192837492,204.86202869963427,3.5100068375967384,0.2
2692.052413835662,3.509940994115667,0.0,-0.0,0.9110417192837492,205.47049248998155,3.5100011895105845,0.2
2692.746943393651,3.509934641669202,0.0,-0.0,0.9110417192837492,206.16502204797052,3.5099947599353696,0.2
2693.4414729516398,3.509928313000618,0.0,-0.0,0.9110417192837492,206.8595516059595,3.509988348818939,0.2
2694.053939793904,3.509922744799983,0.0,-0.0,0.9110417192837492,207.47201844822393,3.509982710438509,0.2
2694.746467825935,3.5099164784485355,0.0,-0.0,0.9110417192837492,208.16454648025456,3.5099763521017278,0.2
2695.4389958579654,3.5099102351860405,0.0,-0.0,0.9110417192837492,208.85707451228518,3.5099700117967134,0.2
2696.055465752146,3.5099046901345075,0.0,-0.0,0.9110417192837492,209.47354440646586,3.509964382910065,0.2
2696.7459922582184,3.509898507915774,0.0,-0.0,0.9110417192837492,210.16407091253814,3.5099580945979865,0.2
2697.4365187642907,3.5098923481266526,0.0,-0.0,0.9110417192837492,210.8545974186104,3.509951823910644,0.2
2698.0569917103885,3.5098868256208693,0.0,-0.0,0.9110417192837492,211.47507036470824,3.509946204331353,0.2
2698.745516690503,3.5098807256505795,0.0,-0.0,0.9110417192837492,212.16359534482262,3.5099399848832893,0.2
2699.4340416706173,3.5098746474784868,0.0,-0.0,0.9110417192837492,212.852120324937,3.5099337826715287,0.2
2700.0585176686304,3.509869145335781,0.0,-0.0,0.9110417192837492,213.47659632295017,3.5099281722368656,0.2
2700.7450411227865,3.5098631258160067,0.0,-0.0,0.9110417192837492,214.1631197771062,3.509922020541545,0.2
2701.4315645769425,3.509857127488243,0.0,-0.0,0.9110417192837492,214.84964323126223,3.509915885711404,0.2
2702.060043626873,3.5098516468372747,0.0,-0.0,0.9110417192837492,215.47812228119255,3.5099102842806396,0.2
2702.7445655550705,3.5098457060252706,0.0,-0.0,0.9110417192837492,216.16264420939024,3.5099041992728366,0.2
2703.429087483268,3.509839785824279,0.0,-0.0,0.9110417192837492,216.84716613758792,3.509898130775216,0.2
2704.0615695851147,3.5098343261424305,0.0,-0.0,0.9110417192837492,217.47964823943448,3.5098925382280277,0.2
2704.744089987354,3.5098284623612797,0.0,-0.0,0.9110417192837492,218.16216864167382,3.509886518885453,0.2
2705.4266103895934,3.509822618634373,0.0,-0.0,0.9110417192837492,218.84468904391315,3.5098805157130895,0.2
2706.0630955433567,3.5098171794232944,0.0,-0.0,0.9110417192837492,219.4811741976764,3.5098749319480715,0.2
2706.743614419638,3.5098113910603703,0.0,-0.0,0.9110417192837492,220.16169307395785,3.5098689772884835,0.2
2707.4241332959195,3.5098056222155667,0.0,-0.0,0.9110417192837492,220.8422119502393,3.509863038473147,0.2
2708.064621501599,3.5098002030013777,0.0,-0.0,0.9110417192837492,221.4827001559188,3.5098574634064197,0.2
2708.743138851922,3.5097944885027017,0.0,-0.0,0.9110417192837492,222.16121750624188,3.5098515724849517,0.2
2709.4216562022452,3.509788793007222,0.0,-0.0,0.9110417192837492,222.83973485656497,3.5098456970948484,0.2
2710.066147459841,3.509783393339322,0.0,-0.0,0.9110417192837492,223.48422611416072,3.509840130658756,0.2
2710.7426632842057,3.5097777512068298,0.0,-0.0,0.9110417192837492,224.16074193852546,3.5098343025654386,0.2
2711.4191791085705,3.5097721275834743,0.0,-0.0,0.9110417192837492,224.8372577628902,3.5098284897028043,0.2
2712.0676734180834,3.5097667470327716,0.0,-0.0,0.9110417192837492,225.4857520724031,3.509822931844694,0.2
2712.7421877164898,3.5097611758227476,0.0,-0.0,0.9110417192837492,226.1602663708095,3.509817165702161,0.2
2713.416702014896,3.509755622646934,0.0,-0.0,0.9110417192837492,226.8347806692159,3.509811414501034,0.2
2714.0691993763253,3.5097502608052835,0.0,-0.0,0.9110417192837492,227.48727803064503,3.5098058651821185,0.2
2714.7417121487733,3.5097447591256516,0.0,-0.0,0.9110417192837492,228.15979080309307,3.5098001601434796,0.2
2715.4142249212214,3.50973927502166,0.0,-0.0,0.9110417192837492,228.83230357554112,3.5097944697676327,0.2
2716.0707253345677,3.5097339314998504,0.0,-0.0,0.9110417192837492,229.4888039888874,3.509788928961925,0.2
2716.741236581058,3.509728498006017,0.0,-0.0,0.9110417192837492,230.15931523537756,3.509783284208798,0.2
2717.411747827548,3.509723081647897,0.0,-0.0,0.9110417192837492,230.8298264818677,3.509777653849823,0.2
2718.0722512928096,3.5097177560767996,0.0,-0.0,0.9110417192837492,231.49032994712934,3.5097721215431426,0.2
2718.7407610133414,3.5097123894712947,0.0,-0.0,0.9110417192837492,232.15883966766114,3.5097665362838235,0.2
2719.409270733873,3.509707039576327,0.0,-0.0,0.9110417192837492,232.82734938819294,3.5097609651593586,0.2
2720.073777251052,3.5097017316027217,0.0,-0.0,0.9110417192837492,233.49185590537172,3.5097554413483993,0.2
2720.7402854456254,3.5096964306312106,0.0,-0.0,0.9110417192837492,234.15836409994517,3.5097499148161733,0.2
2721.406793640199,3.509691145962319,0.0,-0.0,0.9110417192837492,234.82487229451863,3.509744402168258,0.2
2722.075303209294,3.5096858552518464,0.0,-0.0,0.9110417192837492,235.49338186361365,3.50973888685972,0.2
2722.739809877909,3.509680618701468,0.0,-0.0,0.9110417192837492,236.15788853222875,3.509733418311292,0.2
2723.404316546524,3.5096753980605175,0.0,-0.0,0.9110417192837492,236.82239520084386,3.5097279634048397,0.2
2724.076829167536,3.5096701242937844,0.0,-0.0,0.9110417192837492,237.49490782185558,3.5097224566146186,0.2
2724.739334310193,3.5096649509929554,0.0,-0.0,0.9110417192837492,238.1574129645128,3.5097170453286575,0.2
2725.4018394528503,3.5096597932217093,0.0,-0.0,0.9110417192837492,238.81991810717,3.509711647450047,0.2
2726.078355125778,3.5096545360939837,0.0,-0.0,0.9110417192837492,239.49643378009796,3.509706149202475,0.2
2726.738858742477,3.5096494249088908,0.0,-0.0,0.9110417192837492,240.15693739679682,3.509700794478268,0.2
2727.399362359176,3.509644328886286,0.0,-0.0,0.9110417192837492,240.81744101349568,3.5096954529340274,0.2
2728.07988108402,3.5096390881087816,0.0,-0.0,0.9110417192837492,241.4979597383399,3.509689963261166,0.2
2728.7383831747607,3.509634037940738,0.0,-0.0,0.9110417192837492,242.1564618290804,3.509684664417366,0.2
2729.396885265501,3.509629002581347,0.0,-0.0,0.9110417192837492,242.8149639198209,3.509679378532961,0.2
2730.0814070422625,3.5096237778780917,0.0,-0.0,0.9110417192837492,243.49948569658227,3.5096738974739403,0.2
2730.7379076070447,3.509618787664138,0.0,-0.0,0.9110417192837492,244.15598626136443,3.50966865384741,0.2
2731.394408171827,3.509613811916805,0.0,-0.0,0.9110417192837492,244.8124868261466,3.5096634229661134,0.2
2732.0829330005045,3.5096086030252707,0.0,-0.0,0.9110417192837492,245.5010116548242,3.509657950566516,0.2
2732.7374320393287,3.509603671734136,0.0,-0.0,0.9110417192837492,246.15551069364847,3.5096527615112496,0.2
2733.391931078153,3.5095987545794403,0.0,-0.0,0.9110417192837492,246.81000973247274,3.5096475849930995,0.2
2734.084458958747,3.509593561250001,0.0,-0.0,0.9110417192837492,247.50253761306658,3.5096421213043856,0.2
2734.7369564716128,3.5095886878834603,0.0,-0.0,0.9110417192837492,248.1550351259325,3.5096369861905123,0.2
2735.3894539844787,3.5095838283334277,0.0,-0.0,0.9110417192837492,248.80753263879842,3.5096318634113386,0.2
2736.0859849169888,3.5095786503269437,0.0,-0.0,0.9110417192837492,249.5040635713085,3.5096264084903086,0.2
2736.7364809038963,3.5095738339160922,0.0,-0.0,0.9110417192837492,250.15455955821608,3.50962132670317,0.2
2737.386976890804,3.5095690310118153,0.0,-0.0,0.9110417192837492,250.80505554512365,3.509616257053695,0.2
2738.087510875231,3.5095638681015338,0.0,-0.0,0.9110417192837492,251.5055895295509,3.5096108109619903,0.2
2738.7360053361804,3.5095591077054697,0.0,-0.0,0.9110417192837492,252.1540839905001,3.509605781901278,0.2
2739.3844997971296,3.5095543605178774,0.0,-0.0,0.9110417192837492,252.80257845144934,3.509600764786283,0.2
2740.089036833473,3.5095492124877814,0.0,-0.0,0.9110417192837492,253.50711548779282,3.5095953275899197,0.2
2740.7355297684644,3.5095445071934406,0.0,-0.0,0.9110417192837492,254.15360842278415,3.509590350668881,0.2
2741.3820227034557,3.5095398148183996,0.0,-0.0,0.9110417192837492,254.80010135777547,3.5095853855064285,0.2
2742.090562791715,3.5095346814627586,0.0,-0.0,0.9110417192837492,255.50864144603474,3.509579957275361,0.2
2742.735054200748,3.5095300303841657,0.0,-0.0,0.9110417192837492,256.1531328550677,3.509575031920059,0.2
2743.379545609781,3.509525391943723,0.0,-0.0,0.9110417192837492,256.7976242641007,3.5095701181407746,0.2
2744.0920887499574,3.509520273065549,0.0,-0.0,0.9110417192837492,257.5101674042771,3.5095646989484943,0.2
2744.734578633032,3.509515675341415,0.0,-0.0,0.9110417192837492,258.15265728735176,3.50955982459712,0.2
2745.3770685161066,3.509511089983243,0.0,-0.0,0.9110417192837492,258.7951471704264,3.509554961643522,0.2
2746.0936147081993,3.5095059853954793,0.0,-0.0,0.9110417192837492,259.51169336251905,3.509549551566678,0.2
2746.7341030653156,3.5095014401875027,0.0,-0.0,0.9110417192837492,260.15218171963534,3.5095447276689136,0.2
2747.374591422432,3.5094969070830713,0.0,-0.0,0.9110417192837492,260.7926700767516,3.5095399149947952,0.2
2748.0951406664417,3.5094918166080076,0.0,-0.0,0.9110417192837492,261.51321932076144,3.5095345141128407,0.2
2748.7336274975996,3.5094873231020096,0.0,-0.0,0.9110417192837492,262.15170615191937,3.5095297401292678,0.2
2749.3721143287576,3.5094828414441332,0.0,-0.0,0.9110417192837492,262.7901929830773,3.5095249771991175,0.2
2750.0966666246836,3.509477764911602,0.0,-0.0,0.9110417192837492,263.51474527900336,3.5095195855939885,0.2
2750.7331519298837,3.5094733223151726,0.0,-0.0,0.9110417192837492,264.1512305842034,3.509514860995536,0.2
2751.3696372350837,3.5094688913193113,0.0,-0.0,0.9110417192837492,264.78771588940344,3.509510147284003,0.2
2752.098192582926,3.5094638285672803,0.0,-0.0,0.9110417192837492,265.51627123724575,3.5095047650398103,0.2
2752.7326763621677,3.509459436109262,0.0,-0.0,0.9110417192837492,266.15075501648744,3.5095000893072448,0.2
2753.3671601414094,3.5094550550115446,0.0,-0.0,0.9110417192837492,266.78523879572913,3.509495424298639,0.2
2754.099718541168,3.5094500058855758,0.0,-0.0,0.9110417192837492,267.5177971954877,3.509490051501389,0.2
2754.7322007944513,3.5094456628151027,0.0,-0.0,0.9110417192837492,268.150279448771,3.509485424124838,0.2
2755.3646830477346,3.509441330870728,0.0,-0.0,0.9110417192837492,268.78276170205436,3.5094808073126704,0.2
2756.10124449941,3.509436295224071,0.0,-0.0,0.9110417192837492,269.5193231537296,3.5094754440499973,0.2
2756.731725226735,3.509432000810205,0.0,-0.0,0.9110417192837492,270.1498038810546,3.5094708645285073,0.2
2757.36220595406,3.5094277172946873,0.0,-0.0,0.9110417192837492,270.7802846083796,3.5094662954150557,0.2
2758.1027704576522,3.50942269498586,0.0,-0.0,0.9110417192837492,271.520849111972,3.509460941775983,0.2
2758.7312496590193,3.5094184485152153,0.0,-0.0,0.9110417192837492,272.1493283133391,3.509456409617109,0.2
2759.3597288603864,3.5094142127232835,0.0,-0.0,0.9110417192837492,272.7778075147062,3.5094518877130185,0.2
2760.104296415894,3.509409203619943,0.0,-0.0,0.9110417192837492,273.5223750702139,3.509446543787728,0.2
2760.730774091303,3.5094050043971703,0.0,-0.0,0.9110417192837492,274.14885274562266,3.509442058507149,0.2
2761.3572517667117,3.5094008156386147,0.0,-0.0,0.9110417192837492,274.7753304210314,3.50943758333106,0.2
2762.1058223741366,3.5093958196122843,0.0,-0.0,0.9110417192837492,275.5239010284563,3.5094322492106844,0.2
2762.730298523587,3.5093916669606786,0.0,-0.0,0.9110417192837492,276.1483771779067,3.5094278103318497,0.2
2763.3547746730374,3.509387524564585,0.0,-0.0,0.9110417192837492,276.7728533273571,3.5094233814100475,0.2
2764.1073483323785,3.5093825414935482,0.0,-0.0,0.9110417192837492,277.5254269866982,3.5094180571864744,0.2
2764.7298229558705,3.509378434750877,0.0,-0.0,0.9110417192837492,278.1479016101903,3.5094136642402685,0.2
2765.3522975793626,3.509374338061626,0.0,-0.0,0.9110417192837492,278.7703762336823,3.5094092811063637,0.2
2766.108874290621,3.5093693678304105,0.0,-0.0,0.9110417192837492,279.5269529449406,3.5094039668720534,0.2
2766.729347388155,3.5093653063518357,0.0,-0.0,0.9110417192837492,280.14742604247476,3.5093996193964903,0.2
2767.349820485689,3.5093612547294795,0.0,-0.0,0.9110417192837492,280.7678991400089,3.509395281591114,0.2
2768.110400248863,3.509356297227356,0.0,-0.0,0.9110417192837492,281.52847890318253,3.5093899774389334,0.2
2768.7288718204386,3.5093522803834087,0.0,-0.0,0.9110417192837492,282.14695047475834,3.509385674978866,0.2
2769.3473433920144,3.509348273202769,0.0,-0.0,0.9110417192837492,282.76542204633415,3.509381382049392,0.2
2770.111926207105,3.5093433283244604,0.0,-0.0,0.9110417192837492,283.5300048614249,3.5093760880724583,0.2
2770.7283962527226,3.5093393554993324,0.0,-0.0,0.9110417192837492,284.1464749070424,3.5093718301793118,0.2
2771.34486629834,3.5093353921508332,0.0,-0.0,0.9110417192837492,284.76294495265984,3.509367581679591,0.2
2772.113452165347,3.50933045979542,0.0,-0.0,0.9110417192837492,285.53153081966684,3.509362297971129,0.2
2772.727920685006,3.5093265303878938,0.0,-0.0,0.9110417192837492,286.14599933932595,3.5093580842026486,0.2
2773.3423892046653,3.509322610275957,0.0,-0.0,0.9110417192837492,286.76046785898507,3.509353879692767,0.2
2774.114978123589,3.509317690347587,0.0,-0.0,0.9110417192837492,287.53305677790877,3.509348606345976,0.2
2774.7274451172902,3.5093138037703433,0.0,-0.0,0.9110417192837492,288.14552377161,3.5093444362659945,0.2
2775.3399121109915,3.5093099263115555,0.0,-0.0,0.9110417192837492,288.7579907653112,3.5093402753120437,0.2
2776.1165040818314,3.5093050187184853,0.0,-0.0,0.9110417192837492,289.53458273615115,3.509335012419975,0.2
2776.7269695495743,3.5093011743981815,0.0,-0.0,0.9110417192837492,290.145048203894,3.5093308855981924,0.2
2777.337435017317,3.5092973390228055,0.0,-0.0,0.9110417192837492,290.7555136716369,3.509326767772058,0.2
2778.1180300400733,3.5092924436777033,0.0,-0.0,0.9110417192837492,291.5361086943931,3.509321515427501,0.2
2778.726493981858,3.5092886410522963,0.0,-0.0,0.9110417192837492,292.1445726361776,3.509317431439283,0.2
2779.3349579236424,3.509284847203236,0.0,-0.0,0.9110417192837492,292.7530365779621,3.509313356318443,0.2
2780.1195559983157,3.5092799640229044,0.0,-0.0,0.9110417192837492,293.53763465263546,3.509308114613822,0.2
2780.726018414142,3.5092762025433233,0.0,-0.0,0.9110417192837492,294.14409706846163,3.509304073040007,0.2
2781.332480829968,3.509272449675275,0.0,-0.0,0.9110417192837492,294.7505594842878,3.509300040207347,0.2
2782.1210819565576,3.5092675785800944,0.0,-0.0,0.9110417192837492,295.5391606108774,3.5092948092346252,0.2
2782.7255428464255,3.5092638577088398,0.0,-0.0,0.9110417192837492,296.1436215007452,3.509290809661347,0.2
2783.3300037362933,3.509260145288553,0.0,-0.0,0.9110417192837492,296.74808239061304,3.509286818704984,0.2
2784.1226079148,3.5092552862029613,0.0,-0.0,0.9110417192837492,297.54068656911977,3.509281598555574,0.2
2784.72506727871,3.509251605413752,0.0,-0.0,0.9110417192837492,298.1431459330297,3.509277640574095,0.2
2785.32752664262,3.5092479329194566,0.0,-0.0,0.9110417192837492,298.74560529693963,3.5092736910872175,0.2
2786.124133873042,3.509243085770755,0.0,-0.0,0.9110417192837492,299.5422125273617,3.5092684818518998,0.2
2786.7245917109935,3.509239444548579,0.0,-0.0,0.9110417192837492,300.1426703653133,3.509264565058453,0.2
2787.325049548945,3.509235811468982,0.0,-0.0,0.9110417192837492,300.74312820326486,3.509260656639164,0.2
2788.1256598312843,3.509230976188011,0.0,-0.0,0.9110417192837492,301.5437384856041,3.509255458408015,0.2
2788.7241161432776,3.5092273740285975,0.0,-0.0,0.9110417192837492,302.1421947975973,3.509251582403658,0.2
2789.322572455271,3.5092237798628396,0.0,-0.0,0.9110417192837492,302.74065110959054,3.509247714654835,0.2
2790.1271857895263,3.5092189563834477,0.0,-0.0,0.9110417192837492,303.545264443846,3.509242527517156,0.2
2790.723640575561,3.509215392793039,0.0,-0.0,0.9110417192837492,304.1417192298809,3.509238691907634,0.2
2791.320095361596,3.509211837050019,0.0,-0.0,0.9110417192837492,304.7381740159158,3.5092348644367912,0.2
2792.128711747768,3.50920702530974,0.0,-0.0,0.9110417192837492,305.54679040208794,3.5092296884810477,0.2
2792.723165007845,3.5092034998039603,0.0,-0.0,0.9110417192837492,306.1412436621649,3.5092258928766635,0.2
2793.317618267922,3.5091999820035946,0.0,-0.0,0.9110417192837492,306.7356969222419,3.509222105295827,0.2
2794.1302377060106,3.509195181941939,0.0,-0.0,0.9110417192837492,307.5483163603303,3.509216940609591,0.2
2794.722689440129,3.509191694046132,0.0,-0.0,0.9110417192837492,308.14076809444896,3.5092131846250836,0.2
2795.315141174248,3.509188213716582,0.0,-0.0,0.9110417192837492,308.7332198285676,3.5092094365506727,0.2
2796.1317636642525,3.509183425276977,0.0,-0.0,0.9110417192837492,309.54984231857225,3.5092042832205714,0.2
2796.722213872413,3.5091799745253645,0.0,-0.0,0.9110417192837492,310.14029252673254,3.509200566475002,0.2
2797.312664080573,3.509176531205277,0.0,-0.0,0.9110417192837492,310.73074273489283,3.509196857527716,0.2
2798.133289622495,3.509171754332093,0.0,-0.0,0.9110417192837492,311.5513682768146,3.509191715639384,0.2
2798.721738304697,3.5091683402693157,0.0,-0.0,0.9110417192837492,312.13981695901657,3.5091880377560276,0.2
2799.3101869868988,3.5091649335048807,0.0,-0.0,0.9110417192837492,312.7282656412185,3.5091843675607435,0.2
2800.134815580737,3.5091601681458915,0.0,-0.0,0.9110417192837492,313.55289423505656,3.5091792371987798,0.2
2800.721262736981,3.5091567903245915,0.0,-0.0,0.9110417192837492,314.1393413913006,3.509175597805026,0.2
2801.307709893225,3.5091534196715717,0.0,-0.0,0.9110417192837492,314.72578854754465,3.5091719659906944,0.2
2802.136341538979,3.509148665776891,0.0,-0.0,0.9110417192837492,315.55442019329894,3.5091668472386255,0.2
2802.720787169265,3.5091453237576435,0.0,-0.0,0.9110417192837492,316.13886582358464,3.50916324596588,0.2
2803.3052327995506,3.5091419887801383,0.0,-0.0,0.9110417192837492,316.72331145387034,3.5091596521654362,0.2
2804.137867497221,3.509137246301923,0.0,-0.0,0.9110417192837492,317.55594615154087,3.5091545451056794,0.2
2804.7203116015485,3.5091339396541557,0.0,-0.0,0.9110417192837492,318.1383902558682,3.5091509815892765,0.2
2805.302755705876,3.5091306399233533,0.0,-0.0,0.9110417192837492,318.72083436019557,3.5091474254395485,0.2
2806.139393455463,3.509125908816605,0.0,-0.0,0.9110417192837492,319.5574721097828,3.5091423301533813,0.2
2806.719836033832,3.509122637116849,0.0,-0.0,0.9110417192837492,320.1379146881518,3.5091388040324967,0.2
2807.300278612201,3.5091193722131067,0.0,-0.0,0.9110417192837492,320.7183572665208,3.509135285174125,0.2
2808.1409194137054,3.5091146524341195,0.0,-0.0,0.9110417192837492,321.5589980680252,3.5091302017416575,0.2
2808.719360466116,3.5091114152678515,0.0,-0.0,0.9110417192837492,322.13743912043583,3.5091267126592296,0.2
2809.2978015185267,3.509108184778424,0.0,-0.0,0.9110417192837492,322.7158801728465,3.509123230736584,0.2
2810.1424453719474,3.509103476285339,0.0,-0.0,0.9110417192837492,323.5605240262671,3.509118159236733,0.2
2810.7188848984,3.509100273244231,0.0,-0.0,0.9110417192837492,324.13696355271986,3.5091147068393846,0.2
2811.295324424853,3.509097076764433,0.0,-0.0,0.9110417192837492,324.7134030791726,3.5091112615004936,0.2
2812.1439713301897,3.5090923795171656,0.0,-0.0,0.9110417192837492,325.5620499845095,3.5091062020109627,0.2
2812.718409330684,3.5090892102019593,0.0,-0.0,0.9110417192837492,326.1364879850039,3.5091027859489308,0.2
2813.2928473311786,3.509086047333282,0.0,-0.0,0.9110417192837492,326.7109259854983,3.5090993768454064,0.2
2814.1454972884317,3.5090813612942666,0.0,-0.0,0.9110417192837492,327.5635759427514,3.5090943294426644,0.2
2814.7179337629677,3.5090782253102875,0.0,-0.0,0.9110417192837492,328.1360124172875,3.5090909493697287,0.2
2815.290370237504,3.509075095661748,0.0,-0.0,0.9110417192837492,328.70844889182354,3.5090875761567033,0.2
2816.147023246674,3.5090704207950183,0.0,-0.0,0.9110417192837492,329.5651019009938,3.509082540915969,0.2
2816.7174581952518,3.509067317756399,0.0,-0.0,0.9110417192837492,330.1355368495715,3.509079196489389,0.2
2817.2878931438295,3.5090642209443033,0.0,-0.0,0.9110417192837492,330.7059717981492,3.5090758588254483,0.2
2818.148549204916,3.509059557214238,0.0,-0.0,0.9110417192837492,331.5666278592357,3.5090708358206744,0.2
2818.716982627536,3.5090564867412946,0.0,-0.0,0.9110417192837492,332.13506128185554,3.5090675267011266,0.2
2819.2854160501556,3.5090534223871046,0.0,-0.0,0.9110417192837492,332.70349470447536,3.509064224248249,0.2
2820.1500751631584,3.5090487697612875,0.0,-0.0,0.9110417192837492,333.5681538174781,3.509059213552111,0.2
2820.71650705982,3.509045731479973,0.0,-0.0,0.9110417192837492,334.1345857141396,3.5090559394036305,0.2
2821.2829389564813,3.5090426992132464,0.0,-0.0,0.9110417192837492,334.70101761080105,3.509052671827129,0.2
2822.1516011214003,3.5090380576595277,0.0,-0.0,0.9110417192837492,335.56967977572003,3.509047673511015,0.2
2822.7160314921034,3.5090350512026993,0.0,-0.0,0.9110417192837492,336.13411014642315,3.509044434000938,0.2
2823.2804618628065,3.509032050658031,0.0,-0.0,0.9110417192837492,336.6985405171263,3.5090412009694063,0.2
2824.153127079642,3.5090274201468388,0.0,-0.0,0.9110417192837492,337.57120573396196,3.5090362151034085,0.2
2824.715555924387,3.509024445154072,0.0,-0.0,0.9110417192837492,338.13363457870673,3.509033009902318,0.2
2825.2779847691318,3.5090214759722267,0.0,-0.0,0.9110417192837492,338.6960634234515,3.509029811087576,0.2
2826.1546530378846,3.5090168564737447,0.0,-0.0,0.9110417192837492,339.57273169220434,3.5090248377404816,0.2
2826.7150803566715,3.5090139125894013,0.0,-0.0,0.9110417192837492,340.1331590109912,3.50902166652216,0.2
2827.2755076754584,3.5090109744182194,0.0,-0.0,0.9110417192837492,340.6935863297781,3.509018501599203,0.2
2828.1561789961265,3.5090063659043658,0.0,-0.0,0.9110417192837492,341.57425765044627,3.5090135408384913,0.2
2828.714604788955,3.5090034527799716,0.0,-0.0,0.9110417192837492,342.1326834432748,3.509010403279866,0.2
2829.2730305817836,3.5090005452714963,0.0,-0.0,0.9110417192837492,342.69110923610333,3.5090072719268175,0.2
2830.157704954369,3.508995947715661,0.0,-0.0,0.9110417192837492,343.57578360868865,3.5090023238186574,0.2
2830.714129221239,3.508993065007277,0.0,-0.0,0.9110417192837492,344.13220787555883,3.508999219599756,0.2
2831.2705534881093,3.508990187820272,0.0,-0.0,0.9110417192837492,344.688632142429,3.508996121497821,0.2
2832.159230912611,3.508985601197354,0.0,-0.0,0.9110417192837492,345.5773095669306,3.5089911861070644,0.2
2832.7136536535227,3.5089827485665754,0.0,-0.0,0.9110417192837492,346.1317323078424,3.508988114910971,0.2
2833.2680763944345,3.5089799013642775,0.0,-0.0,0.9110417192837492,346.68615504875424,3.5089850497443904,0.2
2834.160756870853,3.5089753256495557,0.0,-0.0,0.9110417192837492,347.57883552517296,3.5089801271345755,0.2
2834.713178085807,3.5089725027642125,0.0,-0.0,0.9110417192837492,348.1312567401269,3.508977088647385,0.2
2835.265599300761,3.508969685215634,0.0,-0.0,0.9110417192837492,348.68367795508084,3.508974056103395,0.2
2836.162282829095,3.5089651203860157,0.0,-0.0,0.9110417192837492,349.5803614834149,3.5089691463367423,0.2
2836.7127025180907,3.5089623269176347,0.0,-0.0,0.9110417192837492,350.1307811724105,3.50896614024752,0.2
2837.2631222070863,3.5089595386975434,0.0,-0.0,0.9110417192837492,350.68120086140607,3.5089631400163093,0.2
2838.1638087873375,3.508954984730154,0.0,-0.0,0.9110417192837492,351.5818874416573,3.508958243153726,0.2
2838.7122269503748,3.5089522203569423,0.0,-0.0,0.9110417192837492,352.1303056046945,3.508955269154466,0.2
2839.260645113412,3.5089494611445238,0.0,-0.0,0.9110417192837492,352.67872376773175,3.5089523009291366,0.2
2840.1653347455795,3.5089449180182823,0.0,-0.0,0.9110417192837492,353.5834133998992,3.5089474170302175,0.2
2840.7117513826583,3.5089421824223574,0.0,-0.0,0.9110417192837492,354.1298300369781,3.508944474815807,0.2
2841.2581680197372,3.5089394519008894,0.0,-0.0,0.9110417192837492,354.676246674057,3.508941538292335,0.2
2842.1668607038214,3.508934919595095,0.0,-0.0,0.9110417192837492,355.5849393581411,3.5089366674153655,0.2
2842.711275814942,3.508932212464222,0.0,-0.0,0.9110417192837492,356.12935446926167,3.508933756683544,0.2
2843.2556909260625,3.5089295103230613,0.0,-0.0,0.9110417192837492,356.6737695803822,3.508930851560745,0.2
2844.1683866620638,3.5089249888178293,0.0,-0.0,0.9110417192837492,357.5864653163835,3.5089259937627046,0.2
2844.7108002472264,3.5089223098441247,0.0,-0.0,0.9110417192837492,358.12887890154616,3.508923114214031,0.2
2845.253213832389,3.508919635777189,0.0,-0.0,0.9110417192837492,358.6712924867088,3.5089202401935218,0.2
2846.1699126203057,3.5089151250532726,0.0,-0.0,0.9110417192837492,359.58799127462544,3.5089153955300905,0.2
2846.71032467951,3.5089124739326443,0.0,-0.0,0.9110417192837492,360.12840333382974,3.508912546867905,0.2
2847.2507367387143,3.508909827638724,0.0,-0.0,0.9110417192837492,360.66881539303404,3.5089097036540724,0.2
2848.171438578548,3.508905327677243,0.0,-0.0,0.9110417192837492,361.5895172328678,3.5089048721796336,0.2
2848.709849111794,3.508902704111873,0.0,-0.0,0.9110417192837492,362.12792776611377,3.508902054110027,0.2
2849.24825964504,3.5089000852922125,0.0,-0.0,0.9110417192837492,362.6663382993597,3.5088992414099907,0.2
2850.17296453679,3.5088955960769583,0.0,-0.0,0.9110417192837492,363.59104319110975,3.508894423177639,0.2
2850.7093735440776,3.5088929997716285,0.0,-0.0,0.9110417192837492,364.12745219839735,3.508891635409418,0.2
2851.245782551365,3.5088904081337446,0.0,-0.0,0.9110417192837492,364.66386120568495,3.5088888529330022,0.2
2852.1744904950324,3.5088859296474095,0.0,-0.0,0.9110417192837492,365.59256914935213,3.50888404799455,0.2
2852.708897976362,3.5088833603117973,0.0,-0.0,0.9110417192837492,366.12697663068184,3.5088812902392066,0.2
2853.243305457692,3.5088807955675145,0.0,-0.0,0.9110417192837492,366.66138411201155,3.5088785376989042,0.2
2854.1760164532743,3.508876327792964,0.0,-0.0,0.9110417192837492,367.59409510759406,3.5088737461048876,0.2
2854.7084224086457,3.5088737851421543,0.0,-0.0,0.9110417192837492,368.1265010629654,3.5088710180765683,0.2
2855.240828364017,3.5088712470061374,0.0,-0.0,0.9110417192837492,368.6589070183368,3.5088682951875145,0.2
2856.1775424115162,3.5088667899295625,0.0,-0.0,0.9110417192837492,369.595621065836,3.5088635169872036,0.2
2856.7079468409293,3.5088642736801043,0.0,-0.0,0.9110417192837492,370.126025495249,3.508860818402677,0.2
2857.2383512703423,3.508861761871866,0.0,-0.0,0.9110417192837492,370.656429924662,3.508858124882619,0.2
2858.1790683697586,3.508857315476913,0.0,-0.0,0.9110417192837492,371.59714702407837,3.5088533601240224,0.2
2858.7074712732133,3.5088548253523983,0.0,-0.0,0.9110417192837492,372.12554992753303,3.5088506907026535,0.2
2859.235874176668,3.5088523395954025,0.0,-0.0,0.9110417192837492,372.6539528309877,3.508848026271919,0.2
2860.1805943280006,3.508847903868017,0.0,-0.0,0.9110417192837492,373.5986729823203,3.5088432750017966,0.2
2860.7069957054973,3.508845439593717,0.0,-0.0,0.9110417192837492,374.12507435981706,3.5088406344655168,0.2
2861.233397082994,3.508842979615656,0.0,-0.0,0.9110417192837492,374.65147573731383,3.508837998846987,0.2
2862.182120286243,3.508838554541392,0.0,-0.0,0.9110417192837492,375.6001989405627,3.508833261110856,0.2
2862.7065201377814,3.508836115847129,0.0,-0.0,0.9110417192837492,376.1245987921011,3.508830649184136,0.2
2863.23091998932,3.5088336813793832,0.0,-0.0,0.9110417192837492,376.6489986436395,3.50882804210322,0.2
2864.183646244485,3.508829266944704,0.0,-0.0,0.9110417192837492,377.6017248988046,3.508823317945366,0.2
2864.706044570065,3.508826853564549,0.0,-0.0,0.9110417192837492,378.1241232243847,3.508820734355187,0.2
2865.228442895645,3.5088244443410304,0.0,-0.0,0.9110417192837492,378.64652154996475,3.5088181555397937,0.2
2866.1851722027272,3.508820040533195,0.0,-0.0,0.9110417192837492,379.603250857047,3.5088134450032786,0.2
2866.705569002349,3.5088176522039936,0.0,-0.0,0.9110417192837492,380.1236476566687,3.508810889479108,0.2
2867.2259658019707,3.5088152679639695,0.0,-0.0,0.9110417192837492,380.64404445629043,3.5088083386596196,0.2
2868.186698160969,3.5088108747700466,0.0,-0.0,0.9110417192837492,381.6047768152889,3.508803641786294,0.2
2868.705093434633,3.5088085112329592,0.0,-0.0,0.9110417192837492,382.12317208895274,3.5088011140600592,0.2
2869.223488708297,3.508806151717907,0.0,-0.0,0.9110417192837492,382.64156736261657,3.5087985909693056,0.2
2870.1882241192116,3.508801769126516,0.0,-0.0,0.9110417192837492,383.6063027735313,3.5087939077998165,0.2
2870.704617866917,3.508799430125368,0.0,-0.0,0.9110417192837492,384.1226965212368,3.5087914076058793,0.2
2871.2210116146225,3.508797095080906,0.0,-0.0,0.9110417192837492,384.63909026894225,3.5087889119791145,0.2
2872.1897500774535,3.5087927230792912,0.0,-0.0,0.9110417192837492,385.6078287317732,3.508784242552917,0.2
2872.7041422992006,3.5087904083620334,0.0,-0.0,0.9110417192837492,386.12222095352035,3.5087817696280497,0.2
2873.2185345209477,3.508788097537675,0.0,-0.0,0.9110417192837492,386.6366131752675,3.5087793012029254,0.2
2874.1912760356954,3.5087837361144265,0.0,-0.0,0.9110417192837492,387.60935469001515,3.508774645558295,0.2
2874.703666731484,3.508781445432457,0.0,-0.0,0.9110417192837492,388.12174538580393,3.5087721996416534,0.2
2875.216057427273,3.5087791585800217,0.0,-0.0,0.9110417192837492,388.6341360815927,3.508769758158197,0.2
2876.192801993938,3.508774807724819,0.0,-0.0,0.9110417192837492,389.61088064825753,3.5087651163322375,0.2
2876.703191163768,3.5087725408325343,0.0,-0.0,0.9110417192837492,390.12126981808797,3.50876269716534,0.2
2877.2135803335987,3.508770277707688,0.0,-0.0,0.9110417192837492,390.6316589879184,3.5087602823659303,0.2
2878.1943279521797,3.508765937408393,0.0,-0.0,0.9110417192837492,391.61240660649946,3.508755654394586,0.2
2878.7027155960523,3.5087636940635765,0.0,-0.0,0.9110417192837492,392.120794250372,3.5087532617212913,0.2
2879.211103239925,3.5087614544248904,0.0,-0.0,0.9110417192837492,392.62918189424454,3.5087508733506336,0.2
2880.195853910422,3.5087571246715874,0.0,-0.0,0.9110417192837492,393.61393256474184,3.508746259268702,0.2
2880.7022400283363,3.508754904635514,0.0,-0.0,0.9110417192837492,394.12031868265603,3.5087438928351835,0.2
2881.2086261462505,3.508752688244348,0.0,-0.0,0.9110417192837492,394.6267048005702,3.508741530640289,0.2
2882.197379868664,3.5087483690278103,0.0,-0.0,0.9110417192837492,395.6154585229838,3.5087369304814295,0.2
2882.70176446062,3.5087461720630975,0.0,-0.0,0.9110417192837492,396.1198431149396,3.5087345900361537,0.2
2883.2061490525757,3.5087439786848087,0.0,-0.0,0.9110417192837492,396.62422770689545,3.5087322537663184,0.2
2884.1989058269064,3.5087396699946236,0.0,-0.0,0.9110417192837492,397.61698448122615,3.508727667563065,0.2
2884.701288892904,3.5087374958693296,0.0,-0.0,0.9110417192837492,398.11936754722365,3.5087253528567706,0.2
2885.2036719589014,3.5087353252721925,0.0,-0.0,0.9110417192837492,398.62175061322114,3.5087230422635507,0.2
2886.2004317851483,3.5087310270974115,0.0,-0.0,0.9110417192837492,399.6185104394681,3.508718470047324,0.2
2886.700813325188,3.5087288755813333,0.0,-0.0,0.9110417192837492,400.1188919795077,3.508716180832998,0.2
2887.2011948652275,3.508726727535988,0.0,-0.0,0.9110417192837492,400.6192735195473,3.5087138956701898,0.2
2888.2019577433907,3.508722439868232,0.0,-0.0,0.9110417192837492,401.62003639771046,3.5087093374713083,0.2
2888.700337757472,3.508720310733673,0.0,-0.0,0.9110417192837492,402.1184164117917,3.508707073504168,0.2
2889.198717771553,3.5087181850144056,0.0,-0.0,0.9110417192837492,402.61679642587296,3.508704813527785,0.2
2890.1954777997157,3.50871394186053,0.0,-0.0,0.9110417192837492,403.61355645403546,3.508700305519109,0.2
2890.2034837016326,3.5087139078209315,0.0,-0.0,0.9110417192837492,403.6215623559524,3.5087002693754763,0.2
2890.6998621897555,3.5087118008445173,0.0,-0.0,0.9110417192837492,404.1179408440753,3.5086980304129445,0.2
2891.1962406778784,3.508709697227491,0.0,-0.0,0.9110417192837492,404.6143193321982,3.508695795381201,0.2
2892.1889976541243,3.5087054981449635,0.0,-0.0,0.9110417192837492,405.607076308444,3.5086913370824306,0.2
2892.2050096598746,3.5087054304994663,0.0,-0.0,0.9110417192837492,405.6230883141943,3.5086912653036126,0.2
2892.699386622039,3.508703345459243,0.0,-0.0,0.9110417192837492,406.11746527635887,3.5086890511053004,0.2
2893.1937635842037,3.508701263724416,0.0,-0.0,0.9110417192837492,406.6118422385234,3.5086868407785863,0.2
2894.1825175085332,3.508697108273512,0.0,-0.0,0.9110417192837492,407.600596162853,3.5086824317128307,0.2
2894.206535618117,3.508697007453952,0.0,-0.0,0.9110417192837492,407.6246142724367,3.5086823248027996,0.2
2894.6989110543236,3.5086949441314337,0.0,-0.0,0.9110417192837492,408.11698970864336,3.5086801351304846,0.2
2895.1912864905303,3.5086928840605003,0.0,-0.0,0.9110417192837492,408.60936514485,3.5086779492713456,0.2
2896.176037362943,3.5086887718084436,0.0,-0.0,0.9110417192837492,409.5941160172629,3.508673588966001,0.2
2896.208061576359,3.5086886382396107,0.0,-0.0,0.9110417192837492,409.62614023067863,3.5086734474233863,0.2
2896.698435486607,3.508686596418697,0.0,-0.0,0.9110417192837492,410.11651414092694,3.508671282040991,0.2
2897.1888093968555,3.5086845577970402,0.0,-0.0,0.9110417192837492,410.60688805117525,3.508669120414113,0.2
2898.169557217352,3.5086804883152185,0.0,-0.0,0.9110417192837492,411.58763587167186,3.508664808400822,0.2
2898.2095875346013,3.5086803224176504,0.0,-0.0,0.9110417192837492,411.627666188921,3.5086646327189626,0.2
2898.6979599188912,3.5086783018850927,0.0,-0.0,0.9110417192837492,412.116038573211,3.5086624913925384,0.2
2899.186332303181,3.5086762845001944,0.0,-0.0,0.9110417192837492,412.60441095750093,3.5086603537647223,0.2
2900.163077071761,3.5086722573666713,0.0,-0.0,0.9110417192837492,413.58115572608085,3.5086560895793353,0.2
2900.211113492843,3.5086720595541996,0.0,-0.0,0.9110417192837492,413.62919214716294,3.50865588024633,0.2
2900.697484351175,3.508670060099951,0.0,-0.0,0.9110417192837492,414.11556300549455,3.508653762744034,0.2
2901.1838552095064,3.5086680637415064,0.0,-0.0,0.9110417192837492,414.60193386382616,3.508651648884181,0.2
2902.15659692617,3.508664078539181,0.0,-0.0,0.9110417192837492,415.57467558048984,3.5086474320667187,0.2
2902.2126394510856,3.5086638492213114,0.0,-0.0,0.9110417192837492,415.6307181054053,3.5086471895654765,0.2
2902.6970087834593,3.5086618706367116,0.0,-0.0,0.9110417192837492,416.11508743777904,3.5086450956575534,0.2
2903.181378115833,3.508659895098628,0.0,-0.0,0.9110417192837492,416.59945677015276,3.508643005336643,0.2
2904.15011678058,3.508655951413063,0.0,-0.0,0.9110417192837492,417.56819543489974,3.508638835431258,0.2
2904.2141654093275,3.5086556909967443,0.0,-0.0,0.9110417192837492,417.63224406364725,3.5086385602395462,0.2
2904.696533215743,3.508653733076347,0.0,-0.0,0.9110417192837492,418.1146118700626,3.5086364896983104,0.2
2905.1789010221582,3.5086517781523447,0.0,-0.0,0.9110417192837492,418.596979676478,3.5086344226893824,0.2
2906.143636634989,3.508647875577636,0.0,-0.0,0.9110417192837492,419.5617152893087,3.5086302992443223,0.2
2906.21569136757,3.5086475844616984,0.0,-0.0,0.9110417192837492,419.63377002188963,3.5086299918348174,0.2
2906.696057648027,3.508645647002163,0.0,-0.0,0.9110417192837492,420.11413630234665,3.508627944434634,0.2
2907.176423928484,3.508643712491163,0.0,-0.0,0.9110417192837492,420.59450258280367,3.508625900512769,0.2
2908.137156489398,3.508639850623185,0.0,-0.0,0.9110417192837492,421.5552351437177,3.5086218230803397,0.2
2908.217217325812,3.5086395292031396,0.0,-0.0,0.9110417192837492,421.63529598013156,3.5086214839206757,0.2
2908.6955820803105,3.5086376120044602,0.0,-0.0,0.9110417192837492,422.11366073463023,3.508619459437941,0.2
2909.173946834809,3.5086356977059747,0.0,-0.0,0.9110417192837492,422.5920254891289,3.5086174383802438,0.2
2910.1306763438065,3.508631876147608,0.0,-0.0,0.9110417192837492,423.54875499812624,3.508613406516771,0.2
2910.2187432840537,3.5086315248150086,0.0,-0.0,0.9110417192837492,423.6368219383735,3.508613036069587,0.2
2910.695106512594,3.508629627677794,0.0,-0.0,0.9110417192837492,424.1131851669138,3.5086110342827106,0.2
2911.1714697411344,3.5086277333936406,0.0,-0.0,0.9110417192837492,424.58954839545413,3.5086090358682918,0.2
2912.1241961982155,3.508623951752223,0.0,-0.0,0.9110417192837492,425.54227485253523,3.5086050491340868,0.2
2912.220269242296,3.508623570891859,0.0,-0.0,0.9110417192837492,425.63834789661587,3.5086046478570743,0.2
2912.6946309448786,3.5086216936202614,0.0,-0.0,0.9110417192837492,426.1127095991983,3.508602668546461,0.2
2913.168992647461,3.508619819157065,0.0,-0.0,0.9110417192837492,426.5870713017807,3.5086006925564175,0.2
2914.1177160526254,3.508616077041819,0.0,-0.0,0.9110417192837492,427.5357947069451,3.508596750515742,0.2
2914.221795200538,3.508615667036663,0.0,-0.0,0.9110417192837492,427.6398738548578,3.5085963188616938,0.2
2914.694155377162,3.5086138094373687,0.0,-0.0,0.9110417192837492,428.1122340314819,3.508594361809727,0.2
2915.166515553786,3.508611954600613,0.0,-0.0,0.9110417192837492,428.58459420810595,3.5085924080271242,0.2
2916.1112359070344,3.5086082516290773,0.0,-0.0,0.9110417192837492,429.5293145613541,3.508588510248155,0.2
2916.2233211587804,3.5086078128549256,0.0,-0.0,0.9110417192837492,429.6413998131002,3.50858804866501,0.2
2916.693679809446,3.5086059747373133,0.0,-0.0,0.9110417192837492,430.1117584637659,3.508586113656032,0.2
2917.164038460112,3.5086041393360126,0.0,-0.0,0.9110417192837492,430.58211711443164,3.5085841818658885,0.2
2918.1047557614434,3.5086004751293625,0.0,-0.0,0.9110417192837492,431.5228344157631,3.50858032792068,0.2
2918.2248471170224,3.5086000079578348,0.0,-0.0,0.9110417192837492,431.6429257713421,3.508579836851571,0.2
2918.6932042417297,3.508598189132823,0.0,-0.0,0.9110417192837492,432.1112828960495,3.5085779236718673,0.2
2919.161561366437,3.5085963729786185,0.0,-0.0,0.9110417192837492,432.57964002075687,3.508576013661137,0.2
2920.0982756158523,3.5085927471619085,0.0,-0.0,0.9110417192837492,433.5163542701721,3.5085722031255906,0.2
2920.2263730752647,3.5085922519613946,0.0,-0.0,0.9110417192837492,433.6444517295845,3.5085716830088876,0.2
2920.6927286740142,3.5085904522400906,0.0,-0.0,0.9110417192837492,434.110807328334,3.508569791446669,0.2
2921.1590842727637,3.508588655148361,0.0,-0.0,0.9110417192837492,434.57716292708346,3.5085679030042214,0.2
2922.0917954702622,3.5085850673474335,0.0,-0.0,0.9110417192837492,435.509874124582,3.50856413545805,0.2
2922.2278990335067,3.508584544484477,0.0,-0.0,0.9110417192837492,435.6459776878264,3.508563586727409,0.2
2922.692253106298,3.5085827636827416,0.0,-0.0,0.9110417192837492,436.11033176061756,3.5085617165727947,0.2
2923.156607179089,3.5085809854682473,0.0,-0.0,0.9110417192837492,436.5746858334087,3.5085598494894006,0.2
2924.0853153246712,3.50857743531786,0.0,-0.0,0.9110417192837492,437.50339397899097,3.508556124516094,0.2
2924.2294249917486,3.50857688515097,0.0,-0.0,0.9110417192837492,437.64750364606834,3.5085555476005,0.2
2924.6917775385814,3.5085751230865267,0.0,-0.0,0.9110417192837492,438.10985619290113,3.5085536986454993,0.2
2925.154130085414,3.5085733635670167,0.0,-0.0,0.9110417192837492,438.5722087397339,3.508551852713813,0.2
2926.0788351790798,3.508569850705533,0.0,-0.0,0.9110417192837492,439.4969138333995,3.5085481699006067,0.2
2926.230950949991,3.5085692735894023,0.0,-0.0,0.9110417192837492,439.6490296043107,3.5085475652244185,0.2
2926.6913019708654,3.508567530082035,0.0,-0.0,0.9110417192837492,440.10938062518517,3.5085457372629163,0.2
2927.15165299174,3.508565789077402,0.0,-0.0,0.9110417192837492,440.5697316460596,3.50854391227746,0.2
2928.072355033489,3.508562313146328,0.0,-0.0,0.9110417192837492,441.49043368780895,3.5085402712153,0.2
2928.232476908233,3.5085617094320827,0.0,-0.0,0.9110417192837492,441.65055556255265,3.5085396391982937,0.2
2928.6908264031495,3.508559984302401,0.0,-0.0,0.9110417192837492,442.1089050574692,3.508537832026034,0.2
2929.149175898066,3.5085582616351187,0.0,-0.0,0.9110417192837492,442.56725455238575,3.5085360277831796,0.2
2930.0658748878986,3.508554822279765,0.0,-0.0,0.9110417192837492,443.4839535422184,3.508532428066691,0.2
2930.2340028664753,3.5085541923153976,0.0,-0.0,0.9110417192837492,443.65208152079504,3.508531769124105,0.2
2930.6903508354335,3.508552485387062,0.0,-0.0,0.9110417192837492,444.10842948975323,3.508529982538672,0.2
2931.1466988043917,3.508550780881463,0.0,-0.0,0.9110417192837492,444.56477745871143,3.508528198836627,0.2
2932.059394742308,3.5085473777502267,0.0,-0.0,0.9110417192837492,445.47747339662783,3.508524640064082,0.2
2932.235528824717,3.5085467218796236,0.0,-0.0,0.9110417192837492,445.65360747903696,3.5085239546066593,0.2
2932.689875267717,3.5085450329784074,0.0,-0.0,0.9110417192837492,446.1079539220368,3.5085221884074644,0.2
2933.144221710717,3.5085433464601357,0.0,-0.0,0.9110417192837492,446.56230036503666,3.5085204250462527,0.2
2934.0529145967166,3.508539979208421,0.0,-0.0,0.9110417192837492,447.47099325103636,3.508516906819539,0.2
2934.2370547829596,3.508539297769918,0.0,-0.0,0.9110417192837492,447.65513343727935,3.508516195253571,0.2
2934.689399700001,3.5085376267227795,0.0,-0.0,0.9110417192837492,448.10747835432085,3.508514449241833,0.2
2935.1417446170426,3.508535958019622,0.0,-0.0,0.9110417192837492,448.55982327136235,3.5085127060232835,0.2
2936.046434451126,3.508532626304561,0.0,-0.0,0.9110417192837492,449.4645131054458,3.508509227947871,0.2
2936.2385807412015,3.5085319196344074,0.0,-0.0,0.9110417192837492,449.6566593955213,3.5085084906752377,0.2
2936.688924132285,3.5085302662702276,0.0,-0.0,0.9110417192837492,450.1070027866049,3.5085067646539723,0.2
2937.1392675233687,3.508528615212255,0.0,-0.0,0.9110417192837492,450.5573461776885,3.5085050413816985,0.2
2938.0399543055355,3.5085253186948844,0.0,-0.0,0.9110417192837492,451.45803295985525,3.508501603066609,0.2
2938.240106699444,3.5085245871242505,0.0,-0.0,0.9110417192837492,451.65818535376366,3.5085008404848255,0.2
2938.688448564569,3.50852295127533,0.0,-0.0,0.9110417192837492,452.1065272188889,3.508499134258824,0.2
2939.1367904296944,3.508521317694113,0.0,-0.0,0.9110417192837492,452.5548690840142,3.508497430738211,0.2
2940.0334741599445,3.5085180560391938,0.0,-0.0,0.9110417192837492,453.45155281426423,3.5084940317959883,0.2
2940.241632657686,3.508517299896754,0.0,-0.0,0.9110417192837492,453.6597113120056,3.508493244298242,0.2
2940.6879729968527,3.508515681394664,0.0,-0.0,0.9110417192837492,454.1060516511725,3.5084915576740596,0.2
2941.1343133360197,3.5085140651246025,0.0,-0.0,0.9110417192837492,454.5523919903394,3.5084898737122474,0.2
2942.0269940143535,3.508510837999716,0.0,-0.0,0.9110417192837492,455.4450726686732,3.5084865137589247,0.2
2942.2431586159278,3.5085100576100867,0.0,-0.0,0.9110417192837492,455.6612372702475,3.5084857017341196,0.2
2942.6874974291363,3.5085084562912012,0.0,-0.0,0.9110417192837492,456.10557608345607,3.5084840345200576,0.2
2943.131836242345,3.5085068571659606,0.0,-0.0,0.9110417192837492,456.54991489666463,3.508482369925928,0.2
2944.020513868762,3.508503664246509,0.0,-0.0,0.9110417192837492,457.43859252308175,3.5084790485809996,0.2
2944.24468457417,3.5085028599281873,0.0,-0.0,0.9110417192837492,457.6627632284899,3.508478212413794,0.2
2944.6870218614204,3.5085012756284994,0.0,-0.0,0.9110417192837492,458.1051005157401,3.5084765644198868,0.2
2945.1293591486706,3.508499693486532,0.0,-0.0,0.9110417192837492,458.5474378029903,3.5084749190040463,0.2
2946.0140337231715,3.5084965344456975,0.0,-0.0,0.9110417192837492,459.4321123774912,3.5084716358904338,0.2
2946.246210532412,3.508495706517457,0.0,-0.0,0.9110417192837492,459.6642891867318,3.5084707759612854,0.2
2946.6865462937044,3.508494139074937,0.0,-0.0,0.9110417192837492,460.10462494802414,3.5084691469992837,0.2
2947.1268820549967,3.5084925737557606,0.0,-0.0,0.9110417192837492,460.54496070931646,3.508467520574048,0.2
2948.007553577581,3.508489448272921,0.0,-0.0,0.9110417192837492,461.42563223190064,3.5084642753180755,0.2
2948.2477364906545,3.50848859704839,0.0,-0.0,0.9110417192837492,461.6658151449742,3.508463392003278,0.2
2948.6860707259884,3.5084870463032956,0.0,-0.0,0.9110417192837492,462.1041493803082,3.508461781886634,0.2
2949.1244049613224,3.508485497646997,0.0,-0.0,0.9110417192837492,462.54248361564214,3.508460174266015,0.2
2950.0010734319903,3.5084824054053296,0.0,-0.0,0.9110417192837492,463.4191520863101,3.508456966497376,0.2
2950.2492624488964,3.5084815311941258,0.0,-0.0,0.9110417192837492,463.66734110321613,3.5084560601691,0.2
2950.685595158272,3.5084799969888225,0.0,-0.0,0.9110417192837492,464.10367381259175,3.5084544687129537,0.2
2951.1219278676476,3.5084784648379532,0.0,-0.0,0.9110417192837492,464.54000652196737,3.508452879712643,0.2
2951.994593286399,3.508475405523348,0.0,-0.0,0.9110417192837492,465.4126719407186,3.5084497090643727,0.2
2952.2507884071388,3.5084745086323075,0.0,-0.0,0.9110417192837492,465.6688670614585,3.508448780090706,0.2
2952.685119590556,3.508472990810569,0.0,-0.0,0.9110417192837492,466.1031982448758,3.5084472071118684,0.2
2953.1194507739733,3.5084714750088715,0.0,-0.0,0.9110417192837492,466.53752942829306,3.5084456365492236,0.2
2953.9881131408083,3.5084684483118993,0.0,-0.0,0.9110417192837492,467.40619179512805,3.5084425026576693,0.2
2954.2523143653807,3.5084675290427914,0.0,-0.0,0.9110417192837492,467.67039301970044,3.5084415514026546,0.2
2954.68464402284,3.5084660274497113,0.0,-0.0,0.9110417192837492,468.1027226771598,3.5084399967195963,0.2
2955.1169736802995,3.5084645278430573,0.0,-0.0,0.9110417192837492,468.5350523346192,3.508438444413627,0.2
2955.9816329952178,3.5084615334560647,0.0,-0.0,0.9110417192837492,469.3997116495375,3.5084353469184184,0.2
2956.253840323623,3.5084605921092296,0.0,-0.0,0.9110417192837492,469.6719189779428,3.508434373742093,0.2
2956.684168455124,3.508459106591922,0.0,-0.0,0.9110417192837492,470.10224710944385,3.508432837174928,0.2
2957.114496586625,3.508457623028333,0.0,-0.0,0.9110417192837492,470.5325752409449,3.50843130294628,0.2
2957.975152849627,3.5084546606465845,0.0,-0.0,0.9110417192837492,471.39323150394694,3.508428241490303,0.2
2958.255366281865,3.5084536975191143,0.0,-0.0,0.9110417192837492,471.67344493618475,3.5084272467487367,0.2
2958.6836928874077,3.5084522279257593,0.0,-0.0,0.9110417192837492,472.10177154172743,3.5084257281192066,0.2
2959.1120194929504,3.508450760253755,0.0,-0.0,0.9110417192837492,472.5300981472701,3.508424211790149,0.2
2959.9686727040357,3.5084478295778045,0.0,-0.0,0.9110417192837492,473.38675135835547,3.5084211860195165,0.2
2960.256892240107,3.508446844961658,0.0,-0.0,0.9110417192837492,473.6749708944267,3.508420170064851,0.2
2960.6832173196913,3.508445391142751,0.0,-0.0,0.9110417192837492,474.101295974011,3.508418669196313,0.2
2961.1095423992756,3.50844393921329,0.0,-0.0,0.9110417192837492,474.52762105359534,3.508417170590724,0.2
2961.9621925584447,3.5084410399451382,0.0,-0.0,0.9110417192837492,475.38027121276446,3.5084141801547464,0.2
2962.2584181983493,3.5084400341307305,0.0,-0.0,0.9110417192837492,475.67649685266906,3.508413143335231,0.2
2962.6827417519758,3.5084385959375926,0.0,-0.0,0.9110417192837492,476.1008204062955,3.508411660052644,0.2
2963.107065305602,3.5084371596030737,0.0,-0.0,0.9110417192837492,476.52514395992193,3.5084101789959954,0.2
2963.9557124128546,3.5084342914481024,0.0,-0.0,0.9110417192837492,477.37379106717435,3.5084072235471555,0.2
2964.2599441565912,3.5084332647220053,0.0,-0.0,0.9110417192837492,477.678022810911,3.5084061662071857,0.2
2964.6822661842593,3.5084318420083744,0.0,-0.0,0.9110417192837492,478.1003448385791,3.508404700337095,0.2
2965.1045882119274,3.5084304211223705,0.0,-0.0,0.9110417192837492,478.52266686624716,3.5084032366564406,0.2
2965.9492322672636,3.5084275837895955,0.0,-0.0,0.9110417192837492,479.36731092158334,3.5084003158503645,0.2
2966.2614701148336,3.5084265364354916,0.0,-0.0,0.9110417192837492,479.67954876915337,3.508399238330519,0.2
2966.6817906165434,3.508425129055871,0.0,-0.0,0.9110417192837492,480.0998692708631,3.508397789701043,0.2
2967.102111118253,3.5084237234739195,0.0,-0.0,0.9110417192837492,480.52018977257285,3.508396343225004,0.2
2967.9427521216726,3.508420916674397,0.0,-0.0,0.9110417192837492,481.3608307759923,3.5083934567204342,0.2
2968.2629960730756,3.5084198489731078,0.0,-0.0,0.9110417192837492,481.6810747273953,3.508392359357512,0.2
2968.681315048827,3.508418456783596,0.0,-0.0,0.9110417192837492,482.0993937031467,3.5083909277983287,0.2
2969.0996340245783,3.508417066361994,0.0,-0.0,0.9110417192837492,482.5177126788981,3.5083894983570794,0.2
2969.9362719760816,3.5084142898112805,0.0,-0.0,0.9110417192837492,483.3543506304013,3.5083866458158472,0.2
2970.264522031318,3.508413202039774,0.0,-0.0,0.9110417192837492,483.6826006856377,3.508385528942902,0.2
2970.680839481111,3.5084118248986,0.0,-0.0,0.9110417192837492,484.0989181354307,3.508384114285237,0.2
2971.097156930904,3.5084104494958916,0.0,-0.0,0.9110417192837492,484.51523558522376,3.5083827017104916,0.2
2971.9297918304906,3.508407702911801,0.0,-0.0,0.9110417192837492,485.3478704848103,3.508379882797493,0.2
2972.26604798956,3.5084065953432004,0.0,-0.0,0.9110417192837492,485.6841266438796,3.508378746743871,0.2
2972.680363913395,3.5084052331102176,0.0,-0.0,0.9110417192837492,486.09844256771476,3.5083773488204812,0.2
2973.09467983723,3.5084038725859292,0.0,-0.0,0.9110417192837492,486.5127584915499,3.5083759529454817,0.2
2973.9233116849,3.508401155689528,0.0,-0.0,0.9110417192837492,487.34139033921974,3.508373167328647,0.2
2974.267573947802,3.508400028595601,0.0,-0.0,0.9110417192837492,487.68565260212154,3.5083720124200237,0.2
2974.6798883456786,3.5083986811309664,0.0,-0.0,0.9110417192837492,488.09796699999833,3.5083706310651857,0.2
2975.0922027435554,3.508397335346869,0.0,-0.0,0.9110417192837492,488.51028139787513,3.5083692517246865,0.2
2975.916831539309,3.5083946478599155,0.0,-0.0,0.9110417192837492,489.33491019362873,3.508366499074957,0.2
2976.269099906044,3.5083935015098375,0.0,-0.0,0.9110417192837492,489.6871785603639,3.5083653256333696,0.2
2976.6794127779626,3.5083921686757016,0.0,-0.0,0.9110417192837492,490.09749143228237,3.508363960682866,0.2
2977.089725649881,3.5083908374944697,0.0,-0.0,0.9110417192837492,490.5078043042008,3.5083625977131234,0.2
2977.910351393718,3.508388179144193,0.0,-0.0,0.9110417192837492,491.3284300480377,3.5083598777044243,0.2
2978.270625864286,3.508387013802456,0.0,-0.0,0.9110417192837492,491.68870451860585,3.508358686048309,0.2
2978.678937210246,3.508385695463303,0.0,-0.0,0.9110417192837492,492.09701586456595,3.508357337339416,0.2
2979.0872485562063,3.508384378748234,0.0,-0.0,0.9110417192837492,492.50532721052605,3.508355990578173,0.2
2979.903871248127,3.5083817492644487,0.0,-0.0,0.9110417192837492,493.3219499024467,3.5083533028873877,0.2
2980.2721518225285,3.508380565193413,0.0,-0.0,0.9110417192837492,493.6902304768482,3.5083520933316135,0.2
2980.6784616425307,3.5083792612131965,0.0,-0.0,0.9110417192837492,494.09654029685043,3.5083507607030873,0.2
2981.084771462533,3.508377958830585,0.0,-0.0,0.9110417192837492,494.50285011685264,3.5083494299895617,0.2
2981.897391102537,3.50837535794338,0.0,-0.0,0.9110417192837492,495.3154697568566,3.5083467742965055,0.2
2982.2736777807704,3.5083741554040477,0.0,-0.0,0.9110417192837492,495.69175643509016,3.50834554715241,0.2
2982.6779860748143,3.5083728656496085,0.0,-0.0,0.9110417192837492,496.096064729134,3.508344230444474,0.2
2983.082294368858,3.5083715774655193,0.0,-0.0,0.9110417192837492,496.5003730231779,3.5083429156193455,0.2
2983.890910956946,3.5083690049110468,0.0,-0.0,0.9110417192837492,497.3089896112656,3.508340291606742,0.2
2984.275203739013,3.5083677841591028,0.0,-0.0,0.9110417192837492,497.69328239333254,3.508339047182163,0.2
2984.6775105070983,3.508366508498195,0.0,-0.0,0.9110417192837492,498.09558916141805,3.508337746236496,0.2
2985.079817275184,3.5083652343807143,0.0,-0.0,0.9110417192837492,498.49789592950356,3.508336447141893,0.2
2985.884430811355,3.5083626898969227,0.0,-0.0,0.9110417192837492,499.3025094656746,3.508333854495347,0.2
2986.2767296972547,3.5083614511859493,0.0,-0.0,0.9110417192837492,499.69480835157447,3.50833259309466,0.2
2986.677034939382,3.5083601894874556,0.0,-0.0,0.9110417192837492,500.0951135937016,3.5083313077543816,0.2
2987.077340181509,3.508358929306512,0.0,-0.0,0.9110417192837492,500.4954188358288,3.5083300242338704,0.2
2987.877950665764,3.5083564126317173,0.0,-0.0,0.9110417192837492,501.29602932008356,3.508327462641843,0.2
2988.278255655497,3.5083551562136233,0.0,-0.0,0.9110417192837492,501.69633430981685,3.508326184565991,0.2
2988.6765593716664,3.5083539083480573,0.0,-0.0,0.9110417192837492,502.0946380259861,3.508324914675652,0.2
2989.0748630878356,3.508352661974815,0.0,-0.0,0.9110417192837492,502.4929417421554,3.5083236465742216,0.2
2989.8714705201737,3.5083501728511157,0.0,-0.0,0.9110417192837492,503.28954917449346,3.5083211157280085,0.2
2990.279781613739,3.5083488989758873,0.0,-0.0,0.9110417192837492,503.6978602680588,3.5083198212745366,0.2
2990.67608380395,3.5083476648145724,0.0,-0.0,0.9110417192837492,504.0941624582697,3.508318566680104,0.2
2991.072385994161,3.5083464321200166,0.0,-0.0,0.9110417192837492,504.4904646484806,3.508317313844156,0.2
2991.8649903745827,3.508343970294508,0.0,-0.0,0.9110417192837492,505.28306902890245,3.5083148134378592,0.2
2992.281307571981,3.5083426792062076,0.0,-0.0,0.9110417192837492,505.6993862263007,3.5083135029009496,0.2
2992.6756082362335,3.5083414586229407,0.0,-0.0,0.9110417192837492,506.0936868905533,3.5083122634497945,0.2
2993.069908900486,3.5083402394808005,0.0,-0.0,0.9110417192837492,506.48798755480584,3.5083110257271306,0.2
2993.8585102289912,3.508337804700269,0.0,-0.0,0.9110417192837492,507.276588883311,3.5083085554576363,0.2
2994.2828335302233,3.508336496642036,0.0,-0.0,0.9110417192837492,507.7009121845431,3.508307229128137,0.2
2994.6751326685176,3.5083352895103506,0.0,-0.0,0.9110417192837492,508.0932113228373,3.508306004669025,0.2
2995.067431806812,3.508334083796174,0.0,-0.0,0.9110417192837492,508.4855104611315,3.508304781908833,0.2
2995.8520300834007,3.508331675809668,0.0,-0.0,0.9110417192837492,509.2701087377204,3.508302341475787,0.2
2996.2843594884653,3.5083303511659674,0.0,-0.0,0.9110417192837492,509.702438142785,3.5083009996412486,0.2
2996.6746571008016,3.508329157361816,0.0,-0.0,0.9110417192837492,510.09273575512134,3.5082997900243234,0.2
2997.064954713138,3.508327964950616,0.0,-0.0,0.9110417192837492,510.48303336745767,3.508298582077168,0.2
2997.84554993781,3.5083255835113656,0.0,-0.0,0.9110417192837492,511.26362859212986,3.508296171182951,0.2
2998.2858854467077,3.5083242423747905,0.0,-0.0,0.9110417192837492,511.7039641010274,3.508294814127655,0.2
2998.6741815330856,3.508323061774448,0.0,-0.0,0.9110417192837492,512.0922601874054,3.508293619204431,0.2
2999.0624776194636,3.5083218825431626,0.0,-0.0,0.9110417192837492,512.4805562737833,3.50829242592224,0.2
2999.8390697922196,3.508319527406642,0.0,-0.0,0.9110417192837492,513.2571484465393,3.508290044271945,0.2
3000.2874114049496,3.5083181700122674,0.0,-0.0,0.9110417192837492,513.7054900592693,3.508288672276937,0.2
3000.673705965369,3.5083170024936896,0.0,-0.0,0.9110417192837492,514.091784619689,3.5082874919002847,0.2
3001.060000525789,3.5083158363205724,0.0,-0.0,0.9110417192837492,514.4780791801086,3.5082863131363373,0.2
3001.832589646628,3.508313507243705,0.0,-0.0,0.9110417192837492,515.2506683009478,3.508283960437746,0.2
3002.288937363192,3.508312133824643,0.0,-0.0,0.9110417192837492,515.7070160175117,3.508282573780868,0.2
3002.6732303976532,3.5083109792669323,0.0,-0.0,0.9110417192837492,516.091309051973,3.5082814078050033,0.2
3003.0575234321145,3.508309826031837,0.0,-0.0,0.9110417192837492,516.4756020864343,3.5082802434139184,0.2
3003.826109501037,3.508307522774963,0.0,-0.0,0.9110417192837492,517.2441881553568,3.5082779193774773,0.2
3004.290463321434,3.508306133560546,0.0,-0.0,0.9110417192837492,517.7085419757536,3.508276518333398,0.2
3004.672754829937,3.5083049918448386,0.0,-0.0,0.9110417192837492,518.0908334842566,3.508275366613869,0.2
3005.0550463384398,3.508303851428204,0.0,-0.0,0.9110417192837492,518.4731249927595,3.508274216451595,0.2
3005.819629355446,3.5083015737537298,0.0,-0.0,0.9110417192837492,519.2377080097658,3.508271920790393,0.2
3006.2919892796763,3.5083001689727884,0.0,-0.0,0.9110417192837492,519.710067933996,3.5082705056306382,0.2
3006.6722792622213,3.508299039979093,0.0,-0.0,0.9110417192837492,520.090357916541,3.5082693680243144,0.2
3007.0525692447663,3.5082979122635924,0.0,-0.0,0.9110417192837492,520.4706478990861,3.508268231948116,0.2
3007.813149209856,3.5082956599343005,0.0,-0.0,0.9110417192837492,521.2312278641757,3.5082659643778618,0.2
3008.293515237918,3.5082942398108306,0.0,-0.0,0.9110417192837492,521.7115938922379,3.508264535370846,0.2
3008.671803694505,3.508293123424903,0.0,-0.0,0.9110417192837492,522.0898823488246,3.5082634117359093,0.2
3009.0500921510916,3.5082920082924423,0.0,-0.0,0.9110417192837492,522.4681708054113,3.5082622896043554,0.2
3009.806669064265,3.508289781078564,0.0,-0.0,0.9110417192837492,523.2247477185847,3.5082600498433534,0.2
3010.29504119616,3.508288345837242,0.0,-0.0,0.9110417192837492,523.7131198504799,3.5082586072544104,0.2
3010.6713281267885,3.5082872419384246,0.0,-0.0,0.9110417192837492,524.0894067811082,3.5082574974503395,0.2
3011.047615057417,3.5082861392738796,0.0,-0.0,0.9110417192837492,524.4656937117365,3.5082563891232956,0.2
3011.8001889186735,3.5082839369420245,0.0,-0.0,0.9110417192837492,525.2182675729932,3.5082541768924242,0.2
3012.2965671544025,3.5082824868018427,0.0,-0.0,0.9110417192837492,525.7146458087223,3.5082527209838354,0.2
3012.6708525590725,3.5082813952789333,0.0,-0.0,0.9110417192837492,526.0889312133922,3.5082516248713977,0.2
3013.0451379637425,3.508280304967686,0.0,-0.0,0.9110417192837492,526.4632166180622,3.5082505302100095,0.2
3013.793708773083,3.5082781272901964,0.0,-0.0,0.9110417192837492,527.2117874274027,3.5082483452327,0.2
3014.2980931126444,3.5082766624698687,0.0,-0.0,0.9110417192837492,527.7161717669642,3.5082468762637267,0.2
3014.6703769913565,3.508275583207069,0.0,-0.0,0.9110417192837492,528.0884556456763,3.508245793704966,0.2
3015.0426608700686,3.508274505135671,0.0,-0.0,0.9110417192837492,528.4607395243884,3.5082447125716523,0.2
3015.7872286274924,3.508272351885736,0.0,-0.0,0.9110417192837492,529.2053072818121,3.508242554573864,0.2
3016.299619070887,3.5082708726009457,0.0,-0.0,0.9110417192837492,529.7176977252066,3.5082410728007756,0.2
3016.6699014236406,3.5082698054870125,0.0,-0.0,0.9110417192837492,530.0879800779603,3.508240003658999,0.2
3017.0401837763943,3.508268739542175,0.0,-0.0,0.9110417192837492,530.4582624307141,3.5082389359174404,0.2
3017.780748481902,3.5082666104967046,0.0,-0.0,0.9110417192837492,531.1988271362216,3.508236804627641,0.2
3018.3011450291287,3.5082651169617187,0.0,-0.0,0.9110417192837492,531.7192236834485,3.5082353103037436,0.2
3018.669425855924,3.508264061882656,0.0,-0.0,0.9110417192837492,532.0875045102439,3.508234254443515,0.2
3019.0377066827195,3.5082630079541257,0.0,-0.0,0.9110417192837492,532.4557853370393,3.50823319995864,0.2
3019.7742683363103,3.5082609028894027,0.0,-0.0,0.9110417192837492,533.1923469906301,3.5082310951077833,0.2
3020.302670987371,3.508259395314072,0.0,-0.0,0.9110417192837492,533.7207496416909,3.50822958848345,0.2
3020.668950288208,3.508258352162251,0.0,-0.0,0.9110417192837492,534.0870289425279,3.508228545770576,0.2
3021.0352295890452,3.5082573101385695,0.0,-0.0,0.9110417192837492,534.453308243365,3.508227504408552,0.2
3021.76778819072,3.5082552288369007,0.0,-0.0,0.9110417192837492,535.1858668450395,3.508225425730056,0.2
3022.304196945613,3.5082537074319653,0.0,-0.0,0.9110417192837492,535.7222755999328,3.508223907052755,0.2
3022.668474720492,3.5082526760944477,0.0,-0.0,0.9110417192837492,536.086553374812,3.5082228773542745,0.2
3023.0327524953714,3.508251645867671,0.0,-0.0,0.9110417192837492,536.4508311496911,3.508221848982499,0.2
3023.761308045129,3.508249588107943,0.0,-0.0,0.9110417192837492,537.179386699449,3.508219796212224,0.2
3024.305722903855,3.5082480530794946,0.0,-0.0,0.9110417192837492,537.7238015581747,3.508218265726548,0.2
3024.667999152776,3.5082470334511697,0.0,-0.0,0.9110417192837492,538.0860778070955,3.5082172489107215,0.2
3025.0302754016966,3.5082460149121095,0.0,-0.0,0.9110417192837492,538.4483540560163,3.5082162333978064,0.2
3025.754827899538,3.5082439804818746,0.0,-0.0,0.9110417192837492,539.172906553858,3.5082142062740367,0.2
3026.3072488620974,3.5082424320345504,0.0,-0.0,0.9110417192837492,539.7253275164171,3.5082126642217295,0.2
3026.66752358506,3.508241424005883,0.0,-0.0,0.9110417192837492,540.0856022393796,3.508211660158029,0.2
3027.0277983080223,3.508240417047186,0.0,-0.0,0.9110417192837492,540.445876962342,3.508210657373796,0.2
3027.748347753947,3.5082384057321274,0.0,-0.0,0.9110417192837492,541.166426408267,3.508208655637214,0.2
3028.3087748203393,3.5082368440682297,0.0,-0.0,0.9110417192837492,541.726853474659,3.5082071022572,0.2
3028.6670480173434,3.5082358475326165,0.0,-0.0,0.9110417192837492,542.0851266716631,3.5082061108162974,0.2
3029.0253212143475,3.50823485204919,0.0,-0.0,0.9110417192837492,542.4433998686673,3.508205120631763,0.2
3029.741867608356,3.5082328636365183,0.0,-0.0,0.9110417192837492,543.1599462626759,3.508203144025433,0.2
3030.3103007785817,3.5082312889565475,0.0,-0.0,0.9110417192837492,543.7283794329014,3.508201579553844,0.2
3030.666572449628,3.5082303038099436,0.0,-0.0,0.9110417192837492,544.0846511039476,3.5082006006076023,0.2
3031.022844120674,3.5082293196962016,0.0,-0.0,0.9110417192837492,544.4409227749939,3.5081996228949697,0.2
3031.735387462766,3.5082273539771682,0.0,-0.0,0.9110417192837492,545.1534661170858,3.5081976711643144,0.2
3032.3118267368236,3.508225766479157,0.0,-0.0,0.9110417192837492,545.7299053911433,3.508196095834517,0.2
3032.6660968819115,3.5082247926164243,0.0,-0.0,0.9110417192837492,546.0841755362312,3.508195129255979,0.2
3033.0203670269993,3.508223819767675,0.0,-0.0,0.9110417192837492,546.4384456813191,3.5081941638886263,0.2
3033.728907317175,3.5082218765354938,0.0,-0.0,0.9110417192837492,547.1469859714948,3.508192236781407,0.2
3034.313352695066,3.508220276415466,0.0,-0.0,0.9110417192837492,547.7314313493857,3.5081906508240315,0.2
3034.6656213141955,3.508219313732753,0.0,-0.0,0.9110417192837492,548.0836999685152,3.5081896964874097,0.2
3035.017889933325,3.508218352046398,0.0,-0.0,0.9110417192837492,548.4359685876448,3.5081887433398804,0.2
3035.722427171584,3.5082164310940787,0.0,-0.0,0.9110417192837492,549.1405058259038,3.5081868406061774,0.2
3036.314878653308,3.5082148185467883,0.0,-0.0,0.9110417192837492,549.7329573076277,3.508185244249143,0.2
3036.665145746479,3.5082138669423006,0.0,-0.0,0.9110417192837492,550.0832244007988,3.508184302029808,0.2
3037.0154128396503,3.5082129163160385,0.0,-0.0,0.9110417192837492,550.43349149397,3.508183360977802,0.2
3037.7159470259926,3.5082110174412975,0.0,-0.0,0.9110417192837492,551.1340256803123,3.5081814823699933,0.2
3038.3164046115503,3.5082093926572515,0.0,-0.0,0.9110417192837492,551.73448326587,3.5081798758385343,0.2
3038.664670178763,3.5082084520296792,0.0,-0.0,0.9110417192837492,552.0827488330829,3.508178945613009,0.2
3039.012935745976,3.5082075123623766,0.0,-0.0,0.9110417192837492,552.4310144002957,3.5081780165333702,0.2
3039.709466880402,3.5082056353621756,0.0,-0.0,0.9110417192837492,553.1275455347218,3.5081761618061114,0.2
3040.317930569792,3.5082039985330544,0.0,-0.0,0.9110417192837492,553.736009224112,3.5081745453228073,0.2
3040.664194611047,3.5082030687809205,0.0,-0.0,0.9110417192837492,554.0822732653669,3.5081736269687496,0.2
3041.010458652302,3.5082021399722807,0.0,-0.0,0.9110417192837492,554.4285373066218,3.508172709739458,0.2
3041.7029867348115,3.508200284647166,0.0,-0.0,0.9110417192837492,555.1210653891312,3.5081708786496657,0.2
3042.319456528034,3.5081986359599853,0.0,-0.0,0.9110417192837492,555.7375351823539,3.5081692524344623,0.2
3042.6637190433307,3.5081977169846317,0.0,-0.0,0.9110417192837492,556.0817976976505,3.5081683458306623,0.2
3043.0079815586273,3.5081967989354315,0.0,-0.0,0.9110417192837492,556.426060212947,3.5081674403308227,0.2
3043.6965065892205,3.5081949650877604,0.0,-0.0,0.9110417192837492,557.1145852435402,3.5081656326376507,0.2
3044.3209824862765,3.5081933047284535,0.0,-0.0,0.9110417192837492,557.7390611405963,3.5081639969078897,0.2
3044.6632434756148,3.5081923964310775,0.0,-0.0,0.9110417192837492,558.0813221299345,3.5081631019342567,0.2
3045.005504464953,3.5081914890428374,0.0,-0.0,0.9110417192837492,558.4235831192727,3.50816220804409,0.2
3045.6900264436294,3.5081896764767113,0.0,-0.0,0.9110417192837492,559.1081050979492,3.5081604235089108,0.2
3046.3225084445185,3.50818800462911,0.0,-0.0,0.9110417192837492,559.7405870988382,3.508158778479355,0.2
3046.6627679078983,3.508187106911625,0.0,-0.0,0.9110417192837492,560.0808465622181,3.508157895016908,0.2
3047.003027371278,3.508186210086967,0.0,-0.0,0.9110417192837492,560.421106025598,3.5081570126177404,0.2
3047.6835462980384,3.5081844186069064,0.0,-0.0,0.9110417192837492,561.1016249523582,3.508155251004127,0.2
3048.324034402761,3.508182735453972,0.0,-0.0,0.9110417192837492,561.7421130570806,3.508153596886986,0.2
3048.662292340183,3.508181848219846,0.0,-0.0,0.9110417192837492,562.0803709945026,3.508152724817843,0.2
3049.000550277605,3.508180961861995,0.0,-0.0,0.9110417192837492,562.4186289319246,3.508151853792097,0.2
3049.6770661524483,3.508179191277529,0.0,-0.0,0.9110417192837492,563.0951448067681,3.5081501148658045,0.2
3050.3255603610028,3.5081774969978996,0.0,-0.0,0.9110417192837492,563.7436390153225,3.5081484518707584,0.2
3050.6618167724664,3.508176620151837,0.0,-0.0,0.9110417192837492,564.0798954267862,3.5081475910781283,0.2
3050.99807318393,3.508175744165503,0.0,-0.0,0.9110417192837492,564.4161518382498,3.508146731309313,0.2
3051.6705860068573,3.5081739942841397,0.0,-0.0,0.9110417192837492,565.0886646611771,3.5081450148382576,0.2
3052.327086319245,3.508172289056887,0.0,-0.0,0.9110417192837492,565.7451649735649,3.5081433431724838,0.2
3052.6613412047504,3.508171422503211,0.0,-0.0,0.9110417192837492,566.0794198590702,3.5081424935406567,0.2
3052.9955960902557,3.5081705567937305,0.0,-0.0,0.9110417192837492,566.4136747445755,3.5081416449133584,0.2
3053.6641058612663,3.5081688274272835,0.0,-0.0,0.9110417192837492,567.082184515586,3.5081399506675996,0.2
3054.328612277487,3.5081671114288335,0.0,-0.0,0.9110417192837492,567.7466909318068,3.508138270535796,0.2
3054.660865637034,3.508166255073337,0.0,-0.0,0.9110417192837492,568.0789442913538,3.5081374319501344,0.2
3054.993118996581,3.5081653995466766,0.0,-0.0,0.9110417192837492,568.4111976509007,3.5081365943500074,0.2
3055.6576257156753,3.508163690508059,0.0,-0.0,0.9110417192837492,569.075704369995,3.508134922101728,0.2
3056.3301382357295,3.508161963912828,0.0,-0.0,0.9110417192837492,569.7482168900492,3.508133233706141,0.2
3056.6603900693185,3.5081611176623464,0.0,-0.0,0.9110417192837492,570.0784687236383,3.508132406053067,0.2
3056.9906419029076,3.5081602722253784,0.0,-0.0,0.9110417192837492,570.4087205572273,3.508131579366824,0.2
3057.651145570085,3.5081585833287603,0.0,-0.0,0.9110417192837492,571.0692242244049,3.5081299288903134,0.2
3058.3316641939714,3.5081568463098547,0.0,-0.0,0.9110417192837492,571.7497428482911,3.5081282324307583,0.2
3058.659914501602,3.508156010072339,0.0,-0.0,0.9110417192837492,572.0779931559218,3.508127415597749,0.2
3058.988164809233,3.5081551746330106,0.0,-0.0,0.9110417192837492,572.4062434635525,3.508126599713152,0.2
3059.644665424494,3.5081535056956406,0.0,-0.0,0.9110417192837492,573.0627440788139,3.5081249707847877,0.2
3060.3331901522133,3.508151758421981,0.0,-0.0,0.9110417192837492,573.7512688065331,3.5081232664586746,0.2
3060.6594389338857,3.5081509321061777,0.0,-0.0,0.9110417192837492,574.0775175882054,3.5081224603342505,0.2
3060.985687715558,3.508150106573153,0.0,-0.0,0.9110417192837492,574.4037663698778,3.5081216551400995,0.2
3061.6381852789027,3.5081484574129127,0.0,-0.0,0.9110417192837492,575.0562639332225,3.508120047538328,0.2
3062.3347161104557,3.508146700054521,0.0,-0.0,0.9110417192837492,575.7527947647754,3.508118335540687,0.2
3062.6589633661697,3.5081458835696853,0.0,-0.0,0.9110417192837492,576.0770420204894,3.5081175400144016,0.2
3062.9832106218837,3.508145067853097,0.0,-0.0,0.9110417192837492,576.4012892762034,3.508116745400531,0.2
3063.631705133312,3.5081434382886343,0.0,-0.0,0.9110417192837492,577.0497837876319,3.508115158905849,0.2
3064.3362420686976,3.508141671013839,0.0,-0.0,0.9110417192837492,577.7543207230174,3.5081134394293514,0.2
3064.6584877984537,3.508140864269299,0.0,-0.0,0.9110417192837492,578.0765664527735,3.5081126543917853,0.2
3064.98073352821,3.508140058278741,0.0,-0.0,0.9110417192837492,578.3988121825296,3.5081118702490492,0.2
3065.6252249877216,3.508138448132483,0.0,-0.0,0.9110417192837492,579.0433036420413,3.508110304643988,0.2
3066.33776802694,3.508136671105251,0.0,-0.0,0.9110417192837492,579.7558466812598,3.5081085778789722,0.2
3066.6580122307378,3.5081358740128383,0.0,-0.0,0.9110417192837492,580.0760908850575,3.5081078032217214,0.2
3066.9782564345355,3.5081350776599654,0.0,-0.0,0.9110417192837492,580.3963350888553,3.5081070294419874,0.2
3067.618744842131,3.5081334867541845,0.0,-0.0,0.9110417192837492,581.0368234964508,3.5081054845110935,0.2
3068.339293985182,3.5081317001392005,0.0,-0.0,0.9110417192837492,581.7573726395017,3.5081037506455868,0.2
3068.6575366630213,3.508130912610621,0.0,-0.0,0.9110417192837492,582.0756153173411,3.5081029862612554,0.2
3068.9757793408608,3.508130125807689,0.0,-0.0,0.9110417192837492,582.3938579951805,3.508102222737395,0.2
3069.6122646965396,3.508128553966861,0.0,-0.0,0.9110417192837492,583.0303433508593,3.5081006982672127,0.2
3070.3408199434243,3.508126757926637,0.0,-0.0,0.9110417192837492,583.7588985977441,3.508098957486955,0.2
3070.6570610953054,3.5081259798734665,0.0,-0.0,0.9110417192837492,584.0751397496251,3.5080982032691455,0.2
3070.9733022471864,3.5081252025330745,0.0,-0.0,0.9110417192837492,584.3913809015062,3.5080974498950255,0.2
3071.6057845509486,3.5081236495836032,0.0,-0.0,0.9110417192837492,585.0238632052683,3.5080959456740803,0.2
3072.3423459016662,3.5081218442786817,0.0,-0.0,0.9110417192837492,585.760424555986,3.5080941981625466,0.2
3072.656585527589,3.5081210756149916,0.0,-0.0,0.9110417192837492,586.0746641819087,3.508093454005852,0.2
3072.9708251535117,3.5081203076507816,0.0,-0.0,0.9110417192837492,586.3889038078314,3.5080927106763267,0.2
3073.5993044053575,3.5081187734197496,0.0,-0.0,0.9110417192837492,587.0173830596773,3.5080912264951065,0.2
3074.343871859908,3.5081169590092642,0.0,-0.0,0.9110417192837492,587.7619505142279,3.5080894724335305,0.2
3074.656109959873,3.508116199648295,0.0,-0.0,0.9110417192837492,588.0741886141927,3.5080887382335244,0.2
3074.968348059838,3.508115440974235,0.0,-0.0,0.9110417192837492,588.3864267141576,3.508088004844425,0.2
3075.592824259767,3.508113925292557,0.0,-0.0,0.9110417192837492,589.0109029140867,3.5080865404953645,0.2
3076.3453978181506,3.5081121019320842,0.0,-0.0,0.9110417192837492,589.7634764724703,3.50808478006276,0.2
3076.655634392157,3.5081113517894957,0.0,-0.0,0.9110417192837492,590.0737130464768,3.5080840557159894,0.2
3076.9658709661635,3.508110602321978,0.0,-0.0,0.9110417192837492,590.3839496204832,3.508083332164117,0.2
3077.5863441141764,3.50810910501854,0.0,-0.0,0.9110417192837492,591.0044227684962,3.508081887441579,0.2
3078.3469237763925,3.5081072728680693,0.0,-0.0,0.9110417192837492,591.7650024307122,3.5080801208147636,0.2
3078.6551588244406,3.508106531856938,0.0,-0.0,0.9110417192837492,592.0732374787603,3.508079406218739,0.2
3078.9633938724887,3.5081057915100384,0.0,-0.0,0.9110417192837492,592.3814725268085,3.508078692401856,0.2
3079.579863968585,3.5081043124190145,0.0,-0.0,0.9110417192837492,592.9979426229047,3.5080772671021165,0.2
3080.348449734635,3.508102471628174,0.0,-0.0,0.9110417192837492,593.7665283889546,3.5080754944557304,0.2
3080.6546832567246,3.5081017396672327,0.0,-0.0,0.9110417192837492,594.0727619110444,3.5080747895089193,0.2
3080.9609167788144,3.508101008359728,0.0,-0.0,0.9110417192837492,594.3789954331342,3.50807408532574,0.2
3081.5733838229944,3.508099547313228,0.0,-0.0,0.9110417192837492,594.9914624773141,3.5080726792469696,0.2
3082.349975692877,3.5080976980404888,0.0,-0.0,0.9110417192837492,595.7680543471965,3.5080709007535025,0.2
3082.6542076890087,3.5080969750419495,0.0,-0.0,0.9110417192837492,596.0722863433284,3.508070205355318,0.2
3082.9584396851405,3.508096252690534,0.0,-0.0,0.9110417192837492,596.3765183394603,3.508069510705501,0.2
3083.566903677404,3.5080948095228224,0.0,-0.0,0.9110417192837492,596.9849823317236,3.50806812364775,0.2
3084.351501651119,3.5080929519277184,0.0,-0.0,0.9110417192837492,597.7695803054389,3.5080663394775593,0.2
3084.6537321212927,3.5080922378026136,0.0,-0.0,0.9110417192837492,598.0718107756124,3.508065653528354,0.2
3084.9559625914662,3.508091524324865,0.0,-0.0,0.9110417192837492,598.374041245786,3.5080649683124943,0.2
3085.5604235318133,3.5080900988707646,0.0,-0.0,0.9110417192837492,598.978502186133,3.5080636000776746,0.2
3086.353027609361,3.508088233117192,0.0,-0.0,0.9110417192837492,599.7711062636808,3.5080618103990067,0.2
3086.6532565535763,3.50808752777124,0.0,-0.0,0.9110417192837492,600.071335207896,3.508061133800065,0.2
3086.9534854977915,3.5080868230871065,0.0,-0.0,0.9110417192837492,600.3715641521112,3.508060457919685,0.2
3087.553943386222,3.5080854151785115,0.0,-0.0,0.9110417192837492,600.9720220405416,3.508059108311555,0.2
3088.3545535676035,3.5080835414572418,0.0,-0.0,0.9110417192837492,601.7726322219232,3.508057313290568,0.2
3088.6527809858603,3.50808284477254,0.0,-0.0,0.9110417192837492,602.0708596401801,3.5080566459440963,0.2
3088.951008404117,3.508082148801676,0.0,-0.0,0.9110417192837492,602.3690870584369,3.5080559793016373,0.2
3089.5474632406313,3.50808075826201,0.0,-0.0,0.9110417192837492,602.965541894951,3.508054648125786,0.2
3090.3560795258454,3.5080788768346673,0.0,-0.0,0.9110417192837492,603.7741581801652,3.50805284792657,0.2
3090.6523054181444,3.50807818863231,0.0,-0.0,0.9110417192837492,604.0703840724641,3.5080521897356896,0.2
3090.9485313104433,3.508077501294646,0.0,-0.0,0.9110417192837492,604.366609964763,3.508051532234505,0.2
3091.5409830950407,3.5080761279236423,0.0,-0.0,0.9110417192837492,604.9590617493604,3.5080502192983336,0.2
3092.3576054840873,3.508074239250125,0.0,-0.0,0.9110417192837492,605.7756841384071,3.508048414082933,0.2
3092.651829850428,3.5080735591773067,0.0,-0.0,0.9110417192837492,606.0699085047477,3.508047764951671,0.2
3092.9460542167685,3.5080728803944723,0.0,-0.0,0.9110417192837492,606.3641328710883,3.5080471164960176,0.2
3093.5345029494497,3.508071523916939,0.0,-0.0,0.9110417192837492,606.9525816037694,3.508045821608727,0.2
3094.3591314423297,3.50806962907418,0.0,-0.0,0.9110417192837492,607.7772100966495,3.5080440115371583,0.2
3094.651354282712,3.5080689562353546,0.0,-0.0,0.9110417192837492,608.0694329370317,3.5080433713704404,0.2
3094.943577123094,3.5080682859289825,0.0,-0.0,0.9110417192837492,608.361655777414,3.508042731865471,0.2
3095.5280228038587,3.5080669458395484,0.0,-0.0,0.9110417192837492,608.9461014581784,3.508041454838043,0.2
3096.3606574005717,3.5080650445074033,0.0,-0.0,0.9110417192837492,609.7787360548914,3.508039640068319,0.2
3096.6508787149955,3.508064382046414,0.0,-0.0,0.9110417192837492,610.0689573693153,3.5080390087719615,0.2
3096.9411000294194,3.50806372013656,0.0,-0.0,0.9110417192837492,610.3591786837392,3.5080383781237163,0.2
3097.5215426582677,3.5080623976585477,0.0,-0.0,0.9110417192837492,610.9396213125874,3.5080371187688995,0.2
3098.362183358814,3.508060485732348,0.0,-0.0,0.9110417192837492,611.7802620131338,3.5080352994570467,0.2
3098.65040314728,3.5080598316063187,0.0,-0.0,0.9110417192837492,612.0684818015998,3.5080346769377493,0.2
3098.938622935746,3.5080591780186214,0.0,-0.0,0.9110417192837492,612.3567015900658,3.5080340550531472,0.2
3099.5150625126776,3.508057872159383,0.0,-0.0,0.9110417192837492,612.9331411669973,3.5080328131854426,0.2
3100.363709317056,3.5080559530343556,0.0,-0.0,0.9110417192837492,613.7817879713757,3.5080309894855226,0.2
3100.6499275795636,3.50805530717269,0.0,-0.0,0.9110417192837492,614.0680062338834,3.5080303756508586,0.2
3100.9361458420713,3.5080546618315687,0.0,-0.0,0.9110417192837492,614.354224496391,3.5080297624376926,0.2
3101.508582367086,3.5080533724412852,0.0,-0.0,0.9110417192837492,614.9266610214058,3.508028537873335,0.2
3102.3652352752983,3.5080514462346404,0.0,-0.0,0.9110417192837492,615.7833139296181,3.508026709937463,0.2
3102.6494520118476,3.508050808578389,0.0,-0.0,0.9110417192837492,616.0675306661674,3.5080261046958756,0.2
3102.933668748397,3.508050171408752,0.0,-0.0,0.9110417192837492,616.3517474027167,3.508025500062801,0.2
3103.5021022214955,3.5080488983441827,0.0,-0.0,0.9110417192837492,616.9201808758153,3.508024292619747,0.2
3104.3667612335403,3.5080469651194752,0.0,-0.0,0.9110417192837492,617.78483988786,3.5080224605981147,0.2
3104.648976444131,3.508046335659518,0.0,-0.0,0.9110417192837492,618.067055098451,3.5080218638589034,0.2
3104.931191654722,3.5080457065859574,0.0,-0.0,0.9110417192837492,618.3492703090419,3.508021267715435,0.2
3105.495622075904,3.5080444497269303,0.0,-0.0,0.9110417192837492,618.9137007302238,3.508020077213346,0.2
3106.3682871917827,3.508042510260402,0.0,-0.0,0.9110417192837492,619.7863658461024,3.508018241254238,0.2
3106.6485008764153,3.5080418887111806,0.0,-0.0,0.9110417192837492,620.066579530735,3.5080176529275566,0.2
3106.928714561048,3.508041267659265,0.0,-0.0,0.9110417192837492,620.3467932153676,3.5080170651840556,0.2
3107.4891419303135,3.508040026767392,0.0,-0.0,0.9110417192837492,620.9072205846333,3.508015891444283,0.2
3108.3698131500246,3.5080380807198805,0.0,-0.0,0.9110417192837492,621.7878918043443,3.5080140516940976,0.2
3108.6480253086993,3.5080374671292267,0.0,-0.0,0.9110417192837492,622.066103963019,3.508013471690944,0.2
3108.926237467374,3.508036854025675,0.0,-0.0,0.9110417192837492,622.3443161216937,3.5080128922586162,0.2
3109.482661784723,3.5080356290059496,0.0,-0.0,0.9110417192837492,622.9007404390427,3.508011735104188,0.2
3110.3713391082665,3.508033676457122,0.0,-0.0,0.9110417192837492,623.7894177625863,3.508009891707456,0.2
3110.647549740983,3.5080330707518845,0.0,-0.0,0.9110417192837492,624.0656283953026,3.5080093199396654,0.2
3110.923760373699,3.5080324655249564,0.0,-0.0,0.9110417192837492,624.341839028019,3.508008748730548,0.2
3111.476181639132,3.5080312562318783,0.0,-0.0,0.9110417192837492,624.8942602934517,3.508007607986152,0.2
3112.372865066509,3.5080292973120275,0.0,-0.0,0.9110417192837492,625.7909437208286,3.5080057610855566,0.2
3112.647074173267,3.508028699420572,0.0,-0.0,0.9110417192837492,626.0651528275866,3.5080051974657933,0.2
3112.921283280025,3.5080281019972848,0.0,-0.0,0.9110417192837492,626.3393619343447,3.5080046343927536,0.2
3113.469701493541,3.5080269082876354,0.0,-0.0,0.9110417192837492,626.8877801478607,3.5080035098847238,0.2
3114.374391024751,3.5080249431244477,0.0,-0.0,0.9110417192837492,627.7924696790706,3.508001659621118,0.2
3114.6465986055505,3.50802435297516,0.0,-0.0,0.9110417192837492,628.0646772598702,3.5080011040628696,0.2
3114.91880618635,3.5080237632843625,0.0,-0.0,0.9110417192837492,628.3368848406699,3.508000549039593,0.2
3115.46322134795,3.508022585016174,0.0,-0.0,0.9110417192837492,628.8813000022697,3.507999440595895,0.2
3116.375916982993,3.508020613737008,0.0,-0.0,0.9110417192837492,629.793995637313,3.507997587108322,0.2
3116.646123037835,3.508020031258508,0.0,-0.0,0.9110417192837492,630.0642016921547,3.50799703952589,0.2
3116.9163290926767,3.508019449229857,0.0,-0.0,0.9110417192837492,630.3344077469965,3.507996492466875,0.2
3117.45674120236,3.508018286260576,0.0,-0.0,0.9110417192837492,630.8748198566796,3.507995399917093,0.2
3118.377442941235,3.508016308992515,0.0,-0.0,0.9110417192837492,631.7955215955549,3.5079935433428027,0.2
3118.6456474701185,3.5080157341150873,0.0,-0.0,0.9110417192837492,632.0637261244383,3.5079930036512983,0.2
3118.913851999002,3.5080151596768214,0.0,-0.0,0.9110417192837492,632.3319306533217,3.507992464471848,0.2
3119.450261056769,3.5080140118691583,0.0,-0.0,0.9110417192837492,632.8683397110885,3.507991387647168,0.2
3120.3789688994775,3.5080120287346923,0.0,-0.0,0.9110417192837492,633.7970475537973,3.5079895281216373,0.2
3120.6451719024026,3.508011461388435,0.0,-0.0,0.9110417192837492,634.0632505567223,3.507988996236971,0.2
3120.9113749053276,3.508010894472328,0.0,-0.0,0.9110417192837492,634.3294535596474,3.507988464853188,0.2
3121.443780911178,3.5080097616854164,0.0,-0.0,0.9110417192837492,634.8618595654975,3.507987403586384,0.2
3122.3804948577194,3.5080077728091794,0.0,-0.0,0.9110417192837492,635.7985735120392,3.5079855412433347,0.2
3122.644696334686,3.508007212925147,0.0,-0.0,0.9110417192837492,636.0627749890059,3.507985017082212,0.2
3122.908897811653,3.508006653462249,0.0,-0.0,0.9110417192837492,636.3269764659726,3.507984493410989,0.2
3123.4373007655868,3.508005535559637,0.0,-0.0,0.9110417192837492,636.8553794199065,3.5079834475364113,0.2
3124.382020815962,3.5080035410625325,0.0,-0.0,0.9110417192837492,637.8000994702816,3.5079815825078278,0.2
3124.6442207669706,3.5080029885723327,0.0,-0.0,0.9110417192837492,638.0622994212904,3.507981065987739,0.2
3124.9064207179795,3.5080024364940683,0.0,-0.0,0.9110417192837492,638.3244993722992,3.5079805499467533,0.2
3125.4308206199967,3.5080013333386164,0.0,-0.0,0.9110417192837492,638.8488992743164,3.5079795193003136,0.2
3126.3835467742038,3.5079993333420942,0.0,-0.0,0.9110417192837492,639.8016254285235,3.507977651716459,0.2
3126.643745199254,3.507998788177991,0.0,-0.0,0.9110417192837492,640.061823853574,3.5079771427556765,0.2
3126.9039436243047,3.5079982434162735,0.0,-0.0,0.9110417192837492,640.3220222786244,3.5079766342633834,0.2
3127.4243404744057,3.507997154874269,0.0,-0.0,0.9110417192837492,640.8424191287254,3.5079756186825395,0.2
3128.3850727324457,3.507995149496696,0.0,-0.0,0.9110417192837492,641.8031513867654,3.507973748671975,0.2
3128.643269631538,3.5079946115914256,0.0,-0.0,0.9110417192837492,642.0613482858575,3.507973247189543,0.2
3128.90146653063,3.5079940740796607,0.0,-0.0,0.9110417192837492,642.3195451849497,3.5079727461651675,0.2
3129.417860328814,3.5079930000161306,0.0,-0.0,0.9110417192837492,642.8359389831339,3.5079717454889114,0.2
3130.386598690688,3.507990989377203,0.0,-0.0,0.9110417192837492,643.8046773450078,3.507969873178515,0.2
3130.642794063822,3.507990458663164,0.0,-0.0,0.9110417192837492,644.0608727181416,3.507969379094244,0.2
3130.8989894369556,3.5079899283347538,0.0,-0.0,0.9110417192837492,644.3170680912754,3.5079688854577746,0.2
3131.4113801832236,3.507988868617091,0.0,-0.0,0.9110417192837492,644.8294588375434,3.5079678995266184,0.2
3132.38812464893,3.5079868528329357,0.0,-0.0,0.9110417192837492,645.8062033032497,3.5079660250415996,0.2
3132.6423184961054,3.5079863292446487,0.0,-0.0,0.9110417192837492,646.0603971504252,3.507965538276059,0.2
3132.896512343281,3.507985806034391,0.0,-0.0,0.9110417192837492,646.3145909976006,3.507965051948242,0.2
3133.404900037632,3.507984760530867,0.0,-0.0,0.9110417192837492,646.8229786919519,3.507964080604204,0.2
3134.3896506071724,3.5079827397171712,0.0,-0.0,0.9110417192837492,647.8077292614921,3.5079622040681233,0.2
3134.64184292839,3.5079822231895466,0.0,-0.0,0.9110417192837492,648.0599215827096,3.5079617245426356,0.2
3134.8940352496074,3.5079817070312034,0.0,-0.0,0.9110417192837492,648.3121139039272,3.5079612454449665,0.2
3135.398419892042,3.507980675611498,0.0,-0.0,0.9110417192837492,648.8164985463618,3.5079602885315593,0.2
3136.3911765654143,3.5079786498821965,0.0,-0.0,0.9110417192837492,649.809255219734,3.507958410066343,0.2
3136.6413673606735,3.507978140349964,0.0,-0.0,0.9110417192837492,650.0594460149932,3.507957937702976,0.2
3136.8915581559327,3.5079776311791155,0.0,-0.0,0.9110417192837492,650.3096368102524,3.5079574657576944,0.2
3137.391939746451,3.5079766137148263,0.0,-0.0,0.9110417192837492,650.8100184007708,3.5079565231199097,0.2
3138.3927025236567,3.5079745831836755,0.0,-0.0,0.9110417192837492,651.8107811779764,3.507954642845869,0.2
3138.6408917929575,3.507974080582505,0.0,-0.0,0.9110417192837492,652.0589704472773,3.50795417756743,0.2
3138.8890810622584,3.507973578334405,0.0,-0.0,0.9110417192837492,652.3071597165781,3.5079537126975127,0.2
3139.38545960086,3.507972574696633,0.0,-0.0,0.9110417192837492,652.8035382551798,3.5079527841818097,0.2
3140.378216678064,3.507970571721531,0.0,-0.0,0.9110417192837492,653.7962953323836,3.5079509320369078,0.2
3140.3942284818986,3.50797053945894,0.0,-0.0,0.9110417192837492,653.8123071362184,3.507950902217657,0.2
3140.640416225241,3.5079700437255044,0.0,-0.0,0.9110417192837492,654.0584948795608,3.5079504439476854,0.2
3140.8866039685836,3.5079695483368045,0.0,-0.0,0.9110417192837492,654.3046826229033,3.5079499860768393,0.2
3141.378979455269,3.5079685583992957,0.0,-0.0,0.9110417192837492,654.7970581095888,3.5079490715311317,0.2
3142.36373042864,3.5079665827282716,0.0,-0.0,0.9110417192837492,655.7818090829596,3.5079472472139424,0.2
3142.3957544401405,3.5079665185644178,0.0,-0.0,0.9110417192837492,655.8138330944603,3.5079471879939947,0.2
3142.639940657525,3.5079660296347432,0.0,-0.0,0.9110417192837492,656.0580193118449,3.507946736656758,0.2
3142.8841268749097,3.507965541042763,0.0,-0.0,0.9110417192837492,656.3022055292295,3.507946285709413,0.2
3143.3724993096785,3.50796456467992,0.0,-0.0,0.9110417192837492,656.7905779639982,3.5079453849830555,0.2
3144.3492441792164,3.507962616063386,0.0,-0.0,0.9110417192837492,657.7673228335361,3.5079435881942502,0.2
3144.397280398383,3.5079625203580176,0.0,-0.0,0.9110417192837492,657.8153590527027,3.507943499988497,0.2
3144.639465089809,3.507962038170219,0.0,-0.0,0.9110417192837492,658.0575437441289,3.5079430555089806,0.2
3144.8816497812354,3.5079615563120585,0.0,-0.0,0.9110417192837492,658.2997284355552,3.5079426114102863,0.2
3145.366019164088,3.507960593398649,0.0,-0.0,0.9110417192837492,658.7840978184076,3.507941724354061,0.2
3146.334757929793,3.507958671588548,0.0,-0.0,0.9110417192837492,659.7528365841126,3.5079399547971435,0.2
3146.398806356625,3.5079585446984565,0.0,-0.0,0.9110417192837492,659.8168850109446,3.507939838016093,0.2
3146.6389895220927,3.5079580691900674,0.0,-0.0,0.9110417192837492,660.0570681764125,3.507939400319996,0.2
3146.8791726875606,3.507957594003453,0.0,-0.0,0.9110417192837492,660.2972513418804,3.507938962995812,0.2
3147.3595390184964,3.5079566444162626,0.0,-0.0,0.9110417192837492,660.7776176728162,3.5079380894619185,0.2
3148.3202716803685,3.507954749166448,0.0,-0.0,0.9110417192837492,661.7383503346882,3.5079363468431968,0.2
3148.4003323148672,3.507954591444353,0.0,-0.0,0.9110417192837492,661.818410969187,3.507936201893019,0.2
3148.638513954377,3.5079541225533664,0.0,-0.0,0.9110417192837492,662.0565926086965,3.507935770906749,0.2
3148.8766955938863,3.5079536539775846,0.0,-0.0,0.9110417192837492,662.2947742482061,3.5079353402836393,0.2
3149.353058872906,3.50795271759314,0.0,-0.0,0.9110417192837492,662.7711375272256,3.5079344801256798,0.2
3150.3057854309445,3.5079508486617943,0.0,-0.0,0.9110417192837492,663.7238640852643,3.507932764154243,0.2
3150.401858273109,3.5079506604569506,0.0,-0.0,0.9110417192837492,663.8199369274289,3.5079325914368082,0.2
3150.638038386661,3.5079501981228236,0.0,-0.0,0.9110417192837492,664.0561170409806,3.507932167087472,0.2
3150.8742185002125,3.5079497360969207,0.0,-0.0,0.9110417192837492,664.2922971545322,3.507931743092701,0.2
3151.3465787273153,3.5079488127935408,0.0,-0.0,0.9110417192837492,664.7646573816351,3.5079308961656674,0.2
3152.291299181521,3.5079469699383443,0.0,-0.0,0.9110417192837492,665.7093778358408,3.5079292065533605,0.2
3152.4033842313515,3.507946751596906,0.0,-0.0,0.9110417192837492,665.8214628856713,3.507929006466283,0.2
3152.637562818945,3.507946295759613,0.0,-0.0,0.9110417192837492,666.0556414732646,3.5079285886816822,0.2
3152.871741406538,3.5079458402221473,0.0,-0.0,0.9110417192837492,666.2898200608579,3.507928171243204,0.2
3153.3400985817248,3.5079449298817886,0.0,-0.0,0.9110417192837492,666.7581772360445,3.5079273374034696,0.2
3154.2768129320975,3.507943112862062,0.0,-0.0,0.9110417192837492,667.6948915864173,3.50792567386487,0.2
3154.4049101895935,3.507942864727263,0.0,-0.0,0.9110417192837492,667.8229888439132,3.5079254468015417,0.2
3154.6370872512284,3.507942415326285,0.0,-0.0,0.9110417192837492,668.0551659055482,3.5079250355101674,0.2
3154.8692643128634,3.507941966219204,0.0,-0.0,0.9110417192837492,668.2873429671831,3.507924624556625,0.2
3155.3336184361333,3.5079410687193477,0.0,-0.0,0.9110417192837492,668.751697090453,3.5079238036619262,0.2
3156.262326682673,3.5079392773001565,0.0,-0.0,0.9110417192837492,669.6804053369929,3.507922165914319,0.2
3156.406436147836,3.507938999712021,0.0,-0.0,0.9110417192837492,669.8245148021556,3.507921912263956,0.2
3156.6366116835125,3.5079385566873342,0.0,-0.0,0.9110417192837492,670.0546903378322,3.5079215073949803,0.2
3156.866787219189,3.5079381139504124,0.0,-0.0,0.9110417192837492,670.2848658735088,3.507921102855695,0.2
3157.3271382905427,3.5079372291742796,0.0,-0.0,0.9110417192837492,670.7452169448625,3.507920294765125,0.2
3158.2478404332496,3.5079354631191944,0.0,-0.0,0.9110417192837492,671.6659190875694,3.507918682528478,0.2
3158.407962106078,3.50793515641407,0.0,-0.0,0.9110417192837492,671.8260407603975,3.5079184026761565,0.2
3158.6361361157965,3.507934719707997,0.0,-0.0,0.9110417192837492,672.0542147701162,3.507918004159428,0.2
3158.864310125515,3.5079342832822302,0.0,-0.0,0.9110417192837492,672.282388779835,3.507917605964397,0.2
3159.320658144952,3.507933411113019,0.0,-0.0,0.9110417192837492,672.7387367992719,3.507916810538389,0.2
3160.233354183826,3.507931670188216,0.0,-0.0,0.9110417192837492,673.6514328381459,3.5079152235353313,0.2
3160.4094880643197,3.50793133469994,0.0,-0.0,0.9110417192837492,673.8275667186394,3.5079149178620255,0.2
3160.63566054808,3.5079309042533504,0.0,-0.0,0.9110417192837492,674.0537392023998,3.5079145256280633,0.2
3160.8618330318404,3.5079304740811073,0.0,-0.0,0.9110417192837492,674.2799116861602,3.507914133707951,0.2
3161.314177999361,3.5079296144011805,0.0,-0.0,0.9110417192837492,674.7322566536809,3.5079133508082703,0.2
3162.218867934402,3.5079278983772766,0.0,-0.0,0.9110417192837492,675.6369465887219,3.5079117887640665,0.2
3162.411014022562,3.507927534435769,0.0,-0.0,0.9110417192837492,675.8290926768818,3.50791145764669,0.2
3162.635184980364,3.5079271101914005,0.0,-0.0,0.9110417192837492,676.0532636346838,3.5079110716266775,0.2
3162.859355938166,3.507926686213885,0.0,-0.0,0.9110417192837492,676.2774345924859,3.5079106859128104,0.2
3163.30769785377,3.5079258389091903,0.0,-0.0,0.9110417192837492,676.7257765080899,3.5079099154025393,0.2
3164.204381684978,3.507924147555565,0.0,-0.0,0.9110417192837492,677.622460339298,3.507908378045068,0.2
3164.412539980804,3.5079237554889335,0.0,-0.0,0.9110417192837492,677.8306186351238,3.5079080218565104,0.2
3164.6347094126477,3.5079233373889016,0.0,-0.0,0.9110417192837492,678.0527880669674,3.507907641982289,0.2
3164.8568788444913,3.507922919549441,0.0,-0.0,0.9110417192837492,678.2749574988111,3.50790726240665,0.2
3165.3012177081787,3.5079220845057844,0.0,-0.0,0.9110417192837492,678.7192963624984,3.5079065041501787,0.2
3166.189895435554,3.507920417595454,0.0,-0.0,0.9110417192837492,679.6079740898736,3.507904991209908,0.2
3166.4140659390464,3.5079199977276705,0.0,-0.0,0.9110417192837492,679.8321445933661,3.5079046103190734,0.2
3166.6342338449317,3.5079195857148617,0.0,-0.0,0.9110417192837492,680.0523124992515,3.507904236523137,0.2
3166.854401750817,3.5079191739568296,0.0,-0.0,0.9110417192837492,680.2724804051368,3.5079038630183597,0.2
3167.294737562588,3.50791835106012,0.0,-0.0,0.9110417192837492,680.7128162169079,3.5079031168813732,0.2
3168.1754091861303,3.5079167083686826,0.0,-0.0,0.9110417192837492,681.59348784045,3.5079016280913375,0.2
3168.4155918972883,3.5079162610211867,0.0,-0.0,0.9110417192837492,681.8336705516081,3.507901222863182,0.2
3168.6337582772157,3.5079158550394895,0.0,-0.0,0.9110417192837492,682.0518369315355,3.5079008550786717,0.2
3168.851924657143,3.507915449306016,0.0,-0.0,0.9110417192837492,682.2700033114629,3.5079004875780333,0.2
3169.2882574169976,3.5079146384451088,0.0,-0.0,0.9110417192837492,682.7063360713173,3.5078997534275,0.2
3170.160922936707,3.507913019748041,0.0,-0.0,0.9110417192837492,683.5790015910266,3.5078982885232795,0.2
3170.4171178555307,3.5079125452390736,0.0,-0.0,0.9110417192837492,683.8351965098504,3.507897859318848,0.2
3170.6332827095,3.5079121452328,0.0,-0.0,0.9110417192837492,684.0513613638195,3.5078974974795445,0.2
3170.849447563469,3.5079117454682125,0.0,-0.0,0.9110417192837492,684.2675262177886,3.5078971359169637,0.2
3171.281777271407,3.5079109465315286,0.0,-0.0,0.9110417192837492,684.6998559257268,3.5078964136211246,0.2
3172.1464366872833,3.507909351608436,0.0,-0.0,0.9110417192837492,685.564515341603,3.5078949723408197,0.2
3172.4186438137726,3.5079088502525084,0.0,-0.0,0.9110417192837492,685.8367224680924,3.5078945195172837,0.2
3172.6328071417834,3.507908456166242,0.0,-0.0,0.9110417192837492,686.0508857961031,3.5078941635576038,0.2
3172.846970469794,3.507908062316381,0.0,-0.0,0.9110417192837492,686.2650491241138,3.5078938078676303,0.2
3173.2752971258155,3.5079072751913998,0.0,-0.0,0.9110417192837492,686.6933757801353,3.5078930972959865,0.2
3174.131950437859,3.5079057038234396,0.0,-0.0,0.9110417192837492,687.5500290921786,3.5078916793801977,0.2
3174.420169772015,3.507905175934261,0.0,-0.0,0.9110417192837492,687.8382484263348,3.5078912032908915,0.2
3174.6323315740674,3.5079047877129366,0.0,-0.0,0.9110417192837492,688.0504102283871,3.5078908531458817,0.2
3174.8444933761198,3.50790439972177,0.0,-0.0,0.9110417192837492,688.2625720304395,3.5078905032636936,0.2
3175.268816980225,3.5079036243012096,0.0,-0.0,0.9110417192837492,688.6868956345447,3.5078898042869966,0.2
3176.1174641884354,3.507902076270244,0.0,-0.0,0.9110417192837492,689.5355428427551,3.5078884094788014,0.2
3176.421695730257,3.5079015221566494,0.0,-0.0,0.9110417192837492,689.8397743845767,3.5078879104732583,0.2
3176.6318560063514,3.507901139744991,0.0,-0.0,0.9110417192837492,690.0499346606712,3.5078875660785878,0.2
3176.842016282446,3.5079007575592325,0.0,-0.0,0.9110417192837492,690.2600949367657,3.5078872219399857,0.2
3177.2623368346344,3.5078999937332296,0.0,-0.0,0.9110417192837492,690.6804154889542,3.5078865344302255,0.2
3178.102977939012,3.5078984688237673,0.0,-0.0,0.9110417192837492,691.5210565933317,3.507885162475157,0.2
3178.423221688499,3.507897888792697,0.0,-0.0,0.9110417192837492,691.8413003428186,3.507884640899145,0.2
3178.631380438635,3.5078975121378515,0.0,-0.0,0.9110417192837492,692.0494590929547,3.5078843021911026,0.2
3178.839539188771,3.5078971357026134,0.0,-0.0,0.9110417192837492,692.2576178430909,3.507883963732503,0.2
3179.2558566890434,3.5078963833650763,0.0,-0.0,0.9110417192837492,692.6739353433632,3.5078832875628962,0.2
3180.088491689588,3.5078948813631783,0.0,-0.0,0.9110417192837492,693.5065703439077,3.50788193820892,0.2
3180.4247476467413,3.5078942757182583,0.0,-0.0,0.9110417192837492,693.842826301061,3.5078813944044787,0.2
3180.630904870919,3.5078939047660853,0.0,-0.0,0.9110417192837492,694.0489835252388,3.5078810613199654,0.2
3180.837062095097,3.5078935340281285,0.0,-0.0,0.9110417192837492,694.2551407494166,3.5078807284783955,0.2
3181.2493765434524,3.5078927930723784,0.0,-0.0,0.9110417192837492,694.6674551977721,3.507880063523377,0.2
3182.0740054401635,3.507891313765847,0.0,-0.0,0.9110417192837492,695.4920840944833,3.507878736520871,0.2
3182.426273604983,3.507890682807596,0.0,-0.0,0.9110417192837492,695.8443522593029,3.507878170826345,0.2
3182.6304293032026,3.5078903175057636,0.0,-0.0,0.9110417192837492,696.0485079575224,3.5078778433028694,0.2
3182.834585001422,3.5078899524121816,0.0,-0.0,0.9110417192837492,696.2526636557418,3.5078775160159625,0.2
3183.2428963978614,3.507889222732498,0.0,-0.0,0.9110417192837492,696.6609750521811,3.507876862151171,0.2
3184.0595191907396,3.507887765911015,0.0,-0.0,0.9110417192837492,697.4775978450593,3.5078755572529032,0.2
3184.4277995632256,3.507887109937797,0.0,-0.0,0.9110417192837492,697.8458782175453,3.50787497000298,0.2
3184.629953735487,3.507886750233003,0.0,-0.0,0.9110417192837492,698.0480323898068,3.507874647978652,0.2
3184.8321079077487,3.5078863907314592,0.0,-0.0,0.9110417192837492,698.2501865620684,3.5078743261846403,0.2
3185.2364162522713,3.507885672222163,0.0,-0.0,0.9110417192837492,698.654494906591,3.5078736832869115,0.2
3186.0450329413165,3.5078842376786525,0.0,-0.0,0.9110417192837492,699.4631115956363,3.507872400248019,0.2
3186.4293255214675,3.5078835569861737,0.0,-0.0,0.9110417192837492,699.8474041757872,3.50787179177376,0.2
3186.6294781677707,3.507883202826716,0.0,-0.0,0.9110417192837492,700.0475568220904,3.507871475187286,0.2
3186.829630814074,3.507882848865001,0.0,-0.0,0.9110417192837492,700.2477094683936,3.507871158824999,0.2
3187.2299361066803,3.5078821414234733,0.0,-0.0,0.9110417192837492,700.648014761,3.507870526772351,0.2
3188.0305466918926,3.5078807289503313,0.0,-0.0,0.9110417192837492,701.4486253462123,3.5078692653503194,0.2
3188.43085147971,3.507880023808875,0.0,-0.0,0.9110417192837492,701.8489301340296,3.507868635979197,0.2
3188.6290026000547,3.5078796751432764,0.0,-0.0,0.9110417192837492,702.0470812543745,3.507868324769875,0.2
3188.8271537203996,3.507879326669502,0.0,-0.0,0.9110417192837492,702.2452323747193,3.50786801377873,0.2
3189.2234559610893,3.507878630192155,0.0,-0.0,0.9110417192837492,702.641534615409,3.5078673924503554,0.2
3190.0160604424686,3.507877239584821,0.0,-0.0,0.9110417192837492,703.4341390967884,3.5078661524049966,0.2
3190.432377437952,3.507876510307784,0.0,-0.0,0.9110417192837492,703.8504560922715,3.507865502460928,0.2
3190.6285270323383,3.507876167084544,0.0,-0.0,0.9110417192837492,704.046605686658,3.507865196568642,0.2
3190.824676626725,3.507875824047786,0.0,-0.0,0.9110417192837492,704.2427552810445,3.50786489088864,0.2
3191.2169758154982,3.507875138433119,0.0,-0.0,0.9110417192837492,704.635054469818,3.507864280164895,0.2
3192.0015741930447,3.507873769488529,0.0,-0.0,0.9110417192837492,705.4196528473644,3.507863061258327,0.2
3192.4339033961937,3.507873016363119,0.0,-0.0,0.9110417192837492,705.8519820505135,3.5078623910617073,0.2
3192.6280514646223,3.5078726785314984,0.0,-0.0,0.9110417192837492,706.0461301189421,3.507862090426922,0.2
3192.822199533051,3.5078723408817547,0.0,-0.0,0.9110417192837492,706.2402781873707,3.5078617899986426,0.2
3193.2104956699077,3.5078716660274316,0.0,-0.0,0.9110417192837492,706.6285743242274,3.5078611897610363,0.2
3193.987087943621,3.5078703185448736,0.0,-0.0,0.9110417192837492,707.4051665979409,3.5078599917576647,0.2
3194.435429354436,3.5078695418557837,0.0,-0.0,0.9110417192837492,707.8535080087559,3.5078593016254005,0.2
3194.6275758969064,3.507869209365124,0.0,-0.0,0.9110417192837492,708.0456545512261,3.507859006189155,0.2
3194.8197224393766,3.5078688770513464,0.0,-0.0,0.9110417192837492,708.2378010936964,3.507858710953754,0.2
3195.204015524317,3.507868212857778,0.0,-0.0,0.9110417192837492,708.6220941786369,3.507858121084937,0.2
3195.9726016941977,3.5078668866373257,0.0,-0.0,0.9110417192837492,709.3906803485174,3.5078569437514306,0.2
3196.436955312678,3.50786608666707,0.0,-0.0,0.9110417192837492,709.8550339669978,3.507856233996974,0.2
3196.62710032919,3.507865759467192,0.0,-0.0,0.9110417192837492,710.0451789835097,3.507855943700879,0.2
3196.817245345702,3.5078654324398255,0.0,-0.0,0.9110417192837492,710.2353240000216,3.507855653600078,0.2
3197.1975353787257,3.5078647788072157,0.0,-0.0,0.9110417192837492,710.6156140330454,3.507855073983835,0.2
3197.9581154447733,3.507863473651763,0.0,-0.0,0.9110417192837492,711.376194099093,3.5078539170891094,0.2
3198.4384812709204,3.507862650679109,0.0,-0.0,0.9110417192837492,711.8565599252402,3.5078531880224895,0.2
3198.626624761474,3.5078623287204316,0.0,-0.0,0.9110417192837492,712.0447034157937,3.5078529028087195,0.2
3198.8147682520275,3.5078620069301314,0.0,-0.0,0.9110417192837492,712.2328469063473,3.5078526177848057,0.2
3199.1910552331346,3.507861363760063,0.0,-0.0,0.9110417192837492,712.6091338874544,3.507852048306042,0.2
3199.9436291953493,3.507860079473014,0.0,-0.0,0.9110417192837492,713.3617078496691,3.5078509116212375,0.2
3200.4400072291623,3.5078592337745884,0.0,-0.0,0.9110417192837492,713.8580858834821,3.507850163549095,0.2
3200.6261491937576,3.5078589170082113,0.0,-0.0,0.9110417192837492,714.0442278480773,3.507849883360385,0.2
3200.8122911583528,3.507858600406446,0.0,-0.0,0.9110417192837492,714.2303698126725,3.507849603356203,0.2
3201.1845750875436,3.507857967600673,0.0,-0.0,0.9110417192837492,714.6026537418634,3.5078490439009378,0.2
3201.9291429459254,3.507856703988101,0.0,-0.0,0.9110417192837492,715.3472216002451,3.5078479271993994,0.2
3202.4415331874047,3.50785583583823,0.0,-0.0,0.9110417192837492,715.8596118417245,3.5078471604250168,0.2
3202.625673626042,3.507855524215656,0.0,-0.0,0.9110417192837492,716.0437522803618,3.5078468852046583,0.2
3202.8098140646794,3.507855212753082,0.0,-0.0,0.9110417192837492,716.2278927189991,3.5078466101636065,0.2
3203.1780949419535,3.5078545902153415,0.0,-0.0,0.9110417192837492,716.5961735962733,3.507846060618959,0.2
3203.9146566965023,3.50785334708387,0.0,-0.0,0.9110417192837492,717.3327353508221,3.5078449636762192,0.2
3204.4430591456467,3.5078524567539047,0.0,-0.0,0.9110417192837492,717.8611377999664,3.507844178499554,0.2
3204.6251980583256,3.507852150226845,0.0,-0.0,0.9110417192837492,718.0432767126454,3.5078439081913864,0.2
3204.8073369710046,3.5078518438560025,0.0,-0.0,0.9110417192837492,718.2254156253243,3.507843638057412,0.2
3205.1716147963625,3.5078512314896146,0.0,-0.0,0.9110417192837492,718.5896934506823,3.507843098311595,0.2
3205.9001704470784,3.5078500086485156,0.0,-0.0,0.9110417192837492,719.3182491013981,3.5078420209053514,0.2
3206.444585103889,3.507849096407437,0.0,-0.0,0.9110417192837492,719.8626637582088,3.5078412176230684,0.2
3206.6247224906097,3.5078487949283814,0.0,-0.0,0.9110417192837492,720.0428011449294,3.507840952171477,0.2
3206.8048598773303,3.5078484936006347,0.0,-0.0,0.9110417192837492,720.22293853165,3.507840686889071,0.2
3207.1651346507715,3.5078478913110187,0.0,-0.0,0.9110417192837492,720.5832133050912,3.5078401568313806,0.2
3207.8856841976544,3.5078466885710027,0.0,-0.0,0.9110417192837492,721.3037628519742,3.507839098741477,0.2
3208.446111062131,3.507845754684918,0.0,-0.0,0.9110417192837492,721.8641897164507,3.507838277646978,0.2
3208.6242469228932,3.5078454582066754,0.0,-0.0,0.9110417192837492,722.042325577213,3.5078380169968892,0.2
3208.8023827836555,3.507845161874629,0.0,-0.0,0.9110417192837492,722.2204614379752,3.50783775651108,0.2
3209.1586545051805,3.507844569567949,0.0,-0.0,0.9110417192837492,722.5767331595002,3.507837236031884,0.2
3209.8711979482305,3.507843386739683,0.0,-0.0,0.9110417192837492,723.2892766025502,3.5078361970402927,0.2
3210.447637020373,3.507842431473292,0.0,-0.0,0.9110417192837492,723.8657156746926,3.5078353584237503,0.2
3210.6237713551773,3.5078421399488464,0.0,-0.0,0.9110417192837492,724.041850009497,3.507835102520625,0.2
3210.7999056899816,3.5078418485661054,0.0,-0.0,0.9110417192837492,724.2179843443014,3.507834846776976,0.2
3211.15217435959,3.507841266147979,0.0,-0.0,0.9110417192837492,724.5702530139097,3.5078343357677064,0.2
3211.856711698807,3.5078401030465036,0.0,-0.0,0.9110417192837492,725.2747903531267,3.507833315658508,0.2
3212.4491629786153,3.507839126660717,0.0,-0.0,0.9110417192837492,725.867241632935,3.507832459806894,0.2
3212.6232957874613,3.5078388400426768,0.0,-0.0,0.9110417192837492,726.041374441781,3.5078322085967235,0.2
3212.7974285963073,3.507838553562982,0.0,-0.0,0.9110417192837492,726.2155072506271,3.5078319575413266,0.2
3213.1456942139994,3.5078379809410505,0.0,-0.0,0.9110417192837492,726.5637728683191,3.507831455894469,0.2
3213.8422254493835,3.5078368373813342,0.0,-0.0,0.9110417192837492,727.2603041037032,3.507830454453835,0.2
3214.450688936857,3.507835840135705,0.0,-0.0,0.9110417192837492,727.868767591177,3.5078295816509506,0.2
3214.622820219745,3.507835558378324,0.0,-0.0,0.9110417192837492,728.0408988740646,3.507829335080254,0.2
3214.7949515026326,3.5078352767551553,0.0,-0.0,0.9110417192837492,728.2130301569523,3.507829088659726,0.2
3215.139214068408,3.5078347138366768,0.0,-0.0,0.9110417192837492,728.5572927227277,3.507828596268809,0.2
3215.8277391999586,3.507833589636209,0.0,-0.0,0.9110417192837492,729.2458178542784,3.5078276132849795,0.2
3216.4522148950996,3.5078325717871026,0.0,-0.0,0.9110417192837492,729.8702935494193,3.5078267238114913,0.2
3216.622344652029,3.5078322948447136,0.0,-0.0,0.9110417192837492,730.0404233063487,3.5078264818273057,0.2
3216.7924744089582,3.507832018032532,0.0,-0.0,0.9110417192837492,730.210553063278,3.5078262399887823,0.2
3217.1327339228174,3.507831464726549,0.0,-0.0,0.9110417192837492,730.5508125771371,3.5078257567483715,0.2
3217.813252950535,3.5078303597030107,0.0,-0.0,0.9110417192837492,731.2313316048549,3.507824792011642,0.2
3218.4537408533415,3.5078293215052083,0.0,-0.0,0.9110417192837492,731.8718195076613,3.5078238861451037,0.2
3218.621869084313,3.50782904933207,0.0,-0.0,0.9110417192837492,732.0399477386327,3.507823648694984,0.2
3218.7899973152844,3.5078287772857895,0.0,-0.0,0.9110417192837492,732.2080759696041,3.507823411386117,0.2
3219.126253777227,3.507828233501134,0.0,-0.0,0.9110417192837492,732.5443324315465,3.507822937191802,0.2
3219.7987667011116,3.507827147475351,0.0,-0.0,0.9110417192837492,733.2168453554314,3.5078219904945,0.2
3220.455266811584,3.5078260891804787,0.0,-0.0,0.9110417192837492,733.8733454659036,3.507821068509389,0.2
3220.621393516597,3.507825821731941,0.0,-0.0,0.9110417192837492,734.0394721709167,3.507820835541403,0.2
3220.78752022161,3.5078255544063452,0.0,-0.0,0.9110417192837492,734.2055988759298,3.5078206027103533,0.2
3221.1197736316362,3.5078250200542964,0.0,-0.0,0.9110417192837492,734.537852285956,3.5078201374587406,0.2
3221.784280451688,3.5078239528476525,0.0,-0.0,0.9110417192837492,735.2023591060079,3.507819208595211,0.2
3222.456792769826,3.507822874705073,0.0,-0.0,0.9110417192837492,735.8748714241456,3.5078182707629546,0.2
3222.6209179488806,3.5078226119363753,0.0,-0.0,0.9110417192837492,736.0389966032003,3.5078180422256757,0.2
3222.7850431279353,3.507822349286597,0.0,-0.0,0.9110417192837492,736.203121782255,3.50781781382111,0.2
3223.1132934860448,3.507821824278201,0.0,-0.0,0.9110417192837492,736.5313721403645,3.507817357409813,0.2
3223.7697942022637,3.5078207757136024,0.0,-0.0,0.9110417192837492,737.1878728565835,3.5078164461763985,0.2
3224.458318728068,3.507819677970823,0.0,-0.0,0.9110417192837492,737.876397382388,3.507815492765404,0.2
3224.6204423811646,3.5078194198376593,0.0,-0.0,0.9110417192837492,738.0385210354843,3.5078152686079083,0.2
3224.782566034261,3.5078191618197017,0.0,-0.0,0.9110417192837492,738.2006446885807,3.507815044578996,0.2
3225.106813340454,3.5078186460664638,0.0,-0.0,0.9110417192837492,738.524891994774,3.507814596906627,0.2
3225.75530795284,3.5078176159687695,0.0,-0.0,0.9110417192837492,739.17338660716,3.507813703101649,0.2
3226.45984468631,3.507816498870317,0.0,-0.0,0.9110417192837492,739.8779233406299,3.507812734377333,0.2
3226.6199668134486,3.507816245328672,0.0,-0.0,0.9110417192837492,740.0380454677684,3.5078125145491947,0.2
3226.780088940587,3.507815991899575,0.0,-0.0,0.9110417192837492,740.1981675949069,3.5078122948456003,0.2
3227.1003331948637,3.507815485313545,0.0,-0.0,0.9110417192837492,740.5184118491834,3.507811855811761,0.2
3227.7408217034167,3.507814473508626,0.0,-0.0,0.9110417192837492,741.1589003577365,3.5078109792355043,0.2
3228.461370644552,3.5078133372972875,0.0,-0.0,0.9110417192837492,741.8794492988718,3.5078099954603212,0.2
3228.619491245732,3.5078130883042755,0.0,-0.0,0.9110417192837492,742.037569900052,3.507809779911609,0.2
3228.7776118469124,3.5078128394197465,0.0,-0.0,0.9110417192837492,742.1956905012321,3.5078095644834897,0.2
3229.0938530492726,3.507812341915508,0.0,-0.0,0.9110417192837492,742.5119317035924,3.5078091339887605,0.2
3229.7263354539928,3.507811348230433,0.0,-0.0,0.9110417192837492,743.1444141083125,3.507808274443454,0.2
3230.4628966027944,3.507810193147602,0.0,-0.0,0.9110417192837492,743.8809752571142,3.507807275876926,0.2
3230.6190156780162,3.507809948658708,0.0,-0.0,0.9110417192837492,744.037094332336,3.507807064558196,0.2
3230.775134753238,3.5078097042758873,0.0,-0.0,0.9110417192837492,744.1932134075578,3.507806853356196,0.2
3231.0873729036816,3.5078092157665637,0.0,-0.0,0.9110417192837492,744.5054515580014,3.5078064313021304,0.2
3231.711849204569,3.507808240031503,0.0,-0.0,0.9110417192837492,745.1299278588885,3.5078055885919306,0.2
3232.4644225610364,3.5078070663134917,0.0,-0.0,0.9110417192837492,745.8825012153561,3.507804575490672,0.2
3232.6185401103,3.507806826287441,0.0,-0.0,0.9110417192837492,746.0366187646196,3.5078043683529665,0.2
3232.7726576595633,3.5078065863641443,0.0,-0.0,0.9110417192837492,746.190736313883,3.507804161328215,0.2
3233.08089275809,3.5078061067645345,0.0,-0.0,0.9110417192837492,746.4989714124099,3.507803747617329,0.2
3233.6973629551444,3.5078051488101396,0.0,-0.0,0.9110417192837492,747.1154416094641,3.5078029215483015,0.2
3234.4659485192788,3.507803956692322,0.0,-0.0,0.9110417192837492,747.8840271735985,3.507801894166052,0.2
3234.618064542584,3.5078037210871518,0.0,-0.0,0.9110417192837492,748.0361431969036,3.5078016911608922,0.2
3234.770180565889,3.5078034855804434,0.0,-0.0,0.9110417192837492,748.1882592202087,3.507801488264996,0.2
3235.0744126124996,3.507803014806705,0.0,-0.0,0.9110417192837492,748.4924912668193,3.5078010828007593,0.2
3235.682876705721,3.5078020744639815,0.0,-0.0,0.9110417192837492,749.1009553600406,3.507800273180863,0.2
3236.4674744775207,3.50780086418143,0.0,-0.0,0.9110417192837492,749.8855531318404,3.507799231768511,0.2
3236.617588974868,3.507800632954139,0.0,-0.0,0.9110417192837492,750.0356676291876,3.5077990328478954,0.2
3236.767703472215,3.5078004018219566,0.0,-0.0,0.9110417192837492,750.1857821265348,3.5077988340329362,0.2
3237.067932466909,3.507799939790806,0.0,-0.0,0.9110417192837492,750.4860111212288,3.507798436719764,0.2
3237.6683904562974,3.507799016893183,0.0,-0.0,0.9110417192837492,751.0864691106171,3.5077976433588334,0.2
3238.469000435763,3.5077977886771334,0.0,-0.0,0.9110417192837492,751.8870790900828,3.5077965881644464,0.2
3238.617113407152,3.5077975617858916,0.0,-0.0,0.9110417192837492,752.0351920614717,3.507796393280844,0.2
3238.765226378541,3.5077973349870737,0.0,-0.0,0.9110417192837492,752.1833050328605,3.507796198499374,0.2
3239.0614523213185,3.507796881614587,0.0,-0.0,0.9110417192837492,752.4795309756382,3.5077958092426185,0.2
3239.653904206874,3.5077959759975084,0.0,-0.0,0.9110417192837492,753.0719828611936,3.5077950319523468,0.2
3240.470526394005,3.5077947300417147,0.0,-0.0,0.9110417192837492,753.8886050483247,3.507793963221197,0.2
3240.6166378394355,3.5077945074452876,0.0,-0.0,0.9110417192837492,754.0347164937552,3.5077937723275445,0.2
3240.762749284866,3.507794284938658,0.0,-0.0,0.9110417192837492,754.1808279391857,3.5077935815325825,0.2
3241.054972175727,3.507793840142173,0.0,-0.0,0.9110417192837492,754.4730508300468,3.507793200238525,0.2
3241.6394179574495,3.507792951642416,0.0,-0.0,0.9110417192837492,755.0574966117692,3.5077924388324475,0.2
3242.472052352247,3.5077916882071527,0.0,-0.0,0.9110417192837492,755.8901310065667,3.507791356807039,0.2
3242.616162271719,3.5077914698648716,0.0,-0.0,0.9110417192837492,756.0342409260388,3.5077911698567372,0.2
3242.7602721911912,3.5077912516092367,0.0,-0.0,0.9110417192837492,756.178350845511,3.507790983001763,0.2
3243.048492030136,3.5077908153085664,0.0,-0.0,0.9110417192837492,756.4665706844557,3.5077906095776035,0.2
3243.6249317080255,3.5077899437625177,0.0,-0.0,0.9110417192837492,757.0430103623453,3.5077898638710816,0.2
3244.4735783104893,3.507788663072116,0.0,-0.0,0.9110417192837492,757.891656964809,3.507788768791179,0.2
3244.6156867040036,3.507788448943792,0.0,-0.0,0.9110417192837492,758.0337653583233,3.507788585738086,0.2
3244.757795097518,3.5077882348986282,0.0,-0.0,0.9110417192837492,758.1758737518376,3.5077884027770376,0.2
3245.042011884546,3.5077878070121873,0.0,-0.0,0.9110417192837492,758.4600905388656,3.5077880371308896,0.2
3245.6104454586025,3.507786952259166,0.0,-0.0,0.9110417192837492,759.0285241129222,3.507787306941092,0.2
3246.4751042687312,3.5077856545373063,0.0,-0.0,0.9110417192837492,759.893182923051,3.507786199043746,0.2
3246.615211136287,3.5077854445815335,0.0,-0.0,0.9110417192837492,760.0332897906069,3.5077860198421758,0.2
3246.755318003843,3.5077852347068808,0.0,-0.0,0.9110417192837492,760.1733966581628,3.507785840729445,0.2
3247.035531738955,3.5077848151547464,0.0,-0.0,0.9110417192837492,760.4536103932746,3.5077854827703234,0.2
3247.595959209178,3.5077839770352908,0.0,-0.0,0.9110417192837492,761.0140378634978,3.5077847679162137,0.2
3248.4766302269736,3.5077826625026485,0.0,-0.0,0.9110417192837492,761.8947088812934,3.5077836474357844,0.2
3248.614735568571,3.507782456680331,0.0,-0.0,0.9110417192837492,762.0328142228909,3.5077834720405017,0.2
3248.7528409101687,3.5077822509365477,0.0,-0.0,0.9110417192837492,762.1709195644885,3.507783296730929,0.2
3249.029051593364,3.507781839638283,0.0,-0.0,0.9110417192837492,762.4471302476836,3.507782946368747,0.2
3249.581472959754,3.5077810179943705,0.0,-0.0,0.9110417192837492,762.9995516140739,3.507782246671064,0.2
3250.4781561852155,3.507779686869137,0.0,-0.0,0.9110417192837492,763.8962348395353,3.507781113839252,0.2
3250.6142600008548,3.507779485141253,0.0,-0.0,0.9110417192837492,764.0323386551745,3.5077809422054673,0.2
3250.750363816494,3.5077792834883503,0.0,-0.0,0.9110417192837492,764.1684424708137,3.5077807706543394,0.2
3251.022571447773,3.5077788803662666,0.0,-0.0,0.9110417192837492,764.4406501020926,3.5077804277998954,0.2
3251.56698671033,3.507778075040258,0.0,-0.0,0.9110417192837492,764.9850653646499,3.507779743081139,0.2
3252.479682143458,3.507776727539561,0.0,-0.0,0.9110417192837492,765.8977607977777,3.507778598127008,0.2
3252.6137844331392,3.50777652986591,0.0,-0.0,0.9110417192837492,766.031863087459,3.507778430210375,0.2
3252.7478867228206,3.507776332265031,0.0,-0.0,0.9110417192837492,766.1659653771403,3.50777826237342,0.2
3253.0160913021828,3.5077759372402078,0.0,-0.0,0.9110417192837492,766.4341699565025,3.507777926938392,0.2
3253.552500460907,3.507775148077629,0.0,-0.0,0.9110417192837492,766.9705791152269,3.5077772570228065,0.2
3254.4812081017,3.507773784415767,0.0,-0.0,0.9110417192837492,767.8992867560196,3.5077761001728094,0.2
3254.613308865423,3.5077735907573366,0.0,-0.0,0.9110417192837492,768.0313875197426,3.5077759359294203,0.2
3254.745409629146,3.5077733971698013,0.0,-0.0,0.9110417192837492,768.1634882834655,3.507775771762803,0.2
3255.0096111565917,3.5077730101647613,0.0,-0.0,0.9110417192837492,768.4276898109115,3.507775443659741,0.2
3255.538014211483,3.507772237010911,0.0,-0.0,0.9110417192837492,768.9560928658029,3.507774788373301,0.2
3256.4827340599422,3.507770857400514,0.0,-0.0,0.9110417192837492,769.900812714262,3.507773619851306,0.2
3256.612833297707,3.5077706677199316,0.0,-0.0,0.9110417192837492,770.0309119520266,3.5077734592376872,0.2
3256.7429325354715,3.5077704781067682,0.0,-0.0,0.9110417192837492,770.1610111897912,3.5077732986980066,0.2
3257.0031310110007,3.5077700990450387,0.0,-0.0,0.9110417192837492,770.4212096653205,3.5077729778403226,0.2
3257.5235279620592,3.5077693417462594,0.0,-0.0,0.9110417192837492,770.941606616379,3.5077723370107137,0.2
3258.484260018184,3.5077679463986238,0.0,-0.0,0.9110417192837492,771.9023386725039,3.5077711570380297,0.2
3258.6123577299904,3.5077677606566615,0.0,-0.0,0.9110417192837492,772.0304363843102,3.5077710000111386,0.2
3258.7404554417967,3.5077675749800328,0.0,-0.0,0.9110417192837492,772.1585340961165,3.507770843055422,0.2
3258.9966508654097,3.507767203785452,0.0,-0.0,0.9110417192837492,772.4147295197295,3.5077705293573858,0.2
3259.5090417126353,3.507766462190429,0.0,-0.0,0.9110417192837492,772.927120366955,3.5077699028139935,0.2
3260.485785976426,3.507765051313278,0.0,-0.0,0.9110417192837492,773.9038646307458,3.5077687116093936,0.2
3260.6118821622745,3.5077648694727213,0.0,-0.0,0.9110417192837492,774.0299608165942,3.507768558126614,0.2
3260.737978348123,3.5077646876946114,0.0,-0.0,0.9110417192837492,774.1560570024426,3.5077684047123157,0.2
3260.990170719819,3.5077643242917596,0.0,-0.0,0.9110417192837492,774.4082493741389,3.5077680980890427,0.2
3261.494555463212,3.5077635982503756,0.0,-0.0,0.9110417192837492,774.9126341175315,3.507767485662934,0.2
3262.4873119346685,3.507762172050544,0.0,-0.0,0.9110417192837492,775.9053905889882,3.5077662834426815,0.2
3262.6114065945585,3.5077619940735616,0.0,-0.0,0.9110417192837492,776.0294852488782,3.5077661334618195,0.2
3262.7355012544485,3.507761816156452,0.0,-0.0,0.9110417192837492,776.1535799087683,3.5077659835468147,0.2
3262.983690574228,3.507761460469866,0.0,-0.0,0.9110417192837492,776.4017692285479,3.5077656839142617,0.2
3263.480069213788,3.5077607498335124,0.0,-0.0,0.9110417192837492,776.8981478681076,3.507765085438172,0.2
3264.472826492907,3.507759331361708,0.0,-0.0,0.9110417192837492,777.8909051472269,3.5077638916355953,0.2
3264.4888378929104,3.5077593085153898,0.0,-0.0,0.9110417192837492,777.9069165472301,3.507763872416044,0.2
3264.610931026842,3.507759134364108,0.0,-0.0,0.9110417192837492,778.0290096811618,3.507763725895326,0.2
3264.7330241607738,3.50775896027102,0.0,-0.0,0.9110417192837492,778.1511028150935,3.507763579437908,0.2
3264.977210428637,3.5077586122264766,0.0,-0.0,0.9110417192837492,778.3952890829569,3.5077632867128643,0.2
3265.465582964364,3.5077579168476536,0.0,-0.0,0.9110417192837492,778.8836616186836,3.5077627020211795,0.2
3266.4423280358174,3.507756528783604,0.0,-0.0,0.9110417192837492,779.8604066901371,3.507761535665312,0.2
3266.490363851153,3.507756460613322,0.0,-0.0,0.9110417192837492,779.9084425054725,3.5077614784084923,0.2
3266.610455459126,3.507756290251822,0.0,-0.0,0.9110417192837492,780.0285341134459,3.5077613353065584,0.2
3266.7305470670995,3.5077561199453235,0.0,-0.0,0.9110417192837492,780.1486257214192,3.5077611922654346,0.2
3266.970730283046,3.507755779470549,0.0,-0.0,0.9110417192837492,780.3888089373659,3.507760906365514,0.2
3267.45109671494,3.5077550992012103,0.0,-0.0,0.9110417192837492,780.8691753692597,3.507760335294259,0.2
3268.4118295787275,3.507753741254551,0.0,-0.0,0.9110417192837492,781.8299082330473,3.507759196060318,0.2
3268.4918898093947,3.5077536282515855,0.0,-0.0,0.9110417192837492,781.9099684637144,3.5077591012998903,0.2
3268.6099798914097,3.507753461642724,0.0,-0.0,0.9110417192837492,782.0280585457294,3.507758961575793,0.2
3268.7280699734247,3.507753295086831,0.0,-0.0,0.9110417192837492,782.1461486277444,3.507758821910081,0.2
3268.964250137455,3.5077529621080252,0.0,-0.0,0.9110417192837492,782.3823287917749,3.5077585427537152,0.2
3269.436610465516,3.507752296803303,0.0,-0.0,0.9110417192837492,782.8546891198357,3.5077579851405365,0.2
3270.3813311216377,3.507750968686742,0.0,-0.0,0.9110417192837492,783.7994097759574,3.5077568727069357,0.2
3270.493415767637,3.5077508113377798,0.0,-0.0,0.9110417192837492,783.9114944219568,3.507756740970952,0.2
3270.609504323694,3.5077506484453265,0.0,-0.0,0.9110417192837492,784.0275829780139,3.507756604584151,0.2
3270.7255928797513,3.5077504856037494,0.0,-0.0,0.9110417192837492,784.143671534071,3.5077564682533744,0.2
3270.957769991865,3.5077501600481353,0.0,-0.0,0.9110417192837492,784.3758486461847,3.5077561957598054,0.2
3271.422124216093,3.5077495095646376,0.0,-0.0,0.9110417192837492,784.8402028704127,3.507755651443957,0.2
3272.3508326645483,3.507748210992052,0.0,-0.0,0.9110417192837492,785.768911318868,3.507754565492276,0.2
3272.494941725879,3.507748009780423,0.0,-0.0,0.9110417192837492,785.9130203801988,3.507754397303231,0.2
3272.6090287559778,3.507747850567843,0.0,-0.0,0.9110417192837492,786.0271074102975,3.50775426421359,0.2
3272.7231157860765,3.507747691405245,0.0,-0.0,0.9110417192837492,786.1411944403962,3.5077541311776765,0.2
3272.951289846274,3.5077473732004063,0.0,-0.0,0.9110417192837492,786.3693685005937,3.5077538652669484,0.2
3273.407637966669,3.507746737395499,0.0,-0.0,0.9110417192837492,786.8257166209887,3.5077533340892786,0.2
3274.3203342074585,3.5077454680838605,0.0,-0.0,0.9110417192837492,787.7384128617782,3.5077522743042344,0.2
3274.4964676841214,3.5077452234882447,0.0,-0.0,0.9110417192837492,787.9145463384411,3.5077520701791185,0.2
3274.608553188262,3.5077450679203954,0.0,-0.0,0.9110417192837492,788.0266318425815,3.507751940346901,0.2
3274.720638692402,3.507744912400463,0.0,-0.0,0.9110417192837492,788.1387173467219,3.507751810566177,0.2
3274.944809700683,3.507744601475533,0.0,-0.0,0.9110417192837492,788.3628883550027,3.5077515511591297,0.2
3275.393151717245,3.5077439802071195,0.0,-0.0,0.9110417192837492,788.8112303715648,3.5077510329620645,0.2
3276.2898357503686,3.507742739875801,0.0,-0.0,0.9110417192837492,789.7079144046884,3.507749999031486,0.2
3276.4979936423633,3.507742452370098,0.0,-0.0,0.9110417192837492,789.9160722966831,3.507749759481836,0.2
3276.6080776205454,3.5077423004116577,0.0,-0.0,0.9110417192837492,790.0261562748651,3.5077496328677027,0.2
3276.7181615987274,3.5077421484989615,0.0,-0.0,0.9110417192837492,790.1362402530472,3.5077495063028903,0.2
3276.938329555092,3.5077418447841935,0.0,-0.0,0.9110417192837492,790.3564082094117,3.5077492533211516,0.2
3277.378665467821,3.507741237912188,0.0,-0.0,0.9110417192837492,790.7967441221408,3.5077487479486815,0.2
3278.259337293279,3.507740026282357,0.0,-0.0,0.9110417192837492,791.6774159475985,3.5077477395634777,0.2
3278.4995196006053,3.507739696336368,0.0,-0.0,0.9110417192837492,791.917598254925,3.507747465095429,0.2
3278.6076020528294,3.5077395479520015,0.0,-0.0,0.9110417192837492,792.0256807071491,3.5077473416604334,0.2
3278.7156845050536,3.5077393996113564,0.0,-0.0,0.9110417192837492,792.1337631593733,3.507747218272646,0.2
3278.9318494095014,3.50773910303801,0.0,-0.0,0.9110417192837492,792.3499280638212,3.5077469716386247,0.2
3279.364179218397,3.5077385104220076,0.0,-0.0,0.9110417192837492,792.7822578727169,3.5077464789362915,0.2
3280.228838836189,3.507737327217602,0.0,-0.0,0.9110417192837492,793.6469174905087,3.5077454957904246,0.2
3280.5010455588476,3.5077369552971946,0.0,-0.0,0.9110417192837492,793.9191242131674,3.507745186904761,0.2
3280.6071264851134,3.5077368104524154,0.0,-0.0,0.9110417192837492,794.0252051394332,3.5077450666103456,0.2
3280.7132074113792,3.507736665649996,0.0,-0.0,0.9110417192837492,794.131286065699,3.5077449463610857,0.2
3280.925369263911,3.5077363761461164,0.0,-0.0,0.9110417192837492,794.3434479182306,3.507744705997965,0.2
3281.3496929689736,3.5077357976497545,0.0,-0.0,0.9110417192837492,794.7677716232934,3.5077442258128455,0.2
3282.1983403790996,3.5077346425975477,0.0,-0.0,0.9110417192837492,795.6164190334193,3.507743267603305,0.2
3282.5025715170896,3.507734229164601,0.0,-0.0,0.9110417192837492,795.9206501714093,3.5077429247955085,0.2
3282.606650917397,3.507734087824895,0.0,-0.0,0.9110417192837492,796.0247295717168,3.5077428076035018,0.2
3282.7107303177045,3.507733946525117,0.0,-0.0,0.9110417192837492,796.1288089720242,3.5077426904546565,0.2
3282.9188891183194,3.507733664024128,0.0,-0.0,0.9110417192837492,796.3369677726391,3.507742456286386,0.2
3283.335206719549,3.5077330995093847,0.0,-0.0,0.9110417192837492,796.753285373869,3.5077419884670795,0.2
3284.1678419220093,3.5077319723377207,0.0,-0.0,0.9110417192837492,797.585920576329,3.507741054893854,0.2
3284.504097475332,3.5077315178495394,0.0,-0.0,0.9110417192837492,797.9221761296517,3.507740678654155,0.2
3284.606175349681,3.50773137998072,0.0,-0.0,0.9110417192837492,798.0242540040008,3.5077405645267685,0.2
3284.70825322403,3.5077312421504487,0.0,-0.0,0.9110417192837492,798.1263318783499,3.5077404504406062,0.2
3284.912408972729,3.5077309665825585,0.0,-0.0,0.9110417192837492,798.3304876270486,3.5077402223918956,0.2
3285.3207204701257,3.507730415914452,0.0,-0.0,0.9110417192837492,798.7387991244454,3.5077397667885104,0.2
3286.13734346492,3.5077293163538408,0.0,-0.0,0.9110417192837492,799.5554221192397,3.5077388575545596,0.2
3286.505623433574,3.5077288212641022,0.0,-0.0,0.9110417192837492,799.9237020878936,3.507738448367986,0.2
3286.605699781965,3.5077286868324915,0.0,-0.0,0.9110417192837492,800.0237784362848,3.5077383372678095,0.2
3286.7057761303563,3.5077285524371025,0.0,-0.0,0.9110417192837492,800.123854784676,3.5077382262069765,0.2
3286.9059288271383,3.507728283735604,0.0,-0.0,0.9110417192837492,800.324007481458,3.5077380042032877,0.2
3287.306234220702,3.507727746779658,0.0,-0.0,0.9110417192837492,800.724312875022,3.5077375606674264,0.2
3288.10684500783,3.5077266745638296,0.0,-0.0,0.9110417192837492,801.5249236621498,3.5077366754786556,0.2
3288.5071493918163,3.5077261393220236,0.0,-0.0,0.9110417192837492,801.925228046136,3.5077362338250824,0.2
3288.605224214249,3.507726008293683,0.0,-0.0,0.9110417192837492,802.0233028685689,3.50773612571508,0.2
3288.703299036682,3.507725877300339,0.0,-0.0,0.9110417192837492,802.1213776910017,3.5077360176425976,0.2
3288.8994486815477,3.5077256153980594,0.0,-0.0,0.9110417192837492,802.3175273358675,3.5077358016101394,0.2
3289.2917479712787,3.5077250920199736,0.0,-0.0,0.9110417192837492,802.7098266255985,3.507735369994885,0.2
3290.0763465507407,3.5077240468846522,0.0,-0.0,0.9110417192837492,803.4944252050605,3.5077345085601177,0.2
3290.508675350058,3.507723471936708,0.0,-0.0,0.9110417192837492,803.9267540043779,3.507734034914314,0.2
3290.6047486465327,3.5077233442778857,0.0,-0.0,0.9110417192837492,804.0228273008524,3.507733929757823,0.2
3290.700821943007,3.5077232166523817,0.0,-0.0,0.9110417192837492,804.118900597327,3.5077338246370826,0.2
3290.8929685359562,3.507722961483466,0.0,-0.0,0.9110417192837492,804.311047190276,3.5077336145028024,0.2
3291.2772617218543,3.507722451551488,0.0,-0.0,0.9110417192837492,804.695340376174,3.5077331946627073,0.2
3292.0458480936504,3.5077214332338245,0.0,-0.0,0.9110417192837492,805.4639267479702,3.507732356693659,0.2
3292.5102013083006,3.507720819025818,0.0,-0.0,0.9110417192837492,805.9282799626203,3.5077318515253353,0.2
3292.6042730788167,3.5077206947042043,0.0,-0.0,0.9110417192837492,806.0223517331365,3.507731749286062,0.2
3292.698344849333,3.507720570414942,0.0,-0.0,0.9110417192837492,806.1164235036526,3.507731647080823,0.2
3292.8864883903657,3.5077203219117195,0.0,-0.0,0.9110417192837492,806.3045670446854,3.507731442772401,0.2
3293.262775472431,3.50771982529515,0.0,-0.0,0.9110417192837492,806.6808541267505,3.50773103456347,0.2
3294.015349636561,3.507718833535027,0.0,-0.0,0.9110417192837492,807.4334282908808,3.507730219774722,0.2
3294.5117272665425,3.5077181804994666,0.0,-0.0,0.9110417192837492,807.9298059208622,3.5077296835485816,0.2
3294.6037975111003,3.50771805948216,0.0,-0.0,0.9110417192837492,808.02187616542,3.5077295841905958,0.2
3294.695867755658,3.5077179384950314,0.0,-0.0,0.9110417192837492,808.1139464099779,3.5077294848649814,0.2
3294.880008244774,3.507717696594888,0.0,-0.0,0.9110417192837492,808.298086899094,3.5077292863108247,0.2
3295.2482892230064,3.507717213162709,0.0,-0.0,0.9110417192837492,808.6663678773261,3.507728889590504,0.2
3295.9848511794708,3.507716247702331,0.0,-0.0,0.9110417192837492,809.4029298337905,3.507728097699477,0.2
3296.5132532247844,3.507715556272723,0.0,-0.0,0.9110417192837492,809.9313318791042,3.5077275308752593,0.2
3296.6033219433843,3.50771543852692,0.0,-0.0,0.9110417192837492,810.0214005977041,3.5077274343629936,0.2
3296.6933906619843,3.5077153208100027,0.0,-0.0,0.9110417192837492,810.111469316304,3.507727337881488,0.2
3296.8735280991837,3.507715085446989,0.0,-0.0,0.9110417192837492,810.2916067535034,3.5077271450107212,0.2
3297.233802973583,3.5077146150712215,0.0,-0.0,0.9110417192837492,810.6518816279026,3.5077267596378854,0.2
3297.9543527223814,3.507713675654544,0.0,-0.0,0.9110417192837492,811.3724313767011,3.5077259903648152,0.2
3298.514779183027,3.5077129462604075,0.0,-0.0,0.9110417192837492,811.9328578373465,3.5077253933973442,0.2
3298.6028463756684,3.507712831754416,0.0,-0.0,0.9110417192837492,812.0209250299881,3.5077252996955894,0.2
3298.69091356831,3.507712717275572,0.0,-0.0,0.9110417192837492,812.1089922226297,3.5077252060230353,0.2
3298.867047953593,3.5077124883850077,0.0,-0.0,0.9110417192837492,812.2851266079128,3.507725018765496,0.2
3299.2193167241594,3.5077120309376,0.0,-0.0,0.9110417192837492,812.6373953784791,3.507724644600434,0.2
3299.923854265292,3.507711117311445,0.0,-0.0,0.9110417192837492,813.3419329196117,3.507723897668345,0.2
3300.5163051412687,3.507710350378762,0.0,-0.0,0.9110417192837492,813.9343837955885,3.5077232710075745,0.2
3300.602370807952,3.5077102390800814,0.0,-0.0,0.9110417192837492,814.0204494622717,3.507723180081476,0.2
3300.688436474635,3.507710127807978,0.0,-0.0,0.9110417192837492,814.1065151289549,3.5077230891830697,0.2
3300.8605678080016,3.5077099053264806,0.0,-0.0,0.9110417192837492,814.2786464623214,3.5077229074693017,0.2
3301.204830474735,3.507709460680756,0.0,-0.0,0.9110417192837492,814.6229091290547,3.507722544373705,0.2
3301.8933558082017,3.5077085725935553,0.0,-0.0,0.9110417192837492,815.3114344625214,3.5077218195083835,0.2
3302.517831099511,3.507707768544193,0.0,-0.0,0.9110417192837492,815.9359097538309,3.5077211635994443,0.2
3302.601895240236,3.5077076604217035,0.0,-0.0,0.9110417192837492,816.0199738945557,3.5077210754145005,0.2
3302.685959380961,3.5077075523245043,0.0,-0.0,0.9110417192837492,816.1040380352806,3.5077209872557895,0.2
3302.854087662411,3.5077073361889664,0.0,-0.0,0.9110417192837492,816.2721663167308,3.507720811017036,0.2
3303.1903442253115,3.5077069042191913,0.0,-0.0,0.9110417192837492,816.6084228796312,3.507720458853985,0.2
3303.862857351112,3.5077060414217587,0.0,-0.0,0.9110417192837492,817.2809360054316,3.5077197557839566,0.2
3304.519357057753,3.507705200674197,0.0,-0.0,0.9110417192837492,817.9374357120728,3.507719071067201,0.2
3304.60141967252,3.5077050956966485,0.0,-0.0,0.9110417192837492,818.0194983268398,3.507718985589258,0.2
3304.683482287287,3.5077049907425346,0.0,-0.0,0.9110417192837492,818.1015609416067,3.5077189001361377,0.2
3304.8476075168205,3.5077047808907618,0.0,-0.0,0.9110417192837492,818.2656861711403,3.507718729304336,0.2
3305.175857975888,3.507704361472403,0.0,-0.0,0.9110417192837492,818.5939366302077,3.5077183879382865,0.2
3305.8323588940225,3.507703523717221,0.0,-0.0,0.9110417192837492,819.2504375483422,3.5077177063947906,0.2
3306.5208830159954,3.5077026466859484,0.0,-0.0,0.9110417192837492,819.9389616703152,3.5077169933058374,0.2
3306.600944104804,3.507702544822023,0.0,-0.0,0.9110417192837492,820.0190227591238,3.5077169105010877,0.2
3306.6810051936127,3.507702442979933,0.0,-0.0,0.9110417192837492,820.0990838479324,3.507716827719798,0.2
3306.84112737123,3.5077022393501043,0.0,-0.0,0.9110417192837492,820.2592060255497,3.5077166622275713,0.2
3307.1613717264645,3.5077018323593046,0.0,-0.0,0.9110417192837492,820.5794503807842,3.5077163315243443,0.2
3307.801860436933,3.5077010194018374,0.0,-0.0,0.9110417192837492,821.2199390912529,3.507715671241308,0.2
3308.5224089742374,3.5077001064974267,0.0,-0.0,0.9110417192837492,821.9404876285571,3.507714930211088,0.2
3308.6004685370876,3.507700007716121,0.0,-0.0,0.9110417192837492,822.0185471914074,3.507714850046066,0.2
3308.678528099938,3.50769990895603,0.0,-0.0,0.9110417192837492,822.0966067542577,3.5077147699031883,0.2
3308.8346472256385,3.5076997114859445,0.0,-0.0,0.9110417192837492,822.2527258799582,3.5077146096838407,0.2
3309.14688547704,3.5076993168003705,0.0,-0.0,0.9110417192837492,822.5649641313598,3.507714289510608,0.2
3309.771361979843,3.5076985283978175,0.0,-0.0,0.9110417192837492,823.1894406341626,3.507713650224624,0.2
3310.5239349324793,3.5076975800272763,0.0,-0.0,0.9110417192837492,823.942013586799,3.5077128816794243,0.2
3310.599992969371,3.5076974842987703,0.0,-0.0,0.9110417192837492,824.018071623691,3.5077128041210033,0.2
3310.676051006263,3.507697388589623,0.0,-0.0,0.9110417192837492,824.0941296605829,3.507712726583457,0.2
3310.8281670800475,3.507697197218654,0.0,-0.0,0.9110417192837492,824.2462457343672,3.507712571570967,0.2
3311.1323992276157,3.5076968147171854,0.0,-0.0,0.9110417192837492,824.5504778819354,3.50771226179624,0.2
3311.7408635227525,3.5076960506276063,0.0,-0.0,0.9110417192837492,825.1589421770723,3.507711643246539,0.2
3312.5254608907217,3.5076950671961677,0.0,-0.0,0.9110417192837492,825.9435395450414,3.5077108476080467,0.2
3312.5995174016557,3.5076949744888792,0.0,-0.0,0.9110417192837492,826.0175960559754,3.507710772623436,0.2
3312.6735739125897,3.5076948818000497,0.0,-0.0,0.9110417192837492,826.0916525669095,3.5077106976584767,0.2
3312.8216869344574,3.5076946964682736,0.0,-0.0,0.9110417192837492,826.2397655887771,3.507710547787491,0.2
3313.1179129781926,3.5076943260300832,0.0,-0.0,0.9110417192837492,826.5359916325124,3.5077102482811067,0.2
3313.7103650656636,3.5076935860154004,0.0,-0.0,0.9110417192837492,827.1284437199834,3.5077096502095375,0.2
3314.5269868489636,3.507692567921446,0.0,-0.0,0.9110417192837492,827.9450655032833,3.507708827894882,0.2
3314.5990418339393,3.5076924782058416,0.0,-0.0,0.9110417192837492,828.017120488259,3.5077087554516244,0.2
3314.671096818915,3.507692388507852,0.0,-0.0,0.9110417192837492,828.0891754732347,3.507708683026839,0.2
3314.8152067888664,3.5076922091546847,0.0,-0.0,0.9110417192837492,828.2332854431861,3.5077085382326656,0.2
3315.1034267287687,3.507691850660845,0.0,-0.0,0.9110417192837492,828.5215053830884,3.5077082488657774,0.2
3315.679866608574,3.5076911344840154,0.0,-0.0,0.9110417192837492,829.0979452628935,3.5077076710167807,0.2
3316.528512807206,3.5076900821243413,0.0,-0.0,0.9110417192837492,829.9465914615257,3.5077068224385783,0.2
3316.5985662662233,3.5076899953708636,0.0,-0.0,0.9110417192837492,830.0166449205431,3.507706752504546,0.2
3316.6686197252407,3.5076899086338806,0.0,-0.0,0.9110417192837492,830.0866983795604,3.507706682587851,0.2
3316.8087266432753,3.5076897351997687,0.0,-0.0,0.9110417192837492,830.2268052975951,3.507706542806454,0.2
3317.0889404793447,3.5076893885318903,0.0,-0.0,0.9110417192837492,830.5070191336645,3.507706263451517,0.2
3317.649368151484,3.507688695958221,0.0,-0.0,0.9110417192837492,831.0674468058037,3.5077057055721013,0.2
3318.530038765448,3.5076876097251186,0.0,-0.0,0.9110417192837492,831.9481174197676,3.507704831138498,0.2
3318.598090698507,3.507687525904622,0.0,-0.0,0.9110417192837492,832.0161693528266,3.5077047636818905,0.2
3318.666142631566,3.507687442099064,0.0,-0.0,0.9110417192837492,832.0842212858856,3.507704696241528,0.2
3318.8022464976843,3.507687274525621,0.0,-0.0,0.9110417192837492,832.2203251520041,3.507704561409523,0.2
3319.074454229921,3.5076869395662573,0.0,-0.0,0.9110417192837492,832.4925328842405,3.5077042919402817,0.2
3319.6188696943937,3.5076862703623344,0.0,-0.0,0.9110417192837492,833.0369483487134,3.5077037537800018,0.2
3320.5315647236903,3.507685150661029,0.0,-0.0,0.9110417192837492,833.94964337801,3.5077028538947146,0.2
3320.5976151307914,3.5076850697434283,0.0,-0.0,0.9110417192837492,834.0156937851111,3.5077027888840546,0.2
3320.6636655378925,3.5076849888399932,0.0,-0.0,0.9110417192837492,834.0817441922122,3.5077027238885905,0.2
3320.7957663520942,3.507684827068812,0.0,-0.0,0.9110417192837492,834.213845006414,3.5077025939432342,0.2
3321.0599679804977,3.507684503701399,0.0,-0.0,0.9110417192837492,834.4780466348175,3.5077023342347142,0.2
3321.5883712373047,3.5076838576369154,0.0,-0.0,0.9110417192837492,835.0064498916245,3.5077018155456465,0.2
3322.533090681932,3.507682704840618,0.0,-0.0,0.9110417192837492,835.951169336252,3.5077008906080067,0.2
3322.597139563075,3.507682626797009,0.0,-0.0,0.9110417192837492,836.0152182173947,3.5077008280121382,0.2
3322.6611884442177,3.50768254876669,0.0,-0.0,0.9110417192837492,836.0792670985375,3.507700765430458,0.2
3322.789286206503,3.5076823927399117,0.0,-0.0,0.9110417192837492,836.207364860823,3.5077006403096473,0.2
3323.045481731074,3.507682080849121,0.0,-0.0,0.9110417192837492,836.4635603853935,3.5077003902381403,0.2
3323.557872780215,3.507681457694586,0.0,-0.0,0.9110417192837492,836.9759514345346,3.50769989077486,0.2
3324.5346166401746,3.507680272185544,0.0,-0.0,0.9110417192837492,837.9526952944943,3.5076989411798536,0.2
3324.596663995359,3.5076801969878035,0.0,-0.0,0.9110417192837492,838.0147426496787,3.507698880967938,0.2
3324.6587113505434,3.5076801218019993,0.0,-0.0,0.9110417192837492,838.0767900048631,3.507698820769244,0.2
3324.782806060912,3.5076799714617968,0.0,-0.0,0.9110417192837492,838.200884715232,3.507698700411508,0.2
3325.03099548165,3.5076796709336158,0.0,-0.0,0.9110417192837492,838.4490741359696,3.50769845985456,0.2
3325.527374323125,3.507679070462096,0.0,-0.0,0.9110417192837492,838.9454529774448,3.5076979793741194,0.2
3326.5201320060755,3.507677871922742,0.0,-0.0,0.9110417192837492,839.9382106603953,3.5076970209418654,0.2
3326.5361425984165,3.5076778526195347,0.0,-0.0,0.9110417192837492,839.9542212527363,3.507697005512429,0.2
3326.5961884276426,3.5076777802380334,0.0,-0.0,0.9110417192837492,840.0142670819623,3.5076969476539435,0.2
3326.6562342568686,3.5076777078681722,0.0,-0.0,0.9110417192837492,840.0743129111884,3.507696889807753,0.2
3326.7763259153207,3.507677563157918,0.0,-0.0,0.9110417192837492,840.1944045696405,3.5076967741522447,0.2
3327.0165092322254,3.5076772738792377,0.0,-0.0,0.9110417192837492,840.4345878865452,3.5076965429886484,0.2
3327.4968758660348,3.507676695865668,0.0,-0.0,0.9110417192837492,840.9149545203545,3.5076960812505527,0.2
3328.4576091336535,3.5076755420768837,0.0,-0.0,0.9110417192837492,841.8756877879732,3.507695160126077,0.2
3328.5376685566584,3.507675446063721,0.0,-0.0,0.9110417192837492,841.9557472109782,3.5076950835085987,0.2
3328.595712859926,3.5076753764710307,0.0,-0.0,0.9110417192837492,842.0137915142459,3.507695027973332,0.2
3328.653757163194,3.507675306889041,0.0,-0.0,0.9110417192837492,842.0718358175136,3.5076949724494733,0.2
3328.7698457697297,3.5076751677520566,0.0,-0.0,0.9110417192837492,842.1879244240495,3.507694861435968,0.2
3329.0020229828015,3.5076748896102505,0.0,-0.0,0.9110417192837492,842.4201016371212,3.507694639545747,0.2
3329.466377408945,3.507674333831522,0.0,-0.0,0.9110417192837492,842.8844560632647,3.5076941963119324,0.2
3330.395086261232,3.5076732243540496,0.0,-0.0,0.9110417192837492,843.8131649155516,3.5076933120266283,0.2
3330.539194514901,3.507673052443079,0.0,-0.0,0.9110417192837492,843.9572731692206,3.5076931750719136,0.2
3330.5952372922106,3.5076729856105384,0.0,-0.0,0.9110417192837492,844.0133159465304,3.507693121829963,0.2
3330.6512800695205,3.5076729187884337,0.0,-0.0,0.9110417192837492,844.0693587238402,3.5076930685985728,0.2
3330.7633656241396,3.507672785168336,0.0,-0.0,0.9110417192837492,844.1814442784594,3.5076929621674613,0.2
3330.9875367333784,3.5076725180520607,0.0,-0.0,0.9110417192837492,844.4056153876982,3.5076927494318597,0.2
3331.435878951856,3.507671984287022,0.0,-0.0,0.9110417192837492,844.8539576061758,3.5076923244666722,0.2
3332.3325633888107,3.507670918684527,0.0,-0.0,0.9110417192837492,845.7506420431305,3.507691476556619,0.2
3332.5407204731428,3.5076706716805486,0.0,-0.0,0.9110417192837492,845.9587991274625,3.5076912801066045,0.2
3332.594761724494,3.507670607581286,0.0,-0.0,0.9110417192837492,846.012840378814,3.507691229128375,0.2
3332.6488029758457,3.5076705434908346,0.0,-0.0,0.9110417192837492,846.0668816301654,3.507691178159895,0.2
3332.7568854785486,3.50767041533306,0.0,-0.0,0.9110417192837492,846.1749641328684,3.507691076252176,0.2
3332.9730504839545,3.507670159131172,0.0,-0.0,0.9110417192837492,846.3911291382742,3.5076908725536486,0.2
3333.405380494766,3.507669647160342,0.0,-0.0,0.9110417192837492,846.8234591490859,3.5076904656238215,0.2
3334.270040516389,3.507668625000512,0.0,-0.0,0.9110417192837492,847.6881191707089,3.5076896536297424,0.2
3334.542246431385,3.507668303701781,0.0,-0.0,0.9110417192837492,847.9603250857049,3.507689398517579,0.2
3334.5942861567783,3.507668242307397,0.0,-0.0,0.9110417192837492,848.012364811098,3.507689349773778,0.2
3334.6463258821714,3.507668180921475,0.0,-0.0,0.9110417192837492,848.0644045364911,3.507689301038954,0.2
3334.7504053329576,3.5076680581712125,0.0,-0.0,0.9110417192837492,848.1684839872773,3.5076892035962297,0.2
3334.9585642345305,3.507667812774215,0.0,-0.0,0.9110417192837492,848.3766428888503,3.5076890088184305,0.2
3335.374882037676,3.5076673223799415,0.0,-0.0,0.9110417192837492,848.7929606919956,3.5076886196930612,0.2
3336.207517643967,3.507666343234849,0.0,-0.0,0.9110417192837492,849.6255962982868,3.5076878431602823,0.2
3336.543772389627,3.507665948431783,0.0,-0.0,0.9110417192837492,849.9618510439468,3.5076875302104162,0.2
3336.593810589062,3.507665889715156,0.0,-0.0,0.9110417192837492,850.0118892433816,3.507687483672052,0.2
3336.6438487884966,3.5076658310065962,0.0,-0.0,0.9110417192837492,850.0619274428163,3.5076874371419287,0.2
3336.7439251873666,3.507665713608635,0.0,-0.0,0.9110417192837492,850.1620038416863,3.5076873441063996,0.2
3336.9440779851066,3.5076654789084643,0.0,-0.0,0.9110417192837492,850.3621566394263,3.50768715813417,0.2
3337.344383580586,3.507665009875121,0.0,-0.0,0.9110417192837492,850.7624622349058,3.5076867865847,0.2
3338.1449947715455,3.5076640733193942,0.0,-0.0,0.9110417192837492,851.5630734258652,3.5076860450631075,0.2
3338.5452983478694,3.5076636057958765,0.0,-0.0,0.9110417192837492,851.9633770021892,3.5076856750913614,0.2
3338.5933350213463,3.5076635497300757,0.0,-0.0,0.9110417192837492,852.0114136756661,3.50768563072974,0.2
3338.641371694823,3.5076634936713793,0.0,-0.0,0.9110417192837492,852.0594503491429,3.5076855863756595,0.2
3338.7374450417765,3.507663381572101,0.0,-0.0,0.9110417192837492,852.1555236960962,3.5076854976901184,0.2
3338.9295917356835,3.5076631574606902,0.0,-0.0,0.9110417192837492,852.3476703900033,3.507685320409477,0.2
3339.313885123497,3.507662709574704,0.0,-0.0,0.9110417192837492,852.7319637778169,3.5076849662096703,0.2
3340.0824718991244,3.507661815186811,0.0,-0.0,0.9110417192837492,853.5005505534441,3.50768425925367,0.2
3340.5468243061114,3.5076612757196868,0.0,-0.0,0.9110417192837492,853.9649029604311,3.5076838330673215,0.2
3340.59285945363,3.5076612222777928,0.0,-0.0,0.9110417192837492,854.0109381079496,3.5076837908540437,0.2
3340.6388946011484,3.507661168842163,0.0,-0.0,0.9110417192837492,854.0569732554682,3.5076837486476435,0.2
3340.7309648961855,3.5076610619878963,0.0,-0.0,0.9110417192837492,854.1490435505052,3.5076836642554703,0.2
3340.9151054862596,3.5076608483588885,0.0,-0.0,0.9110417192837492,854.3331841405793,3.5076834955536014,0.2
3341.2833866664073,3.507660421408059,0.0,-0.0,0.9110417192837492,854.701465320727,3.507683158479522,0.2
3342.0199490267028,3.507659568770027,0.0,-0.0,0.9110417192837492,855.4380276810225,3.5076824856479973,0.2
3342.5483502643538,3.5076589581308664,0.0,-0.0,0.9110417192837492,855.9664289186735,3.5076820040458605,0.2
3342.592383885914,3.507658907286027,0.0,-0.0,0.9110417192837492,856.0104625402337,3.5076819639528205,0.2
3342.636417507474,3.5076588564472413,0.0,-0.0,0.9110417192837492,856.0544961617938,3.507681923866029,0.2
3342.7244847505945,3.5076587547841376,0.0,-0.0,0.9110417192837492,856.1425634049142,3.5076818437111843,0.2
3342.900619236835,3.507658551532039,0.0,-0.0,0.9110417192837492,856.3186978911549,3.5076816834764273,0.2
3343.252888209317,3.507658145305692,0.0,-0.0,0.9110417192837492,856.6709668636367,3.50768136330642,0.2
3343.9574261542807,3.5076573340034365,0.0,-0.0,0.9110417192837492,857.3755048086005,3.5076807241626926,0.2
3344.5498762225957,3.5076566529563866,0.0,-0.0,0.9110417192837492,857.9679548769154,3.507680187935195,0.2
3344.5919083181975,3.5076566046825164,0.0,-0.0,0.9110417192837492,858.0099869725173,3.5076801499345764,0.2
3344.6339404137993,3.5076565564140054,0.0,-0.0,0.9110417192837492,858.0520190681191,3.50768011193961,0.2
3344.7180046050034,3.5076564598899065,0.0,-0.0,0.9110417192837492,858.1360832593232,3.5076800359666325,0.2
3344.886132987411,3.507656266908667,0.0,-0.0,0.9110417192837492,858.304211641731,3.5076798840884713,0.2
3345.222389752227,3.507655881199039,0.0,-0.0,0.9110417192837492,858.6404684065469,3.507679580603139,0.2
3345.894903281859,3.5076551108216814,0.0,-0.0,0.9110417192837492,859.3129819361789,3.5076789747149286,0.2
3346.5514021808376,3.5076543601239822,0.0,-0.0,0.9110417192837492,859.9694808351574,3.50767838464419,0.2
3346.5914327504815,3.507654314394432,0.0,-0.0,0.9110417192837492,860.0095114048013,3.507678348708463,0.2
3346.6314633201255,3.5076542686705707,0.0,-0.0,0.9110417192837492,860.0495419744452,3.507678312777826,0.2
3346.711524459413,3.507654177232703,0.0,-0.0,0.9110417192837492,860.1296031137326,3.5076782409318232,0.2
3346.8716467379877,3.5076539944195737,0.0,-0.0,0.9110417192837492,860.2897253923074,3.5076780973008765,0.2
3347.191891295138,3.5076536290193445,0.0,-0.0,0.9110417192837492,860.6099699494575,3.50767781028306,0.2
3347.8323804094375,3.5076528991590576,0.0,-0.0,0.9110417192837492,861.2504590637573,3.507677237222443,0.2
3348.55292813908,3.5076520795611597,0.0,-0.0,0.9110417192837492,861.9710067933997,3.5076765940823535,0.2
3348.5909571827656,3.5076520363505805,0.0,-0.0,0.9110417192837492,862.0090358370853,3.507676560184272,0.2
3348.628986226451,3.5076519931445,0.0,-0.0,0.9110417192837492,862.0470648807709,3.5076765262907528,0.2
3348.7050443138223,3.5076519067423115,0.0,-0.0,0.9110417192837492,862.1231229681421,3.507676458517398,0.2
3348.857160488564,3.507651733992764,0.0,-0.0,0.9110417192837492,862.275239142884,3.5076763230254073,0.2
3349.1613928380484,3.507651388697954,0.0,-0.0,0.9110417192837492,862.5794714923682,3.507676052260165,0.2
3349.7698575370164,3.507650698950714,0.0,-0.0,0.9110417192837492,863.1879361913361,3.5076755116035376,0.2
3350.554454097322,3.5076498111973526,0.0,-0.0,0.9110417192837492,863.9725327516417,3.507674816159832,0.2
3350.590481615049,3.5076497704793397,0.0,-0.0,0.9110417192837492,864.0085602693689,3.5076747842724325,0.2
3350.6265091327764,3.5076497297655376,0.0,-0.0,0.9110417192837492,864.0445877870961,3.5076747523890988,0.2
3350.698564168231,3.5076496483477744,0.0,-0.0,0.9110417192837492,864.1166428225506,3.507674688634626,0.2
3350.84267423914,3.5076494855597478,0.0,-0.0,0.9110417192837492,864.2607528934595,3.5076745611744466,0.2
3351.1308943809577,3.5076491601665087,0.0,-0.0,0.9110417192837492,864.5489730352774,3.5076743064490348,0.2
3351.707334664594,3.5076485101319945,0.0,-0.0,0.9110417192837492,865.1254133189136,3.5076737977770707,0.2
3352.5559800555643,3.507647554960305,0.0,-0.0,0.9110417192837492,865.974058709884,3.507673050787406,0.2
3352.590006047333,3.5076475167098105,0.0,-0.0,0.9110417192837492,866.0080847016529,3.507673020884004,0.2
3352.624032039102,3.5076474784630625,0.0,-0.0,0.9110417192837492,866.0421106934218,3.5076729909842026,0.2
3352.6920840226403,3.507647401977972,0.0,-0.0,0.9110417192837492,866.11016267696,3.5076729311954016,0.2
3352.8281879897163,3.507647249050941,0.0,-0.0,0.9110417192837492,866.246266644036,3.507672811660991,0.2
3353.1003959238683,3.5076469433573876,0.0,-0.0,0.9110417192837492,866.518474578188,3.5076725727648426,0.2
3353.6448117921727,3.507646332638557,0.0,-0.0,0.9110417192837492,867.0628904464925,3.5076720956624556,0.2
3354.5575060138062,3.5076453107782015,0.0,-0.0,0.9110417192837492,867.975584668126,3.5076712978764863,0.2
3354.589530479617,3.507645274969743,0.0,-0.0,0.9110417192837492,868.007609133937,3.5076712699306736,0.2
3354.621554945428,3.5076452391654116,0.0,-0.0,0.9110417192837492,868.039633599748,3.507671241988028,0.2
3354.6856038770497,3.5076451675616998,0.0,-0.0,0.9110417192837492,868.1036825313695,3.507671186112237,0.2
3354.813701740293,3.50764502439518,0.0,-0.0,0.9110417192837492,868.2317803946125,3.5076710743986466,0.2
3355.069897466779,3.5076447382023512,0.0,-0.0,0.9110417192837492,868.4879761210987,3.5076708511233505,0.2
3355.582288919751,3.5076441664046794,0.0,-0.0,0.9110417192837492,869.0003675740709,3.507670405179657,0.2
3356.5590319720486,3.507643078582218,0.0,-0.0,0.9110417192837492,869.9771106263684,3.5076695573391095,0.2
3356.5890549119013,3.507643045191203,0.0,-0.0,0.9110417192837492,870.007133566221,3.5076695313247517,0.2
3356.619077851754,3.507643011803177,0.0,-0.0,0.9110417192837492,870.0371565060736,3.5076695053131575,0.2
3356.679123731459,3.507642945032546,0.0,-0.0,0.9110417192837492,870.0972023857789,3.50766945329826,0.2
3356.7992154908693,3.5076428115257077,0.0,-0.0,0.9110417192837492,870.217294145189,3.5076693493016227,0.2
3357.0393990096895,3.5076425446354973,0.0,-0.0,0.9110417192837492,870.4574776640093,3.5076691414409065,0.2
3357.51976604733,3.5076420113688114,0.0,-0.0,0.9110417192837492,870.9378447016497,3.507668726249186,0.2
3358.480500122611,3.5076409468828524,0.0,-0.0,0.9110417192837492,871.8985787769307,3.5076678979803937,0.2
3358.5605579302905,3.507640858302695,0.0,-0.0,0.9110417192837492,871.9786365846103,3.507667829087932,0.2
3358.588579344185,3.50764082730407,0.0,-0.0,0.9110417192837492,872.0066579985046,3.507667804979166,0.2
3358.616600758079,3.5076407963077876,0.0,-0.0,0.9110417192837492,872.0346794123989,3.50766778087279,0.2
3358.6726435858677,3.507640734319817,0.0,-0.0,0.9110417192837492,872.0907222401875,3.5076677326672105,0.2
3358.784729241445,3.507640610374411,0.0,-0.0,0.9110417192837492,872.2028078957646,3.5076676362847317,0.2
3359.0089005525992,3.50764036259051,0.0,-0.0,0.9110417192837492,872.426979206919,3.5076674436344395,0.2
3359.457243174908,3.507639867467276,0.0,-0.0,0.9110417192837492,872.8753218292277,3.5076670587920966,0.2
3360.3539284195253,3.507638878994624,0.0,-0.0,0.9110417192837492,873.7720070738451,3.507666290936986,0.2
3360.5620838885325,3.5076386498698326,0.0,-0.0,0.9110417192837492,873.9801625428522,3.507666113036228,0.2
3360.5881037764684,3.507638621238817,0.0,-0.0,0.9110417192837492,874.0061824307882,3.507666090807459,0.2
3360.6141236644044,3.507638592609842,0.0,-0.0,0.9110417192837492,874.0322023187241,3.507666068580737,0.2
3360.6661634402763,3.507638535355967,0.0,-0.0,0.9110417192837492,874.084242094596,3.507666024133433,0.2
3360.7702429920205,3.5076384208738243,0.0,-0.0,0.9110417192837492,874.1883216463402,3.5076659352633808,0.2
3360.978402095509,3.507638192001383,0.0,-0.0,0.9110417192837492,874.3964807498287,3.507665757621455,0.2
3361.394720302486,3.5076377346376875,0.0,-0.0,0.9110417192837492,874.8127989568056,3.5076654027299825,0.2
3362.2273567164398,3.507636821430714,0.0,-0.0,0.9110417192837492,875.6454353707595,3.507664694513859,0.2
3362.563609846775,3.5076364532151016,0.0,-0.0,0.9110417192837492,875.9816885010946,3.5076644090978824,0.2
3362.5876282087524,3.507636426927572,0.0,-0.0,0.9110417192837492,876.0057068630722,3.507664388723783,0.2
3362.61164657073,3.5076364006413323,0.0,-0.0,0.9110417192837492,876.0297252250498,3.5076643683514153,0.2
3362.6596832946857,3.507636348072995,0.0,-0.0,0.9110417192837492,876.0777619490054,3.507664327611875,0.2
3362.755756742597,3.5076362429562122,0.0,-0.0,0.9110417192837492,876.1738353969167,3.5076642461535705,0.2
3362.9479036384196,3.5076360328023712,0.0,-0.0,0.9110417192837492,876.3659822927393,3.5076640833200323,0.2
3363.3321974300648,3.50763561281725,0.0,-0.0,0.9110417192837492,876.7502760843845,3.5076637579849743,0.2
3364.1007850133547,3.507634774136005,0.0,-0.0,0.9110417192837492,877.5188636676744,3.507663108640828,0.2
3364.565135805017,3.5076342682701407,0.0,-0.0,0.9110417192837492,877.9832144593365,3.5076627171873893,0.2
3364.5871526410365,3.5076342443011477,0.0,-0.0,0.9110417192837492,878.0052312953562,3.507662698642895,0.2
3364.609169477056,3.507634220333496,0.0,-0.0,0.9110417192837492,878.0272481313759,3.507662680099846,0.2
3364.653203149095,3.5076341724021622,0.0,-0.0,0.9110417192837492,878.0712818034149,3.507662643018082,0.2
3364.7412704931735,3.5076340765556018,0.0,-0.0,0.9110417192837492,878.1593491474932,3.50766256887189,0.2
3364.91740518133,3.5076338849290307,0.0,-0.0,0.9110417192837492,878.3354838356499,3.5076624206488187,0.2
3365.269674557643,3.507633501944814,0.0,-0.0,0.9110417192837492,878.6877532119629,3.5076621244797326,0.2
3365.9742133102695,3.507632737054039,0.0,-0.0,0.9110417192837492,879.3922919645893,3.5076615332481715,0.2
3366.566661763259,3.5076320949666764,0.0,-0.0,0.9110417192837492,879.9847404175789,3.5076610372198456,0.2
3366.5866770733205,3.5076320732923865,0.0,-0.0,0.9110417192837492,880.0047557276403,3.5076610204801537,0.2
3366.606692383382,3.5076320516193533,0.0,-0.0,0.9110417192837492,880.0247710377016,3.507661003741648,0.2
3366.6467230035046,3.5076320082765147,0.0,-0.0,0.9110417192837492,880.0648016578243,3.507660970268194,0.2
3366.72678424375,3.507631921604843,0.0,-0.0,0.9110417192837492,880.1448628980697,3.5076609033355104,0.2
3366.886906724241,3.507631748315281,0.0,-0.0,0.9110417192837492,880.3049853785606,3.5076607695270283,0.2
3367.207151685222,3.507631401958027,0.0,-0.0,0.9110417192837492,880.6252303395418,3.5076605021374485,0.2
3367.8476416071844,3.5076307101285007,0.0,-0.0,0.9110417192837492,881.2657202615042,3.5076599682666294,0.2
3368.568187721501,3.507629933235786,0.0,-0.0,0.9110417192837492,881.9862663758208,3.5076593691109474,0.2
3368.586201505604,3.5076299138334894,0.0,-0.0,0.9110417192837492,882.0042801599238,3.5076593541515146,0.2
3368.604215289707,3.5076298944316773,0.0,-0.0,0.9110417192837492,882.0222939440268,3.5076593391930357,0.2
3368.640242857913,3.507629855629994,0.0,-0.0,0.9110417192837492,882.0583215122329,3.5076593092789383,0.2
3368.7122979943256,3.507629778038467,0.0,-0.0,0.9110417192837492,882.1303766486453,3.5076592494621854,0.2
3368.85640826715,3.5076296228981896,0.0,-0.0,0.9110417192837492,882.2744869214698,3.507659129874434,0.2
3369.1446288127995,3.507629312795922,0.0,-0.0,0.9110417192837492,882.5627074671193,3.5076588908818374,0.2
3369.7210699040984,3.507628693305396,0.0,-0.0,0.9110417192837492,883.1391485584181,3.5076584136273983,0.2
3370.5697136797435,3.507627783012318,0.0,-0.0,0.9110417192837492,883.9877923340632,3.5076577127769872,0.2
3370.585725937888,3.507627765857258,0.0,-0.0,0.9110417192837492,884.0038045922079,3.5076576995735254,0.2
3370.601738196033,3.5076277487031,0.0,-0.0,0.9110417192837492,884.0198168503525,3.507657686370812,0.2
3370.6337627123226,3.5076277143949257,0.0,-0.0,0.9110417192837492,884.0518413666423,3.5076576599676303,0.2
3370.697811744902,3.5076276457898774,0.0,-0.0,0.9110417192837492,884.1158903992218,3.5076576071702434,0.2
3370.8259098100607,3.5076275086128197,0.0,-0.0,0.9110417192837492,884.2439884643804,3.507657501611368,0.2
3371.0821059403784,3.5076272343979946,0.0,-0.0,0.9110417192837492,884.5001845946981,3.507657290637135,0.2
3371.5944982010133,3.507626686529105,0.0,-0.0,0.9110417192837492,885.012576855333,3.507656869262131,0.2
3372.5712396379854,3.5076256442283453,0.0,-0.0,0.9110417192837492,885.9893182923051,3.5076560681348465,0.2
3372.585250370172,3.5076256292976704,0.0,-0.0,0.9110417192837492,886.0033290244919,3.507656056663323,0.2
3372.599261102359,3.5076256143669915,0.0,-0.0,0.9110417192837492,886.0173397566787,3.5076560451923684,0.2
3372.627282566732,3.5076255845073456,0.0,-0.0,0.9110417192837492,886.0453612210517,3.5076560222521658,0.2
3372.6833254954786,3.5076255247943493,0.0,-0.0,0.9110417192837492,886.1014041497983,3.5076559763785844,0.2
3372.7954113529713,3.5076254053953955,0.0,-0.0,0.9110417192837492,886.213490007291,3.5076558846587154,0.2
3373.019583067957,3.507625166703051,0.0,-0.0,0.9110417192837492,886.4376617222765,3.507655701328096,0.2
3373.467926497928,3.5076246897444703,0.0,-0.0,0.9110417192837492,886.8860051522479,3.507655335102931,0.2
3374.3646133578704,3.5076237375343475,0.0,-0.0,0.9110417192837492,887.7826920121902,3.5076546043936725,0.2
3374.572765596228,3.5076235168183274,0.0,-0.0,0.9110417192837492,887.9908442505475,3.507654435101995,0.2
3374.584774802456,3.507623504088265,0.0,-0.0,0.9110417192837492,888.0028534567759,3.507654425338628,0.2
3374.5967840086846,3.5076234913586024,0.0,-0.0,0.9110417192837492,888.0148626630044,3.507654415575676,0.2
3374.6208024211414,3.507623465899985,0.0,-0.0,0.9110417192837492,888.0388810754612,3.507654396051017,0.2
3374.668839246055,3.507623414988129,0.0,-0.0,0.9110417192837492,888.0869179003748,3.507654357006677,0.2
3374.764912895882,3.507623313182994,0.0,-0.0,0.9110417192837492,888.1829915502017,3.5076542789379097,0.2
3374.9570601955356,3.5076231096510573,0.0,-0.0,0.9110417192837492,888.3751388498554,3.5076541228799885,0.2
3375.341354794843,3.507622702898782,0.0,-0.0,0.9110417192837492,888.7594334491628,3.50765381108235,0.2
3376.109943993458,3.5076218906408636,0.0,-0.0,0.9110417192837492,889.5280226477776,3.507653188757872,0.2
3376.5742915544697,3.507621400715375,0.0,-0.0,0.9110417192837492,889.9923702087895,3.507652813596484,0.2
3376.58429923474,3.507621390163581,0.0,-0.0,0.9110417192837492,890.0023778890595,3.5076528055177416,0.2
3376.59430691501,3.5076213796112725,0.0,-0.0,0.9110417192837492,890.0123855693296,3.507652797439285,0.2
3376.61432227555,3.507621358508813,0.0,-0.0,0.9110417192837492,890.0324009298697,3.50765278128323,0.2
3376.65435299663,3.5076213163054293,0.0,-0.0,0.9110417192837492,890.07243165095,3.5076527489745537,0.2
3376.734414438791,3.507621231913616,0.0,-0.0,0.9110417192837492,890.1524930931109,3.5076526843709317,0.2
3376.894537323113,3.5076210631829614,0.0,-0.0,0.9110417192837492,890.3126159774329,3.507652555218592,0.2
3377.214783091757,3.5076207259376444,0.0,-0.0,0.9110417192837492,890.6328617460767,3.507652297133387,0.2
3377.8552746290443,3.5076200523071703,0.0,-0.0,0.9110417192837492,891.273353283364,3.507651781839711,0.2
3378.5758175127116,3.5076192958547563,0.0,-0.0,0.9110417192837492,891.9938961670314,3.5076512035369443,0.2
3378.5838236670234,3.5076192874576684,0.0,-0.0,0.9110417192837492,892.0019023213431,3.5076511971195408,0.2
3378.591829821335,3.507619279060454,0.0,-0.0,0.9110417192837492,892.0099084756548,3.507651190702319,0.2
3378.607842129959,3.5076192622677964,0.0,-0.0,0.9110417192837492,892.0259207842787,3.5076511778684205,0.2
3378.6398667472063,3.5076192286836623,0.0,-0.0,0.9110417192837492,892.057945401526,3.507651152202806,0.2
3378.7039159817014,3.5076191615243126,0.0,-0.0,0.9110417192837492,892.1219946360211,3.5076511008803033,0.2
3378.8320144506915,3.5076190272390226,0.0,-0.0,0.9110417192837492,892.2500931050113,3.5076509982701936,0.2
3379.0882113886714,3.5076187588067116,0.0,-0.0,0.9110417192837492,892.5062900429912,3.5076507931894825,0.2
3379.600605264631,3.5076182224896564,0.0,-0.0,0.9110417192837492,893.018683918951,3.5076503835855055,0.2
3380.577343470954,3.5076172021693273,0.0,-0.0,0.9110417192837492,893.9954221252738,3.50764960484258,0.2
3380.583348099308,3.507617195904797,0.0,-0.0,0.9110417192837492,894.0014267536276,3.5076496000634747,0.2
3380.5893527276617,3.507617189640822,0.0,-0.0,0.9110417192837492,894.0074313819814,3.5076495952844713,0.2
3380.601361984369,3.5076171771121194,0.0,-0.0,0.9110417192837492,894.0194406386886,3.507649585726769,0.2
3380.625380497783,3.5076171520580526,0.0,-0.0,0.9110417192837492,894.043459152103,3.507649566612583,0.2
3380.6734175246124,3.5076171019560736,0.0,-0.0,0.9110417192837492,894.0914961789322,3.507649528389085,0.2
3380.7694915782704,3.5076170017761683,0.0,-0.0,0.9110417192837492,894.1875702325901,3.507649451961582,0.2
3380.9616396855868,3.5076168015188625,0.0,-0.0,0.9110417192837492,894.3797183399065,3.5076492991845165,0.2
3381.345935900219,3.507616401412388,0.0,-0.0,0.9110417192837492,894.7640145545388,3.5076489939419018,0.2
3382.1145283294836,3.507615602823833,0.0,-0.0,0.9110417192837492,895.5326069838034,3.5076483847007585,0.2
3382.578869429196,3.5076151210992084,0.0,-0.0,0.9110417192837492,895.9969480835157,3.507648017433166,0.2
3382.5828725315914,3.5076151169482594,0.0,-0.0,0.9110417192837492,896.0009511859112,3.5076480142695616,0.2
3382.586875633987,3.5076151127938955,0.0,-0.0,0.9110417192837492,896.0049542883066,3.5076480111060016,0.2
3382.594881838778,3.5076151044876855,0.0,-0.0,0.9110417192837492,896.0129604930976,3.507648004779017,0.2
3382.6108942483593,3.507615087871013,0.0,-0.0,0.9110417192837492,896.028972902679,3.5076479921255848,0.2
3382.6429190675226,3.5076150546433285,0.0,-0.0,0.9110417192837492,896.0609977218423,3.5076479668208713,0.2
3382.706968705849,3.5076149881994634,0.0,-0.0,0.9110417192837492,896.1250473601685,3.5076479162200487,0.2
3382.835067982501,3.5076148553568904,0.0,-0.0,0.9110417192837492,896.2531466368209,3.507647815052808,0.2
3383.091266535806,3.507614589852177,0.0,-0.0,0.9110417192837492,896.5093451901257,3.507647612855875,0.2
3383.6036636424155,3.5076140595612966,0.0,-0.0,0.9110417192837492,897.0217422967353,3.507647209011618,0.2
3384.5803953874383,3.5076130513272394,0.0,-0.0,0.9110417192837492,897.9984740417581,3.507646441229044,0.2
3384.5823969638755,3.5076130492614865,0.0,-0.0,0.9110417192837492,898.0004756181952,3.507646439658382,0.2
3384.5843985403126,3.5076130471953153,0.0,-0.0,0.9110417192837492,898.0024771946323,3.507646438087731,0.2
3384.588401693187,3.507613043063488,0.0,-0.0,0.9110417192837492,898.0064803475066,3.5076464349464627,0.2
3384.5964079989353,3.507613034799156,0.0,-0.0,0.9110417192837492,898.0144866532551,3.5076464286640596,0.2
3384.6124206104323,3.507613018271579,0.0,-0.0,0.9110417192837492,898.030499264752,3.507646416099788,0.2
3384.6444458334267,3.5076129852199704,0.0,-0.0,0.9110417192837492,898.0625244877465,3.50764639097338,0.2
3384.7084962794156,3.507612919127048,0.0,-0.0,0.9110417192837492,898.1265749337354,3.507646340729108,0.2
3384.836597171393,3.507612786987022,0.0,-0.0,0.9110417192837492,898.2546758257126,3.507646240274726,0.2
3385.0927989553475,3.5076125228854957,0.0,-0.0,0.9110417192837492,898.5108776096672,3.5076460395025433,0.2
3385.605202523257,3.5076119953971796,0.0,-0.0,0.9110417192837492,899.0232811775768,3.507645638503922,0.2
3386.5819213456803,3.5076109925161605,0.0,-0.0,0.9110417192837492,900.0,3.5076448761511165,0.2
4645.276309475736,3.6849082637159274,0.0,-0.0,1.8097916542770889,2.1124667843751013,3.6843639222565865,0.4
4645.901615743295,3.684552479524678,0.0,-0.0,1.8097916542770889,2.7377730519347097,3.6841168509892013,0.4
4646.526922010855,3.684217192832279,0.0,-0.0,1.8097916542770889,3.363079319494318,3.6838753242001236,0.4
4646.652145389653,3.684152427987054,0.0,-0.0,1.8097916542770889,3.4883026982925003,3.6838276109581636,0.4
4646.742195777768,3.6841064707627105,0.0,-0.0,1.8097916542770889,3.5783530864073327,3.6837934331127236,0.4
4646.832246165883,3.6840608599904745,0.0,-0.0,1.8097916542770889,3.668403474522165,3.683759366609943,0.4
4647.012346942112,3.683970467370253,0.0,-0.0,1.8097916542770889,3.84850425075183,3.6836915661023353,0.4
4647.372548494572,3.6837937244034324,0.0,-0.0,1.8097916542770889,4.20870580321116,3.683557284442607,0.4
4648.092951599491,3.68345420401908,0.0,-0.0,1.8097916542770889,4.929108908130729,3.6832939145502506,0.4
4648.653287571131,3.683202704039752,0.0,-0.0,1.8097916542770889,5.489444879770417,3.683093751688201,0.4
4648.752428308295,3.6831594831513117,0.0,-0.0,1.8097916542770889,5.588585616934324,3.6830587563897033,0.4
4648.851569045459,3.683116570065294,0.0,-0.0,1.8097916542770889,5.687726354098231,3.6830238860622506,0.4
4649.049850519786,3.6830314812999267,0.0,-0.0,1.8097916542770889,5.886007828425136,3.682954518431138,0.4
4649.4464134684395,3.682864914708409,0.0,-0.0,1.8097916542770889,6.282570777078945,3.682817262139036,0.4
4650.239539365747,3.682544412691946,0.0,-0.0,1.8097916542770889,7.075696674386563,3.6825485619222036,0.4
4650.654429752608,3.682383430712301,0.0,-0.0,1.8097916542770889,7.490587061247425,3.6824110275904425,0.4
4650.762158628939,3.6823425077334306,0.0,-0.0,1.8097916542770889,7.598315937578263,3.6823756500780407,0.4
4650.86988750527,3.68230186704142,0.0,-0.0,1.8097916542770889,7.706044813909102,3.6823404092149374,0.4
4651.085345257931,3.6822212636162326,0.0,-0.0,1.8097916542770889,7.92150256657078,3.682270335193364,0.4
4651.516260763255,3.682063380687752,0.0,-0.0,1.8097916542770889,8.352418071894135,3.6821318023953467,0.4
4652.378091773901,3.681759301400592,0.0,-0.0,1.8097916542770889,9.214249082540846,3.681861075108524,0.4
4652.655571934085,3.6816647344023092,0.0,-0.0,1.8097916542770889,9.491729242724432,3.6817756730496733,0.4
4652.771965860837,3.6816256754344607,0.0,-0.0,1.8097916542770889,9.60812316947613,3.6817401012364406,0.4
4652.888359787588,3.6815868810758072,0.0,-0.0,1.8097916542770889,9.724517096227828,3.6817046771490913,0.4
4653.121147641091,3.6815099281031602,0.0,-0.0,1.8097916542770889,9.957304949730315,3.6816342695338475,0.4
4653.586723348096,3.681359142064975,0.0,-0.0,1.8097916542770889,10.422880656735288,3.6814951983769144,0.4
4654.517874762106,3.6810685687811704,0.0,-0.0,1.8097916542770889,11.354032070745234,3.6812238894555054,0.4
4654.656714115562,3.681026517259363,0.0,-0.0,1.8097916542770889,11.49287142420144,3.6811842013532576,0.4
4654.7821067714,3.680988947512796,0.0,-0.0,1.8097916542770889,11.618264080039808,3.681148525202579,0.4
4654.907499427239,3.6809516299719562,0.0,-0.0,1.8097916542770889,11.743656735878176,3.681113007835135,0.4
4655.158284738915,3.6808776009538047,0.0,-0.0,1.8097916542770889,11.994442047554912,3.68104244642061,0.4
4655.659855362269,3.6807325191784175,0.0,-0.0,1.8097916542770889,12.496012670908385,3.6809031958708647,0.4
4656.657856297039,3.680454266131872,0.0,-0.0,1.8097916542770889,13.494013605678447,3.6806333840220695,0.4
4656.792678650909,3.680417887575537,0.0,-0.0,1.8097916542770889,13.628835959548269,3.6805976603465167,0.4
4656.927501004779,3.680381752781436,0.0,-0.0,1.8097916542770889,13.763658313418091,3.6805621066753127,0.4
4657.197145712517,3.6803100690344053,0.0,-0.0,1.8097916542770889,14.033303021156826,3.6804915058615606,0.4
4657.736435127995,3.6801695799782363,0.0,-0.0,1.8097916542770889,14.572592436634295,3.6803523062091568,0.4
4658.658998478516,3.6799371512673784,0.0,-0.0,1.8097916542770889,15.495155787155454,3.6801202316732757,0.4
4658.803843663797,3.6799017018877027,0.0,-0.0,1.8097916542770889,15.64000097243661,3.680084475323366,0.4
4658.948688849078,3.6798664912968544,0.0,-0.0,1.8097916542770889,15.784846157717766,3.6800489007048944,0.4
4659.2383792196415,3.6797966440128325,0.0,-0.0,1.8097916542770889,16.074536528280987,3.679978292664218,0.4
4659.817759960768,3.679659770286076,0.0,-0.0,1.8097916542770889,16.65391726940743,3.679839213691137,0.4
4660.660140659993,3.6794667540182515,0.0,-0.0,1.8097916542770889,17.49629796863246,3.6796419763014203,0.4
4660.815615094396,3.679432033983125,0.0,-0.0,1.8097916542770889,17.651772403035466,3.679606204606158,0.4
4660.971089528799,3.6793975504374554,0.0,-0.0,1.8097916542770889,17.80724683743847,3.6795706268372146,0.4
4661.282038397605,3.679329151695259,0.0,-0.0,1.8097916542770889,18.118195706244478,3.679500048503283,0.4
4661.903936135217,3.679195148527546,0.0,-0.0,1.8097916542770889,18.740093443856495,3.6793611690062047,0.4
4662.66128284147,3.6790364837110117,0.0,-0.0,1.8097916542770889,19.49744015010947,3.6791960548727194,0.4
4662.828064071888,3.679002326218429,0.0,-0.0,1.8097916542770889,19.664221380527124,3.6791602744333396,0.4
4662.994845302305,3.678968405422186,0.0,-0.0,1.8097916542770889,19.83100261094478,3.6791247006849077,0.4
4663.3284077631415,3.6789011320263123,0.0,-0.0,1.8097916542770889,20.164565071781,3.6790541680355195,0.4
4663.995532684813,3.6787693799475756,0.0,-0.0,1.8097916542770889,20.831689993452528,3.6789155260143325,0.4
4664.662425022947,3.678641019623555,0.0,-0.0,1.8097916542770889,21.498582331586476,3.6787800941352184,0.4
4664.841183888591,3.6786072990987844,0.0,-0.0,1.8097916542770889,21.677341197230817,3.67874431897292,0.4
4665.019942754236,3.6785738169092435,0.0,-0.0,1.8097916542770889,21.856100062875157,3.6787087637403006,0.4
4665.377460485525,3.6785074250568717,0.0,-0.0,1.8097916542770889,22.213617794164747,3.678638307111287,0.4
4666.092495948104,3.6783774569512833,0.0,-0.0,1.8097916542770889,22.928653256743928,3.678499968096202,0.4
4666.663567204424,3.678276076018308,0.0,-0.0,1.8097916542770889,23.499724513063484,3.678391896554717,0.4
4666.855058029387,3.6782426808036823,0.0,-0.0,1.8097916542770889,23.691215338026268,3.678356129277974,0.4
4667.04654885435,3.6782095273356252,0.0,-0.0,1.8097916542770889,23.882706162989052,3.6783205957663676,0.4
4667.429530504275,3.6781438012298913,0.0,-0.0,1.8097916542770889,24.26568781291462,3.6782502232685723,0.4
4668.195493804126,3.6780152050631676,0.0,-0.0,1.8097916542770889,25.031651112765758,3.6781122096759007,0.4
4668.664709385901,3.677938093585074,0.0,-0.0,1.8097916542770889,25.50086669454049,3.678029427293014,0.4
4668.869669820873,3.6779049399116763,0.0,-0.0,1.8097916542770889,25.705827129512727,3.6779936792606924,0.4
4669.0746302558455,3.677872033033202,0.0,-0.0,1.8097916542770889,25.910787564484963,3.6779581792986558,0.4
4669.484551125789,3.677806811496124,0.0,-0.0,1.8097916542770889,26.320708434428525,3.677887915905451,0.4
4670.304392865676,3.677679280794458,0.0,-0.0,1.8097916542770889,27.14055017431565,3.677750282321256,0.4
4670.665851567378,3.6776241606309847,0.0,-0.0,1.8097916542770889,27.5020088760175,3.677690802151231,0.4
4670.885272920151,3.6775911457136594,0.0,-0.0,1.8097916542770889,27.72143022879027,3.677655047222855,0.4
4671.104694272924,3.677558383981518,0.0,-0.0,1.8097916542770889,27.940851581563038,3.67761955565877,0.4
4671.543536978469,3.677493468371043,0.0,-0.0,1.8097916542770889,28.379694287108578,3.6775493539064708,0.4
4672.421222389561,3.6773666251060266,0.0,-0.0,1.8097916542770889,29.257379698200566,3.6774120159045665,0.4
4672.666993748855,3.677331745177527,0.0,-0.0,1.8097916542770889,29.503151057494506,3.6773742764066912,0.4
4672.9016868911385,3.6772988134779885,0.0,-0.0,1.8097916542770889,29.73784419977801,3.677338526324391,0.4
4673.136380033422,3.677266142594764,0.0,-0.0,1.8097916542770889,29.972537342061514,3.6773030553569948,0.4
4673.605766317988,3.677201426777008,0.0,-0.0,1.8097916542770889,30.441923626627613,3.677232940899769,0.4
4674.54453888712,3.6770750710605267,0.0,-0.0,1.8097916542770889,31.38069619575981,3.677095954057323,0.4
4674.668135930332,3.677058707620655,0.0,-0.0,1.8097916542770889,31.504293238971513,3.6770782344771176,0.4
4674.919036812609,3.677025800136419,0.0,-0.0,1.8097916542770889,31.755194121248678,3.677042486186125,0.4
4675.169937694886,3.6769931622817653,0.0,-0.0,1.8097916542770889,32.00609500352584,3.6770070334163294,0.4
4675.671739459442,3.676928533407655,0.0,-0.0,1.8097916542770889,32.50789676808108,3.6769370032888333,0.4
4676.669278111809,3.676803199171106,0.0,-0.0,1.8097916542770889,33.50543542044852,3.676801180350845,0.4
4676.938609182397,3.676770113250474,0.0,-0.0,1.8097916542770889,33.774766491036644,3.676765265251236,0.4
4677.207940252985,3.676737309454234,0.0,-0.0,1.8097916542770889,34.04409756162477,3.6767296656226565,0.4
4677.7466023941615,3.6766723783192536,0.0,-0.0,1.8097916542770889,34.58275970280101,3.6766594000212107,0.4
4678.670420293286,3.6765635382688573,0.0,-0.0,1.8097916542770889,35.50657760192553,3.67654172872628,0.4
4678.957552506953,3.676530437489081,0.0,-0.0,1.8097916542770889,35.79370981559259,3.6765058691491412,0.4
4679.24468472062,3.676497628917623,0.0,-0.0,1.8097916542770889,36.08084202925966,3.676470341774124,0.4
4679.818949147954,3.676432712073879,0.0,-0.0,1.8097916542770889,36.655106456593785,3.6764002693334414,0.4
4680.671562474763,3.6763383017399054,0.0,-0.0,1.8097916542770889,37.507719783402536,3.6762985968080226,0.4
4680.977234100121,3.6763051766126296,0.0,-0.0,1.8097916542770889,37.81339140876025,3.676262819290195,0.4
4681.2829057254785,3.6762723540847984,0.0,-0.0,1.8097916542770889,38.11906303411797,3.6762273906160337,0.4
4681.894248976193,3.6762074341500224,0.0,-0.0,1.8097916542770889,38.7304062848325,3.6761575638455892,0.4
4682.67270465624,3.676126358827456,0.0,-0.0,1.8097916542770889,39.50886196487954,3.6760705967110034,0.4
4682.99862052561,3.676093103840896,0.0,-0.0,1.8097916542770889,39.83477783424951,3.6760348201058757,0.4
4683.32453639498,3.6760601642404866,0.0,-0.0,1.8097916542770889,40.16069370361947,3.6759994109783345,0.4
4683.97636813372,3.675995040081284,0.0,-0.0,1.8097916542770889,40.8125254423594,3.675929677273335,0.4
4684.673846837717,3.6759266048117794,0.0,-0.0,1.8097916542770889,41.51000414635655,3.675856628427568,0.4
4685.0210718596845,3.675893195067763,0.0,-0.0,1.8097916542770889,41.85722916832401,3.675820854322977,0.4
4685.368296881652,3.6758601142142684,0.0,-0.0,1.8097916542770889,42.20445419029147,3.675785466738446,0.4
4686.062746925588,3.6757947118349823,0.0,-0.0,1.8097916542770889,42.8989042342273,3.675715831132835,0.4
4686.674989019194,3.6757380133091697,0.0,-0.0,1.8097916542770889,43.51114632783356,3.675655673315782,0.4
4687.04464898065,3.675704424736039,0.0,-0.0,1.8097916542770889,43.88080628928947,3.675619899603183,0.4
4687.414308942106,3.675671179378059,0.0,-0.0,1.8097916542770889,44.250466250745376,3.6755845318834126,0.4
4688.153628865018,3.675605480456595,0.0,-0.0,1.8097916542770889,44.989786173657194,3.675514992111525,0.4
4688.676131200671,3.675559754121952,0.0,-0.0,1.8097916542770889,45.512288509310565,3.6754667880703282,0.4
4689.06932924371,3.6755259693618347,0.0,-0.0,1.8097916542770889,45.90548655234943,3.6754310170585844,0.4
4689.462527286749,3.675492542825779,0.0,-0.0,1.8097916542770889,46.298684595388295,3.6753956717796714,0.4
4690.248923372826,3.6754265155342507,0.0,-0.0,1.8097916542770889,47.085080681465115,3.6753262335947716,0.4
4690.677273382148,3.6753910521238553,0.0,-0.0,1.8097916542770889,47.51343069078757,3.6752890991402385,0.4
4691.095471667767,3.6753570287205193,0.0,-0.0,1.8097916542770889,47.9316289764065,3.675253303753488,0.4
4691.513669953386,3.675323379808034,0.0,-0.0,1.8097916542770889,48.34982726202543,3.6752179547576316,0.4
4692.350066524624,3.6752569445279573,0.0,-0.0,1.8097916542770889,49.186223833263284,3.675148568324412,0.4
4692.678415563625,3.675231193435868,0.0,-0.0,1.8097916542770889,49.51457287226458,3.6751217975603336,0.4
4693.12289256457,3.6751969106565543,0.0,-0.0,1.8097916542770889,49.95904987320955,3.6750859713022193,0.4
4693.567369565515,3.675163019456173,0.0,-0.0,1.8097916542770889,50.40352687415452,3.675050612486872,0.4
4694.456323567404,3.6750961381592746,0.0,-0.0,1.8097916542770889,51.292480876043555,3.6749812665349686,0.4
4694.679557745102,3.6750795340427507,0.0,-0.0,1.8097916542770889,51.51571505374159,3.674964134165711,0.4
4695.151718214548,3.675044966155542,0.0,-0.0,1.8097916542770889,51.98787552318754,3.6749282630327103,0.4
4695.623878683994,3.6750108078909705,0.0,-0.0,1.8097916542770889,52.46003599263349,3.67489288092711,0.4
4696.568199622886,3.674943433113211,0.0,-0.0,1.8097916542770889,53.4043569315254,3.674823549835483,0.4
4696.680699926579,3.674935487933407,0.0,-0.0,1.8097916542770889,53.516857235218595,3.6748154151609027,0.4
4697.181994926226,3.674900610706988,0.0,-0.0,1.8097916542770889,54.01815223486574,3.674779484767271,0.4
4697.683289925873,3.6748661620955234,0.0,-0.0,1.8097916542770889,54.51944723451288,3.674744065483027,0.4
4698.681842108056,3.674798519406978,0.0,-0.0,1.8097916542770889,55.5179994166956,3.674674998017398,0.4
4699.214195036288,3.6747632820203444,0.0,-0.0,1.8097916542770889,56.05035234492789,3.6746389648752453,0.4
4699.746547964521,3.674728493896497,0.0,-0.0,1.8097916542770889,56.58270527316017,3.674603466231169,0.4
4700.682984289533,3.6746681121206017,0.0,-0.0,1.8097916542770889,57.51914159817261,3.6745422876752154,0.4
4701.24726814967,3.674632537567826,0.0,-0.0,1.8097916542770889,58.08342545830965,3.674506182074933,0.4
4701.811552009807,3.674597432712342,0.0,-0.0,1.8097916542770889,58.64770931844669,3.674470633443237,0.4
4702.68412647101,3.6745438194142146,0.0,-0.0,1.8097916542770889,59.52028377964962,3.6744167330259763,0.4
4703.281794747963,3.674507893703903,0.0,-0.0,1.8097916542770889,60.11795205660292,3.674380545289762,0.4
4703.879463024917,3.6744724588335,0.0,-0.0,1.8097916542770889,60.71562033355622,3.6743449371286205,0.4
4704.685268652487,3.6744252322001154,0.0,-0.0,1.8097916542770889,61.521425961126624,3.6742978236566195,0.4
4705.317791215183,3.67438894274549,0.0,-0.0,1.8097916542770889,62.15394852382269,3.6742615439767254,0.4
4705.950313777879,3.674353165932998,0.0,-0.0,1.8097916542770889,62.78647108651876,3.6742258665322147,0.4
4706.686410833964,3.6743119742921317,0.0,-0.0,1.8097916542770889,63.52256814260363,3.674185086834448,0.4
4707.355268448227,3.674275309883437,0.0,-0.0,1.8097916542770889,64.19142575686692,3.674148705325788,0.4
4708.024126062491,3.6742391805261203,0.0,-0.0,1.8097916542770889,64.86028337113021,3.6741129486788315,0.4
4708.687553015441,3.6742036990633555,0.0,-0.0,1.8097916542770889,65.52371032408064,3.6740780847156076,0.4
4709.394230606657,3.674166649896137,0.0,-0.0,1.8097916542770889,66.23038791529689,3.6740415915095377,0.4
4710.100908197874,3.6741301587357067,0.0,-0.0,1.8097916542770889,66.93706550651314,3.6740057456632806,0.4
4710.688695196918,3.6741000747090706,0.0,-0.0,1.8097916542770889,67.52485250555765,3.6739764117604516,0.4
4711.434142162058,3.674062659022539,0.0,-0.0,1.8097916542770889,68.27029947069786,3.673939822986105,0.4
4712.179589127199,3.674025823939958,0.0,-0.0,1.8097916542770889,69.01574643583808,3.6739039028990215,0.4
4712.689837378395,3.674000811692542,0.0,-0.0,1.8097916542770889,69.52599468703465,3.673879692340456,0.4
4713.475642233722,3.6739630149611457,0.0,-0.0,1.8097916542770889,70.31179954236177,3.673842990467836,0.4
4714.261447089049,3.6739258220363924,0.0,-0.0,1.8097916542770889,71.09760439768888,3.67380697852187,0.4
4714.690979559872,3.6739056364044,0.0,-0.0,1.8097916542770889,71.52713686851166,3.6737875785224765,0.4
4715.518422010571,3.6738674596829775,0.0,-0.0,1.8097916542770889,72.35457931921064,3.6737507601087627,0.4
4716.34586446127,3.6738299100472807,0.0,-0.0,1.8097916542770889,73.18202176990962,3.6737146521614648,0.4
4716.692121741349,3.6738142952191684,0.0,-0.0,1.8097916542770889,73.52827904998867,3.673699748017223,0.4
4717.5185935449135,3.6737776522446577,0.0,-0.0,1.8097916542770889,74.35475085355301,3.673664652977634,0.4
4718.345065348478,3.673741597286797,0.0,-0.0,1.8097916542770889,75.18122265711736,3.673630217444687,0.4
4718.693263922826,3.6737265003741895,0.0,-0.0,1.8097916542770889,75.52942123146568,3.673615902279767,0.4
4719.517734584209,3.6736913417912165,0.0,-0.0,1.8097916542770889,76.35389189284888,3.6735824514966953,0.4
4720.342205245593,3.6736567336460717,0.0,-0.0,1.8097916542770889,77.17836255423208,3.6735496116075526,0.4
4720.694406104303,3.67364203884331,0.0,-0.0,1.8097916542770889,77.53056341294268,3.6735357647508207,0.4
4721.516875623504,3.6736082754623975,0.0,-0.0,1.8097916542770889,78.35303293214383,3.673503843091542,0.4
4722.3393451427055,3.6735750277012573,0.0,-0.0,1.8097916542770889,79.17550245134498,3.673472487485145,0.4
4722.69554828578,3.673560713857795,0.0,-0.0,1.8097916542770889,79.53170559441969,3.673459079228351,0.4
4723.5160166628,3.6735282628237447,0.0,-0.0,1.8097916542770889,80.3521739714397,3.6734285802371573,0.4
4724.33648503982,3.6734962951233765,0.0,-0.0,1.8097916542770889,81.1726423484597,3.6733986059346897,0.4
4724.696690467257,3.673482342332778,0.0,-0.0,1.8097916542770889,81.5328477758967,3.673385608359873,0.4
4725.515157702096,3.6734511266139025,0.0,-0.0,1.8097916542770889,82.35131501073556,3.673356433598311,0.4
4726.333624936935,3.6734203642679484,0.0,-0.0,1.8097916542770889,83.16978224557442,3.6733277453664726,0.4
4726.697832648734,3.6734067537841195,0.0,-0.0,1.8097916542770889,83.5339899573737,3.6733151322464757,0.4
4727.514298741391,3.6733767017096306,0.0,-0.0,1.8097916542770889,84.35045605003052,3.673287190683771,0.4
4728.330764834048,3.6733470751838166,0.0,-0.0,1.8097916542770889,85.16692214268733,3.6732597004464402,0.4
4728.698974830211,3.673333789344511,0.0,-0.0,1.8097916542770889,85.53513213885071,3.6732474471503003,0.4
4729.513439780687,3.6733048341822325,0.0,-0.0,1.8097916542770889,86.34959708932638,3.6732206546001542,0.4
4730.327904731163,3.6732762787139492,0.0,-0.0,1.8097916542770889,87.16406203980205,3.6731942808947595,0.4
4730.700117011688,3.6732633008664073,0.0,-0.0,1.8097916542770889,87.53627432032772,3.6731823642978054,0.4
4731.512580819983,3.6732353804428928,0.0,-0.0,1.8097916542770889,88.34873812862224,3.6731566428980322,0.4
4732.325044628277,3.673207835671182,0.0,-0.0,1.8097916542770889,89.16120193691677,3.6731313103732455,0.4
4732.701259193165,3.6731951501119515,0.0,-0.0,1.8097916542770889,89.53741650180473,3.673119708771716,0.4
4733.511721859278,3.6731682064619604,0.0,-0.0,1.8097916542770889,90.3478791679172,3.673094986503474,0.4
4734.32218452539,3.6731416160925936,0.0,-0.0,1.8097916542770889,91.15834183402967,3.673070625455077,0.4
4734.702401374642,3.6731292080040356,0.0,-0.0,1.8097916542770889,91.53855868328174,3.6730593184850893,0.4
4735.510862898574,3.6731031870520843,0.0,-0.0,1.8097916542770889,92.34702020721306,3.673035528728683,0.4
4736.319324422505,3.673077498553977,0.0,-0.0,1.8097916542770889,93.15548173114439,3.6730120746707158,0.4
4736.703543556119,3.6730653539501463,0.0,-0.0,1.8097916542770889,93.53970086475874,3.673001043231407,0.4
4737.5100039378685,3.6730402052195616,0.0,-0.0,1.8097916542770889,94.34616124650802,3.6729781243558906,0.4
4738.316464319618,3.673015369541531,0.0,-0.0,1.8097916542770889,95.1526216282573,3.6729555176243944,0.4
4738.704685737596,3.6730034752160305,0.0,-0.0,1.8097916542770889,95.54084304623575,3.672944743805062,0.4
4739.509144977164,3.6729791515629877,0.0,-0.0,1.8097916542770889,96.34530228580388,3.6729226387890623,0.4
4740.3136042167325,3.672955122878638,0.0,-0.0,1.8097916542770889,97.14976152537201,3.672900824175948,0.4
4740.705827919073,3.6729434663583613,0.0,-0.0,1.8097916542770889,97.54198522771276,3.6728902911870196,0.4
4741.50828601646,3.6729199237259307,0.0,-0.0,1.8097916542770889,98.34444332509975,3.672868947268418,0.4
4742.310744113847,3.672896659197709,0.0,-0.0,1.8097916542770889,99.14690142248674,3.672847873683163,0.4
4742.70697010055,3.672885228697442,0.0,-0.0,1.8097916542770889,99.54312740918976,3.6728375657908248,0.4
4743.507427055755,3.6728624258914184,0.0,-0.0,1.8097916542770889,100.3435843643947,3.672816934143093,0.4
4744.30788401096,3.6728398854540627,0.0,-0.0,1.8097916542770889,101.14404131959964,3.6727965543001595,0.4
4744.708112282027,3.6728286698372137,0.0,-0.0,1.8097916542770889,101.54426959066677,3.672786456764488,0.4
4745.506568095051,3.6728065683199906,0.0,-0.0,1.8097916542770889,102.34272540369057,3.6727664921976504,0.4
4746.305023908075,3.6727847144809496,0.0,-0.0,1.8097916542770889,103.14118121671436,3.6727467623276655,0.4
4746.709254463504,3.6727737032203445,0.0,-0.0,1.8097916542770889,103.54541177214378,3.672736861344096,0.4
4747.505709134347,3.6727522669208064,0.0,-0.0,1.8097916542770889,104.34186644298643,3.6727175220284534,0.4
4748.30216380519,3.672731064578513,0.0,-0.0,1.8097916542770889,105.13832111382908,3.672698401611349,0.4
4748.710396644982,3.6727202477204774,0.0,-0.0,1.8097916542770889,105.5465539536217,3.6726886842553292,0.4
4749.504850173643,3.6726994428588147,0.0,-0.0,1.8097916542770889,106.3410074822823,3.672669931466204,0.4
4750.299303702303,3.67267885913244,0.0,-0.0,1.8097916542770889,107.13546101094289,3.672651382984645,0.4
4750.711538826459,3.6726682272635194,0.0,-0.0,1.8097916542770889,107.5476961350987,3.67264183715932,0.4
4751.503991212939,3.672648022190139,0.0,-0.0,1.8097916542770889,108.34014852157816,3.6726236350412305,0.4
4752.296443599418,3.672628026265579,0.0,-0.0,1.8097916542770889,109.13260090805761,3.672605623752791,0.4
4752.712681007936,3.6726175704820205,0.0,-0.0,1.8097916542770889,109.54883831657571,3.672596238139579,0.4
4753.5031322522345,3.6725979355293057,0.0,-0.0,1.8097916542770889,110.33928956087402,3.672578553488361,0.4
4754.293583496533,3.6725784985126078,0.0,-0.0,1.8097916542770889,111.12974080517233,3.6725610472150225,0.4
4754.713823189413,3.672568210391813,0.0,-0.0,1.8097916542770889,111.54998049805272,3.6725518112269393,0.4
4755.5022732915295,3.672549117735362,0.0,-0.0,1.8097916542770889,112.33843060016898,3.672534613288447,0.4
4756.290723393646,3.672530212522081,0.0,-0.0,1.8097916542770889,113.12688070228523,3.6725175822221052,0.4
4756.71496537089,3.672520084094232,0.0,-0.0,1.8097916542770889,113.55112267952973,3.6725084859596966,0.4
4757.501414330825,3.6725015076276293,0.0,-0.0,1.8097916542770889,114.33757163946484,3.6724917462438316,0.4
4758.2878632907605,3.672483108779419,0.0,-0.0,1.8097916542770889,115.12402059939996,3.6724751627665895,0.4
4758.716107552367,3.672473132502552,0.0,-0.0,1.8097916542770889,115.55226486100673,3.6724661969763512,0.4
4759.50055537012,3.67245504771709,0.0,-0.0,1.8097916542770889,116.3367126787598,3.672449889085241,0.4
4760.285003187873,3.6724371313479565,0.0,-0.0,1.8097916542770889,117.12116049651286,3.6724337276033663,0.4
4760.717249733844,3.6724273000840526,0.0,-0.0,1.8097916542770889,117.55340704248374,3.672424883638517,0.4
4761.499696409416,3.6724096839631057,0.0,-0.0,1.8097916542770889,118.33585371805566,3.672408983107773,0.4
4762.282143084988,3.6723922276347314,0.0,-0.0,1.8097916542770889,119.11830039362758,3.6723932198982885,0.4
4762.718391915321,3.6723825346265198,0.0,-0.0,1.8097916542770889,119.55454922396075,3.672384489681777,0.4
4763.498837448712,3.6723653655423814,0.0,-0.0,1.8097916542770889,120.33499475735152,3.672368973833839,0.4
4764.279282982103,3.672348348166176,0.0,-0.0,1.8097916542770889,121.1154402907423,3.672353586902773,0.4
4764.719534096798,3.6723387870164967,0.0,-0.0,1.8097916542770889,121.55569140543776,3.6723449628924083,0.4
4765.497978488007,3.672322044639008,0.0,-0.0,1.8097916542770889,122.33413579664648,3.672329810701048,0.4
4766.276422879216,3.6723054463851277,0.0,-0.0,1.8097916542770889,123.1125801878552,3.672314779652466,0.4
4766.720676278275,3.6722960110375937,0.0,-0.0,1.8097916542770889,123.55683358691476,3.672306254808054,0.4
4767.497119527303,3.672279676245231,0.0,-0.0,1.8097916542770889,124.33327683594234,3.672291446773198,0.4
4768.27356277633,3.672263478459932,0.0,-0.0,1.8097916542770889,125.10972008496992,3.672276752688196,0.4
4768.721818459752,3.6722541631795353,0.0,-0.0,1.8097916542770889,125.55797576839177,3.672268320440583,0.4
4769.496260566599,3.6722382179807216,0.0,-0.0,1.8097916542770889,126.3324178752382,3.6722538384726575,0.4
4770.270702673445,3.6722224031082717,0.0,-0.0,1.8097916542770889,127.10685998208464,3.6722394637975557,0.4
4770.722960641229,3.672213202463097,0.0,-0.0,1.8097916542770889,127.55911794986878,3.672231118019469,0.4
4771.495401605894,3.6721976299211905,0.0,-0.0,1.8097916542770889,128.33155891453316,3.6722169453325564,0.4
4772.267842570558,3.6721821814305193,0.0,-0.0,1.8097916542770889,129.10399987919754,3.672202873775601,0.4
4772.724102822706,3.6721730902779246,0.0,-0.0,1.8097916542770889,129.56026013134579,3.672194608754196,0.4
4773.4945426451895,3.6721578744424486,0.0,-0.0,1.8097916542770889,130.33069995382903,3.6721807297673217,0.4
4774.264982467673,3.67214277675997,0.0,-0.0,1.8097916542770889,131.10113977631227,3.672166946203234,0.4
4774.725245004183,3.6721337902271145,0.0,-0.0,1.8097916542770889,131.5614023128228,3.672158756614259,0.4
4775.493683684485,3.672118916067739,0.0,-0.0,1.8097916542770889,132.3298409931249,3.672145156860189,0.4
4776.2621223647875,3.6721041545179443,0.0,-0.0,1.8097916542770889,133.098279673427,3.672131647241983,0.4
4776.72638718566,3.672095267989981,0.0,-0.0,1.8097916542770889,133.5625444942998,3.672123528125461,0.4
4777.49282472378,3.672080721338865,0.0,-0.0,1.8097916542770889,134.32898203241984,3.6721101941664496,0.4
4778.2592622619,3.6720662820831453,0.0,-0.0,1.8097916542770889,135.0954195705399,3.6720969454439514,0.4
4778.727529367137,3.672057491187422,0.0,-0.0,1.8097916542770889,135.5636866757768,3.6720888921813066,0.4
4779.491965763076,3.67204325868184,0.0,-0.0,1.8097916542770889,136.3281230717157,3.672075811531255,0.4
4780.256402159015,3.6720291286645805,0.0,-0.0,1.8097916542770889,137.0925594676546,3.672062811575818,0.4
4780.728671548614,3.6720204292591583,0.0,-0.0,1.8097916542770889,137.56482885725381,3.6720548198683662,0.4
4781.491106802371,3.6720064982907967,0.0,-0.0,1.8097916542770889,138.32726411101066,3.6720419809209046,0.4
4782.253542056128,3.6719926651905457,0.0,-0.0,1.8097916542770889,139.0896993647675,3.6720292184558536,0.4
4782.729813730091,3.6719840533506205,0.0,-0.0,1.8097916542770889,139.56597103873082,3.672021284304572,0.4
4783.490247841667,3.671970412016096,0.0,-0.0,1.8097916542770889,140.32640515030653,3.672008676266618,0.4
4784.250681953243,3.671956864198949,0.0,-0.0,1.8097916542770889,141.08683926188223,3.6719961408029835,0.4
4784.730955911568,3.671948336205319,0.0,-0.0,1.8097916542770889,141.56711322020783,3.671988260489499,0.4
4785.489388880963,3.6719349732629736,0.0,-0.0,1.8097916542770889,142.3255461896024,3.671975873319877,0.4
4786.2478218503575,3.6719216997368873,0.0,-0.0,1.8097916542770889,143.08397915899695,3.671963555097011,0.4
4786.732098093045,3.671913252065969,0.0,-0.0,1.8097916542770889,143.56825540168484,3.6719557251657324,0.4
4787.488529920258,3.67190015689183,0.0,-0.0,1.8097916542770889,144.32468722889735,3.6719435495184594,0.4
4788.24496174747,3.6718871472681593,0.0,-0.0,1.8097916542770889,145.08111905610986,3.6719314394491764,0.4
4788.733240274522,3.6718787765802974,0.0,-0.0,1.8097916542770889,145.56939758316184,3.6719236566905016,0.4
4789.487670959554,3.6718659391311497,0.0,-0.0,1.8097916542770889,146.3238282681932,3.6719116838623953,0.4
4790.242101644585,3.671853183585619,0.0,-0.0,1.8097916542770889,147.07825895322458,3.6718997734822767,0.4
4790.734382455999,3.6718448867157347,0.0,-0.0,1.8097916542770889,147.57053976463885,3.671892034916826,0.4
4791.48681199885,3.6718322974916084,0.0,-0.0,1.8097916542770889,148.32296930748907,3.671880256799099,0.4
4792.2392415417,3.6718197867295235,0.0,-0.0,1.8097916542770889,149.0753988503393,3.6718685382196594,0.4
4792.735524637476,3.671811560678049,0.0,-0.0,1.8097916542770889,149.57168194611586,3.6718608410834603,0.4
4793.4859530381445,3.671799210688567,0.0,-0.0,1.8097916542770889,150.32211034678403,3.671849250117,0.4
4794.236381438813,3.671786935911351,0.0,-0.0,1.8097916542770889,151.0725387474522,3.6718377159824094,0.4
4794.736666818953,3.671778777834904,0.0,-0.0,1.8097916542770889,151.57282412759287,3.671830057712993,0.4
4795.48509407744,3.671766658567621,0.0,-0.0,1.8097916542770889,152.3212513860799,3.6718186468470413,0.4
4796.233521335927,3.6717546114426836,0.0,-0.0,1.8097916542770889,153.06967864456692,3.6718072902941423,0.4
4796.73780900043,3.6717465186461364,0.0,-0.0,1.8097916542770889,153.57396630906987,3.6717996685174885,0.4
4797.484235116735,3.6717346220371194,0.0,-0.0,1.8097916542770889,154.32039242537485,3.671788431171473,0.4
4798.23066123304,3.671722794669127,0.0,-0.0,1.8097916542770889,155.06681854167982,3.671777245792834,0.4
4798.738951181907,3.6717147645974513,0.0,-0.0,1.8097916542770889,155.57510849054688,3.6717696583111183,0.4
4799.483376156031,3.67170308300378,0.0,-0.0,1.8097916542770889,156.3195334646707,3.67175858833938,0.4
4800.227801130155,3.6716914679074883,0.0,-0.0,1.8097916542770889,157.06395843879454,3.671747568149163,0.4
4800.740093363384,3.671683498138098,0.0,-0.0,1.8097916542770889,157.5762506720239,3.6717400129292597,0.4
4801.482517195327,3.6716720243115,0.0,-0.0,1.8097916542770889,158.31867450396658,3.671729104588474,0.4
4802.22494102727,3.6716606143868566,0.0,-0.0,1.8097916542770889,159.06109833590926,3.6717182439908913,0.4
4802.741235544861,3.671652702624089,0.0,-0.0,1.8097916542770889,159.5773928535009,3.671710719153588,0.4
4803.481658234622,3.6716414296881075,0.0,-0.0,1.8097916542770889,160.31781554326153,3.6716999670726573,0.4
4804.222080924383,3.671630218196779,0.0,-0.0,1.8097916542770889,161.05823823302217,3.6716892608328298,0.4
4804.742377726338,3.671622362262869,0.0,-0.0,1.8097916542770889,161.5785350349779,3.6716817646427096,0.4
4805.480799273918,3.671611283689441,0.0,-0.0,1.8097916542770889,162.3169565825574,3.6716711637949517,0.4
4806.219220821497,3.6716002642329117,0.0,-0.0,1.8097916542770889,163.0553781301369,3.6716606070119804,0.4
4806.743519907815,3.6715924620637095,0.0,-0.0,1.8097916542770889,163.5796772164549,3.6716531378679362,0.4
4807.479940313214,3.6715815716520526,0.0,-0.0,1.8097916542770889,164.31609762185326,3.671642683545384,0.4
4808.216360718612,3.671570738152711,0.0,-0.0,1.8097916542770889,165.0525180272516,3.6716322716274714,0.4
4808.744662089292,3.6715629877903586,0.0,-0.0,1.8097916542770889,165.58081939793192,3.6716248280538086,0.4
4809.479081352509,3.6715522796484583,0.0,-0.0,1.8097916542770889,166.31523866114821,3.6716145158434697,0.4
4810.213500615725,3.6715416263274756,0.0,-0.0,1.8097916542770889,167.0496579243645,3.6716042444849246,0.4
4810.745804270769,3.6715339259164432,0.0,-0.0,1.8097916542770889,167.58196157940893,3.671596825123024,0.4
4811.478222391805,3.6715233944410643,0.0,-0.0,1.8097916542770889,168.31437970044408,3.671586650884942,0.4
4812.21064051284,3.671512915802511,0.0,-0.0,1.8097916542770889,169.04679782147923,3.6715765160449414,0.4
4812.746946452246,3.671505263582178,0.0,-0.0,1.8097916542770889,169.58310376088593,3.671569119645443,0.4
4813.4773634311005,3.6714949034438438,0.0,-0.0,1.8097916542770889,170.31352073973994,3.671559079492429,0.4
4814.2077804099545,3.6714845942586676,0.0,-0.0,1.8097916542770889,171.04393771859395,3.6715490773753845,0.4
4814.7480886337235,3.6714769885595038,0.0,-0.0,1.8097916542770889,171.58424594236294,3.671541702790862,0.4
4815.476504470395,3.6714667946831705,0.0,-0.0,1.8097916542770889,172.3126617790349,3.671531793069767,0.4
4816.204920307067,3.671456649973417,0.0,-0.0,1.8097916542770889,173.04107761570685,3.6715219201071907,0.4
4816.7492308152005,3.6714490892115585,0.0,-0.0,1.8097916542770889,173.58538812383995,3.6715145662852913,0.4
4817.475645509691,3.6714390567659767,0.0,-0.0,1.8097916542770889,174.31180281833076,3.671504783559704,0.4
4818.202060204182,3.671429071787097,0.0,-0.0,1.8097916542770889,175.03821751282157,3.6714950363934418,0.4
4818.7503729966775,3.671421554460896,0.0,-0.0,1.8097916542770889,175.58653030531696,3.6714877023704573,0.4
4819.474786548986,3.6714116788400695,0.0,-0.0,1.8097916542770889,176.31094385762572,3.6714780434047127,0.4
4820.199200101295,3.6714018490712625,0.0,-0.0,1.8097916542770889,177.03535740993448,3.6714684188714624,0.4
4820.7515151781545,3.6713943737564767,0.0,-0.0,1.8097916542770889,177.58767248679396,3.6714611037663096,0.4
4821.473927588282,3.6713846505700456,0.0,-0.0,1.8097916542770889,178.31008489692158,3.671451565510719,0.4
4822.19633999841,3.671374971698898,0.0,-0.0,1.8097916542770889,179.0324973070492,3.671442060627712,0.4
4822.7526573596315,3.6713675370437033,0.0,-0.0,1.8097916542770889,179.58881466827097,3.6714347636362943,0.4
4823.473068627578,3.6713579621022414,0.0,-0.0,1.8097916542770889,180.30922593621744,3.6714253432134925,0.4
4824.193479895524,3.671348430014368,0.0,-0.0,1.8097916542770889,181.02963720416392,3.6714159551652727,0.4
4824.7537995411085,3.671341034736942,0.0,-0.0,1.8097916542770889,181.58995684974798,3.6714086755552024,0.4
4825.472209666873,3.6713316040421353,0.0,-0.0,1.8097916542770889,182.3083669755124,3.6713993702475323,0.4
4826.190619792637,3.6713222148074545,0.0,-0.0,1.8097916542770889,183.02677710127682,3.671390096373731,0.4
4826.7549417225855,3.671314857691941,0.0,-0.0,1.8097916542770889,183.59109903122499,3.67138283347939,0.4
4827.471350706169,3.671305567424043,0.0,-0.0,1.8097916542770889,184.30750801480826,3.6713736407172477,0.4
4828.187759689752,3.671296317289065,0.0,-0.0,1.8097916542770889,185.02391699839154,3.671364478501288,0.4
4828.7560839040625,3.671288997180982,0.0,-0.0,1.8097916542770889,185.592241212702,3.671357231719201,0.4
4829.470491745465,3.6712798436903786,0.0,-0.0,1.8097916542770889,186.30664905410413,3.671348149070267,0.4
4830.184899586867,3.6712707290668325,0.0,-0.0,1.8097916542770889,187.02105689550626,3.6713390961289254,0.4
4830.7572260855395,3.6712634448715127,0.0,-0.0,1.8097916542770889,187.593383394179,3.671331864913435,0.4
4831.46963278476,3.671254424667584,0.0,-0.0,1.8097916542770889,188.30579009339908,3.671322890072715,0.4
4832.18203948398,3.671245442123898,0.0,-0.0,1.8097916542770889,189.01819679261916,3.6713139441464757,0.4
4832.7583682670165,3.6712381928018853,0.0,-0.0,1.8097916542770889,189.594525575656,3.6713067280056912,0.4
4833.4687738240555,3.6712293025450617,0.0,-0.0,1.8097916542770889,190.30493113269495,3.671297858786323,0.4
4834.179179381094,3.6712204487963183,0.0,-0.0,1.8097916542770889,191.01533668973389,3.671289017730459,0.4
4834.7595104484935,3.671213233362543,0.0,-0.0,1.8097916542770889,191.59566775713301,3.6712818162224714,0.4
4835.467914863351,3.6712044698552795,0.0,-0.0,1.8097916542770889,192.3040721719908,3.671273050547221,0.4
4836.176319278209,3.67119574175652,0.0,-0.0,1.8097916542770889,193.0124765868486,3.6712643123235553,0.4
4836.7606526299705,3.671188559274952,0.0,-0.0,1.8097916542770889,193.59680993861002,3.671257125052895,0.4
4837.467055902646,3.6711799194556662,0.0,-0.0,1.8097916542770889,194.30321321128577,3.6712484609462983,0.4
4838.173459175322,3.671171313993238,0.0,-0.0,1.8097916542770889,195.0096164839615,3.671239823615586,0.4
4838.7617948114475,3.671164163575434,0.0,-0.0,1.8097916542770889,195.59795212008703,3.6712326502299093,0.4
4839.466196941942,3.6711556445086506,0.0,-0.0,1.8097916542770889,196.30235425058163,3.6712240858110143,0.4
4840.170599072437,3.67114715879291,0.0,-0.0,1.8097916542770889,197.00675638107623,3.6712155475259025,0.4
4840.762936992925,3.6711400395967138,0.0,-0.0,1.8097916542770889,197.59909430156404,3.6712083877128956,0.4
4841.465337981237,3.671131638467417,0.0,-0.0,1.8097916542770889,198.30149528987658,3.6711999211885495,0.4
4842.16773896955,3.6711232697273104,0.0,-0.0,1.8097916542770889,199.00389627818913,3.6711914801870695,0.4
4842.764079174402,3.671116180952148,0.0,-0.0,1.8097916542770889,199.60023648304104,3.6711843336715537,0.4
4843.464479020533,3.671107895059868,0.0,-0.0,1.8097916542770889,200.30063632917245,3.6711759633301986,0.4
4844.164878866664,3.671099640634698,0.0,-0.0,1.8097916542770889,201.00103617530385,3.6711676179297497,0.4
4844.765221355879,3.6710925815225197,0.0,-0.0,1.8097916542770889,201.60137866451805,3.6711604844709753,0.4
4845.463620059829,3.6710844082725886,0.0,-0.0,1.8097916542770889,202.2997773684683,3.671152208676916,0.4
4846.162018763779,3.6710762656087654,0.0,-0.0,1.8097916542770889,202.99817607241857,3.6711439572687055,0.4
4846.766363537356,3.671069235437454,0.0,-0.0,1.8097916542770889,203.60252084599506,3.6711368366578236,0.4
4847.462761099124,3.671061172338775,0.0,-0.0,1.8097916542770889,204.29891840776327,3.671128653845925,0.4
4848.159158660892,3.67105313898121,0.0,-0.0,1.8097916542770889,204.99531596953148,3.6711204948898253,0.4
4848.7675057188335,3.671046137066571,0.0,-0.0,1.8097916542770889,205.60366302747298,3.671113386947526,0.4
4849.461902138421,3.671038181724678,0.0,-0.0,1.8097916542770889,206.29805944706004,3.6711052956183146,0.4
4850.156298558008,3.671030255313111,0.0,-0.0,1.8097916542770889,206.9924558666471,3.671097227638112,0.4
4850.7686479003105,3.67102328100542,0.0,-0.0,1.8097916542770889,207.60480520894998,3.6710901322124174,0.4
4851.461043177716,3.6710154311165466,0.0,-0.0,1.8097916542770889,208.2972004863559,3.6710821309275508,0.4
4852.153438455122,3.6710076093801494,0.0,-0.0,1.8097916542770889,208.98959576376183,3.671074152506549,0.4
4852.7697900817875,3.671000662062704,0.0,-0.0,1.8097916542770889,209.605947390427,3.671067069470752,0.4
4853.460184217011,3.670992915410165,0.0,-0.0,1.8097916542770889,210.29634152565086,3.67105915684883,0.4
4854.150578352235,3.6709851961636164,0.0,-0.0,1.8097916542770889,210.98673566087473,3.6710512666257866,0.4
4854.7709322632645,3.670978275250251,0.0,-0.0,1.8097916542770889,211.607089571904,3.671044195876528,0.4
4855.459325256307,3.670970629699762,0.0,-0.0,1.8097916542770889,212.29548256494672,3.67103637058922,0.4
4856.14771824935,3.6709630108379474,0.0,-0.0,1.8097916542770889,212.98387555798945,3.671028567254591,0.4
4856.7720744447415,3.6709561138261835,0.0,-0.0,1.8097916542770889,213.608231753381,3.6710215087100613,0.4
4857.458466295602,3.670948567334343,0.0,-0.0,1.8097916542770889,214.29462360424168,3.671013769478527,0.4
4858.144858146463,3.6709410468423975,0.0,-0.0,1.8097916542770889,214.98101545510235,3.6710060517709877,0.4
4858.7732166262185,3.6709341752280027,0.0,-0.0,1.8097916542770889,215.609373934858,3.670999005369251,0.4
4859.457607334898,3.670926725811423,0.0,-0.0,1.8097916542770889,216.29376464353754,3.6709913509608265,0.4
4860.141998043578,3.6709193017323187,0.0,-0.0,1.8097916542770889,216.97815535221707,3.6709837176640616,0.4
4860.7743588076955,3.6709124550102166,0.0,-0.0,1.8097916542770889,217.61051611633502,3.6709766833614914,0.4
4861.456748374194,3.6709051007555225,0.0,-0.0,1.8097916542770889,218.2929056828334,3.6709691125866284,0.4
4862.139137940692,3.670897771201249,0.0,-0.0,1.8097916542770889,218.9752952493318,3.670961562526356,0.4
4862.7755009891725,3.6708909488917003,0.0,-0.0,1.8097916542770889,219.61165829781203,3.6709545402961745,0.4
4863.455889413489,3.6708836879529563,0.0,-0.0,1.8097916542770889,220.29204672212836,3.6709470520056056,0.4
4864.136277837805,3.6708764511006806,0.0,-0.0,1.8097916542770889,220.9724351464447,3.6709395840468297,0.4
4864.77664317065,3.670869652747957,0.0,-0.0,1.8097916542770889,221.61280047928904,3.6709325738777463,0.4
4865.455030452785,3.67086248334228,0.0,-0.0,1.8097916542770889,222.29118776142423,3.670925166959867,0.4
4866.13341773492,3.670855337432312,0.0,-0.0,1.8097916542770889,222.96957504355942,3.670917780004333,0.4
4866.777785352127,3.6708485626037155,0.0,-0.0,1.8097916542770889,223.61394266076604,3.670910781899272,0.4
4867.454171492081,3.6708414830091574,0.0,-0.0,1.8097916542770889,224.2903288007201,3.670903455277715,0.4
4868.130557632035,3.670834426340178,0.0,-0.0,1.8097916542770889,224.96671494067414,3.6708961482615554,0.4
4868.778927533604,3.6708276746238817,0.0,-0.0,1.8097916542770889,225.61508484224305,3.670889162236476,0.4
4869.453312531376,3.6708206831756343,0.0,-0.0,1.8097916542770889,226.28946984001504,3.670881914867869,0.4
4870.127697529148,3.6708137141040087,0.0,-0.0,1.8097916542770889,226.96385483778704,3.670874686759425,0.4
4870.780069715081,3.670806985109336,0.0,-0.0,1.8097916542770889,227.61622702372006,3.670867712842214,0.4
4871.452453570671,3.67080008019753,0.0,-0.0,1.8097916542770889,228.2886108793109,3.670860543714105,0.4
4872.124837426262,3.670793197132619,0.0,-0.0,1.8097916542770889,228.96099473490176,3.6708533935119116,0.4
4872.781211896558,3.670786490488203,0.0,-0.0,1.8097916542770889,229.61736920519706,3.670846431741356,0.4
4873.451594609967,3.670779670555043,0.0,-0.0,1.8097916542770889,230.28775191860677,3.670839339870291,0.4
4874.121977323377,3.6707728719571993,0.0,-0.0,1.8097916542770889,230.95813463201648,3.670832266601212,0.4
4874.782354078035,3.6707661873100124,0.0,-0.0,1.8097916542770889,231.61851138667407,3.67082531702604,0.4
4875.450735649262,3.6707594508471706,0.0,-0.0,1.8097916542770889,232.28689295790173,3.670818301455786,0.4
4876.11911722049,3.670752735226052,0.0,-0.0,1.8097916542770889,232.95527452912938,3.670811304173286,0.4
4876.783496259512,3.670746072241013,0.0,-0.0,1.8097916542770889,233.61965356815108,3.670804366851274,0.4
4877.449876688558,3.6707394177871118,0.0,-0.0,1.8097916542770889,234.2860339971976,3.6707974266511747,0.4
4878.116257117605,3.6707327836988055,0.0,-0.0,1.8097916542770889,234.9524144262441,3.670790504433722,0.4
4878.784638440989,3.670726142056984,0.0,-0.0,1.8097916542770889,235.6207957496281,3.670783579430864,0.4
4879.449017727853,3.6707195681965104,0.0,-0.0,1.8097916542770889,236.28517503649255,3.670776713694314,0.4
4880.1133970147175,3.670713014240718,0.0,-0.0,1.8097916542770889,236.949554323357,3.670769865643898,0.4
4880.785780622466,3.670706393638788,0.0,-0.0,1.8097916542770889,237.6219379311051,3.6707629530336296,0.4
4881.448158767149,3.6706998989998256,0.0,-0.0,1.8097916542770889,238.2843160757884,3.6707561608766657,0.4
4882.110536911832,3.670693423818914,0.0,-0.0,1.8097916542770889,238.94669422047173,3.670749386117426,0.4
4882.786922803943,3.6706868239686496,0.0,-0.0,1.8097916542770889,239.6230801125821,3.6707424859799085,0.4
4883.447299806445,3.670680407219141,0.0,-0.0,1.8097916542770889,240.28345711508427,3.6707357665399,0.4
4884.107676808947,3.6706740094966035,0.0,-0.0,1.8097916542770889,240.94383411758645,3.6707290642168573,0.4
4884.78806498542,3.670667430124362,0.0,-0.0,1.8097916542770889,241.6242222940591,3.6707221766383022,0.4
4885.44644084574,3.670661089971656,0.0,-0.0,1.8097916542770889,242.28259815437923,3.6707155290727442,0.4
4886.10481670606,3.670654768428856,0.0,-0.0,1.8097916542770889,242.94097401469935,3.670708898350623,0.4
4886.789207166897,3.6706482092738266,0.0,-0.0,1.8097916542770889,243.62536447553612,3.6707020234226717,0.4
4887.445581885036,3.6706419444631435,0.0,-0.0,1.8097916542770889,244.2817391936751,3.6706954469080593,0.4
4888.101956603175,3.6706356978581622,0.0,-0.0,1.8097916542770889,244.93811391181407,3.670688886970196,0.4
4888.790349348374,3.670629158672619,0.0,-0.0,1.8097916542770889,245.62650665701312,3.6706820247893415,0.4
4889.4447229243315,3.6706229679851843,0.0,-0.0,1.8097916542770889,246.28088023297096,3.670675518520133,0.4
4890.099096500289,3.6706167951115654,0.0,-0.0,1.8097916542770889,246.9352538089288,3.6706690285674672,0.4
4890.791491529851,3.6706102756599632,0.0,-0.0,1.8097916542770889,247.62764883849013,3.6706621792345118,0.4
4891.443863963626,3.6706041579112174,0.0,-0.0,1.8097916542770889,248.2800212722659,3.6706557424221633,0.4
4892.096236397402,3.67059805759565,0.0,-0.0,1.8097916542770889,248.9323937060417,3.6706493216722995,0.4
4892.792633711328,3.6705915576538617,0.0,-0.0,1.8097916542770889,249.62879101996714,3.6706424852918573,0.4
4893.443005002922,3.6705855116914585,0.0,-0.0,1.8097916542770889,250.27916231156178,3.6706361171639306,0.4
4894.093376294517,3.670579482794046,0.0,-0.0,1.8097916542770889,250.92953360315641,3.670629764850268,0.4
4894.793775892805,3.6705730021488963,0.0,-0.0,1.8097916542770889,251.62993320144415,3.6706229415303,0.4
4895.442146042217,3.6705670268521216,0.0,-0.0,1.8097916542770889,252.27830335085673,3.6706166413296315,0.4
4896.09051619163,3.670561068263466,0.0,-0.0,1.8097916542770889,252.92667350026932,3.67061035670056,0.4
4896.794918074282,3.670554606712047,0.0,-0.0,1.8097916542770889,253.63107538292115,3.670603546551942,0.4
4897.441287081513,3.6705487009901607,0.0,-0.0,1.8097916542770889,254.2774443901526,3.6705973135358767,0.4
4898.087656088745,3.670542811630221,0.0,-0.0,1.8097916542770889,254.92381339738404,3.6705910958540255,0.4
4898.796060255759,3.6705363689796524,0.0,-0.0,1.8097916542770889,255.63221756439816,3.670584298990149,0.4
4899.440428120809,3.6705305317708676,0.0,-0.0,1.8097916542770889,256.27658542944846,3.670578132429824,0.4
4900.084795985859,3.6705247105870797,0.0,-0.0,1.8097916542770889,256.92095329449876,3.6705719809713693,0.4
4900.797202437236,3.6705182866534853,0.0,-0.0,1.8097916542770889,257.63335974587517,3.6705651975077687,0.4
4901.439569160104,3.670512516923722,0.0,-0.0,1.8097916542770889,258.2757264687434,3.670559096687453,0.4
4902.081935882972,3.6705067628928045,0.0,-0.0,1.8097916542770889,258.91809319161166,3.6705530107414726,0.4
4902.798344618713,3.670500357501428,0.0,-0.0,1.8097916542770889,259.6345019273522,3.670546240795482,0.4
4903.4387101994,3.6704946542428956,0.0,-0.0,1.8097916542770889,260.2748675080393,3.6705402050119607,0.4
4904.079075780087,3.6704889663656153,0.0,-0.0,1.8097916542770889,260.9152330887264,3.6705341838798344,0.4
4904.79948680019,3.6704825793501046,0.0,-0.0,1.8097916542770889,261.6356441088292,3.6705274275702706,0.4
4905.437851238696,3.670476941581013,0.0,-0.0,1.8097916542770889,262.27400854733514,3.67052145613227,0.4
4906.076215677202,3.670471318884138,0.0,-0.0,1.8097916542770889,262.9123729858411,3.670515499127124,0.4
4906.800628981667,3.670464950085628,0.0,-0.0,1.8097916542770889,263.6367862903062,3.670508756573989,0.4
4907.436992277991,3.6704593768475693,0.0,-0.0,1.8097916542770889,264.2731495866301,3.670502848801651,0.4
4908.0733555743145,3.6704538183818722,0.0,-0.0,1.8097916542770889,264.909512882954,3.67049695524784,0.4
4908.801771163144,3.6704474676500407,0.0,-0.0,1.8097916542770889,265.6379284717832,3.6704902265720496,0.4
4909.4361333172865,3.6704419580086998,0.0,-0.0,1.8097916542770889,266.27229062592596,3.6704843817964323,0.4
4910.070495471429,3.6704364628477046,0.0,-0.0,1.8097916542770889,266.9066527800687,3.6704785510290563,0.4
4910.802913344621,3.6704301300383673,0.0,-0.0,1.8097916542770889,267.6390706532602,3.670471836352186,0.4
4911.435274356582,3.670424683082277,0.0,-0.0,1.8097916542770889,268.2714316652218,3.6704660539148093,0.4
4912.067635368544,3.6704192503213715,0.0,-0.0,1.8097916542770889,268.90379267718345,3.670460285279269,0.4
4912.804055526098,3.6704129352983905,0.0,-0.0,1.8097916542770889,269.6402128347372,3.670453584723324,0.4
4913.434415395877,3.6704075501366016,0.0,-0.0,1.8097916542770889,270.2705727045168,3.670447863975736,0.4
4914.064775265657,3.670402178894176,0.0,-0.0,1.8097916542770889,270.90093257429635,3.6704421568273147,0.4
4914.805197707575,3.670395881526926,0.0,-0.0,1.8097916542770889,271.6413550162142,3.6704354705145112,0.4
4915.433556435173,3.6703905572896742,0.0,-0.0,1.8097916542770889,272.26971374381264,3.670429810817895,0.4
4916.061915162772,3.6703852467037366,0.0,-0.0,1.8097916542770889,272.89807247141107,3.6704241645213687,0.4
4916.806339889052,3.670378966867847,0.0,-0.0,1.8097916542770889,273.6424971976912,3.670417492573937,0.4
4917.432697474468,3.670373702706394,0.0,-0.0,1.8097916542770889,274.2688547831076,3.6704118932987377,0.4
4918.0590550598845,3.670368451933105,0.0,-0.0,1.8097916542770889,274.89521236852397,3.6704063072280158,0.4
4918.807482070529,3.6703621895107936,0.0,-0.0,1.8097916542770889,275.64363937916823,3.6703996497680156,0.4
4919.431838513764,3.670356984595208,0.0,-0.0,1.8097916542770889,276.26799582240346,3.6703941102935955,0.4
4920.056194956999,3.670351792811697,0.0,-0.0,1.8097916542770889,276.8923522656387,3.6703885838313823,0.4
4920.808624252006,3.670345547689486,0.0,-0.0,1.8097916542770889,277.64478156064524,3.6703819409805374,0.4
4921.43097955306,3.6703404012082963,0.0,-0.0,1.8097916542770889,278.2671368616993,3.67037646069485,0.4
4922.053334854114,3.6703352676098313,0.0,-0.0,1.8097916542770889,278.8894921627534,3.670370993232331,0.4
4922.809766433483,3.6703290396804995,0.0,-0.0,1.8097916542770889,279.64592374212225,3.6703643651118703,0.4
4923.430120592355,3.6703239508397094,0.0,-0.0,1.8097916542770889,280.2662779009943,3.670358943411164,0.4
4924.050474751227,3.6703188746395887,0.0,-0.0,1.8097916542770889,280.8866320598663,3.6703535343477105,0.4
4924.81090861496,3.6703126638005426,0.0,-0.0,1.8097916542770889,281.64706592359926,3.6703469210782287,0.4
4925.429261631651,3.6703076318239742,0.0,-0.0,1.8097916542770889,282.26541894029015,3.670341557366763,0.4
4926.047614648342,3.670302612250641,0.0,-0.0,1.8097916542770889,282.88377195698104,3.6703362061096585,0.4
4926.812050796437,3.670296418404554,0.0,-0.0,1.8097916542770889,283.64820810507626,3.6703296078109835,0.4
4927.4284026709465,3.670291442532852,0.0,-0.0,1.8097916542770889,284.264559979586,3.6703243015007665,0.4
4928.044754545456,3.6702864788331313,0.0,-0.0,1.8097916542770889,284.88091185409576,3.67031900746495,0.4
4928.813192977914,3.670280301886594,0.0,-0.0,1.8097916542770889,285.6493502865533,3.6703124242560254,0.4
4929.4275437102415,3.6702753813757454,0.0,-0.0,1.8097916542770889,286.26370101888097,3.670307174766568,0.4
4930.041894442569,3.6702704728117705,0.0,-0.0,1.8097916542770889,286.87805175120866,3.670301937374395,0.4
4930.814335159391,3.670264312675655,0.0,-0.0,1.8097916542770889,287.6504924680303,3.6702953693731666,0.4
4931.426684749537,3.670259446798596,0.0,-0.0,1.8097916542770889,288.26284205817683,3.670290176131254,0.4
4932.039034339684,3.670254592647474,0.0,-0.0,1.8097916542770889,288.8751916483234,3.67028499481227,0.4
4932.815477340868,3.670248449237201,0.0,-0.0,1.8097916542770889,289.6516346495073,3.670278442135589,0.4
4933.425825788833,3.6702436372800546,0.0,-0.0,1.8097916542770889,290.2619830974727,3.670273304575064,0.4
4934.036174236799,3.670238836834562,0.0,-0.0,1.8097916542770889,290.8723315454381,3.6702681787657965,0.4
4934.816619522345,3.6702327100693783,0.0,-0.0,1.8097916542770889,291.6527768309843,3.670261641529328,0.4
4935.424966828128,3.670227951333427,0.0,-0.0,1.8097916542770889,292.26112413676765,3.6702565590908875,0.4
4936.0333141339115,3.670223203899575,0.0,-0.0,1.8097916542770889,292.869471442551,3.6702514882346455,0.4
4936.817761703822,3.6702170937021035,0.0,-0.0,1.8097916542770889,293.6539190124613,3.670244966552784,0.4
4937.424107867424,3.6702123875044204,0.0,-0.0,1.8097916542770889,294.2602651760635,3.6702399386837947,0.4
4938.030454031026,3.6702076924030287,0.0,-0.0,1.8097916542770889,294.8666113396657,3.670234922230486,0.4
4938.818903885299,3.6702015986984606,0.0,-0.0,1.8097916542770889,295.6550611939383,3.67022841621628,0.4
4939.423248906719,3.6701969443677465,0.0,-0.0,1.8097916542770889,296.25940621535847,3.6702234423705944,0.4
4940.027593928139,3.6701923009318103,0.0,-0.0,1.8097916542770889,296.8637512367786,3.6702184797765502,0.4
4940.820046066776,3.670186223650721,0.0,-0.0,1.8097916542770889,297.6562033754153,3.670211989541636,0.4
4941.422389946015,3.6701816205285076,0.0,-0.0,1.8097916542770889,298.25854725465433,3.670207069179429,0.4
4942.024733825254,3.6701770281065156,0.0,-0.0,1.8097916542770889,298.86089113389335,3.670202159907242,0.4
4942.821188248253,3.6701709671813147,0.0,-0.0,1.8097916542770889,299.6573455568923,3.6701956855617794,0.4
4943.421530985311,3.67016641462268,0.0,-0.0,1.8097916542770889,300.2576882939502,3.6701908181493903,0.4
4944.021873722369,3.670161872572816,0.0,-0.0,1.8097916542770889,300.85803103100807,3.6701859616677575,0.4
4944.82233042973,3.670155827939288,0.0,-0.0,1.8097916542770889,301.65848773836933,3.670179503320377,0.4
4945.420672024606,3.670151325311817,0.0,-0.0,1.8097916542770889,302.25682933324515,3.67017468833016,0.4
4946.0190136194815,3.670146833005984,0.0,-0.0,1.8097916542770889,302.85517092812097,3.670169884113741,0.4
4946.823472611207,3.6701408046021373,0.0,-0.0,1.8097916542770889,303.65962991984634,3.670163441871491,0.4
4947.4198130639015,3.670136351285363,0.0,-0.0,1.8097916542770889,304.255970372541,3.670158678781678,0.4
4948.016153516596,3.6701319081067236,0.0,-0.0,1.8097916542770889,304.8523108252357,3.670153926310955,0.4
4948.824614792685,3.6701258958740324,0.0,-0.0,1.8097916542770889,305.66077210132426,3.6701475002792607,0.4
4949.418954103198,3.6701214912587545,0.0,-0.0,1.8097916542770889,306.2551114118378,3.6701427885738265,0.4
4950.013293413712,3.670117096602122,0.0,-0.0,1.8097916542770889,306.8494507223513,3.6701380873349785,0.4
4950.825756974162,3.6701111004847298,0.0,-0.0,1.8097916542770889,307.66191428280126,3.6701316776175994,0.4
4951.418095142493,3.670106743972493,0.0,-0.0,1.8097916542770889,308.25425245113274,3.670127016786139,0.4
4952.010433310825,3.670102397243935,0.0,-0.0,1.8097916542770889,308.8465906194642,3.6701223662709177,0.4
4952.826899155639,3.6700964171876156,0.0,-0.0,1.8097916542770889,309.66305646427827,3.6701159729699135,0.4
4953.417236181789,3.670092108191239,0.0,-0.0,1.8097916542770889,310.2533934904286,3.6701113625075252,0.4
4954.0075732079395,3.6700878088074504,0.0,-0.0,1.8097916542770889,310.84373051657894,3.6701067622131394,0.4
4954.828041337116,3.6700818447605505,0.0,-0.0,1.8097916542770889,311.6641986457553,3.6701003854288405,0.4
4955.416377221084,3.6700775827043906,0.0,-0.0,1.8097916542770889,312.25253452972356,3.670095824836012,0.4
4956.004713105052,3.670073330092018,0.0,-0.0,1.8097916542770889,312.84087041369185,3.6700912742650176,0.4
4956.829183518593,3.6700673820054406,0.0,-0.0,1.8097916542770889,313.6653408272323,3.6700849140959977,0.4
4957.41551826038,3.6700631663222882,0.0,-0.0,1.8097916542770889,314.2516755690194,3.6700804028785012,0.4
4958.001853002167,3.67005895991936,0.0,-0.0,1.8097916542770889,314.83801031080657,3.6700759015387003,0.4
4958.83032570007,3.6700530277456664,0.0,-0.0,1.8097916542770889,315.6664830087093,3.6700695580817517,0.4
4959.414659299676,3.6700488578793893,0.0,-0.0,1.8097916542770889,316.2508166083153,3.6700650957505454,0.4
4959.998992899282,3.670044697133164,0.0,-0.0,1.8097916542770889,316.8351502079213,3.670060643154885,0.4
4960.831467881547,3.6700387808268102,0.0,-0.0,1.8097916542770889,317.6676251901863,3.6700543165050012,0.4
4961.413800338971,3.6700346562312283,0.0,-0.0,1.8097916542770889,318.24995764761024,3.6700499025761317,0.4
4961.996132796395,3.670030540597539,0.0,-0.0,1.8097916542770889,318.8322901050342,3.6700454982426094,0.4
4962.832610063024,3.6700246401152303,0.0,-0.0,1.8097916542770889,319.6687673716633,3.670039188492969,0.4
4963.412941378267,3.6700205602529863,0.0,-0.0,1.8097916542770889,320.2490986869061,3.6700348224874806,0.4
4963.993272693509,3.670016489198378,0.0,-0.0,1.8097916542770889,320.8294300021489,3.6700304659390586,0.4
4964.833752244501,3.670010604498538,0.0,-0.0,1.8097916542770889,321.6699095531403,3.6700241731810084,0.4
4965.4120824175625,3.6700065688413406,0.0,-0.0,1.8097916542770889,322.248239726202,3.670019854624859,0.4
4965.990412590624,3.6700025418404767,0.0,-0.0,1.8097916542770889,322.82656989926363,3.6700155453893757,0.4
4966.834894425978,3.669996672883228,0.0,-0.0,1.8097916542770889,323.6710517346173,3.670009269712424,0.4
4967.411223456857,3.6699926809123555,0.0,-0.0,1.8097916542770889,324.2473807654969,3.670004998136399,0.4
4967.987552487737,3.6699886974494733,0.0,-0.0,1.8097916542770889,324.82370979637653,3.6700007357464917,0.4
4968.836036607455,3.669982844196158,0.0,-0.0,1.8097916542770889,325.67219391609433,3.6699944772382955,0.4
4969.410364496153,3.669978895400702,0.0,-0.0,1.8097916542770889,326.2465218047928,3.669990252177932,0.4
4969.984692384852,3.66997495496759,0.0,-0.0,1.8097916542770889,326.82084969349125,3.6699860361709558,0.4
4970.837178788932,3.669969117382137,0.0,-0.0,1.8097916542770889,327.67333609757134,3.669979794917319,0.4
4971.409505535449,3.669965211259948,0.0,-0.0,1.8097916542770889,328.24566284408866,3.669975615912831,0.4
4971.9818322819665,3.669961313357776,0.0,-0.0,1.8097916542770889,328.817989590606,3.669971445830786,0.4
4972.838320970409,3.6699554914038344,0.0,-0.0,1.8097916542770889,329.67447827904834,3.669965221915652,0.4
4973.408646574744,3.6699516274610846,0.0,-0.0,1.8097916542770889,330.2448038833836,3.669961088511855,0.4
4973.978972179079,3.6699477715990945,0.0,-0.0,1.8097916542770889,330.8151294877189,3.6699569639013156,0.4
4974.839463151886,3.669941965242855,0.0,-0.0,1.8097916542770889,331.67562046052535,3.669950757406769,0.4
4975.40778761404,3.66993814299396,0.0,-0.0,1.8097916542770889,332.2439449226795,3.6699466691530125,0.4
4975.976112076194,3.6699343286881687,0.0,-0.0,1.8097916542770889,332.8122693848336,3.6699425895650606,0.4
4976.840605333363,3.669928537897209,0.0,-0.0,1.8097916542770889,333.67676264200236,3.6699364005713218,0.4
4977.406928653335,3.6699247568637228,0.0,-0.0,1.8097916542770889,334.24308596197443,3.6699323570214255,0.4
4977.973251973307,3.66992098363911,0.0,-0.0,1.8097916542770889,334.8094092819465,3.6699283220115815,0.4
4978.84174751484,3.6699152083814948,0.0,-0.0,1.8097916542770889,335.67790482347937,3.669922150597014,0.4
4979.406069692631,3.6699114680925784,0.0,-0.0,1.8097916542770889,336.2422270012703,3.6699181513092007,0.4
4979.970391870422,3.6699077354816962,0.0,-0.0,1.8097916542770889,336.8065491790612,3.669914160437364,0.4
4980.842889696317,3.6699019757267712,0.0,-0.0,1.8097916542770889,337.6790470049564,3.6699080066784746,0.4
4981.405210731927,3.6698982757198224,0.0,-0.0,1.8097916542770889,338.24136804056616,3.669904051215309,0.4
4981.9675317675365,3.6698945832612764,0.0,-0.0,1.8097916542770889,338.80368907617594,3.669900104045697,0.4
4982.844031877794,3.6698888389802886,0.0,-0.0,1.8097916542770889,339.6801891864334,3.669893968017139,0.4
4983.404351771222,3.6698851787989675,0.0,-0.0,1.8097916542770889,340.2405090798611,3.6698900559454715,0.4
4983.964671664649,3.669881526039952,0.0,-0.0,1.8097916542770889,340.80082897328884,3.6698861520465593,0.4
4984.845174059271,3.669875797204029,0.0,-0.0,1.8097916542770889,341.6813313679104,3.6698800338211415,0.4
4985.4034928105175,3.669872176399768,0.0,-0.0,1.8097916542770889,342.239650119157,3.669876164712048,0.4
4985.961811561764,3.669868562893343,0.0,-0.0,1.8097916542770889,342.79796887040357,3.6698723036565144,0.4
4986.846316240748,3.669862849475216,0.0,-0.0,1.8097916542770889,343.6824735493874,3.6698662033052054,0.4
4987.402633849813,3.6698592676059274,0.0,-0.0,1.8097916542770889,344.23879115845284,3.669862376733935,0.4
4987.958951458879,3.669855692912763,0.0,-0.0,1.8097916542770889,344.7951087675183,3.669858558098607,0.4
4988.847458422225,3.6698499948864463,0.0,-0.0,1.8097916542770889,345.6836157308644,3.6698524756905453,0.4
4989.401774889108,3.6698464515164995,0.0,-0.0,1.8097916542770889,346.2379321977478,3.6698486912364645,0.4
4989.956091355992,3.6698429152031715,0.0,-0.0,1.8097916542770889,346.7922486646312,3.6698449146022645,0.4
4990.848600603702,3.6698372325428954,0.0,-0.0,1.8097916542770889,347.6847579123414,3.669838850204768,0.4
4991.400915928404,3.6698337272439208,0.0,-0.0,1.8097916542770889,348.23707323704366,3.66983510745131,0.4
4991.953231253106,3.6698302288836686,0.0,-0.0,1.8097916542770889,348.7893885617459,3.669831372403207,0.4
4992.849742785179,3.669824561564976,0.0,-0.0,1.8097916542770889,349.6859000938184,3.6698253260817797,0.4
4993.4000569677,3.669821093914196,0.0,-0.0,1.8097916542770889,350.2362142763395,3.669821624616396,0.4
4993.950371150221,3.669817633087158,0.0,-0.0,1.8097916542770889,350.78652845886063,3.6698179307433527,0.4
4994.850884966656,3.669811981086378,0.0,-0.0,1.8097916542770889,351.6870422752954,3.6698119025617006,0.4
4995.399198006995,3.6698085506681375,0.0,-0.0,1.8097916542770889,352.2353553156345,3.669808241975811,0.4
4995.947511047334,3.669805126959674,0.0,-0.0,1.8097916542770889,352.78366835597353,3.6698045888707385,0.4
4996.852027148133,3.66979949025345,0.0,-0.0,1.8097916542770889,353.68818445677243,3.6697985788907768,0.4
4997.398339046291,3.669796096657361,0.0,-0.0,1.8097916542770889,354.23449635493034,3.6697949587797227,0.4
4997.944650944449,3.6697927096602028,0.0,-0.0,1.8097916542770889,354.78080825308825,3.6697913460394336,0.4
4998.85316932961,3.6697870882259567,0.0,-0.0,1.8097916542770889,355.68932663824944,3.669785354321302,0.4
4999.397480085586,3.6697837310472234,0.0,-0.0,1.8097916542770889,356.2336373942253,3.669781774284302,0.4
4999.941790841562,3.6697803803594513,0.0,-0.0,1.8097916542770889,356.77794815020115,3.6697782015094647,0.4
5000.854311511087,3.669774774174977,0.0,-0.0,1.8097916542770889,357.69046881972645,3.669772228111539,0.4
5001.396621124882,3.6697714530168666,0.0,-0.0,1.8097916542770889,358.23277843352116,3.669768687751642,0.4
5001.938930738676,3.669768138241147,0.0,-0.0,1.8097916542770889,358.7750880473159,3.6697651545467367,0.4
5002.855453692564,3.669762547286144,0.0,-0.0,1.8097916542770889,359.69161100120346,3.6697591995256436,0.4
5003.3957621641775,3.669759261754998,0.0,-0.0,1.8097916542770889,360.231919472817,3.6697556984496864,0.4
5003.936070635791,3.6697559825014645,0.0,-0.0,1.8097916542770889,360.7722279444306,3.669752204422964,0.4
5004.856595874041,3.669750406754171,0.0,-0.0,1.8097916542770889,361.69275318268046,3.669746267833594,0.4
5005.3949032034725,3.6697471564639814,0.0,-0.0,1.8097916542770889,362.231060512112,3.669742805652161,0.4
5005.933210532904,3.6697439123472675,0.0,-0.0,1.8097916542770889,362.7693678415435,3.6697393504155964,0.4
5006.857738055518,3.669738351788737,0.0,-0.0,1.8097916542770889,363.69389536415747,3.669733432311121,0.4
5007.394044242768,3.6697351363570156,0.0,-0.0,1.8097916542770889,364.23020155140784,3.6697300086384987,0.4
5007.930350430019,3.669731926997305,0.0,-0.0,1.8097916542770889,364.7665077386582,3.6697265918077573,0.4
5008.858880236995,3.6697263816076227,0.0,-0.0,1.8097916542770889,365.6950375456345,3.66972069223964,0.4
5009.393185282064,3.6697232006582396,0.0,-0.0,1.8097916542770889,366.2293425907037,3.6697173066937827,0.4
5009.9274903271335,3.6697200256816833,0.0,-0.0,1.8097916542770889,366.76364763577294,3.6697139278881727,0.4
5010.860022418472,3.66971449544151,0.0,-0.0,1.8097916542770889,367.6961797271115,3.6697080469061882,0.4
5011.392326321359,3.669711348603554,0.0,-0.0,1.8097916542770889,368.22848362999866,3.6697046991086735,0.4
5011.924630224246,3.669708207641141,0.0,-0.0,1.8097916542770889,368.76078753288584,3.669701357951113,0.4
5012.861164599949,3.669702692531637,0.0,-0.0,1.8097916542770889,369.6973219085885,3.6696954956033614,0.4
5013.391467360655,3.669699579440194,0.0,-0.0,1.8097916542770889,370.2276246692945,3.6696921851793536,0.4
5013.921770121361,3.6696964721262377,0.0,-0.0,1.8097916542770889,370.75792743000056,3.6696888812963295,0.4
5014.862306781426,3.6696909721300264,0.0,-0.0,1.8097916542770889,371.6984640900655,3.6696830376292517,0.4
5015.39060839995,3.6696878924234797,0.0,-0.0,1.8097916542770889,372.2267657085895,3.6696797642074643,0.4
5015.918910018474,3.669684818399816,0.0,-0.0,1.8097916542770889,372.75506732711347,3.6696764972289957,0.4
5016.863448962903,3.669679333499308,0.0,-0.0,1.8097916542770889,373.6996062715425,3.6696706722873924,0.4
5017.389749439246,3.6696762868206534,0.0,-0.0,1.8097916542770889,374.22590674788535,3.6696674355000516,0.4
5017.916049915589,3.669673245733244,0.0,-0.0,1.8097916542770889,374.7522072242282,3.6696642050596524,0.4
5018.86459114438,3.669667775910722,0.0,-0.0,1.8097916542770889,375.7007484530195,3.669658398886697,0.4
5019.388890478542,3.669664761909961,0.0,-0.0,1.8097916542770889,376.2250477871812,3.669655198369505,0.4
5019.913189812703,3.669661753409003,0.0,-0.0,1.8097916542770889,376.7493471213429,3.6696520041041496,0.4
5020.865733325857,3.6696562986467196,0.0,-0.0,1.8097916542770889,377.7018906344965,3.669646216741408,0.4
5021.388031517837,3.6696533169776853,0.0,-0.0,1.8097916542770889,378.22418882647617,3.6696430521335066,0.4
5021.910329709816,3.6696503407180656,0.0,-0.0,1.8097916542770889,378.7464870184558,3.6696398936835934,0.4
5022.866875507334,3.6696449010000607,0.0,-0.0,1.8097916542770889,379.70303281597353,3.6696341251710405,0.4
5023.3871725571325,3.6696419513205294,0.0,-0.0,1.8097916542770889,380.22332986577203,3.6696309961149773,0.4
5023.907469606931,3.669639006961934,0.0,-0.0,1.8097916542770889,380.74362691557053,3.669627873124295,0.4
5024.868017688811,3.6696335822717194,0.0,-0.0,1.8097916542770889,381.70417499745054,3.6696221235003303,0.4
5025.386313596428,3.6696306642443735,0.0,-0.0,1.8097916542770889,382.2224709050679,3.6696190296420252,0.4
5025.904609504046,3.6696277514513422,0.0,-0.0,1.8097916542770889,382.74076681268525,3.669615941757717,0.4
5026.869159870288,3.6696223417721887,0.0,-0.0,1.8097916542770889,383.70531717892754,3.669610211059184,0.4
5027.385454635723,3.669619455064403,0.0,-0.0,1.8097916542770889,384.22161194436285,3.6696071520478935,0.4
5027.901749401159,3.66961657350529,0.0,-0.0,1.8097916542770889,384.73790670979815,3.6696040989204266,0.4
5028.870302051765,3.669611178821979,0.0,-0.0,1.8097916542770889,385.70645936040455,3.6695983871826283,0.4
5029.384595675019,3.6696083231051277,0.0,-0.0,1.8097916542770889,386.2207529836587,3.6695953626709144,0.4
5029.898889298273,3.6696054724527682,0.0,-0.0,1.8097916542770889,386.7350466069129,3.669592343954046,0.4
5030.871444233242,3.6696000927495995,0.0,-0.0,1.8097916542770889,387.70760154188156,3.669586651210763,0.4
5031.383736714315,3.6695972676990998,0.0,-0.0,1.8097916542770889,388.2198940229546,3.66958366085446,0.4
5031.896029195388,3.669594447631016,0.0,-0.0,1.8097916542770889,388.7321865040276,3.669580676205202,0.4
5032.872586414719,3.669589082891886,0.0,-0.0,1.8097916542770889,389.70874372335857,3.669575002488711,0.4
5033.38287775361,3.6695862881880714,0.0,-0.0,1.8097916542770889,390.21903506224953,3.6695720459468926,0.4
5033.893169092501,3.6695834983857156,0.0,-0.0,1.8097916542770889,390.7293264011405,3.669569095025486,0.4
5034.873728596196,3.669578148595601,0.0,-0.0,1.8097916542770889,391.7098859048356,3.669563440366576,0.4
5035.382018792906,3.669575383922975,0.0,-0.0,1.8097916542770889,392.2181761015454,3.669560517301525,0.4
5035.890308989616,3.6695726240711575,0.0,-0.0,1.8097916542770889,392.7264662982552,3.669557599771402,0.4
5036.874870777673,3.6695672892158644,0.0,-0.0,1.8097916542770889,393.7110280863126,3.669551964199392,0.4
5037.381159832201,3.669564554261477,0.0,-0.0,1.8097916542770889,394.21731714084035,3.66954907427657,0.4
5037.887448886729,3.6695618240498975,0.0,-0.0,1.8097916542770889,394.7236061953681,3.669546189804329,0.4
5038.87601295915,3.6695565041133693,0.0,-0.0,1.8097916542770889,395.7121702677896,3.6695405733470863,0.4
5039.380300871497,3.669553798569925,0.0,-0.0,1.8097916542770889,396.2164581801362,3.6695377162351,0.4
5039.884588783843,3.6695510976917713,0.0,-0.0,1.8097916542770889,396.72074609248284,3.6695348644904713,0.4
5040.877155140627,3.669545792660835,0.0,-0.0,1.8097916542770889,397.7133124492666,3.6695292671744286,0.4
5041.379441910793,3.669543116223599,0.0,-0.0,1.8097916542770889,398.2155992194321,3.669526442545003,0.4
5041.881728680958,3.6695404443762882,0.0,-0.0,1.8097916542770889,398.71788598959756,3.6695236232008193,0.4
5042.878297322104,3.669535154234853,0.0,-0.0,1.8097916542770889,399.7144546307436,3.6695180450509923,0.4
5043.378582950088,3.669532506604387,0.0,-0.0,1.8097916542770889,400.21474025872703,3.6695152525789396,0.4
5043.878868578071,3.6695298634887537,0.0,-0.0,1.8097916542770889,400.71502588671046,3.669512465311108,0.4
5044.879439503581,3.6695245882230827,0.0,-0.0,1.8097916542770889,401.7155968122206,3.6695069063511134,0.4
5045.377723989383,3.6695219691019347,0.0,-0.0,1.8097916542770889,402.2138812980229,3.6695041457143027,0.4
5045.876008475186,3.669519354422953,0.0,-0.0,1.8097916542770889,402.7121657838252,3.669501390201775,0.4
5046.87257744679,3.6695141358497185,0.0,-0.0,1.8097916542770889,403.70873475542976,3.669495894511493,0.4
5046.880581685058,3.669514093988391,0.0,-0.0,1.8097916542770889,403.7167389936976,3.669495850453847,0.4
5047.376865028679,3.6695115030843453,0.0,-0.0,1.8097916542770889,404.21302233731876,3.669493121333177,0.4
5047.8731483723,3.6695089165496864,0.0,-0.0,1.8097916542770889,404.7093056809399,3.66949039725792,0.4
5048.865715059542,3.669503754091287,0.0,-0.0,1.8097916542770889,405.7018723681813,3.66948496420631,0.4
5048.881723866536,3.6695036709331017,0.0,-0.0,1.8097916542770889,405.71788117517553,3.669484876742929,0.4
5049.376006067975,3.669501107956694,0.0,-0.0,1.8097916542770889,406.2121633766146,3.6694821788222987,0.4
5049.870288269414,3.66949854927887,0.0,-0.0,1.8097916542770889,406.7064455780537,3.669479485869267,0.4
5050.858852672292,3.6694934423609187,0.0,-0.0,1.8097916542770889,407.6950099809319,3.6694741148293923,0.4
5050.882866048013,3.6694933184664773,0.0,-0.0,1.8097916542770889,407.71902335665254,3.6694739846067357,0.4
5051.375147107271,3.669490783132158,0.0,-0.0,1.8097916542770889,408.2113044159105,3.6694713175730165,0.4
5051.867428166529,3.669488252026799,0.0,-0.0,1.8097916542770889,408.70358547516844,3.669468655430124,0.4
5052.851990285045,3.6694832000834685,0.0,-0.0,1.8097916542770889,409.68814759368433,3.669463345780927,0.4
5052.88400822949,3.669483036005399,0.0,-0.0,1.8097916542770889,409.72016553812955,3.6694631734382455,0.4
5053.374288146566,3.6694805280313774,0.0,-0.0,1.8097916542770889,410.21044545520544,3.6694605369812514,0.4
5053.864568063642,3.6694780242165264,0.0,-0.0,1.8097916542770889,410.70072537228134,3.669457905339344,0.4
5054.845127897795,3.6694730266897144,0.0,-0.0,1.8097916542770889,411.68128520643404,3.6694526564655936,0.4
5054.885150410967,3.6694728229728906,0.0,-0.0,1.8097916542770889,411.72130771960656,3.6694524426349986,0.4
5055.373429185862,3.6694703420803743,0.0,-0.0,1.8097916542770889,412.2095864945013,3.669449836447463,0.4
5055.861707960757,3.6694678652796053,0.0,-0.0,1.8097916542770889,412.69786526939606,3.669447235000289,0.4
5056.838265510546,3.6694629216141785,0.0,-0.0,1.8097916542770889,413.67442281918557,3.6694420462925246,0.4
5056.886292592444,3.669462678800474,0.0,-0.0,1.8097916542770889,413.72244990108356,3.6694417915990627,0.4
5057.372570225158,3.6694602247134127,0.0,-0.0,1.8097916542770889,414.2087275337972,3.669439215376606,0.4
5057.858847857871,3.6694577746519377,0.0,-0.0,1.8097916542770889,414.6950051665108,3.669436643820793,0.4
5058.8314031232985,3.66945288430342,0.0,-0.0,1.8097916542770889,415.667560431938,3.6694315146752716,0.4
5058.887434773921,3.669452602924023,0.0,-0.0,1.8097916542770889,415.7235920825606,3.6694312197369925,0.4
5059.371711264453,3.6694501753710194,0.0,-0.0,1.8097916542770889,416.2078685730921,3.6694286731781,0.4
5059.855987754984,3.6694477517776853,0.0,-0.0,1.8097916542770889,416.6921450636237,3.669426131213124,0.4
5060.824540736048,3.6694429142069094,0.0,-0.0,1.8097916542770889,417.6606980446877,3.6694210610317666,0.4
5060.888576955398,3.669442594788391,0.0,-0.0,1.8097916542770889,417.7247342640376,3.6694207264597947,0.4
5061.3708523037485,3.6694401935002077,0.0,-0.0,1.8097916542770889,418.207009612388,3.669418209265786,0.4
5061.853127652099,3.669437796107263,0.0,-0.0,1.8097916542770889,418.6892849607384,3.6694156965939495,0.4
5062.8176783488,3.669433010780638,0.0,-0.0,1.8097916542770889,419.65383565743923,3.6694106847842893,0.4
5062.889719136875,3.669432653843197,0.0,-0.0,1.8097916542770889,419.7258764455146,3.669410311182892,0.4
5063.369993343044,3.6694302785546804,0.0,-0.0,1.8097916542770889,420.20615065168386,3.6694078230578975,0.4
5063.850267549214,3.6694279070972833,0.0,-0.0,1.8097916542770889,420.6864248578531,3.669405339384299,0.4
5064.810815961551,3.6694231734889042,0.0,-0.0,1.8097916542770889,421.64697327019076,3.66940038535943,0.4
5064.890861318352,3.669422779545587,0.0,-0.0,1.8097916542770889,421.7270186269916,3.6693999733260876,0.4
5065.369134382339,3.6694204299932776,0.0,-0.0,1.8097916542770889,422.2052916909788,3.669397513977021,0.4
5065.8474074463265,3.669418084210898,0.0,-0.0,1.8097916542770889,422.683564754966,3.669395059009532,0.4
5066.803953574302,3.6694134017989666,0.0,-0.0,1.8097916542770889,423.64011088294137,3.6693901621880567,0.4
5066.892003499829,3.6694129713581787,0.0,-0.0,1.8097916542770889,423.7281608084686,3.669389712313528,0.4
5067.368275421635,3.669410647283766,0.0,-0.0,1.8097916542770889,424.2044327302747,3.6693872814500623,0.4
5067.844547343441,3.6694083269166384,0.0,-0.0,1.8097916542770889,424.68070465208075,3.6693848548993,0.4
5068.797091187053,3.6694036951881337,0.0,-0.0,1.8097916542770889,425.6332484956929,3.6693800147052795,0.4
5068.893145681306,3.669403228750152,0.0,-0.0,1.8097916542770889,425.7293029899456,3.6693795275736716,0.4
5069.367416460931,3.6694009298963364,0.0,-0.0,1.8097916542770889,426.20357376957054,3.6693771249082108,0.4
5069.841687240556,3.6693986346903733,0.0,-0.0,1.8097916542770889,426.67784454919547,3.6693747264875145,0.4
5070.790228799805,3.669394053135117,0.0,-0.0,1.8097916542770889,427.6263861084444,3.6693699423504187,0.4
5070.894287862783,3.6693935511962907,0.0,-0.0,1.8097916542770889,427.7304451714226,3.6693694185392514,0.4
5071.366557500226,3.669391277310127,0.0,-0.0,1.8097916542770889,428.2027148088655,3.6693670437869086,0.4
5071.838827137669,3.669389007012416,0.0,-0.0,1.8097916542770889,428.6749844463084,3.6693646732123137,0.4
5072.783366412555,3.6693844751288136,0.0,-0.0,1.8097916542770889,429.6195237211941,3.669359944566971,0.4
5072.89543004426,3.669383938178602,0.0,-0.0,1.8097916542770889,429.7315873528996,3.669359384647244,0.4
5073.365698539522,3.669381689009338,0.0,-0.0,1.8097916542770889,430.20185584816136,3.6693570375258138,0.4
5073.835967034784,3.6693794433701354,0.0,-0.0,1.8097916542770889,430.6721243434231,3.6693546945160276,0.4
5074.776504025307,3.669374960661515,0.0,-0.0,1.8097916542770889,431.61266133394656,3.669350020802575,0.4
5074.896572225737,3.6693743891825408,0.0,-0.0,1.8097916542770889,431.73272953437663,3.6693494253388326,0.4
5075.364839578817,3.669372164483676,0.0,-0.0,1.8097916542770889,432.2009968874563,3.669347105568769,0.4
5075.8331069318965,3.6693699432563682,0.0,-0.0,1.8097916542770889,432.669264240536,3.669344789845145,0.4
5076.769641638057,3.669365509232313,0.0,-0.0,1.8097916542770889,433.60579894669627,3.669340170508982,0.4
5076.897714407214,3.669364903701819,0.0,-0.0,1.8097916542770889,433.73387171585364,3.6693395400593776,0.4
5077.363980618113,3.669362703227888,0.0,-0.0,1.8097916542770889,434.2001379267522,3.6693372473637678,0.4
5077.830246829011,3.6693605061685926,0.0,-0.0,1.8097916542770889,434.6664041376507,3.669334958650283,0.4
5078.762779250808,3.6693561203434353,0.0,-0.0,1.8097916542770889,435.5989365594478,3.6693303931420216,0.4
5078.898856588691,3.669355481234736,0.0,-0.0,1.8097916542770889,435.73501389733065,3.6693297282583823,0.4
5079.363121657409,3.6693533047436095,0.0,-0.0,1.8097916542770889,436.19927896604804,3.669327462362923,0.4
5079.827386726126,3.669351131611844,0.0,-0.0,1.8097916542770889,436.66354403476544,3.6693252003861523,0.4
5080.75591686356,3.669346793505525,0.0,-0.0,1.8097916542770889,437.5920741721993,3.6693206881615708,0.4
5080.899998770168,3.6693461212844904,0.0,-0.0,1.8097916542770889,437.73615607880765,3.669319989389459,0.4
5081.3622626967035,3.6693439685374827,0.0,-0.0,1.8097916542770889,438.198420005343,3.6693177500224334,0.4
5081.824526623239,3.669341819094665,0.0,-0.0,1.8097916542770889,438.66068393187834,3.669315514511528,0.4
5082.74905447631,3.6693375282320977,0.0,-0.0,1.8097916542770889,439.58521178494993,3.669311055031522,0.4
5082.901140951645,3.6693368233603856,0.0,-0.0,1.8097916542770889,439.73729826028466,3.6693103229103015,0.4
5083.361403735999,3.6693346941212135,0.0,-0.0,1.8097916542770889,440.19756104463886,3.669308109802554,0.4
5083.821666520354,3.669332568131651,0.0,-0.0,1.8097916542770889,440.65782382899306,3.6693059004892166,0.4
5084.742192089062,3.6693283240451717,0.0,-0.0,1.8097916542770889,441.57834939770146,3.669301493219753,0.4
5084.902283133122,3.6693275869773276,0.0,-0.0,1.8097916542770889,441.73844044176167,3.6693007282826477,0.4
5085.360544775295,3.669325481011863,0.0,-0.0,1.8097916542770889,442.1967020839347,3.669298541167562,0.4
5085.818806417468,3.6693233782432446,0.0,-0.0,1.8097916542770889,442.6549637261078,3.669296357786023,0.4
5086.7353297018135,3.669319180467831,0.0,-0.0,1.8097916542770889,443.571487010453,3.6692920021980964,0.4
5086.903425314599,3.6693184116553086,0.0,-0.0,1.8097916542770889,443.7395826232387,3.6692912049722533,0.4
5087.35968581459,3.6693163287329056,0.0,-0.0,1.8097916542770889,444.1958431232297,3.669289043585729,0.4
5087.815946314581,3.669314248954244,0.0,-0.0,1.8097916542770889,444.6521036232207,3.6692868858727246,0.4
5088.728467314564,3.669310097031988,0.0,-0.0,1.8097916542770889,445.5646246232036,3.669282581442307,0.4
5088.904567496076,3.669309296918879,0.0,-0.0,1.8097916542770889,445.7407248047157,3.6692817524488577,0.4
5089.358826853886,3.6693072368106616,0.0,-0.0,1.8097916542770889,446.19498416252554,3.6692796165292862,0.4
5089.813086211696,3.6693051797948346,0.0,-0.0,1.8097916542770889,446.6492435203354,3.669277484224035,0.4
5090.721604927316,3.6693010732725337,0.0,-0.0,1.8097916542770889,447.5577622359551,3.6692732304320357,0.4
5090.905709677553,3.669300242298584,0.0,-0.0,1.8097916542770889,447.7418669861927,3.6692723701861554,0.4
5091.357967893182,3.669298204778631,0.0,-0.0,1.8097916542770889,448.1941252018214,3.6692702594743993,0.4
5091.810226108811,3.6692961703004516,0.0,-0.0,1.8097916542770889,448.6463834174501,3.66926815231858,0.4
5092.714742540067,3.669292108729663,0.0,-0.0,1.8097916542770889,449.55089984870665,3.669263948650795,0.4
5092.90685185903,3.66929124732945,0.0,-0.0,1.8097916542770889,449.7430091676697,3.6692630576617633,0.4
5093.357108932477,3.6692892321748087,0.0,-0.0,1.8097916542770889,450.19326624111636,3.669260971901132,0.4
5093.8073660059235,3.6692872200111806,0.0,-0.0,1.8097916542770889,450.643523314563,3.669258889638861,0.4
5094.707880152817,3.669283202948418,0.0,-0.0,1.8097916542770889,451.54403746145636,3.6692547355859344,0.4
5094.907994040507,3.6692823115521787,0.0,-0.0,1.8097916542770889,451.7441513491467,3.6692538143571944,0.4
5095.356249971773,3.6692803185410003,0.0,-0.0,1.8097916542770889,452.1924072804122,3.669251753293422,0.4
5095.804505903038,3.669278328472023,0.0,-0.0,1.8097916542770889,452.64066321167775,3.66924969567123,0.4
5096.701017765569,3.6692743554790357,0.0,-0.0,1.8097916542770889,453.5371750742088,3.6692455907286057,0.4
5096.909136221984,3.6692734345108344,0.0,-0.0,1.8097916542770889,453.7452935306237,3.6692446397578227,0.4
5097.355391011068,3.6692714634252015,0.0,-0.0,1.8097916542770889,454.1915483197072,3.6692426031390477,0.4
5097.801645800151,3.669269495233334,0.0,-0.0,1.8097916542770889,454.63780310879065,3.6692405699058606,0.4
5098.694155378319,3.6692655658753885,0.0,-0.0,1.8097916542770889,455.5303126869585,3.669236513573741,0.4
5098.910278403461,3.6692646157553477,0.0,-0.0,1.8097916542770889,455.7464357121007,3.66923553335286,0.4
5099.354532050364,3.6692626663791943,0.0,-0.0,1.8097916542770889,456.19068935900304,3.6692335209296014,0.4
5099.798785697266,3.6692607198485634,0.0,-0.0,1.8097916542770889,456.63494300590537,3.669231511836715,0.4
5100.6872929910705,3.6692568336984683,0.0,-0.0,1.8097916542770889,457.52345029971,3.6692275036200175,0.4
5100.911420584938,3.6692558548410013,0.0,-0.0,1.8097916542770889,457.7475778935777,3.6692264946353204,0.4
5101.353673089659,3.6692539269600495,0.0,-0.0,1.8097916542770889,458.1898303982989,3.669224506160458,0.4
5101.795925594381,3.669252001877987,0.0,-0.0,1.8097916542770889,458.6320829030201,3.6692225209615192,0.4
5102.680430603822,3.6692481585110315,0.0,-0.0,1.8097916542770889,459.51658791246155,3.6692185603698317,0.4
5102.912562766415,3.669247151325987,0.0,-0.0,1.8097916542770889,459.74872007505473,3.669217523101997,0.4
5103.352814128954,3.6692452447292836,0.0,-0.0,1.8097916542770889,460.18897143759386,3.6692155583307464,0.4
5103.7930654914935,3.669243340885157,0.0,-0.0,1.8097916542770889,460.629222800133,3.669213596781731,0.4
5104.673568216573,3.669239539880745,0.0,-0.0,1.8097916542770889,461.50972552521216,3.669209683329273,0.4
5104.913704947892,3.6692385047741913,0.0,-0.0,1.8097916542770889,461.74986225653174,3.669208618253429,0.4
5105.35195516825,3.669236619252634,0.0,-0.0,1.8097916542770889,462.1881124768897,3.669206676943325,0.4
5105.790205388608,3.6692347364376943,0.0,-0.0,1.8097916542770889,462.6263626972477,3.6692047388025157,0.4
5106.666705829324,3.669230977382321,0.0,-0.0,1.8097916542770889,463.5028631379637,3.669200872008093,0.4
5106.914847129369,3.6692299147539753,0.0,-0.0,1.8097916542770889,463.75100443800875,3.669199779593875,0.4
5107.351096207546,3.6692280501006955,0.0,-0.0,1.8097916542770889,464.1872535161856,3.6691978615047476,0.4
5107.787345285723,3.6692261881093637,0.0,-0.0,1.8097916542770889,464.62350259436244,3.6691959465327155,0.4
5108.659843442076,3.6692224705905403,0.0,-0.0,1.8097916542770889,465.4960007507152,3.66919212591968,0.4
5108.915989310846,3.669221380837799,0.0,-0.0,1.8097916542770889,465.75214661948576,3.669191006631286,0.4
5109.350237246841,3.669219536848185,0.0,-0.0,1.8097916542770889,466.18639455548055,3.66918911152524,0.4
5109.784485182836,3.669217695476068,0.0,-0.0,1.8097916542770889,466.62064249147534,3.66918721948482,0.4
5110.652981054825,3.6692140190893574,0.0,-0.0,1.8097916542770889,467.4891383634649,3.6691834445810296,0.4
5110.917131492323,3.669212902602113,0.0,-0.0,1.8097916542770889,467.75328880096276,3.6691822988772747,0.4
5111.349378286137,3.669211079073648,0.0,-0.0,1.8097916542770889,468.1855355947764,3.6691804265186696,0.4
5111.781625079951,3.6692092581194053,0.0,-0.0,1.8097916542770889,468.61778238859006,3.669178557174944,0.4
5112.646118667578,3.6692056224626377,0.0,-0.0,1.8097916542770889,469.48227597621735,3.669174827512719,0.4
5112.9182736738,3.6692044796287755,0.0,-0.0,1.8097916542770889,469.75443098243977,3.6691736558470907,0.4
5113.348519325432,3.669202676361821,0.0,-0.0,1.8097916542770889,470.18467663407137,3.66917180600252,0.4
5113.7787649770635,3.669200875625642,0.0,-0.0,1.8097916542770889,470.61492228570296,3.669169959122795,0.4
5114.639256280328,3.6691972803008435,0.0,-0.0,1.8097916542770889,471.47541358896706,3.6691662742388806,0.4
5114.919415855277,3.6691961115032488,0.0,-0.0,1.8097916542770889,471.7555731639168,3.6691650770595907,0.4
5115.347660364728,3.66919432829907,0.0,-0.0,1.8097916542770889,472.18381767336723,3.6691632494978608,0.4
5115.775904874178,3.6691925475836396,0.0,-0.0,1.8097916542770889,472.6120621828177,3.6691614248516484,0.4
5116.632393893079,3.6691889921978276,0.0,-0.0,1.8097916542770889,473.4685512017186,3.669157784287173,0.4
5116.920558036754,3.6691877978145917,0.0,-0.0,1.8097916542770889,473.7567153453938,3.669156562037213,0.4
5117.346801404024,3.6691860344773364,0.0,-0.0,1.8097916542770889,474.1829587126631,3.669154756529325,0.4
5117.773044771293,3.669184273587611,0.0,-0.0,1.8097916542770889,474.6092020799324,3.669152953888321,0.4
5118.6255315058315,3.6691807577512416,0.0,-0.0,1.8097916542770889,475.461688814471,3.6691493571887577,0.4
5118.921700218231,3.669179538156735,0.0,-0.0,1.8097916542770889,475.7578575268708,3.6691481103059504,0.4
5119.345942443319,3.6691777944932795,0.0,-0.0,1.8097916542770889,476.18209975195805,3.6691463266250786,0.4
5119.770184668406,3.669176053235158,0.0,-0.0,1.8097916542770889,476.6063419770453,3.669144545763144,0.4
5120.618669118581,3.6691725765648036,0.0,-0.0,1.8097916542770889,477.4548264272207,3.6691409924782694,0.4
5120.922842399708,3.6691713321275774,0.0,-0.0,1.8097916542770889,477.7589997083478,3.669139721395321,0.4
5121.345083482614,3.6691696079451073,0.0,-0.0,1.8097916542770889,478.1812407912539,3.669137959316794,0.4
5121.7673245655205,3.6691678861284434,0.0,-0.0,1.8097916542770889,478.60348187416,3.669136200009936,0.4
5122.611806731333,3.66916444824166,0.0,-0.0,1.8097916542770889,479.44796403997225,3.669132689693793,0.4
5122.923984581185,3.6691631793288417,0.0,-0.0,1.8097916542770889,479.7601418898248,3.6691313948383457,0.4
5123.34422452191,3.6691614744375336,0.0,-0.0,1.8097916542770889,480.1803818305498,3.669129654139626,0.4
5123.764464462635,3.669159771873165,0.0,-0.0,1.8097916542770889,480.60062177127475,3.6691279161659773,0.4
5124.604944344084,3.669156372392499,0.0,-0.0,1.8097916542770889,481.4411016527238,3.6691244483768353,0.4
5124.925126762662,3.6691550793655408,0.0,-0.0,1.8097916542770889,481.7612840713018,3.6691231301715197,0.4
5125.343365561205,3.6691533935787226,0.0,-0.0,1.8097916542770889,482.17952286984473,3.669121410632184,0.4
5125.761604359748,3.6691517100787525,0.0,-0.0,1.8097916542770889,482.59776166838765,3.6691196937719845,0.4
5126.598081956835,3.6691483486326972,0.0,-0.0,1.8097916542770889,483.4342392654744,3.6691162680723015,0.4
5126.926268944139,3.6691470318482162,0.0,-0.0,1.8097916542770889,483.7624262527788,3.669114926934785,0.4
5127.342506600501,3.6691453649789634,0.0,-0.0,1.8097916542770889,484.1786639091406,3.6691132283365073,0.4
5127.758744256863,3.6691437003583456,0.0,-0.0,1.8097916542770889,484.59490156550237,3.669111532372084,0.4
5128.591219569586,3.6691403765781567,0.0,-0.0,1.8097916542770889,485.4273768782259,3.669108148328469,0.4
5128.927411125616,3.6691390363896246,0.0,-0.0,1.8097916542770889,485.76356843425583,3.669106784671507,0.4
5129.341647639797,3.66913738825415,0.0,-0.0,1.8097916542770889,486.17780494843646,3.6691051067980376,0.4
5129.755884153978,3.6691357423299085,0.0,-0.0,1.8097916542770889,486.5920414626171,3.6691034315137863,0.4
5130.584357182338,3.669132455848951,0.0,-0.0,1.8097916542770889,487.42051449097744,3.669100088696962,0.4
5130.928553307093,3.669131092606579,0.0,-0.0,1.8097916542770889,487.76471061573284,3.6690987029284483,0.4
5131.340788679092,3.66912946302323,0.0,-0.0,1.8097916542770889,488.1769459877314,3.6690970455655947,0.4
5131.7530240510905,3.6691278356134074,0.0,-0.0,1.8097916542770889,488.58918135973,3.6690953907479615,0.4
5132.577494795088,3.6691245860717885,0.0,-0.0,1.8097916542770889,489.41365210372715,3.6690920887327256,0.4
5132.92969548857,3.6691232001203025,0.0,-0.0,1.8097916542770889,489.76585279720985,3.669090681255743,0.4
5133.339929718388,3.6691215889089026,0.0,-0.0,1.8097916542770889,490.1760870270273,3.6690890441913524,0.4
5133.750163948205,3.6691199798344036,0.0,-0.0,1.8097916542770889,490.5863212568447,3.6690874096288137,0.4
5134.57063240784,3.6691167668736284,0.0,-0.0,1.8097916542770889,491.4067897164796,3.6690841479940035,0.4
5134.930837670047,3.6691153585546754,0.0,-0.0,1.8097916542770889,491.76699497868685,3.66908271920687,0.4
5135.339070757683,3.6691137655371495,0.0,-0.0,1.8097916542770889,492.17522806632223,3.6690811022308103,0.4
5135.747303845318,3.6691121746204596,0.0,-0.0,1.8097916542770889,492.5834611539576,3.6690794877138564,0.4
5136.56377002059,3.669108997886812,0.0,-0.0,1.8097916542770889,493.3999273292293,3.669076266042311,0.4
5136.931979851524,3.669107567538311,0.0,-0.0,1.8097916542770889,493.76813716016386,3.66907481633863,0.4
5137.338211796979,3.6691059925385847,0.0,-0.0,1.8097916542770889,494.1743691056181,3.6690732192427724,0.4
5137.744443742433,3.6691044196034284,0.0,-0.0,1.8097916542770889,494.58060105107234,3.6690716245638875,0.4
5138.556907633341,3.6691012787471022,0.0,-0.0,1.8097916542770889,495.3930649419808,3.6690684424424127,0.4
5138.933122033001,3.669099826702266,0.0,-0.0,1.8097916542770889,495.76927934164087,3.6690669722111213,0.4
5139.3373528362745,3.6690982695456,0.0,-0.0,1.8097916542770889,496.17351014491396,3.6690653947893193,0.4
5139.741583639548,3.6690967144180306,0.0,-0.0,1.8097916542770889,496.57774094818706,3.669063819742964,0.4
5140.550045246093,3.669093609092322,0.0,-0.0,1.8097916542770889,497.38620255473234,3.669060676762296,0.4
5140.934264214478,3.6690921356823543,0.0,-0.0,1.8097916542770889,497.7704215231179,3.6690591863877113,0.4
5141.336493875569,3.669090596195968,0.0,-0.0,1.8097916542770889,498.1726511842089,3.669057628435785,0.4
5141.7387235366605,3.6690890587037535,0.0,-0.0,1.8097916542770889,498.57488084529996,3.6690560728183805,0.4
5142.5431828588435,3.669085988565655,0.0,-0.0,1.8097916542770889,499.37934016748295,3.669052968573149,0.4
5142.935406395955,3.6690844941163316,0.0,-0.0,1.8097916542770889,499.7715637045949,3.6690514584350167,0.4
5143.335634914865,3.6690829721288805,0.0,-0.0,1.8097916542770889,500.1717922235048,3.6690499197507354,0.4
5143.735863433775,3.6690814521024624,0.0,-0.0,1.8097916542770889,500.5720207424147,3.669048383360641,0.4
5144.536320471595,3.669078416811256,0.0,-0.0,1.8097916542770889,501.3724777802345,3.6690453174493354,0.4
5144.936548577432,3.6690769016463496,0.0,-0.0,1.8097916542770889,501.7727058860719,3.669043787922875,0.4
5145.334775954161,3.6690753969890677,0.0,-0.0,1.8097916542770889,502.17093326280065,3.6690422683059385,0.4
5145.73300333089,3.669073894258884,0.0,-0.0,1.8097916542770889,502.5691606395294,3.669040750943438,0.4
5146.5294580843465,3.6690708934792045,0.0,-0.0,1.8097916542770889,503.365615392986,3.6690377229683726,0.4
5146.937690758909,3.6690693579177682,0.0,-0.0,1.8097916542770889,503.7738480675489,3.669036174424325,0.4
5147.333916993456,3.6690678704231656,0.0,-0.0,1.8097916542770889,504.1700743020956,3.669034673676345,0.4
5147.730143228003,3.6690663848225964,0.0,-0.0,1.8097916542770889,504.5663005366423,3.669033175143628,0.4
5148.522595697097,3.6690634182215973,0.0,-0.0,1.8097916542770889,505.3587530057366,3.669030184710906,0.4
5148.938832940387,3.6690618625794857,0.0,-0.0,1.8097916542770889,505.7749902490268,3.6690286175155777,0.4
5149.333058032753,3.6690603920814775,0.0,-0.0,1.8097916542770889,506.1692153413924,3.669027135440063,0.4
5149.727283125118,3.6690589234450393,0.0,-0.0,1.8097916542770889,506.56344043375793,3.669025655541206,0.4
5150.51573330985,3.6690559906933604,0.0,-0.0,1.8097916542770889,507.35189061848905,3.6690227022606865,0.4
5150.939975121864,3.669054415282799,0.0,-0.0,1.8097916542770889,507.7761324305038,3.669021116775998,0.4
5151.332199072049,3.669052961617049,0.0,-0.0,1.8097916542770889,508.16835638068824,3.6690196531783337,0.4
5151.724423022233,3.6690515097819008,0.0,-0.0,1.8097916542770889,508.56058033087265,3.6690181917192866,0.4
5152.508870922601,3.6690486105528395,0.0,-0.0,1.8097916542770889,509.3450282312406,3.6690152752045493,0.4
5152.941117303341,3.6690470158660276,0.0,-0.0,1.8097916542770889,509.77727461198083,3.6690136717880764,0.4
5153.331340111344,3.6690455788718106,0.0,-0.0,1.8097916542770889,510.1674974199832,3.6690122264755107,0.4
5153.721562919346,3.669044143674865,0.0,-0.0,1.8097916542770889,510.55772022798556,3.6690107832640764,0.4
5154.502008535351,3.6690412776464667,0.0,-0.0,1.8097916542770889,511.3381658439903,3.669007903132388,0.4
5154.942259484818,3.669039663802704,0.0,-0.0,1.8097916542770889,511.77841679345784,3.6690062821374085,0.4
5155.33048115064,3.6690382433163222,0.0,-0.0,1.8097916542770889,512.166638459279,3.669004854919033,0.4
5155.718702816461,3.6690368245974145,0.0,-0.0,1.8097916542770889,512.5548601251003,3.669003429764852,0.4
5156.495146148103,3.6690339914491688,0.0,-0.0,1.8097916542770889,513.3313034567427,3.669000585637135,0.4
5156.943401666295,3.6690323587493134,0.0,-0.0,1.8097916542770889,513.7795589749348,3.6689989474126707,0.4
5157.3296221899345,3.669030954613971,0.0,-0.0,1.8097916542770889,514.165779498574,3.6689975380994055,0.4
5157.715842713574,3.6690295522138925,0.0,-0.0,1.8097916542770889,514.5520000222132,3.668996130813939,0.4
5158.488283760853,3.669026751631481,0.0,-0.0,1.8097916542770889,515.3244410694924,3.6689933223147344,0.4
5158.944543847772,3.6690251003744914,0.0,-0.0,1.8097916542770889,515.7807011564119,3.668991667205599,0.4
5159.32876322923,3.6690237124300173,0.0,-0.0,1.8097916542770889,516.1649205378699,3.6689902756101747,0.4
5159.712982610688,3.6690223261924153,0.0,-0.0,1.8097916542770889,516.5491399193279,3.6689888860066873,0.4
5160.4814213736045,3.6690195578599223,0.0,-0.0,1.8097916542770889,517.317578682244,3.6689861127641246,0.4
5160.945686029249,3.6690178883401603,0.0,-0.0,1.8097916542770889,517.7818433378889,3.6689844411109624,0.4
5161.327904268526,3.6690165164333064,0.0,-0.0,1.8097916542770889,518.1640615771657,3.668983067047904,0.4
5161.710122507803,3.6690151462026925,0.0,-0.0,1.8097916542770889,518.5462798164426,3.6689816949414498,0.4
5162.474558986356,3.669012409811713,0.0,-0.0,1.8097916542770889,519.3107162949955,3.668978956587214,0.4
5162.946828210726,3.6690107223211372,0.0,-0.0,1.8097916542770889,519.7829855193659,3.668977268726546,0.4
5163.327045307821,3.669009366295909,0.0,-0.0,1.8097916542770889,520.1632026164607,3.6689759120121557,0.4
5163.707262404916,3.669008011917851,0.0,-0.0,1.8097916542770889,520.5434197135555,3.668974557219559,0.4
5164.467696599107,3.6690053071614335,0.0,-0.0,1.8097916542770889,521.3038539077461,3.668971853388858,0.4
5164.947970392203,3.6690036019889396,0.0,-0.0,1.8097916542770889,521.7841277008429,3.6689701496531217,0.4
5165.326186347117,3.6690022616928317,0.0,-0.0,1.8097916542770889,522.1623436557566,3.668968810105465,0.4
5165.704402302031,3.6690009230151337,0.0,-0.0,1.8097916542770889,522.5405596106702,3.668967472445305,0.4
5166.460834211858,3.6689982495889084,0.0,-0.0,1.8097916542770889,523.2969915204976,3.6689648027768382,0.4
5166.94911257368,3.6689965270194245,0.0,-0.0,1.8097916542770889,523.7852698823199,3.668963083494432,0.4
5167.325327386413,3.668995202301317,0.0,-0.0,1.8097916542770889,524.1614846950524,3.66896176093332,0.4
5167.7015421991455,3.668993879173014,0.0,-0.0,1.8097916542770889,524.537699507785,3.6689604402259155,0.4
5168.45397182461,3.6689912367771162,0.0,-0.0,1.8097916542770889,525.2901291332491,3.6689578043618414,0.4
5168.950254755157,3.6689894970929355,0.0,-0.0,1.8097916542770889,525.7864120637969,3.6689560698571637,0.4
5169.324468425708,3.6689881878023263,0.0,-0.0,1.8097916542770889,526.1606257343474,3.668954764104137,0.4
5169.698682096258,3.6689868800741063,0.0,-0.0,1.8097916542770889,526.5348394048979,3.6689534601715312,0.4
5170.447109437359,3.668984268409653,0.0,-0.0,1.8097916542770889,527.2832667459988,3.6689508577574355,0.4
5170.951396936634,3.6689825118897677,0.0,-0.0,1.8097916542770889,527.7875542452739,3.668949108350929,0.4
5171.323609465004,3.6689812178791277,0.0,-0.0,1.8097916542770889,528.1597667736432,3.668947819229243,0.4
5171.695821993373,3.6689799254024598,0.0,-0.0,1.8097916542770889,528.5319793020126,3.668946531895186,0.4
5172.440247050112,3.6689773441758984,0.0,-0.0,1.8097916542770889,529.2764043587513,3.6689439625800513,0.4
5172.952539118111,3.668975571097084,0.0,-0.0,1.8097916542770889,529.7886964267509,3.6689421985882413,0.4
5173.322750504299,3.668974292218126,0.0,-0.0,1.8097916542770889,530.1589078129382,3.668940925922849,0.4
5173.692961890486,3.6689730148467516,0.0,-0.0,1.8097916542770889,530.5291191991255,3.6689396550127844,0.4
5174.4333846628615,3.6689704637652394,0.0,-0.0,1.8097916542770889,531.269541971501,3.6689371184489588,0.4
5174.953681299588,3.6689686743996277,0.0,-0.0,1.8097916542770889,531.7898386082279,3.668935340184496,0.4
5175.321891543595,3.6689674105078,0.0,-0.0,1.8097916542770889,532.1580488522341,3.668934083802033,0.4
5175.690101787601,3.6689661480974376,0.0,-0.0,1.8097916542770889,532.5262590962402,3.6689328291430803,0.4
5176.426522275613,3.6689636268713155,0.0,-0.0,1.8097916542770889,533.2626795842525,3.6689303249862477,0.4
5176.954823481065,3.668961821488624,0.0,-0.0,1.8097916542770889,533.7909807897049,3.668928532757945,0.4
5177.32103258289,3.6689605724408683,0.0,-0.0,1.8097916542770889,534.1571898915299,3.668927292486717,0.4
5177.687241684715,3.668959324847476,0.0,-0.0,1.8097916542770889,534.5233989933549,3.668926053907657,0.4
5178.419659888365,3.668956833190771,0.0,-0.0,1.8097916542770889,535.255817197004,3.668923581816806,0.4
5178.955965662542,3.6689550120585315,0.0,-0.0,1.8097916542770889,535.7921229711819,3.6689217759296815,0.4
5179.320173622185,3.6689537777112378,0.0,-0.0,1.8097916542770889,536.1563309308249,3.6689205515996446,0.4
5179.684381581828,3.6689525447921643,0.0,-0.0,1.8097916542770889,536.5205388904678,3.668919328930904,0.4
5180.412797501115,3.668950082421903,0.0,-0.0,1.8097916542770889,537.2489548097547,3.6689168885682975,0.4
5180.957107844019,3.668948245804234,0.0,-0.0,1.8097916542770889,537.7932651526589,3.668915069323612,0.4
5181.319314661481,3.6689470260160757,0.0,-0.0,1.8097916542770889,538.1554719701207,3.668913860766361,0.4
5181.681521478943,3.6689458076305055,0.0,-0.0,1.8097916542770889,538.5176787875826,3.6689126538399996,0.4
5182.405935113867,3.668943374266183,0.0,-0.0,1.8097916542770889,539.2420924225062,3.6689102448711446,0.4
5182.958250025496,3.668941522424141,0.0,-0.0,1.8097916542770889,539.7944073341359,3.668908412566441,0.4
5183.318455700777,3.6689403170551182,0.0,-0.0,1.8097916542770889,540.1546130094166,3.6689072196151926,0.4
5183.678661376058,3.6689391130638924,0.0,-0.0,1.8097916542770889,540.5148186846973,3.6689060282648858,0.4
5184.399072726618,3.668936708427185,0.0,-0.0,1.8097916542770889,541.2352300352577,3.668903650358506,0.4
5184.9593922069735,3.668934841618968,0.0,-0.0,1.8097916542770889,541.795549515613,3.668901805287649,0.4
5185.317596740072,3.6689336505311867,0.0,-0.0,1.8097916542770889,542.1537540487116,3.6689006277772265,0.4
5185.675801273171,3.6689324607962774,0.0,-0.0,1.8097916542770889,542.5119585818102,3.6688994518382514,0.4
5186.392210339369,3.6689300846117137,0.0,-0.0,1.8097916542770889,543.2283676480083,3.6688971046662555,0.4
5186.9605343884505,3.6689282030928005,0.0,-0.0,1.8097916542770889,543.79669169709,3.668895247119467,0.4
5187.316737779368,3.6689270261485976,0.0,-0.0,1.8097916542770889,544.1528950880074,3.668894084886289,0.4
5187.672941170285,3.6689258505326836,0.0,-0.0,1.8097916542770889,544.5090984789249,3.66889292419551,0.4
5188.38534795212,3.6689235025287443,0.0,-0.0,1.8097916542770889,545.2215052607598,3.6688906074329637,0.4
5188.9616765699275,3.668921606552,0.0,-0.0,1.8097916542770889,545.797833878567,3.6688887376968635,0.4
5189.315878818664,3.6689204436155034,0.0,-0.0,1.8097916542770889,546.1520361273033,3.6688875905789247,0.4
5189.6700810674,3.668919281984004,0.0,-0.0,1.8097916542770889,546.5062383760396,3.668886444974779,0.4
5190.378485564872,3.6689169618893587,0.0,-0.0,1.8097916542770889,547.2146428735114,3.6688841582998766,0.4
5190.9628187514045,3.6689150517043574,0.0,-0.0,1.8097916542770889,547.798976060044,3.6688822766575186,0.4
5191.315019857959,3.668913902641529,0.0,-0.0,1.8097916542770889,548.1511771665982,3.6688811444943794,0.4
5191.667220964513,3.668912754859666,0.0,-0.0,1.8097916542770889,548.5033782731525,3.6688800138168616,0.4
5192.371623177622,3.6689104624080935,0.0,-0.0,1.8097916542770889,549.2077804862611,3.6688777569108972,0.4
5192.9639609328815,3.668908538262121,0.0,-0.0,1.8097916542770889,549.800118241521,3.6688758636418064,0.4
5193.314160897255,3.668907402939567,0.0,-0.0,1.8097916542770889,550.1503182058941,3.668874746274575,0.4
5193.664360861628,3.668906268874876,0.0,-0.0,1.8097916542770889,550.5005181702672,3.668873630365226,0.4
5194.364760790374,3.6689040038009306,0.0,-0.0,1.8097916542770889,551.2009180990135,3.668871402912565,0.4
5194.9651031143585,3.6689020659383065,0.0,-0.0,1.8097916542770889,551.801260422998,3.668869498292774,0.4
5195.31330193655,3.668900944224131,0.0,-0.0,1.8097916542770889,552.1494592451891,3.6688683955640964,0.4
5195.661500758741,3.668899823745324,0.0,-0.0,1.8097916542770889,552.4976580673801,3.6688672942659837,0.4
5196.357898403124,3.668897585786374,0.0,-0.0,1.8097916542770889,553.1940557117632,3.6688650959540343,0.4
5196.9662452958355,3.6688956344491612,0.0,-0.0,1.8097916542770889,553.802402604475,3.6688631802561216,0.4
5197.312442975845,3.6688945262132138,0.0,-0.0,1.8097916542770889,554.1486002844849,3.6688620920101633,0.4
5197.658640655855,3.6688934191894917,0.0,-0.0,1.8097916542770889,554.4947979644949,3.6688610051678734,0.4
5198.351036015875,3.668891208086825,0.0,-0.0,1.8097916542770889,555.1871933245147,3.66885883568706,0.4
5198.9673874773125,3.6688892435138394,0.0,-0.0,1.8097916542770889,555.803544785952,3.668856909180184,0.4
5199.311584015141,3.6688881486261544,0.0,-0.0,1.8097916542770889,556.1477413237808,3.668855835262619,0.4
5199.65578055297,3.668887054928758,0.0,-0.0,1.8097916542770889,556.4919378616096,3.668854762722239,0.4
5200.344173628627,3.6688848704242862,0.0,-0.0,1.8097916542770889,557.1803309372663,3.668852621765974,0.4
5200.9685296587895,3.6688828928526114,0.0,-0.0,1.8097916542770889,557.804686967429,3.6688506847159092,0.4
5201.310725054436,3.668881811185468,0.0,-0.0,1.8097916542770889,558.1468823630757,3.668849624973905,0.4
5201.652920450083,3.6688807306865003,0.0,-0.0,1.8097916542770889,558.4890777587225,3.668848566583011,0.4
5202.337311241377,3.668878572526303,0.0,-0.0,1.8097916542770889,559.1734685500169,3.6688464538476664,0.4
5202.9696718402665,3.6688765821888865,0.0,-0.0,1.8097916542770889,559.805829148906,3.66884450651684,0.4
5203.309866093732,3.668875513615184,0.0,-0.0,1.8097916542770889,560.1460234023716,3.668843460799043,0.4
5203.650060347198,3.6688744461883704,0.0,-0.0,1.8097916542770889,560.4862176558372,3.668842416406686,0.4
5204.330448854129,3.6688723141189716,0.0,-0.0,1.8097916542770889,561.1666061627684,3.668840331591569,0.4
5204.9708140217435,3.668870311248098,0.0,-0.0,1.8097916542770889,561.806971330383,3.668838374239094,0.4
5205.309007133028,3.6688692556425275,0.0,-0.0,1.8097916542770889,562.1451644416675,3.66883734239562,0.4
5205.647200244312,3.668868201162079,0.0,-0.0,1.8097916542770889,562.4833575529519,3.668836311852311,0.4
5206.32358646688,3.6688660949357743,0.0,-0.0,1.8097916542770889,563.1597437755199,3.668834254659635,0.4
5206.9719562032205,3.6688640797588485,0.0,-0.0,1.8097916542770889,563.80811351186,3.668832287541347,0.4
5207.308148172323,3.6688630369967585,0.0,-0.0,1.8097916542770889,564.1443054809624,3.668831269423762,0.4
5207.644340141425,3.668861995338739,0.0,-0.0,1.8097916542770889,564.4804974500648,3.66883025258146,0.4
5208.31672407963,3.6688599147063705,0.0,-0.0,1.8097916542770889,565.1528813882696,3.668828222716319,0.4
5208.973098384698,3.6688578874507725,0.0,-0.0,1.8097916542770889,565.809255693337,3.6688262460848082,0.4
5209.307289211619,3.6688568574082403,0.0,-0.0,1.8097916542770889,566.1434465202583,3.668825241546119,0.4
5209.64148003854,3.668855828450411,0.0,-0.0,1.8097916542770889,566.4776373471796,3.6688242382582197,0.4
5210.309861692383,3.668853773166523,0.0,-0.0,1.8097916542770889,567.1460190010221,3.6688222354285616,0.4
5210.974240566175,3.668851734056974,0.0,-0.0,1.8097916542770889,567.810397874814,3.6688202495332094,0.4
5211.306430250915,3.668850716612095,0.0,-0.0,1.8097916542770889,568.1425875595542,3.66881925842785,0.4
5211.638619935655,3.668849700231823,0.0,-0.0,1.8097916542770889,568.4747772442943,3.668818268549168,0.4
5212.302999305134,3.668847670053993,0.0,-0.0,1.8097916542770889,569.1391566137736,3.6688162924657677,0.4
5212.975382747652,3.668845619310544,0.0,-0.0,1.8097916542770889,569.811540056291,3.6688142975527787,0.4
5213.30557129021,3.668844614343085,0.0,-0.0,1.8097916542770889,570.1417285988491,3.6688133197365946,0.4
5213.635759832768,3.668843610419999,0.0,-0.0,1.8097916542770889,570.4719171414072,3.668812343123355,0.4
5214.296136917884,3.6688416051083466,0.0,-0.0,1.8097916542770889,571.1322942265233,3.668810393499791,0.4
5214.976524929129,3.6688395429501983,0.0,-0.0,1.8097916542770889,571.8126822377681,3.668808389812226,0.4
5215.3047123295055,3.668838550339595,0.0,-0.0,1.8097916542770889,572.140869638145,3.668807425142466,0.4
5215.632899729882,3.6688375587539523,0.0,-0.0,1.8097916542770889,572.4690570385219,3.6688064616522884,0.4
5216.289274530636,3.668835578070418,0.0,-0.0,1.8097916542770889,573.1254318392757,3.6688045382049137,0.4
5216.977667110606,3.6688335047139105,0.0,-0.0,1.8097916542770889,573.8138244192451,3.668802525982725,0.4
5217.3038533688,3.6688325243416298,0.0,-0.0,1.8097916542770889,574.1400106774399,3.6688015743180227,0.4
5217.630039626995,3.6688315449753737,0.0,-0.0,1.8097916542770889,574.4661969356348,3.6688006238099096,0.4
5218.282412143386,3.6688295886828617,0.0,-0.0,1.8097916542770889,575.1185694520254,3.6687987262578297,0.4
5218.978809292083,3.668827504343155,0.0,-0.0,1.8097916542770889,575.8149666007221,3.668796705737892,0.4
5219.302994408096,3.668826536092025,0.0,-0.0,1.8097916542770889,576.1391517167358,3.6687957669382576,0.4
5219.62717952411,3.6688255688274674,0.0,-0.0,1.8097916542770889,576.4633368327495,3.6687948292725814,0.4
5220.2755497561375,3.6688236366931193,0.0,-0.0,1.8097916542770889,577.111707064777,3.668792957337627,0.4
5220.97995147356,3.6688215415806433,0.0,-0.0,1.8097916542770889,577.8161087821991,3.6687909287537703,0.4
5221.302135447392,3.6688205853337252,0.0,-0.0,1.8097916542770889,578.1382927560317,3.6687900026805758,0.4
5221.624319421225,3.668819630055441,0.0,-0.0,1.8097916542770889,578.4604767298642,3.6687890777190666,0.4
5222.268687368889,3.668817721847218,0.0,-0.0,1.8097916542770889,579.1048446775285,3.668787231125768,0.4
5222.981093655037,3.668815616172787,0.0,-0.0,1.8097916542770889,579.8172509636761,3.66878519470881,0.4
5223.301276486687,3.668814671814915,0.0,-0.0,1.8097916542770889,580.1374337953266,3.6687842812247773,0.4
5223.621459318338,3.668813728407432,0.0,-0.0,1.8097916542770889,580.4576166269771,3.66878336883051,0.4
5224.26182498164,3.668811843895818,0.0,-0.0,1.8097916542770889,581.0979822902791,3.668781547306075,0.4
5224.982235836514,3.6688097278665373,0.0,-0.0,1.8097916542770889,581.8183931451531,3.668779503283854,0.4
5225.300417525983,3.668808795283373,0.0,-0.0,1.8097916542770889,582.1365748346225,3.668778602253041,0.4
5225.618599215452,3.668807863632696,0.0,-0.0,1.8097916542770889,582.4547565240919,3.6687777022904235,0.4
5226.254962594391,3.668806002590587,0.0,-0.0,1.8097916542770889,583.0911199030306,3.668775905564712,0.4
5226.983378017991,3.6688038764114217,0.0,-0.0,1.8097916542770889,583.8195353266301,3.6687738541621133,0.4
5227.299558565279,3.6688029554899857,0.0,-0.0,1.8097916542770889,584.1357158739183,3.668772965449905,0.4
5227.615739112567,3.6688020354827064,0.0,-0.0,1.8097916542770889,584.4518964212066,3.668772077784666,0.4
5228.248100207143,3.668800197686325,0.0,-0.0,1.8097916542770889,585.0842575157822,3.668770305590162,0.4
5228.984520199468,3.6687980615574034,0.0,-0.0,1.8097916542770889,585.8206775081071,3.668768247029157,0.4
5229.298699604574,3.668797152186814,0.0,-0.0,1.8097916542770889,586.1348569132133,3.6687673705022505,0.4
5229.61287900968,3.66879624371209,0.0,-0.0,1.8097916542770889,586.4490363183195,3.668766495001426,0.4
5230.241237819892,3.668794428937125,0.0,-0.0,1.8097916542770889,587.0773951285319,3.668764747073219,0.4
5230.985662380945,3.6687922830606516,0.0,-0.0,1.8097916542770889,587.8218196895841,3.6687626815728906,0.4
5231.29784064387,3.6687913851286464,0.0,-0.0,1.8097916542770889,588.1339979525092,3.668761817099283,0.4
5231.610018906795,3.668790488075517,0.0,-0.0,1.8097916542770889,588.4461762154342,3.6687609536312054,0.4
5232.234375432645,3.668788696101151,0.0,-0.0,1.8097916542770889,589.0705327412843,3.668759229706964,0.4
5232.986804562422,3.668786540676628,0.0,-0.0,1.8097916542770889,589.8229618710611,3.6687571574835385,0.4
5233.296981683165,3.668785654072628,0.0,-0.0,1.8097916542770889,590.1331389918041,3.6687563049325167,0.4
5233.607158803908,3.6687847683312484,0.0,-0.0,1.8097916542770889,590.4433161125471,3.6687554533668036,0.4
5234.2275130453945,3.6687829989384313,0.0,-0.0,1.8097916542770889,591.063670354034,3.668753753186751,0.4
5234.987946743899,3.6687808341621593,0.0,-0.0,1.8097916542770889,591.8241040525381,3.6687516744536284,0.4
5235.2961227224605,3.66877995877693,0.0,-0.0,1.8097916542770889,592.1322800311,3.668750833695755,0.4
5235.604298701022,3.668779084238455,0.0,-0.0,1.8097916542770889,592.4404560096618,3.6687499939032966,0.4
5236.220650658146,3.6687773372103756,0.0,-0.0,1.8097916542770889,593.0568079667855,3.6687483172101882,0.4
5236.989088925376,3.6687751632772505,0.0,-0.0,1.8097916542770889,593.8252462340151,3.668746232177973,0.4
5237.295263761756,3.6687742990019263,0.0,-0.0,1.8097916542770889,594.1314210703958,3.6687454030850772,0.4
5237.601438598137,3.6687734355581787,0.0,-0.0,1.8097916542770889,594.4375959067766,3.668744574938023,0.4
5238.213788270898,3.6687717106800823,0.0,-0.0,1.8097916542770889,595.049945579537,3.6687429214771234,0.4
5238.990231106853,3.6687695277820564,0.0,-0.0,1.8097916542770889,595.8263884154921,3.668740830353654,0.4
5239.294404801051,3.66876867450962,0.0,-0.0,1.8097916542770889,596.1305621096908,3.6687400127988186,0.4
5239.59857849525,3.668767822054559,0.0,-0.0,1.8097916542770889,596.4347358038895,3.668739196170568,0.4
5240.206925883648,3.6687661191134957,0.0,-0.0,1.8097916542770889,597.0430831922877,3.668737565689627,0.4
5240.99137328833,3.668763927442801,0.0,-0.0,1.8097916542770889,597.8275305969692,3.668735468680004,0.4
5241.293545840347,3.6687630850650796,0.0,-0.0,1.8097916542770889,598.1297031489867,3.668734662537552,0.4
5241.595718392365,3.66876224349301,0.0,-0.0,1.8097916542770889,598.4318757010042,3.6687338573027444,0.4
5242.2000634964,3.6687605622763715,0.0,-0.0,1.8097916542770889,599.0362208050392,3.668732249551974,0.4
5242.992515469807,3.6687583620284716,0.0,-0.0,1.8097916542770889,599.8286727784462,3.668730146858591,0.4
5243.292686879643,3.668757530433457,0.0,-0.0,1.8097916542770889,600.1288441882825,3.6687293520040773,0.4
5243.592858289479,3.668756699639556,0.0,-0.0,1.8097916542770889,600.4290155981189,3.668728558038575,0.4
5244.193201109151,3.6687550399362356,0.0,-0.0,1.8097916542770889,601.0293584177907,3.668726972770629,0.4
5244.993657651284,3.668752831315651,0.0,-0.0,1.8097916542770889,601.8298149599232,3.6687248645932016,0.4
5245.291827918938,3.6687520103838773,0.0,-0.0,1.8097916542770889,602.1279852275775,3.6687240809033996,0.4
5245.589998186592,3.6687511902643895,0.0,-0.0,1.8097916542770889,602.4261554952318,3.668723298084282,0.4
5246.186338721902,3.6687495518605093,0.0,-0.0,1.8097916542770889,603.0224960305413,3.6687217350542305,0.4
5246.994799832761,3.668747335097491,0.0,-0.0,1.8097916542770889,603.8309571414002,3.6687196215898226,0.4
5247.290968958234,3.6687465246855506,0.0,-0.0,1.8097916542770889,604.1271262668733,3.6687188489427145,0.4
5247.587138083707,3.668745715137742,0.0,-0.0,1.8097916542770889,604.4232953923465,3.668718077148264,0.4
5248.179476334653,3.668744097811131,0.0,-0.0,1.8097916542770889,605.0156336432929,3.668716536113573,0.4
5248.995942014239,3.66874187321904,0.0,-0.0,1.8097916542770889,605.8320993228781,3.668714417556627,0.4
5249.290109997531,3.668741073109784,0.0,-0.0,1.8097916542770889,606.1262673061701,3.668713655831391,0.4
5249.584277980823,3.668740274031783,0.0,-0.0,1.8097916542770889,606.4204352894621,3.6687128949410837,0.4
5250.172613947406,3.6687386775300537,0.0,-0.0,1.8097916542770889,607.0087712560453,3.668711375661592,0.4
5250.997084195716,3.668736445678629,0.0,-0.0,1.8097916542770889,607.8332415043551,3.668709252203957,0.4
5251.289251036826,3.6687356554310933,0.0,-0.0,1.8097916542770889,608.1254083454651,3.668708501280958,0.4
5251.581417877936,3.668734866721139,0.0,-0.0,1.8097916542770889,608.417575186575,3.6687077511754502,0.4
5252.1657515601555,3.6687332906985457,0.0,-0.0,1.8097916542770889,609.001908868795,3.66870625341335,0.4
5252.998226377193,3.6687310529776207,0.0,-0.0,1.8097916542770889,609.8343836858321,3.6687041252443087,0.4
5253.288392076121,3.668730271423473,0.0,-0.0,1.8097916542770889,610.1245493847609,3.668703385005085,0.4
5253.57855777505,3.6687294929826244,0.0,-0.0,1.8097916542770889,610.4147150836898,3.6687026455662055,0.4
5254.158889172908,3.668727936780792,0.0,-0.0,1.8097916542770889,610.9950464815474,3.6687011690860176,0.4
5254.99936855867,3.668725697409675,0.0,-0.0,1.8097916542770889,611.8355258673091,3.6686990363923138,0.4
5255.287533115416,3.6687249208641632,0.0,-0.0,1.8097916542770889,612.1236904240559,3.6686983067195684,0.4
5255.575697672163,3.6687241525934446,0.0,-0.0,1.8097916542770889,612.4118549808027,3.668697577830305,0.4
5256.152026785658,3.6687226144775824,0.0,-0.0,1.8097916542770889,612.9881840942971,3.668696122398858,0.4
5257.000510740147,3.668720365609958,0.0,-0.0,1.8097916542770889,613.8366680487861,3.668693985364725,0.4
5257.286674154712,3.6687196067309515,0.0,-0.0,1.8097916542770889,614.1228314633518,3.668693266142314,0.4
5257.572837569278,3.6687188485285107,0.0,-0.0,1.8097916542770889,614.4089948779174,3.668692547686804,0.4
5258.145164398409,3.668717333766593,0.0,-0.0,1.8097916542770889,614.9813217070487,3.668691113073215,0.4
5259.001652921624,3.6687150712763827,0.0,-0.0,1.8097916542770889,615.8378102302631,3.668688971880402,0.4
5259.285815194008,3.668714322385645,0.0,-0.0,1.8097916542770889,616.1219725026476,3.668688262993324,0.4
5259.569977466393,3.668713574157383,0.0,-0.0,1.8097916542770889,616.4061347750321,3.6686875548568434,0.4
5260.138302011161,3.6687120793107186,0.0,-0.0,1.8097916542770889,616.9744593198002,3.6686861408324947,0.4
5261.002795103101,3.66870980982744,0.0,-0.0,1.8097916542770889,617.8389524117401,3.668683995660292,0.4
5261.284956233303,3.6687090708299097,0.0,-0.0,1.8097916542770889,618.1211135419426,3.668683296994678,0.4
5261.5671173635055,3.668708332479641,0.0,-0.0,1.8097916542770889,618.403274672145,3.668682599063631,0.4
5262.131439623911,3.668706857357349,0.0,-0.0,1.8097916542770889,618.9675969325508,3.6686812054021503,0.4
5263.003937284578,3.6687045816418364,0.0,-0.0,1.8097916542770889,619.8400945932171,3.6686790564274183,0.4
5263.284097272599,3.6687038524382816,0.0,-0.0,1.8097916542770889,620.1202545812384,3.66867836787052,0.4
5263.56425726062,3.6687031238702295,0.0,-0.0,1.8097916542770889,620.4004145692597,3.668677680032429,0.4
5264.124577236663,3.6687016682786693,0.0,-0.0,1.8097916542770889,620.9607345453023,3.6686763065096684,0.4
5265.005079466055,3.668699385931812,0.0,-0.0,1.8097916542770889,621.8412367746942,3.6686741539068617,0.4
5265.283238311895,3.6686986664289765,0.0,-0.0,1.8097916542770889,622.1193956205343,3.6686734753470422,0.4
5265.561397157735,3.6686979475486976,0.0,-0.0,1.8097916542770889,622.3975544663745,3.6686727974905367,0.4
5266.117714849414,3.668696511299709,0.0,-0.0,1.8097916542770889,622.9538721580539,3.668671443884552,0.4
5267.006221647532,3.66869422248575,0.0,-0.0,1.8097916542770889,623.8423789561712,3.668669287825747,0.4
5267.28237935119,3.668693512590071,0.0,-0.0,1.8097916542770889,624.1185366598293,3.66866861915247,0.4
5267.558537054848,3.668692803303454,0.0,-0.0,1.8097916542770889,624.3946943634874,3.6686679511672766,0.4
5268.110852462164,3.66869138621074,0.0,-0.0,1.8097916542770889,624.9470097708036,3.6686666172583076,0.4
5269.007363829009,3.6686890910922902,0.0,-0.0,1.8097916542770889,625.8435211376482,3.668664457913227,0.4
5269.281520390486,3.668688390710132,0.0,-0.0,1.8097916542770889,626.1176776991251,3.668663799017047,0.4
5269.555676951963,3.6686876909244046,0.0,-0.0,1.8097916542770889,626.3918342606021,3.668663140793979,0.4
5270.1039900749165,3.6686862928022212,0.0,-0.0,1.8097916542770889,626.940147383556,3.668661826364428,0.4
5271.008506010486,3.66868399154073,0.0,-0.0,1.8097916542770889,627.8446633191252,3.6686596639004674,0.4
5271.280661429781,3.668683300579679,0.0,-0.0,1.8097916542770889,628.1168187384201,3.66865901467302,0.4
5271.5528168490755,3.6686826102027768,0.0,-0.0,1.8097916542770889,628.388974157715,3.6686583661039682,0.4
5272.097127687666,3.6686812308680086,0.0,-0.0,1.8097916542770889,628.9332849963057,3.668657070938382,0.4
5273.009648191963,3.668678923623035,0.0,-0.0,1.8097916542770889,629.8458055006022,3.6686549055206332,0.4
5273.2798024690765,3.668678241991675,0.0,-0.0,1.8097916542770889,630.115959777716,3.6686542658546233,0.4
5273.54995674619,3.6686775609324207,0.0,-0.0,1.8097916542770889,630.3861140548297,3.668653626832546,0.4
5274.090265300418,3.668676200203013,0.0,-0.0,1.8097916542770889,630.9264226090572,3.6686523507175934,0.4
5275.01079037344,3.6686738871314475,0.0,-0.0,1.8097916542770889,631.8469476820792,3.668650182508871,0.4
5275.278943508372,3.6686732147396124,0.0,-0.0,1.8097916542770889,632.1151008170118,3.6686495522980653,0.4
5275.547096643305,3.6686725429078733,0.0,-0.0,1.8097916542770889,632.3832539519444,3.6686489227169767,0.4
5276.08340291317,3.6686712006036037,0.0,-0.0,1.8097916542770889,632.9195602218097,3.6686476654414313,0.4
5277.011932554917,3.668668881861362,0.0,-0.0,1.8097916542770889,633.8480898635562,3.6686454946022975,0.4
5277.278084547667,3.6686682186196116,0.0,-0.0,1.8097916542770889,634.1142418563068,3.668644873741513,0.4
5277.544236540418,3.6686675559253445,0.0,-0.0,1.8097916542770889,634.3803938490573,3.668644253496475,0.4
5278.07654052592,3.668666231868313,0.0,-0.0,1.8097916542770889,634.9126978345594,3.6686430148511957,0.4
5279.013074736394,3.6686639076092398,0.0,-0.0,1.8097916542770889,635.8492320450332,3.668640841539983,0.4
5279.277225586963,3.66866325342763,0.0,-0.0,1.8097916542770889,636.1133828956026,3.6686402299250767,0.4
5279.541376437533,3.6686625997830538,0.0,-0.0,1.8097916542770889,636.377533746172,3.6686396189121893,0.4
5280.069678138671,3.6686612937946,0.0,-0.0,1.8097916542770889,636.9058354473109,3.668638398690099,0.4
5281.014216917871,3.668658964171773,0.0,-0.0,1.8097916542770889,637.8503742265102,3.6686362230629364,0.4
5281.276366626259,3.668658318963002,0.0,-0.0,1.8097916542770889,638.1125239348985,3.668635620590799,0.4
5281.538516334647,3.668657674279337,0.0,-0.0,1.8097916542770889,638.3746736432868,3.668635018707189,0.4
5282.062815751423,3.6686563861857424,0.0,-0.0,1.8097916542770889,638.8989730600624,3.668633816703257,0.4
5283.015359099348,3.6686540513491646,0.0,-0.0,1.8097916542770889,639.8515164079872,3.6686316389140936,0.4
5283.275507665554,3.6686534150265606,0.0,-0.0,1.8097916542770889,640.1116649741934,3.6686310454826345,0.4
5283.53565623176,3.6686527792166572,0.0,-0.0,1.8097916542770889,640.3718135403997,3.668630452626449,0.4
5284.055953364174,3.6686515088439773,0.0,-0.0,1.8097916542770889,640.892110672813,3.668629268637671,0.4
5285.016501280825,3.668649168942382,0.0,-0.0,1.8097916542770889,641.8526585894642,3.668627088838299,0.4
5285.27464870485,3.6686485414181353,0.0,-0.0,1.8097916542770889,642.1108060134893,3.6686265043464417,0.4
5285.532796128875,3.66864791439614,0.0,-0.0,1.8097916542770889,642.3689534375144,3.6686259204168357,0.4
5286.049090976925,3.6686466615719295,0.0,-0.0,1.8097916542770889,642.8852482855646,3.668624754242216,0.4
5287.017643462302,3.668644316753431,0.0,-0.0,1.8097916542770889,643.8538007709412,3.668622572582294,0.4
5287.273789744146,3.668643697942283,0.0,-0.0,1.8097916542770889,644.1099470527852,3.668621996929965,0.4
5287.52993602599,3.6686430796230445,0.0,-0.0,1.8097916542770889,644.3660933346291,3.6686214218270936,0.4
5288.042228589677,3.668641844175461,0.0,-0.0,1.8097916542770889,644.8783858983161,3.6686202732676265,0.4
5289.018785643779,3.6686394945861602,0.0,-0.0,1.8097916542770889,645.8549429524182,3.668618089894704,0.4
5289.272930783441,3.668638884403244,0.0,-0.0,1.8097916542770889,646.1090880920801,3.668617522982822,0.4
5289.5270759231025,3.6686382747010065,0.0,-0.0,1.8097916542770889,646.363233231742,3.6686169566078304,0.4
5290.035366202426,3.66863705646293,0.0,-0.0,1.8097916542770889,646.8715235110658,3.668615825466482,0.4
5291.019927825256,3.6686347022454173,0.0,-0.0,1.8097916542770889,647.8560851338952,3.6686136405260217,0.4
5291.2720718227365,3.668634100606767,0.0,-0.0,1.8097916542770889,648.108229131376,3.668613082256491,0.4
5291.524215820217,3.66863349943818,0.0,-0.0,1.8097916542770889,648.3603731288567,3.668612524511505,0.4
5292.028503815179,3.66863229824172,0.0,-0.0,1.8097916542770889,648.8646611238182,3.668611410593192,0.4
5293.021070006733,3.6686299395392794,0.0,-0.0,1.8097916542770889,649.8572273153723,3.6686092242285935,0.4
5293.2712128620315,3.668629346361537,0.0,-0.0,1.8097916542770889,650.107370170671,3.668608674504293,0.4
5293.52135571733,3.6686287536426416,0.0,-0.0,1.8097916542770889,650.3575130259696,3.6686081252924105,0.4
5294.021641427928,3.668627569321245,0.0,-0.0,1.8097916542770889,650.8577987365679,3.668607028403988,0.4
5295.02221218821,3.6686252062746805,0.0,-0.0,1.8097916542770889,651.8583694968493,3.6686048407566076,0.4
5295.270353901327,3.6686246214746028,0.0,-0.0,1.8097916542770889,652.1065112099668,3.668604299481383,0.4
5295.518495614445,3.6686240371234944,0.0,-0.0,1.8097916542770889,652.3546529230844,3.6686037587066656,0.4
5296.01477904068,3.6686228695135252,0.0,-0.0,1.8097916542770889,652.8509363493195,3.668602678656902,0.4
5297.00734589315,3.6686205397614042,0.0,-0.0,1.8097916542770889,653.8435032017896,3.668600524543128,0.4
5297.023354369687,3.6686205022401537,0.0,-0.0,1.8097916542770889,653.8595116783263,3.66860048986608,0.4
5297.269494940623,3.6686199257361762,0.0,-0.0,1.8097916542770889,654.1056522492627,3.6685999569447323,0.4
5297.51563551156,3.6686193496715243,0.0,-0.0,1.8097916542770889,654.3517928201991,3.6685994245121956,0.4
5298.0079166534315,3.668618198608293,0.0,-0.0,1.8097916542770889,654.844073962071,3.6685983611117607,0.4
5298.992478937176,3.668615901829302,0.0,-0.0,1.8097916542770889,655.8286362458157,3.668596240156915,0.4
5299.024496551164,3.6686158272469527,0.0,-0.0,1.8097916542770889,655.8606538598033,3.668596171314838,0.4
5299.268635979918,3.668615258958087,0.0,-0.0,1.8097916542770889,656.1047932885576,3.668595646653118,0.4
5299.5127754086725,3.668614691098425,0.0,-0.0,1.8097916542770889,656.348932717312,3.668595122468723,0.4
5300.001054266182,3.6686135564216347,0.0,-0.0,1.8097916542770889,656.8372115748216,3.6685940755301663,0.4
5300.9776119812,3.6686112922942566,0.0,-0.0,1.8097916542770889,657.8137692898399,3.6685919873618573,0.4
5301.025638732641,3.6686111811079813,0.0,-0.0,1.8097916542770889,657.8617960412803,3.6685918848625105,0.4
5301.267777019214,3.6686106209536904,0.0,-0.0,1.8097916542770889,658.1039343278535,3.6685913683671085,0.4
5301.509915305787,3.668610061218419,0.0,-0.0,1.8097916542770889,658.3460726144267,3.668590852337751,0.4
5301.994191878934,3.6686089427678477,0.0,-0.0,1.8097916542770889,658.8303491875731,3.6685898216754875,0.4
5302.9627450252265,3.668606710974224,0.0,-0.0,1.8097916542770889,659.798902333866,3.668587765925015,0.4
5303.026780914118,3.668606563636274,0.0,-0.0,1.8097916542770889,659.8629382227573,3.6685876302705136,0.4
5303.26691805851,3.6686060115368155,0.0,-0.0,1.8097916542770889,660.1030753671494,3.668587121849049,0.4
5303.507055202902,3.6686054598470266,0.0,-0.0,1.8097916542770889,660.3432125115414,3.668586613882554,0.4
5303.987329491685,3.6686043574630167,0.0,-0.0,1.8097916542770889,660.8234868003246,3.668585599312844,0.4
5304.947878069252,3.6686021576879124,0.0,-0.0,1.8097916542770889,661.7840353778911,3.6685835756151675,0.4
5305.027923095595,3.6686019746470895,0.0,-0.0,1.8097916542770889,661.8640804042343,3.668583407302035,0.4
5305.266059097805,3.668601430523398,0.0,-0.0,1.8097916542770889,662.1022164064443,3.66858290686305,0.4
5305.504195100015,3.668600886800805,0.0,-0.0,1.8097916542770889,662.3403524086543,3.668582406868161,0.4
5305.980467104436,3.6685998003261586,0.0,-0.0,1.8097916542770889,662.8166244130753,3.6685814082090955,0.4
5306.933011113277,3.668597632257208,0.0,-0.0,1.8097916542770889,663.7691684219162,3.6685794162027965,0.4
5307.029065277072,3.6685974139575013,0.0,-0.0,1.8097916542770889,663.8652225857113,3.6685792157220245,0.4
5307.265200137101,3.6685968777319076,0.0,-0.0,1.8097916542770889,664.1013574457402,3.6685787231749742,0.4
5307.50133499713,3.668596341896638,0.0,-0.0,1.8097916542770889,664.337492305769,3.6685782310613453,0.4
5307.973604717187,3.668595271177975,0.0,-0.0,1.8097916542770889,664.8097620258268,3.6685772481328254,0.4
5308.918144157303,3.668593134504435,0.0,-0.0,1.8097916542770889,665.7543014659423,3.6685752874600794,0.4
5309.030207458549,3.6685928813852344,0.0,-0.0,1.8097916542770889,665.8663647671883,3.6685750552971768,0.4
5309.264341176397,3.668592352979185,0.0,-0.0,1.8097916542770889,666.100498485036,3.6685745705524218,0.4
5309.498474894244,3.6685918249553664,0.0,-0.0,1.8097916542770889,666.3346322028838,3.6685740862306084,0.4
5309.966742329939,3.6685907698359337,0.0,-0.0,1.8097916542770889,666.8028996385783,3.668573118854333,0.4
5310.903277201328,3.668588664252035,0.0,-0.0,1.8097916542770889,667.7394345099674,3.6685711891608714,0.4
5311.031349640026,3.6685883767495535,0.0,-0.0,1.8097916542770889,667.8675069486653,3.6685709257959225,0.4
5311.2634822156915,3.6685878560862735,0.0,-0.0,1.8097916542770889,668.099639524331,3.6685704487647186,0.4
5311.495614791357,3.6685873357970156,0.0,-0.0,1.8097916542770889,668.3317720999967,3.668569972146171,0.4
5311.9598799426885,3.668586296124196,0.0,-0.0,1.8097916542770889,668.796037251328,3.6685690201456165,0.4
5312.888410245352,3.668584221325515,0.0,-0.0,1.8097916542770889,669.7245675539916,3.668567121080695,0.4
5313.032491821503,3.668583899870515,0.0,-0.0,1.8097916542770889,669.8686491301423,3.6685668269884126,0.4
5313.262623254987,3.668583386874559,0.0,-0.0,1.8097916542770889,670.0987805636269,3.6685663575829044,0.4
5313.492754688472,3.6685828742431084,0.0,-0.0,1.8097916542770889,670.3289119971114,3.6685658885799564,0.4
5313.953017555441,3.6685818498655367,0.0,-0.0,1.8097916542770889,670.7891748640805,3.6685649517803625,0.4
5314.873543289378,3.668579805550487,0.0,-0.0,1.8097916542770889,671.7097005980177,3.6685630829967297,0.4
5315.03363400298,3.6685794505700082,0.0,-0.0,1.8097916542770889,671.8697913116193,3.6685627586465066,0.4
5315.261764294282,3.66857894516569,0.0,-0.0,1.8097916542770889,672.0979216029218,3.6685622967797182,0.4
5315.489894585585,3.6685784401177113,0.0,-0.0,1.8097916542770889,672.3260518942243,3.668561835305582,0.4
5315.946155168191,3.6685774308849224,0.0,-0.0,1.8097916542770889,672.7823124768302,3.6685609135339328,0.4
5316.858676333402,3.6685754167550817,0.0,-0.0,1.8097916542770889,673.6948336420419,3.668559074687795,0.4
5317.034776184457,3.6685750286721257,0.0,-0.0,1.8097916542770889,673.8709334930963,3.66855872054376,0.4
5317.260905333578,3.668574530784764,0.0,-0.0,1.8097916542770889,674.0970626422177,3.668558266129587,0.4
5317.4870344826995,3.6685740332446044,0.0,-0.0,1.8097916542770889,674.323191791339,3.6685578120983426,0.4
5317.939292780942,3.6685730390077933,0.0,-0.0,1.8097916542770889,674.7754500895817,3.668556905183353,0.4
5318.8438093774275,3.6685710547667787,0.0,-0.0,1.8097916542770889,675.679966686067,3.668555095934345,0.4
5319.035918365934,3.668570634000751,0.0,-0.0,1.8097916542770889,675.8720756745734,3.668554712455412,0.4
5319.260046372874,3.668570143555931,0.0,-0.0,1.8097916542770889,676.0962036815135,3.6685542654086123,0.4
5319.484174379814,3.6685696534495165,0.0,-0.0,1.8097916542770889,676.3203316884537,3.668553818735201,0.4
5319.932430393694,3.6685686740616408,0.0,-0.0,1.8097916542770889,676.7685877023332,3.668552926507298,0.4
5320.828942421454,3.668566719415995,0.0,-0.0,1.8097916542770889,677.6650997300931,3.6685511465184493,0.4
5321.037060547411,3.668566266381665,0.0,-0.0,1.8097916542770889,677.8732178560504,3.66855073415837,0.4
5321.259187412169,3.668565783305153,0.0,-0.0,1.8097916542770889,678.0953447208085,3.6685502943945583,0.4
5321.481314276927,3.668565300560243,0.0,-0.0,1.8097916542770889,678.3174715855666,3.6685498549947737,0.4
5321.925568006444,3.6685643358736275,0.0,-0.0,1.8097916542770889,678.7617253150838,3.668548977286082,0.4
5322.814075465478,3.668562410533646,0.0,-0.0,1.8097916542770889,679.6502327741173,3.668547226223786,0.4
5323.038202728888,3.6685619256407986,0.0,-0.0,1.8097916542770889,679.8743600375274,3.668546785431202,0.4
5323.258328451465,3.6685614498609365,0.0,-0.0,1.8097916542770889,680.0944857601044,3.6685463528668394,0.4
5323.478454174042,3.6685609744043557,0.0,-0.0,1.8097916542770889,680.3146114826814,3.6685459206573197,0.4
5323.918705619196,3.668560024274558,0.0,-0.0,1.8097916542770889,680.7548629278353,3.6685450573016465,0.4
5324.799208509504,3.6685581279512816,0.0,-0.0,1.8097916542770889,681.6353658181433,3.6685433348356296,0.4
5325.039344910365,3.668557611607642,0.0,-0.0,1.8097916542770889,681.8755022190044,3.6685428660541217,0.4
5325.257469490761,3.668557143052145,0.0,-0.0,1.8097916542770889,682.0936267994002,3.668542440606508,0.4
5325.475594071157,3.6685566748117067,0.0,-0.0,1.8097916542770889,682.3117513797961,3.668542015504728,0.4
5325.911843231947,3.668555739095918,0.0,-0.0,1.8097916542770889,682.7480005405869,3.6685411663375462,0.4
5326.784341553529,3.6685538715028434,0.0,-0.0,1.8097916542770889,683.6204988621685,3.6685394721408344,0.4
5327.040487091842,3.668553324111746,0.0,-0.0,1.8097916542770889,683.8766444004814,3.6685389758089753,0.4
5327.256610530056,3.668552862708918,0.0,-0.0,1.8097916542770889,684.0927678386952,3.668538557396243,0.4
5327.4727339682695,3.668552401612965,0.0,-0.0,1.8097916542770889,684.308891276909,3.6685381393205065,0.4
5327.904980844697,3.6685514801683743,0.0,-0.0,1.8097916542770889,684.7411381533366,3.668537304178938,0.4
5328.769474597553,3.668549641022992,0.0,-0.0,1.8097916542770889,685.6056319061927,3.6685356379278287,0.4
5329.041629273319,3.6685490629833524,0.0,-0.0,1.8097916542770889,685.8777865819584,3.668535114479231,0.4
5329.255751569352,3.6685486086618377,0.0,-0.0,1.8097916542770889,686.091908877991,3.668534703020335,0.4
5329.469873865384,3.6685481546401126,0.0,-0.0,1.8097916542770889,686.3060311740237,3.6685342918897677,0.4
5329.8981184574495,3.6685472473250327,0.0,-0.0,1.8097916542770889,686.734275766089,3.66853347061257,0.4
5330.754607641579,3.6685454363467405,0.0,-0.0,1.8097916542770889,687.5907649502187,3.6685318319866016,0.4
5331.042771454796,3.6685448280539235,0.0,-0.0,1.8097916542770889,687.8789287634354,3.6685312818499662,0.4
5331.2548926086465,3.6685443807439904,0.0,-0.0,1.8097916542770889,688.091049917286,3.6685308772646787,0.4
5331.467013762497,3.66854393372634,0.0,-0.0,1.8097916542770889,688.3031710711366,3.6685304729992185,0.4
5331.891256070199,3.6685430404013086,0.0,-0.0,1.8097916542770889,688.7274133788387,3.668529665426769,0.4
5332.7397406856035,3.668541257312443,0.0,-0.0,1.8097916542770889,689.575897994243,3.6685280541086884,0.4
5333.043913636273,3.668540619157427,0.0,-0.0,1.8097916542770889,689.8800709449124,3.668527477707857,0.4
5333.254033647942,3.668540178789408,0.0,-0.0,1.8097916542770889,690.0901909565819,3.6685270799167573,0.4
5333.464153659612,3.668539738706092,0.0,-0.0,1.8097916542770889,690.3003109682513,3.668526682437148,0.4
5333.884393682951,3.66853885923265,0.0,-0.0,1.8097916542770889,690.7205509915902,3.6685258884114282,0.4
5334.724873729629,3.668537103757047,0.0,-0.0,1.8097916542770889,691.5610310382681,3.6685243040871636,0.4
5335.04505581775,3.6685364361277277,0.0,-0.0,1.8097916542770889,691.8812131263894,3.6685237018411634,0.4
5335.253174687238,3.6685360026324654,0.0,-0.0,1.8097916542770889,692.0893319958777,3.6685233107656314,0.4
5335.461293556727,3.6685355694150528,0.0,-0.0,1.8097916542770889,692.297450865366,3.6685229199934164,0.4
5335.877531295702,3.6685347036549474,0.0,-0.0,1.8097916542770889,692.7136886043418,3.6685221393579974,0.4
5336.710006773655,3.6685329755196188,0.0,-0.0,1.8097916542770889,693.5461640822941,3.668520581716626,0.4
5337.046197999227,3.668532278800336,0.0,-0.0,1.8097916542770889,693.8823553078664,3.66851995403972,0.4
5337.252315726533,3.6685318521094334,0.0,-0.0,1.8097916542770889,694.0884730351727,3.6685195696019295,0.4
5337.4584334538395,3.6685314256892285,0.0,-0.0,1.8097916542770889,694.294590762479,3.668519185459442,0.4
5337.870668908453,3.6685305735067044,0.0,-0.0,1.8097916542770889,694.7068262170924,3.6685184180594685,0.4
5338.69513981768,3.668528872441519,0.0,-0.0,1.8097916542770889,695.5312971263193,3.66851688679319,0.4
5339.047340180704,3.668528147011679,0.0,-0.0,1.8097916542770889,695.8834974893434,3.6685162340949242,0.4
5339.251456765829,3.6685277270576924,0.0,-0.0,1.8097916542770889,696.0876140744685,3.6685158562178337,0.4
5339.455573350954,3.668527307367356,0.0,-0.0,1.8097916542770889,696.2917306595937,3.6685154786281906,0.4
5339.863806521204,3.6685264686277437,0.0,-0.0,1.8097916542770889,696.6999638298439,3.668514724310368,0.4
5340.680272861705,3.6685247943633255,0.0,-0.0,1.8097916542770889,697.5164301703444,3.668513219114472,0.4
5341.048482362181,3.6685240405999386,0.0,-0.0,1.8097916542770889,697.8846396708204,3.668512541799722,0.4
5341.250597805125,3.668523627315449,0.0,-0.0,1.8097916542770889,698.0867551137644,3.66851217040707,0.4
5341.452713248069,3.6685232142879647,0.0,-0.0,1.8097916542770889,698.2888705567084,3.668511799294164,0.4
5341.856944133956,3.6685223888571055,0.0,-0.0,1.8097916542770889,698.6931014425954,3.668511057906743,0.4
5342.665405905731,3.6685207411282557,0.0,-0.0,1.8097916542770889,699.5015632143704,3.668509578479583,0.4
5343.049624543658,3.668519959404227,0.0,-0.0,1.8097916542770889,699.8857818522974,3.6685088769486005,0.4
5343.24973884442,3.6685195527225067,0.0,-0.0,1.8097916542770889,700.0858961530594,3.6685085119648955,0.4
5343.449853145182,3.668519146291091,0.0,-0.0,1.8097916542770889,700.2860104538213,3.668508147253387,0.4
5343.850081746707,3.6685183340371177,0.0,-0.0,1.8097916542770889,700.686239055346,3.668507418646149,0.4
5344.650538949755,3.6685167125796747,0.0,-0.0,1.8097916542770889,701.4866962583947,3.6685059646891123,0.4
5345.050766725135,3.6685159032368806,0.0,-0.0,1.8097916542770889,701.8869240337744,3.6685052393375726,0.4
5345.248879883716,3.668515503091873,0.0,-0.0,1.8097916542770889,702.0850371923552,3.668504880688087,0.4
5345.4469930422965,3.6685151031911616,0.0,-0.0,1.8097916542770889,702.283150350936,3.6685045223034005,0.4
5345.843219359458,3.6685143039817305,0.0,-0.0,1.8097916542770889,702.6793766680976,3.668503806327642,0.4
5346.635671993781,3.6685127085350167,0.0,-0.0,1.8097916542770889,703.4718293024207,3.6685023775451224,0.4
5347.051908906612,3.668511871968492,0.0,-0.0,1.8097916542770889,703.8880662152515,3.668501628764169,0.4
5347.248020923012,3.668511478295128,0.0,-0.0,1.8097916542770889,704.0841782316511,3.668501276374932,0.4
5347.444132939411,3.6685110848598184,0.0,-0.0,1.8097916542770889,704.2802902480507,3.6685009242432436,0.4
5347.83635697221,3.668510298564839,0.0,-0.0,1.8097916542770889,704.6725142808491,3.6685002207517647,0.4
5348.620805037806,3.6685087288697287,0.0,-0.0,1.8097916542770889,705.4569623464458,3.6684988168511334,0.4
5349.05305108809,3.6685078654420273,0.0,-0.0,1.8097916542770889,705.8892083967294,3.6684980450274245,0.4
5349.2471619623075,3.6685074781757283,0.0,-0.0,1.8097916542770889,706.083319270947,3.6684976988252136,0.4
5349.441272836525,3.66850709114071,0.0,-0.0,1.8097916542770889,706.2774301451645,3.668497352873449,0.4
5349.82949458496,3.668506317631844,0.0,-0.0,1.8097916542770889,706.6656518935997,3.6684966617205372,0.4
5350.6059380818315,3.6685047734312097,0.0,-0.0,1.8097916542770889,707.442095390471,3.6684952824121146,0.4
5351.054193269567,3.668503883500864,0.0,-0.0,1.8097916542770889,707.8903505782064,3.6684944879278674,0.4
5351.246303001603,3.668503502577135,0.0,-0.0,1.8097916542770889,708.0824603102428,3.6684941478402036,0.4
5351.43841273364,3.6685031218783073,0.0,-0.0,1.8097916542770889,708.2745700422793,3.668493807996028,0.4
5351.822632197713,3.6685023610274157,0.0,-0.0,1.8097916542770889,708.6587895063522,3.668493129037444,0.4
5352.5910711258575,3.6685008420670115,0.0,-0.0,1.8097916542770889,709.427228434497,3.6684917740344742,0.4
5353.055335451044,3.6684999259892606,0.0,-0.0,1.8097916542770889,709.8914927596834,3.668490957267509,0.4
5353.245444040898,3.668499551344473,0.0,-0.0,1.8097916542770889,710.0816013495378,3.6684906232226484,0.4
5353.435552630753,3.668499176918882,0.0,-0.0,1.8097916542770889,710.2717099393922,3.6684902894144593,0.4
5353.815769810462,3.6684984285985447,0.0,-0.0,1.8097916542770889,710.6519271191019,3.668489622507426,0.4
5354.576204169882,3.668496934626852,0.0,-0.0,1.8097916542770889,711.4123614785212,3.668488291526047,0.4
5355.056477632521,3.6684959927538556,0.0,-0.0,1.8097916542770889,711.8926349411604,3.6684874528498312,0.4
5355.244585080194,3.668495624324843,0.0,-0.0,1.8097916542770889,712.0807423888336,3.6684871247767594,0.4
5355.432692527867,3.668495256109038,0.0,-0.0,1.8097916542770889,712.2688498365069,3.6684867969336823,0.4
5355.808907423214,3.6684945201940335,0.0,-0.0,1.8097916542770889,712.6450647318534,3.6684861419368664,0.4
5356.561337213907,3.668493050960659,0.0,-0.0,1.8097916542770889,713.3974945225464,3.668484834696084,0.4
5357.057619813998,3.6684920836407966,0.0,-0.0,1.8097916542770889,713.8937771226374,3.668483974479779,0.4
5357.24372611949,3.668491721365129,0.0,-0.0,1.8097916542770889,714.0798834281295,3.6684836523082023,0.4
5357.429832424982,3.668491359296573,0.0,-0.0,1.8097916542770889,714.2659897336216,3.668483330360081,0.4
5357.802045035965,3.6684906356626374,0.0,-0.0,1.8097916542770889,714.6382023446049,3.6684826871335843,0.4
5358.546470257933,3.6684891909199635,0.0,-0.0,1.8097916542770889,715.3826275665724,3.6684814033552446,0.4
5359.058761995475,3.6684881984985522,0.0,-0.0,1.8097916542770889,715.8949193041144,3.668480521963745,0.4
5359.242867158785,3.668487842314026,0.0,-0.0,1.8097916542770889,716.0790244674245,3.668480205624084,0.4
5359.426972322095,3.6684874863310437,0.0,-0.0,1.8097916542770889,716.2631296307345,3.6684798895014756,0.4
5359.795182648716,3.6684867748545837,0.0,-0.0,1.8097916542770889,716.6313399573555,3.668479257906818,0.4
5360.531603301957,3.6684853543569003,0.0,-0.0,1.8097916542770889,717.3677606105966,3.6684779973155837,0.4
5361.059904176952,3.6684843371752986,0.0,-0.0,1.8097916542770889,717.8960614855914,3.668477095109561,0.4
5361.242008198081,3.668483987020752,0.0,-0.0,1.8097916542770889,718.0781655067203,3.668476784532946,0.4
5361.42411221921,3.668483637061734,0.0,-0.0,1.8097916542770889,718.2602695278492,3.668476474167113,0.4
5361.788320261468,3.6684829376207917,0.0,-0.0,1.8097916542770889,718.624477570107,3.668475854067222,0.4
5362.516736345983,3.668481541124372,0.0,-0.0,1.8097916542770889,719.3528936546227,3.668474616390541,0.4
5363.061046358429,3.6684804995209928,0.0,-0.0,1.8097916542770889,719.8972036670684,3.668473693726488,0.4
5363.241149237377,3.6684801553357653,0.0,-0.0,1.8097916542770889,720.0773065460162,3.6684733888447494,0.4
5363.4212521163245,3.6684798113406103,0.0,-0.0,1.8097916542770889,720.257409424964,3.668473084167655,0.4
5363.781457874219,3.668479123812687,0.0,-0.0,1.8097916542770889,720.6176151828586,3.66847247542685,0.4
5364.501869390008,3.6684777510771753,0.0,-0.0,1.8097916542770889,721.3380266986478,3.6684712603949325,0.4
5365.062188539906,3.6684766853878457,0.0,-0.0,1.8097916542770889,721.8983458485454,3.6684703176252054,0.4
5365.240290276672,3.6684763471107416,0.0,-0.0,1.8097916542770889,722.0764475853111,3.668470018370868,0.4
5365.418392013437,3.66847600901927,0.0,-0.0,1.8097916542770889,722.2545493220769,3.6684697193151674,0.4
5365.774595486969,3.6684753332841966,0.0,-0.0,1.8097916542770889,722.6107527956083,3.6684691217991463,0.4
5366.487002434033,3.66847398407083,0.0,-0.0,1.8097916542770889,723.323159742672,3.66846792914494,0.4
5367.063330721383,3.6684728946268854,0.0,-0.0,1.8097916542770889,723.8994880300224,3.668466966617797,0.4
5367.2394313159675,3.6684725621988097,0.0,-0.0,1.8097916542770889,724.075588624607,3.6684666729240765,0.4
5367.415531910552,3.6684722299508143,0.0,-0.0,1.8097916542770889,724.2516892191916,3.6684663794231107,0.4
5367.767733099721,3.6684715658901697,0.0,-0.0,1.8097916542770889,724.6038904083607,3.6684657929989397,0.4
5368.4721354780595,3.6684702399610485,0.0,-0.0,1.8097916542770889,725.308292786699,3.6684646224581,0.4
5369.06447290286,3.668469127091184,0.0,-0.0,1.8097916542770889,725.9006302114994,3.668463640517747,0.4
5369.238572355263,3.66846880045293,0.0,-0.0,1.8097916542770889,726.0747296639029,3.668463352318537,0.4
5369.412671807667,3.668468473989434,0.0,-0.0,1.8097916542770889,726.2488291163063,3.6684630643063283,0.4
5369.760870712473,3.6684678214853705,0.0,-0.0,1.8097916542770889,726.5970280211122,3.6684624888424264,0.4
5370.457268522085,3.668466518605777,0.0,-0.0,1.8097916542770889,727.2934258307241,3.668461340153295,0.4
5371.065615084337,3.6684653826359024,0.0,-0.0,1.8097916542770889,727.9017723929765,3.668460339139922,0.4
5371.237713394558,3.6684650617280985,0.0,-0.0,1.8097916542770889,728.0738707031978,3.668460056369795,0.4
5371.40981170478,3.6684647409899576,0.0,-0.0,1.8097916542770889,728.2459690134192,3.668459773781038,0.4
5371.7540083252225,3.6684640999255502,0.0,-0.0,1.8097916542770889,728.590165633862,3.668459209147166,0.4
5372.442401566109,3.6684628198628078,0.0,-0.0,1.8097916542770889,729.2785588747483,3.6684580820507424,0.4
5373.066757265814,3.6684616611148604,0.0,-0.0,1.8097916542770889,729.9029145744535,3.6684570623005683,0.4
5373.236854433854,3.6684613458796136,0.0,-0.0,1.8097916542770889,730.0730117424937,3.668456784894764,0.4
5373.406951601894,3.668461030809346,0.0,-0.0,1.8097916542770889,730.2431089105339,3.6684565076648195,0.4
5373.747145937975,3.6684604010681143,0.0,-0.0,1.8097916542770889,730.5833032466144,3.668455953732067,0.4
5374.427534610135,3.668459143591793,0.0,-0.0,1.8097916542770889,731.2636919187744,3.668454847971986,0.4
5375.067899447291,3.668457962384318,0.0,-0.0,1.8097916542770889,731.9040567559305,3.6684538098172963,0.4
5375.235995473149,3.6684576527643866,0.0,-0.0,1.8097916542770889,732.0721527817886,3.668453537711716,0.4
5375.404091499007,3.6684573433043597,0.0,-0.0,1.8097916542770889,732.2402488076468,3.668453265776608,0.4
5375.740283550725,3.6684567247712456,0.0,-0.0,1.8097916542770889,732.5764408593641,3.6684527224173786,0.4
5376.412667654159,3.668455489652478,0.0,-0.0,1.8097916542770889,733.2488249627986,3.668451637739885,0.4
5377.069041628768,3.6684542863027048,0.0,-0.0,1.8097916542770889,733.9051989374075,3.6684505815090716,0.4
5377.235136512445,3.6684539822398423,0.0,-0.0,1.8097916542770889,734.0712938210845,3.6684503146402747,0.4
5377.401231396122,3.668453678332935,0.0,-0.0,1.8097916542770889,734.2373887047615,3.668450047936679,0.4
5377.733421163476,3.6684530708937046,0.0,-0.0,1.8097916542770889,734.5695784721156,3.668449515024682,0.4
5378.397800698184,3.6684518579061773,0.0,-0.0,1.8097916542770889,735.2339580068237,3.6684484511786044,0.4
5379.070183810245,3.6684506327259783,0.0,-0.0,1.8097916542770889,735.9063411188845,3.6684473771962063,0.4
5379.234277551741,3.668450334165184,0.0,-0.0,1.8097916542770889,736.0704348603804,3.6684471155014013,0.4
5379.398371293237,3.668450035754055,0.0,-0.0,1.8097916542770889,736.2345286018763,3.6684468539666435,0.4
5379.726558776228,3.66844943929736,0.0,-0.0,1.8097916542770889,736.5627160848671,3.668446331376878,0.4
5380.38293374221,3.6684482482150464,0.0,-0.0,1.8097916542770889,737.2190910508498,3.668445288113607,0.4
5381.071325991722,3.6684470015155077,0.0,-0.0,1.8097916542770889,737.9074833003615,3.6684441967003476,0.4
5381.233418591036,3.6684467083988155,0.0,-0.0,1.8097916542770889,738.0695758996753,3.668443940117388,0.4
5381.39551119035,3.668446415428045,0.0,-0.0,1.8097916542770889,738.2316684989892,3.668443683689435,0.4
5381.719696388978,3.6684458298406493,0.0,-0.0,1.8097916542770889,738.5558536976177,3.6684431712981787,0.4
5382.3680667862345,3.668444660441949,0.0,-0.0,1.8097916542770889,739.204224094874,3.668442148371641,0.4
5383.072468173199,3.6684433925296034,0.0,-0.0,1.8097916542770889,739.9086254818385,3.6684410398444687,0.4
5383.232559630332,3.6684431048019874,0.0,-0.0,1.8097916542770889,740.0687169389712,3.668440788311844,0.4
5383.392651087464,3.668442817215972,0.0,-0.0,1.8097916542770889,740.2288083961039,3.6684405369293005,0.4
5383.71283400173,3.6684422423870346,0.0,-0.0,1.8097916542770889,740.5489913103693,3.668440034614098,0.4
5384.353199830261,3.6684410944510772,0.0,-0.0,1.8097916542770889,741.1893571389,3.668439031780732,0.4
5385.073610354676,3.668439805629613,0.0,-0.0,1.8097916542770889,741.9097676633155,3.668437906452859,0.4
5385.231700669628,3.668439523236282,0.0,-0.0,1.8097916542770889,742.067857978267,3.6684376599096913,0.4
5385.389790984579,3.6684392409796285,0.0,-0.0,1.8097916542770889,742.2259482932186,3.66843741351179,0.4
5385.705971614481,3.6684386767994663,0.0,-0.0,1.8097916542770889,742.5421289231208,3.6684369211514425,0.4
5386.338332874286,3.6684375501072326,0.0,-0.0,1.8097916542770889,743.1744901829252,3.668435938170176,0.4
5387.074752536153,3.6684362406781434,0.0,-0.0,1.8097916542770889,743.9109098447925,3.6684347963511117,0.4
5387.2308417089225,3.6684359635635424,0.0,-0.0,1.8097916542770889,744.066999017562,3.6684345547371504,0.4
5387.386930881692,3.668435686582052,0.0,-0.0,1.8097916542770889,744.2230881903315,3.668434313263749,0.4
5387.699109227231,3.6684351329409637,0.0,-0.0,1.8097916542770889,744.5352665358705,3.6684338307382993,0.4
5388.32346591831,3.66843402727581,0.0,-0.0,1.8097916542770889,745.1596232269494,3.6684328673705244,0.4
5389.07589471763,3.668432697536737,0.0,-0.0,1.8097916542770889,745.9120520262695,3.668431709366119,0.4
5389.229982748218,3.6684324256476644,0.0,-0.0,1.8097916542770889,746.0661400568579,3.6684314726217315,0.4
5389.384070778807,3.668432153887124,0.0,-0.0,1.8097916542770889,746.2202280874462,3.668431236013306,0.4
5389.692246839983,3.6684316106773442,0.0,-0.0,1.8097916542770889,746.5284041486229,3.668430763204028,0.4
5390.308598962336,3.668430525824193,0.0,-0.0,1.8097916542770889,747.1447562709754,3.668429819213582,0.4
5391.077036899107,3.6684291760702226,0.0,-0.0,1.8097916542770889,747.9131942077465,3.6684286453260597,0.4
5391.229123787513,3.6684289093525653,0.0,-0.0,1.8097916542770889,748.0652810961528,3.668428413392228,0.4
5391.38121067592,3.668428642758807,0.0,-0.0,1.8097916542770889,748.2173679845591,3.6684281815898654,0.4
5391.685384452733,3.668428109874206,0.0,-0.0,1.8097916542770889,748.5215417613726,3.668427718379253,0.4
5392.29373200636,3.668427045619985,0.0,-0.0,1.8097916542770889,749.1298893149997,3.6684267935323893,0.4
5393.078179080584,3.6684256761436247,0.0,-0.0,1.8097916542770889,749.9143363892235,3.668425604060387,0.4
5393.228264826809,3.6684254145434467,0.0,-0.0,1.8097916542770889,750.0644221354487,3.668425376878701,0.4
5393.378350573034,3.6684251530636205,0.0,-0.0,1.8097916542770889,750.2145078816739,3.668425149824097,0.4
5393.678522065485,3.6684246303975927,0.0,-0.0,1.8097916542770889,750.5146793741242,3.668424696095852,0.4
5394.278865050385,3.6684235865311274,0.0,-0.0,1.8097916542770889,751.1150223590248,3.6684237901612216,0.4
5395.079321262061,3.668422197621901,0.0,-0.0,1.8097916542770889,751.9154785707005,3.6684225853998247,0.4
5395.227405866105,3.668421941086489,0.0,-0.0,1.8097916542770889,752.0635631747446,3.668422362912477,0.4
5395.375490470149,3.6684216846683375,0.0,-0.0,1.8097916542770889,752.2116477787886,3.6684221405479267,0.4
5395.671659678236,3.6684211721145443,0.0,-0.0,1.8097916542770889,752.5078169868757,3.6684216961869462,0.4
5396.263998094411,3.668420148427329,0.0,-0.0,1.8097916542770889,753.1001554030508,3.668420808935574,0.4
5397.080463443538,3.66841874032579,0.0,-0.0,1.8097916542770889,753.9166207521776,3.668419589176353,0.4
5397.2265469054,3.668418488804049,0.0,-0.0,1.8097916542770889,754.0627042140395,3.668419371326133,0.4
5397.372630367262,3.668418237395051,0.0,-0.0,1.8097916542770889,754.2087876759015,3.6684191535945265,0.4
5397.664797290987,3.668417734850488,0.0,-0.0,1.8097916542770889,754.5009545996263,3.6684187184868953,0.4
5398.249131138436,3.6684167311339664,0.0,-0.0,1.8097916542770889,755.0852884470751,3.668417849692156,0.4
5399.081605625015,3.668415304166448,0.0,-0.0,1.8097916542770889,755.9177629336546,3.6684166152232023,0.4
5399.225687944696,3.6684150576059524,0.0,-0.0,1.8097916542770889,756.0618452533354,3.6684164019534897,0.4
5399.369770264377,3.668414811153976,0.0,-0.0,1.8097916542770889,756.2059275730162,3.668416188798306,0.4
5399.657934903738,3.668414318515163,0.0,-0.0,1.8097916542770889,756.4940922123778,3.6684157628312812,0.4
5400.234264182462,3.66841333456387,0.0,-0.0,1.8097916542770889,757.0704214911011,3.668414912268879,0.4
5401.082747806492,3.668411889011695,0.0,-0.0,1.8097916542770889,757.9189051151316,3.6684136633748405,0.4
5401.224828983992,3.6684116473606916,0.0,-0.0,1.8097916542770889,758.0609862926312,3.668413454629601,0.4
5401.366910161491,3.66841140581512,0.0,-0.0,1.8097916542770889,758.2030674701309,3.6684132459949046,0.4
5401.65107251649,3.668410922978774,0.0,-0.0,1.8097916542770889,758.4872298251294,3.6684128290569062,0.4
5402.219397226488,3.6684099585891983,0.0,-0.0,1.8097916542770889,759.0555545351272,3.6684119965048527,0.4
5403.083889987969,3.6684084947309383,0.0,-0.0,1.8097916542770889,759.9200472966086,3.6684107334669687,0.4
5403.223970023287,3.6684082579385957,0.0,-0.0,1.8097916542770889,760.0601273319262,3.6684105291907474,0.4
5403.364050058604,3.668408021247827,0.0,-0.0,1.8097916542770889,760.2002073672438,3.668410325021179,0.4
5403.6442101292405,3.6684075481133376,0.0,-0.0,1.8097916542770889,760.48036743788,3.6684099170017794,0.4
5404.204530270512,3.6684066030837466,0.0,-0.0,1.8097916542770889,761.0406875791514,3.668409102240371,0.4
5405.085032169446,3.6684051211934756,0.0,-0.0,1.8097916542770889,761.9211894780856,3.6684078253365064,0.4
5405.223111062583,3.668404889209719,0.0,-0.0,1.8097916542770889,762.0592683712221,3.6684076254744227,0.4
5405.361189955719,3.6684046573236753,0.0,-0.0,1.8097916542770889,762.1973472643585,3.668407425715197,0.4
5405.637347741992,3.6684041937904537,0.0,-0.0,1.8097916542770889,762.4735050506315,3.668407026505109,0.4
5406.189663314538,3.6684032679193583,0.0,-0.0,1.8097916542770889,763.0258206231774,3.6684062293169046,0.4
5407.086174350923,3.668401768271302,0.0,-0.0,1.8097916542770889,763.9223316595626,3.668404938821588,0.4
5407.222252101878,3.6684015410455824,0.0,-0.0,1.8097916542770889,764.0584094105179,3.66840474331933,0.4
5407.358329852834,3.668401313914187,0.0,-0.0,1.8097916542770889,764.1944871614733,3.668404547916228,0.4
5407.6304853547435,3.668400859882532,0.0,-0.0,1.8097916542770889,764.466642663383,3.6684041574072945,0.4
5408.174796358563,3.668399952972451,0.0,-0.0,1.8097916542770889,765.0109536672026,3.6684033775770963,0.4
5409.0873165324,3.6683984358362727,0.0,-0.0,1.8097916542770889,765.9234738410396,3.668402073761548,0.4
5409.221393141173,3.6683982133186723,0.0,-0.0,1.8097916542770889,766.0575504498129,3.6684018825653673,0.4
5409.355469749947,3.668397990892627,0.0,-0.0,1.8097916542770889,766.1916270585862,3.6684016914647337,0.4
5409.623622967493,3.6683975462633187,0.0,-0.0,1.8097916542770889,766.4597802761327,3.668401309549916,0.4
5410.159929402587,3.6683966581171155,0.0,-0.0,1.8097916542770889,766.9960867112268,3.6684005468647456,0.4
5411.088458713877,3.668395123760198,0.0,-0.0,1.8097916542770889,767.9246160225166,3.6683992299969175,0.4
5411.220534180469,3.668394905902109,0.0,-0.0,1.8097916542770889,768.0566914891087,3.6683990430536233,0.4
5411.352609647061,3.6683946881326417,0.0,-0.0,1.8097916542770889,768.1887669557009,3.6683988562023573,0.4
5411.616760580246,3.6683942528068822,0.0,-0.0,1.8097916542770889,768.4529178888852,3.6683984827757268,0.4
5412.145062446613,3.668393383230559,0.0,-0.0,1.8097916542770889,768.9812197552528,3.668397737024806,0.4
5413.089600895354,3.668391831917835,0.0,-0.0,1.8097916542770889,769.9257582039936,3.668396407369412,0.4
5413.219675219764,3.668391618670868,0.0,-0.0,1.8097916542770889,770.0558325284037,3.6683962246263673,0.4
5413.349749544174,3.668391405508339,0.0,-0.0,1.8097916542770889,770.1859068528138,3.6683960419719197,0.4
5413.609898192995,3.6683909793904173,0.0,-0.0,1.8097916542770889,770.4460555016349,3.668395676928645,0.4
5414.130195490638,3.668390128189252,0.0,-0.0,1.8097916542770889,770.966352799277,3.668394947903374,0.4
5415.090743076831,3.668388560182609,0.0,-0.0,1.8097916542770889,771.9269003854706,3.6683936057219233,0.4
5415.21881625906,3.668388351498044,0.0,-0.0,1.8097916542770889,772.0549735676996,3.6683934271270373,0.4
5415.346889441289,3.6683881428953375,0.0,-0.0,1.8097916542770889,772.1830467499285,3.6683932486174053,0.4
5415.603035805747,3.668387725887908,0.0,-0.0,1.8097916542770889,772.4391931143864,3.6683928918537427,0.4
5416.115328534663,3.6683868928706787,0.0,-0.0,1.8097916542770889,772.9514858433022,3.6683921793476806,0.4
5417.091885258308,3.6683853084311346,0.0,-0.0,1.8097916542770889,773.9280425669476,3.6683908248985113,0.4
5417.217957298356,3.6683851042608406,0.0,-0.0,1.8097916542770889,774.0541146069954,3.668390650400236,0.4
5417.344029338404,3.668384900169169,0.0,-0.0,1.8097916542770889,774.1801866470432,3.6683904759839576,0.4
5417.596173418498,3.668384492177916,0.0,-0.0,1.8097916542770889,774.4323307271379,3.6683901273972404,0.4
5418.100461578689,3.668383677155065,0.0,-0.0,1.8097916542770889,774.9366188873282,3.6683894312060827,0.4
5419.093027439785,3.6683820765381245,0.0,-0.0,1.8097916542770889,775.9291847484246,3.6683880647443954,0.4
5419.217098337651,3.6683818768350447,0.0,-0.0,1.8097916542770889,776.0532556462904,3.6683878942917185,0.4
5419.341169235517,3.668381677207865,0.0,-0.0,1.8097916542770889,776.1773265441561,3.6683877239178675,0.4
5419.589311031249,3.6683812781368013,0.0,-0.0,1.8097916542770889,776.4254683398885,3.668387383406496,0.4
5420.085594622713,3.6683804809206224,0.0,-0.0,1.8097916542770889,776.9217519313524,3.6683867033280553,0.4
5421.078161805642,3.6683788899999876,0.0,-0.0,1.8097916542770889,777.9143191142812,3.6683853469402443,0.4
5421.094169621262,3.6683788643811477,0.0,-0.0,1.8097916542770889,777.9303269299016,3.6683853251059437,0.4
5421.216239376947,3.668378669097752,0.0,-0.0,1.8097916542770889,778.0523966855862,3.6683851586483867,0.4
5421.338309132631,3.6683784738875,0.0,-0.0,1.8097916542770889,778.1744664412709,3.6683849922665663,0.4
5421.582448644001,3.6683780836439,0.0,-0.0,1.8097916542770889,778.4186059526401,3.668384659729998,0.4
5422.070727666739,3.6683773040471817,0.0,-0.0,1.8097916542770889,778.9068849753785,3.6683839955641853,0.4
5423.047285712216,3.6683757482326675,0.0,-0.0,1.8097916542770889,779.8834430208553,3.6683826708541614,0.4
5423.095311802739,3.6683756718366665,0.0,-0.0,1.8097916542770889,779.9314691113786,3.668382605830668,0.4
5423.215380416243,3.66837548092675,0.0,-0.0,1.8097916542770889,780.0515377248821,3.6683824433182783,0.4
5423.335449029746,3.6683752900871625,0.0,-0.0,1.8097916542770889,780.1716063383856,3.668382280878618,0.4
5423.575586256752,3.6683749085782686,0.0,-0.0,1.8097916542770889,780.4117435653916,3.6683819562173565,0.4
5424.055860710764,3.6683741464157653,0.0,-0.0,1.8097916542770889,780.8920180194036,3.668381307766159,0.4
5425.016409618789,3.6683726253404005,0.0,-0.0,1.8097916542770889,781.8525669274286,3.6683800143417966,0.4
5425.096453984216,3.668372498784322,0.0,-0.0,1.8097916542770889,781.9326112928557,3.668379906767214,0.4
5425.214521455538,3.6683723122015026,0.0,-0.0,1.8097916542770889,782.0506787641771,3.6683797481505596,0.4
5425.332588926859,3.668372125686281,0.0,-0.0,1.8097916542770889,782.1687462354985,3.668379589603709,0.4
5425.568723869502,3.668371752819193,0.0,-0.0,1.8097916542770889,782.4048811781413,3.668379272719295,0.4
5426.040993754788,3.6683710079084717,0.0,-0.0,1.8097916542770889,782.8771510634278,3.6683786397867575,0.4
5426.9855335253615,3.668369521208837,0.0,-0.0,1.8097916542770889,783.821690834001,3.668377377259982,0.4
5427.097596165693,3.668369345102338,0.0,-0.0,1.8097916542770889,783.9337534743327,3.66837722776535,0.4
5427.213662494833,3.6683691628011985,0.0,-0.0,1.8097916542770889,784.0498198034729,3.668377072995517,0.4
5427.329728823974,3.6683689805653814,0.0,-0.0,1.8097916542770889,784.1658861326132,3.6683769182926413,0.4
5427.561861482254,3.66836861624868,0.0,-0.0,1.8097916542770889,784.3980187908937,3.668376609087642,0.4
5428.026126798814,3.6683678884078903,0.0,-0.0,1.8097916542770889,784.8622841074539,3.668375991479847,0.4
5428.954657431936,3.668366435723715,0.0,-0.0,1.8097916542770889,785.7908147405751,3.668374759466596,0.4
5429.09873834717,3.6683662106725414,0.0,-0.0,1.8097916542770889,785.9348956558097,3.668374568675963,0.4
5429.212803534128,3.6683660326073353,0.0,-0.0,1.8097916542770889,786.0489608427679,3.668374417704549,0.4
5429.3268687210875,3.6683658546046156,0.0,-0.0,1.8097916542770889,786.163026029727,3.668374266797323,0.4
5429.554999095005,3.668365498749364,0.0,-0.0,1.8097916542770889,786.3911564036443,3.668373965175323,0.4
5430.0112598428395,3.6683647877971843,0.0,-0.0,1.8097916542770889,786.847417151479,3.668373362700371,0.4
5430.923781338509,3.6683633687718897,0.0,-0.0,1.8097916542770889,787.7599386471484,3.6683721608205575,0.4
5431.099880528647,3.668363095375249,0.0,-0.0,1.8097916542770889,787.9360378372867,3.668371929351047,0.4
5431.211944573424,3.668362921501327,0.0,-0.0,1.8097916542770889,788.0481018820637,3.6683717821301567,0.4
5431.324008618201,3.6683627476867624,0.0,-0.0,1.8097916542770889,788.1601659268408,3.6683716349707614,0.4
5431.5481367077555,3.66836240020264,0.0,-0.0,1.8097916542770889,788.384294016395,3.6683713408363525,0.4
5431.996392886865,3.6683617059618054,0.0,-0.0,1.8097916542770889,788.8325501955042,3.6683707533043433,0.4
5432.892905245082,3.6683603202408293,0.0,-0.0,1.8097916542770889,789.7290625537216,3.6683695811818167,0.4
5433.101022710124,3.6683599990927944,0.0,-0.0,1.8097916542770889,789.9371800187637,3.6683693096436962,0.4
5433.21108561272,3.6683598293651363,0.0,-0.0,1.8097916542770889,790.0472429213596,3.668369166125936,0.4
5433.321148515316,3.668359659694723,0.0,-0.0,1.8097916542770889,790.1573058239555,3.6683690226670533,0.4
5433.541274320508,3.6683593204926046,0.0,-0.0,1.8097916542770889,790.3774316291474,3.668368735925825,0.4
5433.981525930891,3.668358642785236,0.0,-0.0,1.8097916542770889,790.8176832395302,3.668368163148838,0.4
5434.862029151656,3.6683572900189745,0.0,-0.0,1.8097916542770889,791.6981864602958,3.668367020411348,0.4
5435.102164891601,3.668356921707503,0.0,-0.0,1.8097916542770889,791.9383222002407,3.668366709408099,0.4
5435.210226652015,3.668356756082041,0.0,-0.0,1.8097916542770889,792.0463839606546,3.668366569546572,0.4
5435.318288412429,3.668356590511858,0.0,-0.0,1.8097916542770889,792.1544457210684,3.66836642974138,0.4
5435.534411933258,3.6683562595033736,0.0,-0.0,1.8097916542770889,792.3705692418971,3.6683661502999088,0.4
5435.966658974915,3.668355598155225,0.0,-0.0,1.8097916542770889,792.8028162835544,3.6683655920919858,0.4
5436.831153058229,3.6683542779949367,0.0,-0.0,1.8097916542770889,793.6673103668682,3.6683644783711444,0.4
5437.103307073078,3.6683538631027695,0.0,-0.0,1.8097916542770889,793.9394643817177,3.6683641284995248,0.4
5437.209367691311,3.6683537015360828,0.0,-0.0,1.8097916542770889,794.0455249999504,3.6683639922478273,0.4
5437.315428309544,3.6683535400216347,0.0,-0.0,1.8097916542770889,794.1515856181832,3.668363856049994,0.4
5437.527549546009,3.668353217120775,0.0,-0.0,1.8097916542770889,794.3637068546486,3.6683635838158364,0.4
5437.95179201894,3.6683525719564867,0.0,-0.0,1.8097916542770889,794.7879493275796,3.6683630399929608,0.4
5438.800276964802,3.6683512840587245,0.0,-0.0,1.8097916542770889,795.6364342734414,3.6683619549242064,0.4
5439.104449254555,3.6683508231637054,0.0,-0.0,1.8097916542770889,795.9406065631947,3.6683615667743195,0.4
5439.208508730607,3.6683506656120417,0.0,-0.0,1.8097916542770889,796.0446660392463,3.6683614340865347,0.4
5439.312568206658,3.668350508110246,0.0,-0.0,1.8097916542770889,796.1487255152979,3.6683613014502163,0.4
5439.520687158761,3.6683501932292986,0.0,-0.0,1.8097916542770889,796.3568444674002,3.6683610363318975,0.4
5439.936925062966,3.6683495640780484,0.0,-0.0,1.8097916542770889,796.7730823716056,3.668360506711976,0.4
5440.769400871376,3.6683483080994987,0.0,-0.0,1.8097916542770889,797.6055581800156,3.668359449934536,0.4
5441.105591436032,3.668347801774675,0.0,-0.0,1.8097916542770889,797.9417487446717,3.668359024089898,0.4
5441.207649769902,3.6683476481949207,0.0,-0.0,1.8097916542770889,798.0438070785412,3.6683588949205923,0.4
5441.309708103771,3.6683474946629833,0.0,-0.0,1.8097916542770889,798.1458654124108,3.6683587658004253,0.4
5441.513824771511,3.66834718771619,0.0,-0.0,1.8097916542770889,798.3499820801508,3.6683585077074308,0.4
5441.92205810699,3.668346574407189,0.0,-0.0,1.8097916542770889,798.7582154156298,3.6683579921102765,0.4
5442.738524777948,3.668345350010188,0.0,-0.0,1.8097916542770889,799.5746820865879,3.6683569632671325,0.4
5443.106733617509,3.6683447988209217,0.0,-0.0,1.8097916542770889,799.9428909261487,3.6683565003047325,0.4
5443.206790809198,3.668344649170896,0.0,-0.0,1.8097916542770889,800.0429481178371,3.668356374608952,0.4
5443.306848000886,3.668344499566353,0.0,-0.0,1.8097916542770889,800.1430053095255,3.6683562489600505,0.4
5443.506962384263,3.6683442004688165,0.0,-0.0,1.8097916542770889,800.3431196929023,3.6683559978028155,0.4
5443.907191151016,3.66834360283198,0.0,-0.0,1.8097916542770889,800.7433484596559,3.668355496050129,0.4
5444.707648684523,3.668342409681696,0.0,-0.0,1.8097916542770889,801.5438059931621,3.6683544947879807,0.4
5445.107875798986,3.6683418141901614,0.0,-0.0,1.8097916542770889,801.9440331076257,3.66835399527835,0.4
5445.2059318484935,3.6683416684270265,0.0,-0.0,1.8097916542770889,802.042089157133,3.6683538730116125,0.4
5445.303987898001,3.6683415227078915,0.0,-0.0,1.8097916542770889,802.1401452066402,3.6683537507895636,0.4
5445.500099997014,3.668341231374953,0.0,-0.0,1.8097916542770889,802.3362573056538,3.668353506479466,0.4
5445.8923241950415,3.6683406492434236,0.0,-0.0,1.8097916542770889,802.728481503681,3.6683530183948165,0.4
5446.676772591097,3.6683394870057953,0.0,-0.0,1.8097916542770889,803.5129298997363,3.668352044364046,0.4
5447.109017980463,3.6683388477687897,0.0,-0.0,1.8097916542770889,803.9451752891027,3.6683515088713197,0.4
5447.205072887788,3.668338705851064,0.0,-0.0,1.8097916542770889,804.0412301964279,3.6683513899896134,0.4
5447.301127795114,3.6683385639752903,0.0,-0.0,1.8097916542770889,804.1372851037531,3.6683512711504718,0.4
5447.493237609764,3.6683382803242495,0.0,-0.0,1.8097916542770889,804.3293949184035,3.6683510335998224,0.4
5447.877457239066,3.6683377135305744,0.0,-0.0,1.8097916542770889,804.7136145477052,3.66835055900863,0.4
5448.645896497669,3.668336581876104,0.0,-0.0,1.8097916542770889,805.4820538063086,3.6683496118632664,0.4
5449.110160161941,3.6683358994520265,0.0,-0.0,1.8097916542770889,805.9463174705807,3.6683490409452477,0.4
5449.204213927085,3.668335761337741,0.0,-0.0,1.8097916542770889,806.0403712357247,3.6683489254050254,0.4
5449.298267692229,3.6683356232634656,0.0,-0.0,1.8097916542770889,806.1344250008688,3.66834880990531,0.4
5449.486375222517,3.6683353472113875,0.0,-0.0,1.8097916542770889,806.3225325311569,3.6683485790273416,0.4
5449.862590283093,3.668334795591969,0.0,-0.0,1.8097916542770889,806.6987475917322,3.668348117756861,0.4
5450.615020404244,3.668333694193513,0.0,-0.0,1.8097916542770889,807.4511777128837,3.6683471971545476,0.4
5451.111302343418,3.6683329691203705,0.0,-0.0,1.8097916542770889,807.9474596520577,3.668346591362769,0.4
5451.20335496638,3.6683328347692203,0.0,-0.0,1.8097916542770889,808.0395122750197,3.6683464791209435,0.4
5451.295407589342,3.668332700455382,0.0,-0.0,1.8097916542770889,808.1315648979817,3.668346366917631,0.4
5451.479512835267,3.6683324319205495,0.0,-0.0,1.8097916542770889,808.3156701439066,3.668346142626493,0.4
5451.847723327117,3.6683318953108897,0.0,-0.0,1.8097916542770889,808.6838806357564,3.668345694505794,0.4
5452.584144310817,3.668330823845165,0.0,-0.0,1.8097916542770889,809.420301619456,3.6683448001077523,0.4
5453.112444524895,3.6683300566644625,0.0,-0.0,1.8097916542770889,809.9486018335347,3.6683441599875395,0.4
5453.202496005676,3.668329926035312,0.0,-0.0,1.8097916542770889,810.0386533143155,3.6683440510014793,0.4
5453.292547486457,3.668329795441345,0.0,-0.0,1.8097916542770889,810.1287047950964,3.6683439420520023,0.4
5453.472650448019,3.6683295343419875,0.0,-0.0,1.8097916542770889,810.3088077566581,3.6683437242627486,0.4
5453.832856371142,3.668329012580499,0.0,-0.0,1.8097916542770889,810.6690136797815,3.668343289122701,0.4
5454.55326821739,3.66832797072596,0.0,-0.0,1.8097916542770889,811.3894255260293,3.668342420593696,0.4
5455.113586706372,3.6683271619737936,0.0,-0.0,1.8097916542770889,811.9497440150117,3.668341746684228,0.4
5455.201637044972,3.6683270350254977,0.0,-0.0,1.8097916542770889,812.0377943536114,3.668341640911753,0.4
5455.289687383572,3.6683269081116285,0.0,-0.0,1.8097916542770889,812.1258446922111,3.668341535173994,0.4
5455.46578806077,3.6683266543665547,0.0,-0.0,1.8097916542770889,812.3019453694096,3.668341323802577,0.4
5455.817989415168,3.6683261472936173,0.0,-0.0,1.8097916542770889,812.6541467238076,3.66834090147583,0.4
5456.522392123964,3.668325134731815,0.0,-0.0,1.8097916542770889,813.3585494326035,3.668340058484138,0.4
5457.114728887849,3.668324284939187,0.0,-0.0,1.8097916542770889,813.9508861964887,3.66833935131851,0.4
5457.200778084267,3.6683241616322397,0.0,-0.0,1.8097916542770889,814.0369353929063,3.668339248717887,0.4
5457.2868272806845,3.6683240383575404,0.0,-0.0,1.8097916542770889,814.122984589324,3.668339146150174,0.4
5457.458925673521,3.6683237918882816,0.0,-0.0,1.8097916542770889,814.2950829821602,3.668338941113434,0.4
5457.803122459192,3.668323299343392,0.0,-0.0,1.8097916542770889,814.6392797678318,3.6683385314344035,0.4
5458.491516030536,3.668322315759327,0.0,-0.0,1.8097916542770889,815.3276733391758,3.668337713651778,0.4
5459.115871069326,3.6683214254519143,0.0,-0.0,1.8097916542770889,815.9520283779657,3.6683369737570586,0.4
5459.199919123563,3.6683213057462605,0.0,-0.0,1.8097916542770889,816.0360764322022,3.6683368742869984,0.4
5459.283967177799,3.6683211860719327,0.0,-0.0,1.8097916542770889,816.1201244864387,3.6683367748481013,0.4
5459.452063286272,3.6683209467973414,0.0,-0.0,1.8097916542770889,816.2882205949118,3.668336576063759,0.4
5459.788255503218,3.66832046862462,0.0,-0.0,1.8097916542770889,816.6244128118578,3.6683361788686057,0.4
5460.4606399371105,3.668319513705088,0.0,-0.0,1.8097916542770889,817.29679724575,3.668335385970244,0.4
5461.117013250803,3.668318583403554,0.0,-0.0,1.8097916542770889,817.9531705594427,3.668334613867539,0.4
5461.199060162859,3.6683184672607956,0.0,-0.0,1.8097916542770889,818.0352174714981,3.6683345174871884,0.4
5461.281107074914,3.6683183511469792,0.0,-0.0,1.8097916542770889,818.1172643835534,3.6683344211363154,0.4
5461.445200899024,3.6683181189902436,0.0,-0.0,1.8097916542770889,818.2813582076633,3.6683342285229625,0.4
5461.773388547244,3.6683176550319505,0.0,-0.0,1.8097916542770889,818.6095458558839,3.668333843649579,0.4
5462.429763843685,3.668316728466661,0.0,-0.0,1.8097916542770889,819.2659211523242,3.6683330753140897,0.4
5463.11815543228,3.668315758687961,0.0,-0.0,1.8097916542770889,819.9543127409197,3.6683322715185978,0.4
5463.1982012021535,3.66831564606841,0.0,-0.0,1.8097916542770889,820.034358510793,3.6683321781875406,0.4
5463.278246972027,3.6683155334762882,0.0,-0.0,1.8097916542770889,820.1144042806663,3.668332084884331,0.4
5463.438338511774,3.668315308359378,0.0,-0.0,1.8097916542770889,820.2744958204139,3.6683318983614233,0.4
5463.758521591269,3.6683148584613052,0.0,-0.0,1.8097916542770889,820.5946788999081,3.668331525649417,0.4
5464.398887750257,3.668313959942999,0.0,-0.0,1.8097916542770889,821.2350450588965,3.6683307815587867,0.4
5465.119297613757,3.6683129511983985,0.0,-0.0,1.8097916542770889,821.9554549223967,3.668329946579861,0.4
5465.197342241449,3.6683128420635773,0.0,-0.0,1.8097916542770889,822.0334995500889,3.6683298562581093,0.4
5465.275386869142,3.668312732954589,0.0,-0.0,1.8097916542770889,822.1115441777811,3.6683297659626333,0.4
5465.431476124526,3.6683125148000775,0.0,-0.0,1.8097916542770889,822.2676334331654,3.6683295854504805,0.4
5465.743654635295,3.66831207880827,0.0,-0.0,1.8097916542770889,822.5798119439341,3.6683292247411554,0.4
5466.368011656831,3.6683112080326885,0.0,-0.0,1.8097916542770889,823.2041689654707,3.668328504580717,0.4
5467.120439795234,3.6683101608286646,0.0,-0.0,1.8097916542770889,823.9565971038737,3.6683276389219217,0.4
5467.196483280745,3.668310055140105,0.0,-0.0,1.8097916542770889,824.0326405893848,3.6683275515699134,0.4
5467.272526766256,3.668309949476208,0.0,-0.0,1.8097916542770889,824.1086840748958,3.6683274642426658,0.4
5467.4246137372775,3.668309738207613,0.0,-0.0,1.8097916542770889,824.260771045917,3.668327289662425,0.4
5467.72878767932,3.668309315970498,0.0,-0.0,1.8097916542770889,824.5649449879593,3.6683269407987655,0.4
5468.337135563404,3.6683084726350454,0.0,-0.0,1.8097916542770889,825.1732928720439,3.6683262442571665,0.4
5469.121581976711,3.66830738747502,0.0,-0.0,1.8097916542770889,825.9577392853507,3.6683253484163356,0.4
5469.19562432004,3.6683072851939023,0.0,-0.0,1.8097916542770889,826.0317816286797,3.66832526399493,0.4
5469.269666663369,3.668307182937108,0.0,-0.0,1.8097916542770889,826.1058239720087,3.6683251795968257,0.4
5469.417751350027,3.6683069784782205,0.0,-0.0,1.8097916542770889,826.2539086586667,3.668325010870492,0.4
5469.713920723344,3.6683065698453685,0.0,-0.0,1.8097916542770889,826.5500780319835,3.668324673697149,0.4
5470.306259469977,3.66830575365136,0.0,-0.0,1.8097916542770889,827.1424167786163,3.6683240004663187,0.4
5471.122724158188,3.6683046310312517,0.0,-0.0,1.8097916542770889,827.9588814668277,3.668323074935612,0.4
5471.194765359336,3.668304532121092,0.0,-0.0,1.8097916542770889,828.0309226679756,3.6683229934060875,0.4
5471.266806560484,3.6683044332331183,0.0,-0.0,1.8097916542770889,828.1029638691234,3.6683229118984575,0.4
5471.41088896278,3.668304235510117,0.0,-0.0,1.8097916542770889,828.2470462714191,3.668322748948857,0.4
5471.69905376737,3.6683038403308412,0.0,-0.0,1.8097916542770889,828.5352110760095,3.6683224233121288,0.4
5472.275383376551,3.6683030509815455,0.0,-0.0,1.8097916542770889,829.1115406851904,3.668321773087249,0.4
5473.123866339665,3.668301891394656,0.0,-0.0,1.8097916542770889,829.9600236483047,3.668320818353209,0.4
5473.193906398631,3.6683017958179436,0.0,-0.0,1.8097916542770889,830.0300637072705,3.6683207396772564,0.4
5473.263946457597,3.6683017002615284,0.0,-0.0,1.8097916542770889,830.1001037662363,3.6683206610218457,0.4
5473.404026575529,3.6683015092002114,0.0,-0.0,1.8097916542770889,830.2401838841688,3.668320503772626,0.4
5473.684186811394,3.668301127326264,0.0,-0.0,1.8097916542770889,830.5203441200338,3.6683201895204447,0.4
5474.244507283123,3.6683003645276484,0.0,-0.0,1.8097916542770889,831.0806645917628,3.668319561999916,0.4
5475.125008521142,3.668299168460031,0.0,-0.0,1.8097916542770889,831.9611658297817,3.668318578543524,0.4
5475.193047437927,3.668299076180781,0.0,-0.0,1.8097916542770889,832.0292047465664,3.668318502683245,0.4
5475.261086354712,3.668298983920161,0.0,-0.0,1.8097916542770889,832.097243663351,3.668318426842206,0.4
5475.397164188281,3.6682987994460587,0.0,-0.0,1.8097916542770889,832.2333214969203,3.66831827521783,0.4
5475.669319855419,3.6682984307307924,0.0,-0.0,1.8097916542770889,832.5054771640589,3.668317972199745,0.4
5476.213631189697,3.668297694191871,0.0,-0.0,1.8097916542770889,833.049788498336,3.6683173670851565,0.4
5477.126150702619,3.6682964621478718,0.0,-0.0,1.8097916542770889,833.9623080112588,3.66831635538189,0.4
5477.192188477223,3.668296373127969,0.0,-0.0,1.8097916542770889,834.0283457858623,3.6683162822997906,0.4
5477.258226251826,3.6682962841259164,0.0,-0.0,1.8097916542770889,834.0943835604658,3.6683162092356816,0.4
5477.390301801032,3.668296106165701,0.0,-0.0,1.8097916542770889,834.2264591096719,3.6683160631614173,0.4
5477.6544528994455,3.668295750464458,0.0,-0.0,1.8097916542770889,834.490610208085,3.6683157712285803,0.4
5478.182755096272,3.6682950398955194,0.0,-0.0,1.8097916542770889,835.0189124049111,3.6683151882246805,0.4
5479.127292884096,3.6682937723380737,0.0,-0.0,1.8097916542770889,835.9634501927358,3.6683141487445647,0.4
5479.191329516518,3.6682936865418534,0.0,-0.0,1.8097916542770889,836.0274868251572,3.6683140784035526,0.4
5479.255366148939,3.6682936007619857,0.0,-0.0,1.8097916542770889,836.0915234575787,3.668314008079332,0.4
5479.383439413783,3.6682934292437945,0.0,-0.0,1.8097916542770889,836.2195967224225,3.6683138674812477,0.4
5479.63958594347,3.6682930864115537,0.0,-0.0,1.8097916542770889,836.4757432521092,3.6683135864863954,0.4
5480.151879002844,3.668292401526772,0.0,-0.0,1.8097916542770889,836.9880363114835,3.668313025301061,0.4
5481.128435065573,3.668291098930615,0.0,-0.0,1.8097916542770889,837.9645923742128,3.6683119585087263,0.4
5481.190470555814,3.6682910163214926,0.0,-0.0,1.8097916542770889,838.0266278644531,3.668311890872108,0.4
5481.252506046054,3.6682909337282315,0.0,-0.0,1.8097916542770889,838.0886633546934,3.6683118232511305,0.4
5481.3765770265345,3.668290768579748,0.0,-0.0,1.8097916542770889,838.212734335174,3.6683116880560847,0.4
5481.624718987496,3.6682904384742994,0.0,-0.0,1.8097916542770889,838.4608762961352,3.6683114178535257,0.4
5482.121002909418,3.668289778989508,0.0,-0.0,1.8097916542770889,838.9571602180577,3.6683108781977314,0.4
5483.113570753262,3.668288463013626,0.0,-0.0,1.8097916542770889,839.9497280619016,3.668309801876977,0.4
5483.12957724705,3.668288441823965,0.0,-0.0,1.8097916542770889,839.9657345556898,3.6683097845524664,0.4
5483.189611595109,3.6682883623671425,0.0,-0.0,1.8097916542770889,840.0257689037489,3.668309719583941,0.4
5483.249645943169,3.6682882829246606,0.0,-0.0,1.8097916542770889,840.0858032518081,3.668309654629956,0.4
5483.369714639286,3.6682881240754357,0.0,-0.0,1.8097916542770889,840.2058719479255,3.66830952476559,0.4
5483.609852031521,3.6682878065542663,0.0,-0.0,1.8097916542770889,840.4460093401603,3.668309265211188,0.4
5484.090126815991,3.6682871721883705,0.0,-0.0,1.8097916542770889,840.9262841246309,3.6683087467989774,0.4
5485.050676384932,3.668285906243529,0.0,-0.0,1.8097916542770889,841.8868336935711,3.6683077127551127,0.4
5485.130719428527,3.6682858009187678,0.0,-0.0,1.8097916542770889,841.9668767371668,3.6683076267547814,0.4
5485.188752634404,3.668285724578239,0.0,-0.0,1.8097916542770889,842.0249099430439,3.6683075644184395,0.4
5485.2467858402815,3.6682856482512656,0.0,-0.0,1.8097916542770889,842.082943148921,3.6683075020955833,0.4
5485.362852252036,3.6682854956303097,0.0,-0.0,1.8097916542770889,842.1990095606752,3.6683073774903154,0.4
5485.594985075545,3.6682851905529748,0.0,-0.0,1.8097916542770889,842.4311423841846,3.6683071284414757,0.4
5486.059250722564,3.6682845810275566,0.0,-0.0,1.8097916542770889,842.8954080312033,3.6683066309899304,0.4
5486.987782016601,3.6682833645645188,0.0,-0.0,1.8097916542770889,843.8239393252406,3.6683056386661628,0.4
5487.131861610004,3.6682831761149526,0.0,-0.0,1.8097916542770889,843.9680189186438,3.6683054849955687,0.4
5487.1878936737,3.6682831028555327,0.0,-0.0,1.8097916542770889,844.0240509823398,3.668305425255886,0.4
5487.243925737396,3.6682830296096323,0.0,-0.0,1.8097916542770889,844.0800830460357,3.668305365528682,0.4
5487.355989864788,3.6682828831459937,0.0,-0.0,1.8097916542770889,844.1921471734277,3.6683052461116974,0.4
5487.580118119571,3.6682825903747487,0.0,-0.0,1.8097916542770889,844.4162754282106,3.668305007427351,0.4
5488.028374629138,3.6682820054125282,0.0,-0.0,1.8097916542770889,844.8645319377774,3.6683045306565627,0.4
5488.924887648272,3.6682808378875675,0.0,-0.0,1.8097916542770889,845.7610449569111,3.668303579501953,0.4
5489.133003791481,3.668280567314297,0.0,-0.0,1.8097916542770889,845.9691611001208,3.6683033591556167,0.4
5489.187034712995,3.668280497102205,0.0,-0.0,1.8097916542770889,846.0231920216347,3.6683033019774527,0.4
5489.241065634509,3.668280426900747,0.0,-0.0,1.8097916542770889,846.0772229431486,3.6683032448108053,0.4
5489.349127477538,3.6682802865289355,0.0,-0.0,1.8097916542770889,846.1852847861774,3.668303130512051,0.4
5489.565251163595,3.6682800059227905,0.0,-0.0,1.8097916542770889,846.4014084722348,3.6683029020526385,0.4
5489.99749853571,3.6682794452508882,0.0,-0.0,1.8097916542770889,846.8336558443498,3.6683024456856805,0.4
5490.86199327994,3.6682783261239598,0.0,-0.0,1.8097916542770889,847.6981505885797,3.6683015351550874,0.4
5491.134145972958,3.6682779744192597,0.0,-0.0,1.8097916542770889,847.9703032815978,3.6683012491166016,0.4
5491.186175752291,3.668277907219374,0.0,-0.0,1.8097916542770889,848.0223330609306,3.6683011944651938,0.4
5491.238205531624,3.6682778400296976,0.0,-0.0,1.8097916542770889,848.0743628402633,3.6683011398243854,0.4
5491.342265090289,3.6682777056775966,0.0,-0.0,1.8097916542770889,848.1784223989289,3.668301030574561,0.4
5491.5503842076205,3.6682774371028124,0.0,-0.0,1.8097916542770889,848.38654151626,3.668300812202021,0.4
5491.966622442284,3.6682769004489586,0.0,-0.0,1.8097916542770889,848.802779750923,3.6683003759649178,0.4
5492.79909891161,3.668275829185254,0.0,-0.0,1.8097916542770889,849.6352562202492,3.6682995055189442,0.4
5493.135288154435,3.668275397332663,0.0,-0.0,1.8097916542770889,849.9714454630748,3.668299154761078,0.4
5493.185316791587,3.668275333110967,0.0,-0.0,1.8097916542770889,850.0214741002264,3.6682991026020386,0.4
5493.235345428739,3.668275268899027,0.0,-0.0,1.8097916542770889,850.0715027373781,3.6682990504527266,0.4
5493.335402703042,3.6682751404994463,0.0,-0.0,1.8097916542770889,850.1715600116813,3.6682989461832776,0.4
5493.535517251647,3.6682748838191697,0.0,-0.0,1.8097916542770889,850.3716745602869,3.6682987377610305,0.4
5493.935746348859,3.6682743709148045,0.0,-0.0,1.8097916542770889,850.7719036574981,3.6682983213827307,0.4
5494.736204543281,3.66827334698428,0.0,-0.0,1.8097916542770889,851.5723618519205,3.668297490487667,0.4
5495.136430335912,3.6682728359583585,0.0,-0.0,1.8097916542770889,851.9725876445518,3.6682970759724736,0.4
5495.184457830882,3.668272774681557,0.0,-0.0,1.8097916542770889,852.0206151395214,3.668297026271787,0.4
5495.2324853258515,3.668272713413213,0.0,-0.0,1.8097916542770889,852.068642634491,3.6682969765799984,0.4
5495.3285403157915,3.668272590898664,0.0,-0.0,1.8097916542770889,852.164697624431,3.6682968772231104,0.4
5495.520650295672,3.6682723459786404,0.0,-0.0,1.8097916542770889,852.3568076043111,3.668296678616043,0.4
5495.904870255431,3.6682718565568804,0.0,-0.0,1.8097916542770889,852.7410275640705,3.6682962818283906,0.4
5496.67331017495,3.6682708794338286,0.0,-0.0,1.8097916542770889,853.5094674835891,3.6682954899561624,0.4
5497.137572517389,3.6682702901995548,0.0,-0.0,1.8097916542770889,853.9737298260288,3.6682950126350824,0.4
5497.183598870178,3.6682702318333025,0.0,-0.0,1.8097916542770889,854.0197561788173,3.6682949653591006,0.4
5497.229625222966,3.668270173475222,0.0,-0.0,1.8097916542770889,854.0657825316057,3.6682949180912305,0.4
5497.321677928543,3.6682700567787805,0.0,-0.0,1.8097916542770889,854.1578352371826,3.668294823579819,0.4
5497.505783339697,3.668269823486439,0.0,-0.0,1.8097916542770889,854.3419406483363,3.668294634654273,0.4
5497.873994162004,3.6682693572828176,0.0,-0.0,1.8097916542770889,854.7101514706437,3.668294257191979,0.4
5498.610415806619,3.66826842644626,0.0,-0.0,1.8097916542770889,855.4465731152586,3.668293503820093,0.4
5499.138714698866,3.668267759961818,0.0,-0.0,1.8097916542770889,855.9748720075058,3.668292964634059,0.4
5499.182739909474,3.6682677044734886,0.0,-0.0,1.8097916542770889,856.0188972181131,3.6682929197494984,0.4
5499.226765120081,3.668267648992283,0.0,-0.0,1.8097916542770889,856.0629224287204,3.6682928748723045,0.4
5499.314815541295,3.6682675380484415,0.0,-0.0,1.8097916542770889,856.1509728499341,3.6682927851400104,0.4
5499.490916383723,3.6682673162513955,0.0,-0.0,1.8097916542770889,856.3270736923623,3.6682926057637664,0.4
5499.843118068578,3.6682668730041064,0.0,-0.0,1.8097916542770889,856.6792753772179,3.6682922473643824,0.4
5500.54752143829,3.668265987938158,0.0,-0.0,1.8097916542770889,857.383678746929,3.668291531975872,0.4
5501.139856880343,3.6682652451508586,0.0,-0.0,1.8097916542770889,857.9760141889828,3.6682909318554113,0.4
5501.181880948769,3.668265192507665,0.0,-0.0,1.8097916542770889,858.0180382574081,3.668290889329349,0.4
5501.223905017194,3.668265139870377,0.0,-0.0,1.8097916542770889,858.0600623258333,3.6682908468099487,0.4
5501.307953154045,3.668265034613778,0.0,-0.0,1.8097916542770889,858.1441104626847,3.6682907617911304,0.4
5501.476049427747,3.6682648241808367,0.0,-0.0,1.8097916542770889,858.3122067363865,3.6682905918333937,0.4
5501.812241975151,3.6682644036299163,0.0,-0.0,1.8097916542770889,858.6483992837902,3.668290252237284,0.4
5502.484627069959,3.6682635638224643,0.0,-0.0,1.8097916542770889,859.3207843785985,3.6682895743206583,0.4
5503.14099906182,3.668262745673048,0.0,-0.0,1.8097916542770889,859.9771563704599,3.6682889141859945,0.4
5503.1810219880645,3.6682626958418343,0.0,-0.0,1.8097916542770889,860.017179296704,3.6682888739858646,0.4
5503.221044914309,3.6682626460164642,0.0,-0.0,1.8097916542770889,860.057202222948,3.6682888337917325,0.4
5503.301090766797,3.6682625463805616,0.0,-0.0,1.8097916542770889,860.1372480754362,3.6682887534214585,0.4
5503.461182471773,3.6682623471835734,0.0,-0.0,1.8097916542770889,860.2973397804126,3.668288592752846,0.4
5503.781365881725,3.6682619490716983,0.0,-0.0,1.8097916542770889,860.6175231903644,3.6682882717031604,0.4
5504.4217327016295,3.6682611540150267,0.0,-0.0,1.8097916542770889,861.257890010269,3.6682876307523498,0.4
5505.142141243297,3.6682602614344035,0.0,-0.0,1.8097916542770889,861.9782985519369,3.6682869115135044,0.4
5505.18016302736,3.6682602143830145,0.0,-0.0,1.8097916542770889,862.0163203359998,3.668286873607095,0.4
5505.218184811423,3.6682601673374267,0.0,-0.0,1.8097916542770889,862.0543421200628,3.6682868357060583,0.4
5505.294228379548,3.6682600732582102,0.0,-0.0,1.8097916542770889,862.1303856881877,3.668286759920101,0.4
5505.446315515798,3.6682598851677533,0.0,-0.0,1.8097916542770889,862.2824728244377,3.668286608412627,0.4
5505.750489788298,3.6682595092402948,0.0,-0.0,1.8097916542770889,862.5866470969377,3.6682863056552732,0.4
5506.358838333299,3.6682587584317106,0.0,-0.0,1.8097916542770889,863.1949956419385,3.66828570116958,0.4
5507.143283424774,3.668257792343087,0.0,-0.0,1.8097916542770889,863.9794407334139,3.6682849237264725,0.4
5507.179304066655,3.6682577480398333,0.0,-0.0,1.8097916542770889,864.0154613752948,3.6682848880819217,0.4
5507.215324708536,3.6682577037411335,0.0,-0.0,1.8097916542770889,864.0514820171757,3.6682848524421567,0.4
5507.287365992298,3.668257615155566,0.0,-0.0,1.8097916542770889,864.1235233009374,3.6682847811769848,0.4
5507.4314485598225,3.668257438043775,0.0,-0.0,1.8097916542770889,864.2676058684619,3.668284638704048,0.4
5507.7196136948705,3.6682570840476885,0.0,-0.0,1.8097916542770889,864.55577100351,3.668284353987666,0.4
5508.295943964968,3.6682563769887135,0.0,-0.0,1.8097916542770889,865.1321012736071,3.6682837854717127,0.4
5509.144425606251,3.6682553383061536,0.0,-0.0,1.8097916542770889,865.9805829148909,3.6682829507142576,0.4
5509.178445105951,3.668255296718844,0.0,-0.0,1.8097916542770889,866.0146024145906,3.66828291730005,0.4
5509.212464605651,3.6682552551354206,0.0,-0.0,1.8097916542770889,866.0486219142904,3.6682828838900803,0.4
5509.28050360505,3.6682551719802845,0.0,-0.0,1.8097916542770889,866.1166609136899,3.668282817082852,0.4
5509.4165816038485,3.6682550057220475,0.0,-0.0,1.8097916542770889,866.252738912488,3.668282683519223,0.4
5509.688737601446,3.66825467340656,0.0,-0.0,1.8097916542770889,866.5248949100851,3.6682824165951575,0.4
5510.233049596639,3.668254009602695,0.0,-0.0,1.8097916542770889,867.0692069052784,3.6682818835588336,0.4
5511.145567787728,3.668252899229947,0.0,-0.0,1.8097916542770889,867.9817250963679,3.6682809923670416,0.4
5511.177586145246,3.668252860327459,0.0,-0.0,1.8097916542770889,868.0137434538856,3.668280961152006,0.4
5511.209604502764,3.668252821428733,0.0,-0.0,1.8097916542770889,868.0457618114033,3.6682809299406967,0.4
5511.2736412178,3.6682527436402186,0.0,-0.0,1.8097916542770889,868.1097985264396,3.668280867529254,0.4
5511.401714647873,3.668252588110394,0.0,-0.0,1.8097916542770889,868.2378719565122,3.668280742751059,0.4
5511.657861508018,3.668252277227321,0.0,-0.0,1.8097916542770889,868.4940188166574,3.6682804933733344,0.4
5512.1701552283075,3.668251656189023,0.0,-0.0,1.8097916542770889,869.006312536947,3.6682799953317495,0.4
5513.146709969205,3.6682504750255074,0.0,-0.0,1.8097916542770889,869.9828672778449,3.668279048575823,0.4
5513.176727184542,3.6682504387764494,0.0,-0.0,1.8097916542770889,870.0128844931814,3.668279019529128,0.4
5513.2067443998785,3.6682504025307203,0.0,-0.0,1.8097916542770889,870.042901708518,3.6682789904856836,0.4
5513.266778830552,3.668250330047435,0.0,-0.0,1.8097916542770889,870.1029361391911,3.668278932408544,0.4
5513.386847691898,3.668250185121676,0.0,-0.0,1.8097916542770889,870.2230050005373,3.6682788162932543,0.4
5513.626985414591,3.668249895424532,0.0,-0.0,1.8097916542770889,870.4631427232307,3.668278584218548,0.4
5514.107260859977,3.6682493166664267,0.0,-0.0,1.8097916542770889,870.9434181686165,3.6682781206919794,0.4
5515.06781175075,3.6682481616902063,0.0,-0.0,1.8097916542770889,871.903969059389,3.668277196125018,0.4
5515.147852150682,3.668248065601877,0.0,-0.0,1.8097916542770889,871.9840094593219,3.6682771192324095,0.4
5515.175868223838,3.6682480319758506,0.0,-0.0,1.8097916542770889,872.0120255324773,3.66827709232356,0.4
5515.203884296993,3.6682479983525282,0.0,-0.0,1.8097916542770889,872.0400416056327,3.6682770654175214,0.4
5515.259916443303,3.668247931112663,0.0,-0.0,1.8097916542770889,872.0960737519426,3.6682770116138737,0.4
5515.371980735924,3.6682477966679783,0.0,-0.0,1.8097916542770889,872.2081380445634,3.6682769040402907,0.4
5515.596109321165,3.668247527912927,0.0,-0.0,1.8097916542770889,872.4322666298049,3.6682766890279086,0.4
5516.044366491647,3.668246990953767,0.0,-0.0,1.8097916542770889,872.8805238002869,3.668276259541752,0.4
5516.9408808326125,3.668245919235436,0.0,-0.0,1.8097916542770889,873.777038141252,3.6682754027196767,0.4
5517.148994332159,3.668245670870345,0.0,-0.0,1.8097916542770889,873.9851516407989,3.6682752042294138,0.4
5517.175009263133,3.668245639836024,0.0,-0.0,1.8097916542770889,874.0111665717723,3.6682751794282487,0.4
5517.201024194106,3.6682456088042104,0.0,-0.0,1.8097916542770889,874.0371815027456,3.6682751546294887,0.4
5517.253054056054,3.668245546746724,0.0,-0.0,1.8097916542770889,874.0892113646933,3.6682751050391844,0.4
5517.357113779948,3.6682454226618075,0.0,-0.0,1.8097916542770889,874.1932710885876,3.6682750058874287,0.4
5517.565233227738,3.6682451746067364,0.0,-0.0,1.8097916542770889,874.4013905363772,3.6682748076992775,0.4
5517.981472123317,3.668244678969812,0.0,-0.0,1.8097916542770889,874.8176294319564,3.6682744117839996,0.4
5518.8139499144745,3.6682436895811135,0.0,-0.0,1.8097916542770889,875.650107223114,3.668273621794208,0.4
5519.150136513636,3.6682432907402425,0.0,-0.0,1.8097916542770889,875.9862938222759,3.6682733034602464,0.4
5519.174150302429,3.6682432622678225,0.0,-0.0,1.8097916542770889,876.0103076110681,3.6682732807369343,0.4
5519.198164091221,3.6682432337975754,0.0,-0.0,1.8097916542770889,876.0343213998603,3.6682732580156565,0.4
5519.246191668805,3.668243176862052,0.0,-0.0,1.8097916542770889,876.0823489774448,3.6682732125792032,0.4
5519.342246823974,3.66824306301626,0.0,-0.0,1.8097916542770889,876.1784041326137,3.6682731217306994,0.4
5519.534357134312,3.668242835421995,0.0,-0.0,1.8097916542770889,876.3705144429514,3.6682729401312635,0.4
5519.918577754987,3.668242380633997,0.0,-0.0,1.8097916542770889,876.7547350636269,3.6682725773223517,0.4
5520.687018996337,3.6682414726542065,0.0,-0.0,1.8097916542770889,877.5231763049769,3.668271853261767,0.4
5521.151278695113,3.668240925123586,0.0,-0.0,1.8097916542770889,877.9874360037529,3.66827141681911,0.4
5521.1732913417245,3.6682408991833384,0.0,-0.0,1.8097916542770889,878.009448650364,3.6682713961441467,0.4
5521.195303988336,3.6682408732440006,0.0,-0.0,1.8097916542770889,878.0314612969751,3.66827137547088,0.4
5521.239329281557,3.6682408213711057,0.0,-0.0,1.8097916542770889,878.0754865901963,3.668271334129436,0.4
5521.327379867999,3.668240717644424,0.0,-0.0,1.8097916542770889,878.1635371766388,3.668271251466902,0.4
5521.503481040885,3.668240510273108,0.0,-0.0,1.8097916542770889,878.3396383495246,3.6682710862232173,0.4
5521.855683386657,3.668240095865295,0.0,-0.0,1.8097916542770889,878.6918406952964,3.668270756061133,0.4
5522.5600880782,3.668239268383946,0.0,-0.0,1.8097916542770889,879.3962453868398,3.668270097036113,0.4
5523.15242087659,3.6682385739328347,0.0,-0.0,1.8097916542770889,879.9885781852299,3.668269544200994,0.4
5523.1724323810195,3.668238550493979,0.0,-0.0,1.8097916542770889,880.008589689659,3.668269525545199,0.4
5523.1924438854485,3.668238527056423,0.0,-0.0,1.8097916542770889,880.028601194088,3.668269506890795,0.4
5523.232466894307,3.6682384801854857,0.0,-0.0,1.8097916542770889,880.0686242029469,3.6682694695861633,0.4
5523.312512912024,3.6682383864603176,0.0,-0.0,1.8097916542770889,880.1486702206639,3.668269394993596,0.4
5523.472604947458,3.668238199076731,0.0,-0.0,1.8097916542770889,880.3087622560979,3.668269245875226,0.4
5523.792789018326,3.6682378245847156,0.0,-0.0,1.8097916542770889,880.6289463269659,3.668268947905355,0.4
5524.433157160062,3.668237076696634,0.0,-0.0,1.8097916542770889,881.2693144687019,3.668268353031607,0.4
5525.153563058067,3.6682362370790065,0.0,-0.0,1.8097916542770889,881.9897203667069,3.668267685501668,0.4
5525.171573420315,3.668236216112909,0.0,-0.0,1.8097916542770889,882.0077307289548,3.668267668836181,0.4
5525.189583782563,3.6682361951476317,0.0,-0.0,1.8097916542770889,882.0257410912027,3.6682676521718127,0.4
5525.225604507059,3.668236153219459,0.0,-0.0,1.8097916542770889,882.0617618156984,3.6682676188464325,0.4
5525.2976459560505,3.6682360693785037,0.0,-0.0,1.8097916542770889,882.13380326469,3.6682675522090973,0.4
5525.441728854033,3.6682359017490818,0.0,-0.0,1.8097916542770889,882.2778861626721,3.6682674189881066,0.4
5525.729894649997,3.668235566712631,0.0,-0.0,1.8097916542770889,882.5660519586363,3.6682671527607136,0.4
5526.306226241925,3.6682348975214323,0.0,-0.0,1.8097916542770889,883.1423835505648,3.668266621163204,0.4
5527.1547052395445,3.6682339144766045,0.0,-0.0,1.8097916542770889,883.9908625481839,3.6682658406176767,0.4
5527.170714459611,3.6682338959527536,0.0,-0.0,1.8097916542770889,884.0068717682507,3.668265825913955,0.4
5527.186723679678,3.6682338774303926,0.0,-0.0,1.8097916542770889,884.0228809883174,3.6682658112111106,0.4
5527.2187421198105,3.6682338403873085,0.0,-0.0,1.8097916542770889,884.05489942845,3.668265781808054,0.4
5527.282779000076,3.6682337663138918,0.0,-0.0,1.8097916542770889,884.1189363087151,3.66826572301247,0.4
5527.410852760606,3.668233618207972,0.0,-0.0,1.8097916542770889,884.2470100692453,3.668265605463403,0.4
5527.667000281666,3.668233322169681,0.0,-0.0,1.8097916542770889,884.5031575903058,3.6682653705335837,0.4
5528.179295323788,3.6682327307875418,0.0,-0.0,1.8097916542770889,885.0154526324277,3.6682649013464528,0.4
5529.1558474210215,3.6682316060363993,0.0,-0.0,1.8097916542770889,885.992004729661,3.6682640094463337,0.4
5529.169855498906,3.668231589927752,0.0,-0.0,1.8097916542770889,886.0060128075456,3.6682639966761483,0.4
5529.183863576791,3.6682315738191527,0.0,-0.0,1.8097916542770889,886.0200208854303,3.66826398390663,0.4
5529.21187973256,3.6682315416041007,0.0,-0.0,1.8097916542770889,886.0480370411997,3.668263958369594,0.4
5529.2679120441,3.6682314771817524,0.0,-0.0,1.8097916542770889,886.1040693527393,3.6682639073035226,0.4
5529.379976667178,3.668231348369888,0.0,-0.0,1.8097916542770889,886.2161339758177,3.6682638052033774,0.4
5529.604105913335,3.6682310908785087,0.0,-0.0,1.8097916542770889,886.4402632219744,3.668263601131013,0.4
5530.052364405649,3.668230576423521,0.0,-0.0,1.8097916542770889,886.8885217142888,3.6682631934974883,0.4
5530.948881390278,3.668229549624041,0.0,-0.0,1.8097916542770889,887.7850386989176,3.668262380271277,0.4
5531.1569896024985,3.668229311675686,0.0,-0.0,1.8097916542770889,887.993146911138,3.668262191885715,0.4
5531.168996538202,3.6682292979521467,0.0,-0.0,1.8097916542770889,888.0051538468415,3.668262181021149,0.4
5531.181003473906,3.668229284229005,0.0,-0.0,1.8097916542770889,888.017160782545,3.6682621701570697,0.4
5531.205017345313,3.66822925678395,0.0,-0.0,1.8097916542770889,888.0411746539521,3.6682621484303692,0.4
5531.253045088126,3.6682292018995866,0.0,-0.0,1.8097916542770889,888.0892023967654,3.668262104982804,0.4
5531.349100573752,3.66822909215471,0.0,-0.0,1.8097916542770889,888.1852578823919,3.6682620181110086,0.4
5531.541211545006,3.668228872761457,0.0,-0.0,1.8097916542770889,888.3773688536457,3.6682618444607185,0.4
5531.925433487513,3.6682284343596496,0.0,-0.0,1.8097916542770889,888.7615907961526,3.66826149753303,0.4
5532.693877372527,3.66822755909972,0.0,-0.0,1.8097916542770889,889.5300346811664,3.6682608051667316,0.4
5533.1581317839755,3.668227031308122,0.0,-0.0,1.8097916542770889,889.994289092615,3.668260387834655,0.4
5533.168137577497,3.6682270199412614,0.0,-0.0,1.8097916542770889,890.0042948861364,3.6682603788480996,0.4
5533.178143371018,3.668227008574741,0.0,-0.0,1.8097916542770889,890.0143006796579,3.668260369861879,0.4
5533.198154958062,3.668226985843214,0.0,-0.0,1.8097916542770889,890.0343122667018,3.668260351890444,0.4
5533.23817813215,3.668226940383292,0.0,-0.0,1.8097916542770889,890.0743354407896,3.668260315951595,0.4
5533.318224480325,3.668226849479892,0.0,-0.0,1.8097916542770889,890.1543817889642,3.668260244089984,0.4
5533.478317176675,3.6682266677403232,0.0,-0.0,1.8097916542770889,890.3144744853143,3.6682601004310813,0.4
5533.798502569374,3.6682263045272188,0.0,-0.0,1.8097916542770889,890.6346598780137,3.6682598133703763,0.4
5534.438873354774,3.668225579166209,0.0,-0.0,1.8097916542770889,891.2750306634134,3.6682592402759364,0.4
5535.1592739654525,3.66822476484841,0.0,-0.0,1.8097916542770889,891.995431274092,3.6682585971927404,0.4
5535.167278616793,3.6682247558101913,0.0,-0.0,1.8097916542770889,892.0034359254323,3.6682585900568907,0.4
5535.175283268133,3.6682247467725446,0.0,-0.0,1.8097916542770889,892.0114405767727,3.668258582921254,0.4
5535.191292570814,3.668224728697428,0.0,-0.0,1.8097916542770889,892.0274498794533,3.6682585686506193,0.4
5535.223311176175,3.668224692550323,0.0,-0.0,1.8097916542770889,892.0594684848147,3.668258540111905,0.4
5535.287348386898,3.668224620265814,0.0,-0.0,1.8097916542770889,892.1235056955375,3.668258483044696,0.4
5535.415422808344,3.6682244757392297,0.0,-0.0,1.8097916542770889,892.2515801169839,3.668258368951142,0.4
5535.671571651237,3.668224186855477,0.0,-0.0,1.8097916542770889,892.5077289598767,3.668258140927401,0.4
5536.183869337022,3.668223609766205,0.0,-0.0,1.8097916542770889,893.0200266456613,3.6682576855326614,0.4
5537.1604161469295,3.668222512211254,0.0,-0.0,1.8097916542770889,893.996573455569,3.6682568198603036,0.4
5537.166419656089,3.668222505474378,0.0,-0.0,1.8097916542770889,894.0025769647282,3.6682568145481578,0.4
5537.172423165248,3.668222498737208,0.0,-0.0,1.8097916542770889,894.0085804738874,3.6682568092361305,0.4
5537.184430183565,3.6682224852634313,0.0,-0.0,1.8097916542770889,894.0205874922049,3.6682567986124335,0.4
5537.208444220201,3.668222458317003,0.0,-0.0,1.8097916542770889,894.0446015288408,3.6682567773664654,0.4
5537.256472293472,3.668222404430013,0.0,-0.0,1.8097916542770889,894.0926296021116,3.6682567348802357,0.4
5537.352528440015,3.668222296679984,0.0,-0.0,1.8097916542770889,894.1886857486543,3.6682566499305946,0.4
5537.5446407331,3.668222081274711,0.0,-0.0,1.8097916542770889,894.3807980417396,3.66825648012255,0.4
5537.928865319271,3.668221650844,0.0,-0.0,1.8097916542770889,894.7650226279102,3.6682561408711045,0.4
5538.697314491611,3.6682207914958918,0.0,-0.0,1.8097916542770889,895.5334718002505,3.6682554638243534,0.4
5539.1615583284065,3.6682202733148914,0.0,-0.0,1.8097916542770889,895.997715637046,3.6682550557384173,0.4
5539.165560695384,3.668220268851065,0.0,-0.0,1.8097916542770889,896.0017180040231,3.668255052223272,0.4
5539.169563062361,3.6682202643865605,0.0,-0.0,1.8097916542770889,896.0057203710003,3.6682550487081795,0.4
5539.177567796316,3.6682202554593912,0.0,-0.0,1.8097916542770889,896.0137251049555,3.6682550416781514,0.4
5539.1935772642255,3.668220237603883,0.0,-0.0,1.8097916542770889,896.029734572865,3.668255027618725,0.4
5539.225596200045,3.668220201897131,0.0,-0.0,1.8097916542770889,896.0617535086849,3.668254999502389,0.4
5539.289634071684,3.6682201304981077,0.0,-0.0,1.8097916542770889,896.1257913803238,3.6682549432797846,0.4
5539.417709814962,3.6682199877555437,0.0,-0.0,1.8097916542770889,896.2538671236016,3.6682548308748366,0.4
5539.673861301518,3.6682197024938077,0.0,-0.0,1.8097916542770889,896.5100186101572,3.6682546062258914,0.4
5540.186164274629,3.668219132863371,0.0,-0.0,1.8097916542770889,897.0223215832684,3.6682541575710887,0.4
5541.1627005098835,3.6682180502840205,0.0,-0.0,1.8097916542770889,897.998857818523,3.668253304728891,0.4
5541.1647017346795,3.6682180480652704,0.0,-0.0,1.8097916542770889,898.000859043319,3.66825330298434,0.4
5541.1667029594755,3.668218045847098,0.0,-0.0,1.8097916542770889,898.002860268115,3.668253301239801,0.4
5541.1707054090675,3.668218041409797,0.0,-0.0,1.8097916542770889,898.006862717707,3.6682532977507636,0.4
5541.1787103082515,3.668218032536309,0.0,-0.0,1.8097916542770889,898.014867616891,3.6682532907728445,0.4
5541.19472010662,3.6682180147897876,0.0,-0.0,1.8097916542770889,898.030877415259,3.6682532768176306,0.4
5541.226739703355,3.668217979299819,0.0,-0.0,1.8097916542770889,898.0628970119942,3.6682532489097013,0.4
5541.290778896825,3.6682179083343094,0.0,-0.0,1.8097916542770889,898.1269362054645,3.668253193103837,0.4
5541.418857283767,3.668217766458504,0.0,-0.0,1.8097916542770889,898.255014592406,3.6682530815320704,0.4
5541.675014057649,3.6682174829298044,0.0,-0.0,1.8097916542770889,898.5111713662882,3.6682528585482994,0.4
5542.187327605413,3.6682169167590333,0.0,-0.0,1.8097916542770889,899.0234849140525,3.668252413219091,0.4
5543.1638426913605,3.668215840800843,0.0,-0.0,1.8097916542770889,900.0,3.668251566734263,0.4
6801.974579148221,3.8413184590392424,0.0,-0.0,2.7081253291074576,2.2288151111806656,3.8407193500344428,0.6
6802.6404649591495,3.8409342047474606,0.0,-0.0,2.7081253291074576,2.894700922109223,3.8404516446511754,0.6
6803.309666768695,3.840569712328001,0.0,-0.0,2.7081253291074576,3.563902731654707,3.8401887193951687,0.6
6803.403166728246,3.840520670142311,0.0,-0.0,2.7081253291074576,3.657402691205789,3.8401524633351865,0.6
6803.496666687797,3.8404719885653895,0.0,-0.0,2.7081253291074576,3.7509026507568706,3.84011632361425,0.6
6803.683666606898,3.8403754853042162,0.0,-0.0,2.7081253291074576,3.9379025698581245,3.840044391600475,0.6
6804.057666445102,3.840186697794545,0.0,-0.0,2.7081253291074576,4.311902408061542,3.8399019062383175,0.6
6804.805666121509,3.8398237389591934,0.0,-0.0,2.7081253291074576,5.059902084468376,3.8396223629312476,0.6
6805.310640200098,3.8395895747311206,0.0,-0.0,2.7081253291074576,5.564876163057306,3.839437654793955,0.6
6805.412794583773,3.8395434142766423,0.0,-0.0,2.7081253291074576,5.667030546732349,3.8394006757666777,0.6
6805.514948967448,3.839497576272387,0.0,-0.0,2.7081253291074576,5.769184930407391,3.8393638257624576,0.6
6805.719257734797,3.8394066714619957,0.0,-0.0,2.7081253291074576,5.973493697756567,3.8392905108991005,0.6
6806.127875269496,3.8392286568545715,0.0,-0.0,2.7081253291074576,6.382111232455827,3.839145408384965,0.6
6806.945110338895,3.838885910045036,0.0,-0.0,2.7081253291074576,7.199346301854348,3.838861206759882,0.6
6807.3116136315,3.838737958367653,0.0,-0.0,2.7081253291074576,7.565849594459905,3.8387363014190505,0.6
6807.422181054441,3.8386941643436545,0.0,-0.0,2.7081253291074576,7.676417017401036,3.838698924886486,0.6
6807.5327484773825,3.838650668072674,0.0,-0.0,2.7081253291074576,7.786984440342167,3.838661688789418,0.6
6807.753883323265,3.8385643879666045,0.0,-0.0,2.7081253291074576,8.008119286224428,3.838587635636619,0.6
6808.196153015029,3.838395338010394,0.0,-0.0,2.7081253291074576,8.45038897798895,3.8384411897687722,0.6
6809.080692398557,3.838069574769649,0.0,-0.0,2.7081253291074576,9.334928361517086,3.838154815865443,0.6
6809.312587062903,3.8379869231494292,0.0,-0.0,2.7081253291074576,9.566823025862504,3.8380811495771954,0.6
6809.431765200952,3.8379450281077796,0.0,-0.0,2.7081253291074576,9.686001163911897,3.838043514671903,0.6
6809.550943339002,3.8379034133329806,0.0,-0.0,2.7081253291074576,9.805179301961289,3.8380060313660174,0.6
6809.7892996150995,3.8378208547525485,0.0,-0.0,2.7081253291074576,10.043535578059164,3.83793151691878,0.6
6810.266012167296,3.837659045299942,0.0,-0.0,2.7081253291074576,10.520248130255823,3.8377842784076033,0.6
6811.219437271689,3.83734707874672,0.0,-0.0,2.7081253291074576,11.473673234648231,3.8374968191000702,0.6
6811.313560494305,3.837317139448194,0.0,-0.0,2.7081253291074576,11.567796457265104,3.837468938899293,0.6
6811.441744780644,3.8372767510329444,0.0,-0.0,2.7081253291074576,11.695980743603286,3.8374311113938058,0.6
6811.569929066982,3.8372366306556773,0.0,-0.0,2.7081253291074576,11.824165029941469,3.8373934468427606,0.6
6811.826297639659,3.837157031839144,0.0,-0.0,2.7081253291074576,12.080533602618743,3.8373186035615263,0.6
6812.339034785013,3.837000999767551,0.0,-0.0,2.7081253291074576,12.593270747972383,3.8371708391850685,0.6
6813.314533925708,3.8367144417914805,0.0,-0.0,2.7081253291074576,13.568769888667703,3.836896640618681,0.6
6813.45219544442,3.836675248796842,0.0,-0.0,2.7081253291074576,13.706431407379569,3.83685866289514,0.6
6813.589856963132,3.836636315589065,0.0,-0.0,2.7081253291074576,13.844092926091434,3.836820859803888,0.6
6813.865180000556,3.8365590715132933,0.0,-0.0,2.7081253291074576,14.119415963516076,3.8367457740196342,0.6
6814.415826075405,3.83640765287955,0.0,-0.0,2.7081253291074576,14.670062038364449,3.836597659800529,0.6
6815.315507357111,3.8361680809083794,0.0,-0.0,2.7081253291074576,15.569743320070302,3.836361441109116,0.6
6815.463256896484,3.836129812365211,0.0,-0.0,2.7081253291074576,15.717492859444064,3.836323320557323,0.6
6815.611006435858,3.8360917988114718,0.0,-0.0,2.7081253291074576,15.865242398817827,3.836285386929088,0.6
6815.906505514605,3.8360163826595395,0.0,-0.0,2.7081253291074576,16.160741477564443,3.8362100764276184,0.6
6816.497503672098,3.8358685640290555,0.0,-0.0,2.7081253291074576,16.751739635057675,3.836061654638727,0.6
6817.316480788513,3.8356696519661426,0.0,-0.0,2.7081253291074576,17.5707167514729,3.835860726592916,0.6
6817.474940942144,3.8356320988948704,0.0,-0.0,2.7081253291074576,17.729176905103486,3.835822474715769,0.6
6817.633401095774,3.835594798714819,0.0,-0.0,2.7081253291074576,17.88763705873407,3.8357844226291613,0.6
6817.9503214030365,3.8355208043446853,0.0,-0.0,2.7081253291074576,18.204557365996152,3.835708913228746,0.6
6818.58416201756,3.835375804855706,0.0,-0.0,2.7081253291074576,18.838397980519403,3.8355602417002825,0.6
6819.317454219916,3.8352125198167837,0.0,-0.0,2.7081253291074576,19.5716901828755,3.835392068936094,0.6
6819.487309679051,3.835175507863238,0.0,-0.0,2.7081253291074576,19.74154564201035,3.835353688971863,0.6
6819.6571651381855,3.8351387489904663,0.0,-0.0,2.7081253291074576,19.911401101145202,3.835315522325833,0.6
6819.996876056454,3.8350658377994007,0.0,-0.0,2.7081253291074576,20.251112019413995,3.8352398237304635,0.6
6820.676297892993,3.834923007193808,0.0,-0.0,2.7081253291074576,20.93053385595249,3.8350909289778254,0.6
6821.318427651318,3.8347913068050783,0.0,-0.0,2.7081253291074576,21.5726636142781,3.834953212453213,0.6
6821.500365580609,3.834754700539145,0.0,-0.0,2.7081253291074576,21.754601543568242,3.834914713936733,0.6
6821.682303509899,3.8347183494834907,0.0,-0.0,2.7081253291074576,21.936539472858385,3.8348764428577695,0.6
6822.046179368479,3.8346462589162233,0.0,-0.0,2.7081253291074576,22.30041533143867,3.8348005770142577,0.6
6822.77393108564,3.8345050939120773,0.0,-0.0,2.7081253291074576,23.028167048599244,3.83465150915567,0.6
6823.31940108272,3.834401642583485,0.0,-0.0,2.7081253291074576,23.57363704567979,3.8345420616501835,0.6
6823.514166385844,3.834365325774452,0.0,-0.0,2.7081253291074576,23.768402348803647,3.8345034479083067,0.6
6823.708931688968,3.8343292679687657,0.0,-0.0,2.7081253291074576,23.963167651927506,3.8344650763801957,0.6
6824.0984622952155,3.8342577729083747,0.0,-0.0,2.7081253291074576,24.352698258175224,3.8343890531350517,0.6
6824.87752350771,3.834117842777486,0.0,-0.0,2.7081253291074576,25.13175947066975,3.834239838756961,0.6
6825.320374514123,3.834039900913167,0.0,-0.0,2.7081253291074576,25.574610477082388,3.834156669838334,0.6
6825.528723091617,3.8340037806539637,0.0,-0.0,2.7081253291074576,25.782959054577077,3.8341179480438274,0.6
6825.737071669112,3.833967924588355,0.0,-0.0,2.7081253291074576,25.991307632071766,3.8340794838408794,0.6
6826.153768824101,3.8338968454209024,0.0,-0.0,2.7081253291074576,26.408004787060236,3.83400332044886,0.6
6826.987163134078,3.83375780738457,0.0,-0.0,2.7081253291074576,27.241399097038084,3.833854000220011,0.6
6827.321347945525,3.8337031013168628,0.0,-0.0,2.7081253291074576,27.575583908484987,3.833795228557828,0.6
6827.544296286857,3.833667061944232,0.0,-0.0,2.7081253291074576,27.79853224981707,3.8337563653411344,0.6
6827.7672446281895,3.8336312938626973,0.0,-0.0,2.7081253291074576,28.021480591149157,3.8337177762481325,0.6
6828.213141310854,3.8335604074228726,0.0,-0.0,2.7081253291074576,28.467377273813327,3.833641411607355,0.6
6829.104934676181,3.8334218364575094,0.0,-0.0,2.7081253291074576,29.359170639140757,3.8334918757292793,0.6
6829.322321376928,3.8333886361096905,0.0,-0.0,2.7081253291074576,29.576557339887586,3.833456057752887,0.6
6829.560664607946,3.833352619401236,0.0,-0.0,2.7081253291074576,29.814900570905593,3.83341706756711,0.6
6829.799007838964,3.833316882123256,0.0,-0.0,2.7081253291074576,30.0532438019236,3.833378368553168,0.6
6830.275694301,3.8332460765883614,0.0,-0.0,2.7081253291074576,30.529930263959614,3.8333018340329112,0.6
6831.229067225071,3.8331077611802202,0.0,-0.0,2.7081253291074576,31.48330318803073,3.8331521501832833,0.6
6831.3232948083305,3.83309430287272,0.0,-0.0,2.7081253291074576,31.577530771290185,3.8331375966453836,0.6
6831.577970491045,3.833058243048313,0.0,-0.0,2.7081253291074576,31.832206454004336,3.833098474953556,0.6
6831.832646173759,3.833022472034016,0.0,-0.0,2.7081253291074576,32.086882136718486,3.8330596622502138,0.6
6832.341997539186,3.8329516212406567,0.0,-0.0,2.7081253291074576,32.59623350214588,3.8329829524781287,0.6
6833.324268239733,3.8328181727698567,0.0,-0.0,2.7081253291074576,33.578504202692784,3.832838395257163,0.6
6833.597402739639,3.832781861138341,0.0,-0.0,2.7081253291074576,33.85163870259839,3.832798972353048,0.6
6833.870537239544,3.832745851363689,0.0,-0.0,2.7081253291074576,34.124773202504,3.8327598797771345,0.6
6834.416806239355,3.8326745539348708,0.0,-0.0,2.7081253291074576,34.67104220231431,3.832682672639896,0.6
6835.325241671136,3.8325585380347076,0.0,-0.0,2.7081253291074576,35.57947763409538,3.832557106534978,0.6
6835.616303140903,3.832522134929963,0.0,-0.0,2.7081253291074576,35.87053910386294,3.8325176068652262,0.6
6835.907364610671,3.83248604440374,0.0,-0.0,2.7081253291074576,36.161600573630494,3.8324784558801923,0.6
6836.489487550206,3.8324146107969974,0.0,-0.0,2.7081253291074576,36.743723513165605,3.8324011853998208,0.6
6837.326215102538,3.832313934098496,0.0,-0.0,2.7081253291074576,37.58045106549798,3.832292479035203,0.6
6837.635987360719,3.8322774209426784,0.0,-0.0,2.7081253291074576,37.89022332367858,3.832252925372044,0.6
6837.9457596188995,3.832241231630233,0.0,-0.0,2.7081253291074576,38.199995581859184,3.8322137388618924,0.6
6838.56530413526,3.8321696269928696,0.0,-0.0,2.7081253291074576,38.81954009821948,3.8321364510084464,0.6
6839.327188533941,3.832083178169941,0.0,-0.0,2.7081253291074576,39.58142449690058,3.8320433501285334,0.6
6839.657287582275,3.832046447814357,0.0,-0.0,2.7081253291074576,39.91152354523456,3.8320036647744877,0.6
6839.987386630609,3.832010054694273,0.0,-0.0,2.7081253291074576,40.241622593568536,3.8319643670050394,0.6
6840.647584727277,3.831938074038635,0.0,-0.0,2.7081253291074576,40.90182069023649,3.831886915928223,0.6
6841.3281619653435,3.8318651281846328,0.0,-0.0,2.7081253291074576,41.58239792830318,3.8318086396877105,0.6
6841.679637382124,3.831828151025186,0.0,-0.0,2.7081253291074576,41.933873345084066,3.8317688247577903,0.6
6842.031112798905,3.8317915253443795,0.0,-0.0,2.7081253291074576,42.28534876186495,3.831729418347519,0.6
6842.734063632468,3.83171908320299,0.0,-0.0,2.7081253291074576,42.988299595427634,3.831651810600183,0.6
6843.329135396746,3.8316587204657364,0.0,-0.0,2.7081253291074576,43.58337135970578,3.8315873442239394,0.6
6843.703080656184,3.83162146915864,0.0,-0.0,2.7081253291074576,43.95731661914397,3.8315473994353844,0.6
6844.0770259156225,3.8315845843910825,0.0,-0.0,2.7081253291074576,44.331261878582154,3.8315078845946764,0.6
6844.824916434499,3.83151165816035,0.0,-0.0,2.7081253291074576,45.07915239745853,3.831430121868655,0.6
6845.330108828149,3.8314630978264024,0.0,-0.0,2.7081253291074576,45.58434479110838,3.8313785314400994,0.6
6845.727607472483,3.8314255505737886,0.0,-0.0,2.7081253291074576,45.9818434354429,3.831338459710205,0.6
6846.125106116818,3.831388385647376,0.0,-0.0,2.7081253291074576,46.379342079777416,3.8312988397143015,0.6
6846.920103405487,3.8313149347611772,0.0,-0.0,2.7081253291074576,47.174339368446454,3.8312209294216526,0.6
6847.331082259551,3.831277459409158,0.0,-0.0,2.7081253291074576,47.58531822251098,3.8311813351711246,0.6
6847.753593941445,3.831239564913417,0.0,-0.0,2.7081253291074576,48.00782990440439,3.8311411050381823,0.6
6848.176105623338,3.831202069878876,0.0,-0.0,2.7081253291074576,48.4303415862978,3.831101349511475,0.6
6849.021128987124,3.8311279974266843,0.0,-0.0,2.7081253291074576,49.27536495008371,3.8310232338677186,0.6
6849.332055690954,3.831101063866579,0.0,-0.0,2.7081253291074576,49.58629165391358,3.830994950684033,0.6
6849.7807764696445,3.8310628013331938,0.0,-0.0,2.7081253291074576,50.03501243260416,3.830954560696862,0.6
6850.229497248335,3.831024956149654,0.0,-0.0,2.7081253291074576,50.48373321129475,3.830914668554009,0.6
6851.126938805717,3.8309502236819775,0.0,-0.0,2.7081253291074576,51.38117476867683,3.8308363462365986,0.6
6851.3330291223565,3.8309332435305787,0.0,-0.0,2.7081253291074576,51.587265085316176,3.8308186303120357,0.6
6851.809288831913,3.830894584974614,0.0,-0.0,2.7081253291074576,52.06352479487305,3.830778068955118,0.6
6852.28554854147,3.8308563625782828,0.0,-0.0,2.7081253291074576,52.53978450442992,3.8307380292211484,0.6
6853.238067960583,3.8307809179593875,0.0,-0.0,2.7081253291074576,53.49230392354275,3.8306594796190434,0.6
6853.334002553759,3.8307733908633335,0.0,-0.0,2.7081253291074576,53.588238516718775,3.830651679398986,0.6
6853.839156628285,3.8307343106851643,0.0,-0.0,2.7081253291074576,54.09339259124499,3.8306109355466247,0.6
6854.3443107028115,3.8306956863598525,0.0,-0.0,2.7081253291074576,54.59854666577121,3.830570737566541,0.6
6855.334975985162,3.830620946319752,0.0,-0.0,2.7081253291074576,55.589211948121374,3.8304934525320995,0.6
6855.8707952491,3.8305813925216134,0.0,-0.0,2.7081253291074576,56.125031212060094,3.830452485525419,0.6
6856.406614513039,3.830542315793944,0.0,-0.0,2.7081253291074576,56.660850475998814,3.830412089864423,0.6
6857.335949416564,3.8304753785138574,0.0,-0.0,2.7081253291074576,57.59018537952397,3.8303433500424604,0.6
6857.903183313724,3.8304353778713978,0.0,-0.0,2.7081253291074576,58.15741927668387,3.830302198970582,0.6
6858.470417210884,3.8303958751749665,0.0,-0.0,2.7081253291074576,58.72465317384376,3.8302616436580497,0.6
6859.336922847967,3.8303362242909973,0.0,-0.0,2.7081253291074576,59.59115881092657,3.8302008147542783,0.6
6859.936848300765,3.830295765130116,0.0,-0.0,2.7081253291074576,60.191084263724406,3.8301594764606284,0.6
6860.536773753563,3.830255825312658,0.0,-0.0,2.7081253291074576,60.79100971652224,3.8301187583037866,0.6
6861.3378962793695,3.8302030593843615,0.0,-0.0,2.7081253291074576,61.59213224232917,3.830065328965209,0.6
6861.971770884529,3.8301621326984634,0.0,-0.0,2.7081253291074576,62.22600684748886,3.8300238012099124,0.6
6862.605645489689,3.8301217471837186,0.0,-0.0,2.7081253291074576,62.85988145264855,3.8299829177929845,0.6
6863.338869710772,3.830075493552494,0.0,-0.0,2.7081253291074576,63.59310567373177,3.829936411641321,0.6
6864.007921267097,3.830034093086514,0.0,-0.0,2.7081253291074576,64.2621572300568,3.8298946932285722,0.6
6864.676972823422,3.8299932559438874,0.0,-0.0,2.7081253291074576,64.93120878638183,3.829853643028863,0.6
6865.339843142175,3.8299531671205167,0.0,-0.0,2.7081253291074576,65.59407910513437,3.8298136158114464,0.6
6866.0452578226605,3.8299112894988525,0.0,-0.0,2.7081253291074576,66.29949378562014,3.82977170674886,0.6
6866.750672503146,3.829869997561382,0.0,-0.0,2.7081253291074576,67.00490846610592,3.8297304892848554,0.6
6867.340816573576,3.829835735602349,0.0,-0.0,2.7081253291074576,67.59505253653606,3.8296965261467433,0.6
6868.083229998982,3.8297934086303944,0.0,-0.0,2.7081253291074576,68.33746596194123,3.829654455682763,0.6
6868.825643424387,3.829751688986433,0.0,-0.0,2.7081253291074576,69.07987938734641,3.829613098599953,0.6
6869.341790004979,3.829722898679065,0.0,-0.0,2.7081253291074576,69.59602596793866,3.8295847567123027,0.6
6870.122400844846,3.8296801158614286,0.0,-0.0,2.7081253291074576,70.37663680780588,3.8295425179845237,0.6
6870.903011684713,3.8296379621828236,0.0,-0.0,2.7081253291074576,71.1572476476731,3.8295010138684726,0.6
6871.342763436382,3.829614372273804,0.0,-0.0,2.7081253291074576,71.59699939934126,3.8294779488785786,0.6
6872.1624220886415,3.8295711452813133,0.0,-0.0,2.7081253291074576,72.41665805160119,3.829435551562519,0.6
6872.982080740901,3.8295285688323615,0.0,-0.0,2.7081253291074576,73.23631670386112,3.82939390885134,0.6
6873.343736867784,3.829509892953726,0.0,-0.0,2.7081253291074576,73.59797283074386,3.8293757693812696,0.6
6874.170139009703,3.829467890559822,0.0,-0.0,2.7081253291074576,74.42437497266292,3.8293348462642465,0.6
6874.996541151622,3.8294265101229135,0.0,-0.0,2.7081253291074576,75.25077711458198,3.8292946388106266,0.6
6875.344710299187,3.8294091741325182,0.0,-0.0,2.7081253291074576,75.59894626214646,3.8292779085191047,0.6
6876.169111467675,3.8293687502886407,0.0,-0.0,2.7081253291074576,76.42334743063475,3.8292387779851245,0.6
6876.993512636163,3.829328909335862,0.0,-0.0,2.7081253291074576,77.24774859912304,3.829200312318133,0.6
6877.345683730589,3.8293119836482914,0.0,-0.0,2.7081253291074576,77.59991969354905,3.8291840784797357,0.6
6878.168083925646,3.8292730456120325,0.0,-0.0,2.7081253291074576,78.42231988860567,3.829146620113553,0.6
6878.990484120703,3.8292346542561226,0.0,-0.0,2.7081253291074576,79.24472008366229,3.8291097796095506,0.6
6879.346657161992,3.829218117170649,0.0,-0.0,2.7081253291074576,79.60089312495165,3.829094011784619,0.6
6880.167056383617,3.829180578751531,0.0,-0.0,2.7081253291074576,80.42129234657659,3.8290581138909827,0.6
6880.987455605242,3.829143553420519,0.0,-0.0,2.7081253291074576,81.24169156820153,3.829022790361394,0.6
6881.347630593395,3.829127384517745,0.0,-0.0,2.7081253291074576,81.60186655635425,3.8290074598444392,0.6
6882.166028841588,3.82909116554751,0.0,-0.0,2.7081253291074576,82.42026480454751,3.8289730188113436,0.6
6882.984427089781,3.8290554284776173,0.0,-0.0,2.7081253291074576,83.23866305274078,3.8289391118873137,0.6
6883.348604024797,3.8290396085322507,0.0,-0.0,2.7081253291074576,83.60283998775685,3.8289241916172108,0.6
6884.16500129956,3.8290046343872586,0.0,-0.0,2.7081253291074576,84.41923726251935,3.8288911113256554,0.6
6884.981398574322,3.828970113165787,0.0,-0.0,2.7081253291074576,85.23563453728184,3.828858527887607,0.6
6885.3495774562,3.82895462406627,0.0,-0.0,2.7081253291074576,85.60381341915945,3.8288439923617577,0.6
6886.163973757531,3.828920825230875,0.0,-0.0,2.7081253291074576,86.41820972049027,3.8288121836386186,0.6
6886.978370058861,3.828887452378953,0.0,-0.0,2.7081253291074576,87.23260602182108,3.8287808372874355,0.6
6887.350550887602,3.828872277053879,0.0,-0.0,2.7081253291074576,87.60478685056205,3.828766662479803,0.6
6888.1629462155015,3.8288395887276625,0.0,-0.0,2.7081253291074576,88.41718217846119,3.8287360425906676,0.6
6888.975341543401,3.8288073013198467,0.0,-0.0,2.7081253291074576,89.22957750636033,3.828705853157465,0.6
6889.351524319005,3.8287924236719775,0.0,-0.0,2.7081253291074576,89.60576028196465,3.82869201644035,0.6
6890.161918673473,3.8287607854071775,0.0,-0.0,2.7081253291074576,90.41615463643302,3.8286625086193995,0.6
6890.972313027942,3.828729524725237,0.0,-0.0,2.7081253291074576,91.22654899090139,3.828633401711078,0.6
6891.352497750408,3.8287149295685223,0.0,-0.0,2.7081253291074576,91.60673371336725,3.8286198817805266,0.6
6892.160891131444,3.8286842849417564,0.0,-0.0,2.7081253291074576,92.41512709440394,3.828591414794762,0.6
6892.969284512481,3.8286539961586197,0.0,-0.0,2.7081253291074576,93.22352047544064,3.8285633213727226,0.6
6893.35347118181,3.8286396691603857,0.0,-0.0,2.7081253291074576,93.60770714476985,3.828550098177441,0.6
6894.159863589415,3.8286099654707284,0.0,-0.0,2.7081253291074576,94.41409955237486,3.828522605922745,0.6
6894.96625599702,3.828580597361917,0.0,-0.0,2.7081253291074576,95.22049195997988,3.8284954619123526,0.6
6895.354444613213,3.828566524991289,0.0,-0.0,2.7081253291074576,95.60868057617245,3.82848251658601,0.6
6896.158836047387,3.8285377129860017,0.0,-0.0,2.7081253291074576,96.4130720103467,3.828455937712717,0.6
6896.963227481561,3.8285092176626874,0.0,-0.0,2.7081253291074576,97.21746344452094,3.828429683641272,0.6
6897.355418044615,3.8284953871407725,0.0,-0.0,2.7081253291074576,97.60965400757505,3.8284169984380685,0.6
6898.157808505358,3.828467420762204,0.0,-0.0,2.7081253291074576,98.41204446831762,3.828391276003897,0.6
6898.9601989661005,3.828439753428161,0.0,-0.0,2.7081253291074576,99.21443492906019,3.828365856665029,0.6
6899.356391476018,3.8284261526834085,0.0,-0.0,2.7081253291074576,99.61062743897764,3.8283534148984053,0.6
6900.156780963329,3.8283989888366246,0.0,-0.0,2.7081253291074576,100.41101692628854,3.828328496046742,0.6
6900.95717045064,3.8283721075660777,0.0,-0.0,2.7081253291074576,101.21140641359943,3.8283038601893047,0.6
6901.357364907421,3.828358725190579,0.0,-0.0,2.7081253291074576,101.61160087038024,3.8282916461736707,0.6
6902.155753421301,3.8283323235311615,0.0,-0.0,2.7081253291074576,102.40998938426037,3.828267481835369,0.6
6902.954141935181,3.8283061890617147,0.0,-0.0,2.7081253291074576,103.2083778981405,3.8282435818750447,0.6
6903.358338338823,3.8282930142732523,0.0,-0.0,2.7081253291074576,103.61257430178284,3.828231580870414,0.6
6904.154725879272,3.8282673370099296,0.0,-0.0,2.7081253291074576,104.40896184223129,3.828208125487377,0.6
6904.95111341972,3.8282419125549585,0.0,-0.0,2.7081253291074576,105.20534938267974,3.828184917239333,0.6
6905.359311770226,3.8282289351605776,0.0,-0.0,2.7081253291074576,105.61354773318544,3.82817311539874,0.6
6906.1536983372425,3.8282039468748232,0.0,-0.0,2.7081253291074576,106.40793430020221,3.828150326667706,0.6
6906.948084904259,3.8281791979485016,0.0,-0.0,2.7081253291074576,107.20232086721899,3.8281277690987725,0.6
6907.360285201628,3.828166408308361,0.0,-0.0,2.7081253291074576,107.61452116458804,3.828116153418356,0.6
6908.152670795213,3.828142075790289,0.0,-0.0,2.7081253291074576,108.40690675817314,3.8280939920534083,0.6
6908.945056388799,3.8281179700457546,0.0,-0.0,2.7081253291074576,109.19929235175823,3.8280720470523457,0.6
6909.361258633031,3.8281053590434735,0.0,-0.0,2.7081253291074576,109.61549459599064,3.828060605323987,0.6
6910.151643253185,3.8280816511348594,0.0,-0.0,2.7081253291074576,110.40587921614497,3.828039034836418,0.6
6910.94202787334,3.8280581582179405,0.0,-0.0,2.7081253291074576,111.1962638362993,3.8280176670009616,0.6
6911.362232064433,3.8280457172289886,0.0,-0.0,2.7081253291074576,111.61646802739233,3.8280063877673696,0.6
6912.150615711155,3.828022604683068,0.0,-0.0,2.7081253291074576,112.40485167411498,3.827985374261633,0.6
6912.938999357878,3.82799969609343,0.0,-0.0,2.7081253291074576,113.19323532083763,3.8279645507010844,0.6
6913.363205495835,3.827987416959217,0.0,-0.0,2.7081253291074576,113.61744145879493,3.8279534232132106,0.6
6914.149588169126,3.8279648723096082,0.0,-0.0,2.7081253291074576,114.4038241320859,3.8279329351977918,0.6
6914.935970842417,3.827942521274318,0.0,-0.0,2.7081253291074576,115.19020680537687,3.8279126253500237,0.6
6915.364178927238,3.827930396273624,0.0,-0.0,2.7081253291074576,115.61841489019753,3.827901639526715,0.6
6916.148560627098,3.827908393712733,0.0,-0.0,2.7081253291074576,116.40279659005773,3.8278816477388187,0.6
6916.932942326958,3.8278865750702664,0.0,-0.0,2.7081253291074576,117.18717828991794,3.827861823200647,0.6
6917.36515235864,3.827874596896338,0.0,-0.0,2.7081253291074576,117.61938832160013,3.8278509695904206,0.6
6918.147533085069,3.827853112163022,0.0,-0.0,2.7081253291074576,118.40176904802865,3.827831446833479,0.6
6918.9299138114975,3.827831802253384,0.0,-0.0,2.7081253291074576,119.18414977445718,3.827812081203416,0.6
6919.366125790043,3.8278199639890245,0.0,-0.0,2.7081253291074576,119.62036175300273,3.82780135094827,0.6
6920.14650554304,3.8277989742652454,0.0,-0.0,2.7081253291074576,120.40074150599958,3.8277822719413215,0.6
6920.926885296037,3.827778150829336,0.0,-0.0,2.7081253291074576,121.18112125899643,3.827763340673818,0.6
6921.367099221446,3.827766445927035,0.0,-0.0,2.7081253291074576,121.62133518440532,3.827752725474976,0.6
6922.145478001012,3.827745929740802,0.0,-0.0,2.7081253291074576,122.39971396397141,3.827734066713061,0.6
6922.923856780578,3.8277255718281964,0.0,-0.0,2.7081253291074576,123.17809274353749,3.827715546983388,0.6
6923.368072652848,3.827713994089902,0.0,-0.0,2.7081253291074576,123.62230861580792,3.8277050390688827,0.6
6924.144450458983,3.8276939312260465,0.0,-0.0,2.7081253291074576,124.39868642194233,3.827686778693641,0.6
6924.920828265117,3.8276740191065173,0.0,-0.0,2.7081253291074576,125.17506422807674,3.8276686492726433,0.6
6925.369046084251,3.8276625626629306,0.0,-0.0,2.7081253291074576,125.62328204721052,3.827658241366661,0.6
6926.143422916954,3.8276429340798184,0.0,-0.0,2.7081253291074576,126.39765887991325,3.8276403590463897,0.6
6926.917799749656,3.8276234491654275,0.0,-0.0,2.7081253291074576,127.17203571261598,3.827622600184384,0.6
6927.370019515653,3.8276121084585366,0.0,-0.0,2.7081253291074576,127.62425547861312,3.827612285478273,0.6
6928.1423953749245,3.8275928962123995,0.0,-0.0,2.7081253291074576,128.39663133788417,3.8275947622967514,0.6
6928.9147712341955,3.8275738209807906,0.0,-0.0,2.7081253291074576,129.16900719715522,3.827577355615906,0.6
6929.370992947056,3.827562590747626,0.0,-0.0,2.7081253291074576,129.62522891001572,3.8275671277407732,0.6
6930.141367832896,3.827543777918657,0.0,-0.0,2.7081253291074576,130.395603795856,3.827549946094221,0.6
6930.911742718737,3.8275250958452096,0.0,-0.0,2.7081253291074576,131.1659786816963,3.827532874488794,0.6
6931.371966378459,3.827513971100875,0.0,-0.0,2.7081253291074576,131.62620234141832,3.8275227274896104,0.6
6932.140340290867,3.8274955417298893,0.0,-0.0,2.7081253291074576,132.39457625382693,3.8275058709911716,0.6
6932.908714203276,3.8274772372221837,0.0,-0.0,2.7081253291074576,133.16295016623553,3.827489118535039,0.6
6933.372939809861,3.8274662132451973,0.0,-0.0,2.7081253291074576,133.62717577282092,3.827479046846175,0.6
6934.139312748838,3.827448152268146,0.0,-0.0,2.7081253291074576,134.39354871179785,3.8274625002373903,0.6
6934.905685687815,3.8274302106070497,0.0,-0.0,2.7081253291074576,135.15992165077478,3.827446052098324,0.6
6935.373913241264,3.8274192829250984,0.0,-0.0,2.7081253291074576,135.62814920422352,3.8274360505204474,0.6
6936.13828520681,3.82740157611924,0.0,-0.0,2.7081253291074576,136.39252116976968,3.8274197995891974,0.6
6936.902657172356,3.8273839834013006,0.0,-0.0,2.7081253291074576,137.15689313531584,3.827403641949408,0.6
6937.374886672666,3.8273731477775246,0.0,-0.0,2.7081253291074576,137.62912263562612,3.8273937056276703,0.6
6938.137257664781,3.827355781705269,0.0,-0.0,2.7081253291074576,138.3914936277406,3.827377737132118,0.6
6938.899628656895,3.8273385247935616,0.0,-0.0,2.7081253291074576,139.15386461985509,3.8273618571146004,0.6
6939.375860104069,3.8273277772143066,0.0,-0.0,2.7081253291074576,139.63009606702872,3.8273519815180457,0.6
6940.136230122752,3.8273107391741457,0.0,-0.0,2.7081253291074576,140.39046608571152,3.827336283116142,0.6
6940.896600141435,3.82729380564708,0.0,-0.0,2.7081253291074576,141.15083610439433,3.8273206687164003,0.6
6941.376833535472,3.827283142310386,0.0,-0.0,2.7081253291074576,141.63106949843132,3.827310849618538,0.6
6942.135202580724,3.8272664202901656,0.0,-0.0,2.7081253291074576,142.38943854368335,3.8272954098026766,0.6
6942.893571625976,3.8272497983995284,0.0,-0.0,2.7081253291074576,143.1478075889354,3.8272800498254376,0.6
6943.377806966874,3.827239215701054,0.0,-0.0,2.7081253291074576,143.63204292983391,3.82727028328591,0.6
6944.134175038695,3.8272227983364964,0.0,-0.0,2.7081253291074576,144.38841100165428,3.8272550913223675,0.6
6944.890543110515,3.827206476960557,0.0,-0.0,2.7081253291074576,145.14477907347464,3.827239975322916,0.6
6945.378780398277,3.8271959714885817,0.0,-0.0,2.7081253291074576,145.6330163612365,3.82723025767021,0.6
6946.1331474966655,3.8271798480193815,0.0,-0.0,2.7081253291074576,146.3873834596252,3.827215303543008,0.6
6946.887514595054,3.8271638166292856,0.0,-0.0,2.7081253291074576,147.14175055801388,3.827200421772806,0.6
6947.379753829679,3.827153385148158,0.0,-0.0,2.7081253291074576,147.6339897926391,3.8271907495879542,0.6
6948.132119954636,3.8271375453841023,0.0,-0.0,2.7081253291074576,148.38635591759612,3.8271760239468255,0.6
6948.884486079593,3.8271217940040243,0.0,-0.0,2.7081253291074576,149.13872204255313,3.8271613673031086,0.6
6949.380727261082,3.827111433448652,0.0,-0.0,2.7081253291074576,149.6349632240417,3.827151737404317,0.6
6950.131092412608,3.8270958677324227,0.0,-0.0,2.7081253291074576,150.38532837556795,3.8271372315164816,0.6
6950.8814575641345,3.8270803869065846,0.0,-0.0,2.7081253291074576,151.1356935270942,3.8271227914955324,0.6
6951.381700692485,3.827070094372053,0.0,-0.0,2.7081253291074576,151.6359366554443,3.8271132009236952,0.6
6952.130064870579,3.827054793546924,0.0,-0.0,2.7081253291074576,152.38430083353887,3.827098906629159,0.6
6952.878429048674,3.8270395743066987,0.0,-0.0,2.7081253291074576,153.13266501163343,3.8270846752829932,0.6
6953.382674123887,3.8270293470405727,0.0,-0.0,2.7081253291074576,153.6369100868469,3.827075121288048,0.6
6954.12903732855,3.827014302419725,0.0,-0.0,2.7081253291074576,154.3832732915098,3.8270610309581676,0.6
6954.875400533213,3.826999336255707,0.0,-0.0,2.7081253291074576,155.12963649617268,3.827047000854388,0.6
6955.383647555289,3.8269891716488327,0.0,-0.0,2.7081253291074576,155.6378835182486,3.8270374808824523,0.6
6956.128009786521,3.826974374987272,0.0,-0.0,2.7081253291074576,156.38224574948072,3.827023587381534,0.6
6956.872372017753,3.826959653819193,0.0,-0.0,2.7081253291074576,157.12660798071283,3.827009751566115,0.6
6957.3846209866915,3.8269495493998646,0.0,-0.0,2.7081253291074576,157.6388569496512,3.8270002632473763,0.6
6958.126982244492,3.8269349928663976,0.0,-0.0,2.7081253291074576,158.38121820745164,3.8269865598970796,0.6
6958.869343502292,3.8269205090202916,0.0,-0.0,2.7081253291074576,159.12357946525208,3.8269729118598668,0.6
6959.385594418094,3.826910462444927,0.0,-0.0,2.7081253291074576,159.6398303810538,3.8269634529971785,0.6
6960.125954702463,3.826896138599837,0.0,-0.0,2.7081253291074576,160.38019066542256,3.826949933543521,0.6
6960.866314986832,3.8268818847796524,0.0,-0.0,2.7081253291074576,161.12055094979132,3.826936467186256,0.6
6961.386567849497,3.8268718938277955,0.0,-0.0,2.7081253291074576,161.6408038124564,3.826927035744397,0.6
6962.124927160435,3.8268577955967618,0.0,-0.0,2.7081253291074576,162.3791631233944,3.826913694327175,0.6
6962.863286471373,3.826843764866126,0.0,-0.0,2.7081253291074576,163.1175224343324,3.8269004039338506,0.6
6963.387541280899,3.8268338274326394,0.0,-0.0,2.7081253291074576,163.641777243859,3.826890998029419,0.6
6964.123899618406,3.8268199480859924,0.0,-0.0,2.7081253291074576,164.3781355813653,3.8268778291538603,0.6
6964.860257955912,3.826806133844895,0.0,-0.0,2.7081253291074576,165.11449391887163,3.8268647093632437,0.6
6965.388514712302,3.8267962479339004,0.0,-0.0,2.7081253291074576,165.6427506752616,3.8268553272551435,0.6
6966.122872076377,3.826782581067543,0.0,-0.0,2.7081253291074576,166.37710803933624,3.826842325765634,0.6
6966.857229440451,3.826768977030995,0.0,-0.0,2.7081253291074576,167.11146540341088,3.826829371545794,0.6
6967.3894881437045,3.826759140752247,0.0,-0.0,2.7081253291074576,167.6437241066642,3.826820011626284,0.6
6968.1218445343475,3.8267456802660043,0.0,-0.0,2.7081253291074576,168.37608049730716,3.826807172682013,0.6
6968.85420092499,3.8267322804483914,0.0,-0.0,2.7081253291074576,169.10843688795012,3.8267943793067123,0.6
6969.390461575107,3.8267224920089986,0.0,-0.0,2.7081253291074576,169.6446975380668,3.8267850400929837,0.6
6970.120816992319,3.826709232091619,0.0,-0.0,2.7081253291074576,170.375052955279,3.826772359145371,0.6
6970.8511724095315,3.826696030787563,0.0,-0.0,2.7081253291074576,171.10540837249118,3.826759722172174,0.6
6971.39143500651,3.8266862884887916,0.0,-0.0,2.7081253291074576,171.6456709694694,3.8267504022984316,0.6
6972.11978945029,3.8266732235984655,0.0,-0.0,2.7081253291074576,172.3740254132499,3.8267378750702044,0.6
6972.848143894071,3.826660215367265,0.0,-0.0,2.7081253291074576,173.10237985703043,3.8267253903201905,0.6
6973.392408437912,3.8266505175979395,0.0,-0.0,2.7081253291074576,173.646644400872,3.826716088530203,0.6
6974.118761908261,3.826637642449608,0.0,-0.0,2.7081253291074576,174.37299787122083,3.826703710995999,0.6
6974.84511537861,3.826624822099846,0.0,-0.0,2.7081253291074576,175.09935134156967,3.826691374534953,0.6
6975.393381869315,3.8266151673331343,0.0,-0.0,2.7081253291074576,175.6476178322746,3.8266820896750495,0.6
6976.117734366233,3.8266024768810025,0.0,-0.0,2.7081253291074576,176.37197032919266,3.8266698580434406,0.6
6976.842086863151,3.826589839455825,0.0,-0.0,2.7081253291074576,177.09632282611074,3.8266576661644187,0.6
6977.3943553007175,3.8265802262445994,0.0,-0.0,2.7081253291074576,177.6485912636772,3.826648397176905,0.6
6978.116706824204,3.826567715670587,0.0,-0.0,2.7081253291074576,178.37094278716359,3.82663630787373,0.6
6978.83905834769,3.826555256434935,0.0,-0.0,2.7081253291074576,179.09329431064998,3.8266242570808955,0.6
6979.39532873212,3.826545683407375,0.0,-0.0,2.7081253291074576,179.6495646950798,3.826615002997864,0.6
6980.115679282175,3.8265333481066333,0.0,-0.0,2.7081253291074576,180.3699152451345,3.826603052650786,0.6
6980.8360298322295,3.826521062534848,0.0,-0.0,2.7081253291074576,181.09026579518923,3.8265911396444245,0.6
6981.396302163523,3.826511528390416,0.0,-0.0,2.7081253291074576,181.6505381264824,3.8265818995819405,0.6
6982.114651740147,3.8264993639604805,0.0,-0.0,2.7081253291074576,182.36888770310634,3.8265700850061233,0.6
6982.833001316771,3.826487247723924,0.0,-0.0,2.7081253291074576,183.0872372797303,3.8265583066687543,0.6
6983.397275594925,3.826477751229903,0.0,-0.0,2.7081253291074576,183.651511557885,3.8265490798213917,0.6
6984.113624198118,3.8264657534580993,0.0,-0.0,2.7081253291074576,184.36786016107726,3.8265373980062285,0.6
6984.82997280131,3.8264538024149903,0.0,-0.0,2.7081253291074576,185.08420876426953,3.8265257513897284,0.6
6985.398249026328,3.8264443424025574,0.0,-0.0,2.7081253291074576,185.6524849892876,3.8265165370254324,0.6
6986.1125966560885,3.8264325072568894,0.0,-0.0,2.7081253291074576,186.36683261904818,3.826504985122242,0.6
6986.826944285849,3.8264207174413247,0.0,-0.0,2.7081253291074576,187.08118024880878,3.826493467435904,0.6
6987.3992224577305,3.8264112928030087,0.0,-0.0,2.7081253291074576,187.65345842069019,3.826484264891174,0.6
6988.111569114059,3.826399616421971,0.0,-0.0,2.7081253291074576,188.3658050770191,3.8264728402017933,0.6
6988.823915770388,3.826387984033428,0.0,-0.0,2.7081253291074576,189.07815173334802,3.8264614488012625,0.6
6989.400195889133,3.8263785937187307,0.0,-0.0,2.7081253291074576,189.65443185209278,3.8264522574766224,0.6
6990.110541572031,3.826367072400976,0.0,-0.0,2.7081253291074576,190.36477753499094,3.8264409574428324,0.6
6990.820887254929,3.8263555937967624,0.0,-0.0,2.7081253291074576,191.0751232178891,3.826429689819843,0.6
6991.401169320536,3.8263462368112764,0.0,-0.0,2.7081253291074576,191.65540528349538,3.8264205091755876,0.6
6992.109514030002,3.8263348670070716,0.0,-0.0,2.7081253291074576,192.36374999296186,3.826409331369313,0.6
6992.817858739469,3.82632353869386,0.0,-0.0,2.7081253291074576,193.07209470242833,3.826398185142177,0.6
6993.402142751938,3.8263142140930912,0.0,-0.0,2.7081253291074576,193.65637871489798,3.8263890146943824,0.6
6994.108486487973,3.826302992397178,0.0,-0.0,2.7081253291074576,194.36272245093278,3.8263779568086025,0.6
6994.814830224008,3.8262918110214987,0.0,-0.0,2.7081253291074576,195.06906618696758,3.8263669297133904,0.6
6995.403116183341,3.8262825179113493,0.0,-0.0,2.7081253291074576,195.65735214630058,3.826357769030167,0.6
6996.107458945945,3.826271441054084,0.0,-0.0,2.7081253291074576,196.3616949089046,3.826346828870491,0.6
6996.811801708549,3.826260403396057,0.0,-0.0,2.7081253291074576,197.06603767150864,3.8263359187528536,0.6
6997.404089614743,3.8262511409284197,0.0,-0.0,2.7081253291074576,197.65832557770227,3.8263267674508277,0.6
6998.106431403915,3.8262402057691025,0.0,-0.0,2.7081253291074576,198.36066736687462,3.826315942927687,0.6
6998.808773193087,3.8262293087347095,0.0,-0.0,2.7081253291074576,199.06300915604697,3.8263051477352743,0.6
6999.405063046145,3.826220076106379,0.0,-0.0,2.7081253291074576,199.65929900910487,3.826296005476292,0.6
7000.105403861886,3.826209279626352,0.0,-0.0,2.7081253291074576,200.35963982484554,3.8262852945976955,0.6
7000.8057446776265,3.8261985202408955,0.0,-0.0,2.7081253291074576,201.05998064058622,3.8262746123731266,0.6
7001.406036477548,3.8261893166895504,0.0,-0.0,2.7081253291074576,201.66027244050747,3.8262654788611545,0.6
7002.104376319858,3.826178655985693,0.0,-0.0,2.7081253291074576,202.35861228281738,3.826254879725977,0.6
7002.802716162168,3.826168031387836,0.0,-0.0,2.7081253291074576,203.05695212512728,3.826244308600323,0.6
7003.40700990895,3.8261588561917055,0.0,-0.0,2.7081253291074576,203.66124587191007,3.826235183578547,0.6
7004.103348777829,3.8261483284700333,0.0,-0.0,2.7081253291074576,204.3575847407883,3.8262246943703038,0.6
7004.799687646707,3.82613783590541,0.0,-0.0,2.7081253291074576,205.05392360966653,3.8262142325570423,0.6
7005.407983340353,3.8261286883803445,0.0,-0.0,2.7081253291074576,205.66221930331267,3.8262051158051436,0.6
7006.1023212357995,3.8261182909513067,0.0,-0.0,2.7081253291074576,206.35655719875922,3.826194734786219,0.6
7006.796659131246,3.8261079277677985,0.0,-0.0,2.7081253291074576,207.05089509420577,3.82618438057563,0.6
7007.408956771756,3.826098807265211,0.0,-0.0,2.7081253291074576,207.66319273471527,3.8261752719072306,0.6
7008.101293693771,3.8260885375366573,0.0,-0.0,2.7081253291074576,208.35552965673105,3.8261649974135254,0.6
7008.793630615787,3.826078301178562,0.0,-0.0,2.7081253291074576,209.04786657874683,3.8261547491674968,0.6
7009.409930203158,3.826069207083714,0.0,-0.0,2.7081253291074576,209.66416616611787,3.826145648427765,0.6
7010.100266151742,3.8260590625581052,0.0,-0.0,2.7081253291074576,210.35450211470197,3.8261354788637343,0.6
7010.790602100326,3.8260489505611424,0.0,-0.0,2.7081253291074576,211.04483806328608,3.826125335010937,0.6
7011.410903634561,3.8260398822914246,0.0,-0.0,2.7081253291074576,211.66513959752047,3.826116242074344,0.6
7012.099238609713,3.8260298605600362,0.0,-0.0,2.7081253291074576,212.3534745726729,3.826106175908397,0.6
7012.787573584866,3.8260198705470145,0.0,-0.0,2.7081253291074576,213.04180954782532,3.8260961349398186,0.6
7013.411877065963,3.8260108251851417,0.0,-0.0,2.7081253291074576,213.66611302892306,3.826087049708035,0.6
7014.098211067684,3.826000923938966,0.0,-0.0,2.7081253291074576,214.35244703064382,3.826077085468264,0.6
7014.784545069405,3.825991053630479,0.0,-0.0,2.7081253291074576,215.03878103236457,3.826067145933063,0.6
7015.412850497366,3.8259820331102636,0.0,-0.0,2.7081253291074576,215.66708646032566,3.826058068332985,0.6
7016.097183525656,3.82597225010299,0.0,-0.0,2.7081253291074576,216.35141948861565,3.826048204603211,0.6
7016.781516553946,3.825962497282232,0.0,-0.0,2.7081253291074576,217.03575251690563,3.826038365104871,0.6
7017.413823928769,3.825953501103934,0.0,-0.0,2.7081253291074576,217.66805989172826,3.8260292950867765,0.6
7018.096155983627,3.825943834165554,0.0,-0.0,2.7081253291074576,218.35039194658657,3.826019530502876,0.6
7018.778488038485,3.8259341966898948,0.0,-0.0,2.7081253291074576,219.03272400144488,3.8260097896956395,0.6
7019.414797360171,3.825925224381167,0.0,-0.0,2.7081253291074576,219.66903332313086,3.8260007272314565,0.6
7020.095128441598,3.825915671414906,0.0,-0.0,2.7081253291074576,220.3493644045575,3.8259910604779583,0.6
7020.775459523024,3.8259061472133005,0.0,-0.0,2.7081253291074576,221.02969548598412,3.82598141706352,0.6
7021.415770791574,3.8258971983258783,0.0,-0.0,2.7081253291074576,221.67000675453346,3.8259723621452055,0.6
7022.09410089957,3.8258877573036827,0.0,-0.0,2.7081253291074576,222.34833686252932,3.8259627919521324,0.6
7022.7724310075655,3.8258783443727573,0.0,-0.0,2.7081253291074576,223.02666697052518,3.8259532446765676,0.6
7023.416744222976,3.8258694184814726,0.0,-0.0,2.7081253291074576,223.67098018593606,3.825944197314593,0.6
7024.093073357541,3.8258600874406286,0.0,-0.0,2.7081253291074576,224.34730932050024,3.8259347224545315,0.6
7024.769402492105,3.825850783842334,0.0,-0.0,2.7081253291074576,225.02363845506443,3.825925270105451,0.6
7025.417717654379,3.825841880546058,0.0,-0.0,2.7081253291074576,225.67195361733866,3.825916230327379,0.6
7026.0920458155115,3.8258326575869974,0.0,-0.0,2.7081253291074576,226.34628177847117,3.8259068496127635,0.6
7026.766373976644,3.8258234614431936,0.0,-0.0,2.7081253291074576,227.02060993960367,3.825897491016673,0.6
7027.418691085782,3.825814580360807,0.0,-0.0,2.7081253291074576,227.67292704874126,3.825888458865827,0.6
7028.091018273483,3.8258054636437313,0.0,-0.0,2.7081253291074576,228.345254236443,3.825879171146418,0.6
7028.763345461185,3.8257963731358475,0.0,-0.0,2.7081253291074576,229.01758142414474,3.825869905166265,0.6
7029.419664517184,3.8257875139062194,0.0,-0.0,2.7081253291074576,229.67390048014386,3.825860880700489,0.6
7030.089990731454,3.8257785016483394,0.0,-0.0,2.7081253291074576,230.34422669441392,3.8258516848610316,0.6
7030.760316945724,3.8257695150134934,0.0,-0.0,2.7081253291074576,231.01455290868398,3.825842510393932,0.6
7031.420637948587,3.825760677295285,0.0,-0.0,2.7081253291074576,231.67487391154646,3.825833493684423,0.6
7032.088963189425,3.825751767767797,0.0,-0.0,2.7081253291074576,232.34319915238484,3.8258243886424785,0.6
7032.7572884302635,3.82574288329689,0.0,-0.0,2.7081253291074576,233.01152439322323,3.825815304617608,0.6
7033.421611379989,3.825734066766562,0.0,-0.0,2.7081253291074576,233.67584734294906,3.825806295747826,0.6
7034.087935647396,3.825725258291876,0.0,-0.0,2.7081253291074576,234.34217161035576,3.825797280451758,0.6
7034.754259914803,3.825716474326475,0.0,-0.0,2.7081253291074576,235.00849587776247,3.82578828582839,0.6
7035.422584811392,3.8257076786778628,0.0,-0.0,2.7081253291074576,235.67682077435165,3.825779284893042,0.6
7036.086908105368,3.8256989696290375,0.0,-0.0,2.7081253291074576,236.3411440683276,3.825770358320144,0.6
7036.751231399344,3.8256902845589016,0.0,-0.0,2.7081253291074576,237.00546736230353,3.8257614520858345,0.6
7037.423558242795,3.8256815095013357,0.0,-0.0,2.7081253291074576,237.67779420575425,3.825752459189921,0.6
7038.085880563339,3.8256728982981754,0.0,-0.0,2.7081253291074576,238.34011652629852,3.8257436203446833,0.6
7038.748202883883,3.825664310560069,0.0,-0.0,2.7081253291074576,239.00243884684278,3.825734801513582,0.6
7039.424531674197,3.8256555558195116,0.0,-0.0,2.7081253291074576,239.67876763715685,3.8257258167715045,0.6
7040.08485302131,3.8256470409270182,0.0,-0.0,2.7081253291074576,240.33908898426944,3.825717064684003,0.6
7040.745174368422,3.8256385490016838,0.0,-0.0,2.7081253291074576,240.99941033138202,3.8257083322952856,0.6
7041.425505105599,3.8256298143181935,0.0,-0.0,2.7081253291074576,241.67974106855854,3.8256993558300185,0.6
7042.083825479281,3.8256213942441923,0.0,-0.0,2.7081253291074576,242.33806144224036,3.825690689554418,0.6
7042.7421458529625,3.825612996655288,0.0,-0.0,2.7081253291074576,242.99638181592218,3.8256820426708313,0.6
7043.4264785370015,3.8256042817826197,0.0,-0.0,2.7081253291074576,243.68071449996114,3.8256730746131407,0.6
7044.082797937252,3.8255959550767993,0.0,-0.0,2.7081253291074576,244.33703390021128,3.825664493226307,0.6
7044.739117337502,3.82558765038796,0.0,-0.0,2.7081253291074576,244.99335330046142,3.8256559309328195,0.6
7045.427451968404,3.82557895509405,0.0,-0.0,2.7081253291074576,245.68168793136374,3.8256469714205394,0.6
7046.0817703952225,3.825570720344774,0.0,-0.0,2.7081253291074576,246.3360063581822,3.8256384740207485,0.6
7046.736088822041,3.8255625071592787,0.0,-0.0,2.7081253291074576,246.99032478500067,3.8256299954232937,0.6
7047.428425399807,3.825553831223992,0.0,-0.0,2.7081253291074576,247.68266136276634,3.825621044600645,0.6
7048.080742853194,3.8255456870579545,0.0,-0.0,2.7081253291074576,248.33497881615403,3.8256126303063875,0.6
7048.733060306582,3.8255375640156233,0.0,-0.0,2.7081253291074576,248.98729626954173,3.825604234530698,0.6
7049.429398831209,3.8255289072305105,0.0,-0.0,2.7081253291074576,249.68363479416894,3.8255952925476575,0.6
7050.079715311165,3.825520852311138,0.0,-0.0,2.7081253291074576,250.33395127412496,3.8255869604965236,0.6
7050.730031791121,3.8255128180878337,0.0,-0.0,2.7081253291074576,250.98426775408097,3.825578646687049,0.6
7051.430372262612,3.825504180255936,0.0,-0.0,2.7081253291074576,251.68460822557154,3.825569713698758,0.6
7052.078687769136,3.825496213281339,0.0,-0.0,2.7081253291074576,252.33292373209588,3.8255614630464034,0.6
7052.7270032756605,3.825488266587031,0.0,-0.0,2.7081253291074576,252.98123923862022,3.8255532303653035,0.6
7053.431345694014,3.825479647522421,0.0,-0.0,2.7081253291074576,253.68558165697414,3.825544306531515,0.6
7054.077660227107,3.82547176722295,0.0,-0.0,2.7081253291074576,254.3318961900668,3.825536136450703,0.6
7054.7239747602,3.8254639068005103,0.0,-0.0,2.7081253291074576,254.97821072315946,3.8255279840769116,0.6
7055.432319125417,3.825455306326658,0.0,-0.0,2.7081253291074576,255.68655508837674,3.825519069561478,0.6
7056.076632685079,3.825447511466149,0.0,-0.0,2.7081253291074576,256.33086864803863,3.825510979241181,0.6
7056.720946244741,3.8254397360904457,0.0,-0.0,2.7081253291074576,256.9751822077005,3.825502906369538,0.6
7057.43329255682,3.8254311540415054,0.0,-0.0,2.7081253291074576,257.68752851977933,3.82549400133993,0.6
7058.07560514305,3.8254234434128955,0.0,-0.0,2.7081253291074576,258.32984110600955,3.8254859899845037,0.6
7058.71791772928,3.8254157518877507,0.0,-0.0,2.7081253291074576,258.9721536922398,3.8254779958249445,0.6
7059.434265988222,3.825407188106411,0.0,-0.0,2.7081253291074576,259.68850195118193,3.825469100451804,0.6
7060.074577601021,3.825399560533688,0.0,-0.0,2.7081253291074576,260.3288135639805,3.8254611672802152,0.6
7060.714889213819,3.8253919516926413,0.0,-0.0,2.7081253291074576,260.969125176779,3.8254532510570196,0.6
7061.435239419625,3.8253834060307073,0.0,-0.0,2.7081253291074576,261.68947538258453,3.8254443655137447,0.6
7062.073550058993,3.8253758603649017,0.0,-0.0,2.7081253291074576,262.3277860219523,3.82543650975885,0.6
7062.71186069836,3.825368333070148,0.0,-0.0,2.7081253291074576,262.9660966613201,3.825428670709943,0.6
7063.436212851027,3.825359805387243,0.0,-0.0,2.7081253291074576,263.69044881398713,3.825419795172298,0.6
7064.0725225169635,3.825352340507075,0.0,-0.0,2.7081253291074576,264.3267584799232,3.825412016080179,0.6
7064.7088321829,3.8253448936464998,0.0,-0.0,2.7081253291074576,264.9630681458593,3.825404253456479,0.6
7065.43718628243,3.8253363838106393,0.0,-0.0,2.7081253291074576,265.69142224538973,3.825395388102235,0.6
7066.0714949749345,3.8253289986210675,0.0,-0.0,2.7081253291074576,266.32573093789415,3.8253876849315738,0.6
7066.705803667439,3.8253216311090905,0.0,-0.0,2.7081253291074576,266.96003963039857,3.825379997996388,0.6
7067.438159713833,3.8253131389948463,0.0,-0.0,2.7081253291074576,267.69239567679233,3.825371143004987,0.6
7068.070467432906,3.8253058324259177,0.0,-0.0,2.7081253291074576,268.324703395866,3.8253635150264897,0.6
7068.70277515198,3.8252985432014044,0.0,-0.0,2.7081253291074576,268.95701111493963,3.8253559030549478,0.6
7069.439133145235,3.82529006869134,0.0,-0.0,2.7081253291074576,269.69336910819493,3.825347058607189,0.6
7070.069439890877,3.8252828396982266,0.0,-0.0,2.7081253291074576,270.3236758538369,3.825339505103045,0.6
7070.699746636519,3.8252756277237965,0.0,-0.0,2.7081253291074576,270.9539825994789,3.825331967381576,0.6
7071.440106576638,3.825267170706542,0.0,-0.0,2.7081253291074576,271.6943425395975,3.8253231336593263,0.6
7072.068412348848,3.8252600182663157,0.0,-0.0,2.7081253291074576,272.3226483118078,3.825315653922707,0.6
7072.696718121058,3.825252882528061,0.0,-0.0,2.7081253291074576,272.9509540840181,3.825308189748549,0.6
7073.44108000804,3.825244442898261,0.0,-0.0,2.7081253291074576,273.6953159710001,3.825299366934473,0.6
7074.067384806819,3.8252373660119825,0.0,-0.0,2.7081253291074576,274.32162076977875,3.825291960269064,0.6
7074.693689605598,3.825230305517983,0.0,-0.0,2.7081253291074576,274.94792556855737,3.825284568949808,0.6
7075.442053439443,3.8252218831776297,0.0,-0.0,2.7081253291074576,275.6962894024027,3.825275757227116,0.6
7076.066357264791,3.82521488086643,0.0,-0.0,2.7081253291074576,276.3205932277506,3.825268422946681,0.6
7076.690661090139,3.825207894646704,0.0,-0.0,2.7081253291074576,276.94489705309843,3.8252611037998467,0.6
7077.443026870846,3.8251994895026638,0.0,-0.0,2.7081253291074576,277.6972628338053,3.825252303352064,0.6
7078.065329722762,3.825192560809426,0.0,-0.0,2.7081253291074576,278.3195656857215,3.825245040780039,0.6
7078.687632574678,3.825185647913889,0.0,-0.0,2.7081253291074576,278.9418685376377,3.825237793132675,0.6
7079.444000302248,3.825177259877855,0.0,-0.0,2.7081253291074576,279.6982362652079,3.825229004143426,0.6
7080.064302180733,3.8251704038665,0.0,-0.0,2.7081253291074576,280.3185381436924,3.82522181261254,0.6
7080.684604059217,3.825163563365087,0.0,-0.0,2.7081253291074576,280.9388400221769,3.8252146358008567,0.6
7081.444973733651,3.8251551923553193,0.0,-0.0,2.7081253291074576,281.6992096966105,3.8252058584536637,0.6
7082.063274638705,3.8251484081077507,0.0,-0.0,2.7081253291074576,282.31751060166425,3.825198737305582,0.6
7082.681575543758,3.825141639089944,0.0,-0.0,2.7081253291074576,282.935811506718,3.825191630674607,0.6
7083.445947165053,3.8251332850289534,0.0,-0.0,2.7081253291074576,283.7001831280131,3.8251828651527067,0.6
7084.0622470966755,3.825126571645941,0.0,-0.0,2.7081253291074576,284.3164830596352,3.8251758137377037,0.6
7084.6785470282975,3.825119873220051,0.0,-0.0,2.7081253291074576,284.9327829912572,3.825168776640956,0.6
7085.446920596455,3.8251115360346044,0.0,-0.0,2.7081253291074576,285.7011565594148,3.825160023127127,0.6
7086.0612195546455,3.8251048926364617,0.0,-0.0,2.7081253291074576,286.3154555176052,3.825153040803776,0.6
7086.675518512836,3.8250982639282607,0.0,-0.0,2.7081253291074576,286.92975447579556,3.8251460726029665,0.6
7087.447894027858,3.82508994354938,0.0,-0.0,2.7081253291074576,287.7021299908174,3.825137331279373,0.6
7088.060192012617,3.8250833692733126,0.0,-0.0,2.7081253291074576,288.314427975577,3.825130417414258,0.6
7088.672489997377,3.825076809425884,0.0,-0.0,2.7081253291074576,288.9267259603366,3.8251235174790073,0.6
7089.44886745926,3.8250685057898344,0.0,-0.0,2.7081253291074576,289.70310342222,3.82511478852705,0.6
7090.059164470588,3.825061999789841,0.0,-0.0,2.7081253291074576,290.31340043354794,3.8251079424944954,0.6
7090.669461481916,3.82505550796368,0.0,-0.0,2.7081253291074576,290.92369744487587,3.82510111020207,0.6
7091.449840890663,3.8250472210094566,0.0,-0.0,2.7081253291074576,291.7040768536226,3.825092393802254,0.6
7092.058136928559,3.825040782456078,0.0,-0.0,2.7081253291074576,292.31237289151886,3.825085614984072,0.6
7092.666432966455,3.8250343578271084,0.0,-0.0,2.7081253291074576,292.9206689294151,3.8250788497191395,0.6
7093.4508143220655,3.825026087498367,0.0,-0.0,2.7081253291074576,293.7050502850252,3.8250701460509475,0.6
7094.05710938653,3.8250197155784047,0.0,-0.0,2.7081253291074576,294.3113453494898,3.8250634338362035,0.6
7094.663404450995,3.8250133573387926,0.0,-0.0,2.7081253291074576,294.91764041395436,3.825056734990597,0.6
7095.451787753468,3.8250051035816934,0.0,-0.0,2.7081253291074576,295.7060237164278,3.825048044232379,0.6
7096.056081844502,3.8249987974971895,0.0,-0.0,2.7081253291074576,296.3103178074616,3.825041398017167,0.6
7096.660375935536,3.824992504854209,0.0,-0.0,2.7081253291074576,296.9146118984954,3.825034764989674,0.6
7097.452761184871,3.824984267620322,0.0,-0.0,2.7081253291074576,297.7069971478304,3.8250260873185367,0.6
7098.055054302473,3.8249780265875906,0.0,-0.0,2.7081253291074576,298.30929026543254,3.825019506505775,0.6
7098.657347420075,3.824971798763325,0.0,-0.0,2.7081253291074576,298.91158338303467,3.8250129387019305,0.6
7099.453734616273,3.824963578004987,0.0,-0.0,2.7081253291074576,299.707970579233,3.8250042742936454,0.6
7100.054026760444,3.824957401255868,0.0,-0.0,2.7081253291074576,300.30826272340346,3.8249977582928785,0.6
7100.654318904614,3.8249512374871397,0.0,-0.0,2.7081253291074576,300.9085548675739,3.8249912551247767,0.6
7101.454708047676,3.824943033160509,0.0,-0.0,2.7081253291074576,301.7089440106356,3.8249826041536896,0.6
7102.052999218416,3.824936919940429,0.0,-0.0,2.7081253291074576,302.3072351813753,3.8249761523809096,0.6
7102.651290389155,3.8249308194772444,0.0,-0.0,2.7081253291074576,302.905526352115,3.824969713267024,0.6
7103.4556814790785,3.824922631542022,0.0,-0.0,2.7081253291074576,303.7099174420382,3.8249610759059736,0.6
7104.0519716763865,3.8249165811095103,0.0,-0.0,2.7081253291074576,304.3062076393462,3.824954687783444,0.6
7104.6482618736945,3.8249105432156814,0.0,-0.0,2.7081253291074576,304.9024978366542,3.8249483121484604,0.6
7105.456654910481,3.8249023716340522,0.0,-0.0,2.7081253291074576,305.7108908734408,3.824939688568706,0.6
7106.050944134357,3.824896383261538,0.0,-0.0,2.7081253291074576,306.30518009731713,3.8249333635248033,0.6
7106.645233358234,3.824890407213344,0.0,-0.0,2.7081253291074576,306.89946932119346,3.8249270507994613,0.6
7107.457628341884,3.824882251949835,0.0,-0.0,2.7081253291074576,307.7118643048434,3.824918441170614,0.6
7108.049916592329,3.8248763249228492,0.0,-0.0,2.7081253291074576,308.30415255528897,3.824912178639675,0.6
7108.642204842775,3.8248704100101145,0.0,-0.0,2.7081253291074576,308.8964408057345,3.824905928260617,0.6
7109.458601773286,3.824862271031438,0.0,-0.0,2.7081253291074576,309.712837736246,3.8248973327505813,0.6
7110.0488890503,3.8248564046468205,0.0,-0.0,2.7081253291074576,310.3031250132599,3.8248911321727586,0.6
7110.639176327314,3.824850550171389,0.0,-0.0,2.7081253291074576,310.8934122902738,3.824884943582394,0.6
7111.459575204689,3.824842427446776,0.0,-0.0,2.7081253291074576,311.7138111676486,3.824876362357309,0.6
7112.047861508271,3.824836621014412,0.0,-0.0,2.7081253291074576,312.3020974712308,3.824870223178438,0.6
7112.636147811853,3.8248308262899524,0.0,-0.0,2.7081253291074576,312.890383774813,3.824864095824808,0.6
7113.4605486360915,3.8248227197913636,0.0,-0.0,2.7081253291074576,313.7147845990512,3.824855529048999,0.6
7114.046833966243,3.824816972631856,0.0,-0.0,2.7081253291074576,314.30106992920264,3.8248494507204707,0.6
7114.633119296394,3.8248112369840856,0.0,-0.0,2.7081253291074576,314.8873552593541,3.8248433840571225,0.6
7115.461522067494,3.8248031466844443,0.0,-0.0,2.7081253291074576,315.7157580304538,3.824834831893057,0.6
7116.045806424214,3.8247974581312145,0.0,-0.0,2.7081253291074576,316.30004238717356,3.824828813871697,0.6
7116.630090780934,3.8247917808958407,0.0,-0.0,2.7081253291074576,316.8843267438933,3.82482280735757,0.6
7117.462495498897,3.8247837067711683,0.0,-0.0,2.7081253291074576,317.7167314618564,3.8248142699658145,0.6
7118.044778882185,3.8247780761680628,0.0,-0.0,2.7081253291074576,318.2990148451445,3.8248083117137694,0.6
7118.627062265473,3.824772456693514,0.0,-0.0,2.7081253291074576,318.88129822843257,3.8248023648130802,0.6
7119.463468930299,3.8247643987208053,0.0,-0.0,2.7081253291074576,319.717704893259,3.8247938423522676,0.6
7120.043751340156,3.8247588254217355,0.0,-0.0,2.7081253291074576,320.2979873031154,3.824787943336897,0.6
7120.624033750012,3.824753263065983,0.0,-0.0,2.7081253291074576,320.8782697129718,3.8247820555190364,0.6
7121.464442361702,3.8247452212245046,0.0,-0.0,2.7081253291074576,321.7186783246616,3.8247735481458314,0.6
7122.042723798128,3.824739704595312,0.0,-0.0,2.7081253291074576,322.29695976108724,3.8247677078396087,0.6
7122.621005234553,3.8247341987276258,0.0,-0.0,2.7081253291074576,322.8752411975129,3.82476187857904,0.6
7123.4654157931045,3.8247261729975603,0.0,-0.0,2.7081253291074576,323.7196517560642,3.8247533864481116,0.6
7124.0416962560985,3.8247207124131966,0.0,-0.0,2.7081253291074576,324.29593221905816,3.8247476043285245,0.6
7124.617976719092,3.824715262412089,0.0,-0.0,2.7081253291074576,324.8722126820521,3.82474183310469,0.6
7125.466389224507,3.824707252775984,0.0,-0.0,2.7081253291074576,325.7206251874668,3.8247333563686867,0.6
7126.040668714069,3.8247018476221633,0.0,-0.0,2.7081253291074576,326.2949046770291,3.824727631918147,0.6
7126.614948203632,3.8246964528761875,0.0,-0.0,2.7081253291074576,326.86918416659137,3.824721918215378,0.6
7127.46736265591,3.824688459318031,0.0,-0.0,2.7081253291074576,327.7215986188694,3.8247134570249064,0.6
7128.039641172041,3.8246831089893094,0.0,-0.0,2.7081253291074576,328.2938771350009,3.824707789730663,0.6
7128.611919688173,3.8246777688969145,0.0,-0.0,2.7081253291074576,328.86615565113243,3.8247021330380946,0.6
7129.468336087311,3.8246697914013748,0.0,-0.0,2.7081253291074576,329.7225720502711,3.8246936875417004,0.6
7130.038613630011,3.82466449530272,0.0,-0.0,2.7081253291074576,330.2928495929709,3.8246880768957574,0.6
7130.608891172711,3.824659209272186,0.0,-0.0,2.7081253291074576,330.86312713567077,3.8246824767072445,0.6
7131.469309518714,3.8246512478252566,0.0,-0.0,2.7081253291074576,331.7235454816737,3.8246740470513996,0.6
7132.037586087982,3.824646005370265,0.0,-0.0,2.7081253291074576,332.29182205094185,3.8246684925504355,0.6
7132.60586265725,3.82464077281777,0.0,-0.0,2.7081253291074576,332.86009862021,3.824662948364479,0.6
7133.470282950117,3.8246328274079424,0.0,-0.0,2.7081253291074576,333.7245189130763,3.824654534693564,0.6
7134.036558545954,3.8246276380193285,0.0,-0.0,2.7081253291074576,334.2907945089137,3.8246490358388576,0.6
7134.602834141791,3.824622458370764,0.0,-0.0,2.7081253291074576,334.8570701047511,3.8246435471585287,0.6
7135.471256381519,3.824614528985782,0.0,-0.0,2.7081253291074576,335.7254923444789,3.8246351496148265,0.6
7136.035531003925,3.8246093920947546,0.0,-0.0,2.7081253291074576,336.2897669668846,3.824629705912186,0.6
7136.599805626331,3.824604264784909,0.0,-0.0,2.7081253291074576,336.8540415892903,3.8246242722450545,0.6
7137.472229812922,3.8245963514152805,0.0,-0.0,2.7081253291074576,337.7264657758815,3.8246158909687398,0.6
7138.034503461896,3.8245912664620363,0.0,-0.0,2.7081253291074576,338.2887394248555,3.8246105019284338,0.6
7138.59677711087,3.8245861909335352,0.0,-0.0,2.7081253291074576,338.85101307382956,3.824605122786503,0.6
7139.473203244324,3.8245782935702346,0.0,-0.0,2.7081253291074576,339.7274392072841,3.824596757915637,0.6
7140.033475919867,3.8245732600027535,0.0,-0.0,2.7081253291074576,340.28771188282644,3.824591423052327,0.6
7140.593748595409,3.824568235707075,0.0,-0.0,2.7081253291074576,340.8479845583688,3.8245860979519684,0.6
7141.474176675727,3.824560354341416,0.0,-0.0,2.7081253291074576,341.7284126386867,3.824577749622493,0.6
7142.032448377839,3.8245553716164444,0.0,-0.0,2.7081253291074576,342.2866843407983,3.824572468455174,0.6
7142.59072007995,3.824550398013191,0.0,-0.0,2.7081253291074576,342.84495604290987,3.824567196917065,0.6
7143.47515010713,3.8245425326378086,0.0,-0.0,2.7081253291074576,343.7293860700893,3.8245588652628038,0.6
7144.0314208358095,3.824537600219505,0.0,-0.0,2.7081253291074576,344.2856567987692,3.8245536373147413,0.6
7144.587691564489,3.8245326767752266,0.0,-0.0,2.7081253291074576,344.8419275274491,3.824548418863804,0.6
7145.476123538532,3.824524827383875,0.0,-0.0,2.7081253291074576,345.7303595014919,3.8245401040164597,0.6
7146.03039329378,3.8245199447452833,0.0,-0.0,2.7081253291074576,346.2846292567401,3.8245349288151336,0.6
7146.584663049029,3.8245150709351865,0.0,-0.0,2.7081253291074576,346.83889901198836,3.8245297629804815,0.6
7147.477096969935,3.824507237521606,0.0,-0.0,2.7081253291074576,347.7313329328945,3.824521465069635,0.6
7148.029365751752,3.8245024041425477,0.0,-0.0,2.7081253291074576,348.28360171471195,3.824516342146682,0.6
7148.58163453357,3.8244975794485305,0.0,-0.0,2.7081253291074576,348.8358704965294,3.8245112284615645,0.6
7149.478070401337,3.82448976200832,0.0,-0.0,2.7081253291074576,349.7323063642971,3.824502947614681,0.6
7150.028338209723,3.8244849773747913,0.0,-0.0,2.7081253291074576,350.28257417268287,3.8244978765058444,0.6
7150.578606018109,3.824480201287591,0.0,-0.0,2.7081253291074576,350.83284198106867,3.8244928145075896,0.6
7151.47904383274,3.8244723998162646,0.0,-0.0,2.7081253291074576,351.7332797956997,3.824484550850019,0.6
7152.027310667694,3.8244676634238104,0.0,-0.0,2.7081253291074576,352.2815466306538,3.8244795310950943,0.6
7152.575577502648,3.8244629354395094,0.0,-0.0,2.7081253291074576,352.8298134656079,3.8244745203250643,0.6
7153.480017264143,3.8244551499334003,0.0,-0.0,2.7081253291074576,353.7342532271023,3.824466273980048,0.6
7154.026283125666,3.8244504612834644,0.0,-0.0,2.7081253291074576,354.2805190886256,3.824461305122834,0.6
7154.572548987189,3.8244457809061974,0.0,-0.0,2.7081253291074576,354.826784950149,3.824456345126372,0.6
7155.480990695545,3.8244380113622887,0.0,-0.0,2.7081253291074576,355.73522665850487,3.8244481162150485,0.6
7156.025255583637,3.8244333699631685,0.0,-0.0,2.7081253291074576,356.27949154659655,3.824443197803299,0.6
7156.5695204717285,3.824428736703624,0.0,-0.0,2.7081253291074576,356.8237564346882,3.824438288129683,0.6
7157.481964126948,3.824420983120172,0.0,-0.0,2.7081253291074576,357.73620008990747,3.824430076771096,0.6
7158.024228041608,3.8244163884863576,0.0,-0.0,2.7081253291074576,358.27846400456747,3.824425208356475,0.6
7158.566491956268,3.8244118018628805,0.0,-0.0,2.7081253291074576,358.82072791922747,3.824420348558871,0.6
7159.48293755835,3.8244040642370503,0.0,-0.0,2.7081253291074576,359.73717352131007,3.8244121548699757,0.6
7160.023200499579,3.8243995158914394,0.0,-0.0,2.7081253291074576,360.2774364625384,3.8244073360080093,0.6
7160.563463440807,3.824394975427956,0.0,-0.0,2.7081253291074576,360.8176994037667,3.8244025256434293,0.6
7161.483910989753,3.8243872537572665,0.0,-0.0,2.7081253291074576,361.73814695271267,3.8243943497391024,0.6
7162.0221729575505,3.824382751229045,0.0,-0.0,2.7081253291074576,362.2764089205102,3.824389579989139,0.6
7162.560434925348,3.82437825645595,0.0,-0.0,2.7081253291074576,362.8146708883078,3.824384818618394,0.6
7163.484884421156,3.8243705507405372,0.0,-0.0,2.7081253291074576,363.73912038411527,3.8243766606114447,0.6
7164.0211454155215,3.8243660935629507,0.0,-0.0,2.7081253291074576,364.27538137848114,3.8243719395366096,0.6
7164.557406409887,3.8243616440174115,0.0,-0.0,2.7081253291074576,364.811642372847,3.8243672267242728,0.6
7165.485857852558,3.8243539542557214,0.0,-0.0,2.7081253291074576,365.74009381551787,3.8243590867254507,0.6
7166.020117873492,3.824349541970714,0.0,-0.0,2.7081253291074576,366.27435383645206,3.8243544138926073,0.6
7166.554377894427,3.824345137195461,0.0,-0.0,2.7081253291074576,366.80861385738626,3.8243497492069687,0.6
7167.486831283961,3.824337463388192,0.0,-0.0,2.7081253291074576,367.74106724692047,3.824341627324977,0.6
7168.019090331464,3.824333095542577,0.0,-0.0,2.7081253291074576,368.2733262944239,3.8243370023046865,0.6
7168.551349378968,3.8243287350866435,0.0,-0.0,2.7081253291074576,368.8055853419273,3.8243323853177165,0.6
7169.487804715363,3.8243210772328764,0.0,-0.0,2.7081253291074576,369.74204067832306,3.824324281659225,0.6
7170.018062789435,3.8243167533801268,0.0,-0.0,2.7081253291074576,370.2722987523948,3.8243197040257066,0.6
7170.548320863507,3.8243124367994756,0.0,-0.0,2.7081253291074576,370.80255682646657,3.824315134313017,0.6
7171.488778146766,3.82430479489987,0.0,-0.0,2.7081253291074576,371.74301410972566,3.824307048982672,0.6
7172.017035247406,3.8243005145983817,0.0,-0.0,2.7081253291074576,372.27127121036574,3.824302518313765,0.6
7172.545292348046,3.824296241453248,0.0,-0.0,2.7081253291074576,372.7995283110058,3.824297995454571,0.6
7173.489751578168,3.8242886155077036,0.0,-0.0,2.7081253291074576,373.74398754112735,3.8242899285550105,0.6
7174.016007705377,3.824284378322739,0.0,-0.0,2.7081253291074576,374.27024366833666,3.8242854444321392,0.6
7174.542263832586,3.824280148179927,0.0,-0.0,2.7081253291074576,374.79649979554597,3.824280968009224,0.6
7175.49072500957,3.824272538190182,0.0,-0.0,2.7081253291074576,375.74496097252995,3.824272919641089,0.6
7176.014980163348,3.824268343690939,0.0,-0.0,2.7081253291074576,376.2692161263076,3.8242684816492267,0.6
7176.5392353171255,3.824264156122913,0.0,-0.0,2.7081253291074576,376.7934712800852,3.8242640512489037,0.6
7177.491698440973,3.8242565620892375,0.0,-0.0,2.7081253291074576,377.74593440393255,3.8242560215108568,0.6
7178.013952621319,3.8242524098526722,0.0,-0.0,2.7081253291074576,378.2681885842785,3.8242516292384874,0.6
7178.536206801665,3.8242482644366342,0.0,-0.0,2.7081253291074576,378.79044276462446,3.8242472444505684,0.6
7179.4926718723755,3.8242406863604983,0.0,-0.0,2.7081253291074576,379.74690783533515,3.824239233439302,0.6
7180.01292507929,3.8242365759672854,0.0,-0.0,2.7081253291074576,380.2671610422494,3.824234886478391,0.6
7180.533178286204,3.824232472286096,0.0,-0.0,2.7081253291074576,380.7874142491637,3.8242305468961497,0.6
7181.493645303778,3.8242249101698276,0.0,-0.0,2.7081253291074576,381.74788126673775,3.8242225547064055,0.6
7182.011897537262,3.824220841206074,0.0,-0.0,2.7081253291074576,382.26613350022126,3.824218252652361,0.6
7182.530149770745,3.8242167788486503,0.0,-0.0,2.7081253291074576,382.78438573370477,3.8242139578725025,0.6
7183.494618735181,3.8242092326917225,0.0,-0.0,2.7081253291074576,383.74885469814035,3.8242059845970853,0.6
7184.0108699952325,3.8242052047500903,0.0,-0.0,2.7081253291074576,384.2651059581922,3.8242017270487296,0.6
7184.527121255284,3.8242011833094542,0.0,-0.0,2.7081253291074576,384.781357218244,3.8241974766713547,0.6
7185.495592166583,3.8241936531156133,0.0,-0.0,2.7081253291074576,385.74982812954295,3.824189522401146,0.6
7186.009842453203,3.824189665791927,0.0,-0.0,2.7081253291074576,386.2640784161631,3.824185308960682,0.6
7186.524092739824,3.8241856848669373,0.0,-0.0,2.7081253291074576,386.77832870278326,3.8241811025892574,0.6
7187.496565597986,3.824178170636455,0.0,-0.0,2.7081253291074576,387.75080156094555,3.8241731674132335,0.6
7188.008814911175,3.824174223533457,0.0,-0.0,2.7081253291074576,388.26305087413493,3.8241689976862117,0.6
7188.521064224365,3.8241702827271684,0.0,-0.0,2.7081253291074576,388.7753001873243,3.824164834927538,0.6
7189.4975390293885,3.8241627844622648,0.0,-0.0,2.7081253291074576,389.75177499234815,3.8241569189327858,0.6
7190.007787369146,3.8241588771861657,0.0,-0.0,2.7081253291074576,390.26202333210585,3.8241527925280745,0.6
7190.518035708904,3.824154976107266,0.0,-0.0,2.7081253291074576,390.77227167186356,3.8241486729922562,0.6
7191.498512460791,3.8241474938100817,0.0,-0.0,2.7081253291074576,391.75274842375075,3.8241407762639876,0.6
7192.006759827117,3.82414362597281,0.0,-0.0,2.7081253291074576,392.2609957900768,3.8241366927937435,0.6
7192.515007193443,3.8241397642341006,0.0,-0.0,2.7081253291074576,392.7692431564028,3.8241326160941584,0.6
7193.499485892194,3.824132297906837,0.0,-0.0,2.7081253291074576,393.75372185515334,3.8241247387157276,0.6
7194.005732285089,3.824128469123549,0.0,-0.0,2.7081253291074576,394.2599682480486,3.824120697795365,0.6
7194.511978677984,3.8241246463430016,0.0,-0.0,2.7081253291074576,394.7662146409439,3.824116663548634,0.6
7195.500459323596,3.8241171959872844,0.0,-0.0,2.7081253291074576,395.75469528655594,3.8241088056015533,0.6
7196.00470474306,3.8241134058805466,0.0,-0.0,2.7081253291074576,396.25894070601953,3.8241048068497143,0.6
7196.508950162523,3.824109621680347,0.0,-0.0,2.7081253291074576,396.7631861254831,3.8241008146756736,0.6
7197.501432754999,3.8241021872986845,0.0,-0.0,2.7081253291074576,397.75566871795854,3.8240929762396325,0.6
7198.003677201031,3.824098435492257,0.0,-0.0,2.7081253291074576,398.25791316399045,3.8240890192781594,0.6
7198.505921647063,3.824094689500251,0.0,-0.0,2.7081253291074576,398.76015761002236,3.824085068799831,0.6
7199.5024061864015,3.8240872710931733,0.0,-0.0,2.7081253291074576,399.75664214936114,3.8240772499527087,0.6
7200.002649659003,3.824083557219347,0.0,-0.0,2.7081253291074576,400.2568856219623,3.8240733344066156,0.6
7200.502893131604,3.824079849066265,0.0,-0.0,2.7081253291074576,400.7571290945634,3.824069425250179,0.6
7201.503379617804,3.8240724466374054,0.0,-0.0,2.7081253291074576,401.75761558076374,3.824061626068065,0.6
7202.0016221169735,3.8240687703280702,0.0,-0.0,2.7081253291074576,402.2558580799332,3.824057751565508,0.6
7202.499864616143,3.8240650996502517,0.0,-0.0,2.7081253291074576,402.75410057910267,3.8240538833602735,0.6
7203.496349614482,3.824057771948505,0.0,-0.0,2.7081253291074576,403.7505855774416,3.8240461658007625,0.6
7203.504353049207,3.8240577131618805,0.0,-0.0,2.7081253291074576,403.75858901216634,3.8240461039174827,0.6
7204.000594574944,3.8240540740572806,0.0,-0.0,2.7081253291074576,404.2548305379041,3.824042270089735,0.6
7204.496836100682,3.824050440494357,0.0,-0.0,2.7081253291074576,404.7510720636419,3.8240384424681153,0.6
7205.489319152158,3.82404318680831,0.0,-0.0,2.7081253291074576,405.7435551151175,3.8240308058030137,0.6
7205.505326480609,3.824043069949708,0.0,-0.0,2.7081253291074576,405.75956244356894,3.824030682837204,0.6
7205.999567032915,3.8240394676926392,0.0,-0.0,2.7081253291074576,406.25380299587505,3.8240268893186284,0.6
7206.4938075852215,3.824035870890088,0.0,-0.0,2.7081253291074576,406.74804354818116,3.8240231019161124,0.6
7207.482288689835,3.824028690510394,0.0,-0.0,2.7081253291074576,407.7365246527943,3.8240155454197677,0.6
7207.506299912012,3.824028516291949,0.0,-0.0,2.7081253291074576,407.76053587497154,3.8240153621678985,0.6
7207.998539490887,3.824024950529509,0.0,-0.0,2.7081253291074576,408.2527754538469,3.8240116085959177,0.6
7208.4907790697625,3.8240213901349924,0.0,-0.0,2.7081253291074576,408.7450150327222,3.824007861051045,0.6
7209.475258227512,3.824014282363475,0.0,-0.0,2.7081253291074576,409.729494190472,3.824000384003866,0.6
7209.507273343414,3.8240140514861745,0.0,-0.0,2.7081253291074576,409.76150930637414,3.8240001412546207,0.6
7209.997511948858,3.8240105218698934,0.0,-0.0,2.7081253291074576,410.2517479118178,3.8239964272696954,0.6
7210.487750554302,3.824006997536105,0.0,-0.0,2.7081253291074576,410.74198651726147,3.823992719224028,0.6
7211.468227765189,3.8239999616810056,0.0,-0.0,2.7081253291074576,411.7224637281488,3.8239853209124335,0.6
7211.508246774817,3.8239996748397536,0.0,-0.0,2.7081253291074576,411.76248273777674,3.8239850194467806,0.6
7211.996484406829,3.8239961810249463,0.0,-0.0,2.7081253291074576,412.2507203697887,3.82398134469238,0.6
7212.484722038841,3.823992692408888,0.0,-0.0,2.7081253291074576,412.7389580018007,3.8239776757904775,0.6
7213.461197302866,3.823985727786777,0.0,-0.0,2.7081253291074576,413.7154332658256,3.823970355506845,0.6
7213.50922020622,3.8239853856668335,0.0,-0.0,2.7081253291074576,413.76345616917934,3.823969996098105,0.6
7213.995456864801,3.823981927312997,0.0,-0.0,2.7081253291074576,414.24969282776055,3.8239663602206835,0.6
7214.481693523382,3.8239784740756217,0.0,-0.0,2.7081253291074576,414.7359294863418,3.823962730110078,0.6
7215.454166840544,3.823971580010275,0.0,-0.0,2.7081253291074576,415.7084028035033,3.823955487152692,0.6
7215.510193637621,3.8239711832901566,0.0,-0.0,2.7081253291074576,415.764429600581,3.8239550705666057,0.6
7215.994429322771,3.8239677600601265,0.0,-0.0,2.7081253291074576,416.24866528573057,3.823951473215577,0.6
7216.47866500792,3.8239643418655023,0.0,-0.0,2.7081253291074576,416.7329009708801,3.823947881546747,0.6
7217.4471363782195,3.823957517689865,0.0,-0.0,2.7081253291074576,417.7013723411792,3.823940715219752,0.6
7217.511167069024,3.823957067039982,0.0,-0.0,2.7081253291074576,417.7654030319836,3.8239402422145448,0.6
7217.993401780742,3.8239536786017854,0.0,-0.0,2.7081253291074576,418.2476377437015,3.8239366830422568,0.6
7218.47563649246,3.823950295117843,0.0,-0.0,2.7081253291074576,418.72987245541935,3.823933129468604,0.6
7219.440105915895,3.8239435401721638,0.0,-0.0,2.7081253291074576,419.6943418788551,3.8239260390819525,0.6
7219.5121405004265,3.823943036254228,0.0,-0.0,2.7081253291074576,419.7663764633862,3.823925510408404,0.6
7219.992374238714,3.8239396822771856,0.0,-0.0,2.7081253291074576,420.2466102016733,3.8239219890701124,0.6
7220.472607977001,3.8239363331773717,0.0,-0.0,2.7081253291074576,420.7268439399604,3.8239184732479363,0.6
7221.433075453574,3.823929646807666,0.0,-0.0,2.7081253291074576,421.6873114165337,3.8239114581173412,0.6
7221.513113931829,3.823929090277317,0.0,-0.0,2.7081253291074576,421.7673498947888,3.823910874518849,0.6
7221.991346696685,3.8239257704371856,0.0,-0.0,2.7081253291074576,422.24558265964424,3.823907390672697,0.6
7222.46957946154,3.823922455396353,0.0,-0.0,2.7081253291074576,422.72381542449966,3.8239039122611698,0.6
7223.426044991251,3.82391583695729,0.0,-0.0,2.7081253291074576,423.6802809542105,3.8238969717080566,0.6
7223.514087363232,3.823915228462149,0.0,-0.0,2.7081253291074576,423.7683233261914,3.8238963339207013,0.6
7223.9903191546555,3.82391194243661,0.0,-0.0,2.7081253291074576,424.24455511761516,3.823892887227692,0.6
7224.466550946079,3.8239086611343955,0.0,-0.0,2.7081253291074576,424.7207869090389,3.823889445888836,0.6
7225.419014528927,3.823902109988034,0.0,-0.0,2.7081253291074576,425.6732504918864,3.823882579240296,0.6
7225.515060794634,3.8239014501675666,0.0,-0.0,2.7081253291074576,425.769296757594,3.823881887992906,0.6
7225.989291612626,3.8238981976390387,0.0,-0.0,2.7081253291074576,426.2435275755861,3.823878478116879,0.6
7226.4635224306185,3.8238949497582304,0.0,-0.0,2.7081253291074576,426.71775839357815,3.823875073515542,0.6
7227.4119840666035,3.8238884652740364,0.0,-0.0,2.7081253291074576,427.6662200295632,3.8238682801042834,0.6
7227.516034226037,3.823887754760568,0.0,-0.0,2.7081253291074576,427.7702701889966,3.8238675361184984,0.6
7227.988264070598,3.823884535414201,0.0,-0.0,2.7081253291074576,428.2425000335579,3.8238641627261085,0.6
7228.4604939151595,3.823881320641565,0.0,-0.0,2.7081253291074576,428.7147298781192,3.8238607945299417,0.6
7229.404953604281,3.823874902195075,0.0,-0.0,2.7081253291074576,429.6591895672409,3.8238540736942457,0.6
7229.5170076574395,3.8238741416146445,0.0,-0.0,2.7081253291074576,429.7712436203992,3.8238532776845795,0.6
7229.987236528569,3.8238709551389944,0.0,-0.0,2.7081253291074576,430.24147249152884,3.8238499404452706,0.6
7230.457465399699,3.8238677731648623,0.0,-0.0,2.7081253291074576,430.71170136265846,3.823846608324703,0.6
7231.397923141958,3.823861420137831,0.0,-0.0,2.7081253291074576,431.6521591049177,3.823839959408376,0.6
7231.517981088842,3.823860610109004,0.0,-0.0,2.7081253291074576,431.7722170518018,3.8238391120822803,0.6
7231.98620898654,3.8238574561970733,0.0,-0.0,2.7081253291074576,432.24044494949976,3.8238358106682644,0.6
7232.454436884238,3.8238543067145017,0.0,-0.0,2.7081253291074576,432.7086728471977,3.8238325142964835,0.6
7233.390892679635,3.823848018497724,0.0,-0.0,2.7081253291074576,433.6451286425945,3.8238259366488117,0.6
7233.518954520245,3.8238471596317476,0.0,-0.0,2.7081253291074576,433.7731904832044,3.823825038706737,0.6
7233.985181444512,3.8238440379791485,0.0,-0.0,2.7081253291074576,434.2394174074716,3.8238217727929706,0.6
7234.451408368779,3.823840920684704,0.0,-0.0,2.7081253291074576,434.70564433173877,3.8238185118458965,0.6
7235.3838622173125,3.823834696673937,0.0,-0.0,2.7081253291074576,435.6380981802722,3.823812004821602,0.6
7235.519927951647,3.8238337895753567,0.0,-0.0,2.7081253291074576,435.774163914607,3.8238110569570596,0.6
7235.984153902483,3.8238306998806495,0.0,-0.0,2.7081253291074576,436.2383898654425,3.823807826221221,0.6
7236.448379853318,3.8238276144748857,0.0,-0.0,2.7081253291074576,436.702615816278,3.823804600377485,0.6
7237.376831754989,3.8238214540725597,0.0,-0.0,2.7081253291074576,437.631067717949,3.823798163336682,0.6
7237.52090138305,3.823820499339851,0.0,-0.0,2.7081253291074576,437.7751373460096,3.823797166236304,0.6
7237.983126360454,3.8238174413058292,0.0,-0.0,2.7081253291074576,438.23736232341344,3.823793970358772,0.6
7238.445351337858,3.8238143874918302,0.0,-0.0,2.7081253291074576,438.69958730081726,3.8237907792996952,0.6
7239.369801292665,3.8238082901082038,0.0,-0.0,2.7081253291074576,439.6240372556249,3.8237844116078428,0.6
7239.5218748144525,3.8238072883318983,0.0,-0.0,2.7081253291074576,439.7761107774122,3.8237833659514453,0.6
7239.982098818426,3.823804261663291,0.0,-0.0,2.7081253291074576,440.23633478138527,3.8237802046152747,0.6
7240.442322822399,3.823801239147748,0.0,-0.0,2.7081253291074576,440.6965587853583,3.823777048024845,0.6
7241.362770830344,3.8237952041978174,0.0,-0.0,2.7081253291074576,441.6170067933035,3.823770749052706,0.6
7241.522848245855,3.8237941559627133,0.0,-0.0,2.7081253291074576,441.7770842088148,3.8237696555133467,0.6
7241.9810712763965,3.823791160369161,0.0,-0.0,2.7081253291074576,442.2353072393562,3.8237665284042497,0.6
7242.439294306938,3.823788168862046,0.0,-0.0,2.7081253291074576,442.69353026989756,3.8237634059691015,0.6
7243.355740368021,3.8237821957674187,0.0,-0.0,2.7081253291074576,443.6099763309803,3.8237571750926995,0.6
7243.523821677258,3.8237811016516075,0.0,-0.0,2.7081253291074576,443.7780576402174,3.823756034336736,0.6
7243.980043734367,3.8237781368449744,0.0,-0.0,2.7081253291074576,444.2342796973271,3.823752941143059,0.6
7244.436265791477,3.8237751760589167,0.0,-0.0,2.7081253291074576,444.6905017544368,3.823749852552448,0.6
7245.3487099056965,3.8237692642483645,0.0,-0.0,2.7081253291074576,445.6029458686562,3.823743689153024,0.6
7245.52479510866,3.8237681248232667,0.0,-0.0,2.7081253291074576,445.77903107162,3.8237425018401763,0.6
7245.979016192338,3.8237651905179946,0.0,-0.0,2.7081253291074576,446.23325215529803,3.8237394422528768,0.6
7246.433237276016,3.8237622601690364,0.0,-0.0,2.7081253291074576,446.68747323897605,3.823736387198664,0.6
7247.341679443373,3.823756409076468,0.0,-0.0,2.7081253291074576,447.595915406333,3.8237302906626334,0.6
7247.525768540063,3.8237552249079028,0.0,-0.0,2.7081253291074576,447.7800045030226,3.8237290574460387,0.6
7247.97798865031,3.8237523208218676,0.0,-0.0,2.7081253291074576,448.23222461326986,3.8237260311586665,0.6
7248.430208760557,3.823749420629194,0.0,-0.0,2.7081253291074576,448.6844447235171,3.823723009335293,0.6
7249.334648981052,3.8237436296944525,0.0,-0.0,2.7081253291074576,449.5888849440116,3.8237169790542045,0.6
7249.5267419714655,3.8237424013417054,0.0,-0.0,2.7081253291074576,449.7809779344252,3.823715700580478,0.6
7249.976961108281,3.823739527195901,0.0,-0.0,2.7081253291074576,450.2311970712408,3.823712707289153,0.6
7250.427180245097,3.823736656880973,0.0,-0.0,2.7081253291074576,450.68141620805636,3.8237097183936206,0.6
7251.327618518728,3.82373092555142,0.0,-0.0,2.7081253291074576,451.5818544816875,3.823703753764114,0.6
7251.527715402868,3.8237296535668537,0.0,-0.0,2.7081253291074576,451.7819513658278,3.823702430673404,0.6
7251.975933566252,3.823726809085844,0.0,-0.0,2.7081253291074576,452.2301695292117,3.823699470076796,0.6
7252.424151729636,3.8237239683737876,0.0,-0.0,2.7081253291074576,452.6783876925956,3.8236965138086467,0.6
7253.320588056405,3.8237182961006093,0.0,-0.0,2.7081253291074576,453.5748240193643,3.8236906142324116,0.6
7253.528688834271,3.823716981031364,0.0,-0.0,2.7081253291074576,453.7829247972304,3.8236892471584576,0.6
7253.974906024224,3.8237141659415217,0.0,-0.0,2.7081253291074576,454.22914198718354,3.8236863189577646,0.6
7254.421123214177,3.823711354560537,0.0,-0.0,2.7081253291074576,454.67535917713667,3.823683395019059,0.6
7255.313557594082,3.8237057408000914,0.0,-0.0,2.7081253291074576,455.567793557042,3.8236775599027952,0.6
7255.529662265673,3.8237043831880095,0.0,-0.0,2.7081253291074576,455.783898228633,3.8236761494729836,0.6
7255.973878482195,3.823701597219314,0.0,-0.0,2.7081253291074576,456.22811444515446,3.823673253371913,0.6
7256.418094698716,3.8236988148992994,0.0,-0.0,2.7081253291074576,456.6723306616759,3.8236703614672103,0.6
7257.306527131759,3.823693259117971,0.0,-0.0,2.7081253291074576,457.5607630947188,3.823664590222587,0.6
7257.530635697076,3.823691859496093,0.0,-0.0,2.7081253291074576,457.7848716600356,3.823663137058008,0.6
7257.972850940166,3.823689102380885,0.0,-0.0,2.7081253291074576,458.2270869031254,3.8236602727627536,0.6
7258.4150661832555,3.823686348855724,0.0,-0.0,2.7081253291074576,458.66930214621516,3.823657412599092,0.6
7259.299496669436,3.823680850520141,0.0,-0.0,2.7081253291074576,459.5537326323956,3.8236517046427068,0.6
7259.531609128478,3.8236794094195563,0.0,-0.0,2.7081253291074576,459.7858450914373,3.8236502093582083,0.6
7259.971823398137,3.823676680893394,0.0,-0.0,2.7081253291074576,460.2260593610963,3.823647376577434,0.6
7260.412037667796,3.823673955899246,0.0,-0.0,2.7081253291074576,460.6662736307553,3.8236445478643093,0.6
7261.292466207113,3.82366851448508,0.0,-0.0,2.7081253291074576,461.5467021700724,3.823638902617649,0.6
7261.53258255988,3.8236670324277906,0.0,-0.0,2.7081253291074576,461.7868185228399,3.823637365821894,0.6
7261.9707958561075,3.823664332228781,0.0,-0.0,2.7081253291074576,462.2250318190672,3.8236345642667096,0.6
7262.409009152335,3.8236616355041098,0.0,-0.0,2.7081253291074576,462.66324511529456,3.8236317667160575,0.6
7263.2854357447895,3.8236562504919096,0.0,-0.0,2.7081253291074576,463.5396717077492,3.8236261836054584,0.6
7263.533555991283,3.8236547279958915,0.0,-0.0,2.7081253291074576,463.7877919542425,3.8236246059009766,0.6
7263.9697683140785,3.82365205586493,0.0,-0.0,2.7081253291074576,464.22400427703815,3.8236218352849214,0.6
7264.405980636874,3.8236493871518205,0.0,-0.0,2.7081253291074576,464.6602165998338,3.8236190686110967,0.6
7265.278405282465,3.8236440580261437,0.0,-0.0,2.7081253291074576,465.5326412454251,3.8236135470677057,0.6
7265.534529422685,3.8236424956034742,0.0,-0.0,2.7081253291074576,465.7887653856451,3.823611929050951,0.6
7265.968740772049,3.8236398512839065,0.0,-0.0,2.7081253291074576,466.22297673500907,3.8236091890899715,0.6
7266.402952121413,3.82363721032681,0.0,-0.0,2.7081253291074576,466.65718808437305,3.8236064530097282,0.6
7267.271374820142,3.8236319365786935,0.0,-0.0,2.7081253291074576,467.5256107831019,3.8236009924694647,0.6
7267.535502854088,3.823630334736131,0.0,-0.0,2.7081253291074576,467.7897388170477,3.8235993347308646,0.6
7267.967713230021,3.82362771797349,0.0,-0.0,2.7081253291074576,468.2219491929809,3.823596625143299,0.6
7268.399923605954,3.82362510451902,0.0,-0.0,2.7081253291074576,468.6541595689141,3.823593919375771,0.6
7269.264344357821,3.823619885644203,0.0,-0.0,2.7081253291074576,469.51858032078053,3.8235885192792884,0.6
7269.536476285491,3.8236182448832388,0.0,-0.0,2.7081253291074576,469.7907122484503,3.823586822403301,0.6
7269.966685687992,3.823615655426523,0.0,-0.0,2.7081253291074576,470.2209216509518,3.823584142909855,0.6
7270.396895090494,3.8236130692247747,0.0,-0.0,2.7081253291074576,470.65113105345335,3.8235814671765374,0.6
7271.257313895497,3.8236079047234983,0.0,-0.0,2.7081253291074576,471.5115498584564,3.8235761269691837,0.6
7271.537449716893,3.823606225539722,0.0,-0.0,2.7081253291074576,471.7916856798529,3.823574391534349,0.6
7271.965658145963,3.82360366314108,0.0,-0.0,2.7081253291074576,472.21989410892274,3.8235717418580806,0.6
7272.393866575033,3.823601103943315,0.0,-0.0,2.7081253291074576,472.6481025379926,3.82356909588281,0.6
7273.2502834331735,3.8235959933233996,0.0,-0.0,2.7081253291074576,473.5045193961332,3.8235638150145923,0.6
7273.538423148296,3.8235942762058777,0.0,-0.0,2.7081253291074576,473.7926591112555,3.823562041593584,0.6
7273.964630603935,3.823591740618365,0.0,-0.0,2.7081253291074576,474.2188665668946,3.8235594214598816,0.6
7274.390838059574,3.8235892081796954,0.0,-0.0,2.7081253291074576,474.64507402253366,3.82355680496882,0.6
7275.243252970851,3.823584150950922,0.0,-0.0,2.7081253291074576,475.4974889338109,3.8235515828943645,0.6
7275.539396579698,3.8235823963859517,0.0,-0.0,2.7081253291074576,475.7936325426581,3.823549772054042,0.6
7275.963603061906,3.8235798873660087,0.0,-0.0,2.7081253291074576,476.2178390248655,3.8235471811906088,0.6
7276.387809544113,3.823577381443817,0.0,-0.0,2.7081253291074576,476.6420455070729,3.8235445939122203,0.6
7277.236222508528,3.823572377121786,0.0,-0.0,2.7081253291074576,477.4904584714877,3.8235394300907375,0.6
7277.540370011101,3.823570585589299,0.0,-0.0,2.7081253291074576,477.7946059740607,3.823537582392198,0.6
7277.962575519877,3.8235681028962687,0.0,-0.0,2.7081253291074576,478.2168114828364,3.823535020529031,0.6
7278.3847810286525,3.823565623249568,0.0,-0.0,2.7081253291074576,478.63901699161215,3.8235324621940667,0.6
7279.229192046205,3.823560671356412,0.0,-0.0,2.7081253291074576,479.4834280091645,3.823527356089314,0.6
7279.541343442504,3.8235588433304266,0.0,-0.0,2.7081253291074576,479.7955794054633,3.8235254720879426,0.6
7279.961547977849,3.8235563867248654,0.0,-0.0,2.7081253291074576,480.21578394080825,3.823522938957315,0.6
7280.3817525131935,3.8235539331159756,0.0,-0.0,2.7081253291074576,480.6359884761532,3.8235204092987938,0.6
7281.222161583883,3.82354903317664,0.0,-0.0,2.7081253291074576,481.47639754684224,3.8235153603790377,0.6
7281.542316873906,3.8235471691276395,0.0,-0.0,2.7081253291074576,481.7965528368659,3.823513440624558,0.6
7281.9605204358195,3.8235447383727506,0.0,-0.0,2.7081253291074576,482.2147563987792,3.8235109359610013,0.6
7282.378723997733,3.823542310566347,0.0,-0.0,2.7081253291074576,482.63295996069246,3.8235084347141917,0.6
7283.215131121559,3.823537462110706,0.0,-0.0,2.7081253291074576,483.46936708451904,3.8235034424521723,0.6
7283.543290305309,3.8235355625037313,0.0,-0.0,2.7081253291074576,483.7975262682685,3.823501487488699,0.6
7283.95949289379,3.8235331573665814,0.0,-0.0,2.7081253291074576,484.2137288567501,3.8234990110289835,0.6
7284.375695482272,3.8235307551281963,0.0,-0.0,2.7081253291074576,484.6299314452317,3.823496537931384,0.6
7285.208100659235,3.823525957693536,0.0,-0.0,2.7081253291074576,485.4623366221949,3.8234916018042813,0.6
7285.544263736711,3.8235240229865552,0.0,-0.0,2.7081253291074576,485.7984996996711,3.8234896121703654,0.6
7285.958465351761,3.8235216432347316,0.0,-0.0,2.7081253291074576,486.212701314721,3.8234871636534833,0.6
7286.372666966811,3.8235192663340976,0.0,-0.0,2.7081253291074576,486.62690292977095,3.8234847184448073,0.6
7287.201070196912,3.823514519459369,0.0,-0.0,2.7081253291074576,487.4553061598717,3.8234798379342023,0.6
7287.545237168114,3.8235125501082026,0.0,-0.0,2.7081253291074576,487.7994731310737,3.8234778141628842,0.6
7287.957437809733,3.823510195512725,0.0,-0.0,2.7081253291074576,488.21167377269285,3.823475393330031,0.6
7288.369638451352,3.823507843720826,0.0,-0.0,2.7081253291074576,488.623874414312,3.8234729757521877,0.6
7289.194039734591,3.823503146950205,0.0,-0.0,2.7081253291074576,489.44827569755034,3.823468150344029,0.6
7289.546210599517,3.823501143404558,0.0,-0.0,2.7081253291074576,489.8004465624763,3.823466092962886,0.6
7289.956410267704,3.8234988137384645,0.0,-0.0,2.7081253291074576,490.21064623066377,3.823463699557444,0.6
7290.366609935892,3.823496486829287,0.0,-0.0,2.7081253291074576,490.62084589885126,3.8234613093545193,0.6
7291.187009272267,3.823491839711083,0.0,-0.0,2.7081253291074576,491.44124523522623,3.8234565385390864,0.6
7291.547184030919,3.823489802416506,0.0,-0.0,2.7081253291074576,491.8014199938789,3.8234544480702826,0.6
7291.955382725675,3.823487497454706,0.0,-0.0,2.7081253291074576,492.2096186886347,3.8234520818378015,0.6
7292.363581420431,3.823485195203903,0.0,-0.0,2.7081253291074576,492.6178173833905,3.823449718756043,0.6
7293.179978809943,3.823480597292199,0.0,-0.0,2.7081253291074576,493.43421477290303,3.8234450020279147,0.6
7293.548157462322,3.8234785266892124,0.0,-0.0,2.7081253291074576,493.8023934252815,3.823442878988245,0.6
7293.954355183647,3.823476246208875,0.0,-0.0,2.7081253291074576,494.2085911466065,3.823440539676427,0.6
7294.360552904972,3.8234739683948904,0.0,-0.0,2.7081253291074576,494.61478886793157,3.8234382034642245,0.6
7295.172948347621,3.823469419246971,0.0,-0.0,2.7081253291074576,495.42718431058074,3.8234335403222413,0.6
7295.549130893724,3.823467315771339,0.0,-0.0,2.7081253291074576,495.8033668566841,3.8234313852231847,0.6
7295.953327641618,3.823465059552142,0.0,-0.0,2.7081253291074576,496.20756360457744,3.823429072581864,0.6
7296.357524389511,3.82346280595463,0.0,-0.0,2.7081253291074576,496.6117603524708,3.823426762989734,0.6
7297.165917885298,3.823458305132596,0.0,-0.0,2.7081253291074576,497.42015384825754,3.823422152936966,0.6
7297.550104325127,3.823456169215828,0.0,-0.0,2.7081253291074576,497.8043402880867,3.8234199662847277,0.6
7297.952300099589,3.823453937039489,0.0,-0.0,2.7081253291074576,498.20653606254837,3.823417680065857,0.6
7298.35449587405,3.8234517074415875,0.0,-0.0,2.7081253291074576,498.60873183701005,3.823415396846424,0.6
7299.158887422975,3.823447254511211,0.0,-0.0,2.7081253291074576,499.41312338593434,3.8234108393901356,0.6
7299.55107775653,3.8234450865802363,0.0,-0.0,2.7081253291074576,499.8053137194893,3.823408621685698,0.6
7299.9512725575605,3.8234428782303236,0.0,-0.0,2.7081253291074576,500.2055085205202,3.823406361643328,0.6
7300.351467358591,3.823440672416063,0.0,-0.0,2.7081253291074576,500.6057033215511,3.82340410455131,0.6
7301.151856960652,3.8234362669489372,0.0,-0.0,2.7081253291074576,501.40609292361205,3.823399599202926,0.6
7301.552051187932,3.8234340674253726,0.0,-0.0,2.7081253291074576,501.8062871508919,3.823397350942094,0.6
7301.950245015531,3.8234318826880687,0.0,-0.0,2.7081253291074576,502.2044809784911,3.823395116832359,0.6
7302.348438843131,3.8234297004441826,0.0,-0.0,2.7081253291074576,502.60267480609036,3.823392885624547,0.6
7303.144826498329,3.823425342013956,0.0,-0.0,2.7081253291074576,503.39906246128885,3.8233884318996223,0.6
7303.553024619334,3.823423111316152,0.0,-0.0,2.7081253291074576,503.80726058229357,3.8233861535730673,0.6
7303.949217473501,3.823420949979988,0.0,-0.0,2.7081253291074576,504.20345343646113,3.8233839451541667,0.6
7304.345410327669,3.823418791094973,0.0,-0.0,2.7081253291074576,504.5996462906287,3.8233817395894127,0.6
7305.137796036004,3.8234144792812947,0.0,-0.0,2.7081253291074576,505.39203199896383,3.823377337007594,0.6
7305.5539980507365,3.8234122178222556,0.0,-0.0,2.7081253291074576,505.80823401369616,3.8233750291009025,0.6
7305.948189931473,3.8234100796765578,0.0,-0.0,2.7081253291074576,506.20242589443296,3.8233728461330863,0.6
7306.34238181221,3.823407943941201,0.0,-0.0,2.7081253291074576,506.59661777516976,3.8233706659722824,0.6
7307.130765573683,3.823403678326973,0.0,-0.0,2.7081253291074576,507.38500153664245,3.8233663140572807,0.6
7307.554971482139,3.8234013865160454,0.0,-0.0,2.7081253291074576,507.80920744509876,3.8233639770509984,0.6
7307.947162389444,3.8233992713538862,0.0,-0.0,2.7081253291074576,508.2013983524039,3.8233618192965477,0.6
7308.339353296749,3.8233971585605246,0.0,-0.0,2.7081253291074576,508.593589259709,3.8233596643026124,0.6
7309.12373511136,3.823392938733104,0.0,-0.0,2.7081253291074576,509.37797107431925,3.823355362582167,0.6
7309.555944913542,3.8233906172130196,0.0,-0.0,2.7081253291074576,509.81018087650136,3.8233529969518436,0.6
7309.946134847415,3.8233885248263086,0.0,-0.0,2.7081253291074576,510.2003708103748,3.8233508641750578,0.6
7310.336324781289,3.8233864347706783,0.0,-0.0,2.7081253291074576,510.59056074424825,3.8233487341129186,0.6
7311.1167046490355,3.823382260318202,0.0,-0.0,2.7081253291074576,511.37094061199514,3.823344482118766,0.6
7311.556918344944,3.8233799092455105,0.0,-0.0,2.7081253291074576,511.81115430790396,3.8233420883350013,0.6
7311.945107305386,3.82337783943474,0.0,-0.0,2.7081253291074576,512.1993432683457,3.8233399803021784,0.6
7312.333296265828,3.8233757719123767,0.0,-0.0,2.7081253291074576,512.5875322287875,3.8233378749387565,0.6
7313.109674186712,3.823371642432721,0.0,-0.0,2.7081253291074576,513.3639101496719,3.8233336722065974,0.6
7313.557891776347,3.8233692622060724,0.0,-0.0,2.7081253291074576,513.8121277393066,3.823331250735084,0.6
7313.944079763358,3.823367214764275,0.0,-0.0,2.7081253291074576,514.1983157263176,3.8233291672145078,0.6
7314.330267750369,3.823365169573872,0.0,-0.0,2.7081253291074576,514.5845037133286,3.8233270863187006,0.6
7315.10264372439,3.823361084663679,0.0,-0.0,2.7081253291074576,515.3568796873496,3.8233229323881694,0.6
7315.5588652077495,3.8233586756732545,0.0,-0.0,2.7081253291074576,515.8131011707092,3.8233204836897365,0.6
7315.943052221329,3.8233566504031944,0.0,-0.0,2.7081253291074576,516.1972881842885,3.8233184244516583,0.6
7316.327239234908,3.8233546273459185,0.0,-0.0,2.7081253291074576,516.5814751978678,3.823316367794325,0.6
7317.095613262067,3.8233505866088158,0.0,-0.0,2.7081253291074576,517.3498492250264,3.8233122622089586,0.6
7317.559838639152,3.8233481492427246,0.0,-0.0,2.7081253291074576,517.8140746021118,3.8233097867396153,0.6
7317.9420246793,3.823346145945747,0.0,-0.0,2.7081253291074576,518.1962606422594,3.8233077515562393,0.6
7318.324210719447,3.823344144823526,0.0,-0.0,2.7081253291074576,518.578446682407,3.8233057189101847,0.6
7319.088582799744,3.823340147866347,0.0,-0.0,2.7081253291074576,519.3428187627032,3.8233016612173887,0.6
7319.560812070555,3.823337682508008,0.0,-0.0,2.7081253291074576,519.8150480335144,3.8232991594283705,0.6
7319.940997137272,3.8233357009874673,0.0,-0.0,2.7081253291074576,520.1952331002312,3.823297148073837,0.6
7320.321182203988,3.823333721605084,0.0,-0.0,2.7081253291074576,520.5754181669481,3.8232951392137955,0.6
7321.081552337421,3.823329768036672,0.0,-0.0,2.7081253291074576,521.335788300381,3.8232911289648155,0.6
7321.561785501957,3.8233272750654432,0.0,-0.0,2.7081253291074576,521.816021464917,3.8232886013026226,0.6
7321.9399695952425,3.8233253151284607,0.0,-0.0,2.7081253291074576,522.1942055582022,3.823286613552993,0.6
7322.318153688528,3.8233233572919425,0.0,-0.0,2.7081253291074576,522.5723896514874,3.823284628255613,0.6
7323.074521875098,3.823319446726962,0.0,-0.0,2.7081253291074576,523.3287578380578,3.823280665005503,0.6
7323.56275893336,3.8233169265193023,0.0,-0.0,2.7081253291074576,523.8169948963196,3.823278111911946,0.6
7323.938942053213,3.823314987971427,0.0,-0.0,2.7081253291074576,524.1931780161731,3.823276147545188,0.6
7324.315125173067,3.8233130514893245,0.0,-0.0,2.7081253291074576,524.5693611360266,3.8232741855890175,0.6
7325.067491412774,3.8233091835444526,0.0,-0.0,2.7081253291074576,525.3217273757336,3.8232702688966094,0.6
7325.5637323647625,3.8233066364710826,0.0,-0.0,2.7081253291074576,525.8179683277222,3.8232676908088488,0.6
7325.937914511185,3.8233047191239695,0.0,-0.0,2.7081253291074576,526.1921504741449,3.82326574960482,0.6
7326.312096657608,3.823302803805568,0.0,-0.0,2.7081253291074576,526.5663326205677,3.8232638107702903,0.6
7327.060460950453,3.823298978103178,0.0,-0.0,2.7081253291074576,527.3146969134123,3.8232599401981635,0.6
7327.564705796165,3.823296404532803,0.0,-0.0,2.7081253291074576,527.8189417591248,3.823257337548753,0.6
7327.936886969156,3.823294508195184,0.0,-0.0,2.7081253291074576,528.1911229321158,3.823255419289186,0.6
7328.309068142147,3.8232926138527117,0.0,-0.0,2.7081253291074576,528.5633041051069,3.8232535033585977,0.6
7329.053430488129,3.82328883001589,0.0,-0.0,2.7081253291074576,529.3076664510891,3.823249678473048,0.6
7329.565679227568,3.823286230311701,0.0,-0.0,2.7081253291074576,529.8199151905274,3.823247051689977,0.6
7329.935859427127,3.8232843547987336,0.0,-0.0,2.7081253291074576,530.1900953900868,3.8232451561584653,0.6
7330.3060396266865,3.8232824812459043,0.0,-0.0,2.7081253291074576,530.5602755896462,3.823243262915971,0.6
7331.046400025805,3.8232787389035456,0.0,-0.0,2.7081253291074576,531.300635988765,3.823239483286983,0.6
7331.56665265897,3.823276113426118,0.0,-0.0,2.7081253291074576,531.82088862193,3.823236832793715,0.6
7331.934831885098,3.8232742585519652,0.0,-0.0,2.7081253291074576,532.1890678480577,3.823234959775695,0.6
7332.303011111226,3.8232724056029506,0.0,-0.0,2.7081253291074576,532.5572470741854,3.823233089007288,0.6
7333.039369563482,3.8232687043882647,0.0,-0.0,2.7081253291074576,533.2936055264418,3.823229354208503,0.6
7333.567626090373,3.8232660534943728,0.0,-0.0,2.7081253291074576,533.8218620533326,3.8232266804240185,0.6
7333.93380434307,3.8232642190740718,0.0,-0.0,2.7081253291074576,534.1880403060295,3.8232248297067595,0.6
7334.299982595767,3.8232623865464497,0.0,-0.0,2.7081253291074576,534.5542185587265,3.8232229812002543,0.6
7335.03233910116,3.8232587260920576,0.0,-0.0,2.7081253291074576,535.2865750641195,3.8232192908089435,0.6
7335.5685995217755,3.823256050134324,0.0,-0.0,2.7081253291074576,535.8228354847352,3.823216594147779,0.6
7335.932776801041,3.8232542359874215,0.0,-0.0,2.7081253291074576,536.1870127640004,3.823214765520364,0.6
7336.296954080306,3.8232524237004473,0.0,-0.0,2.7081253291074576,536.5511900432657,3.8232129390653857,0.6
7337.025308638837,3.823248803645435,0.0,-0.0,2.7081253291074576,537.2795446017963,3.823209292662419,0.6
7337.569572953178,3.823246102972728,0.0,-0.0,2.7081253291074576,537.8238089161378,3.823206573534708,0.6
7337.931749259012,3.823244308919685,0.0,-0.0,2.7081253291074576,538.1859852219714,3.8232047667880216,0.6
7338.293925564845,3.8232425166925195,0.0,-0.0,2.7081253291074576,538.548161527805,3.8232029621759898,0.6
7339.018278176513,3.8232389366808004,0.0,-0.0,2.7081253291074576,539.2725141394731,3.8231993593458062,0.6
7339.570546384581,3.8232362116388003,0.0,-0.0,2.7081253291074576,539.8247823475403,3.8231966181573185,0.6
7339.9307217169835,3.823234437499314,0.0,-0.0,2.7081253291074576,540.1849576799432,3.823194833084031,0.6
7340.290897049386,3.8232326651546646,0.0,-0.0,2.7081253291074576,540.545133012346,3.8231930501081455,0.6
7341.011247714191,3.8232291248291284,0.0,-0.0,2.7081253291074576,541.2654836771508,3.8231894904387267,0.6
7341.571519815983,3.8232263757603198,0.0,-0.0,2.7081253291074576,541.825755778943,3.8231867275909086,0.6
7341.929694174954,3.823224621358498,0.0,-0.0,2.7081253291074576,542.1839301379141,3.8231849639854616,0.6
7342.287868533926,3.823222868720042,0.0,-0.0,2.7081253291074576,542.5421044968853,3.8231832024406875,0.6
7343.004217251868,3.823219367730062,0.0,-0.0,2.7081253291074576,543.2584532148276,3.823179685523529,0.6
7343.572493247386,3.823216594972509,0.0,-0.0,2.7081253291074576,543.8267292103455,3.8231769014135404,0.6
7343.928666632925,3.8232148601333606,0.0,-0.0,2.7081253291074576,544.182902595885,3.823175159072134,0.6
7344.284840018465,3.8232131270266256,0.0,-0.0,2.7081253291074576,544.5390759814245,3.8231734187551885,0.6
7344.997186789545,3.8232096650241107,0.0,-0.0,2.7081253291074576,545.2514227525044,3.82316994418527,0.6
7345.5734666787885,3.823206868912071,0.0,-0.0,2.7081253291074576,545.8277026417481,3.8231671392060247,0.6
7345.927639090897,3.8232051534623626,0.0,-0.0,2.7081253291074576,546.1818750538569,3.8231654179266026,0.6
7346.281811503006,3.82320343971352,0.0,-0.0,2.7081253291074576,546.5360474659656,3.823163698635939,0.6
7346.990156327222,3.8232000163542343,0.0,-0.0,2.7081253291074576,547.2443922901821,3.823160266011697,0.6
7347.57444011019,3.8231971972193586,0.0,-0.0,2.7081253291074576,547.8286760731498,3.8231574405519004,0.6
7347.926611548867,3.8231955009862624,0.0,-0.0,2.7081253291074576,548.1808475118269,3.823155740134135,0.6
7348.278782987544,3.823193806424521,0.0,-0.0,2.7081253291074576,548.5330189505039,3.8231540416699312,0.6
7348.983125864898,3.823190421365296,0.0,-0.0,2.7081253291074576,549.237361827858,3.8231506505932313,0.6
7349.575413541593,3.8231875795363255,0.0,-0.0,2.7081253291074576,549.8296495045524,3.8231478050374204,0.6
7349.925584006838,3.823185902349936,0.0,-0.0,2.7081253291074576,550.1798199697978,3.8231461252826993,0.6
7350.2757544720835,3.8231842268052922,0.0,-0.0,2.7081253291074576,550.5299904350431,3.8231444474468423,0.6
7350.976095402574,3.823180879707548,0.0,-0.0,2.7081253291074576,551.2303313655339,3.8231410975229516,0.6
7351.576386972995,3.8231780155088755,0.0,-0.0,2.7081253291074576,551.830622935955,3.8231382322515293,0.6
7351.924556464809,3.823176357200447,0.0,-0.0,2.7081253291074576,552.1787924277687,3.8231365729629427,0.6
7352.272725956623,3.823174700504659,0.0,-0.0,2.7081253291074576,552.5269619195824,3.823134915559015,0.6
7352.969064940251,3.823171391033278,0.0,-0.0,2.7081253291074576,553.2233009032107,3.8231316063965743,0.6
7353.577360404398,3.8231685047859476,0.0,-0.0,2.7081253291074576,553.8315963673576,3.82312872178585,0.6
7353.923528922781,3.823166865188508,0.0,-0.0,2.7081253291074576,554.1777648857405,3.823127082768175,0.6
7354.269697441164,3.8231652271743526,0.0,-0.0,2.7081253291074576,554.5239334041235,3.8231254456014416,0.6
7354.96203447793,3.823161954997307,0.0,-0.0,2.7081253291074576,555.2162704408893,3.823122176812438,0.6
7355.578333835801,3.8231590470185832,0.0,-0.0,2.7081253291074576,555.8325697987602,3.8231192732346626,0.6
7355.922501380752,3.8231574259665977,0.0,-0.0,2.7081253291074576,556.1767373437115,3.823117654294351,0.6
7356.266668925703,3.823155806469446,0.0,-0.0,2.7081253291074576,556.5209048886627,3.823116037171745,0.6
7356.9550040156055,3.8231525712561814,0.0,-0.0,2.7081253291074576,557.2092399785652,3.8231128083714876,0.6
7357.579307267203,3.823149641861596,0.0,-0.0,2.7081253291074576,557.8335432301628,3.8231098861948922,0.6
7357.921473838723,3.8231480391908335,0.0,-0.0,2.7081253291074576,558.1757098016824,3.8231082871400557,0.6
7358.263640410242,3.8231464380461855,0.0,-0.0,2.7081253291074576,558.517876373202,3.8231066898701647,0.6
7358.947973553282,3.8231432394721354,0.0,-0.0,2.7081253291074576,559.202209516242,3.8231035006772536,0.6
7359.580280698606,3.8231402889720414,0.0,-0.0,2.7081253291074576,559.8345166615654,3.823100560266084,0.6
7359.9204462966945,3.823138704519449,0.0,-0.0,2.7081253291074576,560.1746822596542,3.8230989809064813,0.6
7360.260611894783,3.823137121566055,0.0,-0.0,2.7081253291074576,560.514847857743,3.823097403299536,0.6
7360.94094309096,3.8231339593058804,0.0,-0.0,2.7081253291074576,561.1951790539197,3.8230942533358387,0.6
7361.581254130008,3.8231309880098845,0.0,-0.0,2.7081253291074576,561.835490092968,3.823091295050394,0.6
7361.9194187546655,3.823129421614074,0.0,-0.0,2.7081253291074576,562.1736547176251,3.823089735197419,0.6
7362.257583379323,3.823127856690666,0.0,-0.0,2.7081253291074576,562.5118193422823,3.823088177065277,0.6
7362.933912628637,3.82312473042456,0.0,-0.0,2.7081253291074576,563.1881485915965,3.8230850659559006,0.6
7363.582227561411,3.823121738636676,0.0,-0.0,2.7081253291074576,563.8364635243706,3.823082090152567,0.6
7363.918391212636,3.8231201901388525,0.0,-0.0,2.7081253291074576,564.1726271755961,3.823080549619233,0.6
7364.254554863862,3.8231186430859037,0.0,-0.0,2.7081253291074576,564.5087908268215,3.8230790107753676,0.6
7364.926882166314,3.8231155524966702,0.0,-0.0,2.7081253291074576,565.1811181292733,3.823075938148634,0.6
7365.5832009928135,3.8231125405186672,0.0,-0.0,2.7081253291074576,565.8374369557732,3.8230729451799217,0.6
7365.917363670608,3.823111009760211,0.0,-0.0,2.7081253291074576,566.1715996335679,3.82307142378085,0.6
7366.251526348403,3.823109480420213,0.0,-0.0,2.7081253291074576,566.5057623113626,3.8230699040403366,0.6
7366.919851703991,3.8231064251922007,0.0,-0.0,2.7081253291074576,567.174087666951,3.823066869527755,0.6
7367.584174424216,3.823103393323817,0.0,-0.0,2.7081253291074576,567.8384103871758,3.8230638597423328,0.6
7367.916336128579,3.8231018801475014,0.0,-0.0,2.7081253291074576,568.1705720915388,3.823062357293739,0.6
7368.248497832942,3.823100368364266,0.0,-0.0,2.7081253291074576,568.5027337959018,3.8230608564732425,0.6
7368.912821241668,3.823097348186158,0.0,-0.0,2.7081253291074576,569.1670572046278,3.8230578597094853,0.6
7369.585147855619,3.8230942967225765,0.0,-0.0,2.7081253291074576,569.8393838185784,3.823054833452216,0.6
7369.91530858655,3.823092800973468,0.0,-0.0,2.7081253291074576,570.1695445495097,3.823053349771898,0.6
7370.245469317481,3.8230913065914707,0.0,-0.0,2.7081253291074576,570.499705280441,3.823051867689659,0.6
7370.905790779344,3.823088321154163,0.0,-0.0,2.7081253291074576,571.1600267423037,3.8230489083125354,0.6
7371.586121287021,3.823085250387825,0.0,-0.0,2.7081253291074576,571.840357249981,3.8230458659245103,0.6
7371.914281044521,3.8230837719118433,0.0,-0.0,2.7081253291074576,572.1685170074807,3.823044400831834,0.6
7372.242440802021,3.8230822947778207,0.0,-0.0,2.7081253291074576,572.4966767649803,3.8230429373076573,0.6
7372.898760317021,3.8230793437748734,0.0,-0.0,2.7081253291074576,573.1529962799805,3.823040014958087,0.6
7373.587094718424,3.823076253995555,0.0,-0.0,2.7081253291074576,573.8413306813836,3.823036956776661,0.6
7373.913253502493,3.8230747926395905,0.0,-0.0,2.7081253291074576,574.1674894654525,3.823035510092549,0.6
7374.239412286562,3.8230733326015063,0.0,-0.0,2.7081253291074576,574.4936482495214,3.82303406494779,0.6
7374.891729854699,3.823070415729476,0.0,-0.0,2.7081253291074576,575.1459658176591,3.82303117926978,0.6
7375.5880681498265,3.8230673072245698,0.0,-0.0,2.7081253291074576,575.8423041127862,3.823028105628605,0.6
7375.912225960464,3.8230658628382033,0.0,-0.0,2.7081253291074576,576.1664619234234,3.8230266771755237,0.6
7376.236383771101,3.823064419744698,0.0,-0.0,2.7081253291074576,576.4906197340606,3.8230252502330764,0.6
7376.884699392375,3.8230615367027796,0.0,-0.0,2.7081253291074576,577.138935355335,3.823022400873694,0.6
7377.589041581229,3.8230584097546165,0.0,-0.0,2.7081253291074576,577.8432775441888,3.8230193121027525,0.6
7377.911198418435,3.823056982188356,0.0,-0.0,2.7081253291074576,578.1654343813943,3.823017901704699,0.6
7378.23335525564,3.8230555558898027,0.0,-0.0,2.7081253291074576,578.4875912185998,3.8230164927889825,0.6
7378.877668930052,3.823052706381131,0.0,-0.0,2.7081253291074576,579.1319048930118,3.823013679398334,0.6
7379.590015012632,3.823049561268646,0.0,-0.0,2.7081253291074576,579.8442509755914,3.8230105758239734,0.6
7379.9101708764065,3.823048150374487,0.0,-0.0,2.7081253291074576,580.1644068393662,3.823009183306463,0.6
7380.230326740181,3.8230467407235396,0.0,-0.0,2.7081253291074576,580.4845627031409,3.823007792243412,0.6
7380.87063846773,3.8230439244517784,0.0,-0.0,2.7081253291074576,581.1248744306895,3.8230050144746124,0.6
7381.590988444034,3.823040761454472,0.0,-0.0,2.7081253291074576,581.845224406994,3.8230018964195795,0.6
7381.909143334377,3.823039367084336,0.0,-0.0,2.7081253291074576,582.1633792973371,3.823000521609634,0.6
7382.2272982247205,3.8230379739343237,0.0,-0.0,2.7081253291074576,582.4815341876802,3.8229991482266823,0.6
7382.863608005407,3.8230351906061633,0.0,-0.0,2.7081253291074576,583.1178439683663,3.8229964057358377,0.6
7383.591961875437,3.8230320100008828,0.0,-0.0,2.7081253291074576,583.8461978383966,3.822993273519309,0.6
7383.908115792348,3.8230306320076766,0.0,-0.0,2.7081253291074576,584.162351755308,3.8229919162454435,0.6
7384.22426970926,3.8230292552123357,0.0,-0.0,2.7081253291074576,584.4785056722194,3.8229905603715153,0.6
7384.856577543083,3.8230265045384684,0.0,-0.0,2.7081253291074576,585.1108135060431,3.8229878528176937,0.6
7385.5929353068395,3.823023306596215,0.0,-0.0,2.7081253291074576,585.8471712697992,3.8229847067553093,0.6
7385.90708825032,3.8230219448364804,0.0,-0.0,2.7081253291074576,586.1613242132798,3.8229833668475233,0.6
7386.221241193801,3.823020584251932,0.0,-0.0,2.7081253291074576,586.4754771567605,3.822982028313019,0.6
7386.849547080761,3.823017865944459,0.0,-0.0,2.7081253291074576,587.1037830437208,3.8229793553582283,0.6
7387.593908738242,3.8230146509343017,0.0,-0.0,2.7081253291074576,587.8481447012018,3.8229761957621253,0.6
7387.906060708291,3.823013305264918,0.0,-0.0,2.7081253291074576,588.1602966712508,3.8229748730518853,0.6
7388.21821267834,3.823011960748379,0.0,-0.0,2.7081253291074576,588.4724486412997,3.8229735516886714,0.6
7388.842516618438,3.8230092745225814,0.0,-0.0,2.7081253291074576,589.0967525813976,3.8229709129978344,0.6
7389.594882169644,3.823006042711085,0.0,-0.0,2.7081253291074576,589.8491181326035,3.822967740176679,0.6
7389.905033166261,3.823004712989896,0.0,-0.0,2.7081253291074576,590.1592691292208,3.822966434496911,0.6
7390.215184162878,3.8230033843995153,0.0,-0.0,2.7081253291074576,590.469420125838,3.8229651301383063,0.6
7390.835486156113,3.823000729972848,0.0,-0.0,2.7081253291074576,591.0897221190726,3.82296252537924,0.6
7391.595855601046,3.822997481623582,0.0,-0.0,2.7081253291074576,591.8500915640061,3.8229593396382566,0.6
7391.904005624233,3.8229961677098507,0.0,-0.0,2.7081253291074576,592.1582415871926,3.8229580508233334,0.6
7392.212155647419,3.822994854905702,0.0,-0.0,2.7081253291074576,592.4663916103791,3.8229567633040986,0.6
7392.8284556937915,3.8229922319980156,0.0,-0.0,2.7081253291074576,593.0826916567512,3.822954192147487,0.6
7393.596829032449,3.8229889673736666,0.0,-0.0,2.7081253291074576,593.8510649954087,3.8229509937884942,0.6
7393.902978082204,3.8229876691276043,0.0,-0.0,2.7081253291074576,594.1572140451635,3.8229497216742216,0.6
7394.209127131959,3.8229863719699066,0.0,-0.0,2.7081253291074576,594.4633630949183,3.8229484508305474,0.6
7394.821425231468,3.822983780304038,0.0,-0.0,2.7081253291074576,595.075661194428,3.8229459129499195,0.6
7395.597802463852,3.82298049966111,0.0,-0.0,2.7081253291074576,595.8520384268113,3.822942702271359,0.6
7395.901950540175,3.8229792169450665,0.0,-0.0,2.7081253291074576,596.1561865031344,3.822941446694966,0.6
7396.206098616498,3.822977935296034,0.0,-0.0,2.7081253291074576,596.4603345794576,3.8229401923644613,0.6
7396.814394769144,3.822975374597189,0.0,-0.0,2.7081253291074576,597.0686307321039,3.8229376874361702,0.6
7397.598775895254,3.8229720781907948,0.0,-0.0,2.7081253291074576,597.8530118582139,3.822934464733138,0.6
7397.900922998146,3.8229708108688722,0.0,-0.0,2.7081253291074576,598.1551589611054,3.822933225533265,0.6
7398.203070101037,3.8229695445926755,0.0,-0.0,2.7081253291074576,598.4573060639968,3.8229319875549437,0.6
7398.807364306821,3.8229670145881847,0.0,-0.0,2.7081253291074576,599.0616002697807,3.822929515258142,0.6
7399.599749326657,3.8229637026723804,0.0,-0.0,2.7081253291074576,599.8539852896165,3.822926280822419,0.6
7399.8998954561175,3.822962450607413,0.0,-0.0,2.7081253291074576,600.1541314190772,3.822925057839106,0.6
7400.200041585578,3.822961199567601,0.0,-0.0,2.7081253291074576,600.4542775485379,3.8229238360533793,0.6
7400.800333844499,3.8229586999876863,0.0,-0.0,2.7081253291074576,601.0545698074584,3.822921396069995,0.6
7401.600722758059,3.822955372811024,0.0,-0.0,2.7081253291074576,601.8549587210191,3.8229181501900795,0.6
7401.898867914088,3.8229541358705643,0.0,-0.0,2.7081253291074576,602.1531038770481,3.8229169432647545,0.6
7402.1970130701175,3.822952899933357,0.0,-0.0,2.7081253291074576,602.4512490330771,3.822915737513416,0.6
7402.7933033821755,3.8229504305105007,0.0,-0.0,2.7081253291074576,603.0475393451352,3.822913329528133,0.6
7403.601696189462,3.8229470883181187,0.0,-0.0,2.7081253291074576,603.8559321524217,3.8229100724892686,0.6
7403.897840372059,3.8229458663713327,0.0,-0.0,2.7081253291074576,604.152076335019,3.822908881464737,0.6
7404.193984554657,3.822944645403749,0.0,-0.0,2.7081253291074576,604.4482205176164,3.8229076915909537,0.6
7404.786272919852,3.8229422058738125,0.0,-0.0,2.7081253291074576,605.040508882812,3.8229053152911865,0.6
7405.602669620865,3.822938848902381,0.0,-0.0,2.7081253291074576,605.8569055838243,3.8229020473753934,0.6
7405.896812830031,3.822937641824266,0.0,-0.0,2.7081253291074576,606.1510487929909,3.8229008720958273,0.6
7406.190956039198,3.822936435693943,0.0,-0.0,2.7081253291074576,606.4451920021575,3.8228996979441274,0.6
7406.77924245753,3.822934025797486,0.0,-0.0,2.7081253291074576,607.0334784204897,3.82289735302,0.6
7407.603643052267,3.8229306542619375,0.0,-0.0,2.7081253291074576,607.8578790152269,3.822894074506106,0.6
7407.895785288002,3.8229294619454595,0.0,-0.0,2.7081253291074576,608.1500212509618,3.8228929148170305,0.6
7408.187927523737,3.822928270522251,0.0,-0.0,2.7081253291074576,608.4421634866967,3.8228917562332922,0.6
7408.772211995207,3.822925890008452,0.0,-0.0,2.7081253291074576,609.0264479581665,3.8228894423776185,0.6
7409.60461648367,3.8229225040677552,0.0,-0.0,2.7081253291074576,609.8588524466295,3.8228861535412864,0.6
7409.894757745973,3.822921326454745,0.0,-0.0,2.7081253291074576,610.1489937089327,3.8228850092895708,0.6
7410.184899008276,3.822920149609036,0.0,-0.0,2.7081253291074576,610.439134971236,3.8228838661210127,0.6
7410.765181532883,3.8229177982491347,0.0,-0.0,2.7081253291074576,611.0194174958424,3.82288158302927,0.6
7411.605589915072,3.822914397871931,0.0,-0.0,2.7081253291074576,611.8598258780321,3.8228782841430275,0.6
7411.893730203945,3.8229132350731234,0.0,-0.0,2.7081253291074576,612.1479661669046,3.8228771551768745,0.6
7412.181870492817,3.8229120726756887,0.0,-0.0,2.7081253291074576,612.436106455777,3.822876027272043,0.6
7412.758151070561,3.8229097503185034,0.0,-0.0,2.7081253291074576,613.012387033521,3.822873774642354,0.6
7413.606563346475,3.822906340671549,0.0,-0.0,2.7081253291074576,613.8607993094347,3.8228704659756247,0.6
7413.892702661916,3.822905191699548,0.0,-0.0,2.7081253291074576,614.1469386248755,3.822869352144558,0.6
7414.178841977357,3.822904043620359,0.0,-0.0,2.7081253291074576,614.4330779403163,3.8228682393533164,0.6
7414.751120608238,3.8229017496350566,0.0,-0.0,2.7081253291074576,615.0053565711978,3.822866016886427,0.6
7415.607536777878,3.8228983224395763,0.0,-0.0,2.7081253291074576,615.8617727408373,3.8228626987055567,0.6
7415.891675119887,3.8228971876799953,0.0,-0.0,2.7081253291074576,616.1459110828464,3.8228615998604116,0.6
7416.175813461896,3.8228960537961707,0.0,-0.0,2.7081253291074576,616.4300494248555,3.8228605020339312,0.6
7416.744090145914,3.8228937881576535,0.0,-0.0,2.7081253291074576,616.9983261088737,3.822858309433188,0.6
7417.60851020928,3.8228903476201137,0.0,-0.0,2.7081253291074576,617.8627461722399,3.8228549820014748,0.6
7417.890647577858,3.822889226945234,0.0,-0.0,2.7081253291074576,618.1448835408173,3.8228538979943876,0.6
7418.172784946435,3.8228881071316927,0.0,-0.0,2.7081253291074576,618.4270209093947,3.822852814985135,0.6
7418.737059683591,3.8228858695896344,0.0,-0.0,2.7081253291074576,618.9912956465505,3.822850651956465,0.6
7419.609483640683,3.8228824167034094,0.0,-0.0,2.7081253291074576,619.8637196036425,3.8228473155341867,0.6
7419.8896200358295,3.8228813099954415,0.0,-0.0,2.7081253291074576,620.1438559987891,3.822846246218582,0.6
7420.169756430976,3.822880204127606,0.0,-0.0,2.7081253291074576,620.4239923939358,3.8228451778803114,0.6
7420.7300292212685,3.822877994435885,0.0,-0.0,2.7081253291074576,620.9842651842282,3.8228430441322008,0.6
7421.610457072085,3.8228745286895,0.0,-0.0,2.7081253291074576,621.8646930350451,3.822839698976644,0.6
7421.8885924938,3.8228734358215206,0.0,-0.0,2.7081253291074576,622.1428284567601,3.8228386442072266,0.6
7422.166727915515,3.8228723437765564,0.0,-0.0,2.7081253291074576,622.420963878475,3.822837590394965,0.6
7422.722998758945,3.822870161688917,0.0,-0.0,2.7081253291074576,622.977234721905,3.822835485638439,0.6
7423.611430503488,3.822866683307722,0.0,-0.0,2.7081253291074576,623.8656664664477,3.822832132003927,0.6
7423.887564951771,3.8228656041579105,0.0,-0.0,2.7081253291074576,624.141800914731,3.82283109163667,0.6
7424.163699400055,3.8228645258133804,0.0,-0.0,2.7081253291074576,624.4179353630143,3.822830052206711,0.6
7424.715968296622,3.8228623710871013,0.0,-0.0,2.7081253291074576,624.9702042595818,3.822827976155312,0.6
7425.612403934891,3.8228588802923893,0.0,-0.0,2.7081253291074576,625.8666398978503,3.8228246142932307,0.6
7425.886537409743,3.8228578147387346,0.0,-0.0,2.7081253291074576,626.1407733727028,3.8228235881853667,0.6
7426.160670884596,3.8228567499747297,0.0,-0.0,2.7081253291074576,626.4149068475554,3.822822562995258,0.6
7426.7089378343,3.8228546223677418,0.0,-0.0,2.7081253291074576,626.9631737972595,3.8228205153650245,0.6
7427.613377366293,3.822851119379994,0.0,-0.0,2.7081253291074576,627.8676133292529,3.8228171455238535,0.6
7427.885509867714,3.822850067303307,0.0,-0.0,2.7081253291074576,628.1397458306737,3.8228161335338617,0.6
7428.157642369135,3.8228490159993207,0.0,-0.0,2.7081253291074576,628.4118783320946,3.8228151224423947,0.6
7428.701907371977,3.822846915273927,0.0,-0.0,2.7081253291074576,628.9561433349363,3.8228131029518444,0.6
7429.614350797696,3.822843400309483,0.0,-0.0,2.7081253291074576,629.8685867606555,3.822809725377179,0.6
7429.884482325685,3.8228423615904394,0.0,-0.0,2.7081253291074576,630.1387182886447,3.8228087273647784,0.6
7430.154613853674,3.82284132362813,0.0,-0.0,2.7081253291074576,630.4088498166338,3.822807730231979,0.6
7430.6948769096525,3.8228392495467327,0.0,-0.0,2.7081253291074576,630.9491128726122,3.8228057386020846,0.6
7431.615324229098,3.822835722821042,0.0,-0.0,2.7081253291074576,631.8695601920581,3.8228023535366673,0.6
7431.883454783657,3.8228346973418255,0.0,-0.0,2.7081253291074576,632.1376907466165,3.822801369362803,0.6
7432.151585338215,3.822833672603064,0.0,-0.0,2.7081253291074576,632.4058213011749,3.8228003860499213,0.6
7432.687846447331,3.822831624932095,0.0,-0.0,2.7081253291074576,632.9420824102908,3.822798422004093,0.6
7433.6162976605,3.8228280866565543,0.0,-0.0,2.7081253291074576,633.8705336234598,3.822795029687838,0.6
7433.882427241627,3.8228270743002892,0.0,-0.0,2.7081253291074576,634.1366632045865,3.8227940592146745,0.6
7434.148556822754,3.822826062669252,0.0,-0.0,2.7081253291074576,634.4027927857132,3.8227930895841746,0.6
7434.680815985007,3.822824041174284,0.0,-0.0,2.7081253291074576,634.9350519479667,3.822791152848239,0.6
7435.617271091903,3.82282049156111,0.0,-0.0,2.7081253291074576,635.8715070548624,3.8227877535182597,0.6
7435.881399699598,3.822819492211753,0.0,-0.0,2.7081253291074576,636.1356356625574,3.8227867966091673,0.6
7436.145528307293,3.8228184935723157,0.0,-0.0,2.7081253291074576,636.3997642702525,3.822785840524717,0.6
7436.673785522683,3.822816498024425,0.0,-0.0,2.7081253291074576,636.9280214856426,3.8227839308268985,0.6
7437.618244523305,3.8228129372801964,0.0,-0.0,2.7081253291074576,637.872480486265,3.822780524717532,0.6
7437.880372157569,3.8228119508229867,0.0,-0.0,2.7081253291074576,638.1346081205284,3.8227795812370817,0.6
7438.142499791832,3.822810965060978,0.0,-0.0,2.7081253291074576,638.3967357547917,3.8227786385635434,0.6
7438.66675506036,3.8228089952298463,0.0,-0.0,2.7081253291074576,638.9209910233194,3.8227767556344423,0.6
7439.619217954708,3.8228054235621185,0.0,-0.0,2.7081253291074576,639.8734539176676,3.8227733429772783,0.6
7439.8793446155405,3.8228044498829004,0.0,-0.0,2.7081253291074576,640.1335805785002,3.822772412791227,0.6
7440.139471276373,3.8228034768843244,0.0,-0.0,2.7081253291074576,640.3937072393328,3.8227714833946473,0.6
7440.659724598038,3.82280153254482,0.0,-0.0,2.7081253291074576,640.913960560998,3.8227696269672236,0.6
7441.6201913861105,3.8227979501562888,0.0,-0.0,2.7081253291074576,641.8744273490702,3.822766207991127,0.6
7441.878317073511,3.822796989142231,0.0,-0.0,2.7081253291074576,642.1325530364711,3.8227652909664114,0.6
7442.136442760912,3.8227960287950093,0.0,-0.0,2.7081253291074576,642.390678723872,3.8227643747140125,0.6
7442.652694135714,3.822794109720397,0.0,-0.0,2.7081253291074576,642.9069300986739,3.8227625445235645,0.6
7443.621164817513,3.822790516814377,0.0,-0.0,2.7081253291074576,643.8754007804728,3.822759119454704,0.6
7443.877289531482,3.8227895683545334,0.0,-0.0,2.7081253291074576,644.131525494442,3.8227582154594284,0.6
7444.133414245452,3.8227886205456887,0.0,-0.0,2.7081253291074576,644.3876502084113,3.8227573122195975,0.6
7444.645663673391,3.822786726515824,0.0,-0.0,2.7081253291074576,644.8998996363507,3.8227555080037425,0.6
7445.622138248916,3.8227831232902547,0.0,-0.0,2.7081253291074576,645.8763742118754,3.822752077065614,0.6
7445.876261989454,3.822782187272223,0.0,-0.0,2.7081253291074576,646.1304979524139,3.822751185969043,0.6
7446.130385729993,3.822781251892079,0.0,-0.0,2.7081253291074576,646.3846216929524,3.8227502956113217,0.6
7446.638633211069,3.822779382684308,0.0,-0.0,2.7081253291074576,646.8928691740284,3.8227485171099786,0.6
7447.623111680318,3.8227757693383237,0.0,-0.0,2.7081253291074576,647.877347643278,3.8227450805234313,0.6
7447.875234447425,3.82277484565294,0.0,-0.0,2.7081253291074576,648.1294704103848,3.8227442021959788,0.6
7448.127357214532,3.822773922591357,0.0,-0.0,2.7081253291074576,648.3815931774916,3.8227433245910567,0.6
7448.6316027487455,3.8227720779875214,0.0,-0.0,2.7081253291074576,648.8858387117052,3.822741571546426,0.6
7449.624085111721,3.822768454715437,0.0,-0.0,2.7081253291074576,649.8783210746806,3.8227381295296867,0.6
7449.874206905396,3.822767543253904,0.0,-0.0,2.7081253291074576,650.1284428683557,3.822737263842907,0.6
7450.124328699071,3.822766632402099,0.0,-0.0,2.7081253291074576,650.3785646620308,3.822736398862609,0.6
7450.624572286422,3.8227648121851345,0.0,-0.0,2.7081253291074576,650.878808249382,3.8227346710191545,0.6
7451.6250585431235,3.822761179181263,0.0,-0.0,2.7081253291074576,651.8792945060832,3.8227312237878537,0.6
7451.873179363368,3.8227602798344247,0.0,-0.0,2.7081253291074576,652.1274153263275,3.8227303706144315,0.6
7452.121300183612,3.8227593810853335,0.0,-0.0,2.7081253291074576,652.3755361465719,3.8227295181317107,0.6
7452.6175418241,3.8227575850389153,0.0,-0.0,2.7081253291074576,652.8717777870597,3.8227278152361412,0.6
7453.610025105076,3.8227540002117135,0.0,-0.0,2.7081253291074576,653.8642610680354,3.822724417708856,0.6
7453.626031974526,3.8227539424667123,0.0,-0.0,2.7081253291074576,653.8802679374858,3.8227243630033354,0.6
7453.872151821339,3.822753055128981,0.0,-0.0,2.7081253291074576,654.1263877842985,3.8227235222170775,0.6
7454.1182716681515,3.8227521683743877,0.0,-0.0,2.7081253291074576,654.3725076311111,3.822722682106006,0.6
7454.610511361777,3.8227503962865206,0.0,-0.0,2.7081253291074576,654.8647473247365,3.8227210039072563,0.6
7455.594990749027,3.822746859214969,0.0,-0.0,2.7081253291074576,655.8492267119864,3.8227176555881712,0.6
7455.627005405929,3.8227467443351637,0.0,-0.0,2.7081253291074576,655.8812413688884,3.822717546883454,0.6
7455.87112427931,3.822745868899288,0.0,-0.0,2.7081253291074576,656.1253602422694,3.8227167183592794,0.6
7456.115243152691,3.8227449940336955,0.0,-0.0,2.7081253291074576,656.3694791156504,3.822715890495038,0.6
7456.603480899453,3.822743245692522,0.0,-0.0,2.7081253291074576,656.8577168624124,3.8227142367442504,0.6
7457.579956392978,3.822739755956655,0.0,-0.0,2.7081253291074576,657.8341923559374,3.822710937138769,0.6
7457.627978837331,3.822739584549879,0.0,-0.0,2.7081253291074576,657.882214800291,3.8227107751374363,0.6
7457.870096737281,3.822738720910661,0.0,-0.0,2.7081253291074576,658.1243327002403,3.8227099587513678,0.6
7458.11221463723,3.8227378578287956,0.0,-0.0,2.7081253291074576,658.3664506001896,3.8227091430102353,0.6
7458.5964504371295,3.822736133025258,0.0,-0.0,2.7081253291074576,658.8506864000892,3.822707513460744,0.6
7459.564922036929,3.8227326902075505,0.0,-0.0,2.7081253291074576,659.8191579998884,3.8227042620786107,0.6
7459.628952268734,3.8227324628760284,0.0,-0.0,2.7081253291074576,659.8831882316936,3.8227040474764027,0.6
7459.869069195252,3.822731610929236,0.0,-0.0,2.7081253291074576,660.1233051582121,3.8227032431055563,0.6
7460.109186121771,3.8227307595276843,0.0,-0.0,2.7081253291074576,660.3634220847307,3.822702439364906,0.6
7460.589419974808,3.8227290580519293,0.0,-0.0,2.7081253291074576,660.8436559377678,3.8227008337722155,0.6
7461.5498876808815,3.8227256617407273,0.0,-0.0,2.7081253291074576,661.8041236438412,3.822697630127479,0.6
7461.6299257001365,3.8227253790808318,0.0,-0.0,2.7081253291074576,661.8841616630962,3.822697363613353,0.6
7461.868041653223,3.8227245387228574,0.0,-0.0,2.7081253291074576,662.122277616183,3.8226965711359315,0.6
7462.10615760631,3.822723698897866,0.0,-0.0,2.7081253291074576,662.36039356927,3.822695779274215,0.6
7462.582389512484,3.8227220205452612,0.0,-0.0,2.7081253291074576,662.8366254754437,3.8226941973959856,0.6
7463.534853324832,3.822718670330175,0.0,-0.0,2.7081253291074576,663.7890892877913,3.8226910410069657,0.6
7463.630899131539,3.822718332933193,0.0,-0.0,2.7081253291074576,663.8851350944988,3.8226907232631566,0.6
7463.867014111194,3.822717504061143,0.0,-0.0,2.7081253291074576,664.121250074154,3.8226899425584384,0.6
7464.1031290908495,3.8227166757099953,0.0,-0.0,2.7081253291074576,664.3573650538092,3.8226891624551835,0.6
7464.575359050161,3.822715020276333,0.0,-0.0,2.7081253291074576,664.8295950131205,3.8226876040512106,0.6
7465.5198189687835,3.8227117157510797,0.0,-0.0,2.7081253291074576,665.7740549317432,3.8226844944404608,0.6
7465.631872562942,3.822711324202939,0.0,-0.0,2.7081253291074576,665.8861085259014,3.8226841261425397,0.6
7465.865986569166,3.8227105067153113,0.0,-0.0,2.7081253291074576,666.1202225321258,3.8226833570908703,0.6
7466.100100575391,3.822709689736758,0.0,-0.0,2.7081253291074576,666.3543365383503,3.822682588626667,0.6
7466.568328587839,3.8227080570194,0.0,-0.0,2.7081253291074576,666.8225645507982,3.822681053458866,0.6
7467.504784612735,3.822704797781884,0.0,-0.0,2.7081253291074576,667.7590205756951,3.8226779901531414,0.6
7467.632845994344,3.822704352662435,0.0,-0.0,2.7081253291074576,667.887081957304,3.822677571970071,0.6
7467.864959027137,3.8227035464583397,0.0,-0.0,2.7081253291074576,668.1191949900967,3.8226768144528545,0.6
7468.09707205993,3.8227027407515175,0.0,-0.0,2.7081253291074576,668.3513080228895,3.82267605750935,0.6
7468.561298125515,3.8227011305498246,0.0,-0.0,2.7081253291074576,668.815534088475,3.822674545341738,0.6
7469.489750256686,3.8226979162005,0.0,-0.0,2.7081253291074576,669.7439862196461,3.822671527871959,0.6
7469.633819425747,3.822697418084828,0.0,-0.0,2.7081253291074576,669.8880553887066,3.8226710604661522,0.6
7469.863931485108,3.8226966230649517,0.0,-0.0,2.7081253291074576,670.1181674480677,3.8226703143658436,0.6
7470.094043544469,3.822695828530016,0.0,-0.0,2.7081253291074576,670.3482795074287,3.822669568825731,0.6
7470.554267663192,3.8226942406447093,0.0,-0.0,2.7081253291074576,670.8085036261518,3.8226680794244094,0.6
7471.474715900637,3.8226910707870028,0.0,-0.0,2.7081253291074576,671.7289518635971,3.8226651073256286,0.6
7471.6347928571495,3.822690520245936,0.0,-0.0,2.7081253291074576,671.8890288201092,3.8226645913530057,0.6
7471.86290394308,3.8226897363101777,0.0,-0.0,2.7081253291074576,672.1171399060395,3.8226638565531004,0.6
7472.09101502901,3.8226889528489028,0.0,-0.0,2.7081253291074576,672.3452509919698,3.822663122300111,0.6
7472.54723720087,3.8226873870814257,0.0,-0.0,2.7081253291074576,672.8014731638295,3.8226616554332487,0.6
7473.459681544589,3.822684261324107,0.0,-0.0,2.7081253291074576,673.713917507549,3.8226587282446163,0.6
7473.635766288552,3.822683658921748,0.0,-0.0,2.7081253291074576,673.8900022515118,3.8226581643546615,0.6
7473.861876401051,3.8226828859718807,0.0,-0.0,2.7081253291074576,674.1161123640104,3.8226574407396883,0.6
7474.087986513549,3.822682113485669,0.0,-0.0,2.7081253291074576,674.342222476509,3.822656717658583,0.6
7474.540206738547,3.822680569641429,0.0,-0.0,2.7081253291074576,674.7944427015063,3.8226552730963994,0.6
7475.444647188541,3.822677487594993,0.0,-0.0,2.7081253291074576,675.6988831515009,3.822652390361131,0.6
7475.636739719955,3.822676833890805,0.0,-0.0,2.7081253291074576,675.8909756829144,3.8226517791969457,0.6
7475.860848859022,3.8226760718296986,0.0,-0.0,2.7081253291074576,676.1150848219813,3.822651066652458,0.6
7476.084957998089,3.8226753102211966,0.0,-0.0,2.7081253291074576,676.3391939610483,3.8226503546290194,0.6
7476.533176276223,3.8226737881059574,0.0,-0.0,2.7081253291074576,676.7874122391822,3.822648932143767,0.6
7477.429612832491,3.8226707493848444,0.0,-0.0,2.7081253291074576,677.683848795451,3.822646093409109,0.6
7477.637713151356,3.82267004493269,0.0,-0.0,2.7081253291074576,677.891949114316,3.822645435607471,0.6
7477.859821316992,3.822669293663928,0.0,-0.0,2.7081253291074576,678.1140572799513,3.822644734020037,0.6
7478.081929482627,3.8226685428365466,0.0,-0.0,2.7081253291074576,678.3361654455866,3.822644032941061,0.6
7478.526145813898,3.8226670422582827,0.0,-0.0,2.7081253291074576,678.7803817768581,3.8226426323070095,0.6
7479.414578476441,3.8226640464790322,0.0,-0.0,2.7081253291074576,679.6688144394011,3.8226398371242065,0.6
7479.638686582759,3.82266329182871,0.0,-0.0,2.7081253291074576,679.8929225457186,3.8226391333156227,0.6
7479.8587937749635,3.8226625512562316,0.0,-0.0,2.7081253291074576,680.1130297379232,3.8226384425728184,0.6
7480.078900967168,3.8226618111147923,0.0,-0.0,2.7081253291074576,680.3331369301277,3.822637752326105,0.6
7480.519115351577,3.8226603318819246,0.0,-0.0,2.7081253291074576,680.7733513145367,3.822636373319523,0.6
7481.399544120394,3.82265737866618,0.0,-0.0,2.7081253291074576,681.6537800833539,3.822633621243785,0.6
7481.639660014162,3.8226565743620284,0.0,-0.0,2.7081253291074576,681.8938959771212,3.8226328720525466,0.6
7481.857766232934,3.8226558443909875,0.0,-0.0,2.7081253291074576,682.1120021958941,3.822632192042948,0.6
7482.075872451707,3.822655114840158,0.0,-0.0,2.7081253291074576,682.3301084146669,3.8226315125172925,0.6
7482.512084889253,3.822653656764181,0.0,-0.0,2.7081253291074576,682.7663208522126,3.822630154916435,0.6
7483.384509764344,3.8226507457356202,0.0,-0.0,2.7081253291074576,683.638745727304,3.8226274455069045,0.6
7483.640633445564,3.822649892316833,0.0,-0.0,2.7081253291074576,683.8948694085238,3.8226266515511407,0.6
7483.856738690905,3.822649172852774,0.0,-0.0,2.7081253291074576,684.110974653865,3.822625982164313,0.6
7484.0728439362465,3.822648453799177,0.0,-0.0,2.7081253291074576,684.3270798992062,3.8226253132495,0.6
7484.50505442693,3.8226470166920485,0.0,-0.0,2.7081253291074576,684.7592903898894,3.8226239768345875,0.6
7485.369475408296,3.8226441474776123,0.0,-0.0,2.7081253291074576,685.6237113712559,3.8226213096543082,0.6
7485.641606876967,3.8226432454790578,0.0,-0.0,2.7081253291074576,685.8958428399264,3.82262047154604,0.6
7485.855711148877,3.822642536428656,0.0,-0.0,2.7081253291074576,686.1099471118368,3.822619812672533,0.6
7486.069815420788,3.822641827778747,0.0,-0.0,2.7081253291074576,686.3240513837472,3.8226191542593266,0.6
7486.4980239646075,3.822640411454551,0.0,-0.0,2.7081253291074576,686.7522599275671,3.8226178388125307,0.6
7487.354441052248,3.8226375836850144,0.0,-0.0,2.7081253291074576,687.6086770152078,3.822615213428415,0.6
7487.642580308369,3.8226366336353044,0.0,-0.0,2.7081253291074576,687.896816271329,3.8226143317736097,0.6
7487.854683606848,3.8226359349061707,0.0,-0.0,2.7081253291074576,688.1089195698078,3.8226136833049464,0.6
7488.066786905327,3.8226352365675016,0.0,-0.0,2.7081253291074576,688.3210228682865,3.822613035285082,0.6
7488.490993502284,3.822633840842315,0.0,-0.0,2.7081253291074576,688.7452294652439,3.82261174059051,0.6
7489.339406696199,3.8226310541505795,0.0,-0.0,2.7081253291074576,689.5936426591588,3.8226091565733067,0.6
7489.643553739772,3.8226300565751945,0.0,-0.0,2.7081253291074576,689.8977897027316,3.8226082319719277,0.6
7489.853656064819,3.8226293680752947,0.0,-0.0,2.7081253291074576,690.1078920277787,3.822607593800598,0.6
7490.063758389866,3.8226286799561677,0.0,-0.0,2.7081253291074576,690.3179943528257,3.8226069560667764,0.6
7490.483963039961,3.822627304647019,0.0,-0.0,2.7081253291074576,690.7381990029207,3.8226056819104546,0.6
7491.32437234015,3.8226245586700602,0.0,-0.0,2.7081253291074576,691.5786083031098,3.822603138834717,0.6
7491.644527171175,3.8226235140882996,0.0,-0.0,2.7081253291074576,691.8987631341342,3.8226021718807806,0.6
7491.852628522791,3.8226228357267273,0.0,-0.0,2.7081253291074576,692.1068644857505,3.8226015439002334,0.6
7492.060729874407,3.822622157736599,0.0,-0.0,2.7081253291074576,692.3149658373668,3.8226009163461088,0.6
7492.476932577639,3.822620802662583,0.0,-0.0,2.7081253291074576,692.7311685405984,3.8225996625159677,0.6
7493.309337984102,3.822618097039109,0.0,-0.0,2.7081253291074576,693.5635739470617,3.8225971599600244,0.6
7493.645500602577,3.8226170059668445,0.0,-0.0,2.7081253291074576,693.8997365655368,3.822596151241646,0.6
7493.851600980762,3.8226163376530873,0.0,-0.0,2.7081253291074576,694.1058369437214,3.8225955333462807,0.6
7494.057701358946,3.822615669702054,0.0,-0.0,2.7081253291074576,694.311937321906,3.822594915866457,0.6
7494.469902115316,3.822614334682129,0.0,-0.0,2.7081253291074576,694.7241380782752,3.8225936821523137,0.6
7495.294303628054,3.8226116690563616,0.0,-0.0,2.7081253291074576,695.5485395910137,3.8225912196982357,0.6
7495.64647403398,3.8226105320029644,0.0,-0.0,2.7081253291074576,695.9007099969394,3.822590169797687,0.6
7495.850573438733,3.822609873648169,0.0,-0.0,2.7081253291074576,696.1048094016924,3.822589561882846,0.6
7496.054672843486,3.822609215646536,0.0,-0.0,2.7081253291074576,696.3089088064453,3.8225889543728657,0.6
7496.462871652991,3.8226079005038804,0.0,-0.0,2.7081253291074576,696.7171076159511,3.8225877405664104,0.6
7497.279269272004,3.8226052745198835,0.0,-0.0,2.7081253291074576,697.5335052349637,3.822585317799981,0.6
7497.647447465382,3.8226040919916295,0.0,-0.0,2.7081253291074576,697.901683428342,3.822584227293737,0.6
7497.8495458967045,3.8226034435068894,0.0,-0.0,2.7081253291074576,698.1037818596642,3.822583629255697,0.6
7498.051644328027,3.822602795366028,0.0,-0.0,2.7081253291074576,698.3058802909864,3.822583031612037,0.6
7498.45584119067,3.822601499924178,0.0,-0.0,2.7081253291074576,698.7100771536298,3.822581837506816,0.6
7499.264234915957,3.8225989132314773,0.0,-0.0,2.7081253291074576,699.5184708789166,3.8225794540174998,0.6
7499.648420896785,3.8225976857296518,0.0,-0.0,2.7081253291074576,699.9026568597446,3.822578323476292,0.6
7499.848518354675,3.822597047026258,0.0,-0.0,2.7081253291074576,700.1027543176351,3.822577735212257,0.6
7500.048615812566,3.8225964086589,0.0,-0.0,2.7081253291074576,700.3028517755256,3.8225771473323173,0.6
7500.448810728347,3.822595132741424,0.0,-0.0,2.7081253291074576,700.7030466913066,3.822575972723718,0.6
7501.249200559908,3.8225925849916096,0.0,-0.0,2.7081253291074576,701.5034365228676,3.822573628104632,0.6
7501.649394328188,3.822591312976603,0.0,-0.0,2.7081253291074576,701.9036302911472,3.822572458093497,0.6
7501.847490812646,3.8225906839686994,0.0,-0.0,2.7081253291074576,702.101726775606,3.8225718795015915,0.6
7502.045587297105,3.8225900552872556,0.0,-0.0,2.7081253291074576,702.2998232600648,3.8225713012836886,0.6
7502.441780266023,3.8225887987206875,0.0,-0.0,2.7081253291074576,702.6960162289824,3.8225701459689256,0.6
7503.234166203858,3.822586289568058,0.0,-0.0,2.7081253291074576,703.4884021668177,3.8225678398168066,0.6
7503.65036775959,3.8225849735707165,0.0,-0.0,2.7081253291074576,703.9046037225498,3.8225666308951367,0.6
7503.846463270617,3.822584354170701,0.0,-0.0,2.7081253291074576,704.100699233577,3.8225660618743964,0.6
7504.042558781644,3.8225837350897724,0.0,-0.0,2.7081253291074576,704.2967947446041,3.8225654932177586,0.6
7504.4347498037,3.822582497701861,0.0,-0.0,2.7081253291074576,704.6889857666592,3.822564356995856,0.6
7505.21913184781,3.8225800268050043,0.0,-0.0,2.7081253291074576,705.4733678107696,3.8225620889110337,0.6
7505.651341190993,3.8225786673124125,0.0,-0.0,2.7081253291074576,705.9055771539524,3.8225608416326264,0.6
7505.845435728589,3.8225780574349946,0.0,-0.0,2.7081253291074576,706.0996716915488,3.8225602820829923,0.6
7506.0395302661855,3.8225774478677823,0.0,-0.0,2.7081253291074576,706.2937662291451,3.8225597228877466,0.6
7506.427719341377,3.8225762294889707,0.0,-0.0,2.7081253291074576,706.681955304337,3.8225586055595264,0.6
7507.204097491762,3.82257379650638,0.0,-0.0,2.7081253291074576,707.4583334547215,3.82255637514589,0.6
7507.652314622395,3.822572394002108,0.0,-0.0,2.7081253291074576,707.906550585355,3.8225550900589984,0.6
7507.84440818656,3.822571793562906,0.0,-0.0,2.7081253291074576,708.0986441495197,3.8225545398813066,0.6
7508.036501750725,3.8225711934250963,0.0,-0.0,2.7081253291074576,708.2907377136844,3.822553990048477,0.6
7508.420688879054,3.8225699938855833,0.0,-0.0,2.7081253291074576,708.6749248420138,3.8225528914165405,0.6
7509.189063135713,3.82256759848109,0.0,-0.0,2.7081253291074576,709.4432990986725,3.822550698281515,0.6
7509.653288053798,3.822566153443838,0.0,-0.0,2.7081253291074576,709.9075240167576,3.822549375928892,0.6
7509.843380644531,3.8225655623578687,0.0,-0.0,2.7081253291074576,710.0976166074906,3.8225488350248695,0.6
7510.033473235264,3.822564971565545,0.0,-0.0,2.7081253291074576,710.2877091982236,3.8225482944563662,0.6
7510.413658416731,3.8225637906963263,0.0,-0.0,2.7081253291074576,710.6678943796906,3.822547214325083,0.6
7511.174028779664,3.8225614325368404,0.0,-0.0,2.7081253291074576,711.4282647426235,3.822545058079594,0.6
7511.654261485201,3.8225599454411787,0.0,-0.0,2.7081253291074576,711.9084974481602,3.8225436989985453,0.6
7511.842353102503,3.822559363625154,0.0,-0.0,2.7081253291074576,712.0965890654625,3.8225431672708017,0.6
7512.030444719805,3.8225587820945925,0.0,-0.0,2.7081253291074576,712.2846806827647,3.8225426358694135,0.6
7512.406627954409,3.8225576197306435,0.0,-0.0,2.7081253291074576,712.6608639173683,3.8225415740449047,0.6
7513.158994423617,3.8225552984839934,0.0,-0.0,2.7081253291074576,713.4132303865763,3.8225394543033535,0.6
7513.655234916603,3.822553769800045,0.0,-0.0,2.7081253291074576,713.9094708795628,3.822538059025783,0.6
7513.841325560474,3.8225531971706816,0.0,-0.0,2.7081253291074576,714.0955615234334,3.8225375363778014,0.6
7514.027416204344,3.822552624819135,0.0,-0.0,2.7081253291074576,714.281652167304,3.8225370140471906,0.6
7514.399597492085,3.8225514807944734,0.0,-0.0,2.7081253291074576,714.6538334550451,3.822535970337314,0.6
7515.143960067568,3.822549196132928,0.0,-0.0,2.7081253291074576,715.3981960305273,3.8225338867175473,0.6
7515.656208348006,3.8225476263264255,0.0,-0.0,2.7081253291074576,715.9104443109654,3.8225324557700064,0.6
7515.840298018445,3.8225470628015836,0.0,-0.0,2.7081253291074576,716.0945339814043,3.8225319421061377,0.6
7516.0243876888835,3.822546499547183,0.0,-0.0,2.7081253291074576,716.2786236518432,3.8225314287508314,0.6
7516.392567029761,3.822545373698671,0.0,-0.0,2.7081253291074576,716.646802992721,3.822530402965168,0.6
7517.128925711518,3.8225431252965567,0.0,-0.0,2.7081253291074576,717.3831616744774,3.822528355088451,0.6
7517.657181779408,3.822541514828564,0.0,-0.0,2.7081253291074576,717.911417742368,3.822526888992183,0.6
7517.8392704764165,3.822540960327049,0.0,-0.0,2.7081253291074576,718.0935064393761,3.8225263842176385,0.6
7518.021359173425,3.822540406088506,0.0,-0.0,2.7081253291074576,718.2755951363843,3.8225258797430217,0.6
7518.38553656744,3.822539298253258,0.0,-0.0,2.7081253291074576,718.6397725303996,3.822524871692861,0.6
7519.1138913554705,3.8225370857873107,0.0,-0.0,2.7081253291074576,719.3681273184302,3.8225228591838465,0.6
7519.658155210811,3.8225354351160377,0.0,-0.0,2.7081253291074576,719.9123911737706,3.8225213584548356,0.6
7519.838242934387,3.8225348895568887,0.0,-0.0,2.7081253291074576,720.0924788973471,3.82252086247568,0.6
7520.018330657964,3.82253434425323,0.0,-0.0,2.7081253291074576,720.2725666209235,3.822520366787989,0.6
7520.378506105117,3.8225332542708017,0.0,-0.0,2.7081253291074576,720.6327420680764,3.822519376286316,0.6
7521.0988569994215,3.8225310774218006,0.0,-0.0,2.7081253291074576,721.3530929623812,3.822517398773018,0.6
7521.659128642213,3.822529386999371,0.0,-0.0,2.7081253291074576,721.9133646051723,3.8225158639220345,0.6
7521.837215392357,3.822528850302569,0.0,-0.0,2.7081253291074576,722.0914513553171,3.8225153766451787,0.6
7522.015302142502,3.822528313854469,0.0,-0.0,2.7081253291074576,722.2695381054618,3.822514889651492,0.6
7522.371475642792,3.822527241564252,0.0,-0.0,2.7081253291074576,722.6257116057513,3.822513916512972,0.6
7523.083822643372,3.8225251000140816,0.0,-0.0,2.7081253291074576,723.3380586063313,3.822511973626739,0.6
7523.660102073615,3.8225233702902806,0.0,-0.0,2.7081253291074576,723.9143380365749,3.822510405159385,0.6
7523.836187850328,3.822522842376226,0.0,-0.0,2.7081253291074576,724.090423813288,3.8225099264925784,0.6
7524.012273627041,3.8225223147039937,0.0,-0.0,2.7081253291074576,724.2665095900011,3.822509448100813,0.6
7524.3644451804685,3.8225212599487737,0.0,-0.0,2.7081253291074576,724.6186811434281,3.822508492141777,0.6
7525.068788287323,3.822519153382572,0.0,-0.0,2.7081253291074576,725.3230242502823,3.8225065835172622,0.6
7525.661075505018,3.8225173848019596,0.0,-0.0,2.7081253291074576,725.9153114679775,3.8225049819340184,0.6
7525.8351603083,3.8225168655919903,0.0,-0.0,2.7081253291074576,726.0893962712598,3.8225045117858425,0.6
7526.0092451115825,3.822516346616789,0.0,-0.0,2.7081253291074576,726.2634810745421,3.8225040419047454,0.6
7526.357414718146,3.8225153092392046,0.0,-0.0,2.7081253291074576,726.6116506811059,3.8225031029431786,0.6
7527.0537539312745,3.8225132373458797,0.0,-0.0,2.7081253291074576,727.3079898942342,3.8225012282183126,0.6
7527.66204893642,3.8225114303483902,0.0,-0.0,2.7081253291074576,727.9162848993801,3.822499594014582,0.6
7527.834132766271,3.8225109197642895,0.0,-0.0,2.7081253291074576,728.0883687292308,3.822499132294445,0.6
7528.006216596122,3.822510409408763,0.0,-0.0,2.7081253291074576,728.2604525590814,3.822498670833584,0.6
7528.350384255823,3.822509389253301,0.0,-0.0,2.7081253291074576,728.6046202187827,3.822497748689109,0.6
7529.0387195752255,3.822507351722465,0.0,-0.0,2.7081253291074576,729.2929555381852,3.822495907505077,0.6
7529.663022367823,3.8225055067450415,0.0,-0.0,2.7081253291074576,729.9172583307827,3.82249424117123,0.6
7529.833105224242,3.822505004709916,0.0,-0.0,2.7081253291074576,730.0873411872017,3.822493787789356,0.6
7530.003188080661,3.8225045028960647,0.0,-0.0,2.7081253291074576,730.2574240436206,3.822493334659117,0.6
7530.3433537935,3.822503499809577,0.0,-0.0,2.7081253291074576,730.5975897564595,3.8224924291529834,0.6
7531.0236852191765,3.822501496333565,0.0,-0.0,2.7081253291074576,731.2779211821362,3.822490621154192,0.6
7531.663995799226,3.8224996138094323,0.0,-0.0,2.7081253291074576,731.9182317621853,3.8224889231756123,0.6
7531.832077682214,3.822499120245852,0.0,-0.0,2.7081253291074576,732.0863136451735,3.8224884780430384,0.6
7532.000159565202,3.8224986268981236,0.0,-0.0,2.7081253291074576,732.2543955281617,3.822488033154615,0.6
7532.3363233311775,3.8224976407250177,0.0,-0.0,2.7081253291074576,732.5905592941372,3.8224871441096835,0.6
7533.008650863129,3.822495671001371,0.0,-0.0,2.7081253291074576,733.262886826089,3.8224853689437377,0.6
7533.664969230628,3.822493751358044,0.0,-0.0,2.7081253291074576,733.9192051935879,3.822483639800865,0.6
7533.831050140185,3.8224932661911897,0.0,-0.0,2.7081253291074576,734.0852861031444,3.822483202829433,0.6
7533.997131049741,3.822492781232387,0.0,-0.0,2.7081253291074576,734.2513670127009,3.822482766094822,0.6
7534.329292868854,3.8224918118239684,0.0,-0.0,2.7081253291074576,734.583528831814,3.8224818933355524,0.6
7534.99361650708,3.8224898755486043,0.0,-0.0,2.7081253291074576,735.24785247004,3.8224801506532287,0.6
7535.665942662031,3.8224879192130397,0.0,-0.0,2.7081253291074576,735.9201786249905,3.8224783908216016,0.6
7535.830022598156,3.822487442365194,0.0,-0.0,2.7081253291074576,736.0842585611153,3.8224779619239504,0.6
7535.9941025342805,3.822486965720476,0.0,-0.0,2.7081253291074576,736.2483384972402,3.8224775332559453,0.6
7536.322262406531,3.822486012924237,0.0,-0.0,2.7081253291074576,736.5764983694908,3.8224766766083818,0.6
7536.978582151031,3.8224841098002047,0.0,-0.0,2.7081253291074576,737.232818113991,3.8224749660636013,0.6
7537.666916093433,3.8224821171909706,0.0,-0.0,2.7081253291074576,737.9211520563931,3.822473176013903,0.6
7537.8289950561275,3.822481648589341,0.0,-0.0,2.7081253291074576,738.0832310190872,3.8224727551034636,0.6
7537.991074018822,3.822481180183627,0.0,-0.0,2.7081253291074576,738.2453099817812,3.8224723344156457,0.6
7538.315231944209,3.8224802438518495,0.0,-0.0,2.7081253291074576,738.5694679071685,3.8224714937074054,0.6
7538.963547794983,3.822478373580659,0.0,-0.0,2.7081253291074576,739.2177837579429,3.8224698149572087,0.6
7539.667889524836,3.822476345116412,0.0,-0.0,2.7081253291074576,739.9221254877957,3.8224679951553076,0.6
7539.827967514098,3.822475884685368,0.0,-0.0,2.7081253291074576,740.0822034770581,3.8224675821462957,0.6
7539.988045503361,3.8224754244449746,0.0,-0.0,2.7081253291074576,740.2422814663205,3.8224671693530303,0.6
7540.308201481886,3.8224745044289197,0.0,-0.0,2.7081253291074576,740.5624374448453,3.822466344413288,0.6
7540.948513438934,3.8224726667174096,0.0,-0.0,2.7081253291074576,741.2027494018939,3.8224646971178076,0.6
7541.668862956239,3.8224706028102604,0.0,-0.0,2.7081253291074576,741.9230989191983,3.8224628480248026,0.6
7541.826939972069,3.8224701504766183,0.0,-0.0,2.7081253291074576,742.081175935029,3.8224624428322116,0.6
7541.9850169879,3.82246969832799,0.0,-0.0,2.7081253291074576,742.2392529508597,3.8224620378486387,0.6
7542.3011710195615,3.822468794480959,0.0,-0.0,2.7081253291074576,742.5554069825212,3.8224612285081174,0.6
7542.933479082885,3.8224669890371135,0.0,-0.0,2.7081253291074576,743.1877150458449,3.8224596123305536,0.6
7543.669836387641,3.82246489009664,0.0,-0.0,2.7081253291074576,743.9240723506009,3.822457734402813,0.6
7543.82591243004,3.8224644457880883,0.0,-0.0,2.7081253291074576,744.080148393,3.822457336942408,0.6
7543.981988472439,3.822464001658046,0.0,-0.0,2.7081253291074576,744.236224435399,3.822456939684439,0.6
7544.294140557238,3.8224631138357696,0.0,-0.0,2.7081253291074576,744.548376520198,3.8224561457753925,0.6
7544.918444726836,3.8224613403693812,0.0,-0.0,2.7081253291074576,745.1726806897959,3.822454560381988,0.6
7545.670809819044,3.8224592068021384,0.0,-0.0,2.7081253291074576,745.9250457820035,3.822452654071194,0.6
7545.824884888012,3.8224587704447677,0.0,-0.0,2.7081253291074576,746.0791208509718,3.8224522642595065,0.6
7545.97895995698,3.8224583342616656,0.0,-0.0,2.7081253291074576,746.23319591994,3.822451874643814,0.6
7546.287110094917,3.822457462318104,0.0,-0.0,2.7081253291074576,746.5413460578766,3.822451096000018,0.6
7546.903410370789,3.822455720543709,0.0,-0.0,2.7081253291074576,747.1576463337487,3.8224495410600308,0.6
7547.671783250446,3.822453552749505,0.0,-0.0,2.7081253291074576,747.9260192134061,3.8224476068132205,0.6
7547.823857345983,3.8224531242740447,0.0,-0.0,2.7081253291074576,748.0780933089427,3.82244722456754,0.6
7547.97593144152,3.8224526959661675,0.0,-0.0,2.7081253291074576,748.2301674044793,3.822446842511555,0.6
7548.280079632593,3.822451839759239,0.0,-0.0,2.7081253291074576,748.5343155955525,3.822446078968293,0.6
7548.888376014739,3.8224501293913966,0.0,-0.0,2.7081253291074576,749.1426119776988,3.8224445541539724,0.6
7549.672756681849,3.8224479277695376,0.0,-0.0,2.7081253291074576,749.9269926448087,3.822442592413579,0.6
7549.822829803954,3.822447507103216,0.0,-0.0,2.7081253291074576,750.0770657669136,3.8224422176519477,0.6
7549.972902926059,3.822447086599124,0.0,-0.0,2.7081253291074576,750.2271388890185,3.8224418430738507,0.6
7550.27304917027,3.8224462459875657,0.0,-0.0,2.7081253291074576,750.5272851332293,3.8224410944679006,0.6
7550.87334165869,3.8224445667444478,0.0,-0.0,2.7081253291074576,751.1275776216498,3.822439599454464,0.6
7551.673730113252,3.822442331689915,0.0,-0.0,2.7081253291074576,751.9279660762113,3.822437610658357,0.6
7551.821802261926,3.8224419187622134,0.0,-0.0,2.7081253291074576,752.0760382248855,3.822437243299563,0.6
7551.9698744106,3.8224415059914163,0.0,-0.0,2.7081253291074576,752.2241103735596,3.82243687611828,0.6
7552.266018707947,3.822440680833868,0.0,-0.0,2.7081253291074576,752.520254670907,3.822436142287903,0.6
7552.858307302643,3.8224390324355397,0.0,-0.0,2.7081253291074576,753.1125432656027,3.8224346767535082,0.6
7553.674703544654,3.822436764279242,0.0,-0.0,2.7081253291074576,753.9289395076139,3.822432661335036,0.6
7553.820774719897,3.822436359020408,0.0,-0.0,2.7081253291074576,754.0750106828564,3.822432301298607,0.6
7553.966845895139,3.8224359539136437,0.0,-0.0,2.7081253291074576,754.2210818580988,3.8224319414338006,0.6
7554.258988245624,3.8224351440716866,0.0,-0.0,2.7081253291074576,754.5132242085838,3.8224312222187273,0.6
7554.843272946594,3.822433526240646,0.0,-0.0,2.7081253291074576,755.0975089095537,3.822429785844452,0.6
7555.675676976057,3.822431225425536,0.0,-0.0,2.7081253291074576,755.9299129390165,3.822427744232478,0.6
7555.819747177868,3.8224308277660484,0.0,-0.0,2.7081253291074576,756.0739831408273,3.8224273914386773,0.6
7555.963817379678,3.822430430253946,0.0,-0.0,2.7081253291074576,756.2180533426381,3.8224270388107433,0.6
7556.251957783301,3.8224296355877305,0.0,-0.0,2.7081253291074576,756.5061937462606,3.8224263340521634,0.6
7556.828238590545,3.822428048049973,0.0,-0.0,2.7081253291074576,757.0824745535047,3.8224249265219745,0.6
7557.676650407459,3.8224257149593672,0.0,-0.0,2.7081253291074576,757.9308863704191,3.8224228591409233,0.6
7557.818719635839,3.8224253248306894,0.0,-0.0,2.7081253291074576,758.0729555987991,3.82242251351074,0.6
7557.9607888642195,3.8224249348443298,0.0,-0.0,2.7081253291074576,758.2150248271791,3.8224221680407986,0.6
7558.244927320979,3.822424155218582,0.0,-0.0,2.7081253291074576,758.4991632839383,3.8224214775813468,0.6
7558.813204234497,3.8224225976999966,0.0,-0.0,2.7081253291074576,759.0674401974566,3.822420098582084,0.6
7559.677623838862,3.8224202327144874,0.0,-0.0,2.7081253291074576,759.9318598018217,3.8224180058519743,0.6
7559.81769209381,3.8224198500481137,0.0,-0.0,2.7081253291074576,760.07192805677,3.8224176673071204,0.6
7559.957760348759,3.822419467519449,0.0,-0.0,2.7081253291074576,760.2119963117184,3.8224173289170134,0.6
7560.237896858655,3.8224187027971603,0.0,-0.0,2.7081253291074576,760.4921328216151,3.8224166526007584,0.6
7560.798169878448,3.822417175028029,0.0,-0.0,2.7081253291074576,761.0524058414076,3.8224153018221045,0.6
7561.678597270265,3.822414778524232,0.0,-0.0,2.7081253291074576,761.9328332332243,3.8224131841585933,0.6
7561.816664551781,3.8224144032527008,0.0,-0.0,2.7081253291074576,762.070900514741,3.822412852621495,0.6
7561.954731833298,3.822414028114232,0.0,-0.0,2.7081253291074576,762.2089677962576,3.8224125212337765,0.6
7562.230866396331,3.8224132781609956,0.0,-0.0,2.7081253291074576,762.485102359291,3.8224118589062086,0.6
7562.783135522399,3.822411779873056,0.0,-0.0,2.7081253291074576,763.0373714853586,3.8224105360406684,0.6
7563.679570701667,3.8224093522235956,0.0,-0.0,2.7081253291074576,763.9338066646269,3.822408393855088,0.6
7563.815637009752,3.8224089842799183,0.0,-0.0,2.7081253291074576,764.0698729727119,3.822408069248882,0.6
7563.951703317837,3.8224086164651974,0.0,-0.0,2.7081253291074576,764.2059392807969,3.8224077447868137,0.6
7564.223835934008,3.8224078811463498,0.0,-0.0,2.7081253291074576,764.4780718969678,3.822407096294834,0.6
7564.76810116635,3.822406412073946,0.0,-0.0,2.7081253291074576,765.0223371293096,3.8224058010377107,0.6
7565.680544133069,3.8224039536493417,0.0,-0.0,2.7081253291074576,765.9347800960286,3.822403634737106,0.6
7565.814609467723,3.8224035929671776,0.0,-0.0,2.7081253291074576,766.0688454306828,3.822403316985633,0.6
7565.948674802377,3.822403232408755,0.0,-0.0,2.7081253291074576,766.202910765337,3.8224029993731787,0.6
7566.216805471686,3.8224025115935003,0.0,-0.0,2.7081253291074576,766.4710414346455,3.8224023645650855,0.6
7566.753066810302,3.822401071471459,0.0,-0.0,2.7081253291074576,767.0073027732615,3.822401096614456,0.6
7567.6815175644715,3.822398582638031,0.0,-0.0,2.7081253291074576,767.9357535274312,3.8223989066016255,0.6
7567.813581925694,3.822398229151172,0.0,-0.0,2.7081253291074576,768.0678178886537,3.8223985956294224,0.6
7567.945646286917,3.822397875783909,0.0,-0.0,2.7081253291074576,768.1998822498763,3.8223982847912423,0.6
7568.209775009362,3.822397169340108,0.0,-0.0,2.7081253291074576,768.4640109723214,3.8223976635167207,0.6
7568.738032454252,3.822395757907601,0.0,-0.0,2.7081253291074576,768.9922684172116,3.822396422573415,0.6
7569.682490995874,3.822393239028269,0.0,-0.0,2.7081253291074576,769.9367269588338,3.8223942092469465,0.6
7569.812554383665,3.822392892671267,0.0,-0.0,2.7081253291074576,770.0667903466247,3.822393904979243,0.6
7569.942617771456,3.822392546429714,0.0,-0.0,2.7081253291074576,770.1968537344155,3.822393600840687,0.6
7570.2027445470385,3.822391854227253,0.0,-0.0,2.7081253291074576,770.4569805099982,3.8223929929507965,0.6
7570.722998098204,3.822390471224582,0.0,-0.0,2.7081253291074576,770.9772340611635,3.8223917787183708,0.6
7571.683464427277,3.822387922659074,0.0,-0.0,2.7081253291074576,771.9377003902364,3.8223895424726817,0.6
7571.811526841637,3.8223875833674574,0.0,-0.0,2.7081253291074576,772.0657628045965,3.822389244835393,0.6
7571.939589255997,3.822387244187025,0.0,-0.0,2.7081253291074576,772.1938252189566,3.822388947322495,0.6
7572.195714084716,3.8223865660963017,0.0,-0.0,2.7081253291074576,772.4499500476759,3.822388352669659,0.6
7572.707963742156,3.8223852112671537,0.0,-0.0,2.7081253291074576,772.9621997051154,3.8223871648543777,0.6
7573.684437858679,3.8223826333706543,0.0,-0.0,2.7081253291074576,773.938673821639,3.8223849060797477,0.6
7573.810499299608,3.822382301080122,0.0,-0.0,2.7081253291074576,774.0647352625674,3.8223846149994705,0.6
7573.936560740536,3.8223819688960523,0.0,-0.0,2.7081253291074576,774.1907967034958,3.8223843240389423,0.6
7574.188683622393,3.8223813047893485,0.0,-0.0,2.7081253291074576,774.4429195853527,3.822383742476936,0.6
7574.692929386107,3.8223799778780556,0.0,-0.0,2.7081253291074576,774.9471653490664,3.8223825807877447,0.6
7575.685411290082,3.8223773710046602,0.0,-0.0,2.7081253291074576,775.9396472530416,3.8223802998703595,0.6
7575.809471757579,3.822377045651225,0.0,-0.0,2.7081253291074576,776.0637077205383,3.822380015274364,0.6
7575.933532225075,3.822376720400657,0.0,-0.0,2.7081253291074576,776.1877681880351,3.8223797307935907,0.6
7576.18165316007,3.8223760701505776,0.0,-0.0,2.7081253291074576,776.4358891230295,3.8223791621775294,0.6
7576.677895030058,3.8223747709040694,0.0,-0.0,2.7081253291074576,776.9321309930174,3.8223780263260347,0.6
7577.6703787700335,3.822372177179384,0.0,-0.0,2.7081253291074576,777.9246147329932,3.8223757601351367,0.6
7577.6863847214845,3.8223721354023583,0.0,-0.0,2.7081253291074576,777.9406206844442,3.8223757236480167,0.6
7577.8084442155505,3.8223718169232126,0.0,-0.0,2.7081253291074576,778.0626801785102,3.8223754454642416,0.6
7577.9305037096165,3.8223714985427146,0.0,-0.0,2.7081253291074576,778.1847396725761,3.8223751673912774,0.6
7578.1746226977475,3.8223708620233277,0.0,-0.0,2.7081253291074576,778.4288586607072,3.8223746115776054,0.6
7578.66286067401,3.822369590190995,0.0,-0.0,2.7081253291074576,778.9170966369693,3.822373501278053,0.6
7579.639336626535,3.8223670511156835,0.0,-0.0,2.7081253291074576,779.8935725894944,3.8223712859802506,0.6
7579.687358152887,3.8223669264072972,0.0,-0.0,2.7081253291074576,779.9415941158468,3.8223711772175,0.6
7579.807416673521,3.822366614739076,0.0,-0.0,2.7081253291074576,780.0616526364811,3.8223709053745476,0.6
7579.927475194156,3.822366303166376,0.0,-0.0,2.7081253291074576,780.1817111571154,3.822370633638106,0.6
7580.167592235424,3.8223656802523416,0.0,-0.0,2.7081253291074576,780.421828198384,3.8223700904845868,0.6
7580.6478263179615,3.822364435586129,0.0,-0.0,2.7081253291074576,780.9020622809212,3.8223690054538384,0.6
7581.608294483035,3.822361950666495,0.0,-0.0,2.7081253291074576,781.8625304459947,3.8223668404881765,0.6
7581.68833158429,3.8223617438634534,0.0,-0.0,2.7081253291074576,781.9425675472494,3.822366660384861,0.6
7581.806389131492,3.8223614389444727,0.0,-0.0,2.7081253291074576,782.060625094452,3.822366394811992,0.6
7581.924446678695,3.8223611341164245,0.0,-0.0,2.7081253291074576,782.1786826416546,3.8223661293414426,0.6
7582.1605617731,3.82236052468534,0.0,-0.0,2.7081253291074576,782.4147977360599,3.822365598707146,0.6
7582.632791961912,3.8223593069374298,0.0,-0.0,2.7081253291074576,782.8870279248713,3.8223645386646576,0.6
7583.577252339534,3.8223568756848696,0.0,-0.0,2.7081253291074576,783.8314883024941,3.822362423475291,0.6
7583.689305015692,3.8223565876165284,0.0,-0.0,2.7081253291074576,783.943540978652,3.822362172957413,0.6
7583.805361589464,3.82235628938435,0.0,-0.0,2.7081253291074576,784.0595975524238,3.822361913584539,0.6
7583.921418163236,3.8223559912411345,0.0,-0.0,2.7081253291074576,784.1756541261957,3.822361654309903,0.6
7584.153531310779,3.822355395167499,0.0,-0.0,2.7081253291074576,784.4077672737385,3.8223611360551955,0.6
7584.617757605864,3.822354204094758,0.0,-0.0,2.7081253291074576,784.8719935688241,3.8223601007229964,0.6
7585.546210196036,3.822351826024923,0.0,-0.0,2.7081253291074576,785.8004461589953,3.822358034759148,0.6
7585.690278447095,3.822351457512904,0.0,-0.0,2.7081253291074576,785.9445144100546,3.8223577147437244,0.6
7585.804334047435,3.822351165907537,0.0,-0.0,2.7081253291074576,786.0585700103948,3.8223574615014053,0.6
7585.918389647775,3.8223508743864913,0.0,-0.0,2.7081253291074576,786.1726256107349,3.822357208353348,0.6
7586.146500848456,3.822350291550955,0.0,-0.0,2.7081253291074576,786.4007368114153,3.8223567023398806,0.6
7586.602723249815,3.8223491269091583,0.0,-0.0,2.7081253291074576,786.8569592127751,3.8223556914425503,0.6
7587.515168052535,3.8223468015407986,0.0,-0.0,2.7081253291074576,787.7694040154947,3.8223536741584696,0.6
7587.6912518784975,3.8223463533997273,0.0,-0.0,2.7081253291074576,787.9454878414572,3.8223532855536098,0.6
7587.803306505406,3.8223460683602157,0.0,-0.0,2.7081253291074576,788.0575424683657,3.8223530383730444,0.6
7587.9153611323145,3.8223457834021115,0.0,-0.0,2.7081253291074576,788.1695970952742,3.8223527912828716,0.6
7588.1394703861315,3.8223452136826284,0.0,-0.0,2.7081253291074576,788.3937063490912,3.8223522973735697,0.6
7588.5876888937655,3.8223440752324116,0.0,-0.0,2.7081253291074576,788.8419248567252,3.8223513106382194,0.6
7589.484125909034,3.8223418020884927,0.0,-0.0,2.7081253291074576,789.7383618719941,3.82234934149314,0.6
7589.6922253099,3.8223412751263806,0.0,-0.0,2.7081253291074576,789.9464612728598,3.8223488851981218,0.6
7589.802278963377,3.8223409965926503,0.0,-0.0,2.7081253291074576,790.0565149263366,3.8223486440111465,0.6
7589.912332616854,3.822340718136557,0.0,-0.0,2.7081253291074576,790.1665685798134,3.8223484029107975,0.6
7590.132439923808,3.8223401614143495,0.0,-0.0,2.7081253291074576,790.386675886768,3.822347920969851,0.6
7590.572654537717,3.822339048916273,0.0,-0.0,2.7081253291074576,790.8268905006771,3.822346958126098,0.6
7591.453083765535,3.8223368275241456,0.0,-0.0,2.7081253291074576,791.7073197284944,3.822345036584196,0.6
7591.693198741303,3.8223362225417024,0.0,-0.0,2.7081253291074576,791.9474347042624,3.8223445134895426,0.6
7591.801251421349,3.822335950454171,0.0,-0.0,2.7081253291074576,792.0554873843084,3.822344278228624,0.6
7591.909304101395,3.8223356784409592,0.0,-0.0,2.7081253291074576,792.1635400643545,3.8223440430506663,0.6
7592.125409461486,3.822335134596538,0.0,-0.0,2.7081253291074576,792.3796454244457,3.822343572943518,0.6
7592.557620181669,3.822334047814977,0.0,-0.0,2.7081253291074576,792.811856144629,3.822342633723469,0.6
7593.422041622036,3.8223318777053827,0.0,-0.0,2.7081253291074576,793.6762775849957,3.822340759253822,0.6
7593.694172172705,3.8223311954965453,0.0,-0.0,2.7081253291074576,793.948408135665,3.8223401702413775,0.6
7593.80022387932,3.822330929795976,0.0,-0.0,2.7081253291074576,794.0544598422794,3.8223399408396066,0.6
7593.906275585934,3.8223306641669494,0.0,-0.0,2.7081253291074576,794.1605115488937,3.822339711517233,0.6
7594.118378999163,3.8223301330816497,0.0,-0.0,2.7081253291074576,794.3726149621225,3.8223392531105675,0.6
7594.54258582562,3.82232907178242,0.0,-0.0,2.7081253291074576,794.79682178858,3.8223383372487953,0.6
7595.390999478535,3.82232695249074,0.0,-0.0,2.7081253291074576,795.6452354414951,3.822336509325342,0.6
7595.695145604108,3.8223261938420166,0.0,-0.0,2.7081253291074576,795.9493815670676,3.8223358552683457,0.6
7595.799196337291,3.8223259344695446,0.0,-0.0,2.7081253291074576,796.0534323002503,3.8223356316594335,0.6
7595.903247070473,3.822325675165641,0.0,-0.0,2.7081253291074576,796.157483033433,3.822335408126454,0.6
7596.11134853684,3.8223251567242484,0.0,-0.0,2.7081253291074576,796.3655844997993,3.8223349612881887,0.6
7596.527551469571,3.822324120673949,0.0,-0.0,2.7081253291074576,796.781787432531,3.8223340685217115,0.6
7597.359957335035,3.822322051738647,0.0,-0.0,2.7081253291074576,797.6141932979945,3.8223322866232095,0.6
7597.6961190355105,3.8223212174303103,0.0,-0.0,2.7081253291074576,797.9503549984702,3.822331568386371,0.6
7597.798168795262,3.8223209643283753,0.0,-0.0,2.7081253291074576,798.0524047582221,3.8223313505046437,0.6
7597.900218555014,3.8223207112916606,0.0,-0.0,2.7081253291074576,798.154454517974,3.8223311326954814,0.6
7598.104318074517,3.8223202053780723,0.0,-0.0,2.7081253291074576,798.358554037477,3.822330697294755,0.6
7598.512517113523,3.822319194346045,0.0,-0.0,2.7081253291074576,798.7667530764829,3.822329827363018,0.6
7599.328915191536,3.8223171753100447,0.0,-0.0,2.7081253291074576,799.5831511544957,3.8223280909730053,0.6
7599.697092466913,3.822316266114556,0.0,-0.0,2.7081253291074576,799.9513284298728,3.822327309412578,0.6
7599.797141253233,3.8223160192251355,0.0,-0.0,2.7081253291074576,800.051377216193,3.8223270971929706,0.6
7599.897190039554,3.82231577239897,0.0,-0.0,2.7081253291074576,800.1514260025133,3.822326885042657,0.6
7600.097287612194,3.8223152788972268,0.0,-0.0,2.7081253291074576,800.3515235751538,3.822326460949819,0.6
7600.497482757475,3.8223142926557063,0.0,-0.0,2.7081253291074576,800.7517187204348,3.8223256135946713,0.6
7601.297873048036,3.822312323064757,0.0,-0.0,2.7081253291074576,801.552109010996,3.8223239222014262,0.6
7601.698065898316,3.8223113397490605,0.0,-0.0,2.7081253291074576,801.9523018612754,3.82232307816528,0.6
7601.796113711204,3.8223110990158586,0.0,-0.0,2.7081253291074576,802.050349674164,3.822322871543332,0.6
7601.894161524093,3.822310858341873,0.0,-0.0,2.7081253291074576,802.1483974870525,3.822322664987501,0.6
7602.09025714987,3.8223103771397478,0.0,-0.0,2.7081253291074576,802.3444931128297,3.8223222520741036,0.6
7602.482448401425,3.8223094154606296,0.0,-0.0,2.7081253291074576,802.7366843643849,3.822321427039779,0.6
7603.266830904536,3.8223074948658446,0.0,-0.0,2.7081253291074576,803.5210668674954,3.822319780136279,0.6
7603.699039329718,3.822306438189498,0.0,-0.0,2.7081253291074576,803.953275292678,3.822318874463974,0.6
7603.795086169176,3.822306203554806,0.0,-0.0,2.7081253291074576,804.0493221321358,3.8223186733758236,0.6
7603.891133008634,3.8223059689772336,0.0,-0.0,2.7081253291074576,804.1453689715936,3.8223184723507067,0.6
7604.083226687549,3.8223054999604518,0.0,-0.0,2.7081253291074576,804.3374626505083,3.8223180704894926,0.6
7604.467414045378,3.8223045626201895,0.0,-0.0,2.7081253291074576,804.7216500083377,3.8223172675225903,0.6
7605.235788761037,3.822302690574805,0.0,-0.0,2.7081253291074576,805.4900247239966,3.822315664606475,0.6
7605.700012761121,3.8223015612993088,0.0,-0.0,2.7081253291074576,805.9542487240806,3.822314698129332,0.6
7605.794058627147,3.8223013327078483,0.0,-0.0,2.7081253291074576,806.0482945901067,3.8223145025117127,0.6
7605.888104493173,3.8223011041699735,0.0,-0.0,2.7081253291074576,806.1423404561328,3.822314306954134,0.6
7606.076196225225,3.822300647228081,0.0,-0.0,2.7081253291074576,806.3304321881851,3.822313916019026,0.6
7606.452379689329,3.8222997340020077,0.0,-0.0,2.7081253291074576,806.7066156522887,3.82231313486849,0.6
7607.204746617537,3.8222979100643353,0.0,-0.0,2.7081253291074576,807.4589825804969,3.82231157544202,0.6
7607.700986192523,3.822296708927557,0.0,-0.0,2.7081253291074576,807.9552221554823,3.822310548983193,0.6
7607.793031085117,3.8222964863224655,0.0,-0.0,2.7081253291074576,808.0472670480767,3.822310358773426,0.6
7607.8850759777115,3.822296263769603,0.0,-0.0,2.7081253291074576,808.1393119406712,3.822310168620798,0.6
7608.0691657629,3.82229581878922,0.0,-0.0,2.7081253291074576,808.3234017258601,3.8223097884868906,0.6
7608.437345333279,3.822294929458557,0.0,-0.0,2.7081253291074576,808.6915812962388,3.82230902890399,0.6
7609.173704474036,3.8222931531897464,0.0,-0.0,2.7081253291074576,809.4279404369954,3.8223075124740094,0.6
7609.701959623925,3.8222918809298947,0.0,-0.0,2.7081253291074576,809.9561955868849,3.8223064268485567,0.6
7609.792003543088,3.8222916642571816,0.0,-0.0,2.7081253291074576,810.0462395060476,3.8223062419845477,0.6
7609.882047462251,3.8222914476339107,0.0,-0.0,2.7081253291074576,810.1362834252104,3.8223060571748646,0.6
7610.062135300577,3.8222910145060665,0.0,-0.0,2.7081253291074576,810.3163712635369,3.822305687718414,0.6
7610.42231097723,3.8222901488504286,0.0,-0.0,2.7081253291074576,810.6765469401898,3.8223049494567234,0.6
7611.142662330535,3.8222884198150306,0.0,-0.0,2.7081253291074576,811.3968982934948,3.822303475534621,0.6
7611.702933055328,3.8222870771662967,0.0,-0.0,2.7081253291074576,811.9571690182875,3.822302331549574,0.6
7611.79097600106,3.822286866371007,0.0,-0.0,2.7081253291074576,812.0452119640195,3.822302151969808,0.6
7611.879018946792,3.822286655622155,0.0,-0.0,2.7081253291074576,812.1332549097515,3.8223019724416427,0.6
7612.055104838255,3.822286234238484,0.0,-0.0,2.7081253291074576,812.3093408012146,3.8223016135400547,0.6
7612.407276621182,3.822285392039931,0.0,-0.0,2.7081253291074576,812.6615125841417,3.8223008963554346,0.6
7613.111620187036,3.8222837098064106,0.0,-0.0,2.7081253291074576,813.365856149996,3.8222994644571067,0.6
7613.70390648673,3.8222822974961916,0.0,-0.0,2.7081253291074576,813.9581424496901,3.8222982629115414,0.6
7613.789948459031,3.822282092523562,0.0,-0.0,2.7081253291074576,814.0441844219904,3.822298088555077,0.6
7613.875990431331,3.822281887595252,0.0,-0.0,2.7081253291074576,814.1302263942907,3.8222979142475744,0.6
7614.048074375932,3.822281477846814,0.0,-0.0,2.7081253291074576,814.3023103388914,3.8222975657793983,0.6
7614.392242265133,3.8222806588894898,0.0,-0.0,2.7081253291074576,814.6464782280927,3.822296869429977,0.6
7615.080578043536,3.822279023030821,0.0,-0.0,2.7081253291074576,815.3348140064954,3.8222954790757884,0.6
7615.704879918133,3.822277541778733,0.0,-0.0,2.7081253291074576,815.9591158810927,3.8222942207608925,0.6
7615.788920917002,3.8222773425753167,0.0,-0.0,2.7081253291074576,816.0431568799613,3.8222940515673587,0.6
7615.87296191587,3.8222771434136726,0.0,-0.0,2.7081253291074576,816.12719787883,3.8222938824202317,0.6
7616.0410439136085,3.822276745193155,0.0,-0.0,2.7081253291074576,816.2952798765682,3.822293544265148,0.6
7616.377207909084,3.822275949264131,0.0,-0.0,2.7081253291074576,816.6314438720437,3.822292868511301,0.6
7617.049535900036,3.8222743593556285,0.0,-0.0,2.7081253291074576,817.3037718629957,3.822291519226048,0.6
7617.705853349536,3.822272809876062,0.0,-0.0,2.7081253291074576,817.9600893124953,3.822290204925191,0.6
7617.7878933749735,3.8222726163882137,0.0,-0.0,2.7081253291074576,818.0421293379331,3.8222900408347806,0.6
7617.869933400411,3.822272422939974,0.0,-0.0,2.7081253291074576,818.124169363371,3.822289876788306,0.6
7618.034013451286,3.82227203614063,0.0,-0.0,2.7081253291074576,818.2882494142459,3.8222895488271167,0.6
7618.362173553037,3.8222712630272255,0.0,-0.0,2.7081253291074576,818.6164095159966,3.8222888934314483,0.6
7619.018493756537,3.8222697186486636,0.0,-0.0,2.7081253291074576,819.272729719497,3.8222875847443225,0.6
7619.706826780938,3.822268101649353,0.0,-0.0,2.7081253291074576,819.9610627438979,3.8222862152331225,0.6
7619.786865832944,3.8222679138239863,0.0,-0.0,2.7081253291074576,820.0411017959041,3.8222860561865883,0.6
7619.866904884951,3.8222677260364986,0.0,-0.0,2.7081253291074576,820.1211408479103,3.822285897181601,0.6
7620.026982988963,3.8222673505531697,0.0,-0.0,2.7081253291074576,820.2812189519227,3.822285579296222,0.6
7620.347139196988,3.8222666000459657,0.0,-0.0,2.7081253291074576,820.6013751599476,3.8222849440235467,0.6
7620.987451613037,3.822265100779076,0.0,-0.0,2.7081253291074576,821.2416875759964,3.822283675468096,0.6
7621.707800212341,3.8222634169617695,0.0,-0.0,2.7081253291074576,821.9620361753005,3.822282251514489,0.6
7621.785838290915,3.822263234746875,0.0,-0.0,2.7081253291074576,822.040074253875,3.8222820974531384,0.6
7621.86387636949,3.8222630525670143,0.0,-0.0,2.7081253291074576,822.1181123324495,3.8222819434310265,0.6
7622.019952526639,3.822262688295222,0.0,-0.0,2.7081253291074576,822.2741884895986,3.8222816355044773,0.6
7622.332104840938,3.822261960184678,0.0,-0.0,2.7081253291074576,822.5863408038977,3.8222810201218005,0.6
7622.956409469536,3.8222605056165273,0.0,-0.0,2.7081253291074576,823.2106454324958,3.8222797912358955,0.6
7623.708773643743,3.8222587556771526,0.0,-0.0,2.7081253291074576,823.963009606703,3.8222783136002,0.6
7623.784810748887,3.822258579019815,0.0,-0.0,2.7081253291074576,824.0390467118468,3.822278164465891,0.6
7623.860847854031,3.822258402396657,0.0,-0.0,2.7081253291074576,824.1150838169906,3.8222780153685916,0.6
7624.0129220643175,3.822258049231807,0.0,-0.0,2.7081253291074576,824.2671580272772,3.8222777172849853,0.6
7624.317070484891,3.8222573433120237,0.0,-0.0,2.7081253291074576,824.5713064478505,3.822277121561485,0.6
7624.925367326037,3.822255933032067,0.0,-0.0,2.7081253291074576,825.179603288997,3.8222759318872797,0.6
7625.709747075146,3.822254117659461,0.0,-0.0,2.7081253291074576,825.9639830381057,3.8222744013222654,0.6
7625.783783206858,3.8222539465088885,0.0,-0.0,2.7081253291074576,826.0380191698177,3.8222742570574013,0.6
7625.85781933857,3.822253775390259,0.0,-0.0,2.7081253291074576,826.1120553015298,3.8222741128273965,0.6
7626.005891601994,3.8222534332296743,0.0,-0.0,2.7081253291074576,826.260127564954,3.8222738244719308,0.6
7626.302036128842,3.822252749295576,0.0,-0.0,2.7081253291074576,826.5562720918015,3.8222732481789405,0.6
7626.894325182538,3.822251382896942,0.0,-0.0,2.7081253291074576,827.1485611454973,3.8222720972628377,0.6
7627.710720506549,3.8222495027746826,0.0,-0.0,2.7081253291074576,827.9649564695083,3.822270514513788,0.6
7627.782755664829,3.822249337079377,0.0,-0.0,2.7081253291074576,828.0369916277887,3.8222703750613136,0.6
7627.854790823109,3.82224917141404,0.0,-0.0,2.7081253291074576,828.1090267860691,3.822270235641625,0.6
7627.99886113967,3.822248840156446,0.0,-0.0,2.7081253291074576,828.2530971026299,3.822269956900574,0.6
7628.287001772793,3.8222481780037185,0.0,-0.0,2.7081253291074576,828.5412377357525,3.822269399811563,0.6
7628.863283039037,3.8222468550835638,0.0,-0.0,2.7081253291074576,829.1175190019967,3.822268287204179,0.6
7629.711693937951,3.8222449108877203,0.0,-0.0,2.7081253291074576,829.9659299009109,3.8222666530089606,0.6
7629.7817281228,3.8222447505981325,0.0,-0.0,2.7081253291074576,830.0359640857596,3.822266518312356,0.6
7629.851762307649,3.822244590335301,0.0,-0.0,2.7081253291074576,830.1059982706083,3.82226638364654,0.6
7629.991830677347,3.8222442698790777,0.0,-0.0,2.7081253291074576,830.2460666403067,3.8222661144072436,0.6
7630.271967416744,3.8222436293070907,0.0,-0.0,2.7081253291074576,830.5262033797035,3.8222655762977986,0.6
7630.832240895537,3.8222423494641506,0.0,-0.0,2.7081253291074576,831.086476858497,3.822264501553927,0.6
7631.712667369354,3.8222403418679023,0.0,-0.0,2.7081253291074576,831.9669033323134,3.8222628166430512,0.6
7631.780700580772,3.8222401869317597,0.0,-0.0,2.7081253291074576,832.0349365437314,3.8222626866463294,0.6
7631.84873379219,3.82224003202201,0.0,-0.0,2.7081253291074576,832.1029697551494,3.8222625566784725,0.6
7631.984800215025,3.8222397222657265,0.0,-0.0,2.7081253291074576,832.2390361779844,3.8222622968293285,0.6
7632.256933060696,3.8222391030753,0.0,-0.0,2.7081253291074576,832.5111690236554,3.822261777477138,0.6
7632.801198752038,3.8222378659131424,0.0,-0.0,2.7081253291074576,833.0554347149973,3.8222607401557145,0.6
7633.713640800756,3.8222357956072806,0.0,-0.0,2.7081253291074576,833.967876763716,3.822259005252403,0.6
7633.779673038743,3.822235645975597,0.0,-0.0,2.7081253291074576,834.0339090017023,3.822258879900103,0.6
7633.845705276729,3.8222354963680356,0.0,-0.0,2.7081253291074576,834.0999412396886,3.8222587545748192,0.6
7633.9777697527015,3.8222351972138267,0.0,-0.0,2.7081253291074576,834.2320057156612,3.8222585040052732,0.6
7634.241898704647,3.8222345992048576,0.0,-0.0,2.7081253291074576,834.4961346676064,3.8222580031901066,0.6
7634.770156608537,3.822233404330759,0.0,-0.0,2.7081253291074576,835.0243925714967,3.822257002854175,0.6
7635.714614232159,3.8222312719529885,0.0,-0.0,2.7081253291074576,835.9688501951186,3.8222552186744227,0.6
7635.778645496714,3.822231127575925,0.0,-0.0,2.7081253291074576,836.0328814596733,3.8222550979116083,0.6
7635.842676761268,3.822230983222286,0.0,-0.0,2.7081253291074576,836.0969127242279,3.822254977174031,0.6
7635.970739290378,3.8222306945702393,0.0,-0.0,2.7081253291074576,836.224975253338,3.822254735774569,0.6
7636.226864348598,3.822230117547379,0.0,-0.0,2.7081253291074576,836.4811003115574,3.8222542532782615,0.6
7636.739114465037,3.8222289645701144,0.0,-0.0,2.7081253291074576,836.993350427997,3.8222532894949386,0.6
7637.715587663562,3.8222267707758584,0.0,-0.0,2.7081253291074576,837.9698236265212,3.822251456747577,0.6
7637.777617954685,3.822226631604548,0.0,-0.0,2.7081253291074576,838.0318539176451,3.8222513405198284,0.6
7637.839648245809,3.822226492454854,0.0,-0.0,2.7081253291074576,838.0938842087689,3.8222512243156106,0.6
7637.963708828056,3.822226214207915,0.0,-0.0,2.7081253291074576,838.2179447910157,3.822250991977748,0.6
7638.2118299925505,3.822225657975837,0.0,-0.0,2.7081253291074576,838.4660659555102,3.822250527584182,0.6
7638.708072321539,3.822224546509009,0.0,-0.0,2.7081253291074576,838.9623082844982,3.8222495999246227,0.6
7639.700556979515,3.822222327679536,0.0,-0.0,2.7081253291074576,839.9547929424743,3.822247749107279,0.6
7639.716561094964,3.822222291945011,0.0,-0.0,2.7081253291074576,839.9707970579238,3.822247719311384,0.6
7639.776590412656,3.8222221579309066,0.0,-0.0,2.7081253291074576,840.030826375616,3.8222476075647958,0.6
7639.8366197303485,3.822222023937149,0.0,-0.0,2.7081253291074576,840.0908556933082,3.8222474958401014,0.6
7639.956678365733,3.8222217559972407,0.0,-0.0,2.7081253291074576,840.2109143286925,3.822247272456377,0.6
7640.1967956365015,3.8222212203633137,0.0,-0.0,2.7081253291074576,840.4510315994612,3.8222468259514644,0.6
7640.677030178039,3.8222201500227877,0.0,-0.0,2.7081253291074576,840.9312661409986,3.8222459339908283,0.6
7641.637499261113,3.8222180131644112,0.0,-0.0,2.7081253291074576,841.8917352240724,3.8222441542586427,0.6
7641.717534526367,3.822217835330727,0.0,-0.0,2.7081253291074576,841.9717704893264,3.822244006206406,0.6
7641.775562870627,3.822217706425321,0.0,-0.0,2.7081253291074576,842.0297988335869,3.8222438988875824,0.6
7641.833591214888,3.822217577538791,0.0,-0.0,2.7081253291074576,842.0878271778474,3.8222437915890843,0.6
7641.94964790341,3.8222173198112994,0.0,-0.0,2.7081253291074576,842.2038838663693,3.822243577053049,0.6
7642.1817612804525,3.822216804582732,0.0,-0.0,2.7081253291074576,842.4359972434122,3.822243148224715,0.6
7642.645988034538,3.822215774988611,0.0,-0.0,2.7081253291074576,842.900223997498,3.822242291542133,0.6
7643.57444154271,3.822213719351696,0.0,-0.0,2.7081253291074576,843.8286775056695,3.822240582066428,0.6
7643.718507957769,3.8222134008045248,0.0,-0.0,2.7081253291074576,843.972743920729,3.822240317274243,0.6
7643.774535328599,3.8222132769606474,0.0,-0.0,2.7081253291074576,844.0287712915588,3.822240214330294,0.6
7643.830562699429,3.8222131531338635,0.0,-0.0,2.7081253291074576,844.0847986623885,3.8222401114051685,0.6
7643.942617441087,3.8222129055226626,0.0,-0.0,2.7081253291074576,844.196853404047,3.822239905611379,0.6
7644.166726924404,3.822212410509591,0.0,-0.0,2.7081253291074576,844.4209628873641,3.822239494249544,0.6
7644.614945891039,3.822211421284317,0.0,-0.0,2.7081253291074576,844.8691818539983,3.8222386724280835,0.6
7645.511383824308,3.8222094461247456,0.0,-0.0,2.7081253291074576,845.7656197872675,3.8222370323878425,0.6
7645.719481389172,3.822208988239995,0.0,-0.0,2.7081253291074576,845.9737173521316,3.8222366523575277,0.6
7645.77350778657,3.8222088694096543,0.0,-0.0,2.7081253291074576,846.0277437495297,3.8222365537360625,0.6
7645.827534183968,3.822208750595448,0.0,-0.0,2.7081253291074576,846.0817701469277,3.822236455131987,0.6
7645.935586978764,3.8222085130054033,0.0,-0.0,2.7081253291074576,846.1898229417238,3.822236257975995,0.6
7646.151692568355,3.822208038020123,0.0,-0.0,2.7081253291074576,846.4059285313151,3.8222358638725584,0.6
7646.583903747539,3.8222070887891415,0.0,-0.0,2.7081253291074576,846.8381397104986,3.822235076499191,0.6
7647.448326105906,3.8222051933702215,0.0,-0.0,2.7081253291074576,847.7025620688655,3.8222335050809955,0.6
7647.720454820575,3.822204597510633,0.0,-0.0,2.7081253291074576,847.9746907835342,3.8222330112999154,0.6
7647.772480244541,3.8222044836471163,0.0,-0.0,2.7081253291074576,848.0267162075006,3.8222329169490408,0.6
7647.824505668507,3.822204369798154,0.0,-0.0,2.7081253291074576,848.078741631467,3.8222328226141875,0.6
7647.92855651644,3.822204142136443,0.0,-0.0,2.7081253291074576,848.1827924793997,3.8222326339925323,0.6
7648.136658212306,3.8222036869914184,0.0,-0.0,2.7081253291074576,848.3908941752661,3.822232256941356,0.6
7648.552861604038,3.8222027773831924,0.0,-0.0,2.7081253291074576,848.807097566998,3.8222315036069245,0.6
7649.385268387503,3.8222009609744414,0.0,-0.0,2.7081253291074576,849.6395043504626,3.82223000000489,0.6
7649.721428251977,3.8222002284908303,0.0,-0.0,2.7081253291074576,849.9756642149368,3.8222293939460807,0.6
7649.771452702512,3.822200119547542,0.0,-0.0,2.7081253291074576,850.0256886654715,3.822229303814396,0.6
7649.8214771530465,3.82220001061743,0.0,-0.0,2.7081253291074576,850.0757131160062,3.8222292136974274,0.6
7649.921526054117,3.822199792790685,0.0,-0.0,2.7081253291074576,850.1757620170765,3.8222290335076288,0.6
7650.121623856257,3.822199357300261,0.0,-0.0,2.7081253291074576,850.3758598192171,3.8222286733045174,0.6
7650.521819460539,3.822198486948002,0.0,-0.0,2.7081253291074576,850.7760554234983,3.8222279536037043,0.6
7651.3222106691,3.8221967488231847,0.0,-0.0,2.7081253291074576,851.5764466320597,3.822226517019417,0.6
7651.722401683379,3.8221958810562127,0.0,-0.0,2.7081253291074576,851.9766376463385,3.8222258001417084,0.6
7651.770425160483,3.822195776986711,0.0,-0.0,2.7081253291074576,852.0246611234425,3.822225714178301,0.6
7651.818448637587,3.8221956729292303,0.0,-0.0,2.7081253291074576,852.0726846005464,3.8222256282283675,0.6
7651.914495591795,3.822195464845033,0.0,-0.0,2.7081253291074576,852.1687315547542,3.822225456368914,0.6
7652.106589500209,3.822195048826341,0.0,-0.0,2.7081253291074576,852.360825463169,3.8222251128116045,0.6
7652.490777317039,3.822194217364478,0.0,-0.0,2.7081253291074576,852.7450132799986,3.8222244263428964,0.6
7653.259152950698,3.822192556804984,0.0,-0.0,2.7081253291074576,853.5133889136578,3.822223055985351,0.6
7653.723375114781,3.8221915550812637,0.0,-0.0,2.7081253291074576,853.9776110777411,3.8222222297334882,0.6
7653.769397618454,3.8221914558398247,0.0,-0.0,2.7081253291074576,854.0236335814134,3.822222147887929,0.6
7653.815420122126,3.8221913566093617,0.0,-0.0,2.7081253291074576,854.0696560850856,3.822222066054664,0.6
7653.90746512947,3.8221911581757864,0.0,-0.0,2.7081253291074576,854.1617010924301,3.822221902425009,0.6
7654.091555144159,3.822190761446425,0.0,-0.0,2.7081253291074576,854.3457911071191,3.8222215753131468,0.6
7654.459735173538,3.822189968513074,0.0,-0.0,2.7081253291074576,854.713971136498,3.822220921678805,0.6
7655.196095232295,3.822188384805509,0.0,-0.0,2.7081253291074576,855.4503311952549,3.8222196167643445,0.6
7655.724348546184,3.8221872504445717,0.0,-0.0,2.7081253291074576,855.9785845091437,3.8222186825691087,0.6
7655.768370076425,3.822187155985598,0.0,-0.0,2.7081253291074576,856.0226060393843,3.8222186047914484,0.6
7655.812391606665,3.822187061536658,0.0,-0.0,2.7081253291074576,856.0666275696249,3.822218527024963,0.6
7655.900434667147,3.8221868726639108,0.0,-0.0,2.7081253291074576,856.1546706301069,3.822218371525512,0.6
7656.07652078811,3.8221864950430557,0.0,-0.0,2.7081253291074576,856.3307567510701,3.8222180606606417,0.6
7656.428693030038,3.822185740279223,0.0,-0.0,2.7081253291074576,856.6829289929974,3.822217439466669,0.6
7657.133037513892,3.822184232716026,0.0,-0.0,2.7081253291074576,857.387273476852,3.8222161992189205,0.6
7657.725321977587,3.8221829670240286,0.0,-0.0,2.7081253291074576,857.9795579405463,3.822215158497248,0.6
7657.767342534396,3.8221828773023176,0.0,-0.0,2.7081253291074576,858.0215784973561,3.822215084738014,0.6
7657.809363091206,3.8221827875894654,0.0,-0.0,2.7081253291074576,858.0635990541659,3.822215010988895,0.6
7657.893404204825,3.8221826081876094,0.0,-0.0,2.7081253291074576,858.1476401677846,3.822214863521001,0.6
7658.061486432063,3.822182249496101,0.0,-0.0,2.7081253291074576,858.3157223950229,3.8222145687065456,0.6
7658.397650886539,3.8221815325459696,0.0,-0.0,2.7081253291074576,858.6518868494986,3.8222139795626546,0.6
7659.069979795491,3.822180100425615,0.0,-0.0,2.7081253291074576,859.3242157584509,3.82221280321247,0.6
7659.726295408989,3.822178704697236,0.0,-0.0,2.7081253291074576,859.9805313719489,3.8222116573675726,0.6
7659.766314992367,3.822178619668644,0.0,-0.0,2.7081253291074576,860.020550955327,3.822211587577762,0.6
7659.8063345757455,3.8221785346475867,0.0,-0.0,2.7081253291074576,860.0605705387052,3.822211517797067,0.6
7659.886373742502,3.8221783646272787,0.0,-0.0,2.7081253291074576,860.1406097054614,3.8222113782630203,0.6
7660.046452076014,3.82217802468723,0.0,-0.0,2.7081253291074576,860.3006880389739,3.822211099304267,0.6
7660.366608743039,3.8221773451977783,0.0,-0.0,2.7081253291074576,860.6208447059989,3.822210541823849,0.6
7661.006922077089,3.822175987825401,0.0,-0.0,2.7081253291074576,861.2611580400489,3.822209428609244,0.6
7661.727268840392,3.8221744633443677,0.0,-0.0,2.7081253291074576,861.9815048033515,3.8222081790307243,0.6
7661.765287450338,3.8221743829638184,0.0,-0.0,2.7081253291074576,862.019523413298,3.822208113161803,0.6
7661.803306060285,3.822174302590488,0.0,-0.0,2.7081253291074576,862.0575420232444,3.8222080473010553,0.6
7661.879343280179,3.822174141862899,0.0,-0.0,2.7081253291074576,862.1335792431382,3.822207915604077,0.6
7662.031417719965,3.8221738204988167,0.0,-0.0,2.7081253291074576,862.2856536829249,3.82220765230816,0.6
7662.335566599539,3.822173178120637,0.0,-0.0,2.7081253291074576,862.5898025624983,3.822207126108255,0.6
7662.9438643586855,3.822171894805053,0.0,-0.0,2.7081253291074576,863.1981003216451,3.8222060752743494,0.6
7663.728242271794,3.82217024284503,0.0,-0.0,2.7081253291074576,863.9824782347541,3.822204723338319,0.6
7663.76425990831,3.822170167068492,0.0,-0.0,2.7081253291074576,864.0184958712698,3.8222046613422167,0.6
7663.800277544826,3.822170091298658,0.0,-0.0,2.7081253291074576,864.0545135077855,3.8222045993534026,0.6
7663.872312817856,3.822169939776754,0.0,-0.0,2.7081253291074576,864.1265487808159,3.8222044753976356,0.6
7664.016383363917,3.8221696368132205,0.0,-0.0,2.7081253291074576,864.2706193268768,3.8222042275735215,0.6
7664.30452445604,3.8221690311992584,0.0,-0.0,2.7081253291074576,864.5587604189996,3.8222037322747853,0.6
7664.880806640284,3.8221678212572137,0.0,-0.0,2.7081253291074576,865.1350426032441,3.8222027430737433,0.6
7665.729215703197,3.8221660430791884,0.0,-0.0,2.7081253291074576,865.9834516661567,3.822201290142939,0.6
7665.763232366281,3.8221659718638286,0.0,-0.0,2.7081253291074576,866.0174683292407,3.8222012319720444,0.6
7665.797249029365,3.822165900654892,0.0,-0.0,2.7081253291074576,866.0514849923247,3.822201173807608,0.6
7665.865282355533,3.8221657582501116,0.0,-0.0,2.7081253291074576,866.1195183184927,3.822201057498109,0.6
7666.001349007869,3.822165473514906,0.0,-0.0,2.7081253291074576,866.2555849708287,3.822200824956582,0.6
7666.27348231254,3.822164904320829,0.0,-0.0,2.7081253291074576,866.5277182754999,3.8222003601832557,0.6
7666.817748921882,3.8221637670730737,0.0,-0.0,2.7081253291074576,867.0719848848421,3.822199431874228,0.6
7667.7301891346,3.8221618639263917,0.0,-0.0,2.7081253291074576,867.9844250975593,3.822197879298125,0.6
7667.762204824252,3.8221617972290014,0.0,-0.0,2.7081253291074576,868.0164407872116,3.8221978249052824,0.6
7667.794220513904,3.8221617305363846,0.0,-0.0,2.7081253291074576,868.048456476864,3.8221977705181236,0.6
7667.858251893209,3.8221615971648495,0.0,-0.0,2.7081253291074576,868.1124878561686,3.8221976617608555,0.6
7667.986314651819,3.8221613304851094,0.0,-0.0,2.7081253291074576,868.2405506147788,3.822197444314501,0.6
7668.242440169039,3.82216079736921,0.0,-0.0,2.7081253291074576,868.4966761319984,3.8221970096943814,0.6
7668.754691203479,3.822159732143046,0.0,-0.0,2.7081253291074576,869.0089271664383,3.8221961415434436,0.6
7669.731162566002,3.8221577052702127,0.0,-0.0,2.7081253291074576,869.9853985289619,3.822194490658372,0.6
7669.761177282223,3.822157643047456,0.0,-0.0,2.7081253291074576,870.0154132451826,3.8221944399968772,0.6
7669.7911919984435,3.822157580829298,0.0,-0.0,2.7081253291074576,870.0454279614032,3.8221943893403463,0.6
7669.851221430886,3.8221574564045664,0.0,-0.0,2.7081253291074576,870.1054573938454,3.8221942880421715,0.6
7669.97128029577,3.8221572076099117,0.0,-0.0,2.7081253291074576,870.2255162587298,3.8221940855053584,0.6
7670.211398025539,3.8221567102351033,0.0,-0.0,2.7081253291074576,870.4656339884987,3.822193680669769,0.6
7670.691633485077,3.8221557163625093,0.0,-0.0,2.7081253291074576,870.9458694480363,3.822192871949866,0.6
7671.652104404152,3.8221537321203547,0.0,-0.0,2.7081253291074576,871.9063403671116,3.8221912583082154,0.6
7671.732135997405,3.8221535669933266,0.0,-0.0,2.7081253291074576,871.9863719603645,3.8221911240791213,0.6
7671.760149740195,3.8221535092034147,0.0,-0.0,2.7081253291074576,872.0143857031544,3.8221910771027194,0.6
7671.788163482985,3.8221534514172872,0.0,-0.0,2.7081253291074576,872.0423994459443,3.822191030130613,0.6
7671.844190968564,3.822153335853997,0.0,-0.0,2.7081253291074576,872.098426931524,3.8221909361992843,0.6
7671.956245939723,3.8221531047764503,0.0,-0.0,2.7081253291074576,872.2104819026827,3.822190748388153,0.6
7672.18035588204,3.8221526428059733,0.0,-0.0,2.7081253291074576,872.4345918449999,3.822190372971911,0.6
7672.628575766676,3.8221517196259525,0.0,-0.0,2.7081253291074576,872.8828117296353,3.8221896229628003,0.6
7673.525015535945,3.8221498763000135,0.0,-0.0,2.7081253291074576,873.7792514989051,3.8221881262324566,0.6
7673.733109428807,3.82214944898056,0.0,-0.0,2.7081253291074576,873.9873453917671,3.8221877794167574,0.6
7673.759122198166,3.8221493955805856,0.0,-0.0,2.7081253291074576,874.0133581611253,3.8221877360796355,0.6
7673.785134967524,3.8221493421842205,0.0,-0.0,2.7081253291074576,874.0393709304835,3.8221876927461937,0.6
7673.83716050624,3.822149235398638,0.0,-0.0,2.7081253291074576,874.0913964691999,3.822187606090347,0.6
7673.941211583673,3.8221490218704095,0.0,-0.0,2.7081253291074576,874.1954475466327,3.8221874328227945,0.6
7674.14931373854,3.8221485949721323,0.0,-0.0,2.7081253291074576,874.4035497014993,3.822187086464183,0.6
7674.565518048272,3.8221477418277985,0.0,-0.0,2.7081253291074576,874.8197540112315,3.8221863944523737,0.6
7675.397926667737,3.8221460381408807,0.0,-0.0,2.7081253291074576,875.6521626306967,3.8221850132459445,0.6
7675.73408286021,3.8221453511150876,0.0,-0.0,2.7081253291074576,875.9883188231697,3.822184456528597,0.6
7675.758094656137,3.8221453020635696,0.0,-0.0,2.7081253291074576,876.0123306190962,3.822184416785384,0.6
7675.782106452063,3.822145253014921,0.0,-0.0,2.7081253291074576,876.0363424150228,3.8221843770452857,0.6
7675.830130043917,3.822145154924443,0.0,-0.0,2.7081253291074576,876.0843660068767,3.822184297574433,0.6
7675.926177227625,3.82214495877919,0.0,-0.0,2.7081253291074576,876.1804131905847,3.8221841386700945,0.6
7676.11827159504,3.822144566623061,0.0,-0.0,2.7081253291074576,876.3725075579996,3.822183821010833,0.6
7676.50246032987,3.8221437828632787,0.0,-0.0,2.7081253291074576,876.7566962928295,3.8221831862895335,0.6
7677.27083779953,3.822142217548574,0.0,-0.0,2.7081253291074576,877.5250737624901,3.8221819192323347,0.6
7677.735056291613,3.8221412732818925,0.0,-0.0,2.7081253291074576,877.9892922545723,3.8221811552728884,0.6
7677.757067114108,3.822141228537573,0.0,-0.0,2.7081253291074576,878.0113030770681,3.8221811190786483,0.6
7677.779077936604,3.822141183795582,0.0,-0.0,2.7081253291074576,878.0333138995638,3.822181082887009,0.6
7677.823099581595,3.8221410943174985,0.0,-0.0,2.7081253291074576,878.0773355445544,3.8221810105115295,0.6
7677.911142871577,3.822140915390911,0.0,-0.0,2.7081253291074576,878.1653788345366,3.8221808657917666,0.6
7678.087229451541,3.822140557649706,0.0,-0.0,2.7081253291074576,878.3414654145008,3.8221805764769816,0.6
7678.439402611469,3.8221398426286237,0.0,-0.0,2.7081253291074576,878.6936385744284,3.822179998346039,0.6
7679.143748931324,3.822138414429331,0.0,-0.0,2.7081253291074576,879.3979848942836,3.822178844075992,0.6
7679.736029723015,3.8221372153668485,0.0,-0.0,2.7081253291074576,879.9902656859749,3.8221778755088005,0.6
7679.756039572079,3.8221371748884074,0.0,-0.0,2.7081253291074576,880.010275535039,3.822177842819031,0.6
7679.776049421143,3.822137134411888,0.0,-0.0,2.7081253291074576,880.0302853841031,3.822177810131396,0.6
7679.816069119272,3.82213705346458,0.0,-0.0,2.7081253291074576,880.0703050822312,3.822177744762531,0.6
7679.896108515528,3.8221368915931464,0.0,-0.0,2.7081253291074576,880.1503444784876,3.822177614050416,0.6
7680.0561873080405,3.822136567941875,0.0,-0.0,2.7081253291074576,880.3104232710002,3.822177352728611,0.6
7680.376344893066,3.8221359210201378,0.0,-0.0,2.7081253291074576,880.6305808560255,3.822176830494459,0.6
7681.016660063116,3.822134628690409,0.0,-0.0,2.7081253291074576,881.2708960260761,3.8221757876619855,0.6
7681.737003154418,3.822133177256161,0.0,-0.0,2.7081253291074576,881.9912391173775,3.8221746170964206,0.6
7681.75501203005,3.822133141002929,0.0,-0.0,2.7081253291074576,882.0092479930099,3.822174587867047,0.6
7681.773020905683,3.8221331047517317,0.0,-0.0,2.7081253291074576,882.0272568686423,3.8221745586393916,0.6
7681.809038656948,3.8221330322526788,0.0,-0.0,2.7081253291074576,882.063274619908,3.8221745001892344,0.6
7681.881074159479,3.8221328872751297,0.0,-0.0,2.7081253291074576,882.1353101224386,3.8221743833095343,0.6
7682.02514516454,3.822132597392798,0.0,-0.0,2.7081253291074576,882.2793811274996,3.822174149632564,0.6
7682.313287174663,3.822132017934389,0.0,-0.0,2.7081253291074576,882.5675231376226,3.822173682608165,0.6
7682.889571194909,3.822130860237501,0.0,-0.0,2.7081253291074576,883.1438071578687,3.822172749876086,0.6
7683.73797658582,3.8221291588364927,0.0,-0.0,2.7081253291074576,883.9922125487801,3.8221713798967456,0.6
7683.753984488022,3.8221291267689375,0.0,-0.0,2.7081253291074576,884.0082204509818,3.8221713540841193,0.6
7683.769992390224,3.822129094702113,0.0,-0.0,2.7081253291074576,884.0242283531834,3.822171328272842,0.6
7683.802008194626,3.8221290305719404,0.0,-0.0,2.7081253291074576,884.0562441575858,3.822171276654333,0.6
7683.866039803431,3.8221289023263934,0.0,-0.0,2.7081253291074576,884.1202757663905,3.822171173433497,0.6
7683.994103021041,3.8221286458943213,0.0,-0.0,2.7081253291074576,884.2483389840008,3.8221709670565347,0.6
7684.250229456262,3.822128133269742,0.0,-0.0,2.7081253291074576,884.5044654192216,3.8221705545613256,0.6
7684.762482326702,3.8221271089798465,0.0,-0.0,2.7081253291074576,885.0167182896621,3.822169730604759,0.6
7685.738950017223,3.822125159995733,0.0,-0.0,2.7081253291074576,885.9931859801827,3.822168163771678,0.6
7685.752956945993,3.8221251320730465,0.0,-0.0,2.7081253291074576,886.0071929089527,3.8221681413325723,0.6
7685.766963874763,3.8221251041509583,0.0,-0.0,2.7081253291074576,886.0211998377226,3.822168118894492,0.6
7685.794977732303,3.8221250483095726,0.0,-0.0,2.7081253291074576,886.0492136952626,3.82216807402141,0.6
7685.851005447383,3.8221249366380263,0.0,-0.0,2.7081253291074576,886.1052414103424,3.8221679842875536,0.6
7685.9630608775415,3.822124713339261,0.0,-0.0,2.7081253291074576,886.2172968405011,3.822167804869066,0.6
7686.187171737859,3.8221242669242446,0.0,-0.0,2.7081253291074576,886.4414077008187,3.822167446228904,0.6
7686.635393458495,3.82212337482479,0.0,-0.0,2.7081253291074576,886.8896294214546,3.8221667297351627,0.6
7687.531836899767,3.822121593545544,0.0,-0.0,2.7081253291074576,887.7860728627265,3.8221652998886477,0.6
7687.739923448626,3.8221211806235047,0.0,-0.0,2.7081253291074576,887.9941594115853,3.8221649685840196,0.6
7687.751929403964,3.8221211568058355,0.0,-0.0,2.7081253291074576,888.0061653669236,3.8221649494756247,0.6
7687.763935359302,3.8221211329888964,0.0,-0.0,2.7081253291074576,888.0181713222619,3.8221649303679786,0.6
7687.787947269979,3.8221210853563985,0.0,-0.0,2.7081253291074576,888.0421832329384,3.8221648921549325,0.6
7687.835971091333,3.8221209901011517,0.0,-0.0,2.7081253291074576,888.0902070542925,3.822164815737825,0.6
7687.932018734041,3.8221207996219055,0.0,-0.0,2.7081253291074576,888.1862546970005,3.822164662939542,0.6
7688.124114019456,3.822120418797566,0.0,-0.0,2.7081253291074576,888.3783499824158,3.82216435748665,0.6
7688.5083045902875,3.822119657681666,0.0,-0.0,2.7081253291074576,888.7625405532472,3.8221637471551433,0.6
7689.276685731949,3.822118137584609,0.0,-0.0,2.7081253291074576,889.530921694909,3.8221625287858805,0.6
7689.740896880028,3.822117220607662,0.0,-0.0,2.7081253291074576,889.9951328429879,3.8221617941974646,0.6
7689.750901861936,3.8221172008560957,0.0,-0.0,2.7081253291074576,890.0051378248954,3.8221617783773856,0.6
7689.760906843843,3.8221171811050136,0.0,-0.0,2.7081253291074576,890.0151428068029,3.822161762557823,0.6
7689.780916807657,3.822117141603556,0.0,-0.0,2.7081253291074576,890.0351527706171,3.822161730920248,0.6
7689.820936735286,3.822117062607075,0.0,-0.0,2.7081253291074576,890.0751726982453,3.822161667651296,0.6
7689.900976590542,3.8221169046371997,0.0,-0.0,2.7081253291074576,890.1552125535018,3.8221615411381844,0.6
7690.061056301055,3.8221165887885045,0.0,-0.0,2.7081253291074576,890.3152922640147,3.8221612882110976,0.6
7690.381215722081,3.822115957460296,0.0,-0.0,2.7081253291074576,890.6354516850406,3.82216078275323,0.6
7691.021534564134,3.822114696277713,0.0,-0.0,2.7081253291074576,891.2757705270933,3.8221597734207844,0.6
7691.741870311431,3.8221132798386286,0.0,-0.0,2.7081253291074576,891.9961062743905,3.8221586404765957,0.6
7691.749874319907,3.822113264114229,0.0,-0.0,2.7081253291074576,892.0041102828663,3.822158627902848,0.6
7691.7578783283825,3.822113248389652,0.0,-0.0,2.7081253291074576,892.0121142913422,3.8221586153294287,0.6
7691.773886345334,3.8221132169421606,0.0,-0.0,2.7081253291074576,892.0281223082939,3.8221585901835753,0.6
7691.805902379237,3.822113154049551,0.0,-0.0,2.7081253291074576,892.0601383421963,3.8221585398958107,0.6
7691.8699344470415,3.8221130282795484,0.0,-0.0,2.7081253291074576,892.1241704100012,3.822158439336046,0.6
7691.997998582652,3.822112776798023,0.0,-0.0,2.7081253291074576,892.2522345456118,3.8221582382795587,0.6
7692.2541268538735,3.8221122740697098,0.0,-0.0,2.7081253291074576,892.5083628168331,3.8221578364186315,0.6
7692.766383396316,3.82211126955174,0.0,-0.0,2.7081253291074576,893.0206193592758,3.822157033703983,0.6
7693.742843742833,3.8221093582055348,0.0,-0.0,2.7081253291074576,893.9970797057931,3.822155507286876,0.6
7693.748846777878,3.8221093464692166,0.0,-0.0,2.7081253291074576,894.0030827408373,3.8221554979178824,0.6
7693.754849812922,3.8221093347325876,0.0,-0.0,2.7081253291074576,894.0090857758814,3.8221554885490723,0.6
7693.76685588301,3.8221093112618942,0.0,-0.0,2.7081253291074576,894.0210918459697,3.822155469812003,0.6
7693.790868023187,3.8221092643190104,0.0,-0.0,2.7081253291074576,894.0451039861464,3.822155432340067,0.6
7693.838892303541,3.8221091704436816,0.0,-0.0,2.7081253291074576,894.0931282665006,3.8221553574050056,0.6
7693.934940864249,3.82210898272501,0.0,-0.0,2.7081253291074576,894.1891768272089,3.822155207570118,0.6
7694.127037985666,3.8221086074196213,0.0,-0.0,2.7081253291074576,894.3812739486257,3.8221549080412323,0.6
7694.511232228499,3.8221078573334077,0.0,-0.0,2.7081253291074576,894.7654681914582,3.8221543095466055,0.6
7695.279620714164,3.822106359259343,0.0,-0.0,2.7081253291074576,895.5338566771234,3.822153114806638,0.6
7695.743817174235,3.8221054556016067,0.0,-0.0,2.7081253291074576,895.9980531371948,3.8221523944946445,0.6
7695.747819235848,3.8221054478148613,0.0,-0.0,2.7081253291074576,896.0020551988073,3.822152388289232,0.6
7695.75182129746,3.8221054400285515,0.0,-0.0,2.7081253291074576,896.0060572604198,3.8221523820838996,0.6
7695.759825420686,3.822105424455983,0.0,-0.0,2.7081253291074576,896.0140613836456,3.822152369673479,0.6
7695.775833667138,3.8221053933127074,0.0,-0.0,2.7081253291074576,896.0300696300974,3.82215234485361,0.6
7695.80785016004,3.8221053310303756,0.0,-0.0,2.7081253291074576,896.062086123,3.822152295217763,0.6
7695.871883145846,3.8221052064853422,0.0,-0.0,2.7081253291074576,896.126119108806,3.822152195961629,0.6
7695.999949117458,3.822104957471975,0.0,-0.0,2.7081253291074576,896.2541850804173,3.822151997511587,0.6
7696.256081060681,3.822104459752178,0.0,-0.0,2.7081253291074576,896.5103170236407,3.8221516008602867,0.6
7696.768344947127,3.8221034655398176,0.0,-0.0,2.7081253291074576,897.0225809100866,3.822150808551849,0.6
7697.744790605638,3.822101574880077,0.0,-0.0,2.7081253291074576,897.9990265685974,3.822149301967112,0.6
7697.746791693819,3.8221015710057094,0.0,-0.0,2.7081253291074576,898.0010276567791,3.822149298884506,0.6
7697.748792782001,3.822101567131224,0.0,-0.0,2.7081253291074576,898.0030287449608,3.8221492958019203,0.6
7697.752794958364,3.8221015593825083,0.0,-0.0,2.7081253291074576,898.0070309213233,3.8221492896368088,0.6
7697.76079931109,3.822101543884905,0.0,-0.0,2.7081253291074576,898.0150352740493,3.822149277306828,0.6
7697.7768080165415,3.8221015128911033,0.0,-0.0,2.7081253291074576,898.0310439795012,3.822149252647833,0.6
7697.808825427444,3.8221014509088023,0.0,-0.0,2.7081253291074576,898.0630613904041,3.822149203333708,0.6
7697.872860249251,3.8221013269629136,0.0,-0.0,2.7081253291074576,898.1270962122107,3.8221491047209186,0.6
7698.000929892864,3.822101079148185,0.0,-0.0,2.7081253291074576,898.2551658558241,3.822148907557164,0.6
7698.257069180091,3.8221005838236417,0.0,-0.0,2.7081253291074576,898.5113051430508,3.8221485134768325,0.6
7698.7693477545445,3.822099594393905,0.0,-0.0,2.7081253291074576,899.0235837175042,3.8221477263039163,0.6
7699.74576403704,3.8220977129366314,0.0,-0.0,2.7081253291074576,900.0,3.8221462295723514,0.6
8095.975600997805,3.945155147126199,0.0,-0.0,3.2472916365232574,2.2806841533574698,3.9445140882101812,0.72
8096.625365832621,3.9447340660357098,0.0,-0.0,3.2472916365232574,2.9304489881742484,3.944227982549992,0.72
8097.326658168961,3.9443100491183847,0.0,-0.0,3.2472916365232574,3.6317413245142234,3.9439267787505914,0.72
8097.418267821494,3.9442571723152504,0.0,-0.0,3.2472916365232574,3.723350977046721,3.943888003689337,0.72
8097.509877474026,3.9442047284292556,0.0,-0.0,3.2472916365232574,3.814960629579218,3.9438493590924666,0.72
8097.69309677909,3.944100871911391,0.0,-0.0,3.2472916365232574,3.9981799346433036,3.9437724594386196,0.72
8098.0595353892195,3.9438981794584125,0.0,-0.0,3.2472916365232574,4.364618544772384,3.9436202054102383,0.72
8098.792412609477,3.943509891126997,0.0,-0.0,3.2472916365232574,5.097495765029635,3.9433217768007953,0.72
8099.327480174933,3.9432404620902393,0.0,-0.0,3.2472916365232574,5.632563330485937,3.9431089087745317,0.72
8099.427770936759,3.9431914373467642,0.0,-0.0,3.2472916365232574,5.732854092311754,3.9430694721834025,0.72
8099.528061698585,3.9431427793200786,0.0,-0.0,3.2472916365232574,5.833144854137572,3.943030180208707,0.72
8099.728643222236,3.9430463399975393,0.0,-0.0,3.2472916365232574,6.033726377789208,3.942952027861332,0.72
8100.12980626954,3.9428577531301277,0.0,-0.0,3.2472916365232574,6.434889425092479,3.9427974339664265,0.72
8100.932132364147,3.9424954743104568,0.0,-0.0,3.2472916365232574,7.23721551969993,3.9424949663289643,0.72
8101.328302180906,3.9423238836532644,0.0,-0.0,3.2472916365232574,7.633385336458559,3.942348851653835,0.72
8101.437030156906,3.94227778342593,0.0,-0.0,3.2472916365232574,7.742113312458969,3.9423091187221853,0.72
8101.5457581329065,3.942232012521225,0.0,-0.0,3.2472916365232574,7.850841288459378,3.942269543002633,0.72
8101.763214084906,3.942141259750244,0.0,-0.0,3.2472916365232574,8.068297240459287,3.9421908605533207,0.72
8102.198125988906,3.9419636249053993,0.0,-0.0,3.2472916365232574,8.503209144459106,3.942035353245031,0.72
8103.067949796907,3.9416218976658843,0.0,-0.0,3.2472916365232574,9.373032952459653,3.9417316243576006,0.72
8103.329124186877,3.9415228422308335,0.0,-0.0,3.2472916365232574,9.634207342430273,3.941642284603306,0.72
8103.446489103536,3.9414790090916645,0.0,-0.0,3.2472916365232574,9.751572259088789,3.941602412662298,0.72
8103.563854020194,3.941435481278676,0.0,-0.0,3.2472916365232574,9.868937175747305,3.941562710156061,0.72
8103.798583853511,3.941349157839541,0.0,-0.0,3.2472916365232574,10.103667009064338,3.9414838103715755,0.72
8104.268043520146,3.941180106934101,0.0,-0.0,3.2472916365232574,10.573126675699314,3.941328010376789,0.72
8105.2069628534155,3.940854639663128,0.0,-0.0,3.2472916365232574,11.512046008968355,3.9410242408863727,0.72
8105.329946192849,3.9408132767512067,0.0,-0.0,3.2472916365232574,11.635029348401986,3.9409852101296208,0.72
8105.456342012146,3.9407712167991944,0.0,-0.0,3.2472916365232574,11.76142516769869,3.9409452765585864,0.72
8105.5827378314425,3.940729446135623,0.0,-0.0,3.2472916365232574,11.887820986995393,3.9409055247595752,0.72
8105.835529470036,3.9406465988690096,0.0,-0.0,3.2472916365232574,12.140612625588801,3.940826562926427,0.72
8106.341112747222,3.940484315532159,0.0,-0.0,3.2472916365232574,12.646195902774707,3.94067078170541,0.72
8107.330768198822,3.9401782566669024,0.0,-0.0,3.2472916365232574,13.635851354374608,3.9403739315358166,0.72
8107.466660028288,3.940137600102897,0.0,-0.0,3.2472916365232574,13.771743183840954,3.94033398852296,0.72
8107.602551857754,3.940097222155138,0.0,-0.0,3.2472916365232574,13.9076350133073,3.9402942398658065,0.72
8107.874335516686,3.940017134911425,0.0,-0.0,3.2472916365232574,14.17941867223908,3.9402153215400717,0.72
8108.41790283455,3.939860248338701,0.0,-0.0,3.2472916365232574,14.722985990102643,3.9400597725944433,0.72
8109.331590204793,3.9396052990997372,0.0,-0.0,3.2472916365232574,15.636673360346322,3.939805030270512,0.72
8109.477589925027,3.9395657345159827,0.0,-0.0,3.2472916365232574,15.782673080580025,3.939765089523239,0.72
8109.623589645261,3.9395264422019487,0.0,-0.0,3.2472916365232574,15.928672800813729,3.9397253563036227,0.72
8109.915589085727,3.939448511089507,0.0,-0.0,3.2472916365232574,16.220672241280226,3.9396465077730984,0.72
8110.49958796666,3.93929586339698,0.0,-0.0,3.2472916365232574,16.80467112221322,3.9394912499978796,0.72
8111.332412210766,3.9390847865141936,0.0,-0.0,3.2472916365232574,17.637495366318944,3.9392753449829288,0.72
8111.489139659999,3.93904607953451,0.0,-0.0,3.2472916365232574,17.79422281555162,3.9392354230938613,0.72
8111.645867109231,3.939007641699392,0.0,-0.0,3.2472916365232574,17.950950264784296,3.9391957224313527,0.72
8111.959322007697,3.9389314120804224,0.0,-0.0,3.2472916365232574,18.26440516324965,3.939116979442724,0.72
8112.5862318046275,3.9387821312702878,0.0,-0.0,3.2472916365232574,18.891314960180353,3.938962089862776,0.72
8113.333234216738,3.938609221868676,0.0,-0.0,3.2472916365232574,19.638317372290658,3.93878195215526,0.72
8113.501374263339,3.9385711798615333,0.0,-0.0,3.2472916365232574,19.806457418892023,3.9387420556611734,0.72
8113.6695143099405,3.9385334066775943,0.0,-0.0,3.2472916365232574,19.97459746549339,3.9387023947149578,0.72
8114.005794403143,3.9384585052327417,0.0,-0.0,3.2472916365232574,20.31087755869612,3.938623773369568,0.72
8114.678354589548,3.938311875899645,0.0,-0.0,3.2472916365232574,20.983437745100673,3.938469290747231,0.72
8115.3340562227095,3.938172577107755,0.0,-0.0,3.2472916365232574,21.63913937826237,3.938322148193586,0.72
8115.51428877543,3.9381350543007536,0.0,-0.0,3.2472916365232574,21.819371930982925,3.938282291472299,0.72
8115.694521328151,3.938097801876512,0.0,-0.0,3.2472916365232574,21.99960448370348,3.938242685136722,0.72
8116.054986433591,3.9380239459066857,0.0,-0.0,3.2472916365232574,22.360069589143677,3.9381642166843793,0.72
8116.775916644471,3.9378794266399124,0.0,-0.0,3.2472916365232574,23.080999800024074,3.938010208764909,0.72
8117.334878228682,3.9377699980152983,0.0,-0.0,3.2472916365232574,23.639961384234994,3.937893432867502,0.72
8117.527953890203,3.937732868143692,0.0,-0.0,3.2472916365232574,23.8330370457561,3.9378536203877417,0.72
8117.721029551724,3.9376960121853615,0.0,-0.0,3.2472916365232574,24.026112707277207,3.9378140737487977,0.72
8118.107180874766,3.93762295756891,0.0,-0.0,3.2472916365232574,24.41226403031851,3.93773577011202,0.72
8118.879483520849,3.937480082056683,0.0,-0.0,3.2472916365232574,25.184566676402028,3.9375822670581724,0.72
8119.335700234654,3.9373974689402513,0.0,-0.0,3.2472916365232574,25.640783390206707,3.937493493996888,0.72
8119.542363166768,3.937360635251783,0.0,-0.0,3.2472916365232574,25.847446322321048,3.937453737451373,0.72
8119.7490260988825,3.9373240807005128,0.0,-0.0,3.2472916365232574,26.05410925443539,3.937414262701893,0.72
8120.16235196311,3.937251640895357,0.0,-0.0,3.2472916365232574,26.46743511866316,3.937336149661075,0.72
8120.989003691566,3.9371100538988153,0.0,-0.0,3.2472916365232574,27.294086847118706,3.9371832079015987,0.72
8121.336522240626,3.9370517064742456,0.0,-0.0,3.2472916365232574,27.64160539617933,3.93712019329189,0.72
8121.557774133374,3.9370150510428736,0.0,-0.0,3.2472916365232574,27.862857288926534,3.9370804623141415,0.72
8121.779026026121,3.9369786816452645,0.0,-0.0,3.2472916365232574,28.08410918167374,3.9370410301802843,0.72
8122.221529811616,3.93690662888823,0.0,-0.0,3.2472916365232574,28.526612967169058,3.936963052320482,0.72
8123.106537382607,3.9367658969177306,0.0,-0.0,3.2472916365232574,29.411620538159696,3.9368105725781537,0.72
8123.337344246598,3.9367298555752717,0.0,-0.0,3.2472916365232574,29.642427402151043,3.9367715532592733,0.72
8123.573981320221,3.9366933172995453,0.0,-0.0,3.2472916365232574,29.879064475773703,3.93673186356084,0.72
8123.8106183938435,3.9366570732486093,0.0,-0.0,3.2472916365232574,30.115701549396363,3.936692490177664,0.72
8124.28389254109,3.9365852905925633,0.0,-0.0,3.2472916365232574,30.588975696642592,3.9366146809143836,0.72
8125.230440835582,3.9364451930239617,0.0,-0.0,3.2472916365232574,31.53552399113505,3.9364627337650315,0.72
8125.33816625257,3.9364295095687436,0.0,-0.0,3.2472916365232574,31.643249408122756,3.936445745094842,0.72
8125.591115351315,3.9363930224921564,0.0,-0.0,3.2472916365232574,31.89619850686813,3.93640609447105,0.72
8125.844064450061,3.936356839124718,0.0,-0.0,3.2472916365232574,32.14914760561351,3.9363667782955387,0.72
8126.349962647552,3.93628520029052,0.0,-0.0,3.2472916365232574,32.65504580310517,3.936289136378479,0.72
8127.3389882585425,3.9361485786976456,0.0,-0.0,3.2472916365232574,33.64407141409538,3.9361410774876506,0.72
8127.610405499649,3.9361119268181204,0.0,-0.0,3.2472916365232574,33.91548865520144,3.9361012896488488,0.72
8127.881822740755,3.9360755920780672,0.0,-0.0,3.2472916365232574,34.18690589630751,3.936061858139736,0.72
8128.424657222968,3.936003682305566,0.0,-0.0,3.2472916365232574,34.729740378520546,3.9359840493777543,0.72
8129.339810264514,3.935885195322073,0.0,-0.0,3.2472916365232574,35.64489342006709,3.9358559862673603,0.72
8129.629096324855,3.9358485515495496,0.0,-0.0,3.2472916365232574,35.93417948040769,3.935816299597212,0.72
8129.918382385195,3.9358122357249288,0.0,-0.0,3.2472916365232574,36.22346554074829,3.935776987556445,0.72
8130.496954505877,3.9357403893097627,0.0,-0.0,3.2472916365232574,36.802037661429495,3.935699470885366,0.72
8131.340632270487,3.93563777021974,0.0,-0.0,3.2472916365232574,37.645715426039715,3.935589024831226,0.72
8131.648525642453,3.9356011215364926,0.0,-0.0,3.2472916365232574,37.95360879800592,3.9355494668076907,0.72
8131.956419014419,3.935564811999869,0.0,-0.0,3.2472916365232574,38.26150216997212,3.935510301567733,0.72
8132.572205758352,3.935493004768179,0.0,-0.0,3.2472916365232574,38.87728891390452,3.9354331310884465,0.72
8133.3414542764585,3.935405029027028,0.0,-0.0,3.2472916365232574,39.64653743201143,3.9353388552920108,0.72
8133.6695727201495,3.9353682671162913,0.0,-0.0,3.2472916365232574,39.97465587570241,3.935299345632953,0.72
8133.9976911638405,3.9353318579446115,0.0,-0.0,3.2472916365232574,40.30277431939339,3.9352602488737833,0.72
8134.653928051223,3.9352598833202026,0.0,-0.0,3.2472916365232574,40.95901120677627,3.9351832735429437,0.72
8135.34227628243,3.935185738994028,0.0,-0.0,3.2472916365232574,41.64735943798314,3.935104240292532,0.72
8135.691628820385,3.935148839260206,0.0,-0.0,3.2472916365232574,41.996711975937615,3.9350647840849495,0.72
8136.040981358339,3.9351123065964324,0.0,-0.0,3.2472916365232574,42.34606451389209,3.9350257611696335,0.72
8136.739686434249,3.935040087815744,0.0,-0.0,3.2472916365232574,43.044769589801945,3.9349489923508822,0.72
8137.343098288403,3.9349787562231717,0.0,-0.0,3.2472916365232574,43.648181443955764,3.9348840354366352,0.72
8137.714732998203,3.934941696552867,0.0,-0.0,3.2472916365232574,44.01981615375553,3.934844634958752,0.72
8138.086367708002,3.9349050190422936,0.0,-0.0,3.2472916365232574,44.39145086355529,3.9348056884198024,0.72
8138.829637127602,3.934832544723583,0.0,-0.0,3.2472916365232574,45.13472028315482,3.9347291317395525,0.72
8139.343920294375,3.934783157262389,0.0,-0.0,3.2472916365232574,45.64900344992748,3.9346771822901756,0.72
8139.738853612874,3.934745922821972,0.0,-0.0,3.2472916365232574,46.04393676842665,3.93463784423956,0.72
8140.133786931373,3.934709086244256,0.0,-0.0,3.2472916365232574,46.43887008692582,3.93459898083627,0.72
8140.923653568371,3.934636329291661,0.0,-0.0,3.2472916365232574,47.22873672392416,3.934522649801114,0.72
8141.344742300346,3.9345980811466656,0.0,-0.0,3.2472916365232574,47.64982545589919,3.934482701909073,0.72
8141.764330478833,3.9345606303921863,0.0,-0.0,3.2472916365232574,48.069413634385455,3.934443401347955,0.72
8142.183918657319,3.9345235944168477,0.0,-0.0,3.2472916365232574,48.48900181287172,3.934404596892625,0.72
8143.023095014291,3.934450476839608,0.0,-0.0,3.2472916365232574,49.32817816984425,3.9343284451051574,0.72
8143.345564306319,3.9344227344611333,0.0,-0.0,3.2472916365232574,49.65064746187181,3.934299688854756,0.72
8143.790920437742,3.934385053699263,0.0,-0.0,3.2472916365232574,50.09600359329488,3.934260427226984,0.72
8144.236276569165,3.9343478052601224,0.0,-0.0,3.2472916365232574,50.54135972471795,3.934221683207841,0.72
8145.126988832011,3.934274302277912,0.0,-0.0,3.2472916365232574,51.432071987564086,3.93414571355399,0.72
8145.346386312291,3.934256402960167,0.0,-0.0,3.2472916365232574,51.651469467843526,3.9341273056602852,0.72
8145.818721380468,3.934218473699446,0.0,-0.0,3.2472916365232574,52.12380453602054,3.9340880764898634,0.72
8146.291056448645,3.934180995045792,0.0,-0.0,3.2472916365232574,52.59613960419756,3.934049386586444,0.72
8147.235726584999,3.934107072747664,0.0,-0.0,3.2472916365232574,53.540809740551595,3.9339735866457413,0.72
8147.347208318263,3.934098437588487,0.0,-0.0,3.2472916365232574,53.65229147381615,3.9339647777132125,0.72
8147.847733889702,3.9340602447823576,0.0,-0.0,3.2472916365232574,54.15281704525478,3.9339255755438547,0.72
8148.3482594611405,3.934022521529097,0.0,-0.0,3.2472916365232574,54.65334261669341,3.9338869343401255,0.72
8149.348030324235,3.9339482464661604,0.0,-0.0,3.2472916365232574,55.65311347978786,3.9338113885238024,0.72
8149.878363062098,3.9339097488232504,0.0,-0.0,3.2472916365232574,56.18344621765118,3.933772178671374,0.72
8150.408695799962,3.933871741011055,0.0,-0.0,3.2472916365232574,56.7137789555145,3.933733552295533,0.72
8151.348852330207,3.9338052596332282,0.0,-0.0,3.2472916365232574,57.653935485759575,3.93366647534958,0.72
8151.909546082425,3.9337664953569433,0.0,-0.0,3.2472916365232574,58.21462923797753,3.933627301776575,0.72
8152.470239834643,3.9337282404834073,0.0,-0.0,3.2472916365232574,58.77532299019549,3.933588732579069,0.72
8153.349674336179,3.933668984296083,0.0,-0.0,3.2472916365232574,59.6547574917322,3.9335294251493824,0.72
8153.941779719508,3.933629954410313,0.0,-0.0,3.2472916365232574,60.2468628750612,3.9334902911413088,0.72
8154.533885102837,3.9335914536775594,0.0,-0.0,3.2472916365232574,60.838968258390196,3.9334517818263035,0.72
8155.350496342151,3.9335389695031915,0.0,-0.0,3.2472916365232574,61.65557949770391,3.9333996708420957,0.72
8155.97500952423,3.9334996784680794,0.0,-0.0,3.2472916365232574,62.28009267978268,3.933360580989647,0.72
8156.599522706309,3.933460936374704,0.0,-0.0,3.2472916365232574,62.904605861861455,3.933322135391424,0.72
8157.351318348124,3.9334148009322036,0.0,-0.0,3.2472916365232574,63.656401503676534,3.9332766878471275,0.72
8158.009168065728,3.9333752566457534,0.0,-0.0,3.2472916365232574,64.31425122128076,3.9332376481187907,0.72
8158.667017783332,3.9333362809748986,0.0,-0.0,3.2472916365232574,64.97210093888498,3.9331992712680126,0.72
8159.352140354095,3.933296097142297,0.0,-0.0,3.2472916365232574,65.65722350964825,3.933159990885403,0.72
8160.044174007154,3.9332563109633574,0.0,-0.0,3.2472916365232574,66.34925716270664,3.9331210087154576,0.72
8160.736207660212,3.9332171127943383,0.0,-0.0,3.2472916365232574,67.04129081576502,3.933082706922624,0.72
8161.352962360067,3.933182495720331,0.0,-0.0,3.2472916365232574,67.65804551561996,3.933049131021263,0.72
8162.079562987934,3.933142502721362,0.0,-0.0,3.2472916365232574,68.38464614348686,3.933010234946367,0.72
8162.806163615801,3.933103116054462,0.0,-0.0,3.2472916365232574,69.11124677135376,3.9329720347398007,0.72
8163.35378436604,3.933073677245294,0.0,-0.0,3.2472916365232574,69.65886752159258,3.932943692927124,0.72
8164.115692147567,3.9330334890606133,0.0,-0.0,3.2472916365232574,70.42077530311963,3.932904886650331,0.72
8164.877599929094,3.9329939250769272,0.0,-0.0,3.2472916365232574,71.18268308464667,3.9328667904552757,0.72
8165.354606372011,3.932969341278957,0.0,-0.0,3.2472916365232574,71.6596895275643,3.9328432923541135,0.72
8166.152249762372,3.9329289831119043,0.0,-0.0,3.2472916365232574,72.45733291792476,3.932804591144197,0.72
8166.949893152732,3.9328892660644312,0.0,-0.0,3.2472916365232574,73.25497630828522,3.932766612422313,0.72
8167.355428377984,3.932869209590209,0.0,-0.0,3.2472916365232574,73.66051153353692,3.93274757379319,0.72
8168.1817680004815,3.932829059957994,0.0,-0.0,3.2472916365232574,74.48685115603439,3.9327093300948754,0.72
8169.008107622979,3.932789556016293,0.0,-0.0,3.2472916365232574,75.31319077853186,3.9326718066871362,0.72
8169.356250383956,3.932773014878745,0.0,-0.0,3.2472916365232574,75.66133353950863,3.932656208312379,0.72
8170.180589184448,3.932734495176192,0.0,-0.0,3.2472916365232574,76.48567234000075,3.932619759940156,0.72
8171.00492798494,3.9326965800798197,0.0,-0.0,3.2472916365232574,77.31001114049286,3.9325839784110355,0.72
8171.357072389927,3.9326804810952454,0.0,-0.0,3.2472916365232574,77.66215554548035,3.9325688915568784,0.72
8172.179410368413,3.932643493823474,0.0,-0.0,3.2472916365232574,78.4844935239662,3.9325341119681636,0.72
8173.001748346899,3.9326070731083522,0.0,-0.0,3.2472916365232574,79.30683150245204,3.932499949976514,0.72
8173.3578943959,3.932591393248113,0.0,-0.0,3.2472916365232574,79.66297755145297,3.932485341899758,0.72
8174.17823155238,3.932555847868219,0.0,-0.0,3.2472916365232574,80.48331470793255,3.932452114218233,0.72
8174.998568708859,3.932520833776088,0.0,-0.0,3.2472916365232574,81.30365186441213,3.932419458755933,0.72
8175.358716401872,3.9325055513859137,0.0,-0.0,3.2472916365232574,81.66379955742468,3.9324052987319216,0.72
8176.177052736346,3.9324713637537005,0.0,-0.0,3.2472916365232574,82.4821358918989,3.9323735150012795,0.72
8176.99538907082,3.932437674689715,0.0,-0.0,3.2472916365232574,83.30047222637313,3.9323422616734214,0.72
8177.3595384078435,3.9324227693953846,0.0,-0.0,3.2472916365232574,83.6646215633964,3.9323285208808323,0.72
8178.1758739203115,3.9323898612441788,0.0,-0.0,3.2472916365232574,84.48095707586435,3.9322980813761825,0.72
8178.992209432779,3.932357421284023,0.0,-0.0,3.2472916365232574,85.29729258833231,3.932268133736816,0.72
8179.360360413816,3.9323428739043216,0.0,-0.0,3.2472916365232574,85.66544356936902,3.9322547851483125,0.72
8180.174695104278,3.932311172379461,0.0,-0.0,3.2472916365232574,86.47977825983071,3.9322255977407874,0.72
8180.9890297947395,3.932279910822431,0.0,-0.0,3.2472916365232574,87.2941129502924,3.9321968666799396,0.72
8181.361182419788,3.9322657032867188,0.0,-0.0,3.2472916365232574,87.66626557534073,3.9321838849584516,0.72
8182.173516288244,3.9322351405211586,0.0,-0.0,3.2472916365232574,88.47859944379707,3.9321558645289056,0.72
8182.9858501567005,3.9322049914831076,0.0,-0.0,3.2472916365232574,89.2909333122534,3.932128267706915,0.72
8183.3620044257605,3.9321911067604187,0.0,-0.0,3.2472916365232574,89.66708758131335,3.9321156291073214,0.72
8184.1723374722105,3.9321616194897864,0.0,-0.0,3.2472916365232574,90.47742062776342,3.9320886970053337,0.72
8184.982670518661,3.932132521532522,0.0,-0.0,3.2472916365232574,91.28775367421349,3.9320621583308535,0.72
8185.362826431732,3.932118943564019,0.0,-0.0,3.2472916365232574,91.66790958728507,3.9320498406068425,0.72
8186.171158656176,3.9320904727722876,0.0,-0.0,3.2472916365232574,92.47624181172887,3.932023924151523,0.72
8186.97949088062,3.932062368564926,0.0,-0.0,3.2472916365232574,93.28457403617267,3.931998373299821,0.72
8187.363648437704,3.932049082200764,0.0,-0.0,3.2472916365232574,93.66873159325678,3.9319863556157,0.72
8188.169979840142,3.9320215728007417,0.0,-0.0,3.2472916365232574,94.47506299569523,3.9319613876350696,0.72
8188.976311242581,3.9319944088123897,0.0,-0.0,3.2472916365232574,95.28139439813367,3.9319367596035146,0.72
8189.3644704436765,3.9319813997536976,0.0,-0.0,3.2472916365232574,95.6695535992294,3.931925022450768,0.72
8190.168801024109,3.931954800294176,0.0,-0.0,3.2472916365232574,96.47388417966158,3.931900940856734,0.72
8190.973131604541,3.9319285265089743,0.0,-0.0,3.2472916365232574,97.27821476009376,3.9318771755546016,0.72
8191.365292449648,3.9319157812562078,0.0,-0.0,3.2472916365232574,97.67037560520112,3.9318657006729607,0.72
8192.167622208075,3.931890043649532,0.0,-0.0,3.2472916365232574,98.47270536362794,3.9318424480691396,0.72
8192.969951966501,3.931864613309053,0.0,-0.0,3.2472916365232574,99.27503512205385,3.9318194899390875,0.72
8193.36611445562,3.931852119113682,0.0,-0.0,3.2472916365232574,99.67119761117374,3.9318082602419238,0.72
8194.166443392041,3.9318271983910407,0.0,-0.0,3.2472916365232574,100.4715265475943,3.9317857835617698,0.72
8194.966772328462,3.9318025677555024,0.0,-0.0,3.2472916365232574,101.27185548401485,3.931763581230537,0.72
8195.366936461593,3.931790312571075,0.0,-0.0,3.2472916365232574,101.67201961714545,3.9317525807343694,0.72
8196.165264576006,3.931766166655984,0.0,-0.0,3.2472916365232574,102.47034773155883,3.9317308309072723,0.72
8196.96359269042,3.931742294786516,0.0,-0.0,3.2472916365232574,103.26867584597221,3.931709336863351,0.72
8197.367758467564,3.9317302672306536,0.0,-0.0,3.2472916365232574,103.67284162311716,3.9316985506212676,0.72
8198.164085759972,3.9317068567295532,0.0,-0.0,3.2472916365232574,104.46916891552519,3.931677482264454,0.72
8198.96041305238,3.9316837052872624,0.0,-0.0,3.2472916365232574,105.26549620793321,3.931656652560648,0.72
8199.368580473536,3.9316718945978124,0.0,-0.0,3.2472916365232574,105.67366362908888,3.93164606659946,0.72
8200.162906943939,3.9316491826100686,0.0,-0.0,3.2472916365232574,106.46799009949154,3.9316256377337107,0.72
8200.957233414341,3.9316267156709506,0.0,-0.0,3.2472916365232574,107.26231656989421,3.9316054317126587,0.72
8201.36940247951,3.9316151116724822,0.0,-0.0,3.2472916365232574,107.67448563506241,3.9315950329735947,0.72
8202.161728127905,3.931593063612465,0.0,-0.0,3.2472916365232574,108.4668112834579,3.9315752047609345,0.72
8202.9540537763,3.9315712474984394,0.0,-0.0,3.2472916365232574,109.25913693185339,3.9315555848018318,0.72
8203.370224485481,3.9315598405656247,0.0,-0.0,3.2472916365232574,109.67530764103412,3.9315453610846034,0.72
8204.160549311871,3.93153842399992,0.0,-0.0,3.2472916365232574,110.46563246742426,3.9315260975862603,0.72
8204.950874138261,3.9315172271195205,0.0,-0.0,3.2472916365232574,111.25595729381439,3.931507028871137,0.72
8205.371046491453,3.9315060081483537,0.0,-0.0,3.2472916365232574,111.67612964700584,3.9314969687811994,0.72
8206.159370495838,3.931485192647518,0.0,-0.0,3.2472916365232574,112.46445365139061,3.931478236734277,0.72
8206.947694500222,3.9314645853525043,0.0,-0.0,3.2472916365232574,113.25277765577539,3.9314596870323237,0.72
8207.371868497425,3.931453545726841,0.0,-0.0,3.2472916365232574,113.67695165297755,3.9314497799311696,0.72
8208.158191679802,3.9314333027251687,0.0,-0.0,3.2472916365232574,114.46327483535515,3.9314315485425833,0.72
8208.94451486218,3.9314132571765104,0.0,-0.0,3.2472916365232574,115.24959801773275,3.9314134880111307,0.72
8209.372690503396,3.9314023887413283,0.0,-0.0,3.2472916365232574,115.67777365894926,3.93140372396946,0.72
8210.157012863769,3.931382691410039,0.0,-0.0,3.2472916365232574,116.4620960193215,3.931385964725796,0.72
8210.94133522414,3.9313631814528307,0.0,-0.0,3.2472916365232574,117.24641837969375,3.931368365726667,0.72
8211.37351250937,3.9313524764893426,0.0,-0.0,3.2472916365232574,117.6785956649228,3.9313587354802815,0.72
8212.155834047737,3.9313332996161803,0.0,-0.0,3.2472916365232574,118.46091720328968,3.9313414219723573,0.72
8212.938155586104,3.9313143006687525,0.0,-0.0,3.2472916365232574,119.24323874165657,3.9313242589023987,0.72
8213.374334515342,3.9313037518668446,0.0,-0.0,3.2472916365232574,119.67941767089451,3.9313147538106765,0.72
8214.154655231701,3.9312850717493095,0.0,-0.0,3.2472916365232574,120.45973838725422,3.9312978615716627,0.72
8214.934975948061,3.9312665606922925,0.0,-0.0,3.2472916365232574,121.24005910361393,3.9312811107063634,0.72
8215.375156521313,3.931256161130796,0.0,-0.0,3.2472916365232574,121.68023967686622,3.9312717227131784,0.72
8216.153476415668,3.9312379554720494,0.0,-0.0,3.2472916365232574,122.45855957122058,3.931255229069231,0.72
8216.931796310022,3.9312199105541237,0.0,-0.0,3.2472916365232574,123.23687946557493,3.931238868418419,0.72
8217.375978527285,3.9312096536768353,0.0,-0.0,3.2472916365232574,123.68106168283794,3.931229590015368,0.72
8218.152297599634,3.9311919014940777,0.0,-0.0,3.2472916365232574,124.45738075518693,3.931213473947809,0.72
8218.928616671983,3.93117430223786,0.0,-0.0,3.2472916365232574,125.23369982753593,3.931197483122491,0.72
8219.376800533257,3.9311641818340655,0.0,-0.0,3.2472916365232574,125.68188368880965,3.9311883073143075,0.72
8220.151118783599,3.9311468633693787,0.0,-0.0,3.2472916365232574,126.45620193915147,3.9311725493324587,0.72
8220.92543703394,3.931129690489728,0.0,-0.0,3.2472916365232574,127.23052018949329,3.9311569094219423,0.72
8221.37762253923,3.931119700676054,0.0,-0.0,3.2472916365232574,127.68270569478318,3.9311478296939706,0.72
8222.149939967567,3.9311027973151806,0.0,-0.0,3.2472916365232574,128.45502312311964,3.931132411717817,0.72
8222.922257395903,3.9310860326399997,0.0,-0.0,3.2472916365232574,129.2273405514561,3.931117105176326,0.72
8223.378444545202,3.931076167838587,0.0,-0.0,3.2472916365232574,129.6835277007549,3.9311081154639522,0.72
8224.148761151533,3.93105966203947,0.0,-0.0,3.2472916365232574,130.453844307086,3.9310930207158745,0.72
8224.919077757864,3.9310432884358226,0.0,-0.0,3.2472916365232574,131.2241609134171,3.9310780312579143,0.72
8225.379266551174,3.931033543362803,0.0,-0.0,3.2472916365232574,131.6843497067266,3.9310691259178334,0.72
8226.147582335498,3.9310174185809514,0.0,-0.0,3.2472916365232574,132.45266549105054,3.931054338822711,0.72
8226.915898119822,3.931001419888707,0.0,-0.0,3.2472916365232574,133.22098127537447,3.9310396513265187,0.72
8227.380088557145,3.9309917895348216,0.0,-0.0,3.2472916365232574,133.68517171269832,3.931030825109741,0.72
8228.146403519464,3.9309760301619665,0.0,-0.0,3.2472916365232574,134.4514866750169,3.9310163312027733,0.72
8228.912718481783,3.930960391130935,0.0,-0.0,3.2472916365232574,135.21780163733547,3.931001931621223,0.72
8229.380910563117,3.930950870745839,0.0,-0.0,3.2472916365232574,135.68599371867003,3.9309931796477184,0.72
8230.14522470343,3.930935462049032,0.0,-0.0,3.2472916365232574,136.45030785898325,3.9309789654893783,0.72
8230.909538843744,3.930920168279284,0.0,-0.0,3.2472916365232574,137.21462199929647,3.9309648407677633,0.72
8231.38173256909,3.930910753360851,0.0,-0.0,3.2472916365232574,137.68681572464357,3.930956158502655,0.72
8232.144045887397,3.9308956814248672,0.0,-0.0,3.2472916365232574,138.4491290429496,3.930942211600206,0.72
8232.906359205703,3.9308807193144872,0.0,-0.0,3.2472916365232574,139.21144236125565,3.9309283496003724,0.72
8233.382554575062,3.930871405593015,0.0,-0.0,3.2472916365232574,139.68763773061528,3.930919732831586,0.72
8234.142867071363,3.93085665726955,0.0,-0.0,3.2472916365232574,140.44795022691596,3.9309060415666726,0.72
8234.903179567664,3.9308420139621045,0.0,-0.0,3.2472916365232574,141.20826272321665,3.9308924309970097,0.72
8235.383376581034,3.9308327973871764,0.0,-0.0,3.2472916365232574,141.688459736587,3.930883875814293,0.72
8236.14168825533,3.930818360246138,0.0,-0.0,3.2472916365232574,142.44677141088232,3.930870429376124,0.72
8236.899999929625,3.9308040235853565,0.0,-0.0,3.2472916365232574,143.20508308517765,3.930857059726961,0.72
8237.384198587006,3.9307949003164255,0.0,-0.0,3.2472916365232574,143.6892817425587,3.930848562502203,0.72
8238.140509439294,3.9307807626012643,0.0,-0.0,3.2472916365232574,144.44559259484686,3.930835350825898,0.72
8238.896820291582,3.9307667210845016,0.0,-0.0,3.2472916365232574,145.201903447135,3.9308222123098875,0.72
8239.385020592978,3.9307576874769814,0.0,-0.0,3.2472916365232574,145.69010374853042,3.93081376967865,0.72
8240.13933062326,3.930743838061661,0.0,-0.0,3.2472916365232574,146.4444137788132,3.9308007833883534,0.72
8240.893640653543,3.930730080802106,0.0,-0.0,3.2472916365232574,147.198723809096,3.9307878668854546,0.72
8241.38584259895,3.9307211333986793,0.0,-0.0,3.2472916365232574,147.69092575450213,3.9307794757296555,0.72
8242.138151807227,3.9307075617484397,0.0,-0.0,3.2472916365232574,148.44323496277957,3.930766706086042,0.72
8242.890461015504,3.9306940784354514,0.0,-0.0,3.2472916365232574,149.195544171057,3.9307540030927584,0.72
8243.386664604923,3.9306852139554325,0.0,-0.0,3.2472916365232574,149.69174776047566,3.9307456605244298,0.72
8244.136972991193,3.9306719100912293,0.0,-0.0,3.2472916365232574,150.44205614674593,3.9307330993762695,0.72
8244.887281377463,3.9306586909534067,0.0,-0.0,3.2472916365232574,151.1923645330162,3.930720601958796,0.72
8245.387486610894,3.930649906284582,0.0,-0.0,3.2472916365232574,151.69256976644738,3.9307123053048594,0.72
8246.13579417516,3.9306368607467452,0.0,-0.0,3.2472916365232574,152.44087733071228,3.9306999450443234,0.72
8246.884101739424,3.930623896522416,0.0,-0.0,3.2472916365232574,153.1891848949772,3.930687645795315,0.72
8247.388308616866,3.9306151887092966,0.0,-0.0,3.2472916365232574,153.6933917724191,3.9306793925833134,0.72
8248.134615359126,3.9306023925279847,0.0,-0.0,3.2472916365232574,154.43969851467864,3.930667226104729,0.72
8248.880922101385,3.9305896744305935,0.0,-0.0,3.2472916365232574,155.1860052569382,3.9306551181034055,0.72
8249.389130622838,3.9305810406686605,0.0,-0.0,3.2472916365232574,155.6942137783908,3.930646906048129,0.72
8250.13343654309,3.9305684853340046,0.0,-0.0,3.2472916365232574,156.43851969864318,3.930634926709926,0.72
8250.877742463343,3.9305560050253048,0.0,-0.0,3.2472916365232574,157.18282561889555,3.9306230034852523,0.72
8251.38995262881,3.930547442651939,0.0,-0.0,3.2472916365232574,157.69503578436252,3.9306148304762116,0.72
8252.132257727057,3.9305351200832126,0.0,-0.0,3.2472916365232574,158.43734088260953,3.930603032065805,0.72
8252.874562825304,3.930522869645177,0.0,-0.0,3.2472916365232574,159.17964598085655,3.9305912875625135,0.72
8253.390774634783,3.9305143761326686,0.0,-0.0,3.2472916365232574,159.69585779033605,3.9305831516522036,0.72
8254.131078911025,3.9305022786573796,0.0,-0.0,3.2472916365232574,160.4361620665777,3.930571528353587,0.72
8254.871383187266,3.9304902505677983,0.0,-0.0,3.2472916365232574,161.17646634281937,3.9305599569008227,0.72
8255.391596640755,3.9304818235148904,0.0,-0.0,3.2472916365232574,161.69667979630776,3.930551856293733,0.72
8256.12990009499,3.930469943839899,0.0,-0.0,3.2472916365232574,162.43498325054225,3.930540402657576,0.72
8256.868203549224,3.930458130949109,0.0,-0.0,3.2472916365232574,163.17328670477673,3.930528998939957,0.72
8257.392418646727,3.9304497680762664,0.0,-0.0,3.2472916365232574,163.69750180227948,3.9305209319822825,0.72
8258.128721278956,3.930438099267003,0.0,-0.0,3.2472916365232574,164.4338044345086,3.9305096428983335,0.72
8258.865023911185,3.930426494774123,0.0,-0.0,3.2472916365232574,165.17010706673773,3.930498401929247,0.72
8259.393240652698,3.9304181939161014,0.0,-0.0,3.2472916365232574,165.6983238082512,3.9304903670992517,0.72
8260.127542462922,3.930406729376347,0.0,-0.0,3.2472916365232574,166.43262561847496,3.9304792377708746,0.72
8260.861844273146,3.9303953268100584,0.0,-0.0,3.2472916365232574,167.16692742869873,3.930468154867827,0.72
8261.39406265867,3.9303870859102448,0.0,-0.0,3.2472916365232574,167.6991458142229,3.9304601507668306,0.72
8262.126363646887,3.930375819359768,0.0,-0.0,3.2472916365232574,168.4314468024395,3.930449176687504,0.72
8262.858664635103,3.9303646125585843,0.0,-0.0,3.2472916365232574,169.1637477906561,3.9304382474493735,0.72
8263.394884664644,3.9303564296633904,0.0,-0.0,3.2472916365232574,169.69996782019643,3.9304302727933145,0.72
8264.125184830855,3.930345355122795,0.0,-0.0,3.2472916365232574,170.43026798640767,3.930419449724942,0.72
8264.855484997066,3.9303343382170763,0.0,-0.0,3.2472916365232574,171.1605681526189,3.930408670010987,0.72
8265.395706670615,3.930326211469169,0.0,-0.0,3.2472916365232574,171.70078982616815,3.930400723622523,0.72
8266.124006014821,3.930315323239636,0.0,-0.0,3.2472916365232574,172.42908917037403,3.930390047575423,0.72
8266.852305359027,3.93030449063537,0.0,-0.0,3.2472916365232574,173.1573885145799,3.9303794134859023,0.72
8267.396528676587,3.9302964182708644,0.0,-0.0,3.2472916365232574,173.70161183213986,3.9303714942870327,0.72
8268.122827198786,3.9302857109191,0.0,-0.0,3.2472916365232574,174.42791035433856,3.930360961501462,0.72
8268.849125720984,3.930275057280772,0.0,-0.0,3.2472916365232574,175.15420887653727,3.9303504693597517,0.72
8269.397350682559,3.9302670376227686,0.0,-0.0,3.2472916365232574,175.70243383811157,3.930342576364906,0.72
8270.121648382752,3.9302565059658,0.0,-0.0,3.2472916365232574,176.42673153830492,3.9303321832940146,0.72
8270.845946082945,3.9302460262022647,0.0,-0.0,3.2472916365232574,177.15102923849827,3.9303218296301003,0.72
8271.39817268853,3.9302380576575944,0.0,-0.0,3.2472916365232574,177.7032558440833,3.930313961939683,0.72
8272.120469566718,3.9302276967478162,0.0,-0.0,3.2472916365232574,178.42555272227128,3.9303037052337797,0.72
8272.842766444906,3.9302173859989766,0.0,-0.0,3.2472916365232574,179.14784960045927,3.93029348676902,0.72
8273.398994694504,3.9302094670524186,0.0,-0.0,3.2472916365232574,179.70407785005682,3.9302856435633715,0.72
8274.119290750685,3.9301992721644963,0.0,-0.0,3.2472916365232574,180.42437390623763,3.930275520055401,0.72
8274.839586806866,3.9301891257882144,0.0,-0.0,3.2472916365232574,181.14466996241845,3.9302654336884637,0.72
8275.399816700476,3.9301812549995017,0.0,-0.0,3.2472916365232574,181.70489985602853,3.930257614222216,0.72
8276.118111934651,3.9301712216197924,0.0,-0.0,3.2472916365232574,182.423195090204,3.9302476209143564,0.72
8276.836407168827,3.9301612351771604,0.0,-0.0,3.2472916365232574,183.14149032437945,3.9302376637082346,0.72
8277.400638706447,3.9301534111769927,0.0,-0.0,3.2472916365232574,183.70572186200025,3.9302298673050386,0.72
8278.116933118617,3.9301435349885363,0.0,-0.0,3.2472916365232574,184.42201627417035,3.930220001356328,0.72
8278.833227530788,3.9301337042363884,0.0,-0.0,3.2472916365232574,185.13831068634045,3.930210170526357,0.72
8279.401460712419,3.9301259257221366,0.0,-0.0,3.2472916365232574,185.70654386797196,3.9302023965739523,0.72
8280.115754302582,3.9301162025955643,0.0,-0.0,3.2472916365232574,186.42083745813488,3.9301926552888697,0.72
8280.830047892745,3.9301065234734898,0.0,-0.0,3.2472916365232574,187.1351310482978,3.9301829481916615,0.72
8281.40228271839,3.9300987892056787,0.0,-0.0,3.2472916365232574,187.70736587394367,3.930175196137274,0.72
8282.114575486548,3.930089215189468,0.0,-0.0,3.2472916365232574,188.41965864210124,3.9301655769551944,0.72
8282.826868254706,3.9300796838097476,0.0,-0.0,3.2472916365232574,189.1319514102588,3.9301559910784265,0.72
8283.403104724364,3.9300719926107157,0.0,-0.0,3.2472916365232574,189.7081878799172,3.9301482604244655,0.72
8284.113396670517,3.930062563919581,0.0,-0.0,3.2472916365232574,190.41847982606942,3.930138760909932,0.72
8284.823688616669,3.9300531765579456,0.0,-0.0,3.2472916365232574,191.12877177222163,3.930129293862917,0.72
8285.403926730336,3.9300455273069494,0.0,-0.0,3.2472916365232574,191.70900988588892,3.9301215841629595,0.72
8286.112217854481,3.930036240313639,0.0,-0.0,3.2472916365232574,192.41730101003395,3.930112201996695,0.72
8286.820508978626,3.930026993401008,0.0,-0.0,3.2472916365232574,193.125592134179,3.930102851501674,0.72
8287.404748736308,3.930019385031392,0.0,-0.0,3.2472916365232574,193.70983189186063,3.9300951623567153,0.72
8288.111039038447,3.930010236259103,0.0,-0.0,3.2472916365232574,194.4161221940003,3.93008589532733,0.72
8288.817329340587,3.930001126372793,0.0,-0.0,3.2472916365232574,195.12241249614,3.9300766592114336,0.72
8289.40557074228,3.9299935578684617,0.0,-0.0,3.2472916365232574,195.71065389783234,3.9300689902663866,0.72
8290.109860222414,3.929984543981649,0.0,-0.0,3.2472916365232574,196.41494337796667,3.9300598362627195,0.72
8290.814149702548,3.9299755678372894,0.0,-0.0,3.2472916365232574,197.119232858101,3.930050712450545,0.72
8291.406392748251,3.9299680382331084,0.0,-0.0,3.2472916365232574,197.71147590380406,3.930043063390971,0.72
8292.108681406378,3.9299591560299563,0.0,-0.0,3.2472916365232574,198.4137645619312,3.9300340203950177,0.72
8292.810970064505,3.929950310475001,0.0,-0.0,3.2472916365232574,199.11605322005835,3.9300250069017757,0.72
8293.407214754225,3.9299428188501215,0.0,-0.0,3.2472916365232574,199.7122979097776,3.9300173774508376,0.72
8294.107502590346,3.9299340652564028,0.0,-0.0,3.2472916365232574,200.41258574589938,3.9300084435312206,0.72
8294.807790426468,3.929925347261826,0.0,-0.0,3.2472916365232574,201.11287358202117,3.929999538456405,0.72
8295.408036760196,3.929917892741641,0.0,-0.0,3.2472916365232574,201.7131199157493,3.9299919283720217,0.72
8296.106323774313,3.9299092648026934,0.0,-0.0,3.2472916365232574,202.41140692986573,3.9299831016779603,0.72
8296.80461078843,3.9299006714573945,0.0,-0.0,3.2472916365232574,203.10969394398217,3.9299743031995003,0.72
8297.408858766168,3.929893253207684,0.0,-0.0,3.2472916365232574,203.71394192172102,3.9299667122716926,0.72
8298.105144958277,3.9298847480835724,0.0,-0.0,3.2472916365232574,204.41022811383027,3.9299579910274343,0.72
8298.801431150387,3.9298762765889292,0.0,-0.0,3.2472916365232574,205.10651430593953,3.929949297396296,0.72
8299.40968077214,3.929868893815989,0.0,-0.0,3.2472916365232574,205.71476392769273,3.9299417254447127,0.72
8300.103966142244,3.929860508774138,0.0,-0.0,3.2472916365232574,206.40904929779663,3.9299331079443913,0.72
8300.798251512348,3.92985215643694,0.0,-0.0,3.2472916365232574,207.10333466790053,3.929924517479589,0.72
8301.410502778112,3.9298448083840594,0.0,-0.0,3.2472916365232574,207.71558593366444,3.929916964351198,0.72
8302.10278732621,3.929836540794999,0.0,-0.0,3.2472916365232574,208.40787048176298,3.9299084489540794,0.72
8302.795071874309,3.9298283050226566,0.0,-0.0,3.2472916365232574,209.10015502986153,3.9298999600380693,0.72
8303.411324784085,3.9298209909694606,0.0,-0.0,3.2472916365232574,209.71640793963797,3.9298924256050087,0.72
8304.101608510176,3.929812838301366,0.0,-0.0,3.2472916365232574,210.40669166572934,3.929884010731104,0.72
8304.791892236268,3.9298047165967196,0.0,-0.0,3.2472916365232574,211.0969753918207,3.9298756218055257,0.72
8305.412146790057,3.9297974358560372,0.0,-0.0,3.2472916365232574,211.7172299456097,3.9298681059630978,0.72
8306.100429694143,3.929789395669255,0.0,-0.0,3.2472916365232574,212.4055128496957,3.9298597900891075,0.72
8306.788712598229,3.9297813856260673,0.0,-0.0,3.2472916365232574,213.0937957537817,3.9298514996508502,0.72
8307.412968796029,3.929774135302984,0.0,-0.0,3.2472916365232574,213.7180519515814,3.9298440023156544,0.72
8308.09925087811,3.929766205260953,0.0,-0.0,3.2472916365232574,214.40433403366205,3.9298357839712224,0.72
8308.78553296019,3.929758304574545,0.0,-0.0,3.2472916365232574,215.0906161157427,3.929827590568792,0.72
8309.413790802,3.929751086377207,0.0,-0.0,3.2472916365232574,215.71887395755311,3.929820111676984,0.72
8310.098072062074,3.929743264210002,0.0,-0.0,3.2472916365232574,216.4031552176266,3.9298119894412356,0.72
8310.782353322147,3.929735470640221,0.0,-0.0,3.2472916365232574,217.08743647770007,3.9298038916713933,0.72
8311.414612807972,3.9297282839700918,0.0,-0.0,3.2472916365232574,217.71969596352483,3.929796431177063,0.72
8312.09689324604,3.9297205674881797,0.0,-0.0,3.2472916365232574,218.40197640159295,3.929788403675406,0.72
8312.779173684108,3.9297128788736373,0.0,-0.0,3.2472916365232574,219.08425683966107,3.9297804001800647,0.72
8313.415434813945,3.9297057231608252,0.0,-0.0,3.2472916365232574,219.72051796949836,3.9297729580537304,0.72
8314.095714430008,3.9296981102490927,0.0,-0.0,3.2472916365232574,220.40079758556112,3.9297650239548942,0.72
8314.775994046071,3.929690524501833,0.0,-0.0,3.2472916365232574,221.08107720162388,3.9297571134182476,0.72
8315.416256819917,3.9296833992027276,0.0,-0.0,3.2472916365232574,221.72133997547007,3.929749689645449,0.72
8316.094535613973,3.9296758878189406,0.0,-0.0,3.2472916365232574,222.39961876952566,3.929741847658755,0.72
8316.772814408028,3.929668402922137,0.0,-0.0,3.2472916365232574,223.07789756358125,3.9297340288046234,0.72
8317.417078825889,3.9296613075174087,0.0,-0.0,3.2472916365232574,223.7221619814418,3.929726623384614,0.72
8318.09335679794,3.929653895688125,0.0,-0.0,3.2472916365232574,224.39843995349202,3.9297188722574443,0.72
8318.76963476999,3.9296465096918816,0.0,-0.0,3.2472916365232574,225.07471792554225,3.9297111438468213,0.72
8319.41790083186,3.929639443687222,0.0,-0.0,3.2472916365232574,225.7229839874135,3.929703756791355,0.72
8320.092177981905,3.9296321295025276,0.0,-0.0,3.2472916365232574,226.39726113745837,3.929696095306816,0.72
8320.76645513195,3.9296248405215124,0.0,-0.0,3.2472916365232574,227.07153828750324,3.9296884561355974,0.72
8321.418722837832,3.929617803445054,0.0,-0.0,3.2472916365232574,227.7238059933852,3.9296810874677925,0.72
8322.09099916587,3.929610585058991,0.0,-0.0,3.2472916365232574,228.3960823214229,3.9296735144425536,0.72
8322.763275493908,3.929603391268507,0.0,-0.0,3.2472916365232574,229.0683586494606,3.929665963339439,0.72
8323.419544843804,3.9295963826698603,0.0,-0.0,3.2472916365232574,229.72462799935693,3.929658613092731,0.72
8324.089820349836,3.92958925829482,0.0,-0.0,3.2472916365232574,230.39490350538927,3.929651127375022,0.72
8324.760095855869,3.929582157928963,0.0,-0.0,3.2472916365232574,231.0651790114216,3.929643663199571,0.72
8325.420366849778,3.9295751773780143,0.0,-0.0,3.2472916365232574,231.72545000533046,3.9296363314167326,0.72
8326.088641533803,3.9295681452829356,0.0,-0.0,3.2472916365232574,232.39372468935562,3.929628931884495,0.72
8326.756916217828,3.9295611366308014,0.0,-0.0,3.2472916365232574,233.0619993733808,3.9296215535253305,0.72
8327.42118885575,3.929554183717104,0.0,-0.0,3.2472916365232574,233.72627201130217,3.929614240257563,0.72
8328.087462717769,3.929547242225404,0.0,-0.0,3.2472916365232574,234.39254587332198,3.9296069258167363,0.72
8328.753736579789,3.9295403236292556,0.0,-0.0,3.2472916365232574,235.05881973534179,3.9295996321898805,0.72
8329.422010861721,3.9295333979610634,0.0,-0.0,3.2472916365232574,235.72709401727388,3.9295923374959707,0.72
8330.086283901735,3.929526545447439,0.0,-0.0,3.2472916365232574,236.39136705728833,3.929585107078906,0.72
8330.75055694175,3.929519715300192,0.0,-0.0,3.2472916365232574,237.05564009730278,3.9295778971262387,0.72
8331.422832867693,3.929512816503053,0.0,-0.0,3.2472916365232574,237.7279160232456,3.9295706210717745,0.72
8332.0851050857,3.929506051391518,0.0,-0.0,3.2472916365232574,238.39018824125287,3.9295634736357683,0.72
8332.747377303707,3.929499308134467,0.0,-0.0,3.2472916365232574,239.05246045926015,3.929556346323601,0.72
8333.423654873664,3.929492435851037,0.0,-0.0,3.2472916365232574,239.7287380292173,3.9295490889802447,0.72
8334.083926269666,3.9294857566127535,0.0,-0.0,3.2472916365232574,240.38900942521923,3.9295420235061784,0.72
8334.744197665668,3.929479098733078,0.0,-0.0,3.2472916365232574,241.04928082122115,3.929534977823931,0.72
8335.424476879638,3.9294722526207924,0.0,-0.0,3.2472916365232574,241.72956003519084,3.929527739268744,0.72
8336.082747453635,3.929465657771623,0.0,-0.0,3.2472916365232574,242.3878306091874,3.9295207547598223,0.72
8336.741018027631,3.9294590838019436,0.0,-0.0,3.2472916365232574,243.04610118318396,3.9295137897188024,0.72
8337.42529888561,3.9294522635351674,0.0,-0.0,3.2472916365232574,243.73038204116256,3.92950657003362,0.72
8338.081568637599,3.929445751633967,0.0,-0.0,3.2472916365232574,244.38665179315194,3.929499665514206,0.72
8338.737838389588,3.929439260147419,0.0,-0.0,3.2472916365232574,245.04292154514133,3.9294927801464685,0.72
8339.426120891581,3.929432465413701,0.0,-0.0,3.2472916365232574,245.73120404713427,3.9294855794173182,0.72
8340.080389821565,3.9294260350601675,0.0,-0.0,3.2472916365232574,246.3854729771183,3.92947875393185,0.72
8340.73465875155,3.929419624672061,0.0,-0.0,3.2472916365232574,247.03974190710233,3.9294719472891493,0.72
8341.426942897553,3.929412855173111,0.0,-0.0,3.2472916365232574,247.73202605310598,3.9294647656057147,0.72
8342.079211005532,3.929406505007282,0.0,-0.0,3.2472916365232574,248.38429416108465,3.929458018217703,0.72
8342.73147911351,3.9294001743703157,0.0,-0.0,3.2472916365232574,249.03656226906332,3.929451289370514,0.72
8343.427764903525,3.9293934298203856,0.0,-0.0,3.2472916365232574,249.7328480590777,3.929444126825636,0.72
8344.078032189496,3.929387158519323,0.0,-0.0,3.2472916365232574,250.3831153450492,3.9294374566167303,0.72
8344.728299475468,3.9293809063239804,0.0,-0.0,3.2472916365232574,251.0333826310207,3.929430804653344,0.72
8345.428586909498,3.929374186450379,0.0,-0.0,3.2472916365232574,251.73367006505123,3.9294236613425606,0.72
8346.076853373464,3.9293679927266587,0.0,-0.0,3.2472916365232574,252.38193652901737,3.929417067411689,0.72
8346.72511983743,3.9293618177000695,0.0,-0.0,3.2472916365232574,253.0302029929835,3.929410491437371,0.72
8347.42940891547,3.9293551222414407,0.0,-0.0,3.2472916365232574,253.73449207102294,3.929403367458492,0.72
8348.07567455743,3.929349004843504,0.0,-0.0,3.2472916365232574,254.38075771298372,3.9293968489210562,0.72
8348.721940199392,3.929342905744414,0.0,-0.0,3.2472916365232574,255.0270233549445,3.929390348057267,0.72
8349.430230921442,3.929336234450806,0.0,-0.0,3.2472916365232574,255.73531407699465,3.9293832435099754,0.72
8350.074495741395,3.9293301921601773,0.0,-0.0,3.2472916365232574,256.37957889694826,3.929376799497108,0.72
8350.718760561349,3.929324167781914,0.0,-0.0,3.2472916365232574,257.02384371690187,3.9293703728807765,0.72
8351.431052927413,3.9293175204136532,0.0,-0.0,3.2472916365232574,257.73613608296637,3.92936328786627,0.72
8352.073316925362,3.9293115520435755,0.0,-0.0,3.2472916365232574,258.3784000809146,3.9293569175241405,0.72
8352.71558092331,3.929305601210557,0.0,-0.0,3.2472916365232574,259.02066407886286,3.929350564306991,0.72
8353.431874933385,3.92929897753892,0.0,-0.0,3.2472916365232574,259.7369580889381,3.9293434989276435,0.72
8354.072138109328,3.9292930819326797,0.0,-0.0,3.2472916365232574,260.377221264881,3.9293372014168146,0.72
8354.712401285271,3.9292872034994892,0.0,-0.0,3.2472916365232574,261.01748444082386,3.9293309207647384,0.72
8355.432696939359,3.9292806033045546,0.0,-0.0,3.2472916365232574,261.7377800949116,3.9293238751237896,0.72
8356.070959293294,3.9292747793355067,0.0,-0.0,3.2472916365232574,262.37604244884733,3.9293176496186195,0.72
8356.70922164723,3.929268972185297,0.0,-0.0,3.2472916365232574,263.01430480278304,3.929311440711095,0.72
8357.43351894533,3.929262395256854,0.0,-0.0,3.2472916365232574,263.7386021008833,3.9293044149123637,0.72
8358.06978047726,3.9292566418266874,0.0,-0.0,3.2472916365232574,264.3748636328137,3.9292982606004494,0.72
8358.706042009191,3.9292509048713837,0.0,-0.0,3.2472916365232574,265.01112516474404,3.9292921226299953,0.72
8359.434340951302,3.9292443510076556,0.0,-0.0,3.2472916365232574,265.73942410685504,3.929285116777619,0.72
8360.068601661227,3.929238667044323,0.0,-0.0,3.2472916365232574,266.37368481678004,3.929279032859275,0.72
8360.702862371152,3.92923299922187,0.0,-0.0,3.2472916365232574,267.00794552670504,3.9292729650309473,0.72
8361.435162957274,3.929226468230203,0.0,-0.0,3.2472916365232574,267.74024611282675,3.929265979229136,0.72
8362.067422845192,3.929220852688702,0.0,-0.0,3.2472916365232574,268.3725060007446,3.929259964916915,0.72
8362.69968273311,3.929215252962625,0.0,-0.0,3.2472916365232574,269.0047658886624,3.929253966447833,0.72
8363.435984963246,3.929208744657144,0.0,-0.0,3.2472916365232574,269.74106811879847,3.929247000800652,0.72
8364.066244029158,3.929203196517971,0.0,-0.0,3.2472916365232574,270.37132718471094,3.929241055318889,0.72
8364.69650309507,3.9291976638772375,0.0,-0.0,3.2472916365232574,271.0015862506234,3.9292351254377986,0.72
8365.43680696922,3.9291911780802433,0.0,-0.0,3.2472916365232574,271.741890124772,3.929228180048958,0.72
8366.065065213126,3.9291856963471474,0.0,-0.0,3.2472916365232574,272.3701483686791,3.9292223026333537,0.72
8366.693323457033,3.929180229804136,0.0,-0.0,3.2472916365232574,272.9984066125862,3.929216440580217,0.72
8367.43762897519,3.929173766345441,0.0,-0.0,3.2472916365232574,273.7427121307437,3.9292095155528877,0.72
8368.06388639709,3.9291683500458188,0.0,-0.0,3.2472916365232574,274.36896955264365,3.929203705450115,0.72
8368.69014381899,3.9291629486360438,0.0,-0.0,3.2472916365232574,274.9952269745436,3.929197910475723,0.72
8369.438450981163,3.9291565073514034,0.0,-0.0,3.2472916365232574,275.7435341367154,3.9291910059123656,0.72
8370.062707581057,3.9291511555356733,0.0,-0.0,3.2472916365232574,276.36779073661,3.929185262379701,0.72
8370.686964180952,3.9291458183165884,0.0,-0.0,3.2472916365232574,276.9920473365046,3.9291795337453213,0.72
8371.439272987134,3.929139399049009,0.0,-0.0,3.2472916365232574,277.74435614268714,3.929172649747527,0.72
8372.061528765023,3.9291341107884943,0.0,-0.0,3.2472916365232574,278.36661192057636,3.9291669720525095,0.72
8372.683784542913,3.9291288368394826,0.0,-0.0,3.2472916365232574,278.9888676984656,3.929161309029547,0.72
8373.440094993106,3.9291224394386166,0.0,-0.0,3.2472916365232574,279.74517814865885,3.9291544456978955,0.72
8374.060349948988,3.9291172138253936,0.0,-0.0,3.2472916365232574,280.3654331045409,3.9291488331180053,0.72
8374.68060490487,3.9291120022461685,0.0,-0.0,3.2472916365232574,280.98568806042294,3.92914323498769,0.72
8375.44091699908,3.929105626566423,0.0,-0.0,3.2472916365232574,281.7460001546324,3.929136392421619,0.72
8376.059171132956,3.929100462713282,0.0,-0.0,3.2472916365232574,282.3642542885091,3.9291308442439754,0.72
8376.677425266833,3.9290953126237875,0.0,-0.0,3.2472916365232574,282.98250842238576,3.92912531029707,0.72
8377.441739005051,3.9290889585259237,0.0,-0.0,3.2472916365232574,283.7468221606041,3.9291184885947548,0.72
8378.057992316923,3.929083855565011,0.0,-0.0,3.2472916365232574,284.36307547247543,3.9291130041158357,0.72
8378.674245628794,3.929078766103225,0.0,-0.0,3.2472916365232574,284.97932878434676,3.9291075336523567,0.72
8379.442561011023,3.92907243345309,0.0,-0.0,3.2472916365232574,285.7476441665758,3.929100732910606,0.72
8380.056813500887,3.9290673905349367,0.0,-0.0,3.2472916365232574,286.36189665643997,3.9290953114359826,0.72
8380.671065990751,3.9290623608589383,0.0,-0.0,3.2472916365232574,286.9761491463041,3.929089903764945,0.72
8381.443383016995,3.929056049528364,0.0,-0.0,3.2472916365232574,287.7484661725475,3.9290831240790998,0.72
8382.055634684853,3.9290510658217306,0.0,-0.0,3.2472916365232574,288.3607178404063,3.9290777649231874,0.72
8382.667886352712,3.929046095107045,0.0,-0.0,3.2472916365232574,288.9729695082651,3.92907241936236,0.72
8383.444205022966,3.929039804970587,0.0,-0.0,3.2472916365232574,289.74928817851924,3.9290656608262053,0.72
8384.05445586882,3.9290348796627104,0.0,-0.0,3.2472916365232574,290.3595390243727,3.929060363312033,0.72
8384.664706714673,3.9290299671005604,0.0,-0.0,3.2472916365232574,290.9697898702261,3.9290550791877106,0.72
8385.44502702894,3.9290236980401,0.0,-0.0,3.2472916365232574,291.75011018449277,3.9290483418933992,0.72
8386.053277052786,3.929018830334222,0.0,-0.0,3.2472916365232574,292.35836020833904,3.929043105352386,0.72
8386.661527076632,3.929013975134762,0.0,-0.0,3.2472916365232574,292.9666102321853,3.929037881999173,0.72
8387.445849034912,3.9290077270347803,0.0,-0.0,3.2472916365232574,293.7509321904645,3.9290311660371504,0.72
8388.052098236752,3.92900291615064,0.0,-0.0,3.2472916365232574,294.3571813923054,3.9290259898089004,0.72
8388.658347438593,3.9289981175393027,0.0,-0.0,3.2472916365232574,294.9634305941463,3.9290208265695092,0.72
8389.446671040883,3.928991890289198,0.0,-0.0,3.2472916365232574,295.7517541964362,3.9290141320284544,0.72
8390.050919420719,3.928987135462303,0.0,-0.0,3.2472916365232574,296.35600257627175,3.9290090154605606,0.72
8390.655167800554,3.928982392680542,0.0,-0.0,3.2472916365232574,296.9602509561073,3.9290039116856206,0.72
8391.447493046855,3.9289761861736467,0.0,-0.0,3.2472916365232574,297.7525762024079,3.928997238652384,0.72
8392.049740604683,3.928971486655408,0.0,-0.0,3.2472916365232574,298.3548237602363,3.928992181100245,0.72
8392.651988162512,3.928966798958838,0.0,-0.0,3.2472916365232574,298.95707131806466,3.9289871361481206,0.72
8393.448315052827,3.928960613092351,0.0,-0.0,3.2472916365232574,299.7533982083796,3.9289804847076786,0.72
8394.04856178865,3.928955968148539,0.0,-0.0,3.2472916365232574,300.35364494420264,3.9289754855343237,0.72
8394.648808524473,3.9289513348083176,0.0,-0.0,3.2472916365232574,300.95389168002566,3.9289704987709433,0.72
8395.4491370588,3.9289451694831765,0.0,-0.0,3.2472916365232574,301.75422021435315,3.928963869006352,0.72
8396.047382972618,3.9289405783938,0.0,-0.0,3.2472916365232574,302.3524661281708,3.928958927582275,0.72
8396.645628886436,3.9289359986952817,0.0,-0.0,3.2472916365232574,302.9507120419885,3.928953998380971,0.72
8397.449959064772,3.928929853815718,0.0,-0.0,3.2472916365232574,303.75504222032487,3.92894739037333,0.72
8398.046204156582,3.928925315875289,0.0,-0.0,3.2472916365232574,304.35128731213536,3.9289425060763348,0.72
8398.642449248393,3.9289207891178437,0.0,-0.0,3.2472916365232574,304.94753240394584,3.9289376338176885,0.72
8399.450781070744,3.9289146645915096,0.0,-0.0,3.2472916365232574,305.7558642262966,3.9289310476461035,0.72
8400.045025340549,3.9289101791078114,0.0,-0.0,3.2472916365232574,306.3501084961017,3.9289262198611548,0.72
8400.639269610354,3.9289057046032907,0.0,-0.0,3.2472916365232574,306.94435276590684,3.9289214039328524,0.72
8401.451603076715,3.9288996003411887,0.0,-0.0,3.2472916365232574,307.7566862322683,3.928914839674409,0.72
8402.043846524515,3.928895166634925,0.0,-0.0,3.2472916365232574,308.34892968006807,3.9289100677934927,0.72
8402.636089972315,3.9288907437092675,0.0,-0.0,3.2472916365232574,308.94117312786784,3.9289053075901847,0.72
8403.452425082687,3.928884659624716,0.0,-0.0,3.2472916365232574,309.75750823824,3.9288987653199268,0.72
8404.04266770848,3.9288802770294673,0.0,-0.0,3.2472916365232574,310.3477508640326,3.9288940487419133,0.72
8404.632910334272,3.9288759050205915,0.0,-0.0,3.2472916365232574,310.9379934898252,3.9288893436650865,0.72
8405.45324708866,3.9288698410305485,0.0,-0.0,3.2472916365232574,311.75833024421354,3.9288828234559916,0.72
8406.041488892448,3.928865508892767,0.0,-0.0,3.2472916365232574,312.3465720480008,3.928878161586512,0.72
8406.629730696235,3.9288611871506354,0.0,-0.0,3.2472916365232574,312.934813851788,3.92887351104436,0.72
8407.454069094632,3.928855143174183,0.0,-0.0,3.2472916365232574,313.75915225018525,3.9288670129673267,0.72
8408.040310076414,3.928850860851787,0.0,-0.0,3.2472916365232574,314.34539323196714,3.9288624052186485,0.72
8408.626551058196,3.928846588738737,0.0,-0.0,3.2472916365232574,314.931634213749,3.928857808625955,0.72
8409.454891100604,3.928840564698159,0.0,-0.0,3.2472916365232574,315.75997425615697,3.92885133274979,0.72
8410.039131260379,3.9288363315604125,0.0,-0.0,3.2472916365232574,316.3442144159317,3.9288467785407013,0.72
8410.623371420153,3.928832108449848,0.0,-0.0,3.2472916365232574,316.9284545757064,3.9288422353187262,0.72
8411.455713106576,3.928826104269704,0.0,-0.0,3.2472916365232574,317.7607962621287,3.928835781710132,0.72
8412.037952444345,3.9288219196979766,0.0,-0.0,3.2472916365232574,318.34303559989803,3.9288312804658334,0.72
8412.620191782114,3.9288177449749266,0.0,-0.0,3.2472916365232574,318.9252749376674,3.9288267900422005,0.72
8413.456535112547,3.92881176058179,0.0,-0.0,3.2472916365232574,319.7616182681004,3.9288203587657735,0.72
8414.036773628311,3.9288076239678524,0.0,-0.0,3.2472916365232574,320.3418567838644,3.928815909917768,0.72
8414.617012144075,3.928803497027885,0.0,-0.0,3.2472916365232574,320.9220952996284,3.928811471726364,0.72
8415.45735711852,3.9287975323513287,0.0,-0.0,3.2472916365232574,321.7624402740721,3.9288050628445874,0.72
8416.035594812276,3.928793443097607,0.0,-0.0,3.2472916365232574,322.3406779678289,3.9288006658305803,0.72
8416.613832506033,3.928789363347279,0.0,-0.0,3.2472916365232574,322.91891566158574,3.9287962793114537,0.72
8417.458179124493,3.928783418318563,0.0,-0.0,3.2472916365232574,323.76326228004564,3.9287898928846974,0.72
8418.034415996244,3.9287793758383636,0.0,-0.0,3.2472916365232574,324.3394991517971,3.9287855471485003,0.72
8418.610652867996,3.9287753426934477,0.0,-0.0,3.2472916365232574,324.91573602354856,3.9287812117477636,0.72
8419.459001130464,3.928769417245698,0.0,-0.0,3.2472916365232574,325.76408428601735,3.9287748478342865,0.72
8420.03323718021,3.9287654209621534,0.0,-0.0,3.2472916365232574,326.33832033576346,3.928770552825721,0.72
8420.607473229957,3.928761433850194,0.0,-0.0,3.2472916365232574,326.91255638550956,3.9287662679954605,0.72
8421.459823136436,3.92875552791864,0.0,-0.0,3.2472916365232574,327.76490629198906,3.928759926651412,0.72
8422.032058364175,3.928751577264808,0.0,-0.0,3.2472916365232574,328.337141519728,3.928755681826221,0.72
8422.604293591914,3.9287476356215185,0.0,-0.0,3.2472916365232574,328.9093767474669,3.9287514470244074,0.72
8423.460645142408,3.928741749143726,0.0,-0.0,3.2472916365232574,329.7657282979608,3.9287451283038335,0.72
8424.030879548141,3.928737843562127,0.0,-0.0,3.2472916365232574,330.33596270369435,3.9287409331235947,0.72
8424.601113953875,3.928733946833674,0.0,-0.0,3.2472916365232574,330.9061971094279,3.9287367478139954,0.72
8425.46146714838,3.9287280797483026,0.0,-0.0,3.2472916365232574,331.7665503039325,3.9287304517688475,0.72
8426.029700732108,3.9287242186905393,0.0,-0.0,3.2472916365232574,332.3347838876607,3.9287263057008883,0.72
8426.597934315836,3.9287203663322856,0.0,-0.0,3.2472916365232574,332.9030174713889,3.9287221693529877,0.72
8427.462289154353,3.928714518580117,0.0,-0.0,3.2472916365232574,333.767372309906,3.9287158960331285,0.72
8428.028521916074,3.928710701507897,0.0,-0.0,3.2472916365232574,334.33360507162706,3.9287117985504465,0.72
8428.594754677795,3.928706892983307,0.0,-0.0,3.2472916365232574,334.8998378333481,3.928707710639363,0.72
8429.463111160325,3.928701064506465,0.0,-0.0,3.2472916365232574,335.76819431587774,3.9287014600925807,0.72
8430.02734310004,3.928697290889337,0.0,-0.0,3.2472916365232574,336.3324262555934,3.928697410673764,0.72
8430.591575039756,3.9286935256714424,0.0,-0.0,3.2472916365232574,336.8966581953091,3.9286933706801768,0.72
8431.463933166297,3.9286877164137657,0.0,-0.0,3.2472916365232574,337.76901632184945,3.928687142952192,0.72
8432.026164284007,3.9286839857295286,0.0,-0.0,3.2472916365232574,338.3312474395598,3.928683141081346,0.72
8432.588395401717,3.92868026330074,0.0,-0.0,3.2472916365232574,338.8934785572701,3.928679148491417,0.72
8433.464755172268,3.9286744732069696,0.0,-0.0,3.2472916365232574,339.76983832782116,3.9286729436259,0.72
8434.024985467971,3.928670784944083,0.0,-0.0,3.2472916365232574,340.3300686235243,3.928668988792572,0.72
8434.585215763675,3.9286671047926465,0.0,-0.0,3.2472916365232574,340.89029891922746,3.928665043097875,0.72
8435.46557717824,3.92866133381005,0.0,-0.0,3.2472916365232574,341.7706603337929,3.9286588611364572,0.72
8436.023806651938,3.9286576874626347,0.0,-0.0,3.2472916365232574,342.32888980749067,3.9286549528355663,0.72
8436.582036125636,3.928654049087106,0.0,-0.0,3.2472916365232574,342.88711928118846,3.9286510535330166,0.72
8437.466399184214,3.928648297163624,0.0,-0.0,3.2472916365232574,343.7714823397664,3.9286448945153083,0.72
8438.022627835906,3.9286446922348524,0.0,-0.0,3.2472916365232574,344.32771099145884,3.9286410322470755,0.72
8438.578856487598,3.928641095141355,0.0,-0.0,3.2472916365232574,344.8839396431513,3.928637178838862,0.72
8439.467221190185,3.9286353622263475,0.0,-0.0,3.2472916365232574,345.7723043457381,3.928631042802466,0.72
8440.02144901987,3.928631798227217,0.0,-0.0,3.2472916365232574,346.3265321754234,3.9286272260723494,0.72
8440.575676849556,3.928628241929167,0.0,-0.0,3.2472916365232574,346.88076000510864,3.9286234180658672,0.72
8441.468043196157,3.9286225279720757,0.0,-0.0,3.2472916365232574,347.77312635170983,3.928617305046397,0.72
8442.020270203837,3.928619004421603,0.0,-0.0,3.2472916365232574,348.32535335938974,3.928613533365025,0.72
8442.572497211517,3.928615488439619,0.0,-0.0,3.2472916365232574,348.87758036706964,3.928609770272812,0.72
8443.468865202129,3.928609793393136,0.0,-0.0,3.2472916365232574,349.77394835768155,3.92860368030391,0.72
8444.019091387803,3.92860630981681,0.0,-0.0,3.2472916365232574,350.3241745433561,3.9285999531870175,0.72
8444.569317573478,3.9286028336801992,0.0,-0.0,3.2472916365232574,350.87440072903064,3.9285962345266925,0.72
8445.4696872081,3.9285971574961023,0.0,-0.0,3.2472916365232574,351.77477036365326,3.9285901676400474,0.72
8446.017912571768,3.928593713427647,0.0,-0.0,3.2472916365232574,352.32299572732063,3.9285864846084158,0.72
8446.566137935435,3.9285902766715655,0.0,-0.0,3.2472916365232574,352.871221090988,3.9285828099026143,0.72
8447.470509214074,3.928584619304565,0.0,-0.0,3.2472916365232574,353.7755923696268,3.928576766127982,0.72
8448.016733755736,3.9285812142839367,0.0,-0.0,3.2472916365232574,354.3218169112888,3.928573126707377,0.72
8448.562958297398,3.928577816450904,0.0,-0.0,3.2472916365232574,354.8680414529508,3.9285694954836945,0.72
8449.471331220046,3.9285721778552967,0.0,-0.0,3.2472916365232574,355.7764143755985,3.9285634748489158,0.72
8450.015554939702,3.928568811429889,0.0,-0.0,3.2472916365232574,356.32063809525516,3.9285598785700295,0.72
8450.559778659359,3.9285654520699547,0.0,-0.0,3.2472916365232574,356.8648618149118,3.9285562903609623,0.72
8451.472153226017,3.9285598322013136,0.0,-0.0,3.2472916365232574,357.7772363815702,3.9285502928919844,0.72
8452.014376123667,3.9285565039253036,0.0,-0.0,3.2472916365232574,358.3194592792197,3.9285467392903777,0.72
8452.556599021316,3.928553182594772,0.0,-0.0,3.2472916365232574,358.8616821768692,3.9285431936332653,0.72
8453.472975231989,3.9285475814090853,0.0,-0.0,3.2472916365232574,359.77805838754193,3.9285372193541614,0.72
8454.013197307633,3.9285442908429737,0.0,-0.0,3.2472916365232574,360.31828046318606,3.9285337079702085,0.72
8454.553419383277,3.9285410071056086,0.0,-0.0,3.2472916365232574,360.8585025388302,3.928530204407178,0.72
8455.47379723796,3.928535424560024,0.0,-0.0,3.2472916365232574,361.77888039351365,3.928524253340171,0.72
8456.0120184916,3.9285321712718884,0.0,-0.0,3.2472916365232574,362.3171016471524,3.9285207837190024,0.72
8456.550239745238,3.928528924696118,0.0,-0.0,3.2472916365232574,362.8553229007912,3.928517321796915,0.72
8457.474619243934,3.92852336074956,0.0,-0.0,3.2472916365232574,363.7797023994872,3.928511393962394,0.72
8458.010839675566,3.9285201443117734,0.0,-0.0,3.2472916365232574,364.31592283111877,3.9285079656538455,0.72
8458.547060107197,3.9285169344727864,0.0,-0.0,3.2472916365232574,364.85214326275036,3.928504544924242,0.72
8459.475441249906,3.9285113890844348,0.0,-0.0,3.2472916365232574,365.7805244054589,3.9284986403407895,0.72
8460.009660859532,3.928508209077198,0.0,-0.0,3.2472916365232574,366.3147440150851,3.9284952528993458,0.72
8460.543880469158,3.928505035557925,0.0,-0.0,3.2472916365232574,366.84896362471136,3.928491872918395,0.72
8461.476263255878,3.9284995086861327,0.0,-0.0,3.2472916365232574,367.7813464114306,3.9284859916028045,0.72
8462.008482043499,3.928496364695631,0.0,-0.0,3.2472916365232574,368.3135651990515,3.9284826445875516,0.72
8462.54070083112,3.928493227082842,0.0,-0.0,3.2472916365232574,368.84578398667236,3.9284793049159976,0.72
8463.47708526185,3.9284877186892846,0.0,-0.0,3.2472916365232574,369.7821684174023,3.928473446883299,0.72
8464.007303227463,3.9284846103063265,0.0,-0.0,3.2472916365232574,370.312386383016,3.9284701398578696,0.72
8464.537521193077,3.9284815081946083,0.0,-0.0,3.2472916365232574,370.8426043486297,3.928466840060984,0.72
8465.477907267821,3.9284760182386953,0.0,-0.0,3.2472916365232574,371.78299042337403,3.928461005324463,0.72
8466.00612441143,3.9284729450620106,0.0,-0.0,3.2472916365232574,372.3112075669824,3.928457737856989,0.72
8466.534341555038,3.9284698780502874,0.0,-0.0,3.2472916365232574,372.8394247105907,3.92845447750452,0.72
8467.478729273795,3.92846440649454,0.0,-0.0,3.2472916365232574,373.78381242934756,3.9284486660757416,0.72
8468.004945595396,3.928461368126749,0.0,-0.0,3.2472916365232574,374.31002875094873,3.9284454377388056,0.72
8468.531161916997,3.9284583358199834,0.0,-0.0,3.2472916365232574,374.8362450725499,3.9284422164049277,0.72
8469.479551279766,3.928452882626575,0.0,-0.0,3.2472916365232574,375.7846344353193,3.928436428293761,0.72
8470.003766779362,3.9284498786756816,0.0,-0.0,3.2472916365232574,376.3088499349151,3.9284332386643457,0.72
8470.527982278958,3.928446880684948,0.0,-0.0,3.2472916365232574,376.8330654345109,3.9284300559276155,0.72
8471.480373285738,3.928441445816341,0.0,-0.0,3.2472916365232574,377.785456441291,3.928424291142252,0.72
8472.002587963329,3.9284384758980653,0.0,-0.0,3.2472916365232574,378.30767111888144,3.928421139801696,0.72
8472.524802640919,3.928435511838769,0.0,-0.0,3.2472916365232574,378.8298857964719,3.928417995245002,0.72
8473.48119529171,3.928430095258567,0.0,-0.0,3.2472916365232574,379.7862784472627,3.9284122537919823,0.72
8474.001409147293,3.9284271589915063,0.0,-0.0,3.2472916365232574,380.306492302846,3.9284091403259316,0.72
8474.521623002876,3.9284242284847553,0.0,-0.0,3.2472916365232574,380.82670615842926,3.928406033536451,0.72
8475.482017297682,3.9284188301571694,0.0,-0.0,3.2472916365232574,381.7871004532344,3.928400315420685,0.72
8476.00023033126,3.928415927165418,0.0,-0.0,3.2472916365232574,382.30531348681234,3.9283972394190467,0.72
8476.518443364837,3.928413029839091,0.0,-0.0,3.2472916365232574,382.82352652039026,3.9283941699881977,0.72
8477.482839303655,3.928407649726315,0.0,-0.0,3.2472916365232574,383.78792245920795,3.928388475212989,0.72
8477.999051515228,3.9284047796415895,0.0,-0.0,3.2472916365232574,384.3041346707805,3.9283854362698882,0.72
8478.5152637268,3.9284019151263414,0.0,-0.0,3.2472916365232574,384.8203468823531,3.928382403793286,0.72
8479.483661309627,3.928396553194646,0.0,-0.0,3.2472916365232574,385.78874446517966,3.9283767323603533,0.72
8479.997872699192,3.928393715650431,0.0,-0.0,3.2472916365232574,386.30295585474505,3.9283737300740884,0.72
8480.512084088758,3.9283908835826304,0.0,-0.0,3.2472916365232574,386.81716724431044,3.928370734151502,0.72
8481.484483315598,3.9283855397964285,0.0,-0.0,3.2472916365232574,387.7895664711514,3.9283650860610027,0.72
8481.996693883159,3.9283827344334856,0.0,-0.0,3.2472916365232574,388.3017770387114,3.928362120033999,0.72
8482.508904450719,3.9283799344549744,0.0,-0.0,3.2472916365232574,388.81398760627144,3.928359160269306,0.72
8483.48530532157,3.9283746087800475,0.0,-0.0,3.2472916365232574,389.7903884771231,3.9283535355198587,0.72
8483.995515067125,3.9283718352423893,0.0,-0.0,3.2472916365232574,390.30059822267776,3.9283506053586303,0.72
8484.50572481268,3.9283690669996707,0.0,-0.0,3.2472916365232574,390.81080796823244,3.9283476813597757,0.72
8485.486127327542,3.928363759401318,0.0,-0.0,3.2472916365232574,391.7912104830948,3.9283420799484823,0.72
8485.99433625109,3.928361017338722,0.0,-0.0,3.2472916365232574,392.2994194066423,3.9283391852635847,0.72
8486.502545174637,3.92835828048221,0.0,-0.0,3.2472916365232574,392.8076283301898,3.9283362966425384,0.72
8487.486949333515,3.9283529909272668,0.0,-0.0,3.2472916365232574,393.79203248906833,3.9283307185650065,0.72
8487.993157435058,3.928350279993632,0.0,-0.0,3.2472916365232574,394.2982405906105,3.9283278589709982,0.72
8488.4993655366,3.928347574179501,0.0,-0.0,3.2472916365232574,394.8044486921526,3.928325005343713,0.72
8489.487771339487,3.9283423026330313,0.0,-0.0,3.2472916365232574,395.79285449504005,3.92831945059408,0.72
8489.991978619024,3.9283396224875458,0.0,-0.0,3.2472916365232574,396.29706177457683,3.9283166257094777,0.72
8490.49618589856,3.928336947375077,0.0,-0.0,3.2472916365232574,396.8012690541136,3.9283138066958494,0.72
8491.488593345459,3.928331693805764,0.0,-0.0,3.2472916365232574,397.79367650101176,3.9283082752668017,0.72
8491.990799802988,3.928329044110905,0.0,-0.0,3.2472916365232574,398.29588295854137,3.928305484714045,0.72
8492.493006260518,3.9283263993653197,0.0,-0.0,3.2472916365232574,398.798089416071,3.9283026999378694,0.72
8493.48941535143,3.9283211637387683,0.0,-0.0,3.2472916365232574,399.7944985069835,3.928297191820668,0.72
8493.989620986955,3.92831854416239,0.0,-0.0,3.2472916365232574,400.2947041425077,3.9282944352260736,0.72
8494.489826622479,3.9283159294526806,0.0,-0.0,3.2472916365232574,400.794909778032,3.928291684315009,0.72
8495.490237357402,3.9283107117368603,0.0,-0.0,3.2472916365232574,401.7953205129552,3.9282861994995097,0.72
8495.988442170921,3.928308121949942,0.0,-0.0,3.2472916365232574,402.2935253264741,3.9282834764932346,0.72
8496.48664698444,3.9283055369489883,0.0,-0.0,3.2472916365232574,402.791730139993,3.9282807590787616,0.72
8497.483056611478,3.9283003784518877,0.0,-0.0,3.2472916365232574,403.78813976703077,3.928275340979272,0.72
8497.491059363374,3.9283003370770997,0.0,-0.0,3.2472916365232574,403.7961425189269,3.9282752975534367,0.72
8497.987263354886,3.9282977767569505,0.0,-0.0,3.2472916365232574,404.2923465104386,3.928272607769439,0.72
8498.483467346397,3.928295221142073,0.0,-0.0,3.2472916365232574,404.78855050195034,3.928269923486821,0.72
8499.475875329423,3.928290121225392,0.0,-0.0,3.2472916365232574,405.7809584849756,3.9282645713807036,0.72
8499.491881369348,3.928290039082916,0.0,-0.0,3.2472916365232574,405.79696452490043,3.928264485238782,0.72
8499.986084538854,3.928287507909334,0.0,-0.0,3.2472916365232574,406.2911676944068,3.9282618283147808,0.72
8500.48028770836,3.9282849813620597,0.0,-0.0,3.2472916365232574,406.78537086391316,3.928259176803027,0.72
8501.468694047373,3.928279939391817,0.0,-0.0,3.2472916365232574,407.7737772029259,3.9282538899721486,0.72
8501.49270337532,3.928279817084545,0.0,-0.0,3.2472916365232574,407.79778653087214,3.928253761818046,0.72
8501.98490572282,3.9282773147413477,0.0,-0.0,3.2472916365232574,408.28998887837315,3.928251137395485,0.72
8502.477108070321,3.928274816947967,0.0,-0.0,3.2472916365232574,408.78219122587416,3.92824851829731,0.72
8503.461512765321,3.9282698322979357,0.0,-0.0,3.2472916365232574,409.76659592087435,3.9282432960309026,0.72
8503.493525381291,3.9282696704213276,0.0,-0.0,3.2472916365232574,409.79860853684386,3.9282431265598405,0.72
8503.983726906785,3.9282671965969813,0.0,-0.0,3.2472916365232574,410.2888100623377,3.9282405342838485,0.72
8504.473928432279,3.928264727246915,0.0,-0.0,3.2472916365232574,410.7790115878315,3.9282379472456377,0.72
8505.454331483268,3.9282597992994646,0.0,-0.0,3.2472916365232574,411.759414638821,3.92823278884022,0.72
8505.494347387263,3.9282595984400115,0.0,-0.0,3.2472916365232574,411.79943054281557,3.9282325787388372,0.72
8505.982548090751,3.928257152827121,0.0,-0.0,3.2472916365232574,412.28763124630404,3.928230018258192,0.72
8506.47074879424,3.9282547116138224,0.0,-0.0,3.2472916365232574,412.7758319497925,3.9282274629299616,0.72
8507.447150201217,3.928249839758962,0.0,-0.0,3.2472916365232574,413.75223335676947,3.9282223676892696,0.72
8507.495169393234,3.9282496004964105,0.0,-0.0,3.2472916365232574,413.8002525487873,3.9282221176357117,0.72
8507.981369274718,3.92824718279135,0.0,-0.0,3.2472916365232574,414.2864524302704,3.9282195886028024,0.72
8508.4675691562,3.9282447694112115,0.0,-0.0,3.2472916365232574,414.7726523117535,3.928217064638165,0.72
8509.439968919165,3.928239953048262,0.0,-0.0,3.2472916365232574,415.74505207471793,3.9282120318730773,0.72
8509.495991399208,3.928239675953386,0.0,-0.0,3.2472916365232574,415.8010745547608,3.9282117425370924,0.72
8509.980190458684,3.928237285855184,0.0,-0.0,3.2472916365232574,416.28527361423676,3.9282092446078836,0.72
8510.46438951816,3.9282349000103203,0.0,-0.0,3.2472916365232574,416.7694726737127,3.928206751664012,0.72
8511.432787637114,3.9282301385427925,0.0,-0.0,3.2472916365232574,417.7378707926664,3.928201780692477,0.72
8511.49681340518,3.92822982418108,0.0,-0.0,3.2472916365232574,417.80189656073253,3.928201452735509,0.72
8511.97901164265,3.92822746139411,0.0,-0.0,3.2472916365232574,418.2840947982031,3.928198985569505,0.72
8512.46120988012,3.928225102788767,0.0,-0.0,3.2472916365232574,418.7662930356737,3.928196523307093,0.72
8513.425606355062,3.928220395630468,0.0,-0.0,3.2472916365232574,419.73068951061487,3.928191613454061,0.72
8513.497635411151,3.9282200445582776,0.0,-0.0,3.2472916365232574,419.80271856670424,3.9281912475293415,0.72
8513.977832826617,3.9282177087893246,0.0,-0.0,3.2472916365232574,420.28291598216947,3.928188810789549,0.72
8514.458030242082,3.928215377132595,0.0,-0.0,3.2472916365232574,420.7631133976347,3.9281863788727795,0.72
8515.41842507301,3.9282107237014094,0.0,-0.0,3.2472916365232574,421.72350822856333,3.9281815294701294,0.72
8515.498457417123,3.9282103364704675,0.0,-0.0,3.2472916365232574,421.80354057267596,3.928181126222765,0.72
8515.976654010581,3.9282080274308875,0.0,-0.0,3.2472916365232574,422.281737166134,3.9281787195756603,0.72
8516.45485060404,3.928205722434183,0.0,-0.0,3.2472916365232574,422.75993375959206,3.9281763176721713,0.72
8517.411243790957,3.9282011221578275,0.0,-0.0,3.2472916365232574,423.71632694651,3.928171528058642,0.72
8517.499279423095,3.9282006993111658,0.0,-0.0,3.2472916365232574,423.80436257864767,3.928171088125709,0.72
8517.975475194547,3.928198416714335,0.0,-0.0,3.2472916365232574,424.28055835010036,3.928168711241201,0.72
8518.451670966,3.92819613809403,0.0,-0.0,3.2472916365232574,424.75675412155306,3.928166339022046,0.72
8519.404062508906,3.9281915904052216,0.0,-0.0,3.2472916365232574,425.70914566445845,3.9281616085431694,0.72
8519.500101429068,3.9281911324794327,0.0,-0.0,3.2472916365232574,425.8051845846212,3.928161132553798,0.72
8519.974296378516,3.9281888760443318,0.0,-0.0,3.2472916365232574,426.27937953406854,3.9281587851051953,0.72
8520.448491327963,3.928186623518476,0.0,-0.0,3.2472916365232574,426.7535744835159,3.9281564422448136,0.72
8521.396881226856,3.9281821278599702,0.0,-0.0,3.2472916365232574,427.70196438240873,3.928151770252844,0.72
8521.50092343504,3.928181635383119,0.0,-0.0,3.2472916365232574,427.8060065905929,3.9281512588283087,0.72
8521.97311756248,3.928179404830635,0.0,-0.0,3.2472916365232574,428.2782007180331,3.9281489404922856,0.72
8522.44531168992,3.9281771781218797,0.0,-0.0,3.2472916365232574,428.75039484547324,3.928146626668466,0.72
8523.389699944802,3.9281727339397223,0.0,-0.0,3.2472916365232574,429.6947831003554,3.9281420125223154,0.72
8523.501745441012,3.9281722074358125,0.0,-0.0,3.2472916365232574,429.8068285965646,3.928141466276121,0.72
8523.971938746447,3.9281700024905875,0.0,-0.0,3.2472916365232574,430.27702190199943,3.928139176732681,0.72
8524.442132051881,3.9281678013252055,0.0,-0.0,3.2472916365232574,430.74721520743424,3.9281368916265302,0.72
8525.382518662751,3.9281634080731305,0.0,-0.0,3.2472916365232574,431.68760181830385,3.9281323346917,0.72
8525.502567446983,3.928162848058709,0.0,-0.0,3.2472916365232574,431.80765060253634,3.928131754229667,0.72
8525.970759930413,3.9281606684485775,0.0,-0.0,3.2472916365232574,432.2758430859658,3.9281294931621145,0.72
8526.438952413842,3.928158492555274,0.0,-0.0,3.2472916365232574,432.74403556939524,3.928127236458021,0.72
8527.3753373807,3.928154149694885,0.0,-0.0,3.2472916365232574,433.6804205362523,3.928122736106537,0.72
8527.503389452955,3.928153556677941,0.0,-0.0,3.2472916365232574,433.80847260850805,3.928122122026889,0.72
8527.969581114377,3.9281514021353496,0.0,-0.0,3.2472916365232574,434.2746642699303,3.928119889121791,0.72
8528.4357727758,3.9281492512460954,0.0,-0.0,3.2472916365232574,434.7408559313526,3.928117660507396,0.72
8529.368156098646,3.928144958244335,0.0,-0.0,3.2472916365232574,435.67323925419896,3.9281132161177434,0.72
8529.504211458929,3.928144332729551,0.0,-0.0,3.2472916365232574,435.8092946144816,3.9281125690111884,0.72
8529.968402298346,3.9281422029871815,0.0,-0.0,3.2472916365232574,436.2734854538985,3.9281103639583455,0.72
8530.432593137763,3.92814007683785,0.0,-0.0,3.2472916365232574,436.7376762933154,3.9281081631245076,0.72
8531.360974816596,3.9281358331670138,0.0,-0.0,3.2472916365232574,437.66605797214925,3.928103774081566,0.72
8531.5050334649,3.9281351756520158,0.0,-0.0,3.2472916365232574,437.8101166204533,3.92810309453138,0.72
8531.967223482312,3.9281330704486748,0.0,-0.0,3.2472916365232574,438.27230663786486,3.9281009170237926,0.72
8532.429413499724,3.928130968777783,0.0,-0.0,3.2472916365232574,438.7344966552764,3.928098743664557,0.72
8533.353793534545,3.9281267739180157,0.0,-0.0,3.2472916365232574,439.6588766900977,3.928094409359538,0.72
8533.505855470872,3.928126084893008,0.0,-0.0,3.2472916365232574,439.810938626425,3.928093697941649,0.72
8533.966044666277,3.9281240039690237,0.0,-0.0,3.2472916365232574,440.2711278218294,3.928091547675485,0.72
8534.42623386168,3.92812192651795,0.0,-0.0,3.2472916365232574,440.7313170172338,3.928089401488051,0.72
8535.346612252491,3.9281177799549476,0.0,-0.0,3.2472916365232574,441.65169540804436,3.9280851213184347,0.72
8535.506677476844,3.928117059904846,0.0,-0.0,3.2472916365232574,441.8117606323967,3.9280843786015023,0.72
8535.964865850243,3.928115003003846,0.0,-0.0,3.2472916365232574,442.26994900579575,3.9280822552760672,0.72
8536.423054223642,3.928112949517252,0.0,-0.0,3.2472916365232574,442.7281373791948,3.928080135960758,0.72
8537.33943097044,3.9281088507432194,0.0,-0.0,3.2472916365232574,443.6445141259928,3.928075909330229,0.72
8537.507499482816,3.928108100147125,0.0,-0.0,3.2472916365232574,443.81258263836844,3.928075135875726,0.72
8537.96368703421,3.9281060670157877,0.0,-0.0,3.2472916365232574,444.2687701897621,3.928073039193431,0.72
8538.419874585603,3.9281040372413965,0.0,-0.0,3.2472916365232574,444.7249577411558,3.9280709464536607,0.72
8539.332249688388,3.9280999857540144,0.0,-0.0,3.2472916365232574,445.6373328439413,3.9280667727720484,0.72
8539.508321488789,3.928099205083908,0.0,-0.0,3.2472916365232574,445.813404644342,3.9280659691343414,0.72
8539.962508218176,3.92809719547234,0.0,-0.0,3.2472916365232574,446.26759137372846,3.92806389880067,0.72
8540.416694947562,3.9280951891607776,0.0,-0.0,3.2472916365232574,446.72177810311496,3.928061832342914,0.72
8541.325068406337,3.928091184462825,0.0,-0.0,3.2472916365232574,447.63015156188976,3.928057711026131,0.72
8541.50914349476,3.928090374186014,0.0,-0.0,3.2472916365232574,447.8142266503137,3.9280568777525575,0.72
8541.961329402142,3.92808838784694,0.0,-0.0,3.2472916365232574,448.2664125576948,3.928054833476039,0.72
8542.413515309523,3.9280864047521096,0.0,-0.0,3.2472916365232574,448.71859846507596,3.928052793009804,0.72
8543.317887124285,3.9280824463533586,0.0,-0.0,3.2472916365232574,449.6229702798382,3.928048723479785,0.72
8543.509965500733,3.9280816069313675,0.0,-0.0,3.2472916365232574,449.8150486562854,3.928047861110731,0.72
8543.960150586108,3.9280796436194825,0.0,-0.0,3.2472916365232574,450.2652337416612,3.928045842602907,0.72
8544.410335671484,3.92807768349753,0.0,-0.0,3.2472916365232574,450.71541882703696,3.9280438278406997,0.72
8545.310705842234,3.9280737709123463,0.0,-0.0,3.2472916365232574,451.6157889977867,3.928039809525342,0.72
8545.510787506704,3.928072902801122,0.0,-0.0,3.2472916365232574,451.8158706622571,3.9280389185943236,0.72
8545.958971770073,3.9280709622752275,0.0,-0.0,3.2472916365232574,452.2640549256257,3.928036925569719,0.72
8546.407156033441,3.928069024885197,0.0,-0.0,3.2472916365232574,452.7122391889943,3.928034936227017,0.72
8547.30352456018,3.9280651576337395,0.0,-0.0,3.2472916365232574,453.60860771573334,3.9280309685601207,0.72
8547.511609512676,3.928064261282758,0.0,-0.0,3.2472916365232574,453.8166926682288,3.928030049593856,0.72
8547.95779295404,3.9280623433044557,0.0,-0.0,3.2472916365232574,454.26287610959207,3.9280280817699493,0.72
8548.403976395402,3.9280604284084286,0.0,-0.0,3.2472916365232574,454.7090595509553,3.9280261175651705,0.72
8549.296343278129,3.9280566060177984,0.0,-0.0,3.2472916365232574,455.6014264336818,3.928022199986382,0.72
8549.51243151865,3.9280556818715593,0.0,-0.0,3.2472916365232574,455.81751467420236,3.928021253504868,0.72
8549.956614138007,3.9280537862036278,0.0,-0.0,3.2472916365232574,456.26169729356025,3.9280193106020618,0.72
8550.400796757365,3.9280518935666704,0.0,-0.0,3.2472916365232574,456.70587991291814,3.928017371256537,0.72
8551.28916199608,3.9280481155662126,0.0,-0.0,3.2472916365232574,457.5942451516321,3.9280135032112877,0.72
8551.513253524621,3.9280471640644055,0.0,-0.0,3.2472916365232574,457.81833668017407,3.9280125297278765,0.72
8551.955435321972,3.9280452904741914,0.0,-0.0,3.2472916365232574,458.2605184775248,3.9280106114694684,0.72
8552.397617119323,3.928043419863255,0.0,-0.0,3.2472916365232574,458.7027002748755,3.9280086967074106,0.72
8553.281980714026,3.928039685791495,0.0,-0.0,3.2472916365232574,459.58706386957874,3.928004877646862,0.72
8553.514075530593,3.928038707367345,0.0,-0.0,3.2472916365232574,459.8191586861458,3.928003877668333,0.72
8553.954256505938,3.928036855623083,0.0,-0.0,3.2472916365232574,460.25933966149114,3.9280019837804874,0.72
8554.394437481284,3.928035006808442,0.0,-0.0,3.2472916365232574,460.6995206368365,3.928000093328963,0.72
8555.274799431974,3.9280313162062934,0.0,-0.0,3.2472916365232574,461.5798825875272,3.927996322709949,0.72
8555.514897536565,3.9280303112882913,0.0,-0.0,3.2472916365232574,461.8199806921175,3.927995296736584,0.72
8555.953077689905,3.9280284811622783,0.0,-0.0,3.2472916365232574,462.2581608454575,3.927993426948302,0.72
8556.391257843245,3.9280266539161186,0.0,-0.0,3.2472916365232574,462.6963409987975,3.927991560537204,0.72
8557.267618149923,3.928023006331534,0.0,-0.0,3.2472916365232574,463.5727013054757,3.9279878378221733,0.72
8557.515719542536,3.9280219753424017,0.0,-0.0,3.2472916365232574,463.8208026980892,3.927986786347828,0.72
8557.95189887387,3.9280201666100014,0.0,-0.0,3.2472916365232574,464.25698202942203,3.9279849403909206,0.72
8558.388078205202,3.928018360707102,0.0,-0.0,3.2472916365232574,464.69316136075486,3.9279830977529406,0.72
8559.26043686787,3.9280147556926384,0.0,-0.0,3.2472916365232574,465.5655200234223,3.9279794224099023,0.72
8559.51654154851,3.9280136990498904,0.0,-0.0,3.2472916365232574,465.82162470406274,3.927978345922078,0.72
8559.950720057837,3.9280119114861085,0.0,-0.0,3.2472916365232574,466.2558032133902,3.927976523531138,0.72
8560.384898567165,3.9280101267049328,0.0,-0.0,3.2472916365232574,466.6899817227177,3.9279747044017355,0.72
8561.25325558582,3.9280065638170694,0.0,-0.0,3.2472916365232574,467.5583387413726,3.9279710759042032,0.72
8561.517363554482,3.9280054819349948,0.0,-0.0,3.2472916365232574,467.82244671003446,3.9279699748841197,0.72
8561.949541241804,3.9280037153205383,0.0,-0.0,3.2472916365232574,468.25462439735657,3.927968175796493,0.72
8562.381718929126,3.9280019514410824,0.0,-0.0,3.2472916365232574,468.6868020846787,3.92796637991387,0.72
8563.246074303768,3.927998430241675,0.0,-0.0,3.2472916365232574,469.5511574593211,3.92796279774081,0.72
8563.518185560453,3.9279973235274523,0.0,-0.0,3.2472916365232574,469.82326871600617,3.9279616726634723,0.72
8563.948362425768,3.927995577644616,0.0,-0.0,3.2472916365232574,470.2534455813211,3.9279598966192304,0.72
8564.378539291083,3.9279938344486753,0.0,-0.0,3.2472916365232574,470.68362244663604,3.9279581237243058,0.72
8565.238893021715,3.927990354506001,0.0,-0.0,3.2472916365232574,471.5439761772677,3.9279545873600767,0.72
8565.519007566425,3.9279892233619744,0.0,-0.0,3.2472916365232574,471.8240907219779,3.9279534386943475,0.72
8565.947183609735,3.927987497994288,0.0,-0.0,3.2472916365232574,472.25226676528746,3.9279516854362635,0.72
8566.375359653044,3.9279857752680227,0.0,-0.0,3.2472916365232574,472.68044280859704,3.9279499352726415,0.72
8567.231711739663,3.9279823361527253,0.0,-0.0,3.2472916365232574,473.5367948952162,3.9279464442069467,0.72
8567.519829572397,3.927981180977653,0.0,-0.0,3.2472916365232574,473.8249127279496,3.927945272415616,0.72
8567.946004793701,3.9279794759122995,0.0,-0.0,3.2472916365232574,474.2510879492538,3.927943541689132,0.72
8568.372180015005,3.927977773442323,0.0,-0.0,3.2472916365232574,474.67726317055804,3.9279418140030797,0.72
8569.224530457612,3.9279743747319937,0.0,-0.0,3.2472916365232574,475.52961361316466,3.927938367730912,0.72
8569.52065157837,3.9279731959196127,0.0,-0.0,3.2472916365232574,475.8257347339231,3.927937173270761,0.72
8569.944825977667,3.9279715109442677,0.0,-0.0,3.2472916365232574,476.24990913322017,3.927935464823968,0.72
8570.369000376964,3.9279698285213778,0.0,-0.0,3.2472916365232574,476.6740835325172,3.9279337593643864,0.72
8571.217349175558,3.9279664697954892,0.0,-0.0,3.2472916365232574,477.5224323311113,3.927930357385974,0.72
8571.521473584342,3.927965267734868,0.0,-0.0,3.2472916365232574,477.82655673989484,3.9279291407078474,0.72
8571.943647161634,3.927963602642183,0.0,-0.0,3.2472916365232574,478.2487303171865,3.9279274542914533,0.72
8572.365820738925,3.927961940057753,0.0,-0.0,3.2472916365232574,478.6709038944782,3.927925770809852,0.72
8573.210167893509,3.9279586209040325,0.0,-0.0,3.2472916365232574,479.5152510490616,3.9279224126306094,0.72
8573.522295590314,3.9279573959775718,0.0,-0.0,3.2472916365232574,479.82737874586655,3.9279211741794784,0.72
8573.9424683456,3.9279557505615275,0.0,-0.0,3.2472916365232574,480.2475515011529,3.927919509546785,0.72
8574.362641100886,3.927954107609766,0.0,-0.0,3.2472916365232574,480.6677242564392,3.927917847797257,0.72
8575.202986611457,3.927950827618118,0.0,-0.0,3.2472916365232574,481.50806976701006,3.9279145329277307,0.72
8575.523117596285,3.9279495802060054,0.0,-0.0,3.2472916365232574,481.82820075183827,3.927913273142761,0.72
8575.941289529565,3.9279479542617164,0.0,-0.0,3.2472916365232574,482.2463726851174,3.9279116300496386,0.72
8576.359461462844,3.927946330739264,0.0,-0.0,3.2472916365232574,482.6645446183966,3.9279099897888328,0.72
8577.195805329402,3.927943089504112,0.0,-0.0,3.2472916365232574,483.5008884849549,3.927906717744652,0.72
8577.523939602257,3.927941819981031,0.0,-0.0,3.2472916365232574,483.82902275781,3.9279054370592696,0.72
8577.94011071353,3.927940213307326,0.0,-0.0,3.2472916365232574,484.2451938690838,3.927903815264128,0.72
8578.356281824805,3.9279386090131956,0.0,-0.0,3.2472916365232574,484.6613649803576,3.9279021962512246,0.72
8579.188624047352,3.9279354061351675,0.0,-0.0,3.2472916365232574,485.49370720290517,3.9278989665530504,0.72
8579.52476160823,3.927934114870807,0.0,-0.0,3.2472916365232574,485.8298447637835,3.927897665395004,0.72
8579.938931897499,3.9279325272671755,0.0,-0.0,3.2472916365232574,486.24401505305195,3.9278960646587713,0.72
8580.353102186768,3.927930942002739,0.0,-0.0,3.2472916365232574,486.6581853423204,3.927894466655458,0.72
8581.181442765303,3.9279277770838528,0.0,-0.0,3.2472916365232574,487.48652592085546,3.927891278828932,0.72
8581.525583614202,3.9279264644452248,0.0,-0.0,3.2472916365232574,487.8306667697552,3.9278899576203594,0.72
8581.937753081464,3.927924895714612,0.0,-0.0,3.2472916365232574,488.2428362370165,3.927888377706455,0.72
8582.349922548725,3.927923329283127,0.0,-0.0,3.2472916365232574,488.65500570427776,3.927886800476898,0.72
8583.174261483247,3.92792020193151,0.0,-0.0,3.2472916365232574,489.4793446388003,3.927883654052596,0.72
8583.526405620174,3.927918868279301,0.0,-0.0,3.2472916365232574,489.83148877572694,3.9278823132100853,0.72
8583.93657426543,3.9279173182269025,0.0,-0.0,3.2472916365232574,490.24165742098285,3.9278807538843936,0.72
8584.346742910686,3.9279157704333736,0.0,-0.0,3.2472916365232574,490.65182606623875,3.9278791971952187,0.72
8585.167080201198,3.927912680261565,0.0,-0.0,3.2472916365232574,491.47216335675057,3.927876091708597,0.72
8585.527227626146,3.927911325952988,0.0,-0.0,3.2472916365232574,491.83231078169865,3.927874731643252,0.72
8585.935395449396,3.927909794385725,0.0,-0.0,3.2472916365232574,492.2404786049492,3.9278731926741,0.72
8586.343563272647,3.9279082650373613,0.0,-0.0,3.2472916365232574,492.64864642819975,3.9278716562943634,0.72
8587.159898919146,3.9279052116623863,0.0,-0.0,3.2472916365232574,493.46498207469904,3.927868591285715,0.72
8587.528049632117,3.9279038370496373,0.0,-0.0,3.2472916365232574,493.83313278767037,3.927867212403213,0.72
8587.93421663336,3.9279023237754966,0.0,-0.0,3.2472916365232574,494.23929978891374,3.9278656935613463,0.72
8588.340383634604,3.9279008126822257,0.0,-0.0,3.2472916365232574,494.6454667901571,3.9278641772625122,0.72
8589.152717637091,3.927897795724007,0.0,-0.0,3.2472916365232574,495.45780079264387,3.927861152276915,0.72
8589.52887163809,3.9278964011567323,0.0,-0.0,3.2472916365232574,495.8339547936421,3.9278597549775713,0.72
8589.933037817327,3.9278949059872765,0.0,-0.0,3.2472916365232574,496.2381209728801,3.9278582560361284,0.72
8590.337203996565,3.9278934129606453,0.0,-0.0,3.2472916365232574,496.6422871521181,3.927856759592044,0.72
8591.145536355041,3.92789043204329,0.0,-0.0,3.2472916365232574,497.45061951059415,3.927853774179316,0.72
8591.529693644063,3.9278890178658097,0.0,-0.0,3.2472916365232574,497.8347767996156,3.9278523588581447,0.72
8591.931859001295,3.9278875406136278,0.0,-0.0,3.2472916365232574,498.2369421568483,3.927850879592633,0.72
8592.334024358528,3.9278860654667964,0.0,-0.0,3.2472916365232574,498.63910751408093,3.927849402779507,0.72
8593.138355072992,3.9278831202202693,0.0,-0.0,3.2472916365232574,499.44343822854444,3.927846456494156,0.72
8593.530515650034,3.927881686771824,0.0,-0.0,3.2472916365232574,499.8355988055873,3.9278450235409283,0.72
8593.93068018526,3.9278802272526354,0.0,-0.0,3.2472916365232574,500.2357633408128,3.9278435637292017,0.72
8594.330844720485,3.927878769801942,0.0,-0.0,3.2472916365232574,500.6359278760383,3.9278421063255786,0.72
8595.131173790936,3.927875859857128,0.0,-0.0,3.2472916365232574,501.43625694648927,3.927839198726759,0.72
8595.531337656006,3.9278744074756915,0.0,-0.0,3.2472916365232574,501.83642081155904,3.927837748526064,0.72
8595.929501369226,3.9278729655055904,0.0,-0.0,3.2472916365232574,502.23458452477917,3.927836307948299,0.72
8596.327665082446,3.927871525567584,0.0,-0.0,3.2472916365232574,502.6327482379993,3.927834869735036,0.72
8597.123992508887,3.9278686505623566,0.0,-0.0,3.2472916365232574,503.42907566443955,3.9278320003864997,0.72
8597.532159661978,3.927867179579084,0.0,-0.0,3.2472916365232574,503.83724281753075,3.927830533317803,0.72
8597.928322553193,3.9278657549771436,0.0,-0.0,3.2472916365232574,504.2334057087455,3.9278291117564743,0.72
8598.324485444407,3.927864332372348,0.0,-0.0,3.2472916365232574,504.6295685999603,3.9278276925167197,0.72
8599.116811226835,3.9278614919456025,0.0,-0.0,3.2472916365232574,505.421894382388,3.9278248609867714,0.72
8599.53298166795,3.9278600026897057,0.0,-0.0,3.2472916365232574,505.83806482350246,3.927823377424472,0.72
8599.927143737157,3.927858595277431,0.0,-0.0,3.2472916365232574,506.23222689271006,3.9278219746643326,0.72
8600.321305806365,3.9278571898265238,0.0,-0.0,3.2472916365232574,506.62638896191766,3.927820574183501,0.72
8601.10962994478,3.9278543836237247,0.0,-0.0,3.2472916365232574,507.41471310033285,3.9278177800449536,0.72
8601.533803673923,3.9278528764188367,0.0,-0.0,3.2472916365232574,507.838886829476,3.9278162803584435,0.72
8601.925964921125,3.9278514860183797,0.0,-0.0,3.2472916365232574,508.23104807667823,3.927814896186498,0.72
8602.318126168328,3.927850097544634,0.0,-0.0,3.2472916365232574,508.6232093238805,3.9278135142522492,0.72
8603.102448662732,3.927847325213435,0.0,-0.0,3.2472916365232574,509.40753181828495,3.9278107570823777,0.72
8603.534625679895,3.927845800585037,0.0,-0.0,3.2472916365232574,509.8397088354477,3.9278092416360972,0.72
8603.92478610509,3.9278444270211095,0.0,-0.0,3.2472916365232574,510.2298692606428,3.9278078758415824,0.72
8604.314946530285,3.927843055349709,0.0,-0.0,3.2472916365232574,510.62002968583784,3.9278065122437984,0.72
8605.095267380677,3.9278403165406184,0.0,-0.0,3.2472916365232574,511.4003505362298,3.927803791624295,0.72
8605.535447685867,3.927838774597421,0.0,-0.0,3.2472916365232574,511.8405308414194,3.9278022607777903,0.72
8605.923607289056,3.9278374176963595,0.0,-0.0,3.2472916365232574,512.2286904446091,3.927800913152152,0.72
8606.311766892246,3.927836062653708,0.0,-0.0,3.2472916365232574,512.6168500477988,3.9277995676829147,0.72
8607.088086098625,3.927833357022745,0.0,-0.0,3.2472916365232574,513.3931692541782,3.927796883199846,0.72
8607.536269691838,3.9278317980776216,0.0,-0.0,3.2472916365232574,513.8413528473911,3.927795337307824,0.72
8607.922428473023,3.9278304576667704,0.0,-0.0,3.2472916365232574,514.2275116285755,3.927794007644694,0.72
8608.308587254207,3.927829119082113,0.0,-0.0,3.2472916365232574,514.6136704097598,3.927792680098263,0.72
8609.080904816576,3.9278264462873578,0.0,-0.0,3.2472916365232574,515.3859879721285,3.927790031342027,0.72
8609.53709169781,3.927824870648376,0.0,-0.0,3.2472916365232574,515.8421748533628,3.9277884707544115,0.72
8609.921249656987,3.927823546559443,0.0,-0.0,3.2472916365232574,516.22633281254,3.9277871588495863,0.72
8610.305407616164,3.92782222426337,0.0,-0.0,3.2472916365232574,516.6104907717172,3.9277858490223787,0.72
8611.07372353452,3.9278195839676857,0.0,-0.0,3.2472916365232574,517.3788066900734,3.927783235587659,0.72
8611.537913703783,3.927817991940792,0.0,-0.0,3.2472916365232574,517.8429968593364,3.927781660649644,0.72
8611.920070840955,3.9278166840041417,0.0,-0.0,3.2472916365232574,518.2251539965082,3.927780366301064,0.72
8612.302227978127,3.9278153778294005,0.0,-0.0,3.2472916365232574,518.60731113368,3.9277790739916294,0.72
8613.06654225247,3.9278127696984013,0.0,-0.0,3.2472916365232574,519.3716254080236,3.927776495477355,0.72
8613.538735709755,3.92781116158426,0.0,-0.0,3.2472916365232574,519.8438188653081,3.9277749065294603,0.72
8613.918892024922,3.9278098696350234,0.0,-0.0,3.2472916365232574,520.2239751804746,3.927773629537187,0.72
8614.299048340088,3.9278085794154047,0.0,-0.0,3.2472916365232574,520.604131495641,3.927772354546191,0.72
8615.059360970421,3.9278060031190476,0.0,-0.0,3.2472916365232574,521.3644441259739,3.927769810555492,0.72
8615.539557715727,3.9278043792165107,0.0,-0.0,3.2472916365232574,521.8446408712798,3.927768207933615,0.72
8615.917713208886,3.9278031030891256,0.0,-0.0,3.2472916365232574,522.2227963644391,3.9277669480998108,0.72
8616.295868702045,3.927801828660168,0.0,-0.0,3.2472916365232574,522.6009518575984,3.9277656902300104,0.72
8617.052179688366,3.9277992838715496,0.0,-0.0,3.2472916365232574,523.3572628439188,3.9277631803701776,0.72
8617.540379721699,3.927797644475246,0.0,-0.0,3.2472916365232574,523.8454628772515,3.9277615644056474,0.72
8617.916534392853,3.927796384006242,0.0,-0.0,3.2472916365232574,524.2216175484054,3.927760321534554,0.72
8618.292689064006,3.927795125206396,0.0,-0.0,3.2472916365232574,524.5977722195594,3.9277590805907763,0.72
8619.044998406314,3.9277926116000397,0.0,-0.0,3.2472916365232574,525.3500815618672,3.927756604473219,0.72
8619.54120172767,3.927790957000392,0.0,-0.0,3.2472916365232574,525.8462848832232,3.927754975492849,0.72
8619.915355576819,3.927789712030938,0.0,-0.0,3.2472916365232574,526.2204387323718,3.9277537493907664,0.72
8620.289509425967,3.9277884686981714,0.0,-0.0,3.2472916365232574,526.5945925815204,3.9277525251798906,0.72
8621.037817124265,3.9277859859570463,0.0,-0.0,3.2472916365232574,527.3429002798175,3.927750082420095,0.72
8621.542023733644,3.9277843164424553,0.0,-0.0,3.2472916365232574,527.8471068891968,3.9277484407462326,0.72
8621.914176760785,3.9277830868088994,0.0,-0.0,3.2472916365232574,528.2192599163382,3.9277472312215,0.72
8622.286329787927,3.9277818587850963,0.0,-0.0,3.2472916365232574,528.5914129434796,3.927746023552435,0.72
8623.030635842211,3.9277794065889307,0.0,-0.0,3.2472916365232574,529.3357189977642,3.9277436137699233,0.72
8623.542845739616,3.927777722442623,0.0,-0.0,3.2472916365232574,529.8479288951685,3.927741959720505,0.72
8623.912997944752,3.927776507991287,0.0,-0.0,3.2472916365232574,530.2180811003045,3.927740766583478,0.72
8624.283150149888,3.9277752951185354,0.0,-0.0,3.2472916365232574,530.5882333054406,3.927739575267142,0.72
8625.02345456016,3.9277728731552983,0.0,-0.0,3.2472916365232574,531.3285377157126,3.9277371980854343,0.72
8625.543667745587,3.9277711746590214,0.0,-0.0,3.2472916365232574,531.8487509011402,3.927735531974032,0.72
8625.911819128718,3.9277699752307984,0.0,-0.0,3.2472916365232574,532.2169022842709,3.927734355037064,0.72
8626.279970511849,3.9277687773537755,0.0,-0.0,3.2472916365232574,532.5850536674016,3.927733179886365,0.72
8627.01627327811,3.9277663853115814,0.0,-0.0,3.2472916365232574,533.3213564336629,3.9277308349329356,0.72
8627.544489751559,3.9277646727423767,0.0,-0.0,3.2472916365232574,533.8495729071119,3.9277291570688107,0.72
8627.910640312683,3.9277634881841026,0.0,-0.0,3.2472916365232574,534.2157234682354,3.9277279961462317,0.72
8628.276790873806,3.9277623051482395,0.0,-0.0,3.2472916365232574,534.5818740293589,3.9277268369760483,0.72
8629.009091996055,3.927759942720753,0.0,-0.0,3.2472916365232574,535.3141751516077,3.9277245238822904,0.72
8629.54531175753,3.9277582163522977,0.0,-0.0,3.2472916365232574,535.8503949130836,3.9277228345704396,0.72
8629.909461496649,3.9277570465106137,0.0,-0.0,3.2472916365232574,536.2145446522018,3.9277216894785383,0.72
8630.273611235767,3.927755878162999,0.0,-0.0,3.2472916365232574,536.5786943913199,3.9277205461056983,0.72
8631.001910714003,3.927753545047058,0.0,-0.0,3.2472916365232574,537.3069938695562,3.927718264506881,0.72
8631.546133763504,3.9277518051505687,0.0,-0.0,3.2472916365232574,537.8512169190572,3.927716564048089,0.72
8631.908282680617,3.927750649872592,0.0,-0.0,3.2472916365232574,538.2133658361699,3.9277154346050915,0.72
8632.27043159773,3.9277494960628863,0.0,-0.0,3.2472916365232574,538.5755147532827,3.927714306848353,0.72
8632.994729431955,3.9277471919549782,0.0,-0.0,3.2472916365232574,539.2998125875083,3.927712056383584,0.72
8633.546955769476,3.9277454387982087,0.0,-0.0,3.2472916365232574,539.8520389250289,3.9277103450744706,0.72
8633.907103864582,3.9277442979360457,0.0,-0.0,3.2472916365232574,540.2121870201345,3.927709231100521,0.72
8634.267251959687,3.9277431585142177,0.0,-0.0,3.2472916365232574,540.5723351152401,3.9277081187805534,0.72
8634.9875481499,3.9277408831178118,0.0,-0.0,3.2472916365232574,541.2926313054531,3.9277058990927425,0.72
8635.547777775448,3.9277391169653826,0.0,-0.0,3.2472916365232574,541.8528609310006,3.927704177225809,0.72
8635.905925048548,3.9277379903696192,0.0,-0.0,3.2472916365232574,542.2110082041008,3.927703078542952,0.72
8636.264072321648,3.9277368651875095,0.0,-0.0,3.2472916365232574,542.5691554772011,3.9277019814823166,0.72
8636.980366867849,3.9277346182075106,0.0,-0.0,3.2472916365232574,543.2854500234016,3.9276997922181334,0.72
8637.54859978142,3.927732839321017,0.0,-0.0,3.2472916365232574,543.8536829369723,3.927698060081814,0.72
8637.904746232514,3.927731726844354,0.0,-0.0,3.2472916365232574,544.2098293880672,3.927696976513973,0.72
8638.26089268361,3.9277306157561043,0.0,-0.0,3.2472916365232574,544.5659758391621,3.927695894537104,0.72
8638.973185585797,3.927728396899451,0.0,-0.0,3.2472916365232574,545.2782687413501,3.927693735346944,0.72
8639.549421787391,3.9277266055369005,0.0,-0.0,3.2472916365232574,545.854504942944,3.927691993225649,0.72
8639.903567416479,3.9277255070348946,0.0,-0.0,3.2472916365232574,546.2086505720317,3.9276909245986085,0.72
8640.257713045567,3.927724409894577,0.0,-0.0,3.2472916365232574,546.5627962011195,3.927689857531795,0.72
8640.966004303744,3.927722218874501,0.0,-0.0,3.2472916365232574,547.2710874592967,3.92768772806974,0.72
8641.550243793365,3.9277204152910032,0.0,-0.0,3.2472916365232574,547.8553269489175,3.927685976243906,0.72
8641.902388600447,3.9277193306181957,0.0,-0.0,3.2472916365232574,548.2074717559999,3.927684922385293,0.72
8642.25453340753,3.9277182472831993,0.0,-0.0,3.2472916365232574,548.5596165630823,3.9276838700566588,0.72
8642.958823021694,3.927716083811158,0.0,-0.0,3.2472916365232574,549.263906177247,3.9276817699804423,0.72
8643.551065799336,3.927714268259227,0.0,-0.0,3.2472916365232574,549.8561489548892,3.927680008726574,0.72
8643.901209784413,3.9277131972751915,0.0,-0.0,3.2472916365232574,550.2062929399663,3.9276789694658416,0.72
8644.25135376949,3.9277121276026246,0.0,-0.0,3.2472916365232574,550.5564369250433,3.9276779317053276,0.72
8644.951641739643,3.9277099913972817,0.0,-0.0,3.2472916365232574,551.2567248951955,3.9276758606762945,0.72
8645.551887805308,3.9277081641256624,0.0,-0.0,3.2472916365232574,551.856970960861,3.9276740902670157,0.72
8645.900030968378,3.9277071066878397,0.0,-0.0,3.2472916365232574,552.2051141239308,3.9276730654354193,0.72
8646.248174131448,3.9277060505372363,0.0,-0.0,3.2472916365232574,552.5532572870006,3.9276720420747653,0.72
8646.94446045759,3.92770394131735,0.0,-0.0,3.2472916365232574,553.2495436131421,3.9276699997578395,0.72
8647.55270981128,3.9277021025730123,0.0,-0.0,3.2472916365232574,553.8577929668327,3.9276682204619324,0.72
8647.898852152344,3.927701058542139,0.0,-0.0,3.2472916365232574,554.2039353078972,3.9276672098925185,0.72
8648.244994493409,3.92770001577456,0.0,-0.0,3.2472916365232574,554.5500776489616,3.9276662007652448,0.72
8648.937279175538,3.9276979332629156,0.0,-0.0,3.2472916365232574,555.2423623310906,3.9276641868288915,0.72
8649.553531817251,3.9276960832884833,0.0,-0.0,3.2472916365232574,555.8586149728044,3.927662398911346,0.72
8649.89767333631,3.927695052526283,0.0,-0.0,3.2472916365232574,556.2027564918635,3.927661402438927,0.72
8650.24181485537,3.9276940230046256,0.0,-0.0,3.2472916365232574,556.5468980109226,3.927660407380318,0.72
8650.930097893486,3.9276919669253294,0.0,-0.0,3.2472916365232574,557.235181049039,3.9276584214965076,0.72
8651.554353823225,3.9276901059613594,0.0,-0.0,3.2472916365232574,557.8594369787779,3.9276566252185625,0.72
8651.896494520277,3.927689088331798,0.0,-0.0,3.2472916365232574,558.2015776758299,3.927655642679705,0.72
8652.238635217329,3.927688071918764,0.0,-0.0,3.2472916365232574,558.5437183728818,3.9276546615267884,0.72
8652.922916611435,3.9276860420009,0.0,-0.0,3.2472916365232574,559.2279997669875,3.9276527033709634,0.72
8653.555175829197,3.9276841702850844,0.0,-0.0,3.2472916365232574,559.8602589847496,3.927650898990152,0.72
8653.895315704243,3.927683165652274,0.0,-0.0,3.2472916365232574,560.2003988597962,3.9276499302231556,0.72
8654.23545557929,3.9276821622125295,0.0,-0.0,3.2472916365232574,560.5405387348428,3.9276489628146884,0.72
8654.915735329383,3.9276801581874823,0.0,-0.0,3.2472916365232574,561.220818484936,3.927647032065725,0.72
8655.555997835168,3.9276782759544373,0.0,-0.0,3.2472916365232574,561.8610809907213,3.9276452198359175,0.72
8655.89413688821,3.927677284183586,0.0,-0.0,3.2472916365232574,562.1992200437626,3.9276442646807985,0.72
8656.232275941251,3.927676293584014,0.0,-0.0,3.2472916365232574,562.5373590968038,3.9276433108572473,0.72
8656.908554047332,3.927674315184063,0.0,-0.0,3.2472916365232574,563.2136372028845,3.9276414071974246,0.72
8657.55681984114,3.9276724226663893,0.0,-0.0,3.2472916365232574,563.8619029966931,3.92763958736887,0.72
8657.892958072174,3.9276714436257136,0.0,-0.0,3.2472916365232574,564.1980412277271,3.927638645667345,0.72
8658.229096303208,3.927670465733529,0.0,-0.0,3.2472916365232574,564.5341794587612,3.927637705270869,0.72
8658.901372765278,3.9276685126962487,0.0,-0.0,3.2472916365232574,565.2064559208311,3.9276358283858332,0.72
8659.557641847112,3.927666610121541,0.0,-0.0,3.2472916365232574,565.8627250026648,3.9276340012052033,0.72
8659.89177925614,3.927665643679487,0.0,-0.0,3.2472916365232574,566.1968624116935,3.9276330728006696,0.72
8660.22591666517,3.92766467836403,0.0,-0.0,3.2472916365232574,566.5309998207222,3.9276321456751044,0.72
8660.894191483227,3.927662750427075,0.0,-0.0,3.2472916365232574,567.1992746387796,3.927630295253834,0.72
8661.558463853085,3.927660838023132,0.0,-0.0,3.2472916365232574,567.8635470086383,3.927628460964265,0.72
8661.890600440109,3.927659884049095,0.0,-0.0,3.2472916365232574,568.1956835956616,3.9276275457017853,0.72
8662.222737027132,3.9276589311809462,0.0,-0.0,3.2472916365232574,568.527820182685,3.927626631692625,0.72
8662.887010201177,3.9276570280848846,0.0,-0.0,3.2472916365232574,569.1920933567299,3.9276248074274,0.72
8663.559285859057,3.9276551060760587,0.0,-0.0,3.2472916365232574,569.86436901461,3.927622966268532,0.72
8663.889421624073,3.9276541644414786,0.0,-0.0,3.2472916365232574,570.1945047796262,3.9276220639948187,0.72
8664.21955738909,3.927653223891344,0.0,-0.0,3.2472916365232574,570.5246405446424,3.9276211629492006,0.72
8664.879828919124,3.927651345381939,0.0,-0.0,3.2472916365232574,571.1849120746765,3.9276193645355653,0.72
8665.560107865029,3.9276494139879707,0.0,-0.0,3.2472916365232574,571.8651910205817,3.9276175167435863,0.72
8665.88824280804,3.927648484565296,0.0,-0.0,3.2472916365232574,572.1933259635925,3.9276166273069824,0.72
8666.21637775105,3.9276475562067805,0.0,-0.0,3.2472916365232574,572.5214609066034,3.9276157390736683,0.72
8666.872647637072,3.9276457020292934,0.0,-0.0,3.2472916365232574,573.177730792625,3.9276139662104024,0.72
8667.560929871,3.927643761469879,0.0,-0.0,3.2472916365232574,573.8660130265534,3.9276121120180862,0.72
8667.887063992006,3.927642844133111,0.0,-0.0,3.2472916365232574,574.1921471475589,3.9276112352685506,0.72
8668.213198113011,3.927641927839532,0.0,-0.0,3.2472916365232574,574.5182812685644,3.9276103596979137,0.72
8668.86546635502,3.927640097744155,0.0,-0.0,3.2472916365232574,575.1705495105734,3.9276086120869964,0.72
8669.561751876972,3.9276381482333056,0.0,-0.0,3.2472916365232574,575.8668350325252,3.9276067517237445,0.72
8669.88588517597,3.927637242857841,0.0,-0.0,3.2472916365232574,576.1909683315234,3.927605887512834,0.72
8670.210018474969,3.927636338505293,0.0,-0.0,3.2472916365232574,576.5151016305217,3.927605024456839,0.72
8670.858285072967,3.927634532242544,0.0,-0.0,3.2472916365232574,577.1633682285201,3.9276033018034204,0.72
8671.562573882944,3.927632573994543,0.0,-0.0,3.2472916365232574,577.8676570384969,3.9276014354953,0.72
8671.884706359937,3.9276316804561566,0.0,-0.0,3.2472916365232574,578.1897895154898,3.9276005836761567,0.72
8672.20683883693,3.927630787920353,0.0,-0.0,3.2472916365232574,578.5119219924827,3.9275997329883454,0.72
8672.851103790916,3.9276290052459277,0.0,-0.0,3.2472916365232574,579.1561869464686,3.927598035000712,0.72
8673.563395888918,3.9276270384696663,0.0,-0.0,3.2472916365232574,579.8684790444704,3.9275961629704956,0.72
8673.883527543905,3.927626156647162,0.0,-0.0,3.2472916365232574,580.188610699458,3.927595323397826,0.72
8674.203659198893,3.9276252758070305,0.0,-0.0,3.2472916365232574,580.5087423544455,3.927594484933303,0.72
8674.843922508866,3.927623516476004,0.0,-0.0,3.2472916365232574,581.1490056644188,3.9275928113228447,0.72
8675.56421789489,3.927621541380963,0.0,-0.0,3.2472916365232574,581.8693010504421,3.9275909337900523,0.72
8675.88234872787,3.9276206711519093,0.0,-0.0,3.2472916365232574,582.1874318834225,3.9275901063201153,0.72
8676.20047956085,3.927619801885784,0.0,-0.0,3.2472916365232574,582.5055627164029,3.927589279935528,0.72
8676.836741226813,3.927618065657324,0.0,-0.0,3.2472916365232574,583.1418243823655,3.927587630416711,0.72
8677.565039900861,3.927616082448048,0.0,-0.0,3.2472916365232574,583.8701230564138,3.927585747597643,0.72
8677.881169911836,3.927615223693457,0.0,-0.0,3.2472916365232574,584.1862530673889,3.927584932088233,0.72
8678.197299922811,3.927614365882459,0.0,-0.0,3.2472916365232574,584.5023830783639,3.9275841176417607,0.72
8678.829559944761,3.9276126525169386,0.0,-0.0,3.2472916365232574,585.134643100314,3.927582491932094,0.72
8679.565861906833,3.9276106613986546,0.0,-0.0,3.2472916365232574,585.8709450623855,3.9275806040398726,0.72
8679.879991095802,3.9276098139981492,0.0,-0.0,3.2472916365232574,586.1850742513552,3.927579800350302,0.72
8680.194120284772,3.927608967522489,0.0,-0.0,3.2472916365232574,586.4992034403249,3.9275789977016387,0.72
8680.82237866271,3.927607276784468,0.0,-0.0,3.2472916365232574,587.1274618182624,3.927577395521642,0.72
8681.566683912804,3.9276052779565442,0.0,-0.0,3.2472916365232574,587.8717670683573,3.9275755027662496,0.72
8681.878812279767,3.9276044417936005,0.0,-0.0,3.2472916365232574,588.1838954353198,3.927574710757337,0.72
8682.19094064673,3.927603606536329,0.0,-0.0,3.2472916365232574,588.4960238022823,3.9275739197676733,0.72
8682.815197380656,3.9276019381920166,0.0,-0.0,3.2472916365232574,589.1202805362091,3.9275723408408503,0.72
8683.567505918778,3.9275999318510024,0.0,-0.0,3.2472916365232574,589.8725890743308,3.9275704434291634,0.72
8683.877633463735,3.927599106810349,0.0,-0.0,3.2472916365232574,590.1827166192879,3.9275696629632164,0.72
8684.187761008692,3.9275982826551346,0.0,-0.0,3.2472916365232574,590.4928441642451,3.9275688834952294,0.72
8684.808016098606,3.927596636472963,0.0,-0.0,3.2472916365232574,591.1130992541594,3.927567327548034,0.72
8685.56832792475,3.927594622813037,0.0,-0.0,3.2472916365232574,591.8734110803025,3.9275654256838624,0.72
8685.876454647701,3.9275938087805775,0.0,-0.0,3.2472916365232574,592.1815378032543,3.9275646566246625,0.72
8686.184581370653,3.927592995612973,0.0,-0.0,3.2472916365232574,592.4896645262061,3.9275638885424966,0.72
8686.800834816555,3.9275913713631656,0.0,-0.0,3.2472916365232574,593.1059179721078,3.927562355304304,0.72
8687.569149930721,3.927589350576998,0.0,-0.0,3.2472916365232574,593.8742330862742,3.9275604491884284,0.72
8687.875275831666,3.927588547438991,0.0,-0.0,3.2472916365232574,594.1803589872188,3.9275596914012154,0.72
8688.18140173261,3.927587745144394,0.0,-0.0,3.2472916365232574,594.4864848881634,3.9275589345704702,0.72
8688.793653534502,3.927586142601045,0.0,-0.0,3.2472916365232574,595.0987366900545,3.9275574237735515,0.72
8689.569971936693,3.9275841148748407,0.0,-0.0,3.2472916365232574,595.8750550922459,3.927555513603754,0.72
8689.874097015632,3.9275833225228673,0.0,-0.0,3.2472916365232574,596.1791801711852,3.9275547669552147,0.72
8690.178222094572,3.9275825309890093,0.0,-0.0,3.2472916365232574,596.4833052501244,3.9275540212429267,0.72
8690.78647225245,3.9275809499276093,0.0,-0.0,3.2472916365232574,597.0915554080029,3.927552532622413,0.72
8691.570793942665,3.927578915441692,0.0,-0.0,3.2472916365232574,597.8758770982176,3.92755061859352,0.72
8691.872918199599,3.9275781337708837,0.0,-0.0,3.2472916365232574,598.1780013551515,3.9275498829517685,0.72
8692.175042456533,3.9275773528851308,0.0,-0.0,3.2472916365232574,598.4801256120854,3.9275491482264018,0.72
8692.779290970399,3.927575793088202,0.0,-0.0,3.2472916365232574,599.0843741259514,3.92754768152026,0.72
8693.571615948638,3.9275737520026297,0.0,-0.0,3.2472916365232574,599.8766991041912,3.927545763824172,0.72
8693.871739383565,3.927572980924082,0.0,-0.0,3.2472916365232574,600.1768225391179,3.9275450390587383,0.72
8694.171862818492,3.927572210576476,0.0,-0.0,3.2472916365232574,600.4769459740446,3.927544315190166,0.72
8694.772109688347,3.927570671831259,0.0,-0.0,3.2472916365232574,601.0771928438999,3.9275428701391677,0.72
8695.57243795461,3.9275686242716237,0.0,-0.0,3.2472916365232574,601.8775211101629,3.9275409489648974,0.72
8695.870560567531,3.927567863726204,0.0,-0.0,3.2472916365232574,602.1756437230842,3.9275402349467132,0.72
8696.168683180453,3.9275671038066218,0.0,-0.0,3.2472916365232574,602.4737663360056,3.927539521806205,0.72
8696.764928406295,3.927565585917411,0.0,-0.0,3.2472916365232574,603.0700115618483,3.927538098153899,0.72
8697.573259960582,3.927563531906432,0.0,-0.0,3.2472916365232574,603.8783431161346,3.927536173687603,0.72
8697.869381751498,3.927562781922213,0.0,-0.0,3.2472916365232574,604.1744649070506,3.9275354702889866,0.72
8698.165503542414,3.927562032322525,0.0,-0.0,3.2472916365232574,604.4705866979666,3.9275347677491923,0.72
8698.757747124244,3.927560535130132,0.0,-0.0,3.2472916365232574,605.0628302797968,3.927533365241878,0.72
8699.574081966553,3.9275584744110463,0.0,-0.0,3.2472916365232574,605.8791651221063,3.9275314376668935,0.72
8699.868202935462,3.927557735259554,0.0,-0.0,3.2472916365232574,606.1732860910151,3.927530744761535,0.72
8700.162323904371,3.9275569958712326,0.0,-0.0,3.2472916365232574,606.467407059924,3.9275300526964747,0.72
8700.75056584219,3.9275555193261997,0.0,-0.0,3.2472916365232574,607.0556489977434,3.927528671083171,0.72
8701.574903972525,3.927553450776017,0.0,-0.0,3.2472916365232574,607.879987128078,3.9275267405800482,0.72
8701.867024119429,3.927552723486701,0.0,-0.0,3.2472916365232574,608.1721072749815,3.9275260580429974,0.72
8702.159144266332,3.927551994205432,0.0,-0.0,3.2472916365232574,608.464227421885,3.927525376328043,0.72
8702.743384560139,3.927550538579891,0.0,-0.0,3.2472916365232574,609.0484677156919,3.9275240153604645,0.72
8703.575725978499,3.9275484583173914,0.0,-0.0,3.2472916365232574,609.8808091340516,3.9275220821069996,0.72
8703.865845303397,3.927547746356672,0.0,-0.0,3.2472916365232574,610.1709284589497,3.9275214098146503,0.72
8704.155964628295,3.9275470270756494,0.0,-0.0,3.2472916365232574,610.4610477838478,3.927520738326516,0.72
8704.73620327809,3.9275455936919963,0.0,-0.0,3.2472916365232574,611.0412864336422,3.927519397759041,0.72
8705.57654798447,3.9275435171930613,0.0,-0.0,3.2472916365232574,611.8816311400233,3.9275174619303113,0.72
8705.864666487361,3.927542807096028,0.0,-0.0,3.2472916365232574,612.1697496429142,3.9275167997603893,0.72
8706.152784990252,3.9275420977083164,0.0,-0.0,3.2472916365232574,612.4578681458052,3.9275161383771136,0.72
8706.729021996034,3.9275406806267275,0.0,-0.0,3.2472916365232574,613.034105151587,3.9275148179667627,0.72
8707.577369990442,3.9275385987778026,0.0,-0.0,3.2472916365232574,613.882453145995,3.927512879735156,0.72
8707.863487671328,3.9275378984898244,0.0,-0.0,3.2472916365232574,614.1685708268806,3.927512227566705,0.72
8708.149605352213,3.9275371988950605,0.0,-0.0,3.2472916365232574,614.4546885077661,3.927511576167641,0.72
8708.721840713984,3.9275358013642427,0.0,-0.0,3.2472916365232574,615.0269238695373,3.927510275674045,0.72
8709.578191996414,3.927533714370469,0.0,-0.0,3.2472916365232574,615.8832751519667,3.9275083352092954,0.72
8709.862308855294,3.9275330237918835,0.0,-0.0,3.2472916365232574,616.1673920108469,3.927507692922663,0.72
8710.146425714174,3.9275323338877888,0.0,-0.0,3.2472916365232574,616.4515088697271,3.9275070513884636,0.72
8710.714659431933,3.9275309557057403,0.0,-0.0,3.2472916365232574,617.0197425874858,3.9275057705738408,0.72
8711.579014002386,3.92752886371902,0.0,-0.0,3.2472916365232574,617.8840971579384,3.927503828043058,0.72
8711.861130039259,3.927528182761535,0.0,-0.0,3.2472916365232574,618.1662131948115,3.9275031955198823,0.72
8712.143246076132,3.9275275024468232,0.0,-0.0,3.2472916365232574,618.4483292316845,3.927502563732487,0.72
8712.707478149878,3.9275261434169586,0.0,-0.0,3.2472916365232574,619.0125613054306,3.9275013023616157,0.72
8713.579836008359,3.9275240472898156,0.0,-0.0,3.2472916365232574,619.884919163912,3.927499357929318,0.72
8713.859951223227,3.9275233758117496,0.0,-0.0,3.2472916365232574,620.1650343787796,3.9274987350525157,0.72
8714.140066438094,3.9275227049856096,0.0,-0.0,3.2472916365232574,620.4451495936473,3.9274981128951367,0.72
8714.70029686783,3.9275213648892646,0.0,-0.0,3.2472916365232574,621.0053800233827,3.927496870735328,0.72
8715.58065801433,3.927519264155277,0.0,-0.0,3.2472916365232574,621.8857411698837,3.927494924563473,0.72
8715.858772407193,3.9275186020797914,0.0,-0.0,3.2472916365232574,622.163855562746,3.9274943112172265,0.72
8716.136886800055,3.927517940642848,0.0,-0.0,3.2472916365232574,622.4419699556083,3.9274936985743376,0.72
8716.693115585778,3.927516619291305,0.0,-0.0,3.2472916365232574,622.9981987413312,3.9274924753954106,0.72
8717.581480020302,3.9275145141020653,0.0,-0.0,3.2472916365232574,623.8865631758554,3.9274905276434273,0.72
8717.857593591158,3.9275138613309175,0.0,-0.0,3.2472916365232574,624.1626767467105,3.927489923713169,0.72
8718.133707162013,3.9275132091844833,0.0,-0.0,3.2472916365232574,624.4387903175657,3.9274893204704915,0.72
8718.685934303723,3.9275119063821755,0.0,-0.0,3.2472916365232574,624.991017459276,3.9274881160447492,0.72
8719.582302026274,3.9275097968972297,0.0,-0.0,3.2472916365232574,625.8873851818271,3.9274861668695666,0.72
8719.856414775124,3.927509153332668,0.0,-0.0,3.2472916365232574,626.1614979306769,3.9274855722419693,0.72
8720.130527523974,3.927508510379646,0.0,-0.0,3.2472916365232574,626.4356106795267,3.9274849782864596,0.72
8720.678753021673,3.9275072259311736,0.0,-0.0,3.2472916365232574,626.9838361772263,3.927483792388662,0.72
8721.583124032246,3.927505112307874,0.0,-0.0,3.2472916365232574,627.8882071877988,3.9274818419447404,0.72
8721.85523595909,3.9275044778541055,0.0,-0.0,3.2472916365232574,628.1603191146432,3.927481256507704,0.72
8722.127347885935,3.927503843997374,0.0,-0.0,3.2472916365232574,628.4324310414877,3.92748067172754,0.72
8722.671571739622,3.9275025777121026,0.0,-0.0,3.2472916365232574,628.9766548951748,3.92747950413488,0.72
8723.58394603822,3.927500460105535,0.0,-0.0,3.2472916365232574,629.8890291937723,3.927477552574241,0.72
8723.854057143057,3.9274998346653547,0.0,-0.0,3.2472916365232574,630.1591402986096,3.927476976216879,0.72
8724.124168247894,3.9274992098101293,0.0,-0.0,3.2472916365232574,630.4292514034469,3.9274764005014493,0.72
8724.664390457569,3.9274979614954773,0.0,-0.0,3.2472916365232574,630.9694736131214,3.9274752509935262,0.72
8725.584768044191,3.9274958400611295,0.0,-0.0,3.2472916365232574,631.889851199744,3.9274732984657836,0.72
8725.852878327023,3.9274952235393967,0.0,-0.0,3.2472916365232574,632.157961482576,3.9274727310784114,0.72
8726.120988609855,3.9274946075913135,0.0,-0.0,3.2472916365232574,632.4260717654079,3.9274721643183024,0.72
8726.657209175519,3.9274933770581875,0.0,-0.0,3.2472916365232574,632.9622923310717,3.9274710326770994,0.72
8727.585590050163,3.9274912519476497,0.0,-0.0,3.2472916365232574,633.8906732057158,3.927469079329486,0.72
8727.85169951099,3.927490644251428,0.0,-0.0,3.2472916365232574,634.1567826665423,3.927468520803608,0.72
8728.117808971816,3.9274900371161454,0.0,-0.0,3.2472916365232574,634.4228921273689,3.9274679628905917,0.72
8728.650027893467,3.927488824179096,0.0,-0.0,3.2472916365232574,634.9551110490202,3.9274668489004516,0.72
8729.586412056135,3.92748669554108,0.0,-0.0,3.2472916365232574,635.8914952116875,3.9274648948778483,0.72
8729.850520694954,3.9274860965777814,0.0,-0.0,3.2472916365232574,636.1556038505068,3.9274643451061477,0.72
8730.114629333773,3.9274854981615976,0.0,-0.0,3.2472916365232574,636.4197124893262,3.9274637959331686,0.72
8730.642846611412,3.927484302636626,0.0,-0.0,3.2472916365232574,636.947929766965,3.927462699380768,0.72
8731.587234062106,3.927482170618914,0.0,-0.0,3.2472916365232574,637.8923172176592,3.9274607448257366,0.72
8731.84934187892,3.927481580295298,0.0,-0.0,3.2472916365232574,638.1544250344732,3.9274602037020596,0.72
8732.111449695734,3.9274809905076933,0.0,-0.0,3.2472916365232574,638.4165328512872,3.9274596631632246,0.72
8732.635665329362,3.9274798122086345,0.0,-0.0,3.2472916365232574,638.9407484849153,3.927458583837552,0.72
8733.58805606808,3.9274776769595166,0.0,-0.0,3.2472916365232574,639.8931392236327,3.927456628890358,0.72
8733.848163062888,3.927477095184383,0.0,-0.0,3.2472916365232574,640.1532462184414,3.9274560963097063,0.72
8734.108270057697,3.9274765139336223,0.0,-0.0,3.2472916365232574,640.41335321325,3.927455564300271,0.72
8734.628484047313,3.9274753526801636,0.0,-0.0,3.2472916365232574,640.9335672028656,3.927454501992602,0.72
8735.588878074052,3.9274732143429305,0.0,-0.0,3.2472916365232574,641.8939612296044,3.9274525467912462,0.72
8735.846984246853,3.9274726410267453,0.0,-0.0,3.2472916365232574,642.1520674024059,3.9274520226497613,0.72
8736.105090419655,3.9274720682227633,0.0,-0.0,3.2472916365232574,642.4101735752074,3.927451499066121,0.72
8736.621302765257,3.9274709238351697,0.0,-0.0,3.2472916365232574,642.9263859208104,3.9274504535699957,0.72
8737.589700080023,3.927468782551934,0.0,-0.0,3.2472916365232574,643.8947832355761,3.9274484982502393,0.72
8737.84580543082,3.927468217604801,0.0,-0.0,3.2472916365232574,644.1508885863723,3.9274479824451953,0.72
8738.101910781616,3.9274676531582644,0.0,-0.0,3.2472916365232574,644.4069939371684,3.9274474671848685,0.72
8738.614121483208,3.9274665254585335,0.0,-0.0,3.2472916365232574,644.9192046387607,3.9274464382960685,0.72
8739.590522085995,3.92746438137097,0.0,-0.0,3.2472916365232574,645.8956052415479,3.9274444829914645,0.72
8739.844626614784,3.927463824703902,0.0,-0.0,3.2472916365232574,646.1497097703368,3.927443975421251,0.72
8740.098731143573,3.927463268526876,0.0,-0.0,3.2472916365232574,646.4038142991258,3.927443468382873,0.72
8740.606940201153,3.9274621573375086,0.0,-0.0,3.2472916365232574,646.9120233567055,3.9274424558993974,0.72
8741.591344091967,3.9274600105850346,0.0,-0.0,3.2472916365232574,647.8964272475196,3.9274405007413136,0.72
8741.84344779875,3.92745946211046,0.0,-0.0,3.2472916365232574,648.1485309543032,3.927440001305429,0.72
8742.095551505534,3.9274589141144074,0.0,-0.0,3.2472916365232574,648.4006346610868,3.9274395023887387,0.72
8742.599758919101,3.927457819262361,0.0,-0.0,3.2472916365232574,648.904842074654,3.927438506110782,0.72
8743.59216609794,3.9274556699815903,0.0,-0.0,3.2472916365232574,649.8972492534931,3.9274365512284306,0.72
8743.842268982718,3.927455129612313,0.0,-0.0,3.2472916365232574,650.1473521382713,3.927436059827468,0.72
8744.092371867497,3.9274545897114415,0.0,-0.0,3.2472916365232574,650.3974550230496,3.9274355689332947,0.72
8744.592577637053,3.9274535110222124,0.0,-0.0,3.2472916365232574,650.8976607926061,3.927434588663226,0.72
8745.592988103912,3.9274513593490346,0.0,-0.0,3.2472916365232574,651.8980712594648,3.9274326341836887,0.72
8745.841090166683,3.9274508270000537,0.0,-0.0,3.2472916365232574,652.1461733222359,3.9274321507193264,0.72
8746.089192229454,3.927450295107511,0.0,-0.0,3.2472916365232574,652.394275385007,3.9274316677495813,0.72
8746.585396354998,3.9274492324111705,0.0,-0.0,3.2472916365232574,652.8904795105509,3.9274307032919196,0.72
8747.577804606086,3.9274471125894506,0.0,-0.0,3.2472916365232574,653.8828877616388,3.9274287802897727,0.72
8747.593810109884,3.9274470784555815,0.0,-0.0,3.2472916365232574,653.8988932654365,3.927428749340173,0.72
8747.83991135065,3.927446554040319,0.0,-0.0,3.2472916365232574,654.1449945062022,3.927428273715162,0.72
8748.086012591415,3.927446030071547,0.0,-0.0,3.2472916365232574,654.391095746968,3.9274277985728263,0.72
8748.578215072946,3.927444983197437,0.0,-0.0,3.2472916365232574,654.8832982284994,3.9274268497342195,0.72
8749.562620036011,3.927442894893618,0.0,-0.0,3.2472916365232574,655.867703191564,3.9274249578275864,0.72
8749.594632115855,3.927442827092679,0.0,-0.0,3.2472916365232574,655.8997152714082,3.9274248964331653,0.72
8749.838732534616,3.927442310526887,0.0,-0.0,3.2472916365232574,656.1438156901686,3.9274244285513187,0.72
8750.082832953376,3.9274417943978595,0.0,-0.0,3.2472916365232574,656.387916108929,3.9274239611404314,0.72
8750.571033790897,3.927440763177877,0.0,-0.0,3.2472916365232574,656.8761169464497,3.9274230277296356,0.72
8751.547435465936,3.9274387060571327,0.0,-0.0,3.2472916365232574,657.8525186214893,3.9274211665387218,0.72
8751.595454121827,3.927438605053573,0.0,-0.0,3.2472916365232574,657.90053727738,3.927421075200121,0.72
8751.83755371858,3.927438096254278,0.0,-0.0,3.2472916365232574,658.1426368741331,3.927420614966304,0.72
8752.079653315333,3.9274375878810335,0.0,-0.0,3.2472916365232574,658.3847364708863,3.9274201551919523,0.72
8752.563852508842,3.9274365721495714,0.0,-0.0,3.2472916365232574,658.8689356643945,3.9274192370198096,0.72
8753.532250895858,3.927434545881118,0.0,-0.0,3.2472916365232574,659.8373340514108,3.9274174061689506,0.72
8753.596276127799,3.927434412134568,0.0,-0.0,3.2472916365232574,659.9013592833517,3.9274172853806553,0.72
8753.836374902547,3.927433911018743,0.0,-0.0,3.2472916365232574,660.1414580580995,3.9274168327007737,0.72
8754.076473677294,3.927433410318835,0.0,-0.0,3.2472916365232574,660.3815568328473,3.927416380469082,0.72
8754.55667122679,3.927432409909902,0.0,-0.0,3.2472916365232574,660.861754382343,3.927415477348497,0.72
8755.517066325781,3.927430414166918,0.0,-0.0,3.2472916365232574,661.8221494813342,3.9274136764661187,0.72
8755.597098133772,3.927430248131721,0.0,-0.0,3.2472916365232574,661.9021812893252,3.927413526716523,0.72
8755.835196086515,3.92742975461689,0.0,-0.0,3.2472916365232574,662.1402792420677,3.927413081497512,0.72
8756.073294039257,3.9274292615089736,0.0,-0.0,3.2472916365232574,662.3783771948101,3.9274126367156326,0.72
8756.549489944742,3.9274282762595845,0.0,-0.0,3.2472916365232574,662.854573100295,3.9274117484615547,0.72
8757.50188175571,3.9274263107172924,0.0,-0.0,3.2472916365232574,663.8069649112631,3.927409977180128,0.72
8757.597920139744,3.9274261128439045,0.0,-0.0,3.2472916365232574,663.9030032952969,3.927409798951603,0.72
8757.83401727048,3.927425626849396,0.0,-0.0,3.2472916365232574,664.1391004260322,3.927409361101417,0.72
8758.070114401215,3.9274251412515504,0.0,-0.0,3.2472916365232574,664.3751975567675,3.9274089236775174,0.72
8758.542308662687,3.9274241710005198,0.0,-0.0,3.2472916365232574,664.8473918182399,3.9274080501069175,0.72
8759.486697185632,3.9274222353375636,0.0,-0.0,3.2472916365232574,665.7917803411847,3.92740630806292,0.72
8759.598742145716,3.927422006070821,0.0,-0.0,3.2472916365232574,665.9038253012686,3.9274061018318793,0.72
8759.832838454446,3.9274215275157776,0.0,-0.0,3.2472916365232574,666.1379216099986,3.9274056712594816,0.72
8760.066934763176,3.927421049348384,0.0,-0.0,3.2472916365232574,666.3720179187285,3.927405241102735,0.72
8760.535127380635,3.9274200939353747,0.0,-0.0,3.2472916365232574,666.8402105361884,3.927404382034586,0.72
8761.471512615555,3.92741818783331,0.0,-0.0,3.2472916365232574,667.7765957711081,3.927402668868459,0.72
8761.599564151687,3.9274179276140293,0.0,-0.0,3.2472916365232574,667.9046473072403,3.927402435105423,0.72
8761.831659638412,3.9274174564189117,0.0,-0.0,3.2472916365232574,668.1367427939649,3.927402011720777,0.72
8762.063755125137,3.9274169856021697,0.0,-0.0,3.2472916365232574,668.3688382806895,3.927401588741351,0.72
8762.527946098586,3.9274160448684636,0.0,-0.0,3.2472916365232574,668.8330292541386,3.9274007439966074,0.72
8763.456328045482,3.927414168012426,0.0,-0.0,3.2472916365232574,669.7614112010351,3.9273990593527164,0.72
8763.60038615766,3.9274138772762255,0.0,-0.0,3.2472916365232574,669.905469313212,3.9273987985223777,0.72
8763.830480822377,3.927413413362232,0.0,-0.0,3.2472916365232574,670.1355639779295,3.927398382236434,0.72
8764.060575487094,3.92741294981745,0.0,-0.0,3.2472916365232574,670.3656586426468,3.9273979663454823,0.72
8764.52076481653,3.927412023605645,0.0,-0.0,3.2472916365232574,670.8258479720835,3.927397135747058,0.72
8765.441143475404,3.927410175683595,0.0,-0.0,3.2472916365232574,671.7462266309567,3.927395479273653,0.72
8765.601208163633,3.927409854862265,0.0,-0.0,3.2472916365232574,671.9062913191856,3.9273951918349415,0.72
8765.829302006345,3.9274093981508744,0.0,-0.0,3.2472916365232574,672.1343851618976,3.9273947825596274,0.72
8766.057395849057,3.927408941799982,0.0,-0.0,3.2472916365232574,672.3624790046097,3.927394373669279,0.72
8766.51358353448,3.927408029954885,0.0,-0.0,3.2472916365232574,672.8186666900338,3.9273935570420297,0.72
8767.425958905329,3.9274062106574448,0.0,-0.0,3.2472916365232574,673.7310420608819,3.927391928391204,0.72
8767.602030169604,3.927405860177664,0.0,-0.0,3.2472916365232574,673.9071133251573,3.927391614797347,0.72
8767.828123190311,3.927405410591827,0.0,-0.0,3.2472916365232574,674.133206345864,3.9273912124455608,0.72
8768.054216211018,3.9274049613573263,0.0,-0.0,3.2472916365232574,674.3592993665707,3.927390810468909,0.72
8768.506402252431,3.9274040637249854,0.0,-0.0,3.2472916365232574,674.811485407984,3.9273900076396098,0.72
8769.410774335256,3.9274022727455558,0.0,-0.0,3.2472916365232574,675.715857490809,3.927388406467262,0.72
8769.602852175576,3.9274018930296988,0.0,-0.0,3.2472916365232574,675.907935331129,3.9273880671658503,0.72
8769.826944374276,3.9274014504927868,0.0,-0.0,3.2472916365232574,676.1320275298285,3.9273876716514455,0.72
8770.051036572975,3.9274010082983937,0.0,-0.0,3.2472916365232574,676.356119728528,3.9273872765025386,0.72
8770.499220970376,3.927400124726055,0.0,-0.0,3.2472916365232574,676.8043041259289,3.9273864872998683,0.72
8771.395589765178,3.9273983617615222,0.0,-0.0,3.2472916365232574,677.7006729207305,3.9273849132656626,0.72
8771.603674181548,3.9273979532275343,0.0,-0.0,3.2472916365232574,677.9087573371007,3.927384548698709,0.72
8771.825765558242,3.9273975176634823,0.0,-0.0,3.2472916365232574,678.1308487137949,3.9273841599364885,0.72
8772.047856934936,3.9273970824338775,0.0,-0.0,3.2472916365232574,678.352940090489,3.927383771530321,0.72
8772.492039688324,3.927396212769183,0.0,-0.0,3.2472916365232574,678.7971228438773,3.927382995784837,0.72
8773.380405195101,3.9273944775194334,0.0,-0.0,3.2472916365232574,679.6854883506539,3.9273814485521656,0.72
8773.60449618752,3.9273940405813486,0.0,-0.0,3.2472916365232574,679.9095793430724,3.927381059156169,0.72
8773.824586742208,3.927393611914738,0.0,-0.0,3.2472916365232574,680.1296698977612,3.9273806770618753,0.72
8774.044677296897,3.9273931835740514,0.0,-0.0,3.2472916365232574,680.34976045245,3.9273802953143755,0.72
8774.484858406273,3.927392327668432,0.0,-0.0,3.2472916365232574,680.7899415618258,3.927379532858499,0.72
8775.365220625026,3.927390619835723,0.0,-0.0,3.2472916365232574,681.6703037805792,3.927378012094442,0.72
8775.605318193493,3.9273901549024974,0.0,-0.0,3.2472916365232574,681.910401349046,3.9273775983004477,0.72
8775.823407926175,3.9273897330585656,0.0,-0.0,3.2472916365232574,682.1284910817276,3.92737722279075,0.72
8776.041497658856,3.9273893115333607,0.0,-0.0,3.2472916365232574,682.3465808144092,3.927376847618773,0.72
8776.477677124221,3.92738846923778,0.0,-0.0,3.2472916365232574,682.7827602797743,3.9273760982867674,0.72
8777.350036054951,3.9273867885271843,0.0,-0.0,3.2472916365232574,683.6551192105044,3.9273746036620585,0.72
8777.606140199465,3.927386296003886,0.0,-0.0,3.2472916365232574,683.9112233550177,3.9273741658957158,0.72
8777.822229110141,3.927385880909677,0.0,-0.0,3.2472916365232574,684.127312265694,3.9273737968882036,0.72
8778.038318020817,3.9273854661253047,0.0,-0.0,3.2472916365232574,684.3434011763702,3.927373428209522,0.72
8778.47049584217,3.927384637293907,0.0,-0.0,3.2472916365232574,684.7755789977227,3.9273726918374745,0.72
8779.334851484875,3.9273829834136413,0.0,-0.0,3.2472916365232574,685.6399346404278,3.9273712230264586,0.72
8779.606962205437,3.9273824637006283,0.0,-0.0,3.2472916365232574,685.9120453609894,3.927370761708083,0.72
8779.821050294107,3.9273820552825622,0.0,-0.0,3.2472916365232574,686.1261334496603,3.9273703991212567,0.72
8780.035138382778,3.927381647166553,0.0,-0.0,3.2472916365232574,686.3402215383312,3.927370036854548,0.72
8780.463314560118,3.927380831653495,0.0,-0.0,3.2472916365232574,686.7683977156712,3.9273693132803524,0.72
8781.3196669148,3.927379204313426,0.0,-0.0,3.2472916365232574,687.624750070353,3.927367869960953,0.72
8781.607784211408,3.927378657807747,0.0,-0.0,3.2472916365232574,687.9128673669611,3.9273673855055837,0.72
8781.819871478072,3.927378255993876,0.0,-0.0,3.2472916365232574,688.1249546336248,3.927367029258842,0.72
8782.031958744736,3.9273778544737143,0.0,-0.0,3.2472916365232574,688.3370419002886,3.9273666733236823,0.72
8782.456133278065,3.927377052134891,0.0,-0.0,3.2472916365232574,688.7612164336178,3.927365962387018,0.72
8783.304482344724,3.9273754510492878,0.0,-0.0,3.2472916365232574,689.6095655002764,3.9273645442406977,0.72
8783.60860621738,3.927374878143161,0.0,-0.0,3.2472916365232574,689.9136893729328,3.927364037058157,0.72
8783.818692662038,3.927374482861248,0.0,-0.0,3.2472916365232574,690.1237758175912,3.9273636870717903,0.72
8784.028779106697,3.9273740878656933,0.0,-0.0,3.2472916365232574,690.3338622622496,3.927363337388644,0.72
8784.448951996013,3.927373298558719,0.0,-0.0,3.2472916365232574,690.7540351515663,3.9273626389309593,0.72
8785.289297774647,3.9273717234435126,0.0,-0.0,3.2472916365232574,691.5943809301998,3.9273612456426847,0.72
8785.609428223353,3.9273711245247265,0.0,-0.0,3.2472916365232574,691.9145113789064,3.9273607161376347,0.72
8785.817513846006,3.927370735703694,0.0,-0.0,3.2472916365232574,692.1225970015594,3.9273603723328154,0.72
8786.02559946866,3.9273703471624177,0.0,-0.0,3.2472916365232574,692.3306826242124,3.927360028823025,0.72
8786.441770713964,3.9273695707444958,0.0,-0.0,3.2472916365232574,692.7468538695166,3.927359342687518,0.72
8787.274113204574,3.9273680213197135,0.0,-0.0,3.2472916365232574,693.5791963601268,3.927357973945724,0.72
8787.610250229325,3.92736739677277,0.0,-0.0,3.2472916365232574,693.9153333848781,3.9273574225177224,0.72
8787.816335029971,3.927367014342646,0.0,-0.0,3.2472916365232574,694.1214181855239,3.9273570848164963,0.72
8788.022419830617,3.9273666321845244,0.0,-0.0,3.2472916365232574,694.3275029861697,3.9273567474022757,0.72
8788.43458943191,3.9273658685173847,0.0,-0.0,3.2472916365232574,694.7396725874632,3.927356073433877,0.72
8789.258928634496,3.9273643445035673,0.0,-0.0,3.2472916365232574,695.5640117900484,3.9273547289304296,0.72
8789.611072235297,3.9273636947083532,0.0,-0.0,3.2472916365232574,695.9161553908498,3.9273541559739886,0.72
8789.815156213937,3.9273633185993067,0.0,-0.0,3.2472916365232574,696.1202393694903,3.927353824299264,0.72
8790.019240192578,3.9273629427555674,0.0,-0.0,3.2472916365232574,696.3243233481307,3.9273534929036877,0.72
8790.427408149859,3.9273621916985735,0.0,-0.0,3.2472916365232574,696.7324913054117,3.927352830949041,0.72
8791.24374406442,3.9273606928214138,0.0,-0.0,3.2472916365232574,697.5488272199736,3.927351510379204,0.72
8791.611894241269,3.9273600181538897,0.0,-0.0,3.2472916365232574,697.9169773968215,3.9273509162838454,0.72
8791.813977397904,3.9273596482971396,0.0,-0.0,3.2472916365232574,698.1190605534566,3.927350590559386,0.72
8792.016060554539,3.927359278698907,0.0,-0.0,3.2472916365232574,698.3211437100917,3.927350265106381,0.72
8792.420226867807,3.9273585401154394,0.0,-0.0,3.2472916365232574,698.7253100233602,3.927349615013827,0.72
8793.228559494346,3.927357066101023,0.0,-0.0,3.2472916365232574,699.5336426498989,3.927348318076225,0.72
8793.61271624724,3.927356366933452,0.0,-0.0,3.2472916365232574,699.9177994027932,3.927347703226534,0.72
8793.812798581868,3.927356003260554,0.0,-0.0,3.2472916365232574,700.1178817374212,3.92734738337695,0.72
8794.012880916496,3.927355639839087,0.0,-0.0,3.2472916365232574,700.3179640720491,3.9273470637912853,0.72
8794.413045585754,3.927354913593847,0.0,-0.0,3.2472916365232574,700.7181287413068,3.9273464254108443,0.72
8795.213374924268,3.92735346417149,0.0,-0.0,3.2472916365232574,701.5184580798204,3.927345151807431,0.72
8795.613538253214,3.927352740841629,0.0,-0.0,3.2472916365232574,701.9186214087667,3.927344516583113,0.72
8795.811619765836,3.927352383285055,0.0,-0.0,3.2472916365232574,702.1167029213893,3.9273442025338503,0.72
8796.009701278459,3.927352025972946,0.0,-0.0,3.2472916365232574,702.3147844340119,3.9273438887411305,0.72
8796.405864303704,3.9273513119311714,0.0,-0.0,3.2472916365232574,702.7109474592571,3.927343261924485,0.72
8797.198190354195,3.927349886833035,0.0,-0.0,3.2472916365232574,703.5032735097475,3.927342011360505,0.72
8797.614360259186,3.9273491397375397,0.0,-0.0,3.2472916365232574,703.9194434147385,3.9273413561364374,0.72
8797.810440949803,3.9273487882300984,0.0,-0.0,3.2472916365232574,704.1155241053557,3.9273410478137714,0.72
8798.00652164042,3.927348436961064,0.0,-0.0,3.2472916365232574,704.3116047959729,3.9273407397404285,0.72
8798.398683021653,3.9273477349882615,0.0,-0.0,3.2472916365232574,704.7037661772056,3.9273401243409034,0.72
8799.18300578412,3.927346333949962,0.0,-0.0,3.2472916365232574,705.4880889396727,3.9273388965248617,0.72
8799.615182265157,3.9273455634490597,0.0,-0.0,3.2472916365232574,705.9202654207102,3.9273382216711497,0.72
8799.809262133767,3.9273452179245547,0.0,-0.0,3.2472916365232574,706.1143452893202,3.9273379190021767,0.72
8800.003342002377,3.927344872631762,0.0,-0.0,3.2472916365232574,706.3084251579303,3.9273376165754574,0.72
8800.3915017396,3.9273441825966087,0.0,-0.0,3.2472916365232574,706.6965848951522,3.9273370124480067,0.72
8801.167821214041,3.9273428053537884,0.0,-0.0,3.2472916365232574,707.4729043695943,3.9273358070916333,0.72
8801.616004271129,3.927342011804785,0.0,-0.0,3.2472916365232574,707.9210874266819,3.9273351129736622,0.72
8801.808083317734,3.9273416721974446,0.0,-0.0,3.2472916365232574,708.1131664732866,3.9273348158862884,0.72
8802.000162364338,3.9273413328151827,0.0,-0.0,3.2472916365232574,708.3052455198913,3.927334519034251,0.72
8802.384320457548,3.9273406545867577,0.0,-0.0,3.2472916365232574,708.6894036131007,3.9273339260354385,0.72
8803.152636643967,3.9273393008800057,0.0,-0.0,3.2472916365232574,709.4577197995195,3.9273327428536557,0.72
8803.6168262771,3.9273384846356105,0.0,-0.0,3.2472916365232574,709.9219094326536,3.927332029832144,0.72
8803.8069045017,3.927338150879651,0.0,-0.0,3.2472916365232574,710.1119876572529,3.9273317382550785,0.72
8803.9969827263,3.9273378173437763,0.0,-0.0,3.2472916365232574,710.3020658818523,3.92733144690658,0.72
8804.377139175496,3.9273371507915837,0.0,-0.0,3.2472916365232574,710.6822223310492,3.9273308648945644,0.72
8805.137452073892,3.927335820363577,0.0,-0.0,3.2472916365232574,711.4425352294447,3.9273297036054546,0.72
8805.617648283074,3.927334981772804,0.0,-0.0,3.2472916365232574,711.9227314386271,3.9273289720365034,0.72
8805.805725685666,3.927334653804324,0.0,-0.0,3.2472916365232574,712.1108088412193,3.9273286858992518,0.72
8805.993803088259,3.9273343260497438,0.0,-0.0,3.2472916365232574,712.2988862438115,3.9273283999839417,0.72
8806.369957893445,3.9273336710459916,0.0,-0.0,3.2472916365232574,712.6750410489976,3.9273278288184588,0.72
8807.122267503815,3.927332363640244,0.0,-0.0,3.2472916365232574,713.4273506593681,3.9273266891432304,0.72
8807.618470289046,3.927331503048623,0.0,-0.0,3.2472916365232574,713.9235534445988,3.9273259393783775,0.72
8807.804546869633,3.927331180804189,0.0,-0.0,3.2472916365232574,714.1096300251857,3.9273256586112297,0.72
8807.99062345022,3.92733085876717,0.0,-0.0,3.2472916365232574,714.2957066057725,3.9273253780595434,0.72
8808.362776611393,3.9273302151843503,0.0,-0.0,3.2472916365232574,714.6678597669461,3.9273248176018907,0.72
8809.10708293374,3.9273289305477834,0.0,-0.0,3.2472916365232574,715.4121660892934,3.927323699264846,0.72
8809.619292295018,3.927328048297174,0.0,-0.0,3.2472916365232574,715.9243754505706,3.927322931651116,0.72
8809.8033680536,3.9273277317133317,0.0,-0.0,3.2472916365232574,716.108451209152,3.927322656185142,0.72
8809.98744381218,3.927327415330633,0.0,-0.0,3.2472916365232574,716.2925269677335,3.9273223809282887,0.72
8810.355595329342,3.927326783043493,0.0,-0.0,3.2472916365232574,716.6606784848946,3.9273218310413074,0.72
8811.091898363666,3.9273255209260887,0.0,-0.0,3.2472916365232574,717.3969815192186,3.9273207337698133,0.72
8811.62011430099,3.927324617354577,0.0,-0.0,3.2472916365232574,717.9251974565423,3.9273199486497674,0.72
8811.802189237564,3.9273243063676353,0.0,-0.0,3.2472916365232574,718.1072723931165,3.927319678416806,0.72
8811.984264174138,3.927323995576655,0.0,-0.0,3.2472916365232574,718.2893473296908,3.9273194083867637,0.72
8812.348414047288,3.9273233744602645,0.0,-0.0,3.2472916365232574,718.6534972028412,3.9273188689348264,0.72
8813.076713793587,3.9273221346137834,0.0,-0.0,3.2472916365232574,719.3817969491402,3.9273177924592786,0.72
8813.620936306961,3.9273212100554744,0.0,-0.0,3.2472916365232574,719.926019462514,3.927316990171065,0.72
8813.80101042153,3.927320904604591,0.0,-0.0,3.2472916365232574,720.1060935770829,3.927316725103718,0.72
8813.981084536099,3.927320599343741,0.0,-0.0,3.2472916365232574,720.2861676916518,3.9273164602332256,0.72
8814.341232765237,3.927319989273448,0.0,-0.0,3.2472916365232574,720.6463159207897,3.927315931082215,0.72
8815.061529223512,3.9273187714528413,0.0,-0.0,3.2472916365232574,721.3666123790654,3.927314875136009,0.72
8815.621758312935,3.9273178262385464,0.0,-0.0,3.2472916365232574,721.9268414684875,3.9273140560134125,0.72
8815.799831605498,3.927317526261681,0.0,-0.0,3.2472916365232574,722.1049147610511,3.927313796045037,0.72
8815.977904898062,3.927317226470247,0.0,-0.0,3.2472916365232574,722.2829880536146,3.927313536267583,0.72
8816.334051483187,3.9273166273227096,0.0,-0.0,3.2472916365232574,722.63913463874,3.927313017284882,0.72
8817.04634465344,3.9273154312845677,0.0,-0.0,3.2472916365232574,723.3514278089924,3.927311981604383,0.72
8817.622580318906,3.927314465742323,0.0,-0.0,3.2472916365232574,723.9276634744592,3.927311145976873,0.72
8817.798652789463,3.9273141711786823,0.0,-0.0,3.2472916365232574,724.1037359450156,3.9273108910415697,0.72
8817.97472526002,3.927313876794516,0.0,-0.0,3.2472916365232574,724.279808415572,3.9273106362913897,0.72
8818.326870201134,3.9273132884510735,0.0,-0.0,3.2472916365232574,724.6319533566866,3.9273101273458613,0.72
8819.031160083361,3.9273121139528095,0.0,-0.0,3.2472916365232574,725.336243238914,3.9273091116703713,0.72
8819.623402324878,3.9273111284061963,0.0,-0.0,3.2472916365232574,725.9284854804309,3.92730825986315,0.72
8819.797473973429,3.927310839195719,0.0,-0.0,3.2472916365232574,726.102557128982,3.927308009895761,0.72
8819.97154562198,3.9273105501586723,0.0,-0.0,3.2472916365232574,726.276628777533,3.9273077601078255,0.72
8820.319688919082,3.9273099724991445,0.0,-0.0,3.2472916365232574,726.6247720746351,3.9273072610698,0.72
8821.015975513286,3.9273088193017434,0.0,-0.0,3.2472916365232574,727.3210586688392,3.9273062651415294,0.72
8821.62422433085,3.9273078140715327,0.0,-0.0,3.2472916365232574,727.9293074864026,3.92730539747558,0.72
8821.796295157395,3.9273075301543017,0.0,-0.0,3.2472916365232574,728.1013783129483,3.9273051524116767,0.72
8821.968365983941,3.9273072464055487,0.0,-0.0,3.2472916365232574,728.273449139494,3.9273049075216853,0.72
8822.31250763703,3.927306679309061,0.0,-0.0,3.2472916365232574,728.6175907925835,3.9273044182629446,0.72
8823.000790943212,3.9273055471771796,0.0,-0.0,3.2472916365232574,729.3058740987644,3.9273034418269805,0.72
8823.625046336821,3.9273045225798677,0.0,-0.0,3.2472916365232574,729.9301294923744,3.9273025586191146,0.72
8823.79511634136,3.9273042438966757,0.0,-0.0,3.2472916365232574,730.1001994969129,3.9273023183949927,0.72
8823.965186345898,3.9273039653767956,0.0,-0.0,3.2472916365232574,730.2702695014514,3.9273020783393666,0.72
8824.305326354977,3.9273034087271275,0.0,-0.0,3.2472916365232574,730.6104095105302,3.9273015987331283,0.72
8824.985606373133,3.927302297425402,0.0,-0.0,3.2472916365232574,731.290689528686,3.9273006415374048,0.72
8825.625868342795,3.9273012537752674,0.0,-0.0,3.2472916365232574,731.9309514983479,3.9272997431003103,0.72
8825.793937525328,3.9273009802670726,0.0,-0.0,3.2472916365232574,732.099020680881,3.92729950765298,0.72
8825.962006707861,3.9273007069181998,0.0,-0.0,3.2472916365232574,732.2670898634142,3.927299272368854,0.72
8826.298145072928,3.927300160596748,0.0,-0.0,3.2472916365232574,732.6032282284805,3.9272988022897573,0.72
8826.97042180306,3.9272990698948274,0.0,-0.0,3.2472916365232574,733.275504958613,3.927297864085027,0.72
8827.626690348767,3.9272980075006165,0.0,-0.0,3.2472916365232574,733.9317735043196,3.9272969507273117,0.72
8827.792758709295,3.9272977391107156,0.0,-0.0,3.2472916365232574,734.0978418648474,3.927296719994494,0.72
8827.958827069822,3.927297470874235,0.0,-0.0,3.2472916365232574,734.2639102253752,3.9272964894197084,0.72
8828.290963790876,3.9272969347674143,0.0,-0.0,3.2472916365232574,734.5960469464289,3.927296028743799,0.72
8828.955237232984,3.9272958644335434,0.0,-0.0,3.2472916365232574,735.2603203885365,3.927295109283603,0.72
8829.627512354738,3.927294783603556,0.0,-0.0,3.2472916365232574,735.9325955102913,3.927294181309842,0.72
8829.791579893259,3.9272945202731835,0.0,-0.0,3.2472916365232574,736.0966630488119,3.9272939552299575,0.72
8829.95564743178,3.927294257091816,0.0,-0.0,3.2472916365232574,736.2607305873325,3.9272937293030523,0.72
8830.283782508823,3.9272937310842293,0.0,-0.0,3.2472916365232574,736.5888656643756,3.927293277907768,0.72
8830.940052662907,3.9272926808914495,0.0,-0.0,3.2472916365232574,737.2451358184599,3.927292376948408,0.72
8831.62833436071,3.9272915819289307,0.0,-0.0,3.2472916365232574,737.933417516263,3.92729143465919,0.72
8831.790401077225,3.927291323601248,0.0,-0.0,3.2472916365232574,738.0954842327783,3.9272912131713515,0.72
8831.95246779374,3.9272910654187037,0.0,-0.0,3.2472916365232574,738.2575509492935,3.927290991831559,0.72
8832.276601226771,3.9272905493963606,0.0,-0.0,3.2472916365232574,738.581684382324,3.9272905495957144,0.72
8832.924868092832,3.9272895191195403,0.0,-0.0,3.2472916365232574,739.2299512483851,3.9272896668962223,0.72
8833.629156366682,3.9272884023244092,0.0,-0.0,3.2472916365232574,739.9342395222347,3.927288710588192,0.72
8833.789222261192,3.9272881489441125,0.0,-0.0,3.2472916365232574,740.0943054167446,3.9272884936322012,0.72
8833.949288155702,3.927287895703475,0.0,-0.0,3.2472916365232574,740.2543713112545,3.9272882768194375,0.72
8834.26941994472,3.9272873895558527,0.0,-0.0,3.2472916365232574,740.5745031002725,3.927287843623211,0.72
8834.909683522756,3.927286378970089,0.0,-0.0,3.2472916365232574,741.2147666783085,3.927286978945322,0.72
8835.629978372654,3.9272852446407174,0.0,-0.0,3.2472916365232574,741.9350615282065,3.927286008911227,0.72
8835.788043445156,3.927284996149872,0.0,-0.0,3.2472916365232574,742.0931266007092,3.9272857964275634,0.72
8835.946108517659,3.927284747795985,0.0,-0.0,3.2472916365232574,742.2511916732119,3.9272855840824215,0.72
8836.262238662666,3.927284251409676,0.0,-0.0,3.2472916365232574,742.5673218182192,3.92728515980734,0.72
8836.894498952679,3.927283260296069,0.0,-0.0,3.2472916365232574,743.1995821082319,3.927284312915464,0.72
8837.630800378627,3.927282108723816,0.0,-0.0,3.2472916365232574,743.93588353418,3.927283329444198,0.72
8837.786864629124,3.9272818650704298,0.0,-0.0,3.2472916365232574,744.0919477846774,3.9272831213740136,0.72
8837.942928879622,3.927281621547449,0.0,-0.0,3.2472916365232574,744.2480120351747,3.9272829134377574,0.72
8838.255057380617,3.92728113481346,0.0,-0.0,3.2472916365232574,744.5601405361695,3.927282497966683,0.72
8838.879314382606,3.9272801629510905,0.0,-0.0,3.2472916365232574,745.1843975381589,3.9272816686278764,0.72
8839.631622384599,3.9272789944284408,0.0,-0.0,3.2472916365232574,745.9367055401517,3.927280672004521,0.72
8839.78568581309,3.9272787555549,0.0,-0.0,3.2472916365232574,746.0907689686437,3.927280468289633,0.72
8839.939749241583,3.9272785168092565,0.0,-0.0,3.2472916365232574,746.2448323971357,3.9272802647041893,0.72
8840.247876098565,3.9272780396182463,0.0,-0.0,3.2472916365232574,746.5529592541179,3.927279857921304,0.72
8840.86412981253,3.927277086790575,0.0,-0.0,3.2472916365232574,747.1692129680823,3.927279045905243,0.72
8841.63244439057,3.9272759016043652,0.0,-0.0,3.2472916365232574,747.9375275461234,3.9272780364111135,0.72
8841.784506997055,3.9272756674580664,0.0,-0.0,3.2472916365232574,748.0895901526083,3.9272778369939982,0.72
8841.93656960354,3.9272754334344606,0.0,-0.0,3.2472916365232574,748.2416527590931,3.92727763770195,0.72
8842.24069481651,3.92727496567877,0.0,-0.0,3.2472916365232574,748.5457779720628,3.927277239492744,0.72
8842.848945242451,3.927274031670966,0.0,-0.0,3.2472916365232574,749.1540283980039,3.9272764445716972,0.72
8843.633266396542,3.927272830106303,0.0,-0.0,3.2472916365232574,749.9383495520951,3.927275422484383,0.72
8843.783328181022,3.927272600632481,0.0,-0.0,3.2472916365232574,750.0884113365746,3.927275227308166,0.72
8843.933389965501,3.9272723712776285,0.0,-0.0,3.2472916365232574,750.2384731210541,3.9272750322527465,0.72
8844.23351353446,3.9272719128495943,0.0,-0.0,3.2472916365232574,750.538596690013,3.927274642504003,0.72
8844.833760672378,3.9272709974485345,0.0,-0.0,3.2472916365232574,751.1388438279309,3.927273864452803,0.72
8845.634088402514,3.9272697797861036,0.0,-0.0,3.2472916365232574,751.9391715580668,3.9272728300462107,0.72
8845.782149364988,3.9272695549317342,0.0,-0.0,3.2472916365232574,752.087232520541,3.9272726390546633,0.72
8845.930210327462,3.9272693301927837,0.0,-0.0,3.2472916365232574,752.2352934830151,3.927272448179748,0.72
8846.226332252409,3.927268880987208,0.0,-0.0,3.2472916365232574,752.5314154079615,3.9272720667795293,0.72
8846.818576102301,3.9272679839814897,0.0,-0.0,3.2472916365232574,753.1236592578543,3.927271305375549,0.72
8847.634910408487,3.9272667504512935,0.0,-0.0,3.2472916365232574,753.9399935640404,3.9272702589199446,0.72
8847.780970548954,3.927266530164503,0.0,-0.0,3.2472916365232574,754.0860537045073,3.9272700720574756,0.72
8847.927030689421,3.9272663099881093,0.0,-0.0,3.2472916365232574,754.2321138449743,3.9272698853075756,0.72
8848.219150970355,3.9272658699000105,0.0,-0.0,3.2472916365232574,754.5242341259082,3.9272695121452124,0.72
8848.803391532225,3.92726499108118,0.0,-0.0,3.2472916365232574,755.1084746877777,3.927268767168335,0.72
8849.63573241446,3.927263742003416,0.0,-0.0,3.2472916365232574,755.9408155700121,3.927267708930384,0.72
8849.77979173292,3.9272635262306483,0.0,-0.0,3.2472916365232574,756.0848748884737,3.9272675261420327,0.72
8849.923851051382,3.927263310566031,0.0,-0.0,3.2472916365232574,756.2289342069353,3.927267343462289,0.72
8850.211969688306,3.9272628794899456,0.0,-0.0,3.2472916365232574,756.5170528438584,3.927266978428363,0.72
8850.788206962152,3.927262018652066,0.0,-0.0,3.2472916365232574,757.0932901177048,3.9272662496609585,0.72
8851.636554420431,3.927260754299228,0.0,-0.0,3.2472916365232574,757.9416375759838,3.927265179903767,0.72
8851.778612916887,3.927260542989888,0.0,-0.0,3.2472916365232574,758.08369607244,3.9272650011351984,0.72
8851.920671413343,3.927260331784295,0.0,-0.0,3.2472916365232574,758.2257545688963,3.9272648224713733,0.72
8852.204788406254,3.927259909618823,0.0,-0.0,3.2472916365232574,758.5098715618069,3.927264465457709,0.72
8852.773022392075,3.9272590665562075,0.0,-0.0,3.2472916365232574,759.0781055476282,3.9272637526846066,0.72
8853.637376426403,3.9272577871974885,0.0,-0.0,3.2472916365232574,759.9424595819555,3.9272626716677626,0.72
8853.777434100852,3.9272575802998637,0.0,-0.0,3.2472916365232574,760.0825172564046,3.9272624968652585,0.72
8853.9174917753,3.927257373502838,0.0,-0.0,3.2472916365232574,760.2225749308536,3.9272623221637324,0.72
8854.197607124199,3.9272569601452703,0.0,-0.0,3.2472916365232574,760.5026902797517,3.9272619730633798,0.72
8854.757837821997,3.9272561346549457,0.0,-0.0,3.2472916365232574,761.0629209775498,3.9272612760718433,0.72
8855.638198432374,3.9272548405570618,0.0,-0.0,3.2472916365232574,761.9432815879272,3.9272601840514554,0.72
8855.776255284818,3.927254638020759,0.0,-0.0,3.2472916365232574,762.0813384403709,3.9272600131619093,0.72
8855.914312137262,3.927254435581145,0.0,-0.0,3.2472916365232574,762.2193952928146,3.9272598423696707,0.72
8856.19042584215,3.927254030931251,0.0,-0.0,3.2472916365232574,762.495508997702,3.9272595010768945,0.72
8856.742653251924,3.9272532228114887,0.0,-0.0,3.2472916365232574,763.0477364074768,3.9272588196565965,0.72
8857.639020438348,3.927251914238133,0.0,-0.0,3.2472916365232574,763.9441035939008,3.9272577168853346,0.72
8857.775076468786,3.9272517160128517,0.0,-0.0,3.2472916365232574,764.0801596243391,3.927257549856245,0.72
8857.911132499225,3.927251517880797,0.0,-0.0,3.2472916365232574,764.2162156547774,3.9272573829208866,0.72
8858.1832445601,3.927251121837335,0.0,-0.0,3.2472916365232574,764.4883277156523,3.9272570493311534,0.72
8858.72746868185,3.9272503308905304,0.0,-0.0,3.2472916365232574,765.032551837402,3.92725638327415,0.72
8859.63984244432,3.9272490081013345,0.0,-0.0,3.2472916365232574,765.9449255998725,3.927255270001284,0.72
8859.77389765275,3.9272488141372306,0.0,-0.0,3.2472916365232574,766.0789808083036,3.9272551067807475,0.72
8859.907952861182,3.9272486202634127,0.0,-0.0,3.2472916365232574,766.2130360167348,3.9272549436504582,0.72
8860.176063278044,3.927248232727929,0.0,-0.0,3.2472916365232574,766.4811464335971,3.9272546176604233,0.72
8860.71228411177,3.92724745875619,0.0,-0.0,3.2472916365232574,767.0173672673236,3.9272539667611297,0.72
8861.640664450291,3.927246122009421,0.0,-0.0,3.2472916365232574,767.9457476058442,3.927252843232568,0.72
8861.772718836717,3.9272459322574287,0.0,-0.0,3.2472916365232574,768.07780199227,3.9272526837692743,0.72
8861.904773223143,3.927245742591875,0.0,-0.0,3.2472916365232574,768.2098563786958,3.927252524392835,0.72
8862.168881995995,3.927245363466639,0.0,-0.0,3.2472916365232574,768.4739651515474,3.9272522059003308,0.72
8862.697099541696,3.927244606274658,0.0,-0.0,3.2472916365232574,769.0021826972488,3.9272515699554957,0.72
8863.641486456263,3.9272432558248376,0.0,-0.0,3.2472916365232574,769.9465696118159,3.927250436413823,0.72
8863.771540020683,3.927243070236441,0.0,-0.0,3.2472916365232574,770.0766231762364,3.9272502806570477,0.72
8863.901593585104,3.927242884730736,0.0,-0.0,3.2472916365232574,770.2066767406568,3.9272501249838228,0.72
8864.161700713943,3.927242513918965,0.0,-0.0,3.2472916365232574,770.4667838694959,3.9272498138878453,0.72
8864.681914971621,3.9272417733125287,0.0,-0.0,3.2472916365232574,770.986998127174,3.927249192696527,0.72
8865.642308462235,3.9272404094120223,0.0,-0.0,3.2472916365232574,771.9473916177876,3.9272480493810447,0.72
8865.770361204648,3.9272402279384906,0.0,-0.0,3.2472916365232574,772.0754443602009,3.9272478972806426,0.72
8865.898413947061,3.927240046545365,0.0,-0.0,3.2472916365232574,772.2034971026142,3.927247745260575,0.72
8866.154519431888,3.9272396839484855,0.0,-0.0,3.2472916365232574,772.4596025874407,3.9272474414612732,0.72
8866.666730401543,3.927238959737966,0.0,-0.0,3.2472916365232574,772.9718135570956,3.9272468348248157,0.72
8867.643130468208,3.9272375826358545,0.0,-0.0,3.2472916365232574,773.9482136237611,3.927245681971576,0.72
8867.769182388616,3.927237405229644,0.0,-0.0,3.2472916365232574,774.0742655441691,3.9272455334779766,0.72
8867.895234309024,3.9272372278998464,0.0,-0.0,3.2472916365232574,774.200317464577,3.9272453850615814,0.72
8868.14733814984,3.927236873425556,0.0,-0.0,3.2472916365232574,774.4524213053928,3.9272450884602432,0.72
8868.65154583147,3.92723616541904,0.0,-0.0,3.2472916365232574,774.9566289870227,3.9272444961822526,0.72
8869.64395247418,3.927234775362309,0.0,-0.0,3.2472916365232574,775.9490356297329,3.9272433340240984,0.72
8869.768003572583,3.927234601975063,0.0,-0.0,3.2472916365232574,776.0730867281354,3.9272431890882986,0.72
8869.892054670985,3.927234428662868,0.0,-0.0,3.2472916365232574,776.197137826538,3.9272430442266573,0.72
8870.140156867788,3.9272340822136815,0.0,-0.0,3.2472916365232574,776.4452400233413,3.927242754725699,0.72
8870.636361261395,3.927233390225647,0.0,-0.0,3.2472916365232574,776.9414444169479,3.927242176612018,0.72
8871.628770048608,3.9272320096828484,0.0,-0.0,3.2472916365232574,777.9338532041611,3.927241023929125,0.72
8871.644774480152,3.927231987456818,0.0,-0.0,3.2472916365232574,777.9498576357046,3.9272410053786184,0.72
8871.766824756547,3.9272318180430363,0.0,-0.0,3.2472916365232574,778.0719079121,3.9272408639521763,0.72
8871.888875032942,3.9272316487004755,0.0,-0.0,3.2472916365232574,778.1939581884953,3.927240722596931,0.72
8872.132975585733,3.927231310185328,0.0,-0.0,3.2472916365232574,778.4380587412861,3.927240440099885,0.72
8872.621176691317,3.927230634027987,0.0,-0.0,3.2472916365232574,778.9262598468695,3.9272398759585716,0.72
8873.597578902481,3.9272292850146924,0.0,-0.0,3.2472916365232574,779.9026620580344,3.9272387510790536,0.72
8873.645596486123,3.9272292187874824,0.0,-0.0,3.2472916365232574,779.9506796416763,3.927238695876458,0.72
8873.765645940513,3.9272290533003176,0.0,-0.0,3.2472916365232574,780.0707290960663,3.9272385579114886,0.72
8873.885695394903,3.9272288878815904,0.0,-0.0,3.2472916365232574,780.1907785504563,3.927238420014835,0.72
8874.125794303684,3.92722855720627,0.0,-0.0,3.2472916365232574,780.4308774592364,3.927238144426338,0.72
8874.605992121242,3.9272278966962126,0.0,-0.0,3.2472916365232574,780.9110752767947,3.9272375940676407,0.72
8875.56638775636,3.9272265788477854,0.0,-0.0,3.2472916365232574,781.8714709119131,3.927236496615879,0.72
8875.646418492095,3.927226469223747,0.0,-0.0,3.2472916365232574,781.951501647648,3.9272364053602438,0.72
8875.764467124478,3.927226307616264,0.0,-0.0,3.2472916365232574,782.0695502800309,3.927236270809412,0.72
8875.88251575686,3.9272261460753337,0.0,-0.0,3.2472916365232574,782.1875989124137,3.927236136324095,0.72
8876.118613021628,3.9272258231485853,0.0,-0.0,3.2472916365232574,782.4236961771812,3.9272358675498764,0.72
8876.590807551163,3.92722517810338,0.0,-0.0,3.2472916365232574,782.8958907067163,3.9272353307862127,0.72
8877.535196610233,3.9272238910583783,0.0,-0.0,3.2472916365232574,783.8402797657864,3.9272342603908528,0.72
8877.647240498069,3.9272237386340247,0.0,-0.0,3.2472916365232574,783.9523236536215,3.927234133673897,0.72
8877.763288308446,3.927223580861826,0.0,-0.0,3.2472916365232574,784.068371463999,3.927234002490411,0.72
8877.879336118824,3.9272234231525145,0.0,-0.0,3.2472916365232574,784.1844192743765,3.9272338713697175,0.72
8878.111431739579,3.927223107884661,0.0,-0.0,3.2472916365232574,784.4165148951315,3.9272336093165885,0.72
8878.57562298109,3.927222478121985,0.0,-0.0,3.2472916365232574,784.8807061366433,3.927233085962521,0.72
8879.504005464112,3.9272212215218745,0.0,-0.0,3.2472916365232574,785.8090886196651,3.927232042256433,0.72
8879.64806250404,3.9272210268897494,0.0,-0.0,3.2472916365232574,785.9531456595932,3.927231880662621,0.72
8879.762109492412,3.9272208729071423,0.0,-0.0,3.2472916365232574,786.0671926479654,3.927231752800228,0.72
8879.876156480785,3.9272207189848967,0.0,-0.0,3.2472916365232574,786.1812396363375,3.9272316249979826,0.72
8880.104250457529,3.927220411285088,0.0,-0.0,3.2472916365232574,786.4093336130818,3.9272313695738235,0.72
8880.560438411016,3.927219796627743,0.0,-0.0,3.2472916365232574,786.8655215665685,3.9272308594460363,0.72
8881.472814317991,3.927218570116641,0.0,-0.0,3.2472916365232574,787.7778974735438,3.9272298420662706,0.72
8881.648884510012,3.927218333862154,0.0,-0.0,3.2472916365232574,787.953967665565,3.927229646172891,0.72
8881.760930676377,3.92721818362442,0.0,-0.0,3.2472916365232574,788.0660138319299,3.9272295215858706,0.72
8881.872976842742,3.927218033444998,0.0,-0.0,3.2472916365232574,788.1780599982949,3.9272293970564296,0.72
8882.097069175474,3.92721773322381,0.0,-0.0,3.2472916365232574,788.4021523310266,3.9272291481701793,0.72
8882.545253840937,3.927217133493377,0.0,-0.0,3.2472916365232574,788.8503369964901,3.9272286510874594,0.72
8883.441623171864,3.9272159367214985,0.0,-0.0,3.2472916365232574,789.7467063274171,3.9272276596751996,0.72
8883.649706515984,3.9272156594240615,0.0,-0.0,3.2472916365232574,789.9547896715367,3.927227430052446,0.72
8883.759751860343,3.927215512886921,0.0,-0.0,3.2472916365232574,790.0648350158963,3.9272273086956053,0.72
8883.869797204703,3.9272153664057816,0.0,-0.0,3.2472916365232574,790.1748803602559,3.92722718739385,0.72
8884.089887893422,3.927215073575351,0.0,-0.0,3.2472916365232574,790.3949710489751,3.927226944955495,0.72
8884.530069270862,3.9272144885965745,0.0,-0.0,3.2472916365232574,790.8351524264153,3.927226460738706,0.72
8885.410432025741,3.927213321215088,0.0,-0.0,3.2472916365232574,791.715515181294,3.927225494939229,0.72
8885.650528521955,3.927213003448556,0.0,-0.0,3.2472916365232574,791.9556116775084,3.927225232150275,0.72
8885.75857304431,3.9272128605681313,0.0,-0.0,3.2472916365232574,792.0636561998626,3.927225113978943,0.72
8885.866617566664,3.9272127177412703,0.0,-0.0,3.2472916365232574,792.1717007222169,3.9272249958602754,0.72
8886.082706611372,3.927212432214235,0.0,-0.0,3.2472916365232574,792.3877897669254,3.927224759780838,0.72
8886.514884700788,3.927211861813348,0.0,-0.0,3.2472916365232574,792.8199678563406,3.927224288252901,0.72
8887.379240879618,3.927210723477528,0.0,-0.0,3.2472916365232574,793.6843240351709,3.9272233477155334,0.72
8887.651350527929,3.927210365809393,0.0,-0.0,3.2472916365232574,793.9564336834819,3.92722305231661,0.72
8887.757394228276,3.9272102265426776,0.0,-0.0,3.2472916365232574,794.062477383829,3.927222937286631,0.72
8887.863437928623,3.9272100873269125,0.0,-0.0,3.2472916365232574,794.1685210841761,3.927222822306967,0.72
8888.07552532932,3.927209809017125,0.0,-0.0,3.2472916365232574,794.380608484872,3.927222592498496,0.72
8888.499700130711,3.9272092530213345,0.0,-0.0,3.2472916365232574,794.804783286264,3.9272221334843667,0.72
8889.348049733495,3.92720814339048,0.0,-0.0,3.2472916365232574,795.6531328890478,3.927221217862441,0.72
8889.6521725339,3.9272077463824164,0.0,-0.0,3.2472916365232574,795.9572556894536,3.9272208904029133,0.72
8889.756215412242,3.9272076106861262,0.0,-0.0,3.2472916365232574,796.0612985677953,3.9272207784706423,0.72
8889.860258290584,3.9272074750387693,0.0,-0.0,3.2472916365232574,796.1653414461371,3.927220666586408,0.72
8890.068344047268,3.9272072038596315,0.0,-0.0,3.2472916365232574,796.3734272028205,3.927220442961966,0.72
8890.484515560636,3.9272066620992914,0.0,-0.0,3.2472916365232574,796.7895987161892,3.9272199962886134,0.72
8891.316858587372,3.9272055808343067,0.0,-0.0,3.2472916365232574,797.6219417429247,3.927219105239428,0.72
8891.652994539872,3.9272051450428687,0.0,-0.0,3.2472916365232574,797.9580776954253,3.9272187462618686,0.72
8891.755036596209,3.9272050128748393,0.0,-0.0,3.2472916365232574,798.0601197517617,3.9272186373841658,0.72
8891.857078652545,3.927204880752897,0.0,-0.0,3.2472916365232574,798.1621618080981,3.9272185285522907,0.72
8892.061162765218,3.927204616620859,0.0,-0.0,3.2472916365232574,798.3662459207708,3.9272183110259444,0.72
8892.469330990562,3.92720408892572,0.0,-0.0,3.2472916365232574,798.7744141461144,3.92721787652233,0.72
8893.285667441249,3.92720303569254,0.0,-0.0,3.2472916365232574,799.5907505968016,3.9272170097071055,0.72
8893.653816545844,3.927202561668278,0.0,-0.0,3.2472916365232574,799.9588997013971,3.9272166197473704,0.72
8893.753857780173,3.9272024329857205,0.0,-0.0,3.2472916365232574,800.0589409357262,3.927216513881596,0.72
8893.853899014503,3.9272023043479067,0.0,-0.0,3.2472916365232574,800.1589821700554,3.9272164080595076,0.72
8894.053981483163,3.92720204717729,0.0,-0.0,3.2472916365232574,800.3590646387156,3.927216196546317,0.72
8894.454146420483,3.9272015333813415,0.0,-0.0,3.2472916365232574,800.759229576036,3.927215774043374,0.72
8895.254476295124,3.9272005078477363,0.0,-0.0,3.2472916365232574,801.5595594506767,3.927214931127214,0.72
8895.654638551816,3.927199996135763,0.0,-0.0,3.2472916365232574,801.9597217073688,3.927214510714514,0.72
8895.75267896414,3.927199870896992,0.0,-0.0,3.2472916365232574,802.0577621196926,3.9272144078185227,0.72
8895.850719376464,3.927199745701145,0.0,-0.0,3.2472916365232574,802.1558025320164,3.927214304964143,0.72
8896.046800201111,3.9271994954096505,0.0,-0.0,3.2472916365232574,802.3518833566641,3.92721409938015,0.72
8896.438961850406,3.927198995347205,0.0,-0.0,3.2472916365232574,802.7440450059594,3.927213688710762,0.72
8897.223285148999,3.927197997184214,0.0,-0.0,3.2472916365232574,803.5283683045518,3.9272128693626125,0.72
8897.65546055779,3.927197448324104,0.0,-0.0,3.2472916365232574,803.9605437133423,3.9272124190195874,0.72
8897.751500148108,3.927197326487809,0.0,-0.0,3.2472916365232574,804.0565833036608,3.9272123190517227,0.72
8897.847539738426,3.9271972046925576,0.0,-0.0,3.2472916365232574,804.1526228939792,3.9272122191234606,0.72
8898.039618919063,3.9271969611980495,0.0,-0.0,3.2472916365232574,804.3447020746162,3.927212019385681,0.72
8898.423777280335,3.9271964747041737,0.0,-0.0,3.2472916365232574,804.7288604358882,3.92721162038466,0.72
8899.19209400288,3.927195503587395,0.0,-0.0,3.2472916365232574,805.4971771584324,3.9272108242772674,0.72
8899.656282563761,3.9271949181187242,0.0,-0.0,3.2472916365232574,805.961365719314,3.927210344520058,0.72
8899.750321332072,3.927194799644965,0.0,-0.0,3.2472916365232574,806.0554044876253,3.9272102474391484,0.72
8899.844360100384,3.9271946812092127,0.0,-0.0,3.2472916365232574,806.1494432559366,3.927210150395896,0.72
8900.032437637008,3.927194444429717,0.0,-0.0,3.2472916365232574,806.337520792561,3.9272099564223057,0.72
8900.408592710257,3.9271939713423185,0.0,-0.0,3.2472916365232574,806.7136758658098,3.9272095689263753,0.72
8901.160902856753,3.927193026949262,0.0,-0.0,3.2472916365232574,807.4659860123056,3.927208795736247,0.72
8901.657104569733,3.9271924053932477,0.0,-0.0,3.2472916365232574,807.9621877252857,3.927208287074566,0.72
8901.749142516039,3.927192290240222,0.0,-0.0,3.2472916365232574,808.0542256715917,3.9272081928399176,0.72
8901.841180462345,3.927192175124476,0.0,-0.0,3.2472916365232574,808.1462636178976,3.927208098641045,0.72
8902.025256354957,3.927191944978664,0.0,-0.0,3.2472916365232574,808.3303395105095,3.9272079103505737,0.72
8902.39340814018,3.92719148513706,0.0,-0.0,3.2472916365232574,808.6984912957332,3.9272075341983452,0.72
8903.12971171063,3.927190567148828,0.0,-0.0,3.2472916365232574,809.4347948661825,3.927206783605712,0.72
8903.657926575705,3.9271899100281606,0.0,-0.0,3.2472916365232574,809.9630097312574,3.927206246542915,0.72
8903.747963700005,3.927189798156499,0.0,-0.0,3.2472916365232574,810.053046855558,3.9272061551143085,0.72
8903.838000824306,3.9271896863195823,0.0,-0.0,3.2472916365232574,810.1430839798586,3.927206063719658,0.72
8904.018075072907,3.927189462728555,0.0,-0.0,3.2472916365232574,810.3231582284598,3.9272058810321755,0.72
8904.378223570107,3.9271890159725595,0.0,-0.0,3.2472916365232574,810.6833067256603,3.927205516064131,0.72
8905.098520564508,3.927188124072699,0.0,-0.0,3.2472916365232574,811.4036037200613,3.9272047877529044,0.72
8905.658748581676,3.9271874319051125,0.0,-0.0,3.2472916365232574,811.9638317372292,3.9272042227860586,0.72
8905.74678488397,3.927187323274458,0.0,-0.0,3.2472916365232574,812.0518680395226,3.927204134123743,0.72
8905.834821186263,3.9271872146770117,0.0,-0.0,3.2472916365232574,812.139904341816,3.927204045493625,0.72
8906.010893790852,3.9271869975607503,0.0,-0.0,3.2472916365232574,812.3159769464046,3.9272038683299333,0.72
8906.363039000029,3.9271865637337795,0.0,-0.0,3.2472916365232574,812.6681221555818,3.9272035143884034,0.72
8907.067329418382,3.9271856976096684,0.0,-0.0,3.2472916365232574,813.3724125739345,3.927202808046141,0.72
8907.65957058765,3.927184970905559,0.0,-0.0,3.2472916365232574,813.9646537432027,3.9272022156660946,0.72
8907.745606067938,3.927184865477164,0.0,-0.0,3.2472916365232574,814.0506892234907,3.9272021297307833,0.72
8907.831641548226,3.9271847600807317,0.0,-0.0,3.2472916365232574,814.1367247037788,3.9272020438259703,0.72
8908.003712508802,3.9271845493603807,0.0,-0.0,3.2472916365232574,814.3087956643549,3.927201872107794,0.72
8908.347854429954,3.9271841283056927,0.0,-0.0,3.2472916365232574,814.6529375855071,3.9272015290369398,0.72
8909.03613827226,3.92718328764715,0.0,-0.0,3.2472916365232574,815.3412214278133,3.927200844354803,0.72
8909.660392593622,3.927182526913918,0.0,-0.0,3.2472916365232574,815.9654757491744,3.9272002250462545,0.72
8909.744427251904,3.9271824246487843,0.0,-0.0,3.2472916365232574,816.0495104074571,3.92720014179912,0.72
8909.828461910187,3.9271823224132,0.0,-0.0,3.2472916365232574,816.1335450657398,3.9272000585808424,0.72
8909.99653122675,3.927182118012315,0.0,-0.0,3.2472916365232574,816.3016143823033,3.9271998922308176,0.72
8910.33266985988,3.9271817095744797,0.0,-0.0,3.2472916365232574,816.6377530154323,3.92719955987661,0.72
8911.004947126137,3.9271808940747333,0.0,-0.0,3.2472916365232574,817.3100302816902,3.927198896549329,0.72
8911.661214599593,3.927180099813888,0.0,-0.0,3.2472916365232574,817.9662977551461,3.927198250790895,0.72
8911.743248435869,3.9271800006727755,0.0,-0.0,3.2472916365232574,818.0483315914216,3.9271981701935625,0.72
8911.825282272144,3.9271799015603386,0.0,-0.0,3.2472916365232574,818.1303654276971,3.9271980896235035,0.72
8911.989349944697,3.927179703400978,0.0,-0.0,3.2472916365232574,818.29443310025,3.9271979285651684,0.72
8912.317485289803,3.9271793074273247,0.0,-0.0,3.2472916365232574,818.6225684453557,3.9271976067753713,0.72
8912.973755980012,3.9271785167828464,0.0,-0.0,3.2472916365232574,819.2788391355652,3.927196964501206,0.72
8913.662036605565,3.927177689489692,0.0,-0.0,3.2472916365232574,819.9671197611178,3.927196292765486,0.72
8913.742069619835,3.9271775934351365,0.0,-0.0,3.2472916365232574,820.047152775388,3.9271962147800314,0.72
8913.822102634105,3.9271774974068903,0.0,-0.0,3.2472916365232574,820.1271857896581,3.927196136820322,0.72
8913.982168662646,3.9271773054137897,0.0,-0.0,3.2472916365232574,820.2872518181985,3.927195980978108,0.72
8914.302300719726,3.927176921752246,0.0,-0.0,3.2472916365232574,820.6073838752791,3.9271956696022565,0.72
8914.94256483389,3.927176155661454,0.0,-0.0,3.2472916365232574,821.2476479894422,3.92719504808296,0.72
8915.662858611537,3.9271752958271837,0.0,-0.0,3.2472916365232574,821.9679417670895,3.927194350836605,0.72
8915.740890803801,3.927175202821183,0.0,-0.0,3.2472916365232574,822.0459739593543,3.927194275425547,0.72
8915.818922996066,3.927175109839757,0.0,-0.0,3.2472916365232574,822.1240061516191,3.927194200038763,0.72
8915.974987380594,3.9271749239364038,0.0,-0.0,3.2472916365232574,822.2800705361469,3.927194049337984,0.72
8916.287116149651,3.927174552437631,0.0,-0.0,3.2472916365232574,822.5921993052043,3.927193748227367,0.72
8916.911373687766,3.927173810602353,0.0,-0.0,3.2472916365232574,823.2164568433191,3.9271931471681483,0.72
8917.66368061751,3.92717291871327,0.0,-0.0,3.2472916365232574,823.9687637730631,3.9271924248719254,0.72
8917.739711987768,3.927172828717575,0.0,-0.0,3.2472916365232574,824.0447951433207,3.9271923519982233,0.72
8917.815743358025,3.9271727387459006,0.0,-0.0,3.2472916365232574,824.1208265135783,3.927192279147377,0.72
8917.967806098542,3.927172558858076,0.0,-0.0,3.2472916365232574,824.2728892540954,3.9271921335142217,0.72
8918.271931579577,3.927172199372865,0.0,-0.0,3.2472916365232574,824.5770147351295,3.927191842521864,0.72
8918.880182541643,3.9271714814981005,0.0,-0.0,3.2472916365232574,825.185265697196,3.9271912616313513,0.72
8919.664502623482,3.927170558034349,0.0,-0.0,3.2472916365232574,825.9695857790348,3.927190514740209,0.72
8919.738533171734,3.927170471012393,0.0,-0.0,3.2472916365232574,826.043616327287,3.9271904443672567,0.72
8919.812563719986,3.9271703840132277,0.0,-0.0,3.2472916365232574,826.1176468755393,3.9271903740157947,0.72
8919.960624816491,3.927170210066438,0.0,-0.0,3.2472916365232574,826.2657079720439,3.9271902333773165,0.72
8920.2567470095,3.927169862447625,0.0,-0.0,3.2472916365232574,826.5618301650529,3.927189952357958,0.72
8920.848991395518,3.927169168240583,0.0,-0.0,3.2472916365232574,827.1540745510711,3.9271893913481644,0.72
8921.665324629454,3.9271682136788257,0.0,-0.0,3.2472916365232574,827.9704077850065,3.927188620311296,0.72
8921.7373543557,3.927168129593818,0.0,-0.0,3.2472916365232574,828.0424375112534,3.9271885524029178,0.72
8921.809384081947,3.927168045530025,0.0,-0.0,3.2472916365232574,828.1144672375003,3.927188484514717,0.72
8921.95344353444,3.9271678774516934,0.0,-0.0,3.2472916365232574,828.2585266899923,3.9271883487988237,0.72
8922.241562439425,3.9271675415524916,0.0,-0.0,3.2472916365232574,828.5466455949781,3.927188077608904,0.72
8922.817800249397,3.927166870724332,0.0,-0.0,3.2472916365232574,829.1228834049498,3.9271875361951887,0.72
8923.666146635425,3.9271658855343285,0.0,-0.0,3.2472916365232574,829.9712297909782,3.927186741456097,0.72
8923.736175539665,3.9271658043497633,0.0,-0.0,3.2472916365232574,830.041258695218,3.9271866759765426,0.72
8923.806204443905,3.927165723185785,0.0,-0.0,3.2472916365232574,830.1112875994577,3.9271866105159035,0.72
8923.946262252386,3.927165560902479,0.0,-0.0,3.2472916365232574,830.251345407939,3.92718647965135,0.72
8924.226377869349,3.927165236579517,0.0,-0.0,3.2472916365232574,830.5314610249015,3.927186218148988,0.72
8924.786609103272,3.9271645888429174,0.0,-0.0,3.2472916365232574,831.0916922588249,3.9271856960500235,0.72
8925.666968641397,3.9271635734917387,0.0,-0.0,3.2472916365232574,831.9720517969499,3.9271848780465834,0.72
8925.734996723631,3.9271634951711745,0.0,-0.0,3.2472916365232574,832.0400798791843,3.927184814960524,0.72
8925.803024805866,3.9271634168698535,0.0,-0.0,3.2472916365232574,832.1081079614187,3.9271847518921676,0.72
8925.939080970335,3.9271632603111506,0.0,-0.0,3.2472916365232574,832.2441641258874,3.9271846258085454,0.72
8926.211193299272,3.9271629474207694,0.0,-0.0,3.2472916365232574,832.516276454825,3.9271843738535233,0.72
8926.755417957147,3.9271623224922982,0.0,-0.0,3.2472916365232574,833.0605011127,3.9271838707912594,0.72
8927.667790647369,3.9271612774593283,0.0,-0.0,3.2472916365232574,833.9728738029216,3.92718302995578,0.72
8927.733817907598,3.927161201968594,0.0,-0.0,3.2472916365232574,834.0389010631507,3.9271829692283027,0.72
8927.799845167827,3.927161126495388,0.0,-0.0,3.2472916365232574,834.1049283233797,3.9271829085173655,0.72
8927.931899688283,3.9271609755892816,0.0,-0.0,3.2472916365232574,834.2369828438359,3.9271827871450946,0.72
8928.196008729197,3.92716067398936,0.0,-0.0,3.2472916365232574,834.5010918847502,3.927182544598839,0.72
8928.724226811026,3.9271600715881627,0.0,-0.0,3.2472916365232574,835.0293099665787,3.9271820602984677,0.72
8929.668612653342,3.927158997313364,0.0,-0.0,3.2472916365232574,835.9736958088952,3.927181197057754,0.72
8929.732639091564,3.927158924616521,0.0,-0.0,3.2472916365232574,836.037722247117,3.9271811386543587,0.72
8929.796665529786,3.9271588519356095,0.0,-0.0,3.2472916365232574,836.1017486853389,3.9271810802663887,0.72
8929.924718406231,3.927158706612423,0.0,-0.0,3.2472916365232574,836.2298015617844,3.927180963536708,0.72
8930.18082415912,3.927158416162574,0.0,-0.0,3.2472916365232574,836.4859073146736,3.927180730262273,0.72
8930.6930356649,3.9271578360094384,0.0,-0.0,3.2472916365232574,836.9981188204538,3.927180264452195,0.72
8931.669434659314,3.9271567329451136,0.0,-0.0,3.2472916365232574,837.9745178148669,3.9271793792276095,0.72
8931.73146027553,3.9271566630070285,0.0,-0.0,3.2472916365232574,838.0365434310834,3.9271793231142036,0.72
8931.793485891747,3.9271565930836765,0.0,-0.0,3.2472916365232574,838.0985690472999,3.9271792670151546,0.72
8931.91753712418,3.9271564532730623,0.0,-0.0,3.2472916365232574,838.2226202797328,3.927179154860115,0.72
8932.165639589046,3.9271561738348524,0.0,-0.0,3.2472916365232574,838.4707227445988,3.927178930722164,0.72
8932.661844518778,3.927155615654689,0.0,-0.0,3.2472916365232574,838.9669276743307,3.9271784831339542,0.72
8933.654254378242,3.927154502169573,0.0,-0.0,3.2472916365232574,839.9593375337945,3.9271775907017425,0.72
8933.670256665286,3.927154484246503,0.0,-0.0,3.2472916365232574,839.9753398208386,3.9271775763414762,0.72
8933.730281459497,3.9271544170320007,0.0,-0.0,3.2472916365232574,840.0353646150497,3.92717752248437,0.72
8933.790306253708,3.927154349831675,0.0,-0.0,3.2472916365232574,840.0953894092609,3.9271774686405996,0.72
8933.910355842128,3.9271542154644132,0.0,-0.0,3.2472916365232574,840.2154389976813,3.9271773609930523,0.72
8934.150455018971,3.9271539469006105,0.0,-0.0,3.2472916365232574,840.455538174524,3.927177145857842,0.72
8934.630653372655,3.927153410420043,0.0,-0.0,3.2472916365232574,840.9357365282076,3.9271767162262163,0.72
8935.591050080024,3.927152340134713,0.0,-0.0,3.2472916365232574,841.8961332355766,3.927175859512248,0.72
8935.671078671257,3.9271522511091463,0.0,-0.0,3.2472916365232574,841.9761618268103,3.927175788276502,0.72
8935.729102643461,3.927152186584832,0.0,-0.0,3.2472916365232574,842.0341857990143,3.927175736642406,0.72
8935.787126615665,3.9271521220734438,0.0,-0.0,3.2472916365232574,842.0922097712182,3.9271756850206683,0.72
8935.903174560075,3.9271519930810697,0.0,-0.0,3.2472916365232574,842.208257715628,3.9271755818142595,0.72
8936.135270448893,3.927151735255204,0.0,-0.0,3.2472916365232574,842.4403536044456,3.9271753755496217,0.72
8936.59946222653,3.927151220204527,0.0,-0.0,3.2472916365232574,842.9045453820827,3.9271749636124027,0.72
8937.527845781804,3.927150192585305,0.0,-0.0,3.2472916365232574,843.8329289373569,3.92717414210091,0.72
8937.67190067723,3.927150033427629,0.0,-0.0,3.2472916365232574,843.976983832782,3.927174014910846,0.72
8937.727923827428,3.9271499715593516,0.0,-0.0,3.2472916365232574,844.0330069829806,3.9271739654668636,0.72
8937.783946977626,3.927149909702563,0.0,-0.0,3.2472916365232574,844.0890301331792,3.927173916034308,0.72
8937.895993278024,3.9271497860177402,0.0,-0.0,3.2472916365232574,844.2010764335764,3.927173817203468,0.72
8938.120085878818,3.927149538795158,0.0,-0.0,3.2472916365232574,844.4251690343708,3.9271736196787934,0.72
8938.568271080407,3.9271490449055464,0.0,-0.0,3.2472916365232574,844.8733542359596,3.9271732251768796,0.72
8939.464641483584,3.9271480594270027,0.0,-0.0,3.2472916365232574,845.7697246391372,3.927172438358072,0.72
8939.672722683203,3.9271478310967636,0.0,-0.0,3.2472916365232574,845.9778058387556,3.927172256123667,0.72
8939.726745011396,3.9271477718502394,0.0,-0.0,3.2472916365232574,846.0318281669488,3.9271722088372942,0.72
8939.78076733959,3.9271477126148615,0.0,-0.0,3.2472916365232574,846.085850495142,3.9271721615614594,0.72
8939.888811995974,3.927147594170188,0.0,-0.0,3.2472916365232574,846.1938951515267,3.9271720670413943,0.72
8940.104901308745,3.927147357417539,0.0,-0.0,3.2472916365232574,846.4099844642978,3.927171878127617,0.72
8940.537079934285,3.9271468844254627,0.0,-0.0,3.2472916365232574,846.8421630898383,3.9271715008049464,0.72
8941.401437185368,3.927145940564274,0.0,-0.0,3.2472916365232574,847.7065203409211,3.9271707481749494,0.72
8941.673544689174,3.9271456440114294,0.0,-0.0,3.2472916365232574,847.9786278447273,3.927170511795119,0.72
8941.72556619536,3.9271455873541496,0.0,-0.0,3.2472916365232574,848.0306493509133,3.927170466634237,0.72
8941.777587701547,3.9271455307067464,0.0,-0.0,3.2472916365232574,848.0826708570994,3.927170421483046,0.72
8941.88163071392,3.927145417436729,0.0,-0.0,3.2472916365232574,848.1867138694734,3.9271703312097315,0.72
8942.089716738667,3.9271451910208284,0.0,-0.0,3.2472916365232574,848.3947998942194,3.9271701507793098,0.72
8942.50588878816,3.9271447386626868,0.0,-0.0,3.2472916365232574,848.8109719437134,3.927169790382832,0.72
8943.338232887147,3.9271438359025623,0.0,-0.0,3.2472916365232574,849.6433160426996,3.9271690714436223,0.72
8943.674366695146,3.927143472067857,0.0,-0.0,3.2472916365232574,849.979449850699,3.9271687818063405,0.72
8943.724387379327,3.927143417966409,0.0,-0.0,3.2472916365232574,850.0294705348797,3.9271687387392125,0.72
8943.774408063508,3.9271433638743076,0.0,-0.0,3.2472916365232574,850.0794912190604,3.927168695680971,0.72
8943.874449431869,3.927143255712772,0.0,-0.0,3.2472916365232574,850.1795325874218,3.927168609591142,0.72
8944.074532168592,3.9271430395034046,0.0,-0.0,3.2472916365232574,850.3796153241447,3.9271684375180445,0.72
8944.474697642037,3.9271426075195315,0.0,-0.0,3.2472916365232574,850.7797807975903,3.9271680937976856,0.72
8945.275028588929,3.927141745348727,0.0,-0.0,3.2472916365232574,851.5801117444817,3.927167408057032,0.72
8945.675188701118,3.927141315163268,0.0,-0.0,3.2472916365232574,851.9802718566707,3.927167066039447,0.72
8945.723208563293,3.9271412635852405,0.0,-0.0,3.2472916365232574,852.028291718846,3.9271670250347146,0.72
8945.771228425469,3.927141212015736,0.0,-0.0,3.2472916365232574,852.0763115810214,3.927166984038105,0.72
8945.867268149817,3.9271411088970782,0.0,-0.0,3.2472916365232574,852.1723513053703,3.927166902069248,0.72
8946.059347598517,3.9271409027648945,0.0,-0.0,3.2472916365232574,852.3644307540699,3.9271667382289364,0.72
8946.443506495914,3.927140490898242,0.0,-0.0,3.2472916365232574,852.7485896514672,3.927166410937568,0.72
8947.21182429071,3.9271396688095517,0.0,-0.0,3.2472916365232574,853.5169074462638,3.9271657579089703,0.72
8947.67601070709,3.927139173193862,0.0,-0.0,3.2472916365232574,853.9810938626424,3.9271653643775237,0.72
8947.722029747258,3.927139124107067,0.0,-0.0,3.2472916365232574,854.0271129028106,3.9271653254042023,0.72
8947.768048787426,3.927139075027968,0.0,-0.0,3.2472916365232574,854.0731319429788,3.92716528643828,0.72
8947.860086867764,3.9271389768878207,0.0,-0.0,3.2472916365232574,854.1651700233169,3.9271652085286246,0.72
8948.044163028439,3.9271387807044507,0.0,-0.0,3.2472916365232574,854.3492461839915,3.927165052798039,0.72
8948.41231534979,3.92713838869996,0.0,-0.0,3.2472916365232574,854.7173985053423,3.9271647416914472,0.72
8949.14861999249,3.927137606191344,0.0,-0.0,3.2472916365232574,855.4537031480422,3.9271641208940746,0.72
8949.676832713063,3.92713704605914,0.0,-0.0,3.2472916365232574,855.9819158686159,3.9271636767046165,0.72
8949.720850931226,3.927136999431255,0.0,-0.0,3.2472916365232574,856.0259340867788,3.927163639732091,0.72
8949.764869149389,3.9271369528110602,0.0,-0.0,3.2472916365232574,856.0699523049416,3.9271636027662797,0.72
8949.852905585714,3.9271368595857425,0.0,-0.0,3.2472916365232574,856.1579887412672,3.927163528854794,0.72
8950.028978458366,3.9271366732239974,0.0,-0.0,3.2472916365232574,856.3340616139185,3.9271633811123334,0.72
8950.381124203668,3.9271363008294795,0.0,-0.0,3.2472916365232574,856.686207359221,3.9271630859491884,0.72
8951.085415694273,3.9271355574041142,0.0,-0.0,3.2472916365232574,857.3904988498261,3.9271624969078207,0.72
8951.677654719035,3.9271349336584422,0.0,-0.0,3.2472916365232574,857.9827378745877,3.9271620029057237,0.72
8951.719672115192,3.927134889458235,0.0,-0.0,3.2472916365232574,858.0247552707451,3.9271619679037464,0.72
8951.76168951135,3.9271348452640678,0.0,-0.0,3.2472916365232574,858.0667726669026,3.927161932907836,0.72
8951.845724303663,3.927134756891908,0.0,-0.0,3.2472916365232574,858.1508074592157,3.927161862934213,0.72
8952.01379388829,3.927134580224908,0.0,-0.0,3.2472916365232574,858.3188770438437,3.9271617230597244,0.72
8952.349933057545,3.9271342271908996,0.0,-0.0,3.2472916365232574,858.655016213098,3.9271614436015483,0.72
8953.022211396054,3.9271335223562405,0.0,-0.0,3.2472916365232574,859.3272945516064,3.927160885846517,0.72
8953.678476725006,3.9271328358908693,0.0,-0.0,3.2472916365232574,859.9835598805594,3.9271603428667907,0.72
8953.718493299157,3.9271327940869685,0.0,-0.0,3.2472916365232574,860.0235764547097,3.927160309805475,0.72
8953.758509873307,3.927132752288504,0.0,-0.0,3.2472916365232574,860.0635930288599,3.9271602767496163,0.72
8953.83854302161,3.9271326687055605,0.0,-0.0,3.2472916365232574,860.1436261771623,3.9271602106542693,0.72
8953.998609318212,3.9271325016104077,0.0,-0.0,3.2472916365232574,860.3036924737653,3.9271600785290297,0.72
8954.318741911418,3.92713216768872,0.0,-0.0,3.2472916365232574,860.6238250669712,3.9271598145401674,0.72
8954.959007097832,3.927131500957654,0.0,-0.0,3.2472916365232574,861.2640902533849,3.9271592876072963,0.72
8955.679298730978,3.927130752657504,0.0,-0.0,3.2472916365232574,861.9843818865311,3.9271586964746996,0.72
8955.717314483123,3.9271307132186326,0.0,-0.0,3.2472916365232574,862.022397638676,3.927158665324516,0.72
8955.755330235268,3.927130673784828,0.0,-0.0,3.2472916365232574,862.0604133908209,3.9271586341792175,0.72
8955.831361739558,3.9271305949297863,0.0,-0.0,3.2472916365232574,862.1364448951108,3.927158571903273,0.72
8955.983424748138,3.927130437282135,0.0,-0.0,3.2472916365232574,862.2885079036905,3.9271584474099743,0.72
8956.287550765297,3.9271301222280703,0.0,-0.0,3.2472916365232574,862.59263392085,3.927158198657562,0.72
8956.895802799614,3.92712949311747,0.0,-0.0,3.2472916365232574,863.200885955167,3.92715770208811,0.72
8957.68012073695,3.9271286838587947,0.0,-0.0,3.2472916365232574,863.9852038925028,3.9271570636172624,0.72
8957.71613566709,3.9271286467544266,0.0,-0.0,3.2472916365232574,864.0212188226424,3.9271570343490367,0.72
8957.752150597229,3.927128609654291,0.0,-0.0,3.2472916365232574,864.0572337527819,3.92715700508516,0.72
8957.824180457506,3.9271285354655516,0.0,-0.0,3.2472916365232574,864.1292636130593,3.9271569465704492,0.72
8957.968240178063,3.927128387143475,0.0,-0.0,3.2472916365232574,864.2733233336157,3.927156829593182,0.72
8958.256359619174,3.9271280907154797,0.0,-0.0,3.2472916365232574,864.5614427747269,3.927156595847119,0.72
8958.832598501396,3.9271274987477502,0.0,-0.0,3.2472916365232574,865.1376816569491,3.9271561291877233,0.72
8959.680942742923,3.9271266293972857,0.0,-0.0,3.2472916365232574,865.9860258984763,3.927155444183213,0.72
8959.714956851056,3.9271265945963787,0.0,-0.0,3.2472916365232574,866.0200400066087,3.9271554167681217,0.72
8959.748970959188,3.9271265597999454,0.0,-0.0,3.2472916365232574,866.0540541147411,3.927155389356878,0.72
8959.816999175455,3.9271264902161747,0.0,-0.0,3.2472916365232574,866.1220823310077,3.9271553345459282,0.72
8959.953055607986,3.9271263510993846,0.0,-0.0,3.2472916365232574,866.2581387635391,3.9271552249701687,0.72
8960.225168473049,3.9271260730568796,0.0,-0.0,3.2472916365232574,866.530251628602,3.9271550060030864,0.72
8960.769394203176,3.9271255177582036,0.0,-0.0,3.2472916365232574,867.0744773587294,3.9271545688057055,0.72
8961.681764748895,3.92712458917179,0.0,-0.0,3.2472916365232574,867.986847904448,3.9271538380622006,0.72
8961.713778035022,3.92712455664456,0.0,-0.0,3.2472916365232574,868.0188611905751,3.927153812471767,0.72
8961.74579132115,3.927124524121668,0.0,-0.0,3.2472916365232574,868.0508744767021,3.9271537868847126,0.72
8961.809817893403,3.927124459083547,0.0,-0.0,3.2472916365232574,868.1149010489562,3.9271537357207413,0.72
8961.937871037911,3.927124329052268,0.0,-0.0,3.2472916365232574,868.2429541934644,3.9271536334333352,0.72
8962.193977326928,3.9271240691571077,0.0,-0.0,3.2472916365232574,868.4990604824807,3.9271534290205694,0.72
8962.706189904959,3.9271235500593873,0.0,-0.0,3.2472916365232574,869.0112730605115,3.9271530208424252,0.72
8963.682586754867,3.9271225630871585,0.0,-0.0,3.2472916365232574,869.9876699104198,3.9271522451447822,0.72
8963.712599218989,3.927122532804667,0.0,-0.0,3.2472916365232574,870.0176823745414,3.927152221350871,0.72
8963.74261168311,3.927122502524778,0.0,-0.0,3.2472916365232574,870.0476948386631,3.9271521975599057,0.72
8963.802636611352,3.927122441973802,0.0,-0.0,3.2472916365232574,870.1077197669047,3.927152149986812,0.72
8963.922686467835,3.927122320908853,0.0,-0.0,3.2472916365232574,870.2277696233878,3.92715205487596,0.72
8964.162786180803,3.9271220789255974,0.0,-0.0,3.2472916365232574,870.4678693363558,3.9271518647955213,0.72
8964.642985606739,3.927121595564534,0.0,-0.0,3.2472916365232574,870.9480687622918,3.9271514851990443,0.72
8965.60338445861,3.927120631253201,0.0,-0.0,3.2472916365232574,871.9084676141638,3.9271507282584888,0.72
8965.683408760839,3.9271205510479494,0.0,-0.0,3.2472916365232574,871.9884919163915,3.9271506653224133,0.72
8965.711420402953,3.9271205229801254,0.0,-0.0,3.2472916365232574,872.016503558506,3.9271506432972294,0.72
8965.739432045068,3.927120494914791,0.0,-0.0,3.2472916365232574,872.0445152006205,3.9271506212745906,0.72
8965.795455329298,3.927120438790438,0.0,-0.0,3.2472916365232574,872.1005384848513,3.9271505772369477,0.72
8965.907501897758,3.927120326575224,0.0,-0.0,3.2472916365232574,872.2125850533112,3.9271504891921922,0.72
8966.131595034678,3.9271201022715028,0.0,-0.0,3.2472916365232574,872.4366781902309,3.9271503132247356,0.72
8966.579781308517,3.927119654187103,0.0,-0.0,3.2472916365232574,872.8848644640702,3.9271499617775123,0.72
8967.476153856198,3.927118760105243,0.0,-0.0,3.2472916365232574,873.7812370117508,3.9271492608296255,0.72
8967.68423076681,3.9271185529585506,0.0,-0.0,3.2472916365232574,873.9893139223632,3.9271490984874418,0.72
8967.71024158692,3.927118527075667,0.0,-0.0,3.2472916365232574,874.0153247424723,3.9271490782035254,0.72
8967.736252407029,3.9271185011953182,0.0,-0.0,3.2472916365232574,874.0413355625815,3.9271490579217856,0.72
8967.788274047247,3.92711844943981,0.0,-0.0,3.2472916365232574,874.0933572027998,3.9271490173648353,0.72
8967.892317327683,3.927118345958159,0.0,-0.0,3.2472916365232574,874.1974004832364,3.9271489362770433,0.72
8968.100403888557,3.927118139102946,0.0,-0.0,3.2472916365232574,874.4054870441096,3.9271487742058424,0.72
8968.516577010301,3.9271177258406644,0.0,-0.0,3.2472916365232574,874.8216601658542,3.9271484504805576,0.72
8969.34892325379,3.9271169011035933,0.0,-0.0,3.2472916365232574,875.6540064093433,3.927147804695115,0.72
8969.685052772784,3.9271165687226457,0.0,-0.0,3.2472916365232574,875.9901359283367,3.927147544533101,0.72
8969.709062770888,3.92711654499681,0.0,-0.0,3.2472916365232574,876.0141459264405,3.9271475259633246,0.72
8969.733072768991,3.927116521272279,0.0,-0.0,3.2472916365232574,876.0381559245443,3.927147507395387,0.72
8969.781092765197,3.9271164738291,0.0,-0.0,3.2472916365232574,876.0861759207501,3.92714747026503,0.72
8969.877132757609,3.9271163789650414,0.0,-0.0,3.2472916365232574,876.1822159131616,3.9271473960263807,0.72
8970.069212742434,3.9271161893299364,0.0,-0.0,3.2472916365232574,876.3742958979865,3.9271472476372997,0.72
8970.453372712083,3.9271158104393007,0.0,-0.0,3.2472916365232574,876.7584558676363,3.9271469512116832,0.72
8971.221692651381,3.9271150541702866,0.0,-0.0,3.2472916365232574,877.526775806934,3.9271463597680283,0.72
8971.685874778756,3.9271145982466082,0.0,-0.0,3.2472916365232574,877.9909579343084,3.927146003353503,0.72
8971.707883954852,3.927114576648897,0.0,-0.0,3.2472916365232574,878.012967110405,3.927145986471066,0.72
8971.729893130949,3.9271145550522046,0.0,-0.0,3.2472916365232574,878.0349762865017,3.9271459695901623,0.72
8971.773911483144,3.927114511862715,0.0,-0.0,3.2472916365232574,878.0789946386967,3.927145935832953,0.72
8971.861948187532,3.9271144255039445,0.0,-0.0,3.2472916365232574,878.167031343085,3.9271458683369227,0.72
8972.038021596309,3.9271142528627516,0.0,-0.0,3.2472916365232574,878.3431047518616,3.927145733418387,0.72
8972.390168413862,3.9271139078968575,0.0,-0.0,3.2472916365232574,878.6952515694147,3.927145463875161,0.72
8973.094462048968,3.9271132192290215,0.0,-0.0,3.2472916365232574,879.399545204521,3.927144925962105,0.72
8973.686696784727,3.9271126414377333,0.0,-0.0,3.2472916365232574,879.9917799402801,3.9271444748436273,0.72
8973.706705138819,3.927112621938421,0.0,-0.0,3.2472916365232574,880.0117882943714,3.9271444596220557,0.72
8973.72671349291,3.9271126024412313,0.0,-0.0,3.2472916365232574,880.0317966484627,3.9271444444017405,0.72
8973.766730201092,3.927112563448967,0.0,-0.0,3.2472916365232574,880.0718133566452,3.927144413964879,0.72
8973.846763617457,3.927112485482472,0.0,-0.0,3.2472916365232574,880.1518467730102,3.9271443531062284,0.72
8974.006830450186,3.9271123296114374,0.0,-0.0,3.2472916365232574,880.3119136057385,3.927144231449197,0.72
8974.326964115644,3.9271120181289576,0.0,-0.0,3.2472916365232574,880.6320472711968,3.9271439883760233,0.72
8974.96723144656,3.927111396202217,0.0,-0.0,3.2472916365232574,881.2723146021135,3.927143503191749,0.72
8975.687518790699,3.9271106982004325,0.0,-0.0,3.2472916365232574,881.9926019462519,3.9271429588993203,0.72
8975.705526322785,3.9271106807726923,0.0,-0.0,3.2472916365232574,882.0106094783378,3.9271429453124598,0.72
8975.72353385487,3.9271106633468587,0.0,-0.0,3.2472916365232574,882.0286170104237,3.927142931726608,0.72
8975.75954891904,3.9271106284963357,0.0,-0.0,3.2472916365232574,882.0646320745936,3.927142904557934,0.72
8975.83157904738,3.9271105588100523,0.0,-0.0,3.2472916365232574,882.1366622029336,3.9271428502326935,0.72
8975.975639304062,3.927110419487823,0.0,-0.0,3.2472916365232574,882.2807224596154,3.9271427416306333,0.72
8976.263759817424,3.927110141052182,0.0,-0.0,3.2472916365232574,882.5688429729771,3.927142524620059,0.72
8976.84000084415,3.9271095850146374,0.0,-0.0,3.2472916365232574,883.1450839997024,3.9271420913720236,0.72
8977.68834079667,3.9271087684440023,0.0,-0.0,3.2472916365232574,883.9934239522236,3.9271414554172823,0.72
8977.70434750675,3.9271087530600552,0.0,-0.0,3.2472916365232574,884.0094306623023,3.9271414434392966,0.72
8977.720354216828,3.92710873767699,0.0,-0.0,3.2472916365232574,884.025437372381,3.927141431462102,0.72
8977.752367636986,3.927108706913844,0.0,-0.0,3.2472916365232574,884.0574507925385,3.927141407510085,0.72
8977.816394477302,3.92710864539724,0.0,-0.0,3.2472916365232574,884.1214776328552,3.9271413596155407,0.72
8977.944448157936,3.927108522403871,0.0,-0.0,3.2472916365232574,884.2495313134887,3.927141263864399,0.72
8978.200555519203,3.9271082765804106,0.0,-0.0,3.2472916365232574,884.5056386747556,3.927141072513807,0.72
8978.712770241737,3.9271077855904655,0.0,-0.0,3.2472916365232574,885.0178533972894,3.927140690418644,0.72
8979.689162802644,3.927106852074578,0.0,-0.0,3.2472916365232574,885.9942459581971,3.9271399642950637,0.72
8979.703168690718,3.9271068387069605,0.0,-0.0,3.2472916365232574,886.0082518462705,3.927139953900431,0.72
8979.717174578791,3.927106825340367,0.0,-0.0,3.2472916365232574,886.0222577343438,3.9271399435063987,0.72
8979.745186354938,3.927106798608148,0.0,-0.0,3.2472916365232574,886.0502695104906,3.927139922720136,0.72
8979.801209907231,3.9271067451525896,0.0,-0.0,3.2472916365232574,886.1062930627841,3.927139881154816,0.72
8979.913257011816,3.9271066382710638,0.0,-0.0,3.2472916365232574,886.2183401673692,3.9271397980529934,0.72
8980.137351220988,3.9271064246323077,0.0,-0.0,3.2472916365232574,886.4424343765413,3.92713963196455,0.72
8980.58553963933,3.927105997853871,0.0,-0.0,3.2472916365232574,886.8906227948837,3.9271393002479758,0.72
8981.481916476016,3.9271051462895583,0.0,-0.0,3.2472916365232574,887.7869996315685,3.927138638652114,0.72
8981.689984808616,3.9271049490030787,0.0,-0.0,3.2472916365232574,887.9950679641688,3.927138485431057,0.72
8981.701989874684,3.9271049376245815,0.0,-0.0,3.2472916365232574,888.0070730302368,3.927138476594566,0.72
8981.713994940752,3.927104926246888,0.0,-0.0,3.2472916365232574,888.0190780963048,3.9271384677585126,0.72
8981.738005072886,3.9271049034920016,0.0,-0.0,3.2472916365232574,888.043088228439,3.927138450087718,0.72
8981.786025337155,3.927104857988347,0.0,-0.0,3.2472916365232574,888.0911084927075,3.9271384147513806,0.72
8981.882065865693,3.9271047670036223,0.0,-0.0,3.2472916365232574,888.1871490212461,3.9271383440997045,0.72
8982.074146922769,3.927104585125506,0.0,-0.0,3.2472916365232574,888.3792300783216,3.927138202880308,0.72
8982.45830903692,3.9271042217314918,0.0,-0.0,3.2472916365232574,888.7633921924726,3.927137920777028,0.72
8983.226633265222,3.927103496399633,0.0,-0.0,3.2472916365232574,889.5317164207745,3.927137357910044,0.72
8983.690806814588,3.927103059138245,0.0,-0.0,3.2472916365232574,889.9958899701405,3.92713701872449,0.72
8983.700811058648,3.9271030497217314,0.0,-0.0,3.2472916365232574,890.0058942142014,3.927137011421237,0.72
8983.71081530271,3.9271030403057607,0.0,-0.0,3.2472916365232574,890.0158984582622,3.927137004118285,0.72
8983.730823790831,3.9271030214748874,0.0,-0.0,3.2472916365232574,890.0359069463839,3.9271369895132855,0.72
8983.770840767076,3.927102983816668,0.0,-0.0,3.2472916365232574,890.075923922629,3.9271369603069033,0.72
8983.850874719566,3.9271029085155407,0.0,-0.0,3.2472916365232574,890.1559578751194,3.9271369019086024,0.72
8984.010942624547,3.927102757976393,0.0,-0.0,3.2472916365232574,890.3160257801001,3.927136785169833,0.72
8984.331078434507,3.9271024571491773,0.0,-0.0,3.2472916365232574,890.6361615900596,3.927136551923448,0.72
8984.971350054428,3.927101856498403,0.0,-0.0,3.2472916365232574,891.2764332099805,3.9271360863538622,0.72
8985.69162882056,3.927101182389306,0.0,-0.0,3.2472916365232574,891.9967119761122,3.9271355640754186,0.72
8985.699632242615,3.9271011749084535,0.0,-0.0,3.2472916365232574,892.0047153981677,3.9271355582808036,0.72
8985.70763566467,3.927101167427954,0.0,-0.0,3.2472916365232574,892.0127188202232,3.9271355524863796,0.72
8985.723642508781,3.927101152467026,0.0,-0.0,3.2472916365232574,892.0287256643342,3.927135540898106,0.72
8985.755656197003,3.927101122548504,0.0,-0.0,3.2472916365232574,892.0607393525561,3.9271355177238547,0.72
8985.819683573445,3.9271010627206366,0.0,-0.0,3.2472916365232574,892.1247667289981,3.9271354713845334,0.72
8985.94773832633,3.927100943104528,0.0,-0.0,3.2472916365232574,892.2528214818822,3.927135378742605,0.72
8986.2038478321,3.9271007040327923,0.0,-0.0,3.2472916365232574,892.5089309876521,3.9271351936055163,0.72
8986.716066843637,3.9271002265268438,0.0,-0.0,3.2472916365232574,893.0211499991901,3.9271348239176853,0.72
8987.692450826531,3.9270993186662126,0.0,-0.0,3.2472916365232574,893.997533982084,3.9271341213847206,0.72
8987.698453426581,3.927099313094504,0.0,-0.0,3.2472916365232574,894.0035365821341,3.927134117074445,0.72
8987.704456026631,3.9270993075230085,0.0,-0.0,3.2472916365232574,894.0095391821842,3.927134112764276,0.72
8987.71646122673,3.927099296380201,0.0,-0.0,3.2472916365232574,894.0215443822826,3.9271341041442573,0.72
8987.740471626927,3.927099274095573,0.0,-0.0,3.2472916365232574,894.0455547824795,3.927134086905502,0.72
8987.78849242732,3.9270992295321765,0.0,-0.0,3.2472916365232574,894.0935755828732,3.9271340524331135,0.72
8987.88453402811,3.9270991404277638,0.0,-0.0,3.2472916365232574,894.1896171836624,3.9271339835088224,0.72
8988.076617229688,3.9270989623076638,0.0,-0.0,3.2472916365232574,894.381700385241,3.9271338457421443,0.72
8988.460783632845,3.927098606424866,0.0,-0.0,3.2472916365232574,894.765866788398,3.927133570536102,0.72
8989.229116439157,3.927097896084603,0.0,-0.0,3.2472916365232574,895.5341995947101,3.927133021430855,0.72
8989.693272832505,3.927097467881933,0.0,-0.0,3.2472916365232574,895.9983559880575,3.9271326905540893,0.72
8989.697274610548,3.927097464193329,0.0,-0.0,3.2472916365232574,896.0023577661004,3.927132687704151,0.72
8989.70127638859,3.9270974605049567,0.0,-0.0,3.2472916365232574,896.0063595441434,3.92713268485426,0.72
8989.709279944676,3.9270974531271965,0.0,-0.0,3.2472916365232574,896.0143631002293,3.927132679154618,0.72
8989.72528705685,3.927097438373305,0.0,-0.0,3.2472916365232574,896.0303702124029,3.9271326677559006,0.72
8989.757301281197,3.9270974088675725,0.0,-0.0,3.2472916365232574,896.0623844367501,3.927132644960723,0.72
8989.82132972989,3.9270973498667296,0.0,-0.0,3.2472916365232574,896.1264128854427,3.927132599379399,0.72
8989.949386627277,3.9270972319035624,0.0,-0.0,3.2472916365232574,896.2544697828298,3.927132508252866,0.72
8990.205500422051,3.9270969961355613,0.0,-0.0,3.2472916365232574,896.5105835776039,3.927132326144169,0.72
8990.7177280116,3.927096525228956,0.0,-0.0,3.2472916365232574,897.0228111671522,3.92713196250354,0.72
8991.694094838476,3.9270956299466744,0.0,-0.0,3.2472916365232574,897.9991779940292,3.9271312714860245,0.72
8991.696095794514,3.927095628115013,0.0,-0.0,3.2472916365232574,898.0011789500668,3.9271312700727163,0.72
8991.698096750551,3.927095626283405,0.0,-0.0,3.2472916365232574,898.0031799061044,3.92713126865942,0.72
8991.702098662627,3.9270956226200058,0.0,-0.0,3.2472916365232574,898.0071818181796,3.9271312658328625,0.72
8991.710102486777,3.9270956152937084,0.0,-0.0,3.2472916365232574,898.0151856423299,3.9271312601798876,0.72
8991.726110135076,3.92709560064172,0.0,-0.0,3.2472916365232574,898.0311932906288,3.9271312488744976,0.72
8991.758125431674,3.9270955713400855,0.0,-0.0,3.2472916365232574,898.0632085872267,3.9271312262659577,0.72
8991.82215602487,3.9270955127465514,0.0,-0.0,3.2472916365232574,898.1272391804223,3.927131181057835,0.72
8991.95021721126,3.927095395598733,0.0,-0.0,3.2472916365232574,898.2553003668136,3.9271310906774097,0.72
8992.206339584045,3.9270951614597127,0.0,-0.0,3.2472916365232574,898.511422739598,3.9271309100597516,0.72
8992.718584329612,3.927094693807576,0.0,-0.0,3.2472916365232574,899.0236674851649,3.9271305493964976,0.72
8993.694916844448,3.92709380477324,0.0,-0.0,3.2472916365232574,900.0000000000009,3.9271298640838292,0.72
9497.791151984607,4.057199550016493,0.0,-0.0,3.8314589937762205,2.3179862654687895,4.056573235895317,0.85
9498.457689478459,4.056787905968221,0.0,-0.0,3.8314589937762205,2.984523759319927,4.056280667415693,0.85
9499.20412502601,4.056351970880309,0.0,-0.0,3.8314589937762205,3.7309593068712275,4.055961025265345,0.85
9499.297855113251,4.056299276053963,0.0,-0.0,3.8314589937762205,3.8246893941122835,4.055921473670558,0.85
9499.391585200492,4.056246948537865,0.0,-0.0,3.8314589937762205,3.9184194813533395,4.055882051298424,0.85
9499.579045374974,4.056143170565585,0.0,-0.0,3.8314589937762205,4.105879655835452,4.05580359241651,0.85
9499.95396572394,4.055939947928275,0.0,-0.0,3.8314589937762205,4.480800004801495,4.055648205551593,0.85
9500.703806421872,4.055548699666429,0.0,-0.0,3.8314589937762205,5.230640702733581,4.055343456329581,0.85
9501.28363556126,4.055259867439103,0.0,-0.0,3.8314589937762205,5.810469842121165,4.055113194644956,0.85
9501.386192581067,4.055210184198298,0.0,-0.0,3.8314589937762205,5.9130268619283015,4.055072947957948,0.85
9501.488749600874,4.0551608403138095,0.0,-0.0,3.8314589937762205,6.015583881735438,4.055032844367794,0.85
9501.693863640488,4.055062964788098,0.0,-0.0,3.8314589937762205,6.220697921349711,4.054953064292017,0.85
9502.104091719717,4.054871226487299,0.0,-0.0,3.8314589937762205,6.630926000578256,4.054795197373872,0.85
9502.924547878174,4.054501867359379,0.0,-0.0,3.8314589937762205,7.451382159035347,4.054486116734394,0.85
9503.363146096512,4.05431213082397,0.0,-0.0,3.8314589937762205,7.889980377372922,4.054324452712246,0.85
9503.474338830383,4.0542650342122375,0.0,-0.0,3.8314589937762205,8.001173111244498,4.054283855748573,0.85
9503.585531564255,4.05421825532243,0.0,-0.0,3.8314589937762205,8.112365845116074,4.054243414378969,0.85
9503.807917031998,4.054125456883305,0.0,-0.0,3.8314589937762205,8.334751312859225,4.054162995846996,0.85
9504.252687967486,4.053943612679873,0.0,-0.0,3.8314589937762205,8.779522248347348,4.054003997737254,0.85
9505.142229838462,4.053593141886971,0.0,-0.0,3.8314589937762205,9.669064119323593,4.053693216556637,0.85
9505.442656631763,4.053478792966551,0.0,-0.0,3.8314589937762205,9.969490912624678,4.053590385181966,0.85
9505.56273123303,4.05343380435174,0.0,-0.0,3.8314589937762205,10.089565513892012,4.053549581405309,0.85
9505.682805834298,4.053389116315072,0.0,-0.0,3.8314589937762205,10.209640115159345,4.0535089454703845,0.85
9505.922955036833,4.053300458958574,0.0,-0.0,3.8314589937762205,10.449789317694012,4.053428174128842,0.85
9506.4032534419,4.0531266954407865,0.0,-0.0,3.8314589937762205,10.930087722761527,4.0532686127691315,0.85
9507.363850252035,4.052791688760854,0.0,-0.0,3.8314589937762205,11.890684532896557,4.05295725181033,0.85
9507.522167167013,4.052738105110636,0.0,-0.0,3.8314589937762205,12.049001447874616,4.0529069099011235,0.85
9507.651565159507,4.052694797908499,0.0,-0.0,3.8314589937762205,12.178399440368594,4.052865965187822,0.85
9507.780963152001,4.052651778732278,0.0,-0.0,3.8314589937762205,12.307797432862571,4.052825200786679,0.85
9508.039759136987,4.052566429349405,0.0,-0.0,3.8314589937762205,12.566593417848708,4.052744209454565,0.85
9508.557351106962,4.052399134250628,0.0,-0.0,3.8314589937762205,13.0841853878228,4.0525843526416345,0.85
9509.592535046908,4.052076554104438,0.0,-0.0,3.8314589937762205,14.119369327769164,4.052272953652621,0.85
9509.601677702265,4.0520737780889835,0.0,-0.0,3.8314589937762205,14.128511983126373,4.052270251841724,0.85
9509.74094438758,4.0520317975505975,0.0,-0.0,3.8314589937762205,14.267778668441679,4.0522291994767174,0.85
9509.880211072896,4.051990096437704,0.0,-0.0,3.8314589937762205,14.407045353756985,4.052188340331445,0.85
9510.158744443526,4.05190736280395,0.0,-0.0,3.8314589937762205,14.685578724387597,4.05210719770637,0.85
9510.715811184788,4.051745198117551,0.0,-0.0,3.8314589937762205,15.24264546564882,4.0519471874529325,0.85
9511.681188237515,4.051473420217422,0.0,-0.0,3.8314589937762205,16.20802251837631,4.051676919976521,0.85
9511.830914496302,4.0514324817762,0.0,-0.0,3.8314589937762205,16.35774877716358,4.051635784117903,0.85
9511.98064075509,4.051391817452846,0.0,-0.0,3.8314589937762205,16.507475035950847,4.0515948548713965,0.85
9512.280093272664,4.05131114483445,0.0,-0.0,3.8314589937762205,16.806927553525384,4.051513611628345,0.85
9512.878998307811,4.05115303971212,0.0,-0.0,3.8314589937762205,17.405832588672638,4.051353554396488,0.85
9513.760698772767,4.050927282760931,0.0,-0.0,3.8314589937762205,18.287533053628067,4.05112368589597,0.85
9513.921589865808,4.050887139470682,0.0,-0.0,3.8314589937762205,18.448424146668913,4.051082465831806,0.85
9514.082480958848,4.050847267978268,0.0,-0.0,3.8314589937762205,18.60931523970976,4.0510414664880185,0.85
9514.404263144932,4.050768175568058,0.0,-0.0,3.8314589937762205,18.93109742579327,4.050960124702705,0.85
9515.047827517097,4.050613203406716,0.0,-0.0,3.8314589937762205,19.57466179795847,4.0508000323711055,0.85
9515.840209308017,4.050427677238151,0.0,-0.0,3.8314589937762205,20.367043588878005,4.050607564035296,0.85
9516.013004372691,4.050388130650113,0.0,-0.0,3.8314589937762205,20.53983865355258,4.05056625957601,0.85
9516.185799437366,4.050348855875365,0.0,-0.0,3.8314589937762205,20.712633718227153,4.050525190663351,0.85
9516.531389566715,4.050270957478709,0.0,-0.0,3.8314589937762205,21.0582238475763,4.050443753457959,0.85
9517.222569825413,4.050118374975391,0.0,-0.0,3.8314589937762205,21.749404106274596,4.050283639930342,0.85
9517.919719843268,4.049968368397506,0.0,-0.0,3.8314589937762205,22.44655412412976,4.050125793390421,0.85
9518.105143561444,4.049929267442176,0.0,-0.0,3.8314589937762205,22.631977842305787,4.050084415536772,0.85
9518.29056727962,4.049890440628635,0.0,-0.0,3.8314589937762205,22.817401560481812,4.050043288640603,0.85
9518.66141471597,4.049813443317085,0.0,-0.0,3.8314589937762205,23.188248996832044,4.049961780847173,0.85
9519.403109588671,4.049662688191798,0.0,-0.0,3.8314589937762205,23.929943869532508,4.049801701806217,0.85
9519.999230378518,4.049544327273248,0.0,-0.0,3.8314589937762205,24.5260646593797,4.049675820610649,0.85
9520.198095861824,4.049505536939492,0.0,-0.0,3.8314589937762205,24.72493014268548,4.049634367207333,0.85
9520.39696134513,4.04946702489583,0.0,-0.0,3.8314589937762205,24.92379562599126,4.049593180898036,0.85
9520.794692311742,4.0493906667850545,0.0,-0.0,3.8314589937762205,25.321526592602822,4.049511601726699,0.85
9521.590154244965,4.049241237059498,0.0,-0.0,3.8314589937762205,26.116988525825946,4.049351563141837,0.85
9522.07874091377,4.04915137240061,0.0,-0.0,3.8314589937762205,26.605575194631456,4.049255284364428,0.85
9522.291835306663,4.049112791770987,0.0,-0.0,3.8314589937762205,26.81866958752471,4.049213765441721,0.85
9522.504929699557,4.049074494865781,0.0,-0.0,3.8314589937762205,27.031763980417963,4.04917253030335,0.85
9522.931118485345,4.048998580337241,0.0,-0.0,3.8314589937762205,27.45795276620629,4.049090902473016,0.85
9523.78349605692,4.048850101809358,0.0,-0.0,3.8314589937762205,28.310330337781124,4.0489309552405635,0.85
9524.15825144902,4.048786088347726,0.0,-0.0,3.8314589937762205,28.685085729881393,4.0488620008823535,0.85
9524.386629791348,4.048747591922902,0.0,-0.0,3.8314589937762205,28.913464072209536,4.048820382055169,0.85
9524.615008133676,4.048709386853106,0.0,-0.0,3.8314589937762205,29.141842414537678,4.048779064858183,0.85
9525.071764818333,4.0486336738180775,0.0,-0.0,3.8314589937762205,29.59859909919396,4.048697325225476,0.85
9525.985278187645,4.048485685091227,0.0,-0.0,3.8314589937762205,30.51211246850653,4.048537355303952,0.85
9526.237761984272,4.04844550505914,0.0,-0.0,3.8314589937762205,30.76459626513315,4.048493950588745,0.85
9526.48228215268,4.048407024606284,0.0,-0.0,3.8314589937762205,31.00911643354084,4.048452243097505,0.85
9526.726802321087,4.048368844233211,0.0,-0.0,3.8314589937762205,31.25363660194853,4.04841085560077,0.85
9527.215842657903,4.0482932012671515,0.0,-0.0,3.8314589937762205,31.742676938763907,4.048329029105038,0.85
9528.193923331533,4.048145452938966,0.0,-0.0,3.8314589937762205,32.720757612394664,4.048169091164782,0.85
9528.317272519522,4.048127117869772,0.0,-0.0,3.8314589937762205,32.84410680038309,4.048149265739831,0.85
9528.578917279407,4.048088581131651,0.0,-0.0,3.8314589937762205,33.10575156026789,4.048107464082793,0.85
9528.840562039291,4.0480503545162705,0.0,-0.0,3.8314589937762205,33.36739632015269,4.048066001514932,0.85
9529.36385155906,4.047974642835505,0.0,-0.0,3.8314589937762205,33.89068583992048,4.0479840806471685,0.85
9530.396783054774,4.047828760541915,0.0,-0.0,3.8314589937762205,34.923617335634844,4.047826218992758,0.85
9530.677859531208,4.047789928601665,0.0,-0.0,3.8314589937762205,35.20469381206931,4.047784125795029,0.85
9530.958936007642,4.047751420981225,0.0,-0.0,3.8314589937762205,35.48577028850377,4.047742394778689,0.85
9531.521088960511,4.047675180882892,0.0,-0.0,3.8314589937762205,36.0479232413727,4.047660004404041,0.85
9532.476293590023,4.047548479725067,0.0,-0.0,3.8314589937762205,37.00312787088478,4.047523212835326,0.85
9532.776128813293,4.0475095428647005,0.0,-0.0,3.8314589937762205,37.30296309415462,4.047481088298675,0.85
9533.075964036563,4.047470941670386,0.0,-0.0,3.8314589937762205,37.60279831742446,4.047439345259231,0.85
9533.675634483105,4.047394541207479,0.0,-0.0,3.8314589937762205,38.20246876396595,4.047356986980416,0.85
9534.555804125275,4.0472846243076805,0.0,-0.0,3.8314589937762205,39.08263840613654,4.047238769811636,0.85
9534.875160751324,4.047245567978763,0.0,-0.0,3.8314589937762205,39.40199503218537,4.047196643040989,0.85
9535.194517377373,4.047206859140193,0.0,-0.0,3.8314589937762205,39.7213516582342,4.047154916924058,0.85
9535.833230629472,4.047130271106862,0.0,-0.0,3.8314589937762205,40.360064910333676,4.047072648021885,0.85
9536.635314660525,4.047035875612439,0.0,-0.0,3.8314589937762205,41.16214894138648,4.04697152348372,0.85
9536.975902290953,4.046996579149475,0.0,-0.0,3.8314589937762205,41.50273657181424,4.046929303821085,0.85
9537.31648992138,4.046957644253987,0.0,-0.0,3.8314589937762205,41.843324202242,4.046887506046737,0.85
9537.997665182236,4.046880637395261,0.0,-0.0,3.8314589937762205,42.52449946309753,4.0468051552920405,0.85
9538.714825195777,4.046800955273506,0.0,-0.0,3.8314589937762205,43.24165947663823,4.046720210073742,0.85
9539.077682699399,4.04676139097222,0.0,-0.0,3.8314589937762205,43.60451698026009,4.046677902390138,0.85
9539.44054020302,4.046722203130117,0.0,-0.0,3.8314589937762205,43.96737448388194,4.046636038090919,0.85
9540.166255210266,4.046644693221314,0.0,-0.0,3.8314589937762205,44.693089491127466,4.046553616336816,0.85
9540.794335731027,4.04657867782158,0.0,-0.0,3.8314589937762205,45.32117001188817,4.046483660735518,0.85
9541.180533962111,4.046538820876021,0.0,-0.0,3.8314589937762205,45.707368242972734,4.0464412672426535,0.85
9541.566732193196,4.046499355999842,0.0,-0.0,3.8314589937762205,46.0935664740573,4.04639933885069,0.85
9542.339128655367,4.046421327306706,0.0,-0.0,3.8314589937762205,46.86596293622824,4.046316851417059,0.85
9542.873846266279,4.0463680875196815,0.0,-0.0,3.8314589937762205,47.40068054713993,4.046260794407964,0.85
9543.28440921868,4.0463279215510495,0.0,-0.0,3.8314589937762205,47.81124349954189,4.046218322853495,0.85
9543.694972171083,4.046288163821456,0.0,-0.0,3.8314589937762205,48.22180645194385,4.046176338109672,0.85
9544.516098075885,4.046209585894116,0.0,-0.0,3.8314589937762205,49.04293235674595,4.046093800260147,0.85
9544.953356801529,4.046168294099662,0.0,-0.0,3.8314589937762205,49.480191082389865,4.0460506112066605,0.85
9545.389651364052,4.046127773959796,0.0,-0.0,3.8314589937762205,49.91648564491334,4.046008035305859,0.85
9545.825945926576,4.046087679367819,0.0,-0.0,3.8314589937762205,50.35278020743681,4.045965968606049,0.85
9546.698535051624,4.046008466706136,0.0,-0.0,3.8314589937762205,51.22536933248557,4.045883330902699,0.85
9547.03286733678,4.045978477857879,0.0,-0.0,3.8314589937762205,51.55970161764162,4.045852186313013,0.85
9547.495987922688,4.045937589199365,0.0,-0.0,3.8314589937762205,52.02282220354937,4.045809509131412,0.85
9547.959108508596,4.045897143923738,0.0,-0.0,3.8314589937762205,52.48594278945711,4.045767363460213,0.85
9548.885349680411,4.045817269986372,0.0,-0.0,3.8314589937762205,53.4121839612726,4.045684631413149,0.85
9549.11237787203,4.045797901490744,0.0,-0.0,3.8314589937762205,53.63921215289156,4.045664664323542,0.85
9549.60349912687,4.045756625526259,0.0,-0.0,3.8314589937762205,54.13033340773109,4.045621881148206,0.85
9550.09462038171,4.045715811384175,0.0,-0.0,3.8314589937762205,54.62145466257061,4.045579651787439,0.85
9551.076862891388,4.045635241083582,0.0,-0.0,3.8314589937762205,55.60369717224967,4.045496815711986,0.85
9551.191888407282,4.045625895564429,0.0,-0.0,3.8314589937762205,55.718722688143316,4.045487254024644,0.85
9551.712160238327,4.045584218096165,0.0,-0.0,3.8314589937762205,56.238994519188054,4.0454443621194995,0.85
9552.232432069371,4.045543021379299,0.0,-0.0,3.8314589937762205,56.75926635023279,4.045402046166954,0.85
9553.271398942532,4.04546185004697,0.0,-0.0,3.8314589937762205,57.798233223393254,4.045319223560803,0.85
9553.82235893484,4.04541972939875,0.0,-0.0,3.8314589937762205,58.349193215701234,4.0452761893399405,0.85
9554.373318927148,4.045378109542289,0.0,-0.0,3.8314589937762205,58.900153208009215,4.045233753781221,0.85
9555.350909477784,4.0453051783996985,0.0,-0.0,3.8314589937762205,59.87774375864501,4.045159895966612,0.85
9555.932970838578,4.045262659879449,0.0,-0.0,3.8314589937762205,60.4598051194389,4.0451167721558985,0.85
9556.515032199371,4.04522066124513,0.0,-0.0,3.8314589937762205,61.041866480232784,4.04507426777986,0.85
9557.430420013034,4.045155373782986,0.0,-0.0,3.8314589937762205,61.95725429389495,4.045008645035223,0.85
9558.044476174637,4.045112463372925,0.0,-0.0,3.8314589937762205,62.57131045549795,4.044965441021624,0.85
9558.65853233624,4.045070091821922,0.0,-0.0,3.8314589937762205,63.185366617100954,4.044922876287855,0.85
9559.509930548285,4.045011972815444,0.0,-0.0,3.8314589937762205,64.0367648291467,4.044864891497873,0.85
9560.156784166491,4.044968681189143,0.0,-0.0,3.8314589937762205,64.68361844735227,4.0448216189496895,0.85
9560.803637784697,4.044925947097262,0.0,-0.0,3.8314589937762205,65.33047206555784,4.0447790043824545,0.85
9561.589441083535,4.044874550113349,0.0,-0.0,3.8314589937762205,66.11627536439664,4.044728099491095,0.85
9562.26978940865,4.044830892612351,0.0,-0.0,3.8314589937762205,66.79662368951176,4.044684772392953,0.85
9562.950137733766,4.044787810834911,0.0,-0.0,3.8314589937762205,67.47697201462688,4.044642120615122,0.85
9563.668951618787,4.044742714392488,0.0,-0.0,3.8314589937762205,68.1957858996484,4.044597773289912,0.85
9564.38337194719,4.044698710984236,0.0,-0.0,3.8314589937762205,68.91020622805081,4.04455440796264,0.85
9565.097792275592,4.044655300808664,0.0,-0.0,3.8314589937762205,69.62462655645322,4.044511733718747,0.85
9565.748462154037,4.0446161050538,0.0,-0.0,3.8314589937762205,70.27529643489834,4.044473454287016,0.85
9566.49739815943,4.044571780238073,0.0,-0.0,3.8314589937762205,71.0242324402916,4.044430069360498,0.85
9567.246334164824,4.044528065285743,0.0,-0.0,3.8314589937762205,71.77316844568486,4.044387389498347,0.85
9567.827972689289,4.044494374298697,0.0,-0.0,3.8314589937762205,72.3548069701501,4.044354718199404,0.85
9568.611149443039,4.044449789427569,0.0,-0.0,3.8314589937762205,73.1379837239001,4.044311365969935,0.85
9569.394326196789,4.044405829084509,0.0,-0.0,3.8314589937762205,73.92116047765012,4.044268729779292,0.85
9569.90748322454,4.044377224617189,0.0,-0.0,3.8314589937762205,74.43431750540185,4.0442411724853295,0.85
9570.725309348289,4.04433239600626,0.0,-0.0,3.8314589937762205,75.25214362914994,4.044197859152642,0.85
9571.543135472037,4.044288205755919,0.0,-0.0,3.8314589937762205,76.06996975289803,4.044155271219469,0.85
9571.98699375979,4.044264372212106,0.0,-0.0,3.8314589937762205,76.51382804065179,4.044132453955747,0.85
9572.81048008667,4.044220844589839,0.0,-0.0,3.8314589937762205,77.33731436753078,4.044090660640432,0.85
9573.633966413548,4.044177925277845,0.0,-0.0,3.8314589937762205,78.16080069440977,4.044049551576876,0.85
9574.066504295042,4.044155517246793,0.0,-0.0,3.8314589937762205,78.59333857590354,4.044028226565606,0.85
9574.887911111386,4.044113605136941,0.0,-0.0,3.8314589937762205,79.41474539224691,4.04398822492028,0.85
9575.709317927729,4.0440722626202135,0.0,-0.0,3.8314589937762205,80.23615220859028,4.043948857093545,0.85
9576.146014830292,4.044050412377711,0.0,-0.0,3.8314589937762205,80.67284911115348,4.043928179371439,0.85
9576.9653421361,4.0440100199938165,0.0,-0.0,3.8314589937762205,81.49217641696123,4.0438898449415435,0.85
9577.784669441908,4.043970161382546,0.0,-0.0,3.8314589937762205,82.31150372276898,4.043852097866362,0.85
9578.225525365544,4.043948838181603,0.0,-0.0,3.8314589937762205,82.75235964640524,4.043832024642728,0.85
9579.042773160818,4.043909876657304,0.0,-0.0,3.8314589937762205,83.56960744167918,4.043795242480074,0.85
9579.860020956092,4.0438714157364295,0.0,-0.0,3.8314589937762205,84.38685523695312,4.0437590048620935,0.85
9580.305035900794,4.043850590784821,0.0,-0.0,3.8314589937762205,84.83187018165518,4.0437394961154896,0.85
9581.120204185532,4.0438129776046114,0.0,-0.0,3.8314589937762205,85.6470384663935,4.043704160043659,0.85
9581.93537247027,4.043775834287581,0.0,-0.0,3.8314589937762205,86.46220675113182,4.043669329069918,0.85
9582.384546436046,4.043755480602293,0.0,-0.0,3.8314589937762205,86.91138071690693,4.043650347377326,0.85
9583.197635210248,4.043719139084105,0.0,-0.0,3.8314589937762205,87.72446949110963,4.043616359313886,0.85
9584.010723984451,4.0436832389163015,0.0,-0.0,3.8314589937762205,88.53755826531233,4.043582839998111,0.85
9584.464056971296,4.043663331196219,0.0,-0.0,3.8314589937762205,88.99089125215687,4.04356435037409,0.85
9585.275066234963,4.04362819002088,0.0,-0.0,3.8314589937762205,89.80190051582395,4.043531619705215,0.85
9586.08607549863,4.04359346373152,0.0,-0.0,3.8314589937762205,90.61290977949102,4.043499324283688,0.85
9586.543567506547,4.04357397823717,0.0,-0.0,3.8314589937762205,91.07040178740863,4.043481294028971,0.85
9587.352497259679,4.043539971025918,0.0,-0.0,3.8314589937762205,91.87933154054008,4.043449737032429,0.85
9588.16142701281,4.0435063541177065,0.0,-0.0,3.8314589937762205,92.68826129367153,4.043418584406541,0.85
9588.623078041797,4.043487268561387,0.0,-0.0,3.8314589937762205,93.14991232265857,4.043400982965568,0.85
9589.429928284395,4.043454333486966,0.0,-0.0,3.8314589937762205,93.95676256525621,4.043370522278325,0.85
9590.236778526993,4.043421765865281,0.0,-0.0,3.8314589937762205,94.76361280785386,4.043340437500196,0.85
9590.702588577049,4.043403059313132,0.0,-0.0,3.8314589937762205,95.22942285791032,4.0433232363270815,0.85
9591.507359309111,4.043371138747949,0.0,-0.0,3.8314589937762205,96.03419358997235,4.043293800454095,0.85
9592.312130041173,4.043339564381376,0.0,-0.0,3.8314589937762205,96.83896432203437,4.043264714251935,0.85
9592.782099112299,4.043321217162285,0.0,-0.0,3.8314589937762205,97.30893339316026,4.043247886684429,0.85
9593.584790333825,4.043290257356226,0.0,-0.0,3.8314589937762205,98.11162461468666,4.04321940954542,0.85
9594.387481555352,4.043259623965919,0.0,-0.0,3.8314589937762205,98.91431583621306,4.043191257885571,0.85
9594.86160964755,4.043241617585396,0.0,-0.0,3.8314589937762205,99.38844392841202,4.043174779026555,0.85
9595.662221358542,4.043211568373019,0.0,-0.0,3.8314589937762205,100.1890556394028,4.0431471995378425,0.85
9596.462833069532,4.04318182715164,0.0,-0.0,3.8314589937762205,100.98966735039357,4.043119923220662,0.85
9596.9411201828,4.043164144214087,0.0,-0.0,3.8314589937762205,101.46795446366195,4.043103769826761,0.85
9597.739652383256,4.043134958745529,0.0,-0.0,3.8314589937762205,102.26648666411711,4.04307703151544,0.85
9598.538184583711,4.043106064096437,0.0,-0.0,3.8314589937762205,103.06501886457227,4.043050575802412,0.85
9599.020630718052,4.043088688235828,0.0,-0.0,3.8314589937762205,103.54746499891371,4.043034726179338,0.85
9599.817083407974,4.04306032272821,0.0,-0.0,3.8314589937762205,104.34391768883506,4.043008776827304,0.85
9600.613536097895,4.0430322320296685,0.0,-0.0,3.8314589937762205,105.14037037875642,4.042983091096964,0.85
9601.100141253302,4.043015147840871,0.0,-0.0,3.8314589937762205,105.62697553416365,4.042967525001182,0.85
9601.894514432688,4.04298756135581,0.0,-0.0,3.8314589937762205,106.42134871354938,4.042942316316689,0.85
9602.688887612074,4.042960234739553,0.0,-0.0,3.8314589937762205,107.21572189293511,4.042917353747153,0.85
9603.179651788554,4.042943427716691,0.0,-0.0,3.8314589937762205,107.7064860694154,4.04290205229354,0.85
9603.971945457404,4.042916581950989,0.0,-0.0,3.8314589937762205,108.49877973826551,4.042877539608169,0.85
9604.764239126254,4.042889982105697,0.0,-0.0,3.8314589937762205,109.29107340711562,4.042853256884179,0.85
9605.259162323804,4.042873438587713,0.0,-0.0,3.8314589937762205,109.78599660466534,4.04283820245931,0.85
9606.049376482119,4.0428472976822025,0.0,-0.0,3.8314589937762205,110.57621076297983,4.042814344448379,0.85
9606.839590640433,4.042821389667369,0.0,-0.0,3.8314589937762205,111.36642492129431,4.042790701491008,0.85
9607.338672859056,4.042805096783193,0.0,-0.0,3.8314589937762205,111.8655071399171,4.04277587767176,0.85
9608.126807506835,4.042779627147066,0.0,-0.0,3.8314589937762205,112.65364178769596,4.042752636096369,0.85
9608.914942154614,4.0427543782242585,0.0,-0.0,3.8314589937762205,113.44177643547482,4.042729595813606,0.85
9609.418183394306,4.0427383238429435,0.0,-0.0,3.8314589937762205,113.94501767516704,4.042714987290759,0.85
9610.20423853155,4.042713493994144,0.0,-0.0,3.8314589937762205,114.7310728124121,4.042692326759784,0.85
9610.990293668796,4.042688873469491,0.0,-0.0,3.8314589937762205,115.51712794965715,4.042669854816406,0.85
9611.497693929557,4.042673046157134,0.0,-0.0,3.8314589937762205,116.0245282104188,4.042655447322956,0.85
9612.281669556267,4.042648826571229,0.0,-0.0,3.8314589937762205,116.80850383712823,4.0426333350734645,0.85
9613.065645182976,4.042624805653002,0.0,-0.0,3.8314589937762205,117.59247946383766,4.042611399678688,0.85
9613.577204464807,4.042609194626545,0.0,-0.0,3.8314589937762205,118.10403874566873,4.0425971799226055,0.85
9614.359100580981,4.042585557600816,0.0,-0.0,3.8314589937762205,118.88593486184254,4.042575585617259,0.85
9615.140996697155,4.04256210926517,0.0,-0.0,3.8314589937762205,119.66783097801635,4.0425541573288095,0.85
9615.65671500006,4.0425467043570515,0.0,-0.0,3.8314589937762205,120.18354928092049,4.0425401129299585,0.85
9616.436531605697,4.04252362388125,0.0,-0.0,3.8314589937762205,120.96336588655868,4.042519008470089,0.85
9617.216348211336,4.042500722750581,0.0,-0.0,3.8314589937762205,121.74318249219687,4.04249806001342,0.85
9617.73622553531,4.042485514366712,0.0,-0.0,3.8314589937762205,122.26305981617043,4.042484179444412,0.85
9618.513962630412,4.042462966010211,0.0,-0.0,3.8314589937762205,123.04079691127299,4.0424635387975645,0.85
9619.291699725514,4.042440588237811,0.0,-0.0,3.8314589937762205,123.81853400637556,4.042443044899042,0.85
9619.81573607056,4.042425567327083,0.0,-0.0,3.8314589937762205,124.34257035142218,4.042429317429787,0.85
9620.59139365513,4.042403528125764,0.0,-0.0,3.8314589937762205,125.11822793599094,4.042409116470604,0.85
9621.367051239698,4.042381651293891,0.0,-0.0,3.8314589937762205,125.8938855205597,4.042389053703596,0.85
9621.89524660581,4.042366809313744,0.0,-0.0,3.8314589937762205,126.42208088667212,4.042375469349317,0.85
9622.668824679844,4.042345257671526,0.0,-0.0,3.8314589937762205,127.19565896070526,4.042355685712739,0.85
9623.442402753877,4.042323860691832,0.0,-0.0,3.8314589937762205,127.9692370347384,4.042336032355592,0.85
9623.974757141063,4.042309189578241,0.0,-0.0,3.8314589937762205,128.50159142192388,4.042322581828116,0.85
9624.74625570456,4.042288105176139,0.0,-0.0,3.8314589937762205,129.2730899854214,4.0423031947739325,0.85
9625.517754268058,4.042267168199498,0.0,-0.0,3.8314589937762205,130.0445885489189,4.042283930678941,0.85
9626.054267676313,4.042252660339565,0.0,-0.0,3.8314589937762205,130.58110195717381,4.0422706053410495,0.85
9626.823686729274,4.042232024046605,0.0,-0.0,3.8314589937762205,131.3505210101357,4.042251595628945,0.85
9627.593105782236,4.042211528381708,0.0,-0.0,3.8314589937762205,132.1199400630976,4.042232702101436,0.85
9628.133778211564,4.042197176585803,0.0,-0.0,3.8314589937762205,132.66061249242557,4.042219493924105,0.85
9628.90111775399,4.042176970381294,0.0,-0.0,3.8314589937762205,133.42795203485184,4.042200843698356,0.85
9629.668457296417,4.0421568984168506,0.0,-0.0,3.8314589937762205,134.1952915772781,4.04218230338513,0.85
9630.213288746816,4.0421426958938245,0.0,-0.0,3.8314589937762205,134.74012302767733,4.042169204907475,0.85
9630.978548778709,4.0421229027931,0.0,-0.0,3.8314589937762205,135.5053830595698,4.042150897590584,0.85
9631.743808810601,4.042103237924408,0.0,-0.0,3.8314589937762205,136.27064309146226,4.0421326943769795,0.85
9632.292799282066,4.042089178261215,0.0,-0.0,3.8314589937762205,136.81963356292727,4.042119698668742,0.85
9633.055979803423,4.0420697822459415,0.0,-0.0,3.8314589937762205,137.5828140842841,4.0421017188633,0.85
9633.81916032478,4.0420505088116165,0.0,-0.0,3.8314589937762205,138.34599460564095,4.042083837778209,0.85
9634.372309817318,4.042036585946208,0.0,-0.0,3.8314589937762205,138.89914409817902,4.042070938404635,0.85
9635.133410828139,4.042017571902729,0.0,-0.0,3.8314589937762205,139.66024510900024,4.042053271802765,0.85
9635.89451183896,4.041998675118972,0.0,-0.0,3.8314589937762205,140.42134611982146,4.042035698931003,0.85
9636.451820352568,4.041984883324838,0.0,-0.0,3.8314589937762205,140.97865463342896,4.0420228899199575,0.85
9637.210841852853,4.041966236984105,0.0,-0.0,3.8314589937762205,141.73767613371456,4.042005523219785,0.85
9637.969863353139,4.041947702890459,0.0,-0.0,3.8314589937762205,142.49669763400016,4.041988245621219,0.85
9638.53133088782,4.041934036754661,0.0,-0.0,3.8314589937762205,143.05816516868072,4.04197552143241,0.85
9639.28827287757,4.041915744636828,0.0,-0.0,3.8314589937762205,143.8151071584307,4.041958442260982,0.85
9640.04521486732,4.041897560042349,0.0,-0.0,3.8314589937762205,144.57204914818067,4.041941447895925,0.85
9640.61084142307,4.041884014447118,0.0,-0.0,3.8314589937762205,145.13767570393065,4.041928803392095,0.85
9641.365703902286,4.0418660638109625,0.0,-0.0,3.8314589937762205,145.89253818314683,4.041912000234262,0.85
9642.120566381502,4.041848216243485,0.0,-0.0,3.8314589937762205,146.647400662363,4.041895277894629,0.85
9642.690351958321,4.041834786351604,0.0,-0.0,3.8314589937762205,147.2171862391824,4.041882708314599,0.85
9643.443134927002,4.041817165147524,0.0,-0.0,3.8314589937762205,147.96996920786296,4.041866170447415,0.85
9644.195917895682,4.041799642808295,0.0,-0.0,3.8314589937762205,148.7227521765435,4.041849709693197,0.85
9644.769862493571,4.0417863240457095,0.0,-0.0,3.8314589937762205,149.29669677443235,4.04183721062665,0.85
9645.520565951716,4.041769020869893,0.0,-0.0,3.8314589937762205,150.04740023257727,4.041820928058832,0.85
9646.27126940986,4.041751812590461,0.0,-0.0,3.8314589937762205,150.7981036907222,4.04180471915948,0.85
9646.849373028823,4.0417386006305485,0.0,-0.0,3.8314589937762205,151.3762073096841,4.041792286523368,0.85
9647.597996976432,4.041721604686348,0.0,-0.0,3.8314589937762205,152.1248312572934,4.041776249939446,0.85
9648.346620924041,4.041704699890277,0.0,-0.0,3.8314589937762205,152.8734552049027,4.041760283819797,0.85
9648.928883564073,4.041691590640735,0.0,-0.0,3.8314589937762205,153.45571784493404,4.041747913836276,0.85
9649.675428001146,4.041674891698903,0.0,-0.0,3.8314589937762205,154.20226228200772,4.04173211454506,0.85
9650.42197243822,4.041658280360541,0.0,-0.0,3.8314589937762205,154.9488067190814,4.041716382735426,0.85
9651.008394099325,4.041645269951246,0.0,-0.0,3.8314589937762205,155.5352283801858,4.041704071911219,0.85
9651.752859025864,4.041628858313395,0.0,-0.0,3.8314589937762205,156.27969330672568,4.041688501798263,0.85
9652.497323952404,4.041612530928523,0.0,-0.0,3.8314589937762205,157.02415823326555,4.041672996388385,0.85
9653.087904634574,4.041599615695683,0.0,-0.0,3.8314589937762205,157.61473891543574,4.041660741495494,0.85
9653.830290050579,4.041583482163777,0.0,-0.0,3.8314589937762205,158.35712433144,4.0416453929792215,0.85
9654.572675466583,4.041567429712942,0.0,-0.0,3.8314589937762205,159.09950974744424,4.041630106575783,0.85
9655.167415169826,4.041554606190825,0.0,-0.0,3.8314589937762205,159.6942494506875,4.041617904633443,0.85
9655.907721075295,4.041538742033681,0.0,-0.0,3.8314589937762205,160.43455535615612,4.041602770624674,0.85
9656.648026980763,4.04152295595512,0.0,-0.0,3.8314589937762205,161.17486126162476,4.041587696312099,0.85
9657.246925705076,4.041510220862478,0.0,-0.0,3.8314589937762205,161.77375998593743,4.041575544569918,0.85
9657.98515210001,4.041494617788595,0.0,-0.0,3.8314589937762205,162.51198638087044,4.041560618434531,0.85
9658.723378494942,4.041479089947284,0.0,-0.0,3.8314589937762205,163.25021277580345,4.041545749738799,0.85
9659.326436240328,4.041466440179432,0.0,-0.0,3.8314589937762205,163.8532705211892,4.041533645661002,0.85
9660.062583124727,4.041451090309058,0.0,-0.0,3.8314589937762205,164.5894174055884,4.041518921185469,0.85
9660.798730009126,4.0414358129735195,0.0,-0.0,3.8314589937762205,165.3255642899876,4.041504252040739,0.85
9661.405946775578,4.041423245590443,0.0,-0.0,3.8314589937762205,165.93278105643913,4.0414921932914405,0.85
9662.140014149441,4.041408141430567,0.0,-0.0,3.8314589937762205,166.6668484303027,4.041477664651042,0.85
9662.874081523305,4.04139310724659,0.0,-0.0,3.8314589937762205,167.4009158041663,4.041463189368847,0.85
9663.48545731083,4.041380619464567,0.0,-0.0,3.8314589937762205,168.01229159169088,4.041451173798282,0.85
9664.217445174158,4.041365753886595,0.0,-0.0,3.8314589937762205,168.74427945501884,4.041436835527772,0.85
9664.949433037486,4.0413509558543055,0.0,-0.0,3.8314589937762205,169.4762673183468,4.041422548768594,0.85
9665.56496784608,4.041338545037272,0.0,-0.0,3.8314589937762205,170.09180212694082,4.04141057440027,0.85
9666.294876198872,4.041323911252689,0.0,-0.0,3.8314589937762205,170.82171047973316,4.041396421366808,0.85
9667.024784551664,4.041309342707271,0.0,-0.0,3.8314589937762205,171.5516188325255,4.0413823181138495,0.85
9667.644478381331,4.041297006357537,0.0,-0.0,3.8314589937762205,172.17131266219258,4.041370383132535,0.85
9668.372307223588,4.041282597901159,0.0,-0.0,3.8314589937762205,172.8991415044493,4.041356410510707,0.85
9669.100136065845,4.041268252490681,0.0,-0.0,3.8314589937762205,173.626970346706,4.041342486045685,0.85
9669.723988916581,4.041255988243278,0.0,-0.0,3.8314589937762205,174.25082319744251,4.041330588786192,0.85
9670.449738248304,4.041241798950274,0.0,-0.0,3.8314589937762205,174.97657252916542,4.041316792034972,0.85
9671.175487580027,4.041227670617877,0.0,-0.0,3.8314589937762205,175.70232186088833,4.041303041915781,0.85
9671.803499451833,4.041215476231685,0.0,-0.0,3.8314589937762205,176.33033373269427,4.041291180852489,0.85
9672.52716927302,4.0412015002227974,0.0,-0.0,3.8314589937762205,177.05400355388156,4.041277555693969,0.85
9673.250839094208,4.0411875831900925,0.0,-0.0,3.8314589937762205,177.77767337506884,4.041263975734071,0.85
9673.883009987083,4.041175456541305,0.0,-0.0,3.8314589937762205,178.4098442679442,4.0412521494711475,0.85
9674.604600297735,4.041161688203968,0.0,-0.0,3.8314589937762205,179.13143457859587,4.041238691870918,0.85
9675.326190608386,4.041147976953859,0.0,-0.0,3.8314589937762205,179.85302488924754,4.0412252781203195,0.85
9675.962520522335,4.041135916030054,0.0,-0.0,3.8314589937762205,180.48935480319597,4.041213485382587,0.85
9676.68203132245,4.041122350004845,0.0,-0.0,3.8314589937762205,181.208865603312,4.041200191531628,0.85
9677.401542122567,4.041108839266345,0.0,-0.0,3.8314589937762205,181.92837640342805,4.04118694025932,0.85
9678.042031057585,4.041096842159131,0.0,-0.0,3.8314589937762205,182.5688653384459,4.041175179883735,0.85
9678.759462347165,4.041083473323669,0.0,-0.0,3.8314589937762205,183.28629662802632,4.0411620461817055,0.85
9679.476893636745,4.041070158058474,0.0,-0.0,3.8314589937762205,184.00372791760674,4.0411489538594685,0.85
9680.121541592836,4.041058222959867,0.0,-0.0,3.8314589937762205,184.64837587369766,4.041137224787163,0.85
9680.836893371883,4.041045046415382,0.0,-0.0,3.8314589937762205,185.36372765274427,4.041124247826984,0.85
9681.55224515093,4.041031921803803,0.0,-0.0,3.8314589937762205,186.0790794317909,4.041111311114432,0.85
9682.201052128086,4.041020043118143,0.0,-0.0,3.8314589937762205,186.7278864089476,4.0410996123832845,0.85
9682.914324396597,4.041007054211418,0.0,-0.0,3.8314589937762205,187.4411586774586,4.041086788936904,0.85
9683.627596665108,4.040994115673035,0.0,-0.0,3.8314589937762205,188.15443094596958,4.041074004667687,0.85
9684.280562663338,4.040982295830889,0.0,-0.0,3.8314589937762205,188.80739694419935,4.0410623354054,0.85
9684.991755421313,4.0409694900688455,0.0,-0.0,3.8314589937762205,189.51858970217472,4.041049662410665,0.85
9685.702948179289,4.0409567331823695,0.0,-0.0,3.8314589937762205,190.2297824601501,4.04103702757973,0.85
9686.360073198588,4.040944970632357,0.0,-0.0,3.8314589937762205,190.8869074794493,4.041025386997361,0.85
9687.069186446028,4.040932343711637,0.0,-0.0,3.8314589937762205,191.59602072688904,4.041012861545895,0.85
9687.778299693467,4.040919764239376,0.0,-0.0,3.8314589937762205,192.30513397432878,4.041000373297726,0.85
9688.43958373384,4.040908057509527,0.0,-0.0,3.8314589937762205,192.96641801470105,4.040988760683663,0.85
9689.146617470744,4.040895605304858,0.0,-0.0,3.8314589937762205,193.67345175160517,4.040976380009677,0.85
9689.853651207648,4.040883199183359,0.0,-0.0,3.8314589937762205,194.3804854885093,4.0409640356274545,0.85
9690.519094269092,4.040871546877677,0.0,-0.0,3.8314589937762205,195.0459285499528,4.040952450341782,0.85
9691.224048495462,4.040859265431135,0.0,-0.0,3.8314589937762205,195.75088277632312,4.040940211811751,0.85
9691.929002721832,4.040847028762096,0.0,-0.0,3.8314589937762205,196.45583700269344,4.040928008707327,0.85
9692.598604804341,4.04083542955525,0.0,-0.0,3.8314589937762205,197.12543908520274,4.040916450176591,0.85
9693.301479520176,4.040823315067927,0.0,-0.0,3.8314589937762205,197.82831380103744,4.040904351279726,0.85
9694.00435423601,4.04081124410745,0.0,-0.0,3.8314589937762205,198.53118851687213,4.040892286984377,0.85
9694.678115339593,4.040799696741688,0.0,-0.0,3.8314589937762205,199.2049496204545,4.040880754696688,0.85
9695.378910544892,4.040787745565231,0.0,-0.0,3.8314589937762205,199.90574482575357,4.040868793036133,0.85
9696.079705750191,4.040775836717231,0.0,-0.0,3.8314589937762205,200.60654003105265,4.040856865192032,0.85
9696.757625874843,4.040764339998469,0.0,-0.0,3.8314589937762205,201.28446015570444,4.040845358692502,0.85
9697.456341569607,4.04075254862541,0.0,-0.0,3.8314589937762205,201.9831758504679,4.040833531977226,0.85
9698.15505726437,4.040740798431644,0.0,-0.0,3.8314589937762205,202.68189154523134,4.040821738329552,0.85
9698.837136410095,4.0407293512270055,0.0,-0.0,3.8314589937762205,203.3639706909562,4.0408102572160525,0.85
9699.533772594323,4.0407177162849885,0.0,-0.0,3.8314589937762205,204.06060687518402,4.040798563253337,0.85
9700.23040877855,4.04070612142089,0.0,-0.0,3.8314589937762205,204.75724305941185,4.040786901643012,0.85
9700.916646945345,4.040694722653464,0.0,-0.0,3.8314589937762205,205.44348122620613,4.0407754455622005,0.85
9701.611203619039,4.040683240896755,0.0,-0.0,3.8314589937762205,206.13803789990016,4.040763882250731,0.85
9702.305760292733,4.040671798160048,0.0,-0.0,3.8314589937762205,206.83259457359418,4.0407523506076926,0.85
9702.996157480597,4.040660446807399,0.0,-0.0,3.8314589937762205,207.5229917614579,4.04074091925133,0.85
9703.688634643755,4.040649115111348,0.0,-0.0,3.8314589937762205,208.2154689246163,4.040729484574802,0.85
9704.381111806913,4.040637821419671,0.0,-0.0,3.8314589937762205,208.9079460877747,4.040718080911806,0.85
9705.075668015847,4.040626516510553,0.0,-0.0,3.8314589937762205,209.60250229670783,4.040706674013311,0.85
9705.76606566847,4.040615331864442,0.0,-0.0,3.8314589937762205,210.2928999493306,4.040695366034532,0.85
9706.456463321092,4.040604184246298,0.0,-0.0,3.8314589937762205,210.98329760195338,4.040684088441425,0.85
9707.155178551098,4.040592924857764,0.0,-0.0,3.8314589937762205,211.68201283195958,4.040672705772667,0.85
9707.843496693185,4.040581884359172,0.0,-0.0,3.8314589937762205,212.37033097404674,4.040661522628105,0.85
9708.531814835273,4.040570879949753,0.0,-0.0,3.8314589937762205,213.0586491161339,4.040650369266535,0.85
9709.234689086348,4.040559665204361,0.0,-0.0,3.8314589937762205,213.76152336720952,4.040639010634854,0.85
9709.9209277179,4.040548766052954,0.0,-0.0,3.8314589937762205,214.44776199876105,4.040627950529614,0.85
9710.607166349451,4.040537902088175,0.0,-0.0,3.8314589937762205,215.13400063031258,4.040616919628144,0.85
9711.3141996216,4.040526731152251,0.0,-0.0,3.8314589937762205,215.84103390246128,4.040605584873568,0.85
9711.998358742618,4.040515970646704,0.0,-0.0,3.8314589937762205,216.525193023479,4.0405946460767375,0.85
9712.682517863635,4.040505244458066,0.0,-0.0,3.8314589937762205,217.20935214449673,4.040583735926338,0.85
9713.39371015685,4.040494116538309,0.0,-0.0,3.8314589937762205,217.92054443771121,4.040572424918989,0.85
9714.075789767332,4.040483492068825,0.0,-0.0,3.8314589937762205,218.60262404819332,4.040561605759357,0.85
9714.757869377814,4.040472901078385,0.0,-0.0,3.8314589937762205,219.28470365867543,4.040550814709234,0.85
9715.473220692102,4.040461815421356,0.0,-0.0,3.8314589937762205,220.00005497296297,4.040539527346926,0.85
9716.153220792048,4.040451324465851,0.0,-0.0,3.8314589937762205,220.68005507290945,4.040528826209006,0.85
9716.833220891995,4.040440866182758,0.0,-0.0,3.8314589937762205,221.36005517285594,4.040518152662754,0.85
9717.552731227352,4.040429822070997,0.0,-0.0,3.8314589937762205,222.0795655082129,4.040506888868743,0.85
9718.230651816762,4.040419462191197,0.0,-0.0,3.8314589937762205,222.75748609762377,4.040496304189126,0.85
9718.908572406173,4.040409134205685,0.0,-0.0,3.8314589937762205,223.43540668703463,4.0404857466011705,0.85
9719.632241762603,4.040398130957176,0.0,-0.0,3.8314589937762205,224.15907604346467,4.040474506322069,0.85
9720.308082841479,4.040387899795073,0.0,-0.0,3.8314589937762205,224.8349171223399,4.04046403658603,0.85
9720.983923920354,4.040377699776194,0.0,-0.0,3.8314589937762205,225.51075820121514,4.04045359345834,0.85
9721.711752297853,4.040366736741236,0.0,-0.0,3.8314589937762205,226.2385865787146,4.040442376662174,0.85
9722.385513866195,4.040356632014093,0.0,-0.0,3.8314589937762205,226.91234814705604,4.040432020400551,0.85
9723.059275434536,4.040346557705147,0.0,-0.0,3.8314589937762205,227.58610971539747,4.0404216902796,0.85
9723.791262833105,4.040335634265666,0.0,-0.0,3.8314589937762205,228.31809711396636,4.040410496954002,0.85
9724.46294489091,4.040325653761896,0.0,-0.0,3.8314589937762205,228.98977917177217,4.040400252740305,0.85
9725.134626948717,4.040315702977219,0.0,-0.0,3.8314589937762205,229.66146122957798,4.04039003421427,0.85
9725.870773368355,4.040304818544903,0.0,-0.0,3.8314589937762205,230.3976076492163,4.040378864364795,0.85
9726.540375915625,4.040294960123028,0.0,-0.0,3.8314589937762205,231.06721019648649,4.0403687308125384,0.85
9727.209978462895,4.040285130743485,0.0,-0.0,3.8314589937762205,231.73681274375667,4.0403586225086965,0.85
9727.950283903607,4.04027428475799,0.0,-0.0,3.8314589937762205,232.47711818446805,4.040347476157265,0.85
9728.617806940341,4.040264546340628,0.0,-0.0,3.8314589937762205,233.14464122120262,4.0403374519174955,0.85
9729.285329977076,4.0402548363123785,0.0,-0.0,3.8314589937762205,233.81216425793718,4.040327452499832,0.85
9730.029794438857,4.040244028240043,0.0,-0.0,3.8314589937762205,234.556628719718,4.0403163296832725,0.85
9730.695237965056,4.0402344078134504,0.0,-0.0,3.8314589937762205,235.22207224591693,4.04030641344229,0.85
9731.360681491255,4.040224815143288,0.0,-0.0,3.8314589937762205,235.88751577211588,4.040296521609276,0.85
9732.109304974108,4.040214044475485,0.0,-0.0,3.8314589937762205,236.63613925496975,4.040285422377975,0.85
9732.772668989774,4.040204540084997,0.0,-0.0,3.8314589937762205,237.2995032706349,4.040275612855225,0.85
9733.436033005439,4.040195062837332,0.0,-0.0,3.8314589937762205,237.96286728630002,4.040265827337765,0.85
9734.188815509358,4.04018432908921,0.0,-0.0,3.8314589937762205,238.7156497902197,4.0402547517544125,0.85
9734.850100014488,4.040174938837081,0.0,-0.0,3.8314589937762205,239.3769342953492,4.040245047700528,0.85
9735.511384519617,4.040165575134775,0.0,-0.0,3.8314589937762205,240.03821880047872,4.040235367260067,0.85
9736.26832604461,4.0401548778445395,0.0,-0.0,3.8314589937762205,240.79516032547144,4.0402243153984925,0.85
9736.927531039204,4.040145599886021,0.0,-0.0,3.8314589937762205,241.45436532006534,4.0402147155934935,0.85
9737.586736033798,4.040136347903791,0.0,-0.0,3.8314589937762205,242.11357031465923,4.040205139020255,0.85
9738.34783657986,4.040125686631237,0.0,-0.0,3.8314589937762205,242.87467086072138,4.040194110964344,0.85
9739.004962063918,4.040116519175063,0.0,-0.0,3.8314589937762205,243.53179634477965,4.040184614215967,0.85
9739.662087547977,4.0401073771383595,0.0,-0.0,3.8314589937762205,244.18892182883792,4.040175140327332,0.85
9740.427347115112,4.040096751462999,0.0,-0.0,3.8314589937762205,244.95418139597314,4.040164136170019,0.85
9741.082393088634,4.040087692766249,0.0,-0.0,3.8314589937762205,245.60922736949578,4.040154741312168,0.85
9741.737439062157,4.040078658949838,0.0,-0.0,3.8314589937762205,246.26427334301843,4.040145368951173,0.85
9742.506857650362,4.040068068470987,0.0,-0.0,3.8314589937762205,247.03369193122307,4.040134388793512,0.85
9743.15982411335,4.040059116839728,0.0,-0.0,3.8314589937762205,247.68665839421192,4.0401250946848295,0.85
9743.81279057634,4.04005018956512,0.0,-0.0,3.8314589937762205,248.33962485720076,4.040115822718767,0.85
9744.586368185614,4.040039633900216,0.0,-0.0,3.8314589937762205,249.11320246647483,4.040104866669065,0.85
9745.237255138067,4.04003078768428,0.0,-0.0,3.8314589937762205,249.76408941892805,4.040095672191608,0.85
9745.88814209052,4.040021965317119,0.0,-0.0,3.8314589937762205,250.41497637138127,4.040086499510743,0.85
9746.665878720863,4.04001144410122,0.0,-0.0,3.8314589937762205,251.19271300172477,4.040075567683756,0.85
9747.314686162781,4.040002701695059,0.0,-0.0,3.8314589937762205,251.84152044364237,4.040066471741767,0.85
9747.963493604699,4.039993982644177,0.0,-0.0,3.8314589937762205,252.49032788555996,4.040057397258142,0.85
9748.745389256115,4.039983495528812,0.0,-0.0,3.8314589937762205,253.27222353697653,4.040046489774334,0.85
9749.392117187497,4.039974855367926,0.0,-0.0,3.8314589937762205,253.9189514683585,4.040037491293102,0.85
9750.03884511888,4.039966238083333,0.0,-0.0,3.8314589937762205,254.56567939974047,4.040028513939428,0.85
9750.824899791365,4.039955784735515,0.0,-0.0,3.8314589937762205,255.35173407222646,4.040017630924279,0.85
9751.469548212213,4.039947245295848,0.0,-0.0,3.8314589937762205,255.99638249307463,4.040008728849091,0.85
9752.114196633062,4.03993872826636,0.0,-0.0,3.8314589937762205,256.6410309139228,4.039999847577723,0.85
9752.904410326617,4.039928308368314,0.0,-0.0,3.8314589937762205,257.4312446074782,4.039988989161088,0.85
9753.54697923693,4.039919868162944,0.0,-0.0,3.8314589937762205,258.07381351779077,4.039980182456249,0.85
9754.189548147242,4.039911449916289,0.0,-0.0,3.8314589937762205,258.7163824281033,4.039971396238234,0.85
9754.983920861869,4.039901063163704,0.0,-0.0,3.8314589937762205,259.51075514273,4.039960562553759,0.85
9755.624410261646,4.039892720744062,0.0,-0.0,3.8314589937762205,260.1512445425069,4.0399518502016845,0.85
9756.264899661423,4.0398843998432,0.0,-0.0,3.8314589937762205,260.7917339422838,4.039943158025877,0.85
9757.063431397119,4.039874045945371,0.0,-0.0,3.8314589937762205,261.5902656779799,4.039932349210443,0.85
9757.70184128636,4.039865799897065,0.0,-0.0,3.8314589937762205,262.2286755672212,4.039923730210823,0.85
9758.340251175601,4.039857574939871,0.0,-0.0,3.8314589937762205,262.8670854564625,4.039915131083073,0.85
9759.14294193237,4.039847253619461,0.0,-0.0,3.8314589937762205,263.66977621323167,4.039904347276296,0.85
9759.779272311076,4.039839102562372,0.0,-0.0,3.8314589937762205,264.30610659193735,4.039895820645311,0.85
9760.415602689782,4.039830972179892,0.0,-0.0,3.8314589937762205,264.94243697064303,4.039887313587694,0.85
9761.22245246762,4.039820683170964,0.0,-0.0,3.8314589937762205,265.7492867484816,4.03987655493145,0.85
9761.856703335792,4.039812625758019,0.0,-0.0,3.8314589937762205,266.3835376166535,4.03986811970105,0.85
9762.490954203964,4.03980458861445,0.0,-0.0,3.8314589937762205,267.01778848482536,4.03985970375117,0.85
9763.301963002872,4.039794331662115,0.0,-0.0,3.8314589937762205,267.82879728373337,4.03984897038917,0.85
9763.934134360508,4.039786366577072,0.0,-0.0,3.8314589937762205,268.4609686413696,4.039840625606398,0.85
9764.566305718145,4.039778421366682,0.0,-0.0,3.8314589937762205,269.09313999900587,4.039832299816726,0.85
9765.381473538122,4.039768196227839,0.0,-0.0,3.8314589937762205,269.9083078189833,4.039821591894112,0.85
9766.011565385223,4.039760322184656,0.0,-0.0,3.8314589937762205,270.53839966608393,4.039813336620479,0.85
9766.641657232323,4.039752467631613,0.0,-0.0,3.8314589937762205,271.16849151318456,4.039805100057746,0.85
9767.460984073374,4.039742274073214,0.0,-0.0,3.8314589937762205,271.98781835423506,4.039794417720722,0.85
9768.088996409939,4.0397344898154035,0.0,-0.0,3.8314589937762205,272.61583069080007,4.039786251031628,0.85
9768.717008746504,4.039726724672494,0.0,-0.0,3.8314589937762205,273.2438430273651,4.039778102776259,0.85
9769.540494608624,4.039716562470878,0.0,-0.0,3.8314589937762205,274.067328889485,4.039767446171752,0.85
9770.166427434653,4.039708866769265,0.0,-0.0,3.8314589937762205,274.6932617155144,4.039759367155947,0.85
9770.792360260682,4.039701189817551,0.0,-0.0,3.8314589937762205,275.31919454154377,4.039751306301525,0.85
9771.620005143875,4.039691058758917,0.0,-0.0,3.8314589937762205,276.14683942473675,4.039740675576874,0.85
9772.243858459371,4.039683450411028,0.0,-0.0,3.8314589937762205,276.77069274023233,4.039732683335945,0.85
9772.867711774867,4.039675860457286,0.0,-0.0,3.8314589937762205,277.3945460557279,4.039724708988733,0.85
9773.699515679125,4.0396657603369786,0.0,-0.0,3.8314589937762205,278.2263499599867,4.039714104291396,0.85
9774.321289484085,4.039658238167376,0.0,-0.0,3.8314589937762205,278.84812376494665,4.039706197939308,0.85
9774.943063289045,4.039650734044443,0.0,-0.0,3.8314589937762205,279.4698975699066,4.03969830921778,0.85
9775.779026214377,4.039640664665047,0.0,-0.0,3.8314589937762205,280.30586049523845,4.03968773069507,0.85
9776.398720508801,4.0396332275222715,0.0,-0.0,3.8314589937762205,280.9255547896628,4.039679909357725,0.85
9777.018414803226,4.0396258080878695,0.0,-0.0,3.8314589937762205,281.5452490840871,4.0396721053921425,0.85
9777.858536749627,4.039615769261218,0.0,-0.0,3.8314589937762205,282.3853710304884,4.039661553190987,0.85
9778.476151533516,4.039608416019277,0.0,-0.0,3.8314589937762205,283.0029858143771,4.0396538160058135,0.85
9779.093766317405,4.03960108015503,0.0,-0.0,3.8314589937762205,283.6206005982658,4.0396460959378295,0.85
9779.938047284879,4.039591071698874,0.0,-0.0,3.8314589937762205,284.46488156574014,4.039635570204542,0.85
9780.553582558232,4.039583801254343,0.0,-0.0,3.8314589937762205,285.08041683909323,4.039627916320119,0.85
9781.169117831585,4.039576547864023,0.0,-0.0,3.8314589937762205,285.6959521124463,4.039620279302404,0.85
9782.017557820129,4.039566569605656,0.0,-0.0,3.8314589937762205,286.5443921009901,4.03960978018248,0.85
9782.631013582948,4.039559380877964,0.0,-0.0,3.8314589937762205,287.15784786380937,4.039602208758179,0.85
9783.244469345767,4.039552208889319,0.0,-0.0,3.8314589937762205,287.77130362662865,4.039594653954071,0.85
9784.09706835538,4.039542260660494,0.0,-0.0,3.8314589937762205,288.62390263624184,4.039584181592003,0.85
9784.708444607664,4.03953515259039,0.0,-0.0,3.8314589937762205,289.2352788885255,4.039576691797654,0.85
9785.319820859948,4.039528060951568,0.0,-0.0,3.8314589937762205,289.84665514080916,4.03956921838084,0.85
9786.17657889063,4.039518142592644,0.0,-0.0,3.8314589937762205,290.7034131714918,4.039558772919943,0.85
9786.785875632379,4.039511114142046,0.0,-0.0,3.8314589937762205,291.3127099132398,4.039551363935526,0.85
9787.395172374127,4.0395041018220255,0.0,-0.0,3.8314589937762205,291.92200665498785,4.0395439710897305,0.85
9788.256089425882,4.039494213178807,0.0,-0.0,3.8314589937762205,292.78292370674353,4.039533552671984,0.85
9788.863306657095,4.039487263330468,0.0,-0.0,3.8314589937762205,293.39014093795595,4.039526223687338,0.85
9789.470523888307,4.0394803293191055,0.0,-0.0,3.8314589937762205,293.99735816916836,4.039518910606048,0.85
9790.335599961132,4.039470470242634,0.0,-0.0,3.8314589937762205,294.86243424199347,4.039508519371954,0.85
9790.940737681809,4.039463597999276,0.0,-0.0,3.8314589937762205,295.46757196267026,4.039501269586502,0.85
9791.545875402486,4.0394567413050915,0.0,-0.0,3.8314589937762205,296.07270968334706,4.039494035472687,0.85
9792.415110496384,4.039446911652531,0.0,-0.0,3.8314589937762205,296.9419447772452,4.039483671561143,0.85
9793.018168706527,4.039440116034645,0.0,-0.0,3.8314589937762205,297.5450029873882,4.039476500183637,0.85
9793.62122691667,4.03943333568615,0.0,-0.0,3.8314589937762205,298.1480611975312,4.03946934424951,0.85
9794.494621031634,4.039423535320445,0.0,-0.0,3.8314589937762205,299.02145531249516,4.039459007797684,0.85
9795.095599731241,4.039416815368714,0.0,-0.0,3.8314589937762205,299.62243401210253,4.039451914045965,0.85
9795.696578430849,4.039410110411385,0.0,-0.0,3.8314589937762205,300.2234127117099,4.039444835512742,0.85
9796.574131566886,4.039400339199638,0.0,-0.0,3.8314589937762205,301.1009658477469,4.039434526655971,0.85
9797.173030755957,4.039393693972235,0.0,-0.0,3.8314589937762205,301.69986503681866,4.039427509756743,0.85
9797.77192994503,4.039387063470016,0.0,-0.0,3.8314589937762205,302.2987642258904,4.039420507854421,0.85
9798.653642102136,4.039377321285223,0.0,-0.0,3.8314589937762205,303.18047638299686,4.039410226726113,0.85
9799.250461780672,4.039370749856957,0.0,-0.0,3.8314589937762205,303.777296061533,4.039403285914732,0.85
9799.847281459208,4.039364192891353,0.0,-0.0,3.8314589937762205,304.3741157400691,4.0393963598818825,0.85
9800.733152637387,4.039354479610214,0.0,-0.0,3.8314589937762205,305.2599869182486,4.039386106613425,0.85
9801.327892805388,4.039347981073355,0.0,-0.0,3.8314589937762205,305.8547270862491,4.0393792411336955,0.85
9801.922632973388,4.039341496741637,0.0,-0.0,3.8314589937762205,306.4494672542496,4.0393723902172685,0.85
9802.812663172637,4.039331812245644,0.0,-0.0,3.8314589937762205,307.33949745349855,4.039362164937959,0.85
9803.405323830104,4.0393253857087466,0.0,-0.0,3.8314589937762205,307.93215811096525,4.039355374041945,0.85
9803.99798448757,4.039318973125512,0.0,-0.0,3.8314589937762205,308.52481876843194,4.039348597497082,0.85
9804.892173707889,4.039309317300502,0.0,-0.0,3.8314589937762205,309.4190079887503,4.039338400334052,0.85
9805.48275485482,4.039302961887499,0.0,-0.0,3.8314589937762205,310.0095891356814,4.039331683281902,0.85
9806.073336001751,4.039296620182547,0.0,-0.0,3.8314589937762205,310.60017028261245,4.039324980371765,0.85
9806.971684243139,4.039286992917791,0.0,-0.0,3.8314589937762205,311.49851852400025,4.039314811449914,0.85
9807.560185879534,4.039280707768995,0.0,-0.0,3.8314589937762205,312.0870201603957,4.039308167509692,0.85
9808.14868751593,4.039274436087481,0.0,-0.0,3.8314589937762205,312.67552179679114,4.039301537505293,0.85
9809.05119477839,4.039264837275463,0.0,-0.0,3.8314589937762205,313.578029059252,4.039291396947242,0.85
9809.63761690425,4.039258621546174,0.0,-0.0,3.8314589937762205,314.16445118511183,4.039284825394765,0.85
9810.22403903011,4.039252419047101,0.0,-0.0,3.8314589937762205,314.75087331097166,4.039278267574814,0.85
9811.13070531364,4.039242848585998,0.0,-0.0,3.8314589937762205,315.65753959450194,4.03926815550085,0.85
9811.715047928965,4.039236701445208,0.0,-0.0,3.8314589937762205,316.24188220982614,4.039261655619543,0.85
9812.299390544289,4.039230567303289,0.0,-0.0,3.8314589937762205,316.82622482515035,4.039255169270295,0.85
9813.210215848892,4.039221025093273,0.0,-0.0,3.8314589937762205,317.7370501297537,4.039245085798333,0.85
9813.792478953683,4.039214945724018,0.0,-0.0,3.8314589937762205,318.3193132345441,4.039238656879079,0.85
9814.374742058473,4.03920887912793,0.0,-0.0,3.8314589937762205,318.9015763393345,4.039232241294198,0.85
9815.289726384144,4.0391993650722835,0.0,-0.0,3.8314589937762205,319.81656066500545,4.0392221865397415,0.85
9815.869909978399,4.039193352672612,0.0,-0.0,3.8314589937762205,320.39674425926023,4.039215827880748,0.85
9816.450093572654,4.039187352823958,0.0,-0.0,3.8314589937762205,320.976927853515,4.039209482361173,0.85
9817.369236919394,4.039177866828609,0.0,-0.0,3.8314589937762205,321.8960712002554,4.039199456437282,0.85
9817.947341003113,4.039171920609195,0.0,-0.0,3.8314589937762205,322.47417528397455,4.039193167343953,0.85
9818.525445086832,4.039165986723614,0.0,-0.0,3.8314589937762205,323.0522793676937,4.039186891197765,0.85
9819.448747454646,4.03915652869852,0.0,-0.0,3.8314589937762205,323.97558173550715,4.039176894215029,0.85
9820.02477202783,4.039150647883202,0.0,-0.0,3.8314589937762205,324.5516063086907,4.039170673999844,0.85
9820.600796601013,4.039144779188115,0.0,-0.0,3.8314589937762205,325.1276308818742,4.039164466542153,0.85
9821.528257989896,4.0391353490462905,0.0,-0.0,3.8314589937762205,326.0550922707571,4.039154498608669,0.85
9822.102203052544,4.039129532871916,0.0,-0.0,3.8314589937762205,326.629037333405,4.039148346591057,0.85
9822.676148115192,4.03912372860815,0.0,-0.0,3.8314589937762205,327.2029823960529,4.039142207143881,0.85
9823.607768525148,4.039114326263885,0.0,-0.0,3.8314589937762205,328.13460280600884,4.039132268365237,0.85
9824.179634077262,4.039108573978872,0.0,-0.0,3.8314589937762205,328.70646835812295,4.039126183871474,0.85
9824.751499629376,4.0391028334003884,0.0,-0.0,3.8314589937762205,329.27833391023705,4.03912011176363,0.85
9825.687279060397,4.0390934587711005,0.0,-0.0,3.8314589937762205,330.2141133412588,4.03911020224289,0.85
9826.257065101976,4.0390877696368825,0.0,-0.0,3.8314589937762205,330.78389938283726,4.039104184605985,0.85
9826.826851143554,4.039082092007392,0.0,-0.0,3.8314589937762205,331.35368542441574,4.039098179172982,0.85
9827.76678959565,4.03907274501308,0.0,-0.0,3.8314589937762205,332.29362387651054,4.039088299010672,0.85
9828.334496126692,4.0390671183018725,0.0,-0.0,3.8314589937762205,332.8613304075534,4.039082347570268,0.85
9828.902202657735,4.039061502898793,0.0,-0.0,3.8314589937762205,333.42903693859625,4.039076408154211,0.85
9829.8463001309,4.039052183462056,0.0,-0.0,3.8314589937762205,334.3731344117605,4.039066557448313,0.85
9830.411927151406,4.039046618457993,0.0,-0.0,3.8314589937762205,334.9387614322677,4.0390606715505895,0.85
9830.977554171914,4.039041064568639,0.0,-0.0,3.8314589937762205,335.50438845277495,4.039054797500078,0.85
9831.925810666151,4.03903177261363,0.0,-0.0,3.8314589937762205,336.45264494701223,4.039044976346025,0.85
9832.489358176123,4.039026268612131,0.0,-0.0,3.8314589937762205,337.01619245698384,4.039039155343599,0.85
9833.052905686094,4.039020775536152,0.0,-0.0,3.8314589937762205,337.57973996695546,4.039033346013634,0.85
9834.0053212014,4.039011510989196,0.0,-0.0,3.8314589937762205,338.53215548226217,4.039023554504312,0.85
9834.566789200839,4.0390060672961265,0.0,-0.0,3.8314589937762205,339.0936234817,4.039017797756152,0.85
9835.128257200276,4.039000634343044,0.0,-0.0,3.8314589937762205,339.6550914811378,4.039012052508046,0.85
9836.084831736653,4.0389913971327704,0.0,-0.0,3.8314589937762205,340.6116660175139,4.039002290733789,0.85
9836.644220225555,4.0389860130649815,0.0,-0.0,3.8314589937762205,341.1710545064161,4.038996597605126,0.85
9837.203608714457,4.038980639555474,0.0,-0.0,3.8314589937762205,341.7304429953183,4.038990915806423,0.85
9838.164342271903,4.038971429611792,0.0,-0.0,3.8314589937762205,342.69117655276386,4.038981183855019,0.85
9838.72165125027,4.038966104497554,0.0,-0.0,3.8314589937762205,343.2484855311304,4.038975553717261,0.85
9839.278960228636,4.038960789760925,0.0,-0.0,3.8314589937762205,343.805794509497,4.038969934741644,0.85
9840.243852807154,4.038951607016505,0.0,-0.0,3.8314589937762205,344.7706870880156,4.038960232698339,0.85
9840.799082274985,4.038946340191753,0.0,-0.0,3.8314589937762205,345.32591655584656,4.038954664928994,0.85
9841.354311742816,4.038941083569931,0.0,-0.0,3.8314589937762205,345.8811460236775,4.0389491081562126,0.85
9842.323363342404,4.038931927958076,0.0,-0.0,3.8314589937762205,346.85019762326556,4.0389394361037185,0.85
9842.876513299701,4.0389267187706,0.0,-0.0,3.8314589937762205,347.4033475805627,4.03893393008631,0.85
9843.429663256999,4.038921519613369,0.0,-0.0,3.8314589937762205,347.95649753785983,4.0389284349020995,0.85
9844.402873877656,4.038912391069649,0.0,-0.0,3.8314589937762205,348.9297081585173,4.038918792920604,0.85
9844.953944324418,4.038907238876263,0.0,-0.0,3.8314589937762205,349.48077860527883,4.038913348044602,0.85
9845.505014771179,4.0389020965434455,0.0,-0.0,3.8314589937762205,350.03184905204034,4.038907913840609,0.85
9846.482384412906,4.038892995005312,0.0,-0.0,3.8314589937762205,351.00921869376725,4.038898302007782,0.85
9847.031375349132,4.038887899171995,0.0,-0.0,3.8314589937762205,351.55820962999314,4.038892917668526,0.85
9847.580366285358,4.038882813033537,0.0,-0.0,3.8314589937762205,352.10720056621903,4.038887543842238,0.85
9848.561894948158,4.038873738438987,0.0,-0.0,3.8314589937762205,353.088729229019,4.038877962233248,0.85
9849.108806373848,4.0388686983416315,0.0,-0.0,3.8314589937762205,353.6356406547093,4.038872637831874,0.85
9849.655717799538,4.038863667775548,0.0,-0.0,3.8314589937762205,354.18255208039955,4.038867323786546,0.85
9850.641405483408,4.038854620064267,0.0,-0.0,3.8314589937762205,355.16823976426895,4.038857772474074,0.85
9851.186237398562,4.038849635087313,0.0,-0.0,3.8314589937762205,355.7130716794236,4.03885250741745,0.85
9851.731069313717,4.0388446594813505,0.0,-0.0,3.8314589937762205,356.25790359457824,4.0388472525620385,0.85
9852.72091601866,4.038835638594276,0.0,-0.0,3.8314589937762205,357.2477502995207,4.038837731616289,0.85
9853.26366842328,4.03883070813062,0.0,-0.0,3.8314589937762205,357.79050270414155,4.038832525316946,0.85
9853.806420827901,4.038825786881079,0.0,-0.0,3.8314589937762205,358.3332551087624,4.0388273290660415,0.85
9854.80042655391,4.038816792760922,0.0,-0.0,3.8314589937762205,359.32726083477064,4.038817838554762,0.85
9855.341099447995,4.038811916212678,0.0,-0.0,3.8314589937762205,359.86793372885586,4.038812690430828,0.85
9855.88177234208,4.038807048724775,0.0,-0.0,3.8314589937762205,360.4086066229411,4.038807552204592,0.85
9856.879937089161,4.03879808131455,0.0,-0.0,3.8314589937762205,361.4067713700224,4.038798092193087,0.85
9857.41853047271,4.0387932580922605,0.0,-0.0,3.8314589937762205,361.945364753572,4.038793001668226,0.85
9857.95712385626,4.038788443777966,0.0,-0.0,3.8314589937762205,362.4839581371216,4.038787920892324,0.85
9858.959447624411,4.038779503023409,0.0,-0.0,3.8314589937762205,363.48628190527234,4.038778491443478,0.85
9859.495961497425,4.038774732545756,0.0,-0.0,3.8314589937762205,364.0227957782863,4.038773457946826,0.85
9860.032475370439,4.038769970827181,0.0,-0.0,3.8314589937762205,364.5593096513003,4.038768434052373,0.85
9861.038958159663,4.038761056672731,0.0,-0.0,3.8314589937762205,365.5657924405241,4.038759035226662,0.85
9861.573392522141,4.038756338366503,0.0,-0.0,3.8314589937762205,366.10022680300244,4.038754058192768,0.85
9862.10782688462,4.038751628672852,0.0,-0.0,3.8314589937762205,366.6346611654808,4.038749090616265,0.85
9863.118468694913,4.038742741065825,0.0,-0.0,3.8314589937762205,367.64530297577403,4.038739722471784,0.85
9863.650823546857,4.038738074365648,0.0,-0.0,3.8314589937762205,368.1776578277186,4.0387348013405475,0.85
9864.183178398802,4.038733416134035,0.0,-0.0,3.8314589937762205,368.7100126796631,4.038729889523824,0.85
9865.197979230164,4.038724555022078,0.0,-0.0,3.8314589937762205,369.7248135110258,4.0387205521163,0.85
9865.728254571573,4.038719939370438,0.0,-0.0,3.8314589937762205,370.2550888524347,4.038715686332924,0.85
9866.258529912982,4.038715332045704,0.0,-0.0,3.8314589937762205,370.78536419384363,4.038710829723078,0.85
9867.277489765414,4.0387064973780396,0.0,-0.0,3.8314589937762205,371.8043240462757,4.038701523105897,0.85
9867.805685596288,4.038701932224113,0.0,-0.0,3.8314589937762205,372.332519877149,4.038696712120817,0.85
9868.333881427161,4.038697375258762,0.0,-0.0,3.8314589937762205,372.8607157080223,4.038691910170165,0.85
9869.357000300666,4.038688566984446,0.0,-0.0,3.8314589937762205,373.8838345815275,4.038682634394391,0.85
9869.883116621004,4.038684051786266,0.0,-0.0,3.8314589937762205,374.40995090186516,4.0386778776632335,0.85
9870.409232941342,4.038679544640855,0.0,-0.0,3.8314589937762205,374.93606722220284,4.038673129829252,0.85
9871.436510835916,4.038670762709299,0.0,-0.0,3.8314589937762205,375.9633451167774,4.038663884943649,0.85
9871.960547645718,4.038666296931909,0.0,-0.0,3.8314589937762205,376.4873819265795,4.0386591819271676,0.85
9872.48458445552,4.038661839072979,0.0,-0.0,3.8314589937762205,377.01141873638153,4.038654487672443,0.85
9873.516021371168,4.038653083435803,0.0,-0.0,3.8314589937762205,378.0428556520292,4.038645273723495,0.85
9874.037978670436,4.038648666551275,0.0,-0.0,3.8314589937762205,378.5648129512974,4.038640623887527,0.85
9874.559935969704,4.038644257452351,0.0,-0.0,3.8314589937762205,379.0867702505657,4.038635982679699,0.85
9875.59553190642,4.038635528062292,0.0,-0.0,3.8314589937762205,380.12236618728093,4.038626799711639,0.85
9876.115409695152,4.0386311595483,0.0,-0.0,3.8314589937762205,380.64224397601356,4.038622202527047,0.85
9876.635287483885,4.038626798691138,0.0,-0.0,3.8314589937762205,381.1621217647462,4.038617613838758,0.85
9877.67504244167,4.038618095499865,0.0,-0.0,3.8314589937762205,382.20187672253087,4.0386084618935865,0.85
9878.192840719867,4.038613774842313,0.0,-0.0,3.8314589937762205,382.7196750007279,4.038603916836207,0.85
9878.710638998064,4.0386094617153585,0.0,-0.0,3.8314589937762205,383.2374732789249,4.038599380145058,0.85
9879.746235554458,4.038600853669713,0.0,-0.0,3.8314589937762205,384.2730698353189,4.038590331799722,0.85
9879.754552976921,4.038600784623613,0.0,-0.0,3.8314589937762205,384.2813872577826,4.038590259262568,0.85
9880.270271744583,4.038596511316344,0.0,-0.0,3.8314589937762205,384.797106025444,4.038585765813166,0.85
9880.785990512244,4.038592245412294,0.0,-0.0,3.8314589937762205,385.3128247931054,4.038581280601659,0.85
9881.817428047567,4.038583731514979,0.0,-0.0,3.8314589937762205,386.34426232842816,4.038572334831801,0.85
9881.834063512171,4.038583594376057,0.0,-0.0,3.8314589937762205,386.36089779303256,4.038572190819462,0.85
9882.347702769297,4.038579367917192,0.0,-0.0,3.8314589937762205,386.8745370501583,4.038567748463679,0.85
9882.861342026423,4.038575148739529,0.0,-0.0,3.8314589937762205,387.3881763072841,4.038563314219172,0.85
9883.888620540676,4.038566727994832,0.0,-0.0,3.8314589937762205,388.4154548215374,4.0385544700046365,0.85
9883.913574047423,4.038566523713511,0.0,-0.0,3.8314589937762205,388.4404083282843,4.038554255572716,0.85
9884.425133794015,4.03856234360871,0.0,-0.0,3.8314589937762205,388.9519680748763,4.038549863801027,0.85
9884.936693540607,4.038558170664075,0.0,-0.0,3.8314589937762205,389.46352782146823,4.038545480015687,0.85
9885.959813033789,4.038549842093882,0.0,-0.0,3.8314589937762205,390.4866473146503,4.038536736345871,0.85
9885.993084582673,4.038549571605408,0.0,-0.0,3.8314589937762205,390.51991886353426,4.038536452538287,0.85
9886.50256481873,4.038545437367146,0.0,-0.0,3.8314589937762205,391.0293990995906,4.038532110845944,0.85
9887.012045054786,4.038541310169633,0.0,-0.0,3.8314589937762205,391.5388793356469,4.038527777016699,0.85
9888.031005526898,4.038533072807268,0.0,-0.0,3.8314589937762205,392.5578398077596,4.038519132890458,0.85
9888.072595117925,4.03853273703516,0.0,-0.0,3.8314589937762205,392.599429398786,4.03851878073956,0.85
9888.579995843445,4.038528648181275,0.0,-0.0,3.8314589937762205,393.1068301243067,4.038514488626552,0.85
9889.087396568966,4.038524566251222,0.0,-0.0,3.8314589937762205,393.61423084982744,4.0385102042550445,0.85
9890.102198020008,4.03851641914108,0.0,-0.0,3.8314589937762205,394.62903230086886,4.038501658680603,0.85
9890.152105653175,4.038516018998152,0.0,-0.0,3.8314589937762205,394.67893993403595,4.0385012392072825,0.85
9890.65742686816,4.038511975052634,0.0,-0.0,3.8314589937762205,395.18426114902104,4.0384969961782895,0.85
9891.162748083145,4.038507937916535,0.0,-0.0,3.8314589937762205,395.6895823640061,4.038492760770832,0.85
9892.173390513115,4.038499880115223,0.0,-0.0,3.8314589937762205,396.7002247939763,4.03848431276569,0.85
9892.231616188426,4.038499416502175,0.0,-0.0,3.8314589937762205,396.7584504692877,4.038483826979501,0.85
9892.734857892876,4.038495416996151,0.0,-0.0,3.8314589937762205,397.2616921737372,4.038479632543849,0.85
9893.238099597325,4.038491424185652,0.0,-0.0,3.8314589937762205,397.76493387818664,4.038475445611377,0.85
9894.244583006226,4.0384834547638855,0.0,-0.0,3.8314589937762205,398.7714172870874,4.038467094202225,0.85
9894.311126723676,4.0384829285690955,0.0,-0.0,3.8314589937762205,398.83796100453765,4.038466543101498,0.85
9894.812288917592,4.038478973038096,0.0,-0.0,3.8314589937762205,399.3391231984533,4.038462396773108,0.85
9895.313451111508,4.038475024091387,0.0,-0.0,3.8314589937762205,399.84028539236897,4.038458257831137,0.85
9896.315775499337,4.038467142128663,0.0,-0.0,3.8314589937762205,400.8426097801985,4.038450002053768,0.85
9896.390637258928,4.03846655423024,0.0,-0.0,3.8314589937762205,400.9174715397894,4.0384493866257145,0.85
9896.889719942308,4.038462642216405,0.0,-0.0,3.8314589937762205,401.41655422316944,4.038445287923069,0.85
9897.388802625688,4.038458736677853,0.0,-0.0,3.8314589937762205,401.9156369065495,4.038441196491654,0.85
9898.386967992448,4.038450941266978,0.0,-0.0,3.8314589937762205,402.91380227330956,4.038433035390872,0.85
9898.470147794178,4.038450292532438,0.0,-0.0,3.8314589937762205,402.99698207503934,4.038432356611704,0.85
9898.967150967022,4.0384464235830375,0.0,-0.0,3.8314589937762205,403.49398524788376,4.038428305057796,0.85
9899.464154139867,4.038442561001455,0.0,-0.0,3.8314589937762205,403.9909884207282,4.0384242606614835,0.85
9900.458160485556,4.038434851245201,0.0,-0.0,3.8314589937762205,404.984994766417,4.038416193291025,0.85
9900.54965832943,4.038434142530052,0.0,-0.0,3.8314589937762205,405.0764926102911,4.038415452126061,0.85
9901.044581991739,4.038430316198967,0.0,-0.0,3.8314589937762205,405.5714162725999,4.038411447248355,0.85
9901.539505654047,4.038426496130016,0.0,-0.0,3.8314589937762205,406.0663399349087,4.038407449416143,0.85
9902.529352978665,4.038418871142145,0.0,-0.0,3.8314589937762205,407.05618725952627,4.038399474838588,0.85
9902.62916886468,4.038418103291848,0.0,-0.0,3.8314589937762205,407.15600314554104,4.038398672242364,0.85
9903.122013016453,4.038414319137624,0.0,-0.0,3.8314589937762205,407.6488472973142,4.0383947135727505,0.85
9903.614857168226,4.038410541141958,0.0,-0.0,3.8314589937762205,408.1416914490874,4.038390761838047,0.85
9904.600545471774,4.038403000047582,0.0,-0.0,3.8314589937762205,409.12737975263553,4.038382879124741,0.85
9904.708679399931,4.0384021738970475,0.0,-0.0,3.8314589937762205,409.2355136807928,4.038382016041113,0.85
9905.19944404117,4.038398431483635,0.0,-0.0,3.8314589937762205,409.72627832203216,4.038378103115871,0.85
9905.69020868241,4.038394695126147,0.0,-0.0,3.8314589937762205,410.2170429632715,4.038374197016452,0.85
9906.671737964887,4.038387237062414,0.0,-0.0,3.8314589937762205,411.19857224574844,4.038366405247421,0.85
9906.788189935181,4.038386353435156,0.0,-0.0,3.8314589937762205,411.31502421604273,4.038365482609677,0.85
9907.276875065885,4.038382652332615,0.0,-0.0,3.8314589937762205,411.8037093467465,4.038361614969433,0.85
9907.765560196589,4.038378957184371,0.0,-0.0,3.8314589937762205,412.2923944774502,4.038357754047399,0.85
9908.742930457996,4.038371581297512,0.0,-0.0,3.8314589937762205,413.2697647388577,4.038350052311268,0.85
9908.867700470433,4.038370641007818,0.0,-0.0,3.8314589937762205,413.3945347512945,4.038349071042232,0.85
9909.354306090601,4.0383669807899825,0.0,-0.0,3.8314589937762205,413.8811403714626,4.038345248231912,0.85
9909.84091171077,4.0383633264280725,0.0,-0.0,3.8314589937762205,414.3677459916307,4.038341432033656,0.85
9910.814122951106,4.0383560318732865,0.0,-0.0,3.8314589937762205,415.34095723196697,4.038333819427568,0.85
9910.947211005683,4.038355035725809,0.0,-0.0,3.8314589937762205,415.4740452865444,4.038332780439704,0.85
9911.431737115316,4.038351415973381,0.0,-0.0,3.8314589937762205,415.9585713961769,4.038329002008504,0.85
9911.916263224948,4.038347801978169,0.0,-0.0,3.8314589937762205,416.4430975058094,4.038325230084662,0.85
9912.885315444215,4.0383405879238214,0.0,-0.0,3.8314589937762205,417.41214972507623,4.0383177057142055,0.85
9913.026721540935,4.038339536711762,0.0,-0.0,3.8314589937762205,417.5535558217962,4.038316609909717,0.85
9913.509168140032,4.038335957008519,0.0,-0.0,3.8314589937762205,418.03600242089306,4.038312875411057,0.85
9913.991614739129,4.038332382967493,0.0,-0.0,3.8314589937762205,418.51844901998993,4.0383091473164745,0.85
9914.956507937324,4.038325248588514,0.0,-0.0,3.8314589937762205,419.4833422181855,4.038301710295599,0.85
9915.106232076185,4.038324143097754,0.0,-0.0,3.8314589937762205,419.6330663570461,4.038300558566538,0.85
9915.586599164748,4.038320603033755,0.0,-0.0,3.8314589937762205,420.1134334456092,4.038296867558024,0.85
9916.066966253311,4.038317068538017,0.0,-0.0,3.8314589937762205,420.59380053417226,4.038293182851715,0.85
9917.027700430435,4.038310013020831,0.0,-0.0,3.8314589937762205,421.5545347112966,4.038285832302657,0.85
9917.185742611437,4.038308854025476,0.0,-0.0,3.8314589937762205,421.7125768922979,4.03828462553102,0.85
9917.664030189464,4.038305353195536,0.0,-0.0,3.8314589937762205,422.1908644703253,4.0382809775744075,0.85
9918.142317767491,4.038301857840853,0.0,-0.0,3.8314589937762205,422.66915204835277,4.038277335819516,0.85
9919.098892923546,4.038294880381808,0.0,-0.0,3.8314589937762205,423.62572720440767,4.038270070872721,0.85
9919.265253146687,4.038293668647357,0.0,-0.0,3.8314589937762205,423.7920874275478,4.0382688099305515,0.85
9919.741461214178,4.038290206650855,0.0,-0.0,3.8314589937762205,424.26829549503964,4.038265204591704,0.85
9920.21766928167,4.038286750038331,0.0,-0.0,3.8314589937762205,424.74450356253146,4.038261605355469,0.85
9921.170085416654,4.038279849842729,0.0,-0.0,3.8314589937762205,425.6969196975151,4.038254425149518,0.85
9921.344763681938,4.038278586125141,0.0,-0.0,3.8314589937762205,425.87159796279957,4.038253110899005,0.85
9921.818892238894,4.038275162566303,0.0,-0.0,3.8314589937762205,426.3457265197558,4.038249547747856,0.85
9922.29302079585,4.03827174430125,0.0,-0.0,3.8314589937762205,426.819855076712,4.038245990601571,0.85
9923.241277909765,4.0382649205841545,0.0,-0.0,3.8314589937762205,427.7681121906262,4.038238894283104,0.85
9923.424274217188,4.038263605630763,0.0,-0.0,3.8314589937762205,427.9511084980495,4.038237527576681,0.85
9923.896323263609,4.038260220117454,0.0,-0.0,3.8314589937762205,428.4231575444701,4.038234006187203,0.85
9924.36837231003,4.038256839810838,0.0,-0.0,3.8314589937762205,428.89520659089067,4.038230490706177,0.85
9925.312470402872,4.038250091794742,0.0,-0.0,3.8314589937762205,429.83930468373364,4.038223477429821,0.85
9925.50378475244,4.038248726343799,0.0,-0.0,3.8314589937762205,430.03061903330126,4.038222059110263,0.85
9925.973754288327,4.038245378490927,0.0,-0.0,3.8314589937762205,430.50058856918804,4.0382185790604215,0.85
9926.443723824214,4.038242035756154,0.0,-0.0,3.8314589937762205,430.9705581050748,4.038215104823946,0.85
9927.383662895985,4.038235362675929,0.0,-0.0,3.8314589937762205,431.91049717684655,4.038208173752244,0.85
9927.58329528769,4.038233947454964,0.0,-0.0,3.8314589937762205,432.1101295685512,4.038206704652761,0.85
9928.051185313041,4.038230636878958,0.0,-0.0,3.8314589937762205,432.57801959390235,4.038203265524486,0.85
9928.519075338392,4.038227331336274,0.0,-0.0,3.8314589937762205,433.0459096192535,4.038199832115797,0.85
9929.454855389095,4.038220732431752,0.0,-0.0,3.8314589937762205,433.9816896699558,4.0381929824191305,0.85
9929.662805822942,4.038219268162761,0.0,-0.0,3.8314589937762205,434.18964010380296,4.038191463363467,0.85
9930.128616337757,4.038215994486608,0.0,-0.0,3.8314589937762205,434.6554506186185,4.038188064742611,0.85
9930.594426852573,4.0382127257591005,0.0,-0.0,3.8314589937762205,435.121261133434,4.038184671748856,0.85
9931.526047882204,4.038206200281547,0.0,-0.0,3.8314589937762205,436.0528821630651,4.038177902605375,0.85
9931.742316358192,4.038204687675143,0.0,-0.0,3.8314589937762205,436.2691506390529,4.038176334407905,0.85
9932.206047362472,4.038201450524672,0.0,-0.0,3.8314589937762205,436.7328816433328,4.038172975884209,0.85
9932.669778366751,4.038198218240522,0.0,-0.0,3.8314589937762205,437.1966126476127,4.038169622896404,0.85
9933.597240375313,4.038191765448835,0.0,-0.0,3.8314589937762205,438.12407465617434,4.038162933491963,0.85
9933.821826893443,4.038190205208437,0.0,-0.0,3.8314589937762205,438.34866117430465,4.038161316957778,0.85
9934.28347838719,4.038187004214849,0.0,-0.0,3.8314589937762205,438.81031266805076,4.038157998124838,0.85
9934.745129880936,4.038183808006043,0.0,-0.0,3.8314589937762205,439.27196416179686,4.038154684737839,0.85
9935.668432868426,4.038177427167451,0.0,-0.0,3.8314589937762205,440.19526714928725,4.038148074265916,0.85
9935.901337428693,4.038175819988107,0.0,-0.0,3.8314589937762205,440.4281717095546,4.038146410190924,0.85
9936.360909411904,4.038172654786532,0.0,-0.0,3.8314589937762205,440.88774369276507,4.038143130646155,0.85
9936.820481395114,4.0381694942891055,0.0,-0.0,3.8314589937762205,441.34731567597555,4.038139856458621,0.85
9937.739625361533,4.038163184679773,0.0,-0.0,3.8314589937762205,442.2664596423947,4.038133324120258,0.85
9937.980847963945,4.038161531246979,0.0,-0.0,3.8314589937762205,442.50768224480635,4.03813161329127,0.85
9938.43834043662,4.0381584014770295,0.0,-0.0,3.8314589937762205,442.9651747174812,4.038128372635868,0.85
9938.895832909295,4.0381552763317305,0.0,-0.0,3.8314589937762205,443.42266719015606,4.038125137250228,0.85
9939.810817854644,4.038149037235028,0.0,-0.0,3.8314589937762205,444.3376521355058,4.038118682253956,0.85
9940.060358499197,4.0381473382279935,0.0,-0.0,3.8314589937762205,444.5871927800581,4.038116925448781,0.85
9940.515771461336,4.038144243532431,0.0,-0.0,3.8314589937762205,445.04260574219734,4.038113723287693,0.85
9940.971184423475,4.0381411533833145,0.0,-0.0,3.8314589937762205,445.4980187043366,4.038110526310107,0.85
9941.882010347754,4.038134984092272,0.0,-0.0,3.8314589937762205,446.40884462861504,4.038104147871882,0.85
9942.139869034447,4.038133240180541,0.0,-0.0,3.8314589937762205,446.66670331530804,4.038102345859415,0.85
9942.59320248605,4.038130180206472,0.0,-0.0,3.8314589937762205,447.12003676691165,4.038099181801304,0.85
9943.046535937654,4.038127124702517,0.0,-0.0,3.8314589937762205,447.57337021851527,4.038096022841635,0.85
9943.953202840863,4.038121024516196,0.0,-0.0,3.8314589937762205,448.4800371217243,4.038089720184769,0.85
9944.219379569699,4.038119236362768,0.0,-0.0,3.8314589937762205,448.7462138505598,4.038087873725081,0.85
9944.670633510768,4.038116210761331,0.0,-0.0,3.8314589937762205,449.1974677916296,4.038084747382287,0.85
9945.121887451838,4.038113189554862,0.0,-0.0,3.8314589937762205,449.6487217326994,4.0380816260540655,0.85
9946.024395333976,4.038107157781452,0.0,-0.0,3.8314589937762205,450.5512296148372,4.03807539840916,0.85
9946.298890104948,4.038105326040222,0.0,-0.0,3.8314589937762205,450.82572438580974,4.038073508253584,0.85
9946.748064535483,4.038102334467436,0.0,-0.0,3.8314589937762205,451.2748988163439,4.038070419242102,0.85
9947.197238966017,4.038099347214814,0.0,-0.0,3.8314589937762205,451.7240732468781,4.038067335162488,0.85
9948.095587827083,4.0380933831696595,0.0,-0.0,3.8314589937762205,452.62242210794466,4.038061181767368,0.85
9948.3784006402,4.038091508487458,0.0,-0.0,3.8314589937762205,452.9052349210615,4.038059248658591,0.85
9948.825495560199,4.038088550601712,0.0,-0.0,3.8314589937762205,453.35232984106005,4.038056196598027,0.85
9949.272590480197,4.038085596962745,0.0,-0.0,3.8314589937762205,453.7994247610586,4.0380531493877845,0.85
9950.166780320194,4.038079699969552,0.0,-0.0,3.8314589937762205,454.69361460105574,4.038047069487437,0.85
9950.45791117545,4.038077782985713,0.0,-0.0,3.8314589937762205,454.98474545631143,4.038045094159582,0.85
9950.902926584913,4.038074858449149,0.0,-0.0,3.8314589937762205,455.42976086577437,4.038042078673123,0.85
9951.347941994376,4.038071938088326,0.0,-0.0,3.8314589937762205,455.8747762752373,4.038039067956583,0.85
9952.237972813302,4.038066107476499,0.0,-0.0,3.8314589937762205,456.7648070941632,4.038033060803083,0.85
9952.537421710702,4.038064148823237,0.0,-0.0,3.8314589937762205,457.0642559915632,4.0380310439818,0.85
9952.98035760963,4.038061257303301,0.0,-0.0,3.8314589937762205,457.5071918904905,4.038028064696186,0.85
9953.423293508557,4.038058369888116,0.0,-0.0,3.8314589937762205,457.9501277894178,4.038025090101216,0.85
9954.309165306413,4.03805260499594,0.0,-0.0,3.8314589937762205,458.8359995872743,4.038019154953673,0.85
9954.616932245952,4.038050605297528,0.0,-0.0,3.8314589937762205,459.1437665268131,4.038017097356218,0.85
9955.057788634345,4.038047746463654,0.0,-0.0,3.8314589937762205,459.58462291520664,4.038014153901703,0.85
9955.498645022739,4.038044891665514,0.0,-0.0,3.8314589937762205,460.02547930360015,4.038011215059675,0.85
9956.380357799524,4.0380391918378695,0.0,-0.0,3.8314589937762205,460.90719208038536,4.0380053511841645,0.85
9956.696442781204,4.038037151711929,0.0,-0.0,3.8314589937762205,461.2232770620649,4.038003253519487,0.85
9957.135219659061,4.038034325237917,0.0,-0.0,3.8314589937762205,461.66205393992277,4.038000345529817,0.85
9957.57399653692,4.038031502731346,0.0,-0.0,3.8314589937762205,462.10083081778066,4.0379974420755715,0.85
9958.451550292635,4.038025867321325,0.0,-0.0,3.8314589937762205,462.97838457349644,4.037991648745071,0.85
9958.775953316454,4.03802378737625,0.0,-0.0,3.8314589937762205,463.3027875973148,4.037989511713898,0.85
9959.212650683776,4.038020992939996,0.0,-0.0,3.8314589937762205,463.7394849646371,4.0379866388262675,0.85
9959.649348051098,4.038018202403329,0.0,-0.0,3.8314589937762205,464.17618233195935,4.037983770398091,0.85
9960.522742785743,4.038012630770389,0.0,-0.0,3.8314589937762205,465.0495770666039,4.03797804689242,0.85
9960.855463851705,4.038010511609633,0.0,-0.0,3.8314589937762205,465.3822981325666,4.0379758711873395,0.85
9961.290081708492,4.038007748892118,0.0,-0.0,3.8314589937762205,465.8169159893532,4.037973033042367,0.85
9961.724699565279,4.038004990007364,0.0,-0.0,3.8314589937762205,466.25153384613986,4.037970199281954,0.85
9962.593935278852,4.037999481517016,0.0,-0.0,3.8314589937762205,467.12076955971315,4.037964544887711,0.85
9962.934974386955,4.037997323736463,0.0,-0.0,3.8314589937762205,467.4618086678165,4.03796233119325,0.85
9963.367512733206,4.037994592421525,0.0,-0.0,3.8314589937762205,467.89434701406753,4.037959527434949,0.85
9963.800051079457,4.037991864874084,0.0,-0.0,3.8314589937762205,468.32688536031856,4.03795672798737,0.85
9964.665127771961,4.037986418900623,0.0,-0.0,3.8314589937762205,469.1919620528224,4.037951141997873,0.85
9965.014484922207,4.037984223088682,0.0,-0.0,3.8314589937762205,469.54131920306827,4.037948890990582,0.85
9965.444943757924,4.0379815228641895,0.0,-0.0,3.8314589937762205,469.9717780387855,4.037946121266326,0.85
9965.875402593641,4.037978826342951,0.0,-0.0,3.8314589937762205,470.4022368745027,4.037943355780003,0.85
9966.736320265074,4.037973442265891,0.0,-0.0,3.8314589937762205,471.2631545459353,4.037937837495227,0.85
9967.093995457457,4.037971209004457,0.0,-0.0,3.8314589937762205,471.6208297383182,4.037935549843759,0.85
9967.522374782639,4.037968539561594,0.0,-0.0,3.8314589937762205,472.0492090634998,4.037932813804253,0.85
9967.95075410782,4.037965873758436,0.0,-0.0,3.8314589937762205,472.4775883886814,4.037930081930926,0.85
9968.807512758183,4.037960550965051,0.0,-0.0,3.8314589937762205,473.3343470390446,4.037924630657444,0.85
9969.173505992709,4.037958280829818,0.0,-0.0,3.8314589937762205,473.70034027356996,4.037922307022634,0.85
9969.599805807355,4.03795564186275,0.0,-0.0,3.8314589937762205,474.12664008821594,4.037919604321884,0.85
9970.026105622,4.037953006473693,0.0,-0.0,3.8314589937762205,474.5529399028619,4.037916905716581,0.85
9970.878705251293,4.037947744356217,0.0,-0.0,3.8314589937762205,475.40553953215385,4.037911520767505,0.85
9971.253016527959,4.037945437915292,0.0,-0.0,3.8314589937762205,475.7798508088199,4.03790916180245,0.85
9971.677236832069,4.037942829122391,0.0,-0.0,3.8314589937762205,476.20407111293025,4.037906492097731,0.85
9972.10145713618,4.037940223845669,0.0,-0.0,3.8314589937762205,476.6282914170406,4.03790382641874,0.85
9972.9498977444,4.037935021804335,0.0,-0.0,3.8314589937762205,477.4767320252613,4.0378985071136615,0.85
9973.33252706321,4.0379326796204476,0.0,-0.0,3.8314589937762205,477.85936134407166,4.0378961134637965,0.85
9973.754667856785,4.03793010070253,0.0,-0.0,3.8314589937762205,478.2815021376464,4.037893476415628,0.85
9974.17680865036,4.037927525239759,0.0,-0.0,3.8314589937762205,478.7036429312211,4.037890843324463,0.85
9975.021090237511,4.037922382680659,0.0,-0.0,3.8314589937762205,479.5479245183724,4.037885588989394,0.85
9975.41203759846,4.037920005308507,0.0,-0.0,3.8314589937762205,479.9388718793216,4.037883161292572,0.85
9975.832098881501,4.037917455969646,0.0,-0.0,3.8314589937762205,480.3589331623625,4.037880556564687,0.85
9976.252160164542,4.037914910026467,0.0,-0.0,3.8314589937762205,480.77899444540344,4.0378779557260644,0.85
9977.092282730622,4.037909826362283,0.0,-0.0,3.8314589937762205,481.61911701148347,4.037872765693381,0.85
9977.491548133712,4.037907414351823,0.0,-0.0,3.8314589937762205,482.01838241457335,4.037870304579948,0.85
9977.909529906217,4.03790489429881,0.0,-0.0,3.8314589937762205,482.43636418707865,4.03786773183926,0.85
9978.327511678723,4.037902377582979,0.0,-0.0,3.8314589937762205,482.85434595958395,4.037865162921065,0.85
9979.163475223733,4.037897352232552,0.0,-0.0,3.8314589937762205,483.69030950459455,4.037860036529449,0.85
9979.571058668962,4.037894906126386,0.0,-0.0,3.8314589937762205,484.0978929498233,4.03785754262232,0.85
9979.986960930932,4.037892415070253,0.0,-0.0,3.8314589937762205,484.51379521179297,4.037855001538897,0.85
9980.402863192901,4.037889927293024,0.0,-0.0,3.8314589937762205,484.92969747376264,4.037852464212163,0.85
9981.23466771684,4.037884959681172,0.0,-0.0,3.8314589937762205,485.761501997702,4.037847400806545,0.85
9981.650569204214,4.037882480015792,0.0,-0.0,3.8314589937762205,486.17740348507505,4.03784487472128,0.85
9982.064391955648,4.037880017669384,0.0,-0.0,3.8314589937762205,486.5912262365091,4.037842364968318,0.85
9982.478214707082,4.037877558545805,0.0,-0.0,3.8314589937762205,487.00504898794316,4.037839858907186,0.85
9983.30586020995,4.0378726481018195,0.0,-0.0,3.8314589937762205,487.83269449081126,4.03783485783869,0.85
9983.730079739464,4.037870135408331,0.0,-0.0,3.8314589937762205,488.256914020325,4.0378323001835685,0.85
9984.141822980362,4.037867701488853,0.0,-0.0,3.8314589937762205,488.6686572612234,4.037829821437361,0.85
9984.55356622126,4.037865270735649,0.0,-0.0,3.8314589937762205,489.08040050212185,4.0378273463190615,0.85
9985.37705270306,4.037860416898049,0.0,-0.0,3.8314589937762205,489.90388698392053,4.037822406944947,0.85
9985.809590274715,4.037857871699867,0.0,-0.0,3.8314589937762205,490.33642455557674,4.03781981832104,0.85
9986.21925400508,4.037855465926481,0.0,-0.0,3.8314589937762205,490.74608828594137,4.0378173702609494,0.85
9986.628917735445,4.037853063264432,0.0,-0.0,3.8314589937762205,491.155752016306,4.03781492576577,0.85
9987.448245196172,4.037848265475057,0.0,-0.0,3.8314589937762205,491.97507947703343,4.037810047449382,0.85
9987.889100809965,4.0378456882917755,0.0,-0.0,3.8314589937762205,492.4159350908267,4.037807428450625,0.85
9988.296685029794,4.037843310386295,0.0,-0.0,3.8314589937762205,492.8235193106557,4.03780501075906,0.85
9988.704269249623,4.03784093553865,0.0,-0.0,3.8314589937762205,493.2311035304847,4.037802596570319,0.85
9989.519437689281,4.0378361932454965,0.0,-0.0,3.8314589937762205,494.0462719701427,4.037797778681025,0.85
9989.968611345217,4.037833584900304,0.0,-0.0,3.8314589937762205,494.49544562607844,4.037795129894296,0.85
9990.37411605451,4.03783123458896,0.0,-0.0,3.8314589937762205,494.9009503353718,4.037792742256673,0.85
9990.779620763804,4.037828887281053,0.0,-0.0,3.8314589937762205,495.3064550446652,4.037790358060693,0.85
9991.59063018239,4.037824199938661,0.0,-0.0,3.8314589937762205,496.11746446325196,4.0377855999738355,0.85
9992.048121880467,4.037821560621752,0.0,-0.0,3.8314589937762205,496.5749561613284,4.037782921979021,0.85
9992.451547079225,4.037819237631178,0.0,-0.0,3.8314589937762205,496.97838136008613,4.0377805640837465,0.85
9992.854972277983,4.037816917591346,0.0,-0.0,3.8314589937762205,497.3818065588439,4.0377782095698285,0.85
9993.661822675498,4.037812284660305,0.0,-0.0,3.8314589937762205,498.1886569563594,4.037773510666667,0.85
9994.127632415719,4.037809614872122,0.0,-0.0,3.8314589937762205,498.65446669658013,4.037770804036732,0.85
9994.528978103941,4.037807318932599,0.0,-0.0,3.8314589937762205,499.05581238480227,4.037768475575177,0.85
9994.930323792163,4.037805025894034,0.0,-0.0,3.8314589937762205,499.4571580730244,4.037766150435567,0.85
9995.73301516861,4.037800446836599,0.0,-0.0,3.8314589937762205,500.2598494494705,4.037761510103227,0.85
9996.207142950969,4.037797747070487,0.0,-0.0,3.8314589937762205,500.73397723183007,4.037758775404293,0.85
9996.606409128657,4.037795477920005,0.0,-0.0,3.8314589937762205,501.1332434095184,4.037756476070759,0.85
9997.005675306345,4.037793211615991,0.0,-0.0,3.8314589937762205,501.53250958720673,4.037754180000626,0.85
9997.80420766172,4.0377886859078345,0.0,-0.0,3.8314589937762205,502.3310419425816,4.037749597632045,0.85
9998.28665348622,4.037785956654659,0.0,-0.0,3.8314589937762205,502.8134877670818,4.037746835423452,0.85
9998.683840153373,4.0377837140231945,0.0,-0.0,3.8314589937762205,503.21067443423453,4.037744564915146,0.85
9999.081026820526,4.037781474191558,0.0,-0.0,3.8314589937762205,503.60786110138724,4.0377422976125565,0.85
9999.875400154831,4.037777001305018,0.0,-0.0,3.8314589937762205,504.40223443569266,4.0377377726064365,0.85
10000.366164021472,4.037774243046595,0.0,-0.0,3.8314589937762205,504.8929983023336,4.037734983440813,0.85
10000.76127117809,4.0377720266795265,0.0,-0.0,3.8314589937762205,505.28810545895067,4.037732741457825,0.85
10001.156378334706,4.037769813060872,0.0,-0.0,3.8314589937762205,505.68321261556775,4.0377305026237185,0.85
10001.94659264794,4.037765392479903,0.0,-0.0,3.8314589937762205,506.4734269288019,4.0377260343844625,0.85
10002.445674556722,4.037762605694603,0.0,-0.0,3.8314589937762205,506.9725088375835,4.0377232188078,0.85
10002.838702202804,4.037760415330641,0.0,-0.0,3.8314589937762205,507.365536483665,4.037721005053075,0.85
10003.231729848885,4.037758227666279,0.0,-0.0,3.8314589937762205,507.75856412974645,4.03771879439123,0.85
10004.01778514105,4.037753858878672,0.0,-0.0,3.8314589937762205,508.5446194219112,4.037714382328903,0.85
10004.525185091974,4.037751044039929,0.0,-0.0,3.8314589937762205,509.0520193728353,4.037711540880617,0.85
10004.91613322752,4.037748879423157,0.0,-0.0,3.8314589937762205,509.4429675083811,4.037709355059928,0.85
10005.307081363066,4.0377467174597985,0.0,-0.0,3.8314589937762205,509.83391564392696,4.037707172276945,0.85
10006.08897763416,4.03774239995542,0.0,-0.0,3.8314589937762205,510.61581191502046,4.037702815807214,0.85
10006.604695627224,4.037739557528859,0.0,-0.0,3.8314589937762205,511.1315299080852,4.037699949020214,0.85
10006.993564252236,4.037737418409426,0.0,-0.0,3.8314589937762205,511.52039853309725,4.037697790842139,0.85
10007.382432877248,4.037735281893924,0.0,-0.0,3.8314589937762205,511.9092671581093,4.03769563564741,0.85
10008.16017012727,4.037731015173325,0.0,-0.0,3.8314589937762205,512.6870044081315,4.0376913341915,0.85
10008.684206162476,4.03772814562247,0.0,-0.0,3.8314589937762205,513.211040443337,4.037688442592257,0.85
10009.070995276952,4.037726031746189,0.0,-0.0,3.8314589937762205,513.5978295578134,4.03768631176815,0.85
10009.457784391429,4.037723920429402,0.0,-0.0,3.8314589937762205,513.9846186722898,4.037684183873834,0.85
10010.231362620381,4.037719703993461,0.0,-0.0,3.8314589937762205,514.7581969012426,4.037679936858474,0.85
10010.763716697726,4.03771680777376,0.0,-0.0,3.8314589937762205,515.2905509785869,4.037677020967084,0.85
10011.148426301666,4.0377147188958755,0.0,-0.0,3.8314589937762205,515.6752605825277,4.037674917211052,0.85
10011.533135905607,4.037712632530554,0.0,-0.0,3.8314589937762205,516.0599701864685,4.037672816332054,0.85
10012.302555113489,4.037708465887899,0.0,-0.0,3.8314589937762205,516.8293893943501,4.037668623189426,0.85
10012.843227232977,4.037705543451482,0.0,-0.0,3.8314589937762205,517.3700615138387,4.037665683519677,0.85
10013.225857326383,4.0377034793250965,0.0,-0.0,3.8314589937762205,517.7526916072438,4.037663606548557,0.85
10013.608487419788,4.037701417667074,0.0,-0.0,3.8314589937762205,518.135321700649,4.037661532402498,0.85
10014.3737476066,4.037697300329418,0.0,-0.0,3.8314589937762205,518.9005818874612,4.037657392570191,0.85
10014.922737768227,4.037694352122171,0.0,-0.0,3.8314589937762205,519.4495720490886,4.037654429629628,0.85
10015.303288351097,4.037692312506207,0.0,-0.0,3.8314589937762205,519.8301226319581,4.037652379162959,0.85
10015.683838933966,4.0376902753133574,0.0,-0.0,3.8314589937762205,520.2106732148277,4.037650331470151,0.85
10016.444940099707,4.03768620679927,0.0,-0.0,3.8314589937762205,520.9717743805686,4.037646244391113,0.85
10017.002248303479,4.037683233262815,0.0,-0.0,3.8314589937762205,521.5290825843404,4.0376432586811,0.85
10017.380719375815,4.037681217914873,0.0,-0.0,3.8314589937762205,521.9075536566761,4.037641234441099,0.85
10017.75919044815,4.037679204948125,0.0,-0.0,3.8314589937762205,522.2860247290118,4.037639212924526,0.85
10018.51613259282,4.03767518477879,0.0,-0.0,3.8314589937762205,523.0429668736815,4.037635178047011,0.85
10019.081758838729,4.0376721863490115,0.0,-0.0,3.8314589937762205,523.6085931195903,4.037632170062797,0.85
10019.45815040053,4.037670195033918,0.0,-0.0,3.8314589937762205,523.9849846813904,4.037630171774337,0.85
10019.83454196233,4.03766820605522,0.0,-0.0,3.8314589937762205,524.3613762431905,4.037628176159627,0.85
10020.58732508593,4.037664233759527,0.0,-0.0,3.8314589937762205,525.1141593667908,4.037624192937151,0.85
10021.16126937398,4.037661210868707,0.0,-0.0,3.8314589937762205,525.688103654842,4.037621163167929,0.85
10021.535581425245,4.037659243348527,0.0,-0.0,3.8314589937762205,526.0624157061065,4.037619190558513,0.85
10021.90989347651,4.037657278123323,0.0,-0.0,3.8314589937762205,526.436727757371,4.037617220573916,0.85
10022.658517579039,4.037653353232358,0.0,-0.0,3.8314589937762205,527.1853518599,4.037613288465206,0.85
10023.24077990923,4.03765030630605,0.0,-0.0,3.8314589937762205,527.767614190092,4.037610237394181,0.85
10023.61301244996,4.03764836234893,0.0,-0.0,3.8314589937762205,528.1398467308209,4.037608290193918,0.85
10023.985244990688,4.037646420645148,0.0,-0.0,3.8314589937762205,528.5120792715497,4.0376063455702775,0.85
10024.729710072148,4.037642542695901,0.0,-0.0,3.8314589937762205,529.2565443530093,4.037602464039229,0.85
10025.320290444482,4.037639472156288,0.0,-0.0,3.8314589937762205,529.8471247253437,4.037599392143676,0.85
10025.690443474678,4.037637551531283,0.0,-0.0,3.8314589937762205,530.2172777555388,4.037597470085259,0.85
10026.060596504873,4.037635633118413,0.0,-0.0,3.8314589937762205,530.5874307857339,4.037595550555996,0.85
10026.800902565261,4.037631801651981,0.0,-0.0,3.8314589937762205,531.3277368461222,4.037591719071622,0.85
10027.399800979732,4.037628707915879,0.0,-0.0,3.8314589937762205,531.9266352605937,4.037588626822944,0.85
10027.767874499392,4.037626810394721,0.0,-0.0,3.8314589937762205,532.2947087802531,4.0375867296416255,0.85
10028.135948019051,4.037624915044752,0.0,-0.0,3.8314589937762205,532.6627822999126,4.0375848349427095,0.85
10028.872095058368,4.03762112960789,0.0,-0.0,3.8314589937762205,533.3989293392297,4.037581052979096,0.85
10029.479311514984,4.037618013087494,0.0,-0.0,3.8314589937762205,534.0061457958454,4.037577940842893,0.85
10029.845305524108,4.037616138443301,0.0,-0.0,3.8314589937762205,534.3721398049693,4.03757606827646,0.85
10030.211299533232,4.037614265931266,0.0,-0.0,3.8314589937762205,534.7381338140931,4.037574198146387,0.85
10030.94328755148,4.037610526073385,0.0,-0.0,3.8314589937762205,535.4701218323407,4.037570465182649,0.85
10031.558822050234,4.037607387176289,0.0,-0.0,3.8314589937762205,536.0856563310954,4.037567333618769,0.85
10031.922736548822,4.03760553518579,0.0,-0.0,3.8314589937762205,536.4495708296836,4.037565485407524,0.85
10032.28665104741,4.037603685288074,0.0,-0.0,3.8314589937762205,536.8134853282718,4.0375636395872965,0.85
10033.014480044587,4.037599990564614,0.0,-0.0,3.8314589937762205,537.5413143254482,4.037559955107528,0.85
10033.638332585486,4.037596829694095,0.0,-0.0,3.8314589937762205,538.1651668663471,4.037556804570133,0.85
10034.000167573538,4.037595000135136,0.0,-0.0,3.8314589937762205,538.5270018543997,4.037554980456867,0.85
10034.362002561591,4.037593172630686,0.0,-0.0,3.8314589937762205,538.8888368424523,4.037553158689968,0.85
10035.085672537698,4.037589522600415,0.0,-0.0,3.8314589937762205,539.6125068185593,4.0375495221832,0.85
10035.717843120736,4.037586340154621,0.0,-0.0,3.8314589937762205,540.2446774015971,4.0375463531208196,0.85
10036.077598598255,4.037584532808172,0.0,-0.0,3.8314589937762205,540.6044328791158,4.037544552850794,0.85
10036.437354075773,4.037582727478133,0.0,-0.0,3.8314589937762205,540.9641883566346,4.037542754883165,0.85
10037.156865030809,4.037579121704541,0.0,-0.0,3.8314589937762205,541.6836993116704,4.037539165843322,0.85
10037.797353655988,4.037575918077623,0.0,-0.0,3.8314589937762205,542.3241879368488,4.037535978698915,0.85
10038.15502962297,4.037574132726002,0.0,-0.0,3.8314589937762205,542.681863903832,4.037534202019834,0.85
10038.512705589954,4.037572349353587,0.0,-0.0,3.8314589937762205,543.0395398708151,4.037532427599853,0.85
10039.228057523918,4.037568787405098,0.0,-0.0,3.8314589937762205,543.7548918047796,4.037528885525704,0.85
10039.876864191237,4.037565562986888,0.0,-0.0,3.8314589937762205,544.4036984720988,4.037525680736717,0.85
10040.232460647685,4.037563799414697,0.0,-0.0,3.8314589937762205,544.7592949285463,4.037523927398712,0.85
10040.588057104133,4.0375620377855395,0.0,-0.0,3.8314589937762205,545.1148913849938,4.0375221762771725,0.85
10041.299250017028,4.037558519233503,0.0,-0.0,3.8314589937762205,545.8260842978889,4.037518680672291,0.85
10041.95637472649,4.0375552744089545,0.0,-0.0,3.8314589937762205,546.4832090073505,4.037515458670712,0.85
10042.309891672401,4.037553532403511,0.0,-0.0,3.8314589937762205,546.8367259532624,4.037513728426311,0.85
10042.663408618313,4.037551792304832,0.0,-0.0,3.8314589937762205,547.1902428991743,4.0375120003564,0.85
10043.370442510137,4.037548316726982,0.0,-0.0,3.8314589937762205,547.8972767909981,4.037508550729119,0.85
10044.03588526174,4.037545051876693,0.0,-0.0,3.8314589937762205,548.5627195426005,4.037505311941538,0.85
10044.387322697115,4.037543331226542,0.0,-0.0,3.8314589937762205,548.9141569779767,4.03750360454565,0.85
10044.738760132492,4.037541612447908,0.0,-0.0,3.8314589937762205,549.265594413353,4.037501899282923,0.85
10045.441635003246,4.037538179423537,0.0,-0.0,3.8314589937762205,549.9684692841074,4.037498495146294,0.85
10046.115395796991,4.037534894924258,0.0,-0.0,3.8314589937762205,550.6422300778522,4.037495239993953,0.85
10046.464753721833,4.037533195421583,0.0,-0.0,3.8314589937762205,550.9915880026947,4.037493555203847,0.85
10046.814111646676,4.0375314977544825,0.0,-0.0,3.8314589937762205,551.3409459275372,4.03749187250621,0.85
10047.512827496359,4.037528106869053,0.0,-0.0,3.8314589937762205,552.0396617772203,4.037488513377958,0.85
10048.19490633224,4.037524803092202,0.0,-0.0,3.8314589937762205,552.7217406131022,4.037485242276814,0.85
10048.542184746548,4.037523124529383,0.0,-0.0,3.8314589937762205,553.069019027409,4.037483579852092,0.85
10048.889463160855,4.037521447767556,0.0,-0.0,3.8314589937762205,553.4162974417159,4.03748191947978,0.85
10049.584019989468,4.03751809860929,0.0,-0.0,3.8314589937762205,554.1108542703296,4.037478604882258,0.85
10050.274416867493,4.037514775924253,0.0,-0.0,3.8314589937762205,554.8012511483539,4.037475318243033,0.85
10050.619615771264,4.037513118096657,0.0,-0.0,3.8314589937762205,555.1464500521251,4.037473677945615,0.85
10050.964814675035,4.037511462035793,0.0,-0.0,3.8314589937762205,555.4916489558964,4.0374720396611705,0.85
10051.655212482578,4.037508154197704,0.0,-0.0,3.8314589937762205,556.1820467634388,4.0374687691213245,0.85
10052.353927402743,4.037504812967331,0.0,-0.0,3.8314589937762205,556.8807616836039,4.037465467349562,0.85
10052.697046795978,4.037503175671651,0.0,-0.0,3.8314589937762205,557.2238810768395,4.03746384894366,0.85
10053.040166189214,4.037501540109736,0.0,-0.0,3.8314589937762205,557.5670004700751,4.037462232511909,0.85
10053.726404975685,4.037498273188362,0.0,-0.0,3.8314589937762205,558.2532392565463,4.037459005561232,0.85
10054.433437937994,4.037494913773775,0.0,-0.0,3.8314589937762205,558.9602722188556,4.037455689057349,0.85
10054.774477820694,4.037493296808975,0.0,-0.0,3.8314589937762205,559.3013121015556,4.037454092309449,0.85
10055.115517703394,4.037491681545337,0.0,-0.0,3.8314589937762205,559.6423519842556,4.037452497497485,0.85
10055.797597468796,4.0374884551408545,0.0,-0.0,3.8314589937762205,560.3244317496574,4.037449313671976,0.85
10056.512948473244,4.037485077897291,0.0,-0.0,3.8314589937762205,561.0397827541055,4.037445982831319,0.85
10056.85190884541,4.037483481064979,0.0,-0.0,3.8314589937762205,561.3787431262717,4.0374444075101605,0.85
10057.190869217577,4.037481885901434,0.0,-0.0,3.8314589937762205,561.7177034984379,4.037442834087319,0.85
10057.868789961907,4.037478699618199,0.0,-0.0,3.8314589937762205,562.3956242427685,4.0374396929274425,0.85
10058.592459008496,4.037475304897576,0.0,-0.0,3.8314589937762205,563.1192932893573,4.03743634814034,0.85
10058.929339870127,4.037473728000377,0.0,-0.0,3.8314589937762205,563.4561741509879,4.037434794016892,0.85
10059.266220731757,4.037472152740513,0.0,-0.0,3.8314589937762205,563.7930550126184,4.037433241754735,0.85
10059.939982455018,4.037469006187018,0.0,-0.0,3.8314589937762205,564.4668167358795,4.037430142805382,0.85
10060.671969543746,4.037465594337305,0.0,-0.0,3.8314589937762205,565.1988038246072,4.037426784457193,0.85
10061.00677089484,4.037464037180484,0.0,-0.0,3.8314589937762205,565.5336051757022,4.037425251304639,0.85
10061.341572245936,4.03746248162953,0.0,-0.0,3.8314589937762205,565.8684065267971,4.037423719976933,0.85
10062.011174948126,4.037459374417777,0.0,-0.0,3.8314589937762205,566.538009228987,4.037420662787376,0.85
10062.751480078998,4.037455945782799,0.0,-0.0,3.8314589937762205,567.278314359859,4.037417291258549,0.85
10063.084201919557,4.037454408172904,0.0,-0.0,3.8314589937762205,567.6110362004183,4.037415778852262,0.85
10063.416923760116,4.037452872137518,0.0,-0.0,3.8314589937762205,567.9437580409776,4.0374142682349525,0.85
10064.082367441235,4.037449803884394,0.0,-0.0,3.8314589937762205,568.6092017220963,4.0374112523588135,0.85
10064.83099061425,4.037446358802932,0.0,-0.0,3.8314589937762205,569.3578248951108,4.037407868024932,0.85
10065.161632944273,4.037444840549261,0.0,-0.0,3.8314589937762205,569.6884672251344,4.037406376142455,0.85
10065.492275274297,4.037443323839887,0.0,-0.0,3.8314589937762205,570.0191095551581,4.0374048860136575,0.85
10066.153559934346,4.037440294163272,0.0,-0.0,3.8314589937762205,570.6803942152073,4.037401911008859,0.85
10066.9105011495,4.037436832972702,0.0,-0.0,3.8314589937762205,571.4373354303607,4.037398514240695,0.85
10067.23906396899,4.0374353338853375,0.0,-0.0,3.8314589937762205,571.7658982498506,4.037397042661726,0.85
10067.56762678848,4.0374338363118,0.0,-0.0,3.8314589937762205,572.0944610693405,4.037395572801697,0.85
10068.224752427457,4.037430844836356,0.0,-0.0,3.8314589937762205,572.7515867083184,4.037392638230431,0.85
10068.990011684751,4.037427367867805,0.0,-0.0,3.8314589937762205,573.5168459656124,4.0373892293939955,0.85
10069.316494993705,4.037425887759802,0.0,-0.0,3.8314589937762205,573.8433292745667,4.037387777900362,0.85
10069.64297830266,4.037424409135799,0.0,-0.0,3.8314589937762205,574.169812583521,4.037386328091483,0.85
10070.295944920568,4.037421455487191,0.0,-0.0,3.8314589937762205,574.8227792014295,4.0373834335201675,0.85
10071.069522220001,4.03741796307054,0.0,-0.0,3.8314589937762205,575.5963565008624,4.037380012976758,0.85
10071.39392601842,4.037416501755236,0.0,-0.0,3.8314589937762205,575.920760299281,4.037378581352401,0.85
10071.718329816838,4.037415041894633,0.0,-0.0,3.8314589937762205,576.2451640976997,4.037377151379159,0.85
10072.367137413676,4.037412125704597,0.0,-0.0,3.8314589937762205,576.893971694537,4.037374296378401,0.85
10073.149032755253,4.037408618162441,0.0,-0.0,3.8314589937762205,577.6758670361141,4.037370864484656,0.85
10073.471357043136,4.0374071754574725,0.0,-0.0,3.8314589937762205,577.9981913239972,4.037369452515612,0.85
10073.793681331019,4.037405734177354,0.0,-0.0,3.8314589937762205,578.3205156118802,4.037368042164578,0.85
10074.438329906785,4.037402855077948,0.0,-0.0,3.8314589937762205,578.9651641876462,4.037365226309136,0.85
10075.228543290503,4.037399332733285,0.0,-0.0,3.8314589937762205,579.7553775713641,4.037361783417078,0.85
10075.54878806785,4.0373979084553415,0.0,-0.0,3.8314589937762205,580.0756223487115,4.037360390891452,0.85
10075.869032845198,4.037396485573436,0.0,-0.0,3.8314589937762205,580.3958671260589,4.0373589999512705,0.85
10076.509522399894,4.037393643203547,0.0,-0.0,3.8314589937762205,581.0363566807555,4.037356222820013,0.85
10077.308053825755,4.037390106371523,0.0,-0.0,3.8314589937762205,581.8348881066158,4.037352769277103,0.85
10077.626219092568,4.037388700342343,0.0,-0.0,3.8314589937762205,582.1530533734294,4.037351395985061,0.85
10077.944384359382,4.0373872956786485,0.0,-0.0,3.8314589937762205,582.471218640243,4.037350024246416,0.85
10078.580714893007,4.037384489679152,0.0,-0.0,3.8314589937762205,583.1075491738684,4.037347285422292,0.85
10079.387564361004,4.037380938670979,0.0,-0.0,3.8314589937762205,583.9143986418658,4.037343821571471,0.85
10079.703650117282,4.037379550713616,0.0,-0.0,3.8314589937762205,584.2304843981437,4.037342467305213,0.85
10080.01973587356,4.037378164089462,0.0,-0.0,3.8314589937762205,584.5465701544217,4.0373411145608245,0.85
10080.651907386116,4.037375394105997,0.0,-0.0,3.8314589937762205,585.1787416669777,4.037338413630816,0.85
10081.467074896256,4.037371829225048,0.0,-0.0,3.8314589937762205,585.9939091771175,4.0373349398105605,0.85
10081.781081141999,4.037370459168385,0.0,-0.0,3.8314589937762205,586.3079154228599,4.037333604364303,0.85
10082.095087387741,4.037369090407506,0.0,-0.0,3.8314589937762205,586.6219216686022,4.0373322704089,0.85
10082.723099879226,4.03736635608996,0.0,-0.0,3.8314589937762205,587.2499341600869,4.037329606963993,0.85
10083.546585431506,4.03736277762855,0.0,-0.0,3.8314589937762205,588.0734197123675,4.037326123508355,0.85
10083.858512166713,4.037361425309454,0.0,-0.0,3.8314589937762205,588.3853464475742,4.037324806678317,0.85
10084.17043890192,4.037360074236752,0.0,-0.0,3.8314589937762205,588.6972731827809,4.0373234913086185,0.85
10084.794292372333,4.037357375241619,0.0,-0.0,3.8314589937762205,589.3211266531944,4.037320864943764,0.85
10085.626095966758,4.037353783467073,0.0,-0.0,3.8314589937762205,590.1529302476192,4.0373173721824225,0.85
10085.935943191429,4.037352448743015,0.0,-0.0,3.8314589937762205,590.4627774722903,4.0373160737668,0.85
10086.2457904161,4.037351115184883,0.0,-0.0,3.8314589937762205,590.7726246969614,4.037314776781503,0.85
10086.865484865444,4.037348451179486,0.0,-0.0,3.8314589937762205,591.3923191463055,4.037312187095582,0.85
10087.705606502008,4.037344846294825,0.0,-0.0,3.8314589937762205,592.2324407828692,4.037308685353886,0.85
10088.013374216145,4.037343529077242,0.0,-0.0,3.8314589937762205,592.5402084970065,4.037307405152842,0.85
10088.321141930282,4.037342212862004,0.0,-0.0,3.8314589937762205,592.8479762111438,4.037306126352598,0.85
10088.936677358555,4.0373395835407475,0.0,-0.0,3.8314589937762205,593.4635116394165,4.03730357294838,0.85
10089.78511703726,4.0373359655714784,0.0,-0.0,3.8314589937762205,594.3119513181209,4.037300062547397,0.85
10090.090805240861,4.0373346659245755,0.0,-0.0,3.8314589937762205,594.6176395217226,4.037298800363037,0.85
10090.396493444463,4.037333366882168,0.0,-0.0,3.8314589937762205,594.9233277253243,4.037297539550437,0.85
10091.007869851666,4.037330772005792,0.0,-0.0,3.8314589937762205,595.5347041325276,4.037295022034551,0.85
10091.86462757251,4.037327140448554,0.0,-0.0,3.8314589937762205,596.3914618533709,4.037291503291112,0.85
10092.168236265576,4.037325858900003,0.0,-0.0,3.8314589937762205,596.6950705464369,4.037290258927469,0.85
10092.471844958642,4.0373245768620745,0.0,-0.0,3.8314589937762205,596.998679239503,4.037289015907023,0.85
10093.079062344774,4.037322016392897,0.0,-0.0,3.8314589937762205,597.6058966256351,4.037286533889922,0.85
10093.944138107761,4.037318369041143,0.0,-0.0,3.8314589937762205,598.4709723886226,4.037283007116662,0.85
10094.245667290292,4.037317107622195,0.0,-0.0,3.8314589937762205,598.772501571153,4.03728178037968,0.85
10094.547196472822,4.037315842421719,0.0,-0.0,3.8314589937762205,599.0740307536835,4.037280554957804,0.85
10095.150254837885,4.037313316969222,0.0,-0.0,3.8314589937762205,599.6770891187462,4.037278108053726,0.85
10096.023648643011,4.037309645800493,0.0,-0.0,3.8314589937762205,600.5504829238726,4.037274573559136,0.85
10096.323098315006,4.03730841171174,0.0,-0.0,3.8314589937762205,600.8499325958674,4.03727336425665,0.85
10096.622547987,4.037307163183634,0.0,-0.0,3.8314589937762205,601.1493822678622,4.03727215624164,0.85
10097.221447330992,4.037304675575529,0.0,-0.0,3.8314589937762205,601.7482816118536,4.037269744068577,0.85
10098.103159178263,4.037301009273123,0.0,-0.0,3.8314589937762205,602.6299934591243,4.037266202157044,0.85
10098.400529339724,4.037299776128643,0.0,-0.0,3.8314589937762205,602.9273636205853,4.0372650100987615,0.85
10098.697899501185,4.037298544103518,0.0,-0.0,3.8314589937762205,603.2247337820463,4.037263819300789,0.85
10099.292639824105,4.037296082766889,0.0,-0.0,3.8314589937762205,603.8194741049665,4.037261441480449,0.85
10100.182669713513,4.037292406568826,0.0,-0.0,3.8314589937762205,604.7095039943742,4.037257892452298,0.85
10100.477960364438,4.037291189794134,0.0,-0.0,3.8314589937762205,605.0047946452996,4.037256717449786,0.85
10100.773251015364,4.03728997411549,0.0,-0.0,3.8314589937762205,605.300085296225,4.03725554368087,0.85
10101.363832317214,4.037287545415476,0.0,-0.0,3.8314589937762205,605.8906665980758,4.037253199838646,0.85
10102.262180248765,4.037283858276355,0.0,-0.0,3.8314589937762205,606.789014529626,4.0372496439901875,0.85
10102.555391389154,4.03728265770963,0.0,-0.0,3.8314589937762205,607.0822256700158,4.037248485856854,0.85
10102.848602529544,4.0372814582166185,0.0,-0.0,3.8314589937762205,607.3754368104055,4.037247328930849,0.85
10103.435024810324,4.037279061832995,0.0,-0.0,3.8314589937762205,607.961859091185,4.037245018695785,0.85
10104.341690784015,4.037275365012283,0.0,-0.0,3.8314589937762205,608.8685250648759,4.037241456319354,0.85
10104.632822413869,4.037274180492975,0.0,-0.0,3.8314589937762205,609.1596566947301,4.03724031487043,0.85
10104.923954043723,4.037272997025397,0.0,-0.0,3.8314589937762205,609.4507883245842,4.0372391746030045,0.85
10105.506217303433,4.037270632638695,0.0,-0.0,3.8314589937762205,610.0330515842943,4.0372368976077615,0.85
10106.421201319266,4.037266925464138,0.0,-0.0,3.8314589937762205,610.9480356001277,4.037233328991763,0.85
10106.710253438585,4.037265756834714,0.0,-0.0,3.8314589937762205,611.2370877194462,4.037232204044285,0.85
10106.999305557903,4.03726458923503,0.0,-0.0,3.8314589937762205,611.5261398387647,4.037231080252914,0.85
10107.577409796542,4.0372622565303535,0.0,-0.0,3.8314589937762205,612.1042440774036,4.037228836133737,0.85
10108.500711854516,4.037258539270477,0.0,-0.0,3.8314589937762205,613.0275461353776,4.037225261562685,0.85
10108.787684463301,4.037257386374268,0.0,-0.0,3.8314589937762205,613.3145187441623,4.037224152935481,0.85
10109.074657072086,4.037256234486099,0.0,-0.0,3.8314589937762205,613.601491352947,4.037223045439419,0.85
10109.648602289653,4.037253933152607,0.0,-0.0,3.8314589937762205,614.1754365705146,4.037220833836104,0.85
10110.580222389768,4.037250206072077,0.0,-0.0,3.8314589937762205,615.1070566706294,4.037217253590665,0.85
10110.865115488017,4.037249068754001,0.0,-0.0,3.8314589937762205,615.3919497688785,4.037216161104337,0.85
10111.150008586266,4.037247932422497,0.0,-0.0,3.8314589937762205,615.6768428671276,4.03721506972461,0.85
10111.719794782764,4.03724566215149,0.0,-0.0,3.8314589937762205,616.2466290636257,4.037212890280469,0.85
10112.659732925018,4.037241925512719,0.0,-0.0,3.8314589937762205,617.1865672058793,4.037209304637504,0.85
10112.942546512731,4.037240803619337,0.0,-0.0,3.8314589937762205,617.4693807935928,4.0372082281144115,0.85
10113.225360100445,4.037239682691351,0.0,-0.0,3.8314589937762205,617.7521943813063,4.037207152673794,0.85
10113.790987275872,4.037237443176487,0.0,-0.0,3.8314589937762205,618.3178215567332,4.037205005035628,0.85
10114.73924346027,4.037233697239729,0.0,-0.0,3.8314589937762205,619.2660777411311,4.037201414268233,0.85
10115.019977537448,4.037232590617927,0.0,-0.0,3.8314589937762205,619.5468118183089,4.037200353532475,0.85
10115.300711614625,4.037231484941612,0.0,-0.0,3.8314589937762205,619.8275458954868,4.037199293855479,0.85
10115.862179768983,4.0372292758802395,0.0,-0.0,3.8314589937762205,620.3890140498443,4.037197177673544,0.85
10116.81875399552,4.037225520901615,0.0,-0.0,3.8314589937762205,621.345588276381,4.037193582051085,0.85
10117.097408562164,4.037224429401194,0.0,-0.0,3.8314589937762205,621.6242428430251,4.0371925369284885,0.85
10117.376063128808,4.0372233388261245,0.0,-0.0,3.8314589937762205,621.9028974096691,4.0371914928413455,0.85
10117.933372262094,4.037221159918188,0.0,-0.0,3.8314589937762205,622.4602065429553,4.037189407769318,0.85
10118.898264530771,4.0372173961508,0.0,-0.0,3.8314589937762205,623.4250988116328,4.03718580755748,0.85
10119.17483958688,4.037216319622862,0.0,-0.0,3.8314589937762205,623.7016738677412,4.037184777875579,0.85
10119.451414642988,4.037215243999503,0.0,-0.0,3.8314589937762205,623.9782489238496,4.037183749206224,0.85
10120.004564755203,4.0372130949480525,0.0,-0.0,3.8314589937762205,624.5313990360646,4.0371816949011725,0.85
10120.977775066021,4.037209322642303,0.0,-0.0,3.8314589937762205,625.5046093468827,4.037178090361993,0.85
10121.252270611594,4.037208260938008,0.0,-0.0,3.8314589937762205,625.7791048924555,4.037177075950017,0.85
10121.526766157167,4.037207200119025,0.0,-0.0,3.8314589937762205,626.0536004380283,4.037176062528074,0.85
10122.075757248313,4.037205080629638,0.0,-0.0,3.8314589937762205,626.6025915291739,4.037174038650425,0.85
10123.057285601273,4.037201300033752,0.0,-0.0,3.8314589937762205,627.5841198821345,4.037170430042338,0.85
10123.32970163631,4.037200253006753,0.0,-0.0,3.8314589937762205,627.8565359171716,4.037169430731192,0.85
10123.602117671348,4.037199206846174,0.0,-0.0,3.8314589937762205,628.1289519522088,4.037168432387957,0.85
10124.146949741422,4.037197116625688,0.0,-0.0,3.8314589937762205,628.6737840222831,4.03716643860147,0.85
10125.136796136525,4.0371933279847365,0.0,-0.0,3.8314589937762205,629.6636304173862,4.037162826179337,0.85
10125.407132661026,4.0371922954896835,0.0,-0.0,3.8314589937762205,629.9339669418878,4.03716184180159,0.85
10125.677469185528,4.037191263842152,0.0,-0.0,3.8314589937762205,630.2043034663893,4.037160858370017,0.85
10126.218142234533,4.037189202602869,0.0,-0.0,3.8314589937762205,630.7449765153942,4.037158894341747,0.85
10127.216306671775,4.037185406158438,0.0,-0.0,3.8314589937762205,631.7431409526362,4.037155278356904,0.85
10127.484563685743,4.0371843880518785,0.0,-0.0,3.8314589937762205,632.0113979666039,4.037154308746774,0.85
10127.75282069971,4.037183370773998,0.0,-0.0,3.8314589937762205,632.2796549805716,4.037153340061456,0.85
10128.289334727644,4.037181338228223,0.0,-0.0,3.8314589937762205,632.8161690085053,4.037151405461729,0.85
10129.295817207027,4.037177534220216,0.0,-0.0,3.8314589937762205,633.8226514878879,4.037147786162019,0.85
10129.561994710459,4.03717653035892,0.0,-0.0,3.8314589937762205,634.08882899132,4.037146831155354,0.85
10129.82817221389,4.037175527308785,0.0,-0.0,3.8314589937762205,634.3550064947522,4.037145877052515,0.85
10130.360527220753,4.03717352317353,0.0,-0.0,3.8314589937762205,634.8873615016146,4.037143971554892,0.85
10131.375327742277,4.037169711838786,0.0,-0.0,3.8314589937762205,635.9021620231379,4.037140349184707,0.85
10131.639425735173,4.03716872208158,0.0,-0.0,3.8314589937762205,636.1662600160344,4.037139408618973,0.85
10131.90352372807,4.03716773311754,0.0,-0.0,3.8314589937762205,636.4303580089309,4.037138468936447,0.85
10132.431719713863,4.037165757111753,0.0,-0.0,3.8314589937762205,636.9585539947238,4.037136592217698,0.85
10133.454838277528,4.037161938683056,0.0,-0.0,3.8314589937762205,637.9816725583896,4.037132967018013,0.85
10133.71685675989,4.037160962890573,0.0,-0.0,3.8314589937762205,638.2436910407505,4.037132040732277,0.85
10133.97887524225,4.037159987873363,0.0,-0.0,3.8314589937762205,638.5057095231114,4.037131115309494,0.85
10134.502912206972,4.037158039717985,0.0,-0.0,3.8314589937762205,639.0297464878331,4.037129267049571,0.85
10135.534348812778,4.037154214427545,0.0,-0.0,3.8314589937762205,640.0611830936396,4.03712563925798,0.85
10135.794287784604,4.037153252460749,0.0,-0.0,3.8314589937762205,640.3211220654648,4.037124727092899,0.85
10136.054226756429,4.037152291251855,0.0,-0.0,3.8314589937762205,640.58106103729,4.037123815770873,0.85
10136.574104700081,4.0371503706717515,0.0,-0.0,3.8314589937762205,641.1009389809424,4.037121995652875,0.85
10137.61385934803,4.037146538746416,0.0,-0.0,3.8314589937762205,642.1406936288913,4.037118365503634,0.85
10137.871718809321,4.0371455904687465,0.0,-0.0,3.8314589937762205,642.3985530901828,4.037117467301434,0.85
10138.129578270613,4.037144642930889,0.0,-0.0,3.8314589937762205,642.6564125514742,4.037116569922747,0.85
10138.645297193194,4.037142749652851,0.0,-0.0,3.8314589937762205,643.1721314740553,4.037114777632892,0.85
10139.676735038356,4.0371389721185835,0.0,-0.0,3.8314589937762205,644.2035693192174,4.037111202902163,0.85
10139.69336988328,4.03713891128419,0.0,-0.0,3.8314589937762205,644.2202041641413,4.037111145356949,0.85
10139.949149834036,4.037137976557931,0.0,-0.0,3.8314589937762205,644.4759841148971,4.037110260961416,0.85
10140.204929784792,4.037137042556271,0.0,-0.0,3.8314589937762205,644.7317640656529,4.037109377370202,0.85
10140.716489686303,4.037135176307702,0.0,-0.0,3.8314589937762205,645.2433239671645,4.037107612597803,0.85
10141.739609489325,4.0371314526324635,0.0,-0.0,3.8314589937762205,646.266443770186,4.037104092672683,0.85
10141.772880418532,4.037131331719726,0.0,-0.0,3.8314589937762205,646.299714699393,4.037103978422836,0.85
10142.026580858752,4.037130410411256,0.0,-0.0,3.8314589937762205,646.5534151396132,4.037103107679302,0.85
10142.280281298972,4.037129489810514,0.0,-0.0,3.8314589937762205,646.8071155798334,4.037102237721234,0.85
10142.787682179413,4.0371276503247255,0.0,-0.0,3.8314589937762205,647.3145164602738,4.037100500158666,0.85
10143.802483940293,4.037123979973622,0.0,-0.0,3.8314589937762205,648.3293182211546,4.037097034428,0.85
10143.852390953782,4.037123799736969,0.0,-0.0,3.8314589937762205,648.379225234643,4.03709686430912,0.85
10144.104011883466,4.037122891711958,0.0,-0.0,3.8314589937762205,648.6308461643275,4.037096007064442,0.85
10144.35563281315,4.037121984379037,0.0,-0.0,3.8314589937762205,648.8824670940121,4.037095150586718,0.85
10144.85887467252,4.037120171389207,0.0,-0.0,3.8314589937762205,649.3857089533813,4.037093439929391,0.85
10145.86535839126,4.03711655383486,0.0,-0.0,3.8314589937762205,650.3921926721214,4.03709002778804,0.85
10145.931901489033,4.037116315020377,0.0,-0.0,3.8314589937762205,650.4587357698947,4.037089802626511,0.85
10146.181442908182,4.037115420147526,0.0,-0.0,3.8314589937762205,650.7082771890437,4.037088958729065,0.85
10146.430984327331,4.0371145259501,0.0,-0.0,3.8314589937762205,650.9578186081926,4.037088115580395,0.85
10146.930067165631,4.037112739193876,0.0,-0.0,3.8314589937762205,651.4569014464923,4.037086431526726,0.85
10147.928232842229,4.037109173911371,0.0,-0.0,3.8314589937762205,652.45506712309,4.037083072375508,0.85
10148.011412024283,4.037108877257827,0.0,-0.0,3.8314589937762205,652.5382463051446,4.037082792988592,0.85
10148.258873932898,4.037107995405433,0.0,-0.0,3.8314589937762205,652.7857082137598,4.037081962288253,0.85
10148.506335841514,4.037107114213048,0.0,-0.0,3.8314589937762205,653.0331701223749,4.037081132318843,0.85
10149.001259658742,4.037105353428817,0.0,-0.0,3.8314589937762205,653.5280939396034,4.037079474570229,0.85
10149.9911072932,4.037101839901098,0.0,-0.0,3.8314589937762205,654.5179415740604,4.037076167815865,0.85
10150.090922559535,4.037101486139909,0.0,-0.0,3.8314589937762205,654.6177568403964,4.037075835011794,0.85
10150.336304957615,4.037100617177998,0.0,-0.0,3.8314589937762205,654.8631392384759,4.037075017359927,0.85
10150.581687355694,4.0370997488607205,0.0,-0.0,3.8314589937762205,655.1085216365555,4.037074200421462,0.85
10151.072452151853,4.037098013789813,0.0,-0.0,3.8314589937762205,655.5992864327145,4.037072568682252,0.85
10152.05398174417,4.037094551502561,0.0,-0.0,3.8314589937762205,656.5808160250308,4.0370693137373115,0.85
10152.170433094785,4.037094141358262,0.0,-0.0,3.8314589937762205,656.6972673756463,4.037068928315372,0.85
10152.413735982329,4.037093285158159,0.0,-0.0,3.8314589937762205,656.9405702631902,4.037068123564813,0.85
10152.657038869873,4.037092429588098,0.0,-0.0,3.8314589937762205,657.1838731507341,4.037067319510453,0.85
10153.14364464496,4.037090719973966,0.0,-0.0,3.8314589937762205,657.670478925822,4.0370657134879195,0.85
10154.116856195136,4.037087308417995,0.0,-0.0,3.8314589937762205,658.6436904759976,4.0370625097707675,0.85
10154.249943630037,4.0370868426075965,0.0,-0.0,3.8314589937762205,658.7767779108981,4.0370620725213895,0.85
10154.491167007045,4.037085999042167,0.0,-0.0,3.8314589937762205,659.0180012879064,4.037061280526437,0.85
10154.732390384053,4.037085156091305,0.0,-0.0,3.8314589937762205,659.2592246649147,4.037060489210794,0.85
10155.21483713807,4.037083471681571,0.0,-0.0,3.8314589937762205,659.7416714189312,4.037058908615108,0.85
10156.179730646105,4.037080110351857,0.0,-0.0,3.8314589937762205,660.7065649269662,4.03705575554985,0.85
10156.329454165287,4.037079589585277,0.0,-0.0,3.8314589937762205,660.856288446148,4.037055267254695,0.85
10156.56859803176,4.037078758527766,0.0,-0.0,3.8314589937762205,661.0954323126207,4.037054487871092,0.85
10156.807741898232,4.037077928070452,0.0,-0.0,3.8314589937762205,661.3345761790933,4.037053709150221,0.85
10157.28602963118,4.037076268612154,0.0,-0.0,3.8314589937762205,661.8128639120405,4.037052153694425,0.85
10158.242605097073,4.037072957009419,0.0,-0.0,3.8314589937762205,662.7694393779348,4.037049050710855,0.85
10158.408964700538,4.037072381989899,0.0,-0.0,3.8314589937762205,662.9357989813998,4.037048512142902,0.85
10158.646029056477,4.037071563315283,0.0,-0.0,3.8314589937762205,663.1728633373386,4.0370477452278255,0.85
10158.883093412416,4.037070745226762,0.0,-0.0,3.8314589937762205,663.4099276932775,4.037046978959212,0.85
10159.357222124292,4.03706911047094,0.0,-0.0,3.8314589937762205,663.8840564051534,4.037045448359189,0.85
10160.305479548044,4.037065848099602,0.0,-0.0,3.8314589937762205,664.8323138289052,4.037042394892739,0.85
10160.488475235788,4.037065219523791,0.0,-0.0,3.8314589937762205,665.0153095166497,4.037041806816369,0.85
10160.723460081192,4.037064413108157,0.0,-0.0,3.8314589937762205,665.250294362053,4.037041052228416,0.85
10160.958444926595,4.037063607264027,0.0,-0.0,3.8314589937762205,665.4852792074562,4.037040298270957,0.85
10161.428414617401,4.037061996964218,0.0,-0.0,3.8314589937762205,665.9552488982627,4.037038792245412,0.85
10162.368353999012,4.037058783333293,0.0,-0.0,3.8314589937762205,666.8951882798738,4.037035787737096,0.85
10162.56798577104,4.03705810188948,0.0,-0.0,3.8314589937762205,667.0948200519015,4.037035150908174,0.85
10162.800891105908,4.0370573076090945,0.0,-0.0,3.8314589937762205,667.3277253867691,4.03703440850735,0.85
10163.033796440775,4.037056513887729,0.0,-0.0,3.8314589937762205,667.5606307216367,4.037033666721347,0.85
10163.49960711051,4.03705492779841,0.0,-0.0,3.8314589937762205,668.0264413913719,4.0370321849917765,0.85
10164.431228449981,4.037051762422221,0.0,-0.0,3.8314589937762205,668.9580627308424,4.037029228888143,0.85
10164.64749630629,4.03705102879316,0.0,-0.0,3.8314589937762205,669.1743305871514,4.037028544054108,0.85
10164.878322130622,4.037050246527066,0.0,-0.0,3.8314589937762205,669.4051564114834,4.0370278137018065,0.85
10165.109147954954,4.037049464806447,0.0,-0.0,3.8314589937762205,669.6359822358154,4.037027083948953,0.85
10165.570799603618,4.037047902685147,0.0,-0.0,3.8314589937762205,670.0976338844794,4.037025626239618,0.85
10166.494102900948,4.037044785081555,0.0,-0.0,3.8314589937762205,671.0209371818091,4.037022717992694,0.85
10166.727006841542,4.037043999943197,0.0,-0.0,3.8314589937762205,671.2538411224032,4.037021985892639,0.85
10166.955753155338,4.037043229570845,0.0,-0.0,3.8314589937762205,671.4825874361995,4.03702126745164,0.85
10167.184499469135,4.037042459730083,0.0,-0.0,3.8314589937762205,671.7113337499959,4.037020549595002,0.85
10167.64199209673,4.03704092133754,0.0,-0.0,3.8314589937762205,672.1688263775904,4.037019115632904,0.85
10168.556977351918,4.0370378510285985,0.0,-0.0,3.8314589937762205,673.0838116327795,4.037016254700151,0.85
10168.806517376792,4.037037015049137,0.0,-0.0,3.8314589937762205,673.3333516576531,4.0370154760649015,0.85
10169.033184180054,4.03703625645095,0.0,-0.0,3.8314589937762205,673.5600184609157,4.0370147693993506,0.85
10169.259850983317,4.037035498370653,0.0,-0.0,3.8314589937762205,673.7866852641782,4.037014063303358,0.85
10169.71318458984,4.037033983469388,0.0,-0.0,3.8314589937762205,674.2400188707015,4.037012652818217,0.85
10170.619851802887,4.037030959981745,0.0,-0.0,3.8314589937762205,675.1466860837481,4.037009838662476,0.85
10170.886027912044,4.037030073823766,0.0,-0.0,3.8314589937762205,675.4128621929049,4.037009014214677,0.85
10171.11061520477,4.037029326880711,0.0,-0.0,3.8314589937762205,675.6374494856318,4.037008319190074,0.85
10171.335202497497,4.037028580444039,0.0,-0.0,3.8314589937762205,675.8620367783587,4.03700762472051,0.85
10171.784377082951,4.037027088795913,0.0,-0.0,3.8314589937762205,676.3112113638126,4.037006237444731,0.85
10172.682726253857,4.03702411166201,0.0,-0.0,3.8314589937762205,677.2095605347185,4.037003469534174,0.85
10172.965538447294,4.037023175981039,0.0,-0.0,3.8314589937762205,677.4923727281548,4.037002599988369,0.85
10173.188046229485,4.037022440576614,0.0,-0.0,3.8314589937762205,677.7148805103461,4.037001916471557,0.85
10173.410554011676,4.037021705665178,0.0,-0.0,3.8314589937762205,677.9373882925374,4.037001233495544,0.85
10173.855569576059,4.03702023703838,0.0,-0.0,3.8314589937762205,678.3824038569201,4.036999869164199,0.85
10174.745600704824,4.037017305792349,0.0,-0.0,3.8314589937762205,679.2724349856853,4.036997146972279,0.85
10175.045048982545,4.037016321238264,0.0,-0.0,3.8314589937762205,679.5718832634066,4.03699623303499,0.85
10175.265477254201,4.037015597255637,0.0,-0.0,3.8314589937762205,679.7923115350623,4.036995560894143,0.85
10175.485905525857,4.037014873753362,0.0,-0.0,3.8314589937762205,680.012739806718,4.036994889280126,0.85
10175.926762069168,4.037013427915876,0.0,-0.0,3.8314589937762205,680.4535963500293,4.036993547630927,0.85
10176.808475155793,4.037010542097605,0.0,-0.0,3.8314589937762205,681.3353094366539,4.036990870636331,0.85
10177.124559517795,4.03700950931311,0.0,-0.0,3.8314589937762205,681.6513937986565,4.036989913006136,0.85
10177.342908278915,4.037008796637306,0.0,-0.0,3.8314589937762205,681.8697425597766,4.036989252110746,0.85
10177.561257040035,4.037008084429583,0.0,-0.0,3.8314589937762205,682.0880913208966,4.036988591728486,0.85
10177.997954562277,4.037006661151258,0.0,-0.0,3.8314589937762205,682.5247888431386,4.0369872725017615,0.85
10178.871349606761,4.037003820305129,0.0,-0.0,3.8314589937762205,683.3981838876225,4.036984640188361,0.85
10179.204070053047,4.037002739927085,0.0,-0.0,3.8314589937762205,683.7309043339083,4.036983639555974,0.85
10179.420339303633,4.037002038443024,0.0,-0.0,3.8314589937762205,683.9471735844945,4.036982989776837,0.85
10179.63660855422,4.037001337415666,0.0,-0.0,3.8314589937762205,684.1634428350808,4.036982340497396,0.85
10180.06914705539,4.036999936469961,0.0,-0.0,3.8314589937762205,684.5959813362515,4.036981043436066,0.85
10180.934224057733,4.036997140143537,0.0,-0.0,3.8314589937762205,685.4610583385947,4.036978455292869,0.85
10181.283580588297,4.0369960128014615,0.0,-0.0,3.8314589937762205,685.8104148691582,4.036977412341218,0.85
10181.497770328348,4.036995322397173,0.0,-0.0,3.8314589937762205,686.0246046092088,4.036976773550424,0.85
10181.711960068398,4.036994632437494,0.0,-0.0,3.8314589937762205,686.2387943492595,4.036976135246154,0.85
10182.1403395485,4.036993253598657,0.0,-0.0,3.8314589937762205,686.6671738293608,4.036974860095704,0.85
10182.9970985087,4.036990501344311,0.0,-0.0,3.8314589937762205,687.5239327895615,4.036972315616808,0.85
10183.363091123549,4.03698932766196,0.0,-0.0,3.8314589937762205,687.88992540441,4.036971231021113,0.85
10183.575201353064,4.036988648224642,0.0,-0.0,3.8314589937762205,688.102035633925,4.0369706030920325,0.85
10183.787311582579,4.036987969221469,0.0,-0.0,3.8314589937762205,688.31414586344,4.036969975636564,0.85
10184.211532041609,4.036986612265055,0.0,-0.0,3.8314589937762205,688.73836632247,4.036968722145024,0.85
10185.059972959669,4.036983903639812,0.0,-0.0,3.8314589937762205,689.5868072405301,4.036966220829567,0.85
10185.4426016588,4.036982684235813,0.0,-0.0,3.8314589937762205,689.9694359396617,4.036965095257414,0.85
10185.65263237778,4.0369820156543135,0.0,-0.0,3.8314589937762205,690.1794666586411,4.0369644780646885,0.85
10185.86266309676,4.036981347495452,0.0,-0.0,3.8314589937762205,690.3894973776205,4.0369638613329135,0.85
10186.28272453472,4.0369800122023225,0.0,-0.0,3.8314589937762205,690.8095588155811,4.036962629250836,0.85
10187.12284741064,4.036977346764983,0.0,-0.0,3.8314589937762205,691.6496816915005,4.036960170602951,0.85
10187.52211219405,4.036976082250521,0.0,-0.0,3.8314589937762205,692.0489464749116,4.03695900471437,0.85
10187.730063402494,4.036975424415116,0.0,-0.0,3.8314589937762205,692.2568976833554,4.036958398133897,0.85
10187.938014610938,4.036974766991092,0.0,-0.0,3.8314589937762205,692.4648488917992,4.0369577920019655,0.85
10188.353917027827,4.036973453142023,0.0,-0.0,3.8314589937762205,692.8807513086886,4.036956581082396,0.85
10189.185721861606,4.036970830455909,0.0,-0.0,3.8314589937762205,693.7125561424673,4.036954164611166,0.85
10189.601622729302,4.036969521390681,0.0,-0.0,3.8314589937762205,694.1284570101634,4.036952959058704,0.85
10189.807494427212,4.036968874192873,0.0,-0.0,3.8314589937762205,694.3343287080734,4.036952362967629,0.85
10190.013366125122,4.036968227395376,0.0,-0.0,3.8314589937762205,694.5402004059833,4.03695176731293,0.85
10190.42510952094,4.03696693477176,0.0,-0.0,3.8314589937762205,694.9519438018015,4.036950577311389,0.85
10191.248596312578,4.036964354407206,0.0,-0.0,3.8314589937762205,695.7754305934395,4.0369482025308,0.85
10191.681133264552,4.036963001440213,0.0,-0.0,3.8314589937762205,696.2079675454133,4.036946957959596,0.85
10191.884925451926,4.03696236477102,0.0,-0.0,3.8314589937762205,696.4117597327877,4.036946372236295,0.85
10192.0887176393,4.036961728491725,0.0,-0.0,3.8314589937762205,696.615551920162,4.036945786937451,0.85
10192.49630201405,4.036960456878608,0.0,-0.0,3.8314589937762205,697.0231362949107,4.036944617611908,0.85
10193.311470763545,4.036957918406845,0.0,-0.0,3.8314589937762205,697.8383050444063,4.036942284040804,0.85
10193.760643799804,4.036956522132208,0.0,-0.0,3.8314589937762205,698.2874780806651,4.036941001088663,0.85
10193.962356476643,4.036955895884337,0.0,-0.0,3.8314589937762205,698.4891907575038,4.036940425612737,0.85
10194.164069153481,4.036955270016241,0.0,-0.0,3.8314589937762205,698.6909034343425,4.036939850549588,0.85
10194.567494507159,4.0369540192009365,0.0,-0.0,3.8314589937762205,699.09432878802,4.036938701660442,0.85
10195.374345214514,4.036951522198166,0.0,-0.0,3.8314589937762205,699.9011794953749,4.036936408822476,0.85
10195.840154335054,4.036950083203367,0.0,-0.0,3.8314589937762205,700.366988615915,4.036935088119944,0.85
10196.039787501357,4.036949467271256,0.0,-0.0,3.8314589937762205,700.5666217822181,4.036934522772204,0.85
10196.23942066766,4.036948851708721,0.0,-0.0,3.8314589937762205,700.7662549485212,4.036933957825798,0.85
10196.638687000268,4.036947621479386,0.0,-0.0,3.8314589937762205,701.1655212811293,4.03693282913585,0.85
10197.437219665482,4.036945165524496,0.0,-0.0,3.8314589937762205,701.9640539463435,4.036930576559448,0.85
10197.919664870305,4.036943684391683,0.0,-0.0,3.8314589937762205,702.4464991511668,4.0369292187298775,0.85
10198.117218526073,4.036943078669719,0.0,-0.0,3.8314589937762205,702.6440528069343,4.036928663392336,0.85
10198.31477218184,4.036942473308182,0.0,-0.0,3.8314589937762205,702.8416064627017,4.036928108444917,0.85
10198.709879493377,4.036941263455777,0.0,-0.0,3.8314589937762205,703.2367137742385,4.036926999719353,0.85
10199.50009411645,4.036938848132623,0.0,-0.0,3.8314589937762205,704.0269283973121,4.036924786937659,0.85
10199.999175405555,4.03693732543809,0.0,-0.0,3.8314589937762205,704.5260096864167,4.03692339259729,0.85
10200.19464955079,4.036936729822612,0.0,-0.0,3.8314589937762205,704.7214838316504,4.0369228471531455,0.85
10200.390123696023,4.036936134557427,0.0,-0.0,3.8314589937762205,704.9169579768841,4.0369223020881435,0.85
10200.781071986488,4.036934944873851,0.0,-0.0,3.8314589937762205,705.3079062673496,4.036921213094508,0.85
10201.562968567421,4.036932569770384,0.0,-0.0,3.8314589937762205,706.0898028482825,4.03691903964535,0.85
10202.078685940807,4.036931006085095,0.0,-0.0,3.8314589937762205,706.6055202216685,4.036917609403371,0.85
10202.272080575505,4.036930420472682,0.0,-0.0,3.8314589937762205,706.7989148563665,4.036917073737003,0.85
10202.465475210203,4.03692983520083,0.0,-0.0,3.8314589937762205,706.9923094910646,4.036916538439022,0.85
10202.8522644796,4.036928665480925,0.0,-0.0,3.8314589937762205,707.3790987604607,4.036915468947199,0.85
10203.625843018392,4.036926330187525,0.0,-0.0,3.8314589937762205,708.1526772992529,4.036913334373037,0.85
10204.158196476057,4.03692472607551,0.0,-0.0,3.8314589937762205,708.6850307569184,4.036911868831663,0.85
10204.34951160022,4.036924150363879,0.0,-0.0,3.8314589937762205,708.8763458810809,4.036911342828617,0.85
10204.540826724382,4.036923574983483,0.0,-0.0,3.8314589937762205,709.0676610052433,4.036910817183422,0.85
10204.923456972707,4.036922425023748,0.0,-0.0,3.8314589937762205,709.4502912535681,4.036909766965612,0.85
10205.688717469357,4.036920129134848,0.0,-0.0,3.8314589937762205,710.2155517502179,4.036907670813503,0.85
10206.237707011309,4.036918485156159,0.0,-0.0,3.8314589937762205,710.7645412921702,4.036906170568041,0.85
10206.426942624936,4.0369179192441305,0.0,-0.0,3.8314589937762205,710.953776905797,4.036905654115016,0.85
10206.616178238562,4.036917353653642,0.0,-0.0,3.8314589937762205,711.1430125194238,4.036905138009528,0.85
10206.994649465818,4.036916223252264,0.0,-0.0,3.8314589937762205,711.5214837466792,4.0369041068402245,0.85
10207.751591920327,4.036913966366709,0.0,-0.0,3.8314589937762205,712.2784262011883,4.036902048661771,0.85
10208.317217546559,4.0369122830741215,0.0,-0.0,3.8314589937762205,712.8440518274201,4.036900514300693,0.85
10208.504373649652,4.036911726860842,0.0,-0.0,3.8314589937762205,713.0312079305131,4.036900007285534,0.85
10208.691529752745,4.036911170960307,0.0,-0.0,3.8314589937762205,713.2183640336061,4.036899500607813,0.85
10209.065841958929,4.036910059916904,0.0,-0.0,3.8314589937762205,713.5926762397903,4.036898488263785,0.85
10209.814466371297,4.036907841636461,0.0,-0.0,3.8314589937762205,714.3413006521587,4.036896467615101,0.85
10210.39672808181,4.036906119579106,0.0,-0.0,3.8314589937762205,714.9235623626719,4.036894899720104,0.85
10210.581804674368,4.036905572965536,0.0,-0.0,3.8314589937762205,715.1086389552293,4.036894402031792,0.85
10210.766881266925,4.036905026655142,0.0,-0.0,3.8314589937762205,715.2937155477866,4.036893904671031,0.85
10211.137034452038,4.036903934771283,0.0,-0.0,3.8314589937762205,715.6638687328996,4.0368929109312965,0.85
10211.877340822266,4.036901754702132,0.0,-0.0,3.8314589937762205,716.4041751031273,4.03689092737296,0.85
10212.47623861706,4.036899994422189,0.0,-0.0,3.8314589937762205,717.0030728979218,4.036889326519045,0.85
10212.659235699082,4.036899457309358,0.0,-0.0,3.8314589937762205,717.1860699799436,4.036888838047681,0.85
10212.842232781104,4.036898920490884,0.0,-0.0,3.8314589937762205,717.3690670619653,4.036888349894191,0.85
10213.208226945148,4.036897847570586,0.0,-0.0,3.8314589937762205,717.7350612260088,4.036887374540004,0.85
10213.940215273235,4.036895705321006,0.0,-0.0,3.8314589937762205,718.4670495540959,4.036885427637017,0.85
10214.555749152312,4.036893907356205,0.0,-0.0,3.8314589937762205,719.0825834331736,4.036883794392548,0.85
10214.736666723798,4.036893379646276,0.0,-0.0,3.8314589937762205,719.2635010046597,4.036883315029348,0.85
10214.917584295285,4.036892852222918,0.0,-0.0,3.8314589937762205,719.4444185761458,4.03688283597455,0.85
10215.279419438257,4.036891798070224,0.0,-0.0,3.8314589937762205,719.8062537191181,4.03688187878937,0.85
10216.003089724201,4.0368896932542615,0.0,-0.0,3.8314589937762205,720.5299240050626,4.036879968111119,0.85
10216.635259687562,4.036887858136204,0.0,-0.0,3.8314589937762205,721.1620939684235,4.036878303037892,0.85
10216.814097748513,4.036887339732016,0.0,-0.0,3.8314589937762205,721.340932029374,4.036877832675174,0.85
10216.992935809463,4.036886821606151,0.0,-0.0,3.8314589937762205,721.5197700903245,4.03687736261159,0.85
10217.350611931366,4.036885786029073,0.0,-0.0,3.8314589937762205,721.8774462122274,4.036876423381068,0.85
10218.06596417517,4.036883718262057,0.0,-0.0,3.8314589937762205,722.5927984560312,4.036874548501282,0.85
10218.714770222814,4.036881846517952,0.0,-0.0,3.8314589937762205,723.2416045036753,4.036872852154588,0.85
10218.89152877323,4.036881337323874,0.0,-0.0,3.8314589937762205,723.418363054092,4.036872390685762,0.85
10219.068287323647,4.036880828400253,0.0,-0.0,3.8314589937762205,723.5951216045087,4.036871929507004,0.85
10219.421804424479,4.036879811206804,0.0,-0.0,3.8314589937762205,723.9486387053403,4.036871008018961,0.85
10220.128838626142,4.0368777801091635,0.0,-0.0,3.8314589937762205,724.6556729070035,4.036869168515666,0.85
10220.794280758064,4.036875872259321,0.0,-0.0,3.8314589937762205,725.3211150389252,4.036867441444361,0.85
10220.968959797945,4.036875372180965,0.0,-0.0,3.8314589937762205,725.4957940788063,4.03686698876392,0.85
10221.143638837826,4.036874872364166,0.0,-0.0,3.8314589937762205,725.6704731186874,4.036866536364677,0.85
10221.492996917586,4.0368738733661615,0.0,-0.0,3.8314589937762205,726.0198311984477,4.03686563240908,0.85
10222.191713077109,4.036871878559973,0.0,-0.0,3.8314589937762205,726.7185473579702,4.036863827864568,0.85
10222.873791293316,4.036869935121006,0.0,-0.0,3.8314589937762205,727.400625574177,4.036862070611136,0.85
10223.046390822661,4.036869444063292,0.0,-0.0,3.8314589937762205,727.5732251035224,4.036861626614645,0.85
10223.218990352007,4.03686895325974,0.0,-0.0,3.8314589937762205,727.7458246328679,4.036861182890674,0.85
10223.564189410698,4.036867972268636,0.0,-0.0,3.8314589937762205,728.0910236915588,4.036860296259622,0.85
10224.25458752808,4.036866013381232,0.0,-0.0,3.8314589937762205,728.7814218089406,4.036858526260405,0.85
10224.953301828566,4.036864034864022,0.0,-0.0,3.8314589937762205,729.4801361094269,4.036856739361019,0.85
10225.123821847375,4.036863552733703,0.0,-0.0,3.8314589937762205,729.6506561282367,4.036856303945103,0.85
10225.294341866185,4.036863070849826,0.0,-0.0,3.8314589937762205,729.8211761470466,4.0368558687932214,0.85
10225.635381903805,4.036862107679936,0.0,-0.0,3.8314589937762205,730.1622161846662,4.03685499928092,0.85
10226.317461979046,4.036860184341057,0.0,-0.0,3.8314589937762205,730.8442962599074,4.036853263417693,0.85
10227.032812363817,4.036858171251588,0.0,-0.0,3.8314589937762205,731.5596466446787,4.036851447402282,0.85
10227.201252872092,4.036857697956441,0.0,-0.0,3.8314589937762205,731.7280871529529,4.036851020464619,0.85
10227.369693380366,4.036857224899799,0.0,-0.0,3.8314589937762205,731.8965276612271,4.036850593782692,0.85
10227.706574396916,4.03685627936664,0.0,-0.0,3.8314589937762205,732.2334086777773,4.036849741185437,0.85
10228.380336430015,4.036854391209204,0.0,-0.0,3.8314589937762205,732.907170710876,4.036848039053036,0.85
10229.112322899067,4.03685234404893,0.0,-0.0,3.8314589937762205,733.6391571799286,4.036846194445347,0.85
10229.278683896808,4.036851879496528,0.0,-0.0,3.8314589937762205,733.805518177669,4.036845775884655,0.85
10229.445044894548,4.036851415175697,0.0,-0.0,3.8314589937762205,733.9718791754094,4.036845357571589,0.85
10229.777766890027,4.036850487096176,0.0,-0.0,3.8314589937762205,734.3046011708884,4.036844521687744,0.85
10230.443210880985,4.03684863375717,0.0,-0.0,3.8314589937762205,734.9700451618464,4.036842852885112,0.85
10231.191833434319,4.03684655302138,0.0,-0.0,3.8314589937762205,735.7186677151803,4.0368409802027685,0.85
10231.356114921524,4.036846097121512,0.0,-0.0,3.8314589937762205,735.8829492023851,4.036840569918801,0.85
10231.520396408729,4.036845641446037,0.0,-0.0,3.8314589937762205,736.0472306895899,4.036840159874529,0.85
10231.848959383138,4.03684473063914,0.0,-0.0,3.8314589937762205,736.3757936639995,4.0368393405045095,0.85
10232.506085331956,4.0368429117578915,0.0,-0.0,3.8314589937762205,737.0329196128168,4.036837704634653,0.85
10233.271343969569,4.036840797937806,0.0,-0.0,3.8314589937762205,737.7981782504303,4.036835804389224,0.85
10233.433545946238,4.036840350600139,0.0,-0.0,3.8314589937762205,737.9603802270994,4.036835402282755,0.85
10233.595747922907,4.0368399034800975,0.0,-0.0,3.8314589937762205,738.1225822037686,4.03683500040823,0.85
10233.920151876246,4.036839009766119,0.0,-0.0,3.8314589937762205,738.446986157107,4.03683419735448,0.85
10234.568959782922,4.036837224986573,0.0,-0.0,3.8314589937762205,739.0957940637836,4.036832594024435,0.85
10235.35085450482,4.036835078567055,0.0,-0.0,3.8314589937762205,739.877688785682,4.036830666721489,0.85
10235.510976970954,4.036834639703209,0.0,-0.0,3.8314589937762205,740.0378112518156,4.036830272694305,0.85
10235.671099437088,4.036834201049155,0.0,-0.0,3.8314589937762205,740.1979337179491,4.036829878891492,0.85
10235.991344369355,4.036833324251617,0.0,-0.0,3.8314589937762205,740.5181786502162,4.036829091958468,0.85
10236.631834233891,4.036831573218869,0.0,-0.0,3.8314589937762205,741.1586685147522,4.03682752077926,0.85
10237.43036504007,4.036829394682945,0.0,-0.0,3.8314589937762205,741.957199320932,4.036825566918429,0.85
10237.588407995669,4.036828964202487,0.0,-0.0,3.8314589937762205,742.1152422765299,4.036825180873319,0.85
10237.746450951267,4.036828533926753,0.0,-0.0,3.8314589937762205,742.2732852321278,4.036824795045182,0.85
10238.062536862464,4.036827673867354,0.0,-0.0,3.8314589937762205,742.5893711433255,4.036824024039335,0.85
10238.694708684858,4.036825956232487,0.0,-0.0,3.8314589937762205,743.221542965719,4.036822484625943,0.85
10239.509875575322,4.036823746053333,0.0,-0.0,3.8314589937762205,744.0367098561837,4.036820504700981,0.85
10239.665839020387,4.036823323872147,0.0,-0.0,3.8314589937762205,744.1926733012479,4.03682012654173,0.85
10239.82180246545,4.036822901886087,0.0,-0.0,3.8314589937762205,744.348636746312,4.036819748592223,0.85
10240.133729355577,4.036822058394074,0.0,-0.0,3.8314589937762205,744.6605636364384,4.036818993321976,0.85
10240.75758313583,4.0368203738069415,0.0,-0.0,3.8314589937762205,745.2844174166912,4.0368174852932945,0.85
10241.589386110572,4.03681813246132,0.0,-0.0,3.8314589937762205,746.1162203914337,4.036815479792138,0.85
10241.7432700451,4.036817718486569,0.0,-0.0,3.8314589937762205,746.2701043259622,4.0368151094235145,0.85
10241.89715397963,4.036817304704758,0.0,-0.0,3.8314589937762205,746.4239882604907,4.036814739257574,0.85
10242.204921848686,4.036816477601934,0.0,-0.0,3.8314589937762205,746.7317561295476,4.036813999533305,0.85
10242.820457586799,4.036814825722203,0.0,-0.0,3.8314589937762205,747.3472918676598,4.036812522512108,0.85
10243.668896645824,4.036812553597533,0.0,-0.0,3.8314589937762205,748.1957309266854,4.036810491916937,0.85
10243.820701069817,4.036812147749382,0.0,-0.0,3.8314589937762205,748.3475353506783,4.036810129244683,0.85
10243.97250549381,4.036811742085508,0.0,-0.0,3.8314589937762205,748.4993397746712,4.0368097667682195,0.85
10244.276114341796,4.036810931204361,0.0,-0.0,3.8314589937762205,748.8029486226569,4.036809042402245,0.85
10244.883332037767,4.03680931168803,0.0,-0.0,3.8314589937762205,749.4101663186284,4.036807596015147,0.85
10245.748407181074,4.036807009317549,0.0,-0.0,3.8314589937762205,750.2752414619354,4.036805540802439,0.85
10245.898132094531,4.036806611507801,0.0,-0.0,3.8314589937762205,750.4249663753926,4.036805185733262,0.85
10246.047857007989,4.036806213876922,0.0,-0.0,3.8314589937762205,750.5746912888499,4.036804830853148,0.85
10246.347306834903,4.036805419046546,0.0,-0.0,3.8314589937762205,750.8741411157644,4.036804121659703,0.85
10246.946206488734,4.036803831556689,0.0,-0.0,3.8314589937762205,751.4730407695952,4.036802705537128,0.85
10247.827917716326,4.036801499397002,0.0,-0.0,3.8314589937762205,752.3547519971871,4.0368006261777145,0.85
10247.975563119247,4.036801109542479,0.0,-0.0,3.8314589937762205,752.5023974001087,4.036800278619284,0.85
10248.123208522169,4.036800719859585,0.0,-0.0,3.8314589937762205,752.6500428030304,4.036799931243346,0.85
10248.418499328014,4.036799940911809,0.0,-0.0,3.8314589937762205,752.9453336088754,4.036799237038565,0.85
10249.009080939704,4.036798385113057,0.0,-0.0,3.8314589937762205,753.5359152205656,4.036797850814706,0.85
10249.907428251578,4.036796023617777,0.0,-0.0,3.8314589937762205,754.4342625324389,4.036795747773836,0.85
10250.052994143965,4.036795641633222,0.0,-0.0,3.8314589937762205,754.5798284248267,4.036795407634763,0.85
10250.198560036353,4.036795259815877,0.0,-0.0,3.8314589937762205,754.7253943172145,4.036795067671774,0.85
10250.489691821127,4.036794496582372,0.0,-0.0,3.8314589937762205,755.0165261019883,4.036794388273676,0.85
10251.071955390675,4.036792972143805,0.0,-0.0,3.8314589937762205,755.598789671536,4.036793031586463,0.85
10251.986938786828,4.036790581760787,0.0,-0.0,3.8314589937762205,756.5137730676888,4.036790905323855,0.85
10252.13042516868,4.036790207564355,0.0,-0.0,3.8314589937762205,756.657259449541,4.036790572513693,0.85
10252.273911550532,4.036789833528832,0.0,-0.0,3.8314589937762205,756.8007458313932,4.03679023987336,0.85
10252.560884314236,4.036789085846465,0.0,-0.0,3.8314589937762205,757.0877185950976,4.036789575101829,0.85
10253.134829841643,4.0367875924379195,0.0,-0.0,3.8314589937762205,757.6616641225046,4.036788247592891,0.85
10254.06644932208,4.0367851736107525,0.0,-0.0,3.8314589937762205,758.5932836029406,4.03678609856279,0.85
10254.207856193396,4.03678480712016,0.0,-0.0,3.8314589937762205,758.7346904742571,4.036785772992022,0.85
10254.349263064712,4.036784440784583,0.0,-0.0,3.8314589937762205,758.8760973455737,4.036785447584981,0.85
10254.632076807346,4.036783708488624,0.0,-0.0,3.8314589937762205,759.1589110882069,4.036784797261747,0.85
10255.197704292612,4.036782245784078,0.0,-0.0,3.8314589937762205,759.7245385734732,4.03678349857638,0.85
10256.14595985733,4.036779798952377,0.0,-0.0,3.8314589937762205,760.6727941381905,4.036781327227615,0.85
10256.28528721811,4.036779440086175,0.0,-0.0,3.8314589937762205,760.8121214989715,4.036781008807644,0.85
10256.424614578891,4.036779081369422,0.0,-0.0,3.8314589937762205,760.9514488597524,4.036780690545449,0.85
10256.703269300453,4.036778364297465,0.0,-0.0,3.8314589937762205,761.2301035813143,4.036780054494074,0.85
10257.260578743579,4.0367769319742415,0.0,-0.0,3.8314589937762205,761.78741302444,4.0367787842812035,0.85
10258.225470392581,4.036774457573097,0.0,-0.0,3.8314589937762205,762.7523046734423,4.036776591057239,0.85
10258.362718242826,4.036774106249879,0.0,-0.0,3.8314589937762205,762.8895525236876,4.036776279700381,0.85
10258.499966093072,4.036773755070405,0.0,-0.0,3.8314589937762205,763.0268003739329,4.036775968495496,0.85
10258.774461793564,4.03677305306228,0.0,-0.0,3.8314589937762205,763.3012960744254,4.036775346541355,0.85
10259.323453194549,4.036771650800145,0.0,-0.0,3.8314589937762205,763.8502874754104,4.036774104453504,0.85
10260.304980927831,4.036769149259429,0.0,-0.0,3.8314589937762205,764.8318152086922,4.0367718897924965,0.85
10260.440149267542,4.036768805399838,0.0,-0.0,3.8314589937762205,764.9669835484037,4.036771585411971,0.85
10260.575317607254,4.036768461678819,0.0,-0.0,3.8314589937762205,765.1021518881153,4.0367712811777645,0.85
10260.845654286675,4.03676777457428,0.0,-0.0,3.8314589937762205,765.3724885675365,4.036770673148026,0.85
10261.386327645518,4.0367664020561955,0.0,-0.0,3.8314589937762205,765.913161926379,4.036769458841281,0.85
10262.384491463083,4.036763873801976,0.0,-0.0,3.8314589937762205,766.911325743944,4.036767223176135,0.85
10262.517580292259,4.036763537326404,0.0,-0.0,3.8314589937762205,767.0444145731199,4.036766925686058,0.85
10262.650669121434,4.036763200985055,0.0,-0.0,3.8314589937762205,767.1775034022958,4.036766628336787,0.85
10262.916846779786,4.03676252862515,0.0,-0.0,3.8314589937762205,767.4436810606476,4.036766034060399,0.85
10263.449202096488,4.036761185537451,0.0,-0.0,3.8314589937762205,767.9760363773494,4.036764847194376,0.85
10264.464001998333,4.036758630991834,0.0,-0.0,3.8314589937762205,768.9908362791939,4.036762590952794,0.85
10264.595011316973,4.036758301822291,0.0,-0.0,3.8314589937762205,769.1218455978342,4.036762300268166,0.85
10264.726020635613,4.036757972781114,0.0,-0.0,3.8314589937762205,769.2528549164745,4.0367620097189745,0.85
10264.988039272894,4.036757315011398,0.0,-0.0,3.8314589937762205,769.514873553755,4.036761429026649,0.85
10265.512076547455,4.036756001040629,0.0,-0.0,3.8314589937762205,770.0389108283161,4.036760269264459,0.85
10266.543512533584,4.036753420621022,0.0,-0.0,3.8314589937762205,771.0703468144457,4.036757992868996,0.85
10266.672442341689,4.036753098679009,0.0,-0.0,3.8314589937762205,771.1992766225503,4.036757708905697,0.85
10266.801372149794,4.036752776860775,0.0,-0.0,3.8314589937762205,771.328206430655,4.036757425072604,0.85
10267.059231766003,4.03675213352502,0.0,-0.0,3.8314589937762205,771.5860660468643,4.036756857796796,0.85
10267.574950998423,4.0367508483638606,0.0,-0.0,3.8314589937762205,772.1017852792847,4.036755724805016,0.85
10268.606389463264,4.036748283777424,0.0,-0.0,3.8314589937762205,773.1332237441256,4.036753465047471,0.85
10268.623023068834,4.03674824248278,0.0,-0.0,3.8314589937762205,773.1498573496956,4.036753428673133,0.85
10268.749873366403,4.036747927691159,0.0,-0.0,3.8314589937762205,773.2767076472646,4.036753151347915,0.85
10268.876723663972,4.036747613019354,0.0,-0.0,3.8314589937762205,773.4035579448337,4.036752874147807,0.85
10269.130424259112,4.036746983963246,0.0,-0.0,3.8314589937762205,773.6572585399736,4.036752320122701,0.85
10269.637825449392,4.036745727305895,0.0,-0.0,3.8314589937762205,774.1646597302533,4.036751213571337,0.85
10270.65262782995,4.03674321950775,0.0,-0.0,3.8314589937762205,775.1794621108111,4.036749006451399,0.85
10270.702533604086,4.03674309637154,0.0,-0.0,3.8314589937762205,775.2293678849474,4.03674889811545,0.85
10270.827304391121,4.036742788654478,0.0,-0.0,3.8314589937762205,775.3541386719826,4.036748627345924,0.85
10270.952075178157,4.036742481051382,0.0,-0.0,3.8314589937762205,775.4789094590178,4.03674835669655,0.85
10271.201616752225,4.036741866125029,0.0,-0.0,3.8314589937762205,775.7284510330865,4.036747815758042,0.85
10271.700699900364,4.036740637666947,0.0,-0.0,3.8314589937762205,776.2275341812256,4.036746735320498,0.85
10272.69886619664,4.036738186055743,0.0,-0.0,3.8314589937762205,777.225700477502,4.036744580191388,0.85
10272.782044139336,4.03673798208381,0.0,-0.0,3.8314589937762205,777.3088784201973,4.0367444009480336,0.85
10272.904735415836,4.036737681365151,0.0,-0.0,3.8314589937762205,777.4315696966969,4.036744136652666,0.85
10273.027426692335,4.036737380756463,0.0,-0.0,3.8314589937762205,777.5542609731965,4.036743872472622,0.85
10273.272809245334,4.036736779806471,0.0,-0.0,3.8314589937762205,777.7996435261957,4.036743344458306,0.85
10273.763574351331,4.036735579248319,0.0,-0.0,3.8314589937762205,778.2904086321923,4.036742289811352,0.85
10274.745104563326,4.036733183229057,0.0,-0.0,3.8314589937762205,779.2719388441874,4.036740186032919,0.85
10274.861554674588,4.036732899418443,0.0,-0.0,3.8314589937762205,779.388388955449,4.036739936924796,0.85
10274.982166440552,4.036732605623287,0.0,-0.0,3.8314589937762205,779.509000721413,4.036739679022896,0.85
10275.102778206516,4.036732311933832,0.0,-0.0,3.8314589937762205,779.629612487377,4.0367394212316245,0.85
10275.344001738444,4.036731724811512,0.0,-0.0,3.8314589937762205,779.870836019305,4.036738905980774,0.85
10275.8264488023,4.036730551855411,0.0,-0.0,3.8314589937762205,780.3532830831609,4.036737876804517,0.85
10276.791342930012,4.036728210837413,0.0,-0.0,3.8314589937762205,781.3181772108728,4.036735823743178,0.85
10276.941065209838,4.036727848175087,0.0,-0.0,3.8314589937762205,781.467899490699,4.036735505801467,0.85
10277.059597465266,4.03672756122927,0.0,-0.0,3.8314589937762205,781.5864317461273,4.036735254213184,0.85
10277.178129720694,4.036727274384325,0.0,-0.0,3.8314589937762205,781.7049640015557,4.0367350027309605,0.85
10277.415194231553,4.036726700941864,0.0,-0.0,3.8314589937762205,781.9420285124143,4.0367345000845125,0.85
10277.889323253268,4.036725555291467,0.0,-0.0,3.8314589937762205,782.4161575341295,4.036733496062359,0.85
10278.837581296699,4.036723268690291,0.0,-0.0,3.8314589937762205,783.3644155775601,4.036731493091033,0.85
10279.02057574509,4.0367228281538585,0.0,-0.0,3.8314589937762205,783.5474100259507,4.036731107335571,0.85
10279.137028489982,4.036722547983349,0.0,-0.0,3.8314589937762205,783.6638627708435,4.036730861981884,0.85
10279.253481234875,4.036722267909839,0.0,-0.0,3.8314589937762205,783.7803155157362,4.036730616729813,0.85
10279.486386724662,4.036721707999622,0.0,-0.0,3.8314589937762205,784.0132210055235,4.036730126530354,0.85
10279.952197704237,4.036720589364215,0.0,-0.0,3.8314589937762205,784.4790319850981,4.036729147348983,0.85
10280.883819663386,4.03671835659984,0.0,-0.0,3.8314589937762205,785.4106539442473,4.036727193847034,0.85
10281.10008628034,4.0367178391581575,0.0,-0.0,3.8314589937762205,785.6269205612007,4.036726741286424,0.85
10281.214459514698,4.036717565689726,0.0,-0.0,3.8314589937762205,785.7412937955596,4.036726502089131,0.85
10281.328832749057,4.036717292314986,0.0,-0.0,3.8314589937762205,785.8556670299185,4.036726262989137,0.85
10281.557579217773,4.03671674579097,0.0,-0.0,3.8314589937762205,786.0844134986346,4.036725785080884,0.85
10282.015072155207,4.036715653880451,0.0,-0.0,3.8314589937762205,786.5419064360685,4.036724830430218,0.85
10282.930058030073,4.0367134743786455,0.0,-0.0,3.8314589937762205,787.4568923109346,4.036722925783392,0.85
10283.179596815591,4.036712880990589,0.0,-0.0,3.8314589937762205,787.7064310964524,4.0367224074151125,0.85
10283.291890539414,4.036712614152602,0.0,-0.0,3.8314589937762205,787.8187248202757,4.036722174296829,0.85
10283.404184263238,4.036712347403895,0.0,-0.0,3.8314589937762205,787.9310185440991,4.036721941271646,0.85
10283.628771710884,4.036711814122745,0.0,-0.0,3.8314589937762205,788.1556059917457,4.036721475500437,0.85
10284.077946606176,4.0367107486494955,0.0,-0.0,3.8314589937762205,788.6047808870371,4.036720545073605,0.85
10284.97629639676,4.036708621841359,0.0,-0.0,3.8314589937762205,789.5031306776218,4.036718688673971,0.85
10285.259107350841,4.036707953457329,0.0,-0.0,3.8314589937762205,789.7859416317024,4.036718105484487,0.85
10285.369321564129,4.03670769317749,0.0,-0.0,3.8314589937762205,789.8961558449901,4.036717878368631,0.85
10285.479535777416,4.036707432983166,0.0,-0.0,3.8314589937762205,790.0063700582778,4.0367176513417995,0.85
10285.699964203992,4.036706912801357,0.0,-0.0,3.8314589937762205,790.2267984848531,4.036717197555072,0.85
10286.140821057143,4.036705873481457,0.0,-0.0,3.8314589937762205,790.6676553380039,4.036716291048384,0.85
10287.022534763446,4.036703798802115,0.0,-0.0,3.8314589937762205,791.5493690443072,4.036714482294274,0.85
10287.338617886093,4.0367030563636295,0.0,-0.0,3.8314589937762205,791.8654521669541,4.036713835259144,0.85
10287.446752588845,4.036702802571119,0.0,-0.0,3.8314589937762205,791.9735868697062,4.036713614069933,0.85
10287.554887291597,4.036702548860595,0.0,-0.0,3.8314589937762205,792.0817215724583,4.036713392965789,0.85
10287.771156697103,4.036702041636792,0.0,-0.0,3.8314589937762205,792.2979909779642,4.036712951012566,0.85
10288.203695508113,4.036701028187714,0.0,-0.0,3.8314589937762205,792.7305297889743,4.036712068125482,0.85
10289.068773130133,4.036699005078015,0.0,-0.0,3.8314589937762205,793.5956074109945,4.0367103064214325,0.85
10289.418128421343,4.036698189517925,0.0,-0.0,3.8314589937762205,793.9449627022041,4.036709596505414,0.85
10289.52418361356,4.036697942142074,0.0,-0.0,3.8314589937762205,794.0510178944205,4.0367093811678565,0.85
10289.630238805776,4.036697694844494,0.0,-0.0,3.8314589937762205,794.157073086637,4.036709165911524,0.85
10289.84234919021,4.03669720043896,0.0,-0.0,3.8314589937762205,794.3691834710717,4.036708735642405,0.85
10290.26656995908,4.036696212581726,0.0,-0.0,3.8314589937762205,794.7934042399411,4.036707876077504,0.85
10291.115011496819,4.036694240487558,0.0,-0.0,3.8314589937762205,795.6418457776799,4.036706160834197,0.85
10291.497638956595,4.036693352728148,0.0,-0.0,3.8314589937762205,796.0244732374558,4.0367053889913525,0.85
10291.601614638277,4.036693111699499,0.0,-0.0,3.8314589937762205,796.1284489191385,4.036705179431241,0.85
10291.70559031996,4.036692870745478,0.0,-0.0,3.8314589937762205,796.2324246008211,4.036704969948625,0.85
10291.913541683323,4.036692389018589,0.0,-0.0,3.8314589937762205,796.4403759641846,4.036704551215762,0.85
10292.329444410052,4.0366914264757465,0.0,-0.0,3.8314589937762205,796.8562786909133,4.036703714678714,0.85
10293.161249863508,4.03668950484875,0.0,-0.0,3.8314589937762205,797.688084144369,4.03670204531292,0.85
10293.577149491844,4.036688545805145,0.0,-0.0,3.8314589937762205,798.1039837727058,4.036701212486721,0.85
10293.679045662991,4.036688311054764,0.0,-0.0,3.8314589937762205,798.2058799438528,4.036701008630624,0.85
10293.780941834139,4.036688076375208,0.0,-0.0,3.8314589937762205,798.3077761149998,4.0367008048484045,0.85
10293.984734176433,4.036687607189745,0.0,-0.0,3.8314589937762205,798.5115684572938,4.036700397505492,0.85
10294.39231886102,4.036686669686317,0.0,-0.0,3.8314589937762205,798.9191531418819,4.036699583705026,0.85
10295.207488230195,4.036684797982175,0.0,-0.0,3.8314589937762205,799.7343225110562,4.036697959639547,0.85
10295.656660027096,4.036683768560435,0.0,-0.0,3.8314589937762205,800.1834943079575,4.036697066762982,0.85
10295.756476687708,4.0366835400196805,0.0,-0.0,3.8314589937762205,800.2833109685689,4.036696868538233,0.85
10295.856293348319,4.0366833115461915,0.0,-0.0,3.8314589937762205,800.3831276291803,4.036696670383857,0.85
10296.055926669542,4.036682854765096,0.0,-0.0,3.8314589937762205,800.5827609504031,4.036696274286117,0.85
10296.455193311987,4.0366819420298,0.0,-0.0,3.8314589937762205,800.9820275928487,4.036695482933997,0.85
10297.25372659688,4.036680119708576,0.0,-0.0,3.8314589937762205,801.7805608777417,4.036693903597605,0.85
10297.736170562346,4.036679020817587,0.0,-0.0,3.8314589937762205,802.2630048432075,4.0366929515932775,0.85
10297.833907712422,4.036678798417312,0.0,-0.0,3.8314589937762205,802.3607419932832,4.036692758927976,0.85
10297.931644862498,4.036678576082442,0.0,-0.0,3.8314589937762205,802.458479143359,4.036692566329647,0.85
10298.127119162651,4.036678131569579,0.0,-0.0,3.8314589937762205,802.6539534435124,4.036692181333815,0.85
10298.518067762956,4.036677243334058,0.0,-0.0,3.8314589937762205,803.0449020438173,4.036691412144805,0.85
10299.299964963566,4.0366754698615335,0.0,-0.0,3.8314589937762205,803.8267992444271,4.036689876972192,0.85
10299.815681097598,4.036674302377303,0.0,-0.0,3.8314589937762205,804.3425153784592,4.036688866752425,0.85
10299.91133873714,4.036674086052203,0.0,-0.0,3.8314589937762205,804.4381730180012,4.036688679575421,0.85
10300.006996376682,4.036673869788698,0.0,-0.0,3.8314589937762205,804.5338306575431,4.036688492462097,0.85
10300.198311655764,4.036673437410502,0.0,-0.0,3.8314589937762205,804.7251459366253,4.036688118426406,0.85
10300.580942213928,4.036672573406388,0.0,-0.0,3.8314589937762205,805.1077764947895,4.036687371118246,0.85
10301.346203330257,4.036670848253067,0.0,-0.0,3.8314589937762205,805.873037611118,4.036685879549964,0.85
10301.895191632848,4.036669613056595,0.0,-0.0,3.8314589937762205,806.4220259137091,4.0366848120169,0.85
10301.988769761854,4.0366694027392445,0.0,-0.0,3.8314589937762205,806.5156040427155,4.03668463025779,0.85
10302.08234789086,4.03666919248001,0.0,-0.0,3.8314589937762205,806.6091821717218,4.036684448559173,0.85
10302.269504148871,4.03666877210436,0.0,-0.0,3.8314589937762205,806.7963384297327,4.036684085343341,0.85
10302.643816664895,4.036667932066976,0.0,-0.0,3.8314589937762205,807.1706509457563,4.036683359636716,0.85
10303.392441696942,4.0366662547084395,0.0,-0.0,3.8314589937762205,807.9192759778034,4.036681911119125,0.85
10303.9747021681,4.036664952671045,0.0,-0.0,3.8314589937762205,808.5015364489609,4.036680787164827,0.85
10304.06620078657,4.036664748294821,0.0,-0.0,3.8314589937762205,808.5930350674316,4.0366806107539475,0.85
10304.157699405041,4.0366645439744815,0.0,-0.0,3.8314589937762205,808.6845336859024,4.036680434400478,0.85
10304.340696641983,4.036664135468975,0.0,-0.0,3.8314589937762205,808.8675309228438,4.03668008186569,0.85
10304.706691115865,4.036663319136768,0.0,-0.0,3.8314589937762205,809.2335253967267,4.036679377484204,0.85
10305.43868006363,4.03666168905214,0.0,-0.0,3.8314589937762205,809.9655143444907,4.0366779714694125,0.85
10306.05421270335,4.036660321037399,0.0,-0.0,3.8314589937762205,810.5810469842108,4.036676791975964,0.85
10306.143631811285,4.036660122537221,0.0,-0.0,3.8314589937762205,810.670466092146,4.036676620844384,0.85
10306.23305091922,4.036659924090252,0.0,-0.0,3.8314589937762205,810.759885200081,4.0366764497672305,0.85
10306.41188913509,4.036659527324588,0.0,-0.0,3.8314589937762205,810.9387234159512,4.036676107776131,0.85
10306.76956556683,4.036658734437323,0.0,-0.0,3.8314589937762205,811.2963998476916,4.036675424446279,0.85
10307.484918430313,4.036657151111932,0.0,-0.0,3.8314589937762205,812.0117527111743,4.036674060392092,0.85
10308.133723238601,4.036655717974707,0.0,-0.0,3.8314589937762205,812.6605575194626,4.036672826231691,0.85
10308.221062836,4.036655525286143,0.0,-0.0,3.8314589937762205,812.7478971168621,4.036672660311207,0.85
10308.3084024334,4.036655332647985,0.0,-0.0,3.8314589937762205,812.8352367142616,4.036672494442263,0.85
10308.483081628201,4.036654947491982,0.0,-0.0,3.8314589937762205,813.0099159090623,4.0366721628589355,0.85
10308.8324400178,4.036654177792714,0.0,-0.0,3.8314589937762205,813.3592742986621,4.036671500310074,0.85
10309.531156797002,4.03665264071516,0.0,-0.0,3.8314589937762205,814.0579910778633,4.036670177679941,0.85
10310.213233773853,4.036651143302278,0.0,-0.0,3.8314589937762205,814.7400680547144,4.0366688897150045,0.85
10310.298493860719,4.036650956361299,0.0,-0.0,3.8314589937762205,814.82532814158,4.0366687289381264,0.85
10310.383753947584,4.036650769467121,0.0,-0.0,3.8314589937762205,814.9105882284457,4.036668568210003,0.85
10310.554274121314,4.036650395795015,0.0,-0.0,3.8314589937762205,815.0811084021752,4.0366682468999615,0.85
10310.895314468773,4.036649649027371,0.0,-0.0,3.8314589937762205,815.4221487496343,4.036667604864283,0.85
10311.577395163691,4.036648157691464,0.0,-0.0,3.8314589937762205,816.1042294445524,4.036666323127242,0.85
10312.292744309103,4.036646596841766,0.0,-0.0,3.8314589937762205,816.8195785899643,4.036664982210494,0.85
10312.375924885433,4.0366464155842205,0.0,-0.0,3.8314589937762205,816.9027591662943,4.036664826510447,0.85
10312.459105461763,4.036646234370921,0.0,-0.0,3.8314589937762205,816.9859397426244,4.036664670856464,0.85
10312.625466614421,4.036645872054021,0.0,-0.0,3.8314589937762205,817.1523008952827,4.036664359686634,0.85
10312.95818891974,4.036645147966135,0.0,-0.0,3.8314589937762205,817.4850232006011,4.036663737899141,0.85
10313.623633530377,4.036643701870354,0.0,-0.0,3.8314589937762205,818.1504678112378,4.036662496529766,0.85
10314.372254844355,4.036642078415159,0.0,-0.0,3.8314589937762205,818.899089125216,4.03666110350434,0.85
10314.45335591015,4.036641902777561,0.0,-0.0,3.8314589937762205,818.9801901910105,4.036660952815054,0.85
10314.534456975944,4.036641727182381,0.0,-0.0,3.8314589937762205,819.0612912568049,4.036660802169234,0.85
10314.696659107532,4.036641376095041,0.0,-0.0,3.8314589937762205,819.2234933883938,4.036660501007945,0.85
10315.02106337071,4.036640674436004,0.0,-0.0,3.8314589937762205,819.5478976515715,4.036659899206419,0.85
10315.669871897064,4.036639273083825,0.0,-0.0,3.8314589937762205,820.1967061779251,4.036658697684769,0.85
10316.451765379605,4.036637587845801,0.0,-0.0,3.8314589937762205,820.978599660466,4.036657253384299,0.85
10316.530786934863,4.036637417766353,0.0,-0.0,3.8314589937762205,821.0576212157248,4.0366571076404,0.85
10316.609808490122,4.036637247726215,0.0,-0.0,3.8314589937762205,821.1366427709836,4.036656961937463,0.85
10316.76785160064,4.036636907743862,0.0,-0.0,3.8314589937762205,821.2946858815012,4.0366566706544305,0.85
10317.083937821677,4.036636228266044,0.0,-0.0,3.8314589937762205,821.6107721025382,4.036656088579409,0.85
10317.71611026375,4.036634871163917,0.0,-0.0,3.8314589937762205,822.2429445446105,4.036654926390973,0.85
10318.531275914856,4.03663312495814,0.0,-0.0,3.8314589937762205,823.0581101957177,4.03665343163969,0.85
10318.60821795958,4.036632960373781,0.0,-0.0,3.8314589937762205,823.1350522404409,4.036653290776495,0.85
10318.685160004303,4.036632795827725,0.0,-0.0,3.8314589937762205,823.2119942851641,4.036653149951849,0.85
10318.839044093751,4.036632466826305,0.0,-0.0,3.8314589937762205,823.3658783746123,4.036652868418163,0.85
10319.146812272646,4.036631809283477,0.0,-0.0,3.8314589937762205,823.6736465535068,4.036652305812917,0.85
10319.762348630436,4.036630495943701,0.0,-0.0,3.8314589937762205,824.2891829112978,4.036651182448566,0.85
10320.610786450106,4.036628689577254,0.0,-0.0,3.8314589937762205,825.1376207309677,4.0366496380613865,0.85
10320.685648984296,4.036628530428009,0.0,-0.0,3.8314589937762205,825.2124832651571,4.0366495020149,0.85
10320.760511518485,4.036628371313904,0.0,-0.0,3.8314589937762205,825.2873457993464,4.036649366004637,0.85
10320.910236586862,4.036628053171949,0.0,-0.0,3.8314589937762205,825.4370708677234,4.036649094092749,0.85
10321.209686723616,4.036627417319924,0.0,-0.0,3.8314589937762205,825.7365210044773,4.036648550703246,0.85
10321.808586997124,4.036626147258556,0.0,-0.0,3.8314589937762205,826.335421277985,4.036647465659178,0.85
10322.690296985358,4.036624281530923,0.0,-0.0,3.8314589937762205,827.2171312662194,4.036645872441802,0.85
10322.763080009012,4.0366241277549815,0.0,-0.0,3.8314589937762205,827.2899142898732,4.036645741148703,0.85
10322.835863032666,4.036623974012246,0.0,-0.0,3.8314589937762205,827.362697313527,4.036645609889593,0.85
10322.981429079973,4.036623666607925,0.0,-0.0,3.8314589937762205,827.5082633608345,4.036645347473302,0.85
10323.272561174586,4.0366230522054725,0.0,-0.0,3.8314589937762205,827.7993954554477,4.0366448230481895,0.85
10323.854825363813,4.036621824943346,0.0,-0.0,3.8314589937762205,828.3816596446741,4.036643775825883,0.85
10324.769807520608,4.036619900646473,0.0,-0.0,3.8314589937762205,829.2966418014694,4.0366421345748815,0.85
10324.840511033726,4.0366197521837535,0.0,-0.0,3.8314589937762205,829.3673453145875,4.036642007972524,0.85
10324.911214546844,4.036619603752376,0.0,-0.0,3.8314589937762205,829.4380488277056,4.036641881402002,0.85
10325.05262157308,4.036619306965911,0.0,-0.0,3.8314589937762205,829.5794558539419,4.036641628356442,0.85
10325.335435625553,4.036618713773464,0.0,-0.0,3.8314589937762205,829.8622699064144,4.03664112264702,0.85
10325.901063730498,4.036617528835249,0.0,-0.0,3.8314589937762205,830.4278980113595,4.036640112753182,0.85
10326.84931805586,4.036615546783643,0.0,-0.0,3.8314589937762205,831.3761523367211,4.036638424256086,0.85
10326.917942058442,4.036615403574846,0.0,-0.0,3.8314589937762205,831.4447763393036,4.036638302282485,0.85
10326.986566061025,4.036615260395179,0.0,-0.0,3.8314589937762205,831.5134003418862,4.036638180338656,0.85
10327.12381406619,4.036614974107721,0.0,-0.0,3.8314589937762205,831.6506483470512,4.036637936540283,0.85
10327.398310076522,4.036614401887401,0.0,-0.0,3.8314589937762205,831.925144357383,4.036637449300476,0.85
10327.947302097184,4.036613258802625,0.0,-0.0,3.8314589937762205,832.4741363780449,4.036636476246992,0.85
10328.92882859111,4.036611219748182,0.0,-0.0,3.8314589937762205,833.4556628719711,4.036634741282387,0.85
10328.995373083157,4.036611081733405,0.0,-0.0,3.8314589937762205,833.522207364018,4.036634623876219,0.85
10329.061917575204,4.03661094374667,0.0,-0.0,3.8314589937762205,833.5887518560648,4.03663450649784,0.85
10329.1950065593,4.036610667838736,0.0,-0.0,3.8314589937762205,833.7218408401604,4.036634271824421,0.85
10329.461184527489,4.036610116357067,0.0,-0.0,3.8314589937762205,833.9880188083498,4.036633802810755,0.85
10329.993540463869,4.036609014658655,0.0,-0.0,3.8314589937762205,834.5203747447304,4.036632866114639,0.85
10331.008339126362,4.036606919370428,0.0,-0.0,3.8314589937762205,835.5351734072228,4.03663108545225,0.85
10331.072804107875,4.0366067864921416,0.0,-0.0,3.8314589937762205,835.5996383887359,4.036630972552843,0.85
10331.137269089388,4.036606653638993,0.0,-0.0,3.8314589937762205,835.664103370249,4.036630859679324,0.85
10331.266199052412,4.036606387995571,0.0,-0.0,3.8314589937762205,835.7930333332733,4.0366306340099225,0.85
10331.52405897846,4.036605857018122,0.0,-0.0,3.8314589937762205,836.050893259322,4.036630182981499,0.85
10332.03977883056,4.036604796244578,0.0,-0.0,3.8314589937762205,836.5666131114212,4.036629282164846,0.85
10333.071218534757,4.036602679560324,0.0,-0.0,3.8314589937762205,837.5980528156178,4.036627485481711,0.85
10333.087849661611,4.036602645483786,0.0,-0.0,3.8314589937762205,837.6146839424728,4.0366274565656255,0.85
10333.150235132589,4.03660251768294,0.0,-0.0,3.8314589937762205,837.6770694134502,4.036627348112955,0.85
10333.212620603566,4.036602389905969,0.0,-0.0,3.8314589937762205,837.7394548844277,4.03662723968435,0.85
10333.337391545521,4.036602134409959,0.0,-0.0,3.8314589937762205,837.8642258263826,4.036627022899313,0.85
10333.58693342943,4.036601623706512,0.0,-0.0,3.8314589937762205,838.1137677102906,4.036626589617786,0.85
10334.086017197245,4.036600603399235,0.0,-0.0,3.8314589937762205,838.6128514781067,4.036625724207724,0.85
10335.084184732877,4.03659856731116,0.0,-0.0,3.8314589937762205,839.6110190137388,4.0366239979900245,0.85
10335.167360196863,4.036598397918583,0.0,-0.0,3.8314589937762205,839.6941944777245,4.036623854423941,0.85
10335.227666157305,4.036598275138475,0.0,-0.0,3.8314589937762205,839.7545004381664,4.036623750358619,0.85
10335.287972117747,4.036598152380163,0.0,-0.0,3.8314589937762205,839.8148063986082,4.036623646315621,0.85
10335.40858403863,4.0365979069174305,0.0,-0.0,3.8314589937762205,839.9354183194919,4.036623438296569,0.85
10335.649807880398,4.036597416259337,0.0,-0.0,3.8314589937762205,840.1766421612592,4.036623022526119,0.85
10336.132255563933,4.03659643596365,0.0,-0.0,3.8314589937762205,840.6590898447939,4.03662219205476,0.85
10337.097150931002,4.036594479577712,0.0,-0.0,3.8314589937762205,841.6239852118633,4.036620535381645,0.85
10337.246870732113,4.03659417651145,0.0,-0.0,3.8314589937762205,841.7737050129745,4.036620278830085,0.85
10337.30509718202,4.036594058694457,0.0,-0.0,3.8314589937762205,841.8319314628807,4.036620179093362,0.85
10337.363323631926,4.036593940897442,0.0,-0.0,3.8314589937762205,841.8901579127869,4.036620079377293,0.85
10337.479776531738,4.036593705353806,0.0,-0.0,3.8314589937762205,842.0066108125993,4.036619880007107,0.85
10337.712682331365,4.036593234514228,0.0,-0.0,3.8314589937762205,842.239516612226,4.036619481514418,0.85
10338.178493930616,4.0365922937817125,0.0,-0.0,3.8314589937762205,842.7053282114775,4.0366186855188095,0.85
10339.110117129121,4.036590416210998,0.0,-0.0,3.8314589937762205,843.6369514099824,4.03661709747903,0.85
10339.326381267365,4.036589981097226,0.0,-0.0,3.8314589937762205,843.8532155482262,4.036616729588401,0.85
10339.382528206736,4.036589868187104,0.0,-0.0,3.8314589937762205,843.9093624875968,4.036616634122149,0.85
10339.438675146106,4.036589755295525,0.0,-0.0,3.8314589937762205,843.9655094269674,4.036616538674963,0.85
10339.55096902485,4.03658952955829,0.0,-0.0,3.8314589937762205,844.0778033057104,4.036616347837771,0.85
10339.775556782335,4.036589078313156,0.0,-0.0,3.8314589937762205,844.3023910631964,4.036615966392003,0.85
10340.224732297305,4.03658817669675,0.0,-0.0,3.8314589937762205,844.7515665781666,4.036615204414084,0.85
10341.123083327246,4.036586377063696,0.0,-0.0,3.8314589937762205,845.649917608107,4.036613684105903,0.85
10341.405891802615,4.036585811513566,0.0,-0.0,3.8314589937762205,845.9327260834762,4.036613206504672,0.85
10341.459959231452,4.036585703454163,0.0,-0.0,3.8314589937762205,845.9867935123129,4.036613115251388,0.85
10341.514026660288,4.036585595411257,0.0,-0.0,3.8314589937762205,846.0408609411497,4.036613024015654,0.85
10341.62216151796,4.036585379369484,0.0,-0.0,3.8314589937762205,846.1489957988215,4.03661284159682,0.85
10341.838431233304,4.036584947495602,0.0,-0.0,3.8314589937762205,846.365265514165,4.036612476969592,0.85
10342.270970663993,4.036584084554265,0.0,-0.0,3.8314589937762205,846.7978049448539,4.036611748556143,0.85
10343.136049525368,4.036582361988602,0.0,-0.0,3.8314589937762205,847.6628838062297,4.036610295087246,0.85
10343.485402337867,4.0365816675985045,0.0,-0.0,3.8314589937762205,848.0122366187279,4.036609709386114,0.85
10343.537390256168,4.036581564333589,0.0,-0.0,3.8314589937762205,848.0642245370291,4.0366096222889105,0.85
10343.589378174469,4.036581461084839,0.0,-0.0,3.8314589937762205,848.1162124553302,4.0366095352078135,0.85
10343.693354011071,4.036581254627022,0.0,-0.0,3.8314589937762205,848.2201882919326,4.036609361093925,0.85
10343.901305684274,4.036580841904417,0.0,-0.0,3.8314589937762205,848.4281399651354,4.036609013059284,0.85
10344.31720903068,4.036580017200469,0.0,-0.0,3.8314589937762205,848.8440433115411,4.036608317761885,0.85
10345.149015723493,4.036578370840223,0.0,-0.0,3.8314589937762205,849.6758500043543,4.036606930249289,0.85
10345.564912873117,4.036577549190627,0.0,-0.0,3.8314589937762205,850.0917471539778,4.0366062380413625,0.85
10345.614821280882,4.036577450666391,0.0,-0.0,3.8314589937762205,850.1416555617434,4.036606155043962,0.85
10345.664729688648,4.036577352156824,0.0,-0.0,3.8314589937762205,850.1915639695089,4.036606072061295,0.85
10345.764546504179,4.036577155173179,0.0,-0.0,3.8314589937762205,850.29138078504,4.036605906140151,0.85
10345.96418013524,4.036576761383861,0.0,-0.0,3.8314589937762205,850.4910144161022,4.036605574474554,0.85
10346.363447397365,4.036575974482902,0.0,-0.0,3.8314589937762205,850.8902816782265,4.036604911849532,0.85
10347.161981921614,4.036574403472921,0.0,-0.0,3.8314589937762205,851.6888162024752,4.036603589419503,0.85
10347.644423408368,4.03657345612973,0.0,-0.0,3.8314589937762205,852.1712576892296,4.0366027922804655,0.85
10347.692252305598,4.0365733622911355,0.0,-0.0,3.8314589937762205,852.2190865864595,4.036602713327192,0.85
10347.740081202828,4.036573268466336,0.0,-0.0,3.8314589937762205,852.2669154836894,4.03660263438735,0.85
10347.835738997288,4.0365730808482,0.0,-0.0,3.8314589937762205,852.3625732781493,4.036602476547953,0.85
10348.02705458621,4.036572705775227,0.0,-0.0,3.8314589937762205,852.5538888670708,4.036602161030241,0.85
10348.409685764052,4.036571956248001,0.0,-0.0,3.8314589937762205,852.9365200449138,4.036601530638631,0.85
10349.174948119737,4.036570459741282,0.0,-0.0,3.8314589937762205,853.701782400598,4.03660027242659,0.85
10349.723933943618,4.036569388257959,0.0,-0.0,3.8314589937762205,854.2507682244795,4.036599371914869,0.85
10349.769683330313,4.03656929905182,0.0,-0.0,3.8314589937762205,854.2965176111738,4.036599296950645,0.85
10349.815432717007,4.036569209857089,0.0,-0.0,3.8314589937762205,854.3422669978681,4.03659922199862,0.85
10349.906931490397,4.036569031498015,0.0,-0.0,3.8314589937762205,854.4337657712585,4.0365990721311595,0.85
10350.089929037178,4.036568674926694,0.0,-0.0,3.8314589937762205,854.6167633180394,4.0365987725425345,0.85
10350.455924130738,4.0365679623466715,0.0,-0.0,3.8314589937762205,854.9827584115992,4.036598173950033,0.85
10351.18791431786,4.036566539504127,0.0,-0.0,3.8314589937762205,855.7147485987207,4.036596979100471,0.85
10351.80344447887,4.036565345419338,0.0,-0.0,3.8314589937762205,856.3302787597313,4.03659597675741,0.85
10351.84711435503,4.03656526079077,0.0,-0.0,3.8314589937762205,856.3739486358918,4.036595905727751,0.85
10351.890784231191,4.036565176174007,0.0,-0.0,3.8314589937762205,856.4176185120523,4.036595834709125,0.85
10351.97812398351,4.036565006965345,0.0,-0.0,3.8314589937762205,856.5049582643715,4.036595692704966,0.85
10352.152803488148,4.036564668684119,0.0,-0.0,3.8314589937762205,856.6796377690098,4.036595408828971,0.85
10352.502162497427,4.036563992629626,0.0,-0.0,3.8314589937762205,857.0289967782883,4.036594841605888,0.85
10353.200880515984,4.036562642619291,0.0,-0.0,3.8314589937762205,857.7277147968452,4.036593709272286,0.85
10353.88295501412,4.036561327456182,0.0,-0.0,3.8314589937762205,858.4097892949812,4.036592606622303,0.85
10353.924545379745,4.036561247353019,0.0,-0.0,3.8314589937762205,858.4513796606061,4.03659253947331,0.85
10353.96613574537,4.036561167260361,0.0,-0.0,3.8314589937762205,858.492970026231,4.036592472334251,0.85
10354.04931647662,4.036561007098191,0.0,-0.0,3.8314589937762205,858.5761507574807,4.036592338085927,0.85
10354.215677939117,4.036560686895031,0.0,-0.0,3.8314589937762205,858.7425122199784,4.036592069708421,0.85
10354.548400864114,4.036560046947418,0.0,-0.0,3.8314589937762205,859.0752351449755,4.036591533429639,0.85
10355.213846714107,4.036558768945275,0.0,-0.0,3.8314589937762205,859.740680994968,4.036590462774375,0.85
10355.962465549372,4.036557334212951,0.0,-0.0,3.8314589937762205,860.489299830233,4.036589261325134,0.85
10356.001976404461,4.036557258583216,0.0,-0.0,3.8314589937762205,860.5288106853222,4.0365891980034885,0.85
10356.04148725955,4.03655718296184,0.0,-0.0,3.8314589937762205,860.5683215404115,4.036589134690742,0.85
10356.120508969729,4.036557031741436,0.0,-0.0,3.8314589937762205,860.64734325059,4.0365890080919415,0.85
10356.278552390086,4.0365567294082805,0.0,-0.0,3.8314589937762205,860.805386670947,4.036588755001077,0.85
10356.5946392308,4.036556125153675,0.0,-0.0,3.8314589937762205,861.121473511661,4.036588249246007,0.85
10357.226812912228,4.036554918342079,0.0,-0.0,3.8314589937762205,861.7536471930889,4.036587239440276,0.85
10358.041976084622,4.0365533655354895,0.0,-0.0,3.8314589937762205,862.5688103654829,4.036585940682847,0.85
10358.079407429175,4.036553294326826,0.0,-0.0,3.8314589937762205,862.6062417100366,4.036585881135805,0.85
10358.116838773729,4.036553223125372,0.0,-0.0,3.8314589937762205,862.6436730545902,4.036585821596692,0.85
10358.191701462836,4.036553080742273,0.0,-0.0,3.8314589937762205,862.7185357436974,4.036585702542246,0.85
10358.341426841052,4.036552796072558,0.0,-0.0,3.8314589937762205,862.8682611219137,4.036585464528447,0.85
10358.640877597485,4.036552227100168,0.0,-0.0,3.8314589937762205,863.1677118783464,4.036584988880986,0.85
10359.23977911035,4.036551090669432,0.0,-0.0,3.8314589937762205,863.7666133912116,4.036584039104717,0.85
10360.121486619873,4.036549421270623,0.0,-0.0,3.8314589937762205,864.6483209007347,4.036582644513734,0.85
10360.156838453891,4.036549354431049,0.0,-0.0,3.8314589937762205,864.6836727347527,4.0365825886891225,0.85
10360.19219028791,4.036549287598184,0.0,-0.0,3.8314589937762205,864.7190245687707,4.036582532871531,0.85
10360.262893955947,4.036549153950238,0.0,-0.0,3.8314589937762205,864.7897282368085,4.036582421257404,0.85
10360.404301292023,4.036548886738965,0.0,-0.0,3.8314589937762205,864.9311355728842,4.036582198113347,0.85
10360.687115964172,4.036548352641821,0.0,-0.0,3.8314589937762205,865.2139502450336,4.036581752161831,0.85
10361.252745308473,4.036547285789798,0.0,-0.0,3.8314589937762205,865.7795795893344,4.036580861603601,0.85
10362.200997155123,4.036545501262486,0.0,-0.0,3.8314589937762205,866.7278314359846,4.036579372637429,0.85
10362.234269478608,4.0365454387409265,0.0,-0.0,3.8314589937762205,866.7611037594688,4.0365793204836375,0.85
10362.267541802092,4.03654537622551,0.0,-0.0,3.8314589937762205,866.794376082953,4.036579268336019,0.85
10362.334086449058,4.0365452512102085,0.0,-0.0,3.8314589937762205,866.8609207299196,4.036579164059295,0.85
10362.467175742993,4.036545001254167,0.0,-0.0,3.8314589937762205,866.9940100238546,4.036578955579884,0.85
10362.733354330861,4.03654450162923,0.0,-0.0,3.8314589937762205,867.2601886117227,4.036578538917047,0.85
10363.265711506598,4.036543503560847,0.0,-0.0,3.8314589937762205,867.792545787459,4.036577706774004,0.85
10364.280507690375,4.036541605361382,0.0,-0.0,3.8314589937762205,868.8073419712364,4.036576124874893,0.85
10364.311700503324,4.03654154710729,0.0,-0.0,3.8314589937762205,868.838534784185,4.03657607634087,0.85
10364.342893316272,4.036541488858921,0.0,-0.0,3.8314589937762205,868.8697275971335,4.036576027812231,0.85
10364.40527894217,4.03654137237553,0.0,-0.0,3.8314589937762205,868.9321132230307,4.036575930771107,0.85
10364.530050193962,4.0365411394741475,0.0,-0.0,3.8314589937762205,869.0568844748232,4.036575736753454,0.85
10364.779592697549,4.036540673921476,0.0,-0.0,3.8314589937762205,869.30642697841,4.03657534897639,0.85
10365.27867770472,4.036539743849254,0.0,-0.0,3.8314589937762205,869.8055119855817,4.036574574454166,0.85
10366.276847719066,4.03653788781965,0.0,-0.0,3.8314589937762205,870.803681999927,4.036573029528793,0.85
10366.360018225625,4.0365377334173385,0.0,-0.0,3.8314589937762205,870.8868525064863,4.036572901048407,0.85
10366.389131528038,4.036537679381054,0.0,-0.0,3.8314589937762205,870.9159658088993,4.036572856083653,0.85
10366.418244830451,4.036537625349716,0.0,-0.0,3.8314589937762205,870.9450791113122,4.0365728111235555,0.85
10366.476471435277,4.036537517297835,0.0,-0.0,3.8314589937762205,871.0033057161381,4.036572721217327,0.85
10366.592924644929,4.036537301251643,0.0,-0.0,3.8314589937762205,871.1197589257899,4.036572541460727,0.85
10366.825831064232,4.036536869376,0.0,-0.0,3.8314589937762205,871.3526653450936,4.036572182170843,0.85
10367.291643902841,4.0365360065178875,0.0,-0.0,3.8314589937762205,871.8184781837026,4.036571464483478,0.85
10368.223269580058,4.036534284365758,0.0,-0.0,3.8314589937762205,872.7501038609189,4.0365700326714595,0.85
10368.439528760877,4.036533885280964,0.0,-0.0,3.8314589937762205,872.9663630417381,4.036569700981563,0.85
10368.466562552754,4.036533835412796,0.0,-0.0,3.8314589937762205,872.9933968336154,4.036569659536126,0.85
10368.493596344631,4.036533785548535,0.0,-0.0,3.8314589937762205,873.0204306254927,4.036569618094676,0.85
10368.547663928388,4.036533685830079,0.0,-0.0,3.8314589937762205,873.0744982092492,4.0365695352237285,0.85
10368.655799095899,4.036533486441676,0.0,-0.0,3.8314589937762205,873.1826333767604,4.036569369529643,0.85
10368.872069430921,4.036533087850022,0.0,-0.0,3.8314589937762205,873.3989037117826,4.036569038332621,0.85
10369.304610100966,4.03653229143285,0.0,-0.0,3.8314589937762205,873.8314443818272,4.036568376702478,0.85
10370.169691441055,4.0365307016536995,0.0,-0.0,3.8314589937762205,874.6965257219163,4.03656705649233,0.85
10370.519039296129,4.036530060803961,0.0,-0.0,3.8314589937762205,875.0458735769898,4.036566524499251,0.85
10370.54399357747,4.036530015054376,0.0,-0.0,3.8314589937762205,875.0708278583315,4.036566486523723,0.85
10370.568947858812,4.036529969308285,0.0,-0.0,3.8314589937762205,875.0957821396732,4.036566448551566,0.85
10370.618856421497,4.036529877824684,0.0,-0.0,3.8314589937762205,875.1456907023585,4.036566372617365,0.85
10370.718673546868,4.036529694897696,0.0,-0.0,3.8314589937762205,875.2455078277289,4.036566220789399,0.85
10370.918307797609,4.036529329202387,0.0,-0.0,3.8314589937762205,875.4451420784699,4.03656591729515,0.85
10371.317576299089,4.036528598459655,0.0,-0.0,3.8314589937762205,875.8444105799499,4.036565310952844,0.85
10372.11611330205,4.0365271395609,0.0,-0.0,3.8314589937762205,876.6429475829118,4.036564100848725,0.85
10372.598549831378,4.036526259838105,0.0,-0.0,3.8314589937762205,877.1253841122398,4.036563371427652,0.85
10372.621424602186,4.036526218159024,0.0,-0.0,3.8314589937762205,877.1482588830477,4.0365633368731615,0.85
10372.644299372994,4.036526176482345,0.0,-0.0,3.8314589937762205,877.1711336538556,4.036563302321483,0.85
10372.690048914608,4.036526093135812,0.0,-0.0,3.8314589937762205,877.2168831954696,4.036563233226559,0.85
10372.781547997838,4.036525926477564,0.0,-0.0,3.8314589937762205,877.3083822786994,4.03656309507044,0.85
10372.964546164296,4.036525593292557,0.0,-0.0,3.8314589937762205,877.4913804451571,4.036562818893069,0.85
10373.330542497213,4.036524927464184,0.0,-0.0,3.8314589937762205,877.8573767780745,4.036562267077381,0.85
10374.062535163046,4.03652359796738,0.0,-0.0,3.8314589937762205,878.5893694439073,4.036561165598951,0.85
10374.67806036663,4.036522482237293,0.0,-0.0,3.8314589937762205,879.2048946474915,4.036560241594231,0.85
10374.698855626903,4.036522444579791,0.0,-0.0,3.8314589937762205,879.2256899077638,4.036560210412437,0.85
10374.719650887175,4.036522406924375,0.0,-0.0,3.8314589937762205,879.2464851680361,4.036560179232949,0.85
10374.76124140772,4.036522331619013,0.0,-0.0,3.8314589937762205,879.2880756885806,4.036560116880893,0.85
10374.844422448807,4.036522181037031,0.0,-0.0,3.8314589937762205,879.371256729668,4.036559992204451,0.85
10375.010784530983,4.036521879980662,0.0,-0.0,3.8314589937762205,879.5376188118444,4.036559742962213,0.85
10375.343508695336,4.036521278313344,0.0,-0.0,3.8314589937762205,879.8703429761972,4.036559244920015,0.85
10376.008957024042,4.036520076753753,0.0,-0.0,3.8314589937762205,880.5357913049029,4.036558250602292,0.85
10376.75757090188,4.036518727855485,0.0,-0.0,3.8314589937762205,881.2844051827415,4.036557134827722,0.85
10376.776286651617,4.036518694171695,0.0,-0.0,3.8314589937762205,881.3031209324781,4.036557106970809,0.85
10376.795002401353,4.036518660489754,0.0,-0.0,3.8314589937762205,881.3218366822148,4.036557079115752,0.85
10376.832433900827,4.036518593129859,0.0,-0.0,3.8314589937762205,881.3592681816881,4.036557023411201,0.85
10376.907296899773,4.036518458434399,0.0,-0.0,3.8314589937762205,881.4341311806347,4.036556912024348,0.85
10377.057022897669,4.036518189128447,0.0,-0.0,3.8314589937762205,881.5838571785298,4.03655668933961,0.85
10377.356474893457,4.036517650876073,0.0,-0.0,3.8314589937762205,881.8833091743181,4.03655624432579,0.85
10377.955378885033,4.0365165758001815,0.0,-0.0,3.8314589937762205,882.4822131658948,4.036555355719002,0.85
10378.837081437132,4.036514996548503,0.0,-0.0,3.8314589937762205,883.3639157179932,4.036554050958119,0.85
10378.853717676333,4.036514966790535,0.0,-0.0,3.8314589937762205,883.3805519571943,4.036554026378798,0.85
10378.870353915534,4.036514937034358,0.0,-0.0,3.8314589937762205,883.3971881963953,4.036554001800931,0.85
10378.903626393938,4.036514877526166,0.0,-0.0,3.8314589937762205,883.4304606747992,4.03655395264956,0.85
10378.970171350744,4.036514758527524,0.0,-0.0,3.8314589937762205,883.4970056316051,4.036553854364269,0.85
10379.103261264356,4.036514520598445,0.0,-0.0,3.8314589937762205,883.630095545217,4.03655365786347,0.85
10379.36944109158,4.036514045020901,0.0,-0.0,3.8314589937762205,883.8962753724409,4.036553265140851,0.85
10379.901800746029,4.036513094989039,0.0,-0.0,3.8314589937762205,884.4286350268903,4.036552480810299,0.85
10380.916591972382,4.036511288169864,0.0,-0.0,3.8314589937762205,885.4434262532432,4.036550989816674,0.85
10380.931148701047,4.036511262291949,0.0,-0.0,3.8314589937762205,885.4579829819086,4.036550968468167,0.85
10380.945705429713,4.036511236415308,0.0,-0.0,3.8314589937762205,885.472539710574,4.036550947120765,0.85
10380.974818887045,4.036511184664464,0.0,-0.0,3.8314589937762205,885.5016531679066,4.036550904429276,0.85
10381.03304580171,4.036511081176339,0.0,-0.0,3.8314589937762205,885.5598800825719,4.0365508190595625,0.85
10381.149499631041,4.036510874251947,0.0,-0.0,3.8314589937762205,885.6763339119025,4.036550648373173,0.85
10381.382407289702,4.036510460617627,0.0,-0.0,3.8314589937762205,885.9092415705636,4.036550307212442,0.85
10381.848222607023,4.036509634202571,0.0,-0.0,3.8314589937762205,886.375056887884,4.036549625738358,0.85
10382.779853241665,4.036507984789691,0.0,-0.0,3.8314589937762205,887.3066875225268,4.036548266173153,0.85
10382.996102507634,4.03650760258064,0.0,-0.0,3.8314589937762205,887.5229367884949,4.03654795123588,0.85
10383.008579725765,4.036507580535529,0.0,-0.0,3.8314589937762205,887.5354140066265,4.036547933071922,0.85
10383.021056943897,4.036507558491318,0.0,-0.0,3.8314589937762205,887.5478912247581,4.03654791490877,0.85
10383.046011380158,4.03650751440506,0.0,-0.0,3.8314589937762205,887.5728456610195,4.036547878584884,0.85
10383.095920252683,4.036507426242457,0.0,-0.0,3.8314589937762205,887.6227545335441,4.036547805946784,0.85
10383.19573799773,4.036507249955269,0.0,-0.0,3.8314589937762205,887.7225722785915,4.0365476607092665,0.85
10383.395373487827,4.036506897537443,0.0,-0.0,3.8314589937762205,887.9222077686882,4.036547370388898,0.85
10383.79464446802,4.03650619332506,0.0,-0.0,3.8314589937762205,888.3214787488814,4.036546790366308,0.85
10384.593186428407,4.0365047873959625,0.0,-0.0,3.8314589937762205,889.1200207092679,4.036545632789623,0.85
10385.075613042884,4.036503939636544,0.0,-0.0,3.8314589937762205,889.6024473237449,4.036544935049464,0.85
10385.08601075048,4.036503921378822,0.0,-0.0,3.8314589937762205,889.6128450313408,4.036544920024296,0.85
10385.096408458076,4.036503903121206,0.0,-0.0,3.8314589937762205,889.6232427389368,4.036544904999684,0.85
10385.117203873267,4.036503866608161,0.0,-0.0,3.8314589937762205,889.6440381541288,4.036544874952127,0.85
10385.158794703651,4.036503793587441,0.0,-0.0,3.8314589937762205,889.6856289845127,4.0365448148636816,0.85
10385.241976364417,4.036503647572832,0.0,-0.0,3.8314589937762205,889.7688106452788,4.036544694713456,0.85
10385.40833968595,4.036503355651292,0.0,-0.0,3.8314589937762205,889.9351739668109,4.036544454519635,0.85
10385.741066329014,4.036502772239563,0.0,-0.0,3.8314589937762205,890.2679006098751,4.036543974558219,0.85
10386.406519615144,4.036501607139359,0.0,-0.0,3.8314589937762205,890.9333538960054,4.036543016337934,0.85
10387.155123578135,4.036500299198305,0.0,-0.0,3.8314589937762205,891.6819578589966,4.036541941092379,0.85
10387.163441775196,4.036500284681161,0.0,-0.0,3.8314589937762205,891.690276056057,4.036541929160745,0.85
10387.171759972256,4.036500270164764,0.0,-0.0,3.8314589937762205,891.6985942531173,4.036541917229464,0.85
10387.188396366377,4.03650024113278,0.0,-0.0,3.8314589937762205,891.7152306472381,4.036541893367961,0.85
10387.221669154618,4.036500183072711,0.0,-0.0,3.8314589937762205,891.7485034354795,4.03654184564919,0.85
10387.288214731103,4.036500066969772,0.0,-0.0,3.8314589937762205,891.8150490119642,4.036541750228592,0.85
10387.42130588407,4.036499834832081,0.0,-0.0,3.8314589937762205,891.9481401649318,4.036541559455145,0.85
10387.687488190008,4.036499370831404,0.0,-0.0,3.8314589937762205,892.2143224708689,4.036541178179101,0.85
10388.219852801882,4.036498443925668,0.0,-0.0,3.8314589937762205,892.7466870827429,4.0365404167092205,0.85
10389.234634113385,4.036496681122297,0.0,-0.0,3.8314589937762205,893.7614683942465,4.036538969200795,0.85
10389.24087279991,4.03649667030144,0.0,-0.0,3.8314589937762205,893.7677070807713,4.036538960317934,0.85
10389.247111486435,4.036496659480829,0.0,-0.0,3.8314589937762205,893.773945767296,4.036538951435269,0.85
10389.259588859486,4.036496637840299,0.0,-0.0,3.8314589937762205,893.7864231403473,4.036538933670532,0.85
10389.284543605587,4.036496594560909,0.0,-0.0,3.8314589937762205,893.8113778864481,4.036538898143423,0.85
10389.334453097788,4.036496508011888,0.0,-0.0,3.8314589937762205,893.8612873786496,4.036538827098665,0.85
10389.434272082193,4.0364963349515275,0.0,-0.0,3.8314589937762205,893.9611063630546,4.036538685046985,0.85
10389.633910051001,4.036495988984097,0.0,-0.0,3.8314589937762205,894.1607443318626,4.036538401094896,0.85
10390.03318598862,4.036495297662391,0.0,-0.0,3.8314589937762205,894.5600202694804,4.036537833795315,0.85
10390.831737863855,4.036493917470002,0.0,-0.0,3.8314589937762205,895.3585721447162,4.036536701610531,0.85
10391.314144648637,4.036493085273873,0.0,-0.0,3.8314589937762205,895.8409789294983,4.03653601921209,0.85
10391.318303824626,4.036493078103714,0.0,-0.0,3.8314589937762205,895.8451381054874,4.036536013333731,0.85
10391.322463000615,4.03649307093405,0.0,-0.0,3.8314589937762205,895.8492972814765,4.036536007455461,0.85
10391.330781352595,4.036493056594681,0.0,-0.0,3.8314589937762205,895.8576156334566,4.03653599569918,0.85
10391.347418056555,4.036493027918449,0.0,-0.0,3.8314589937762205,895.8742523374167,4.036535972187662,0.85
10391.380691464476,4.036492970571307,0.0,-0.0,3.8314589937762205,895.9075257453369,4.0365359251688,0.85
10391.447238280316,4.0364928558990405,0.0,-0.0,3.8314589937762205,895.9740725611773,4.03653583114777,0.85
10391.580331911997,4.036492626645471,0.0,-0.0,3.8314589937762205,896.1071661928581,4.036535643172468,0.85
10391.846519175358,4.036492168499656,0.0,-0.0,3.8314589937762205,896.3733534562198,4.0365352674887465,0.85
10392.378893702082,4.036491253651855,0.0,-0.0,3.8314589937762205,896.9057279829431,4.036534517187656,0.85
10393.393655183887,4.036489515084643,0.0,-0.0,3.8314589937762205,897.9204894647482,4.036533090964837,0.85
10393.395734849342,4.036489511521776,0.0,-0.0,3.8314589937762205,897.9225691302036,4.0365330880472,0.85
10393.397814514798,4.036489507959119,0.0,-0.0,3.8314589937762205,897.9246487956589,4.0365330851295855,0.85
10393.401973845706,4.036489500832339,0.0,-0.0,3.8314589937762205,897.9288081265677,4.03653307929442,0.85
10393.410292507526,4.036489486581415,0.0,-0.0,3.8314589937762205,897.9371267883871,4.036533067624348,0.85
10393.426929831165,4.036489458079849,0.0,-0.0,3.8314589937762205,897.953764112026,4.036533044285242,0.85
10393.46020447844,4.036489401082439,0.0,-0.0,3.8314589937762205,897.9870387593019,4.036532997611171,0.85
10393.526753772994,4.036489287109685,0.0,-0.0,3.8314589937762205,898.0535880538555,4.0365329042796025,0.85
10393.6598523621,4.036489059254101,0.0,-0.0,3.8314589937762205,898.1866866429609,4.036532717682736,0.85
10393.92604954031,4.036488603902825,0.0,-0.0,3.8314589937762205,898.4528838211718,4.036532344753938,0.85
10394.458443896732,4.036487694634389,0.0,-0.0,3.8314589937762205,898.9852781775935,4.0365315999549125,0.85
10395.473165719139,4.036485966801464,0.0,-0.0,3.8314589937762205,900.0,4.036530184298803,0.85
