condition,protocol_type,dc_c,ac_c,peak_c,tau_factor_set,Q_Ah,t_q_s,U_NE_min_mV,I_charge_A,V_terminal_V,margin_class_at_Q
Chen2020_DFN_fineAmp_DC03,DC,0.3,0.0,0.3,,0.2,479.9999999999992,314.6922874093739,1.5,3.3608002326152184,safe_margin
Chen2020_DFN_fineAmp_DC03,DC,0.3,0.0,0.3,,0.23542797241313346,565.0271337915192,294.92646467077867,1.5,3.3843250106741922,safe_margin
Chen2020_DFN_fineAmp_DC03,DC,0.3,0.0,0.3,,0.2708559448262669,650.0542675830394,275.0687771593863,1.5,3.407825848982339,safe_margin
Chen2020_DFN_fineAmp_DC03,DC,0.3,0.0,0.3,,0.3062839172394003,735.0814013745595,255.84477582117242,1.5,3.4306066173025016,safe_margin
Chen2020_DFN_fineAmp_DC03,DC,0.3,0.0,0.3,,0.34171188965253374,820.1085351660794,238.0907877478646,1.5,3.451852384199179,safe_margin
Chen2020_DFN_fineAmp_DC03,DC,0.3,0.0,0.3,,0.3771398620656672,905.1356689576002,222.49385502588402,1.5,3.470891816067872,safe_margin
Chen2020_DFN_fineAmp_DC03,DC,0.3,0.0,0.3,,0.41256783447880063,990.1628027491204,209.4215106505667,1.5,3.4873691835691294,safe_margin
Chen2020_DFN_fineAmp_DC03,DC,0.3,0.0,0.3,,0.4479958068919341,1075.1899365406402,198.89670676864222,1.5,3.5012704870377114,safe_margin
Chen2020_DFN_fineAmp_DC03,DC,0.3,0.0,0.3,,0.4834237793050675,1160.2170703321603,190.67982517963853,1.5,3.512842236111901,safe_margin
Chen2020_DFN_fineAmp_DC03,DC,0.3,0.0,0.3,,0.518851751718201,1245.2442041236804,184.3903493375566,1.5,3.522470276090544,safe_margin
Chen2020_DFN_fineAmp_DC03,DC,0.3,0.0,0.3,,0.5542797241313344,1330.271337915201,179.61028798310608,1.5,3.530576774881092,safe_margin
Chen2020_DFN_fineAmp_DC03,DC,0.3,0.0,0.3,,0.5897076965444679,1415.2984717067206,175.94888045621923,1.5,3.5375558227560115,safe_margin
Chen2020_DFN_fineAmp_DC03,DC,0.3,0.0,0.3,,0.6251356689576013,1500.3256054982428,173.0725353587288,1.5,3.5437437329975907,safe_margin
Chen2020_DFN_fineAmp_DC03,DC,0.3,0.0,0.3,,0.6605636413707348,1585.3527392897633,170.71206055316372,1.5,3.549411943802602,safe_margin
Chen2020_DFN_fineAmp_DC03,DC,0.3,0.0,0.3,,0.6959916137838682,1670.3798730812834,168.65721662873267,1.5,3.554772614677738,safe_margin
Chen2020_DFN_fineAmp_DC03,DC,0.3,0.0,0.3,,0.7314195861970016,1755.4070068728042,166.7470980752419,1.5,3.559988352039579,safe_margin
Chen2020_DFN_fineAmp_DC03,DC,0.3,0.0,0.3,,0.7668475586101351,1840.4341406643262,164.8602735558379,1.5,3.5651821732632403,safe_margin
Chen2020_DFN_fineAmp_DC03,DC,0.3,0.0,0.3,,0.8022755310232685,1925.4612744558472,162.90612999293066,1.5,3.5704462071206615,safe_margin
Chen2020_DFN_fineAmp_DC03,DC,0.3,0.0,0.3,,0.837703503436402,2010.4884082473666,160.8182585961669,1.5,3.5758483501529152,safe_margin
Chen2020_DFN_fineAmp_DC03,DC,0.3,0.0,0.3,,0.8731314758495354,2095.515542038886,158.54956442623026,1.5,3.581437204198936,safe_margin
Chen2020_DFN_fineAmp_DC03,DC,0.3,0.0,0.3,,0.9085594482626689,2180.5426758304056,156.06892969226206,1.5,3.587245443156815,safe_margin
Chen2020_DFN_fineAmp_DC03,DC,0.3,0.0,0.3,,0.9439874206758023,2265.5698096219267,153.35899222926244,1.5,3.5932920659466494,safe_margin
Chen2020_DFN_fineAmp_DC03,DC,0.3,0.0,0.3,,0.9794153930889358,2350.596943413448,150.41506114378944,1.5,3.5995835085686294,safe_margin
Chen2020_DFN_fineAmp_DC03,DC,0.3,0.0,0.3,,1.0148433655020692,2435.6240772049678,147.2446577531682,1.5,3.606114136211674,safe_margin
Chen2020_DFN_fineAmp_DC03,DC,0.3,0.0,0.3,,1.0502713379152024,2520.651210996489,143.86726661403523,1.5,3.6128665390714563,safe_margin
Chen2020_DFN_fineAmp_DC03,DC,0.3,0.0,0.3,,1.0856993103283359,2605.67834478801,140.3141872512889,1.5,3.619811723344213,safe_margin
Chen2020_DFN_fineAmp_DC03,DC,0.3,0.0,0.3,,1.1211272827414693,2690.70547857953,136.6277342202167,1.5,3.626909958654488,safe_margin
Chen2020_DFN_fineAmp_DC03,DC,0.3,0.0,0.3,,1.1565552551546028,2775.7326123710454,132.85941965566604,1.5,3.634112668032035,safe_margin
Chen2020_DFN_fineAmp_DC03,DC,0.3,0.0,0.3,,1.1919832275677362,2860.759746162566,129.06729981490193,1.5,3.6413651296121645,safe_margin
Chen2020_DFN_fineAmp_DC03,DC,0.3,0.0,0.3,,1.2274111999808697,2945.7868799540843,125.3122891489771,1.5,3.648610228170082,safe_margin
Chen2020_DFN_fineAmp_DC03,DC,0.3,0.0,0.3,,1.2628391723940031,3030.8140137456057,121.65407875549842,1.5,3.655792604360228,safe_margin
Chen2020_DFN_fineAmp_DC03,DC,0.3,0.0,0.3,,1.2982671448071366,3115.8411475371245,118.14720239156536,1.5,3.6628626542360205,safe_margin
Chen2020_DFN_fineAmp_DC03,DC,0.3,0.0,0.3,,1.33369511722027,3200.8682813286423,114.83775052070273,1.5,3.6697798743868635,safe_margin
Chen2020_DFN_fineAmp_DC03,DC,0.3,0.0,0.3,,1.3691230896334035,3285.895415120165,111.76107182582017,1.5,3.676515197339111,safe_margin
Chen2020_DFN_fineAmp_DC03,DC,0.3,0.0,0.3,,1.404551062046537,3370.922548911684,108.94099497600556,1.5,3.683051866421923,safe_margin
Chen2020_DFN_fineAmp_DC03,DC,0.3,0.0,0.3,,1.4399790344596703,3455.9496827032067,106.38990347117864,1.5,3.6893853699098047,safe_margin
Chen2020_DFN_fineAmp_DC03,DC,0.3,0.0,0.3,,1.4754070068728038,3540.976816494729,104.10979337097419,1.5,3.6955223939617716,safe_margin
Chen2020_DFN_fineAmp_DC03,DC,0.3,0.0,0.3,,1.5108349792859372,3626.0039502862505,102.09421966776105,1.5,3.701478940650072,safe_margin
Chen2020_DFN_fineAmp_DC03,DC,0.3,0.0,0.3,,1.5462629516990707,3711.031084077772,100.33007576446758,1.5,3.7072784630279454,safe_margin
Chen2020_DFN_fineAmp_DC03,DC,0.3,0.0,0.3,,1.5816909241122041,3796.058217869289,98.79969298611189,1.5,3.712949725824198,safe_margin
Chen2020_DFN_fineAmp_DC03,DC,0.3,0.0,0.3,,1.6171188965253376,3881.0853516608095,97.48260648450626,1.5,3.7185248965406696,safe_margin
Chen2020_DFN_fineAmp_DC03,DC,0.3,0.0,0.3,,1.652546868938471,3966.112485452331,96.35711231400072,1.5,3.724037818788657,safe_margin
Chen2020_DFN_fineAmp_DC03,DC,0.3,0.0,0.3,,1.6879748413516045,4051.1396192438524,95.4014211831701,1.5,3.7295225790262,safe_margin
Chen2020_DFN_fineAmp_DC03,DC,0.3,0.0,0.3,,1.723402813764738,4136.166753035375,94.59446396656264,1.5,3.735012278957589,safe_margin
Chen2020_DFN_fineAmp_DC03,DC,0.3,0.0,0.3,,1.7588307861778714,4221.193886826894,93.91654170827043,1.5,3.740537987836979,safe_margin
Chen2020_DFN_fineAmp_DC03,DC,0.3,0.0,0.3,,1.7942587585910048,4306.2210206184145,93.34960533212038,1.5,3.746127840225194,safe_margin
Chen2020_DFN_fineAmp_DC03,DC,0.3,0.0,0.3,,1.8296867310041383,4391.248154409933,92.87741051635575,1.5,3.7518061962571996,safe_margin
Chen2020_DFN_fineAmp_DC03,DC,0.3,0.0,0.3,,1.8651147034172717,4476.275288201456,92.48556426018351,1.5,3.7575928965866,safe_margin
Chen2020_DFN_fineAmp_DC03,DC,0.3,0.0,0.3,,1.900542675830405,4561.302421992978,92.16143691682974,1.5,3.76350253402502,safe_margin
Chen2020_DFN_fineAmp_DC03,DC,0.3,0.0,0.3,,1.9359706482435384,4646.3295557845,91.89406143094463,1.5,3.7695438696511387,safe_margin
Chen2020_DFN_fineAmp_DC03,DC,0.3,0.0,0.3,,1.9713986206566718,4731.356689576022,91.67396061891347,1.5,3.7757193126656134,safe_margin
Chen2020_DFN_fineAmp_DC03,DC,0.3,0.0,0.3,,2.0068265930698055,4816.3838233675415,91.4929960866071,1.5,3.7820246881227213,safe_margin
Chen2020_DFN_fineAmp_DC03,DC,0.3,0.0,0.3,,2.042254565482939,4901.410957159062,91.34419312286579,1.5,3.7884492506442835,safe_margin
Chen2020_DFN_fineAmp_DC03,DC,0.3,0.0,0.3,,2.0776825378960724,4986.438090950578,91.22156031570461,1.5,3.7949760091705302,safe_margin
Chen2020_DFN_fineAmp_DC03,DC,0.3,0.0,0.3,,2.113110510309206,5071.465224742097,91.11992719291824,1.5,3.8015825028499686,safe_margin
Chen2020_DFN_fineAmp_DC03,DC,0.3,0.0,0.3,,2.1485384827223393,5156.492358533618,91.03476780822763,1.5,3.8082419256747624,safe_margin
Chen2020_DFN_fineAmp_DC03,DC,0.3,0.0,0.3,,2.1839664551354727,5241.519492325138,90.96201074670887,1.5,3.8149245912842837,safe_margin
Chen2020_DFN_fineAmp_DC03,DC,0.3,0.0,0.3,,2.219394427548606,5326.546626116657,90.89782518682244,1.5,3.8215996733591733,safe_margin
Chen2020_DFN_fineAmp_DC03,DC,0.3,0.0,0.3,,2.2548223999617396,5411.573759908178,90.83835348736699,1.5,3.8282370899166698,safe_margin
Chen2020_DFN_fineAmp_DC03,DC,0.3,0.0,0.3,,2.290250372374873,5496.600893699696,90.77936309293715,1.5,3.8348093921794666,safe_margin
Chen2020_DFN_fineAmp_DC03,DC,0.3,0.0,0.3,,2.3256783447880065,5581.628027491221,90.71577868173577,1.5,3.8412936144313203,safe_margin
Chen2020_DFN_fineAmp_DC03,DC,0.3,0.0,0.3,,2.36110631720114,5666.655161282734,90.64107799534325,1.5,3.8476729291640064,safe_margin
Chen2020_DFN_fineAmp_DC03,DC,0.3,0.0,0.3,,2.3965342896142734,5751.682295074253,90.54656367314938,1.5,3.853938030607852,safe_margin
Chen2020_DFN_fineAmp_DC03,DC,0.3,0.0,0.3,,2.431962262027407,5836.709428865769,90.42068077606784,1.5,3.860088151265459,safe_margin
Chen2020_DFN_fineAmp_DC03,DC,0.3,0.0,0.3,,2.4673902344405403,5921.736562657289,90.24874307615987,1.5,3.8661312892613857,safe_margin
Chen2020_DFN_fineAmp_DC03,DC,0.3,0.0,0.3,,2.5028182068536737,6006.763696448812,90.01363502426078,1.5,3.8720832087842068,safe_margin
Chen2020_DFN_fineAmp_DC03,DC,0.3,0.0,0.3,,2.538246179266807,6091.79083024033,89.69784093510725,1.5,3.877964899031952,safe_margin
Chen2020_DFN_fineAmp_DC03,DC,0.3,0.0,0.3,,2.5736741516799406,6176.817964031849,89.28635811261466,1.5,3.8837990693911157,safe_margin
Chen2020_DFN_fineAmp_DC03,DC,0.3,0.0,0.3,,2.609102124093074,6261.8450978233595,88.7690178463907,1.5,3.8896070647356966,safe_margin
Chen2020_DFN_fineAmp_DC03,DC,0.3,0.0,0.3,,2.6445300965062075,6346.872231614883,88.14093933761893,1.5,3.895407527109386,safe_margin
Chen2020_DFN_fineAmp_DC03,DC,0.3,0.0,0.3,,2.679958068919341,6431.899365406404,87.40131989662957,1.5,3.9012168401402576,safe_margin
Chen2020_DFN_fineAmp_DC03,DC,0.3,0.0,0.3,,2.7153860413324744,6516.926499197922,86.5514696740316,1.5,3.9070504115720244,safe_margin
Chen2020_DFN_fineAmp_DC03,DC,0.3,0.0,0.3,,2.750814013745608,6601.95363298944,85.59296092871278,1.5,3.9129239753738374,safe_margin
Chen2020_DFN_fineAmp_DC03,DC,0.3,0.0,0.3,,2.7862419861587413,6686.980766780958,84.52634265200639,1.5,3.9188545359151554,safe_margin
Chen2020_DFN_fineAmp_DC03,DC,0.3,0.0,0.3,,2.8216699585718747,6772.007900572481,83.35022135411178,1.5,3.924861008045626,safe_margin
Chen2020_DFN_fineAmp_DC03,DC,0.3,0.0,0.3,,2.857097930985008,6857.035034363998,82.0606432703847,1.5,3.930964644682072,safe_margin
Chen2020_DFN_fineAmp_DC03,DC,0.3,0.0,0.3,,2.8925259033981416,6942.062168155514,80.65047095975684,1.5,3.9371895145233355,safe_margin
Chen2020_DFN_fineAmp_DC03,DC,0.3,0.0,0.3,,2.927953875811275,7027.089301947039,79.10885580152554,1.5,3.9435629392618394,safe_margin
Chen2020_DFN_fineAmp_DC03,DC,0.3,0.0,0.3,,2.9633818482244085,7112.116435738558,77.4207278160512,1.5,3.9501159160126624,safe_margin
Chen2020_DFN_fineAmp_DC03,DC,0.3,0.0,0.3,,2.998809820637542,7197.143569530084,75.56663028224608,1.5,3.956883234288353,safe_margin
Chen2020_DFN_fineAmp_DC03,DC,0.3,0.0,0.3,,3.0342377930506754,7282.170703321606,73.52409465395462,1.5,3.963902009994743,safe_margin
Chen2020_DFN_fineAmp_DC03,DC,0.3,0.0,0.3,,3.069665765463809,7367.197837113129,71.27238458226367,1.5,3.971206844469367,safe_margin
Chen2020_DFN_fineAmp_DC03,DC,0.3,0.0,0.3,,3.1050937378769423,7452.224970904655,68.80398476922579,1.5,3.9788181403641514,safe_margin
Chen2020_DFN_fineAmp_DC03,DC,0.3,0.0,0.3,,3.1405217102900758,7537.252104696172,66.14409910980896,1.5,3.986722402243356,safe_margin
Chen2020_DFN_fineAmp_DC03,DC,0.3,0.0,0.3,,3.175949682703209,7622.279238487693,63.371145124460845,1.5,3.9948514473350962,safe_margin
Chen2020_DFN_fineAmp_DC03,DC,0.3,0.0,0.3,,3.2113776551163427,7707.306372279216,60.61744296323219,1.5,4.003081575850908,safe_margin
Chen2020_DFN_fineAmp_DC03,DC,0.3,0.0,0.3,,3.246805627529476,7792.333506070736,58.03538057725087,1.5,4.0112674778169675,safe_margin
Chen2020_DFN_fineAmp_DC03,DC,0.3,0.0,0.3,,3.2822335999426095,7877.360639862257,55.74696509596497,1.5,4.019292556138487,safe_margin
Chen2020_DFN_fineAmp_DC03,DC,0.3,0.0,0.3,,3.317661572355743,7962.387773653778,53.81296869435188,1.5,4.027099407529359,safe_margin
Chen2020_DFN_fineAmp_DC03,DC,0.3,0.0,0.3,,3.3530895447688764,8047.414907445302,52.23490135396502,1.5,4.034687213892627,safe_margin
Chen2020_DFN_fineAmp_DC03,DC,0.3,0.0,0.3,,3.38851751718201,8132.442041236827,50.9756377016694,1.5,4.042090436891896,safe_margin
Chen2020_DFN_fineAmp_DC03,DC,0.3,0.0,0.3,,3.4239454895951433,8217.469175028353,49.98107303586599,1.5,4.04935644615265,near_boundary
Chen2020_DFN_fineAmp_DC03,DC,0.3,0.0,0.3,,3.459373462008277,8302.496308819873,49.195137412915734,1.5,4.056529847321047,near_boundary
Chen2020_DFN_fineAmp_DC03,DC,0.3,0.0,0.3,,3.4948014344214102,8387.523442611397,48.567683435252384,1.5,4.063644009599644,near_boundary
Chen2020_DFN_fineAmp_DC03,DC,0.3,0.0,0.3,,3.5302294068345437,8472.550576402919,48.05719568696574,1.5,4.070717679137886,near_boundary
Chen2020_DFN_fineAmp_DC03,DC,0.3,0.0,0.3,,3.565657379247677,8557.577710194431,47.63092266709923,1.5,4.077754313014137,near_boundary
Chen2020_DFN_fineAmp_DC03,DC,0.3,0.0,0.3,,3.60108535166081,8642.60484398595,47.26380568529727,1.5,4.084742750705766,near_boundary
Chen2020_DFN_fineAmp_DC03,DC,0.3,0.0,0.3,,3.6365133240739436,8727.631977777473,46.93700838744497,1.5,4.091658462425702,near_boundary
Chen2020_DFN_fineAmp_DC03,DC,0.3,0.0,0.3,,3.671941296487077,8812.659111568999,46.636528704915946,1.5,4.098465052730049,near_boundary
Chen2020_DFN_fineAmp_DC03,DC,0.3,0.0,0.3,,3.7073692689002105,8897.686245360514,46.352013312789985,1.5,4.1051160325023455,near_boundary
Chen2020_DFN_fineAmp_DC03_AC0p3_1p5tauSet,DCAC,0.3,0.3,0.6,1.5,0.2,426.68710031653006,262.32222776453506,2.9995762809123345,3.4292337237796104,safe_margin
Chen2020_DFN_fineAmp_DC03_AC0p3_1p5tauSet,DCAC,0.3,0.3,0.6,1.5,0.23542797241313346,471.4584412018388,250.43830396147428,2.5443654074753024,3.4441798426161903,safe_margin
Chen2020_DFN_fineAmp_DC03_AC0p3_1p5tauSet,DCAC,0.3,0.3,0.6,1.5,0.2708559448262669,559.4014538524543,319.4496721630538,0.37892446036633104,3.3551070893192096,safe_margin
Chen2020_DFN_fineAmp_DC03_AC0p3_1p5tauSet,DCAC,0.3,0.3,0.6,1.5,0.3062839172394003,722.4333664271815,228.25106313902535,2.4610277031378875,3.464089007392091,safe_margin
Chen2020_DFN_fineAmp_DC03_AC0p3_1p5tauSet,DCAC,0.3,0.3,0.6,1.5,0.34171188965253374,767.8790794079606,189.1197540037613,2.998693929817234,3.5166461600792496,safe_margin
Chen2020_DFN_fineAmp_DC03_AC0p3_1p5tauSet,DCAC,0.3,0.3,0.6,1.5,0.3771398620656672,812.46335014186,182.36666031403612,2.5691808194251045,3.5266273844673086,safe_margin
Chen2020_DFN_fineAmp_DC03_AC0p3_1p5tauSet,DCAC,0.3,0.3,0.6,1.5,0.41256783447880063,894.4239748616554,243.2181631311877,0.5210273622858999,3.447474610959321,safe_margin
Chen2020_DFN_fineAmp_DC03_AC0p3_1p5tauSet,DCAC,0.3,0.3,0.6,1.5,0.4479958068919341,1063.3793288553284,174.47869274675293,2.4325651291925485,3.5310524529688614,safe_margin
Chen2020_DFN_fineAmp_DC03_AC0p3_1p5tauSet,DCAC,0.3,0.3,0.6,1.5,0.4834237793050675,1109.0713226232908,148.56403964652534,2.997209152825663,3.57059237467865,safe_margin
Chen2020_DFN_fineAmp_DC03_AC0p3_1p5tauSet,DCAC,0.3,0.3,0.6,1.5,0.518851751718201,1153.4803207600003,150.07326299143674,2.593191213505337,3.5725674734577653,safe_margin
Chen2020_DFN_fineAmp_DC03_AC0p3_1p5tauSet,DCAC,0.3,0.3,0.6,1.5,0.5542797241313344,1231.1177911214975,205.9366678413872,0.6424689405929354,3.499910701376631,safe_margin
Chen2020_DFN_fineAmp_DC03_AC0p3_1p5tauSet,DCAC,0.3,0.3,0.6,1.5,0.5897076965444679,1404.3118419766504,153.85699623444995,2.4033497923955296,3.5645123344113463,safe_margin
Chen2020_DFN_fineAmp_DC03_AC0p3_1p5tauSet,DCAC,0.3,0.3,0.6,1.5,0.6251356689576013,1450.2625370870053,134.33433269408494,2.9950920119048905,3.5979046390047,safe_margin
Chen2020_DFN_fineAmp_DC03_AC0p3_1p5tauSet,DCAC,0.3,0.3,0.6,1.5,0.6605636413707348,1494.5086526320442,138.31836989850947,2.6164083777918092,3.597705129111245,safe_margin
Chen2020_DFN_fineAmp_DC03_AC0p3_1p5tauSet,DCAC,0.3,0.3,0.6,1.5,0.6959916137838682,1568.7204317260928,189.85240483849267,0.7509878048340746,3.5307412791636072,safe_margin
Chen2020_DFN_fineAmp_DC03_AC0p3_1p5tauSet,DCAC,0.3,0.3,0.6,1.5,0.7314195861970016,1745.2272400307659,146.00035188860076,2.373196949130442,3.5851263031277925,safe_margin
Chen2020_DFN_fineAmp_DC03_AC0p3_1p5tauSet,DCAC,0.3,0.3,0.6,1.5,0.7668475586101351,1791.4525381778897,126.89385307718679,2.9923704411659804,3.618368811171607,safe_margin
Chen2020_DFN_fineAmp_DC03_AC0p3_1p5tauSet,DCAC,0.3,0.3,0.6,1.5,0.8022755310232685,1835.5477530708856,130.2020219498177,2.6388441437210868,3.619178596271868,safe_margin
Chen2020_DFN_fineAmp_DC03_AC0p3_1p5tauSet,DCAC,0.3,0.3,0.6,1.5,0.837703503436402,1906.9348348563713,177.90783355041813,0.8498514428809151,3.5572516200287447,safe_margin
Chen2020_DFN_fineAmp_DC03_AC0p3_1p5tauSet,DCAC,0.3,0.3,0.6,1.5,0.8731314758495354,2086.1244414329262,138.76623329497346,2.3420683754852294,3.605139052384241,safe_margin
Chen2020_DFN_fineAmp_DC03_AC0p3_1p5tauSet,DCAC,0.3,0.3,0.6,1.5,0.9085594482626689,2132.641469921219,117.95231039038478,2.9890510457120953,3.6404016136343076,safe_margin
Chen2020_DFN_fineAmp_DC03_AC0p3_1p5tauSet,DCAC,0.3,0.3,0.6,1.5,0.9439874206758023,2176.5973629383298,119.69717008022539,2.6605070122088352,3.6431470754418123,safe_margin
Chen2020_DFN_fineAmp_DC03_AC0p3_1p5tauSet,DCAC,0.3,0.3,0.6,1.5,0.9794153930889358,2245.591620381378,164.0007525030521,0.9410732179513251,3.5856945069030854,safe_margin
Chen2020_DFN_fineAmp_DC03_AC0p3_1p5tauSet,DCAC,0.3,0.3,0.6,1.5,1.0148433655020692,2427.0030318101694,128.45424434944056,2.309970851587744,3.628344771688286,safe_margin
Chen2020_DFN_fineAmp_DC03_AC0p3_1p5tauSet,DCAC,0.3,0.3,0.6,1.5,1.0502713379152024,2473.829113126952,105.68258069679533,2.985118538692642,3.6659516165935533,safe_margin
Chen2020_DFN_fineAmp_DC03_AC0p3_1p5tauSet,DCAC,0.3,0.3,0.6,1.5,1.0856993103283359,2517.6566745931395,105.99755471530949,2.681416124536019,3.6705504811700123,safe_margin
Chen2020_DFN_fineAmp_DC03_AC0p3_1p5tauSet,DCAC,0.3,0.3,0.6,1.5,1.1211272827414693,2584.559438353009,147.19485788880422,1.026521925758869,3.6171690429882393,safe_margin
Chen2020_DFN_fineAmp_DC03_AC0p3_1p5tauSet,DCAC,0.3,0.3,0.6,1.5,1.1565552551546028,2767.8622920705548,115.1923734373275,2.27689708468263,3.6547283636107344,safe_margin
Chen2020_DFN_fineAmp_DC03_AC0p3_1p5tauSet,DCAC,0.3,0.3,0.6,1.5,1.1919832275677362,2815.015379628465,91.37148506922945,2.980630739608491,3.69388487491028,safe_margin
Chen2020_DFN_fineAmp_DC03_AC0p3_1p5tauSet,DCAC,0.3,0.3,0.6,1.5,1.2274111999808697,2858.7250703825935,91.06804184301429,2.701588223809262,3.6996108503915024,safe_margin
Chen2020_DFN_fineAmp_DC03_AC0p3_1p5tauSet,DCAC,0.3,0.3,0.6,1.5,1.2628391723940031,2923.785706029179,129.63088259076622,1.10686405362923,3.6497424731223522,safe_margin
Chen2020_DFN_fineAmp_DC03_AC0p3_1p5tauSet,DCAC,0.3,0.3,0.6,1.5,1.2982671448071366,3108.701135047681,101.67408947734847,2.2428268412244363,3.681763798909227,safe_margin
Chen2020_DFN_fineAmp_DC03_AC0p3_1p5tauSet,DCAC,0.3,0.3,0.6,1.5,1.33369511722027,3156.199797284814,78.18828818902799,2.975539047294896,3.7212676729006464,safe_margin
Chen2020_DFN_fineAmp_DC03_AC0p3_1p5tauSet,DCAC,0.3,0.3,0.6,1.5,1.3691230896334035,3199.802121235522,78.18570832459393,2.7210372865544867,3.7273543217745058,safe_margin
Chen2020_DFN_fineAmp_DC03_AC0p3_1p5tauSet,DCAC,0.3,0.3,0.6,1.5,1.404551062046537,3263.238106468735,114.69440866134006,1.1824418440664295,3.680362405628003,safe_margin
Chen2020_DFN_fineAmp_DC03_AC0p3_1p5tauSet,DCAC,0.3,0.3,0.6,1.5,1.4399790344596703,3449.51727434917,91.11179098454126,2.2076830464102732,3.7065132993669696,safe_margin
Chen2020_DFN_fineAmp_DC03_AC0p3_1p5tauSet,DCAC,0.3,0.3,0.6,1.5,1.4754070068728038,3497.3816520815303,68.69428215890322,2.9697267656886024,3.7459230953839344,safe_margin
Chen2020_DFN_fineAmp_DC03_AC0p3_1p5tauSet,DCAC,0.3,0.3,0.6,1.5,1.5108349792859372,3540.887293127053,69.30235576810021,2.739775953392164,3.7523108375452754,safe_margin
Chen2020_DFN_fineAmp_DC03_AC0p3_1p5tauSet,DCAC,0.3,0.3,0.6,1.5,1.5462629516990707,3602.8350260262873,104.08843044886908,1.254812799951895,3.707869436744538,safe_margin
Chen2020_DFN_fineAmp_DC03_AC0p3_1p5tauSet,DCAC,0.3,0.3,0.6,1.5,1.5816909241122041,3790.3073994275746,84.68110580601231,2.1713497443347127,3.7282190035886362,safe_margin
Chen2020_DFN_fineAmp_DC03_AC0p3_1p5tauSet,DCAC,0.3,0.3,0.6,1.5,1.6171188965253376,3838.5610893560242,63.14134197360503,2.96333280589559,3.768161057150304,safe_margin
Chen2020_DFN_fineAmp_DC03_AC0p3_1p5tauSet,DCAC,0.3,0.3,0.6,1.5,1.652546868938471,3881.9801641148906,64.12207698929731,2.757811697414046,3.77543270252848,safe_margin
Chen2020_DFN_fineAmp_DC03_AC0p3_1p5tauSet,DCAC,0.3,0.3,0.6,1.5,1.6879748413516045,3942.58750733106,97.33321159961457,1.3235751302988483,3.7334289908115053,safe_margin
Chen2020_DFN_fineAmp_DC03_AC0p3_1p5tauSet,DCAC,0.3,0.3,0.6,1.5,1.723402813764738,4131.072135546371,81.57568540787616,2.1338907525307333,3.748330322156444,safe_margin
Chen2020_DFN_fineAmp_DC03_AC0p3_1p5tauSet,DCAC,0.3,0.3,0.6,1.5,1.7588307861778714,4179.738070456631,60.38258341346832,2.95637030964428,3.78985678551101,safe_margin
Chen2020_DFN_fineAmp_DC03_AC0p3_1p5tauSet,DCAC,0.3,0.3,0.6,1.5,1.7942587585910048,4223.080449637712,61.381284507922715,2.7751505754430434,3.798713281836953,safe_margin
Chen2020_DFN_fineAmp_DC03_AC0p3_1p5tauSet,DCAC,0.3,0.3,0.6,1.5,1.8296867310041383,4282.465619498434,93.07606805040491,1.3892708014601736,3.7592023323524857,safe_margin
Chen2020_DFN_fineAmp_DC03_AC0p3_1p5tauSet,DCAC,0.3,0.3,0.6,1.5,1.8651147034172717,4471.809910031017,80.52324288319139,2.0952691971173283,3.7688312797822725,safe_margin
Chen2020_DFN_fineAmp_DC03_AC0p3_1p5tauSet,DCAC,0.3,0.3,0.6,1.5,1.900542675830405,4520.912559954973,59.21186954935177,2.9488509902900115,3.8128058601541213,safe_margin
Chen2020_DFN_fineAmp_DC03_AC0p3_1p5tauSet,DCAC,0.3,0.3,0.6,1.5,1.9359706482435384,4564.187836274866,59.97088703888668,2.791801842271218,3.8236111485340727,safe_margin
Chen2020_DFN_fineAmp_DC03_AC0p3_1p5tauSet,DCAC,0.3,0.3,0.6,1.5,1.9713986206566718,4622.463406634779,90.23542086065547,1.4518979243679966,3.7865531888218587,safe_margin
Chen2020_DFN_fineAmp_DC03_AC0p3_1p5tauSet,DCAC,0.3,0.3,0.6,1.5,2.0068265930698055,4812.518895167251,80.56385375757739,2.0554428758062713,3.791107632041935,safe_margin
Chen2020_DFN_fineAmp_DC03_AC0p3_1p5tauSet,DCAC,0.3,0.3,0.6,1.5,2.042254565482939,4862.084418468533,58.82681509142572,2.9407760246949586,3.837687211240945,safe_margin
Chen2020_DFN_fineAmp_DC03_AC0p3_1p5tauSet,DCAC,0.3,0.3,0.6,1.5,2.0776825378960724,4905.301927461633,59.1981989817092,2.8077779118346267,3.8501550076681035,safe_margin
Chen2020_DFN_fineAmp_DC03_AC0p3_1p5tauSet,DCAC,0.3,0.3,0.6,1.5,2.113110510309206,4962.541880417394,88.10354067110708,1.5123710219832778,3.8154156970922797,safe_margin
Chen2020_DFN_fineAmp_DC03_AC0p3_1p5tauSet,DCAC,0.3,0.3,0.6,1.5,2.1485384827223393,5153.197200994156,81.12960207102108,2.014370388559371,3.8153281437229922,safe_margin
Chen2020_DFN_fineAmp_DC03_AC0p3_1p5tauSet,DCAC,0.3,0.3,0.6,1.5,2.1839664551354727,5203.253483722743,58.76822546229303,2.93213805591687,3.8637267941019777,safe_margin
Chen2020_DFN_fineAmp_DC03_AC0p3_1p5tauSet,DCAC,0.3,0.3,0.6,1.5,2.219394427548606,5246.422487137697,58.65988473920597,2.823077340708084,3.8770103205144517,safe_margin
Chen2020_DFN_fineAmp_DC03_AC0p3_1p5tauSet,DCAC,0.3,0.3,0.6,1.5,2.2548223999617396,5302.705618770417,86.28692845720856,1.5704825424604671,3.844271679384093,safe_margin
Chen2020_DFN_fineAmp_DC03_AC0p3_1p5tauSet,DCAC,0.3,0.3,0.6,1.5,2.290250372374873,5493.842737223698,81.88536034378669,1.972007341065635,3.8402570743749496,safe_margin
Chen2020_DFN_fineAmp_DC03_AC0p3_1p5tauSet,DCAC,0.3,0.3,0.6,1.5,2.3256783447880065,5544.418390601033,58.69870696670098,2.922745338528308,3.889258829477733,safe_margin
Chen2020_DFN_fineAmp_DC03_AC0p3_1p5tauSet,DCAC,0.3,0.3,0.6,1.5,2.36110631720114,5587.549529021102,57.95420383575909,2.837661601824462,3.902626745527913,safe_margin
Chen2020_DFN_fineAmp_DC03_AC0p3_1p5tauSet,DCAC,0.3,0.3,0.6,1.5,2.3965342896142734,5642.947760545035,84.343862527273,1.6263381734947584,3.8715895238468714,safe_margin
Chen2020_DFN_fineAmp_DC03_AC0p3_1p5tauSet,DCAC,0.3,0.3,0.6,1.5,2.431962262027407,5834.452713372079,82.41565125162761,1.9282856812102587,3.8643819098424554,safe_margin
Chen2020_DFN_fineAmp_DC03_AC0p3_1p5tauSet,DCAC,0.3,0.3,0.6,1.5,2.4673902344405403,5885.5795394800625,57.95209111512417,2.9127155010861494,3.913447356788832,safe_margin
Chen2020_DFN_fineAmp_DC03_AC0p3_1p5tauSet,DCAC,0.3,0.3,0.6,1.5,2.5028182068536737,5928.68226026671,56.19570198703859,2.8515933814073673,3.92694679640216,safe_margin
Chen2020_DFN_fineAmp_DC03_AC0p3_1p5tauSet,DCAC,0.3,0.3,0.6,1.5,2.538246179266807,5983.254607110853,81.37418449042241,1.6802577999221078,3.897468961733237,safe_margin
Chen2020_DFN_fineAmp_DC03_AC0p3_1p5tauSet,DCAC,0.3,0.3,0.6,1.5,2.5736741516799406,6175.021878376874,81.9903135011948,1.8830554211131065,3.8872536359189254,safe_margin
Chen2020_DFN_fineAmp_DC03_AC0p3_1p5tauSet,DCAC,0.3,0.3,0.6,1.5,2.609102124093074,6226.737119694954,55.68556893496303,2.9021103595433866,3.9368610607079306,safe_margin
Chen2020_DFN_fineAmp_DC03_AC0p3_1p5tauSet,DCAC,0.3,0.3,0.6,1.5,2.6445300965062075,6269.820324107833,52.73016903812174,2.864881687505255,3.9509289955575104,safe_margin
Chen2020_DFN_fineAmp_DC03_AC0p3_1p5tauSet,DCAC,0.3,0.3,0.6,1.5,2.679958068919341,6323.624357024795,76.84853015745276,1.7322283984977787,3.922893712581903,safe_margin
Chen2020_DFN_fineAmp_DC03_AC0p3_1p5tauSet,DCAC,0.3,0.3,0.6,1.5,2.7153860413324744,6515.550253769002,80.25583000660515,1.8363668943158904,3.909288193545986,safe_margin
Chen2020_DFN_fineAmp_DC03_AC0p3_1p5tauSet,DCAC,0.3,0.3,0.6,1.5,2.750814013745608,6567.890485671166,51.97227793830959,2.890864645875604,3.9601267238669684,safe_margin
Chen2020_DFN_fineAmp_DC03_AC0p3_1p5tauSet,DCAC,0.3,0.3,0.6,1.5,2.7862419861587413,6610.963435120626,47.89719192901197,2.877536613037888,3.9751967094877214,near_boundary
Chen2020_DFN_fineAmp_DC03_AC0p3_1p5tauSet,DCAC,0.3,0.3,0.6,1.5,2.8216699585718747,6664.050101614987,71.0191534684836,1.7823986606898066,3.9486538712522226,safe_margin
Chen2020_DFN_fineAmp_DC03_AC0p3_1p5tauSet,DCAC,0.3,0.3,0.6,1.5,2.857097930985008,6856.031852906434,77.2107712704272,1.7880615375589068,3.9312988698024127,safe_margin
Chen2020_DFN_fineAmp_DC03_AC0p3_1p5tauSet,DCAC,0.3,0.3,0.6,1.5,2.8925259033981416,6909.039035882054,46.9654838149391,2.8789508961148353,3.984134421998385,near_boundary
Chen2020_DFN_fineAmp_DC03_AC0p3_1p5tauSet,DCAC,0.3,0.3,0.6,1.5,2.927953875811275,6952.111432505892,41.83702212700776,2.889524277901184,4.000685327472975,near_boundary
Chen2020_DFN_fineAmp_DC03_AC0p3_1p5tauSet,DCAC,0.3,0.3,0.6,1.5,2.9633818482244085,7004.527014799221,63.88469110378643,1.8308628215346452,3.9758661541883464,safe_margin
Chen2020_DFN_fineAmp_DC03_AC0p3_1p5tauSet,DCAC,0.3,0.3,0.6,1.5,2.998809820637542,7196.4609276207375,72.47988235910277,1.7380031398537514,3.954711118431076,safe_margin
Chen2020_DFN_fineAmp_DC03_AC0p3_1p5tauSet,DCAC,0.3,0.3,0.6,1.5,3.0342377930506754,7250.1828094311295,40.244464629498594,2.866382963045361,4.010329939502966,near_boundary
Chen2020_DFN_fineAmp_DC03_AC0p3_1p5tauSet,DCAC,0.3,0.3,0.6,1.5,3.069665765463809,7293.264106517179,34.05132168445078,2.9008680335148753,4.028865345418511,near_boundary
Chen2020_DFN_fineAmp_DC03_AC0p3_1p5tauSet,DCAC,0.3,0.3,0.6,1.5,3.1050937378769423,7345.052003341155,54.7723691318004,1.8776690611783624,4.006181685516414,safe_margin
Chen2020_DFN_fineAmp_DC03_AC0p3_1p5tauSet,DCAC,0.3,0.3,0.6,1.5,3.1405217102900758,7536.832687693689,65.0218556639365,1.6861014779509642,3.981546527647544,safe_margin
Chen2020_DFN_fineAmp_DC03_AC0p3_1p5tauSet,DCAC,0.3,0.3,0.6,1.5,3.175949682703209,7591.321488693783,31.022272797531908,2.8531650120738132,4.040399339093895,near_boundary
Chen2020_DFN_fineAmp_DC03_AC0p3_1p5tauSet,DCAC,0.3,0.3,0.6,1.5,3.2113776551163427,7634.421125086574,24.237411328482597,2.9115670628178685,4.060819798263565,near_boundary
Chen2020_DFN_fineAmp_DC03_AC0p3_1p5tauSet,DCAC,0.3,0.3,0.6,1.5,3.246805627529476,7685.617154733846,43.80343818941366,1.9230435682780824,4.040226031646065,near_boundary
Chen2020_DFN_fineAmp_DC03_AC0p3_1p5tauSet,DCAC,0.3,0.3,0.6,1.5,3.2822335999426095,7877.148916243549,56.130728099564294,1.6324726264268834,4.011311467991761,safe_margin
Chen2020_DFN_fineAmp_DC03_AC0p3_1p5tauSet,DCAC,0.3,0.3,0.6,1.5,3.317661572355743,7932.454608648067,22.620350976344813,2.8392742614197153,4.07158791293726,near_boundary
Chen2020_DFN_fineAmp_DC03_AC0p3_1p5tauSet,DCAC,0.3,0.3,0.6,1.5,3.3530895447688764,7975.582045466871,16.73201949021567,2.9216493241413906,4.092547775127698,near_boundary
Chen2020_DFN_fineAmp_DC03_AC0p3_1p5tauSet,DCAC,0.3,0.3,0.6,1.5,3.38851751718201,8026.219928361028,35.99035248766075,1.967035294198596,4.07324343675445,near_boundary
Chen2020_DFN_fineAmp_DC03_AC0p3_1p5tauSet,DCAC,0.3,0.3,0.6,1.5,3.4239454895951433,8217.405348638069,51.40618550974156,1.5770416069920536,4.038893131676522,safe_margin
Chen2020_DFN_fineAmp_DC03_AC0p3_1p5tauSet,DCAC,0.3,0.3,0.6,1.5,3.459373462008277,8273.58221549245,18.668975167188265,2.824753284820365,4.1003108403634245,near_boundary
Chen2020_DFN_fineAmp_DC03_AC0p3_1p5tauSet,DCAC,0.3,0.3,0.6,1.5,3.4948014344214102,8316.74688240661,13.214119025677709,2.9310584090620906,4.121990192271913,near_boundary
Chen2020_DFN_fineAmp_DC03_AC0p3_1p5tauSet,DCAC,0.3,0.3,0.6,1.5,3.5302294068345437,8366.860241497736,32.0175769997664,2.0096007032595975,4.103919852287806,near_boundary
Chen2020_DFN_fineAmp_DC03_AC0p3_1p5tauSet,DCAC,0.3,0.3,0.6,1.5,3.565657379247677,8557.579695618473,50.30877452972468,1.5192285113247284,4.064762542136253,safe_margin
Chen2020_DFN_fineAmp_DC03_AC0p3_1p5tauSet,DCAC,0.3,0.3,0.6,1.5,3.60108535166081,8614.704213617073,16.959479537725414,2.809602603298369,4.1279829302099245,near_boundary
Chen2020_DFN_fineAmp_DC03_AC0p3_1p5tauSet,DCAC,0.3,0.3,0.6,1.5,3.6365133240739436,8657.914898515852,11.240421929071314,2.939906113303199,4.149999770885713,near_boundary
Chen2020_DFN_fineAmp_DC03_AC0p3_1p5tauSet,DCAC,0.3,0.3,0.6,1.5,3.671941296487077,8707.537136497875,29.40843526451,2.0507306658777398,4.132669629018309,near_boundary
Chen2020_DFN_fineAmp_DC03_AC0p3_1p5tauSet,DCAC,0.3,0.3,0.6,1.5,3.7073692689002105,8897.676056882336,50.55436507576257,1.459238668511292,4.090065040604991,safe_margin
Chen2020_DFN_fineAmp_DC03_AC0p32_1p5tauSet,DCAC,0.3,0.32,0.62,1.5,0.2,424.96617244679015,259.6713891575359,3.0976518543363785,3.432726013296876,safe_margin
Chen2020_DFN_fineAmp_DC03_AC0p32_1p5tauSet,DCAC,0.3,0.32,0.62,1.5,0.23542797241313346,467.92733521687217,245.84966327470727,2.686051321360099,3.450267494444662,safe_margin
Chen2020_DFN_fineAmp_DC03_AC0p32_1p5tauSet,DCAC,0.3,0.32,0.62,1.5,0.2708559448262669,541.3083849723942,301.0861909515078,0.7161001618149492,3.378680879521481,safe_margin
Chen2020_DFN_fineAmp_DC03_AC0p32_1p5tauSet,DCAC,0.3,0.32,0.62,1.5,0.3062839172394003,721.93035278538,227.08195758423182,2.513684633146614,3.4654824830737927,safe_margin
Chen2020_DFN_fineAmp_DC03_AC0p32_1p5tauSet,DCAC,0.3,0.32,0.62,1.5,0.34171188965253374,766.1922709697726,186.66574272585098,3.0955942233455627,3.519915930992088,safe_margin
Chen2020_DFN_fineAmp_DC03_AC0p32_1p5tauSet,DCAC,0.3,0.32,0.62,1.5,0.3771398620656672,808.9997022359745,178.32654742003814,2.709420880505408,3.532140281826353,safe_margin
Chen2020_DFN_fineAmp_DC03_AC0p32_1p5tauSet,DCAC,0.3,0.32,0.62,1.5,0.41256783447880063,879.3610538677692,229.17472102914513,0.8263795907218376,3.46607069787623,safe_margin
Chen2020_DFN_fineAmp_DC03_AC0p32_1p5tauSet,DCAC,0.3,0.32,0.62,1.5,0.4479958068919341,1062.9064177777275,173.3912456376922,2.4838839703796216,3.5323404843261623,safe_margin
Chen2020_DFN_fineAmp_DC03_AC0p32_1p5tauSet,DCAC,0.3,0.32,0.62,1.5,0.4834237793050675,1107.4182472684654,146.43604359290853,3.093067109426742,3.573517348277594,safe_margin
Chen2020_DFN_fineAmp_DC03_AC0p32_1p5tauSet,DCAC,0.3,0.32,0.62,1.5,0.518851751718201,1150.0817252405066,146.61270138615345,2.732046219101954,3.5774764637236722,safe_margin
Chen2020_DFN_fineAmp_DC03_AC0p32_1p5tauSet,DCAC,0.3,0.32,0.62,1.5,0.5542797241313344,1217.9317068984212,194.91236368159545,0.9265653726118379,3.5150678733587988,safe_margin
Chen2020_DFN_fineAmp_DC03_AC0p32_1p5tauSet,DCAC,0.3,0.32,0.62,1.5,0.5897076965444679,1403.8673953707814,152.80561128149768,2.453210518929877,3.565795233320984,safe_margin
Chen2020_DFN_fineAmp_DC03_AC0p32_1p5tauSet,DCAC,0.3,0.32,0.62,1.5,0.6251356689576013,1448.643222820132,132.3341847520929,3.090027164630502,3.6007300140022163,safe_margin
Chen2020_DFN_fineAmp_DC03_AC0p32_1p5tauSet,DCAC,0.3,0.32,0.62,1.5,0.6605636413707348,1491.1734829447373,135.06186840645597,2.7538927506091158,3.6024261884341877,safe_margin
Chen2020_DFN_fineAmp_DC03_AC0p32_1p5tauSet,DCAC,0.3,0.32,0.62,1.5,0.6959916137838682,1556.8681099881544,180.30157013638947,1.0191347259525736,3.544115214360409,safe_margin
Chen2020_DFN_fineAmp_DC03_AC0p32_1p5tauSet,DCAC,0.3,0.32,0.62,1.5,0.7314195861970016,1744.8097285843203,145.01600534002407,2.4214787741850876,3.5862807107094463,safe_margin
Chen2020_DFN_fineAmp_DC03_AC0p32_1p5tauSet,DCAC,0.3,0.32,0.62,1.5,0.7668475586101351,1789.8666256083977,124.92821124904725,3.0863315875837345,3.621113170784902,safe_margin
Chen2020_DFN_fineAmp_DC03_AC0p32_1p5tauSet,DCAC,0.3,0.32,0.62,1.5,0.8022755310232685,1832.2745899550193,126.98206578369656,2.774962009103383,3.6238147614097835,safe_margin
Chen2020_DFN_fineAmp_DC03_AC0p32_1p5tauSet,DCAC,0.3,0.32,0.62,1.5,0.837703503436402,1896.0862238010782,169.11563061701582,1.1054892542065813,3.569601234949682,safe_margin
Chen2020_DFN_fineAmp_DC03_AC0p32_1p5tauSet,DCAC,0.3,0.32,0.62,1.5,0.8731314758495354,2085.734564657543,137.81703736215462,2.388780204103041,3.6062200803611812,safe_margin
Chen2020_DFN_fineAmp_DC03_AC0p32_1p5tauSet,DCAC,0.3,0.32,0.62,1.5,0.9085594482626689,2131.0886779602865,115.97912015039726,3.08205596676898,3.643122235274621,safe_margin
Chen2020_DFN_fineAmp_DC03_AC0p32_1p5tauSet,DCAC,0.3,0.32,0.62,1.5,0.9439874206758023,2173.384628341798,116.47122694601082,2.795274113568464,3.6477545179912076,safe_margin
Chen2020_DFN_fineAmp_DC03_AC0p32_1p5tauSet,DCAC,0.3,0.32,0.62,1.5,0.9794153930889358,2235.535274888489,155.70906344413368,1.186460679477753,3.59734126901041,safe_margin
Chen2020_DFN_fineAmp_DC03_AC0p32_1p5tauSet,DCAC,0.3,0.32,0.62,1.5,1.0148433655020692,2426.640404313634,127.54578133787348,2.3550578926517125,3.6293657523448397,safe_margin
Chen2020_DFN_fineAmp_DC03_AC0p32_1p5tauSet,DCAC,0.3,0.32,0.62,1.5,1.0502713379152024,2472.3094330386857,103.71435484836519,3.0772366148182475,3.6686566362772317,safe_margin
Chen2020_DFN_fineAmp_DC03_AC0p32_1p5tauSet,DCAC,0.3,0.32,0.62,1.5,1.0856993103283359,2514.502987221508,102.7993461967475,2.814851495844617,3.675118227456272,safe_margin
Chen2020_DFN_fineAmp_DC03_AC0p32_1p5tauSet,DCAC,0.3,0.32,0.62,1.5,1.1211272827414693,2575.1505903349257,139.3548365005192,1.2633744974417205,3.6282254062016546,safe_margin
Chen2020_DFN_fineAmp_DC03_AC0p32_1p5tauSet,DCAC,0.3,0.32,0.62,1.5,1.1565552551546028,2767.5263297207453,114.33711794149079,2.320296374218231,3.6556719062818406,safe_margin
Chen2020_DFN_fineAmp_DC03_AC0p32_1p5tauSet,DCAC,0.3,0.32,0.62,1.5,1.1919832275677362,2813.5284306850544,89.44466724656371,3.0718009068256875,3.6965377509582975,safe_margin
Chen2020_DFN_fineAmp_DC03_AC0p32_1p5tauSet,DCAC,0.3,0.32,0.62,1.5,1.2274111999808697,2855.627445429852,87.95728491088954,2.833854350287503,3.704087818932113,safe_margin
Chen2020_DFN_fineAmp_DC03_AC0p32_1p5tauSet,DCAC,0.3,0.32,0.62,1.5,1.2628391723940031,2914.925830453163,122.29628056021699,1.3362153735650693,3.660196556779435,safe_margin
Chen2020_DFN_fineAmp_DC03_AC0p32_1p5tauSet,DCAC,0.3,0.32,0.62,1.5,1.2982671448071366,3108.390257983798,100.87582605387735,2.284424261269075,3.6826227686567723,safe_margin
Chen2020_DFN_fineAmp_DC03_AC0p32_1p5tauSet,DCAC,0.3,0.32,0.62,1.5,1.33369511722027,3154.745093928883,76.33041125111485,3.065687625831602,3.723843132658468,safe_margin
Chen2020_DFN_fineAmp_DC03_AC0p32_1p5tauSet,DCAC,0.3,0.32,0.62,1.5,1.3691230896334035,3196.7592483469507,75.20388169799429,2.8521592326943437,3.7317110147966033,safe_margin
Chen2020_DFN_fineAmp_DC03_AC0p32_1p5tauSet,DCAC,0.3,0.32,0.62,1.5,1.404551062046537,3254.8315904193855,107.87044466661577,1.4055772872038004,3.6902658602955145,safe_margin
Chen2020_DFN_fineAmp_DC03_AC0p32_1p5tauSet,DCAC,0.3,0.32,0.62,1.5,1.4399790344596703,3449.231184379505,90.37314848475147,2.247425872636455,3.707272457734924,safe_margin
Chen2020_DFN_fineAmp_DC03_AC0p32_1p5tauSet,DCAC,0.3,0.32,0.62,1.5,1.4754070068728038,3495.959429590378,66.91039043429174,3.0589710903710334,3.7484148386088245,safe_margin
Chen2020_DFN_fineAmp_DC03_AC0p32_1p5tauSet,DCAC,0.3,0.32,0.62,1.5,1.5108349792859372,3537.898052042415,66.45083650784517,2.869771889809616,3.756556562814841,safe_margin
Chen2020_DFN_fineAmp_DC03_AC0p32_1p5tauSet,DCAC,0.3,0.32,0.62,1.5,1.5462629516990707,3594.8618992300635,97.7577451115853,1.4714661127694717,3.7172773881193426,safe_margin
Chen2020_DFN_fineAmp_DC03_AC0p32_1p5tauSet,DCAC,0.3,0.32,0.62,1.5,1.5816909241122041,3790.0477970149573,83.9920472845658,2.2092723812071666,3.728891209862518,safe_margin
Chen2020_DFN_fineAmp_DC03_AC0p32_1p5tauSet,DCAC,0.3,0.32,0.62,1.5,1.6171188965253376,3837.171009296376,61.41975065145302,3.051607271620122,3.7705916641576946,safe_margin
Chen2020_DFN_fineAmp_DC03_AC0p32_1p5tauSet,DCAC,0.3,0.32,0.62,1.5,1.652546868938471,3879.043378952911,61.37346359441106,2.8867097524869165,3.7796202537211836,safe_margin
Chen2020_DFN_fineAmp_DC03_AC0p32_1p5tauSet,DCAC,0.3,0.32,0.62,1.5,1.6879748413516045,3934.9706138104384,91.37107541969092,1.5350864547741676,3.7425578001084383,safe_margin
Chen2020_DFN_fineAmp_DC03_AC0p32_1p5tauSet,DCAC,0.3,0.32,0.62,1.5,1.723402813764738,4130.838592469662,80.93426050167194,2.1699263791127934,3.748909772162356,safe_margin
Chen2020_DFN_fineAmp_DC03_AC0p32_1p5tauSet,DCAC,0.3,0.32,0.62,1.5,1.7588307861778714,4178.379921285655,58.708438033295195,3.0436603731372514,3.792249833048151,safe_margin
Chen2020_DFN_fineAmp_DC03_AC0p32_1p5tauSet,DCAC,0.3,0.32,0.62,1.5,1.7942587585910048,4220.195547137098,58.70916102184081,2.9029134650417685,3.8028885192159847,safe_margin
Chen2020_DFN_fineAmp_DC03_AC0p32_1p5tauSet,DCAC,0.3,0.32,0.62,1.5,1.8296867310041383,4275.164094723954,87.40672479794527,1.5961746832191237,3.768152855574305,safe_margin
Chen2020_DFN_fineAmp_DC03_AC0p32_1p5tauSet,DCAC,0.3,0.32,0.62,1.5,1.8651147034172717,4471.601894345094,79.92799148720776,2.129344824835286,3.7693014107802734,safe_margin
Chen2020_DFN_fineAmp_DC03_AC0p32_1p5tauSet,DCAC,0.3,0.32,0.62,1.5,1.900542675830405,4519.586230143821,57.573078298173506,3.0351639779924233,3.815167125200775,safe_margin
Chen2020_DFN_fineAmp_DC03_AC0p32_1p5tauSet,DCAC,0.3,0.32,0.62,1.5,1.9359706482435384,4561.354275064242,57.3565909221331,2.918384510901429,3.8277796680837017,safe_margin
Chen2020_DFN_fineAmp_DC03_AC0p32_1p5tauSet,DCAC,0.3,0.32,0.62,1.5,1.9713986206566718,4615.44098397066,84.7924288874941,1.6546805623149272,3.7953787739623133,safe_margin
Chen2020_DFN_fineAmp_DC03_AC0p32_1p5tauSet,DCAC,0.3,0.32,0.62,1.5,2.0068265930698055,4812.335779742318,80.01547803511808,2.0874791489909117,3.7914500353864073,safe_margin
Chen2020_DFN_fineAmp_DC03_AC0p32_1p5tauSet,DCAC,0.3,0.32,0.62,1.5,2.042254565482939,4860.788343331095,57.22028092167989,3.0258482370309476,3.8400003066844204,safe_margin
Chen2020_DFN_fineAmp_DC03_AC0p32_1p5tauSet,DCAC,0.3,0.32,0.62,1.5,2.0776825378960724,4902.51878356803,56.62801404369853,2.933178098564351,3.854284605790916,safe_margin
Chen2020_DFN_fineAmp_DC03_AC0p32_1p5tauSet,DCAC,0.3,0.32,0.62,1.5,2.113110510309206,4955.7825721740555,82.85314562080552,1.7111059653650542,3.8240277266406077,safe_margin
Chen2020_DFN_fineAmp_DC03_AC0p32_1p5tauSet,DCAC,0.3,0.32,0.62,1.5,2.1485384827223393,5153.03814797014,80.62579830910538,2.0442779725377864,3.8155684790624522,safe_margin
Chen2020_DFN_fineAmp_DC03_AC0p32_1p5tauSet,DCAC,0.3,0.32,0.62,1.5,2.1839664551354727,5201.987259262339,57.185712075178444,3.015979549715696,3.865997736830466,safe_margin
Chen2020_DFN_fineAmp_DC03_AC0p32_1p5tauSet,DCAC,0.3,0.32,0.62,1.5,2.219394427548606,5243.688712438702,56.1200918548977,2.947300214779416,3.8810698884062447,safe_margin
Chen2020_DFN_fineAmp_DC03_AC0p32_1p5tauSet,DCAC,0.3,0.32,0.62,1.5,2.2548223999617396,5296.187520157263,81.19168867967664,1.7654258208391511,3.8525721046264936,safe_margin
Chen2020_DFN_fineAmp_DC03_AC0p32_1p5tauSet,DCAC,0.3,0.32,0.62,1.5,2.290250372374873,5493.706935025484,81.42402581744417,1.9996931795946484,3.840413154057029,safe_margin
Chen2020_DFN_fineAmp_DC03_AC0p32_1p5tauSet,DCAC,0.3,0.32,0.62,1.5,2.3256783447880065,5543.182890137637,57.11768258152599,3.005554320401061,3.8914917895214645,safe_margin
Chen2020_DFN_fineAmp_DC03_AC0p32_1p5tauSet,DCAC,0.3,0.32,0.62,1.5,2.36110631720114,5584.863855231964,55.40558238337879,2.9607495830186736,3.906609105318173,safe_margin
Chen2020_DFN_fineAmp_DC03_AC0p32_1p5tauSet,DCAC,0.3,0.32,0.62,1.5,2.3965342896142734,5636.648381563764,79.329391258655,1.8178225061279099,3.8795639025199296,safe_margin
Chen2020_DFN_fineAmp_DC03_AC0p32_1p5tauSet,DCAC,0.3,0.32,0.62,1.5,2.431962262027407,5834.338683110503,81.97322693071376,1.9536259055559886,3.864533090841919,safe_margin
Chen2020_DFN_fineAmp_DC03_AC0p32_1p5tauSet,DCAC,0.3,0.32,0.62,1.5,2.4673902344405403,5884.375239328298,56.312652050225324,2.9945805772079397,3.915721474744058,safe_margin
Chen2020_DFN_fineAmp_DC03_AC0p32_1p5tauSet,DCAC,0.3,0.32,0.62,1.5,2.5028182068536737,5926.043640005865,53.55396885856753,2.9735820528982515,3.93095155972118,safe_margin
Chen2020_DFN_fineAmp_DC03_AC0p32_1p5tauSet,DCAC,0.3,0.32,0.62,1.5,2.538246179266807,5977.160583348653,76.33063745154796,1.8683949707279843,3.9052548492659005,safe_margin
Chen2020_DFN_fineAmp_DC03_AC0p32_1p5tauSet,DCAC,0.3,0.32,0.62,1.5,2.5736741516799406,6174.929337466314,81.55244870178583,1.9059649695570688,3.887405599124195,safe_margin
Chen2020_DFN_fineAmp_DC03_AC0p32_1p5tauSet,DCAC,0.3,0.32,0.62,1.5,2.609102124093074,6225.563729624362,53.97763279792023,2.9829921729430025,3.9391703287883963,safe_margin
Chen2020_DFN_fineAmp_DC03_AC0p32_1p5tauSet,DCAC,0.3,0.32,0.62,1.5,2.6445300965062075,6267.227765546271,50.00475006236107,2.9858139270599167,3.9549542277127454,safe_margin
Chen2020_DFN_fineAmp_DC03_AC0p32_1p5tauSet,DCAC,0.3,0.32,0.62,1.5,2.679958068919341,6317.721675813372,71.77762646474046,1.9171702360220486,3.930544795945431,safe_margin
Chen2020_DFN_fineAmp_DC03_AC0p32_1p5tauSet,DCAC,0.3,0.32,0.62,1.5,2.7153860413324744,6515.477556565714,79.860943917565,1.8567096984576874,3.909386136720153,safe_margin
Chen2020_DFN_fineAmp_DC03_AC0p32_1p5tauSet,DCAC,0.3,0.32,0.62,1.5,2.750814013745608,6566.746355542478,50.25364857686903,2.970551643866896,3.962415813664675,safe_margin
Chen2020_DFN_fineAmp_DC03_AC0p32_1p5tauSet,DCAC,0.3,0.32,0.62,1.5,2.7862419861587413,6608.417368768694,45.156667972440424,2.9972291335648293,3.979196870227757,near_boundary
Chen2020_DFN_fineAmp_DC03_AC0p32_1p5tauSet,DCAC,0.3,0.32,0.62,1.5,2.8216699585718747,6658.3233689870085,65.98039051865739,1.96440472202783,3.956186511653547,safe_margin
Chen2020_DFN_fineAmp_DC03_AC0p32_1p5tauSet,DCAC,0.3,0.32,0.62,1.5,2.857097930985008,6855.977918173947,76.89518428345556,1.8057108956963488,3.931304579974187,safe_margin
Chen2020_DFN_fineAmp_DC03_AC0p32_1p5tauSet,DCAC,0.3,0.32,0.62,1.5,2.8925259033981416,6907.924833514757,45.27444131533059,2.9575430370462783,3.9863820424938563,near_boundary
Chen2020_DFN_fineAmp_DC03_AC0p32_1p5tauSet,DCAC,0.3,0.32,0.62,1.5,2.927953875811275,6949.610763696827,39.12998954892128,3.008038720295356,4.004647054654451,near_boundary
Chen2020_DFN_fineAmp_DC03_AC0p32_1p5tauSet,DCAC,0.3,0.32,0.62,1.5,2.9633818482244085,6998.962976716221,58.93336718481679,2.0101587703562513,3.9833004981073645,safe_margin
Chen2020_DFN_fineAmp_DC03_AC0p32_1p5tauSet,DCAC,0.3,0.32,0.62,1.5,2.998809820637542,7196.422732455629,72.28478139903244,1.7527584659903381,3.9545574379905055,safe_margin
Chen2020_DFN_fineAmp_DC03_AC0p32_1p5tauSet,DCAC,0.3,0.32,0.62,1.5,3.0342377930506754,7249.0989278490615,38.61638791710666,2.943952863340425,4.012514882934533,near_boundary
Chen2020_DFN_fineAmp_DC03_AC0p32_1p5tauSet,DCAC,0.3,0.32,0.62,1.5,3.069665765463809,7290.8075762938715,31.429928950693352,3.018274142779446,4.032767935519121,near_boundary
Chen2020_DFN_fineAmp_DC03_AC0p32_1p5tauSet,DCAC,0.3,0.32,0.62,1.5,3.1050937378769423,7339.637861128924,49.973604591600626,2.0544954627579637,4.0135150738167455,near_boundary
Chen2020_DFN_fineAmp_DC03_AC0p32_1p5tauSet,DCAC,0.3,0.32,0.62,1.5,3.1405217102900758,7536.808440547348,64.98476518511296,1.697797867216592,3.9811680198324537,safe_margin
Chen2020_DFN_fineAmp_DC03_AC0p32_1p5tauSet,DCAC,0.3,0.32,0.62,1.5,3.175949682703209,7590.2683128739245,29.495759793529697,2.929762401941178,4.042470618292663,near_boundary
Chen2020_DFN_fineAmp_DC03_AC0p32_1p5tauSet,DCAC,0.3,0.32,0.62,1.5,3.2113776551163427,7632.007619191647,21.753471337670266,3.0279348741651355,4.06461157744379,near_boundary
Chen2020_DFN_fineAmp_DC03_AC0p32_1p5tauSet,DCAC,0.3,0.32,0.62,1.5,3.246805627529476,7680.345508494566,39.233629951412276,2.0974768833757014,4.047396795063825,near_boundary
Chen2020_DFN_fineAmp_DC03_AC0p32_1p5tauSet,DCAC,0.3,0.32,0.62,1.5,3.2822335999426095,7877.135551460577,56.199001365275635,1.6409086185770398,4.010776225745963,safe_margin
Chen2020_DFN_fineAmp_DC03_AC0p32_1p5tauSet,DCAC,0.3,0.32,0.62,1.5,3.317661572355743,7931.431397988719,21.161152731407654,2.914821479960406,4.073591257447564,near_boundary
Chen2020_DFN_fineAmp_DC03_AC0p32_1p5tauSet,DCAC,0.3,0.32,0.62,1.5,3.3530895447688764,7973.210374760653,14.34617406965482,3.0370801689742954,4.096277965630377,near_boundary
Chen2020_DFN_fineAmp_DC03_AC0p32_1p5tauSet,DCAC,0.3,0.32,0.62,1.5,3.38851751718201,8021.087596477859,31.621553603795558,2.138983072350461,4.080272594822843,near_boundary
Chen2020_DFN_fineAmp_DC03_AC0p32_1p5tauSet,DCAC,0.3,0.32,0.62,1.5,3.4239454895951433,8217.399824342963,51.52741134856817,1.5820107203900295,4.0382271543540895,safe_margin
Chen2020_DFN_fineAmp_DC03_AC0p32_1p5tauSet,DCAC,0.3,0.32,0.62,1.5,3.459373462008277,8272.588484383958,17.232336963564574,2.8991809679413754,4.102307394581083,near_boundary
Chen2020_DFN_fineAmp_DC03_AC0p32_1p5tauSet,DCAC,0.3,0.32,0.62,1.5,3.4948014344214102,8314.416462571087,10.864611208248865,3.0455908421736275,4.125717189813419,near_boundary
Chen2020_DFN_fineAmp_DC03_AC0p32_1p5tauSet,DCAC,0.3,0.32,0.62,1.5,3.5302294068345437,8361.859291456616,27.75531109171955,2.1791844610013347,4.110848008672774,near_boundary
Chen2020_DFN_fineAmp_DC03_AC0p32_1p5tauSet,DCAC,0.3,0.32,0.62,1.5,3.565657379247677,8557.582166959057,50.497458458645326,1.5205834908254634,4.063955319265373,safe_margin
Chen2020_DFN_fineAmp_DC03_AC0p32_1p5tauSet,DCAC,0.3,0.32,0.62,1.5,3.60108535166081,8613.739497191424,15.530635547408336,2.8828736651663642,4.12998097609435,near_boundary
Chen2020_DFN_fineAmp_DC03_AC0p32_1p5tauSet,DCAC,0.3,0.32,0.62,1.5,3.6365133240739436,8655.62602831799,8.902969641935005,3.053337572316468,4.153689650382106,near_boundary
Chen2020_DFN_fineAmp_DC03_AC0p32_1p5tauSet,DCAC,0.3,0.32,0.62,1.5,3.671941296487077,8702.65736195578,25.197039911960527,2.2181859702897566,4.13939989901157,near_boundary
Chen2020_DFN_fineAmp_DC03_AC0p32_1p5tauSet,DCAC,0.3,0.32,0.62,1.5,3.7073692689002105,8897.675495841853,50.840816376689986,1.4565053198335352,4.0891178706448175,safe_margin
Chen2020_DFN_fineAmp_DC03_AC0p34_1p5tauSet,DCAC,0.3,0.34,0.64,1.5,0.2,423.3517892463883,257.09034496897794,3.1941976381180384,3.436129946158888,safe_margin
Chen2020_DFN_fineAmp_DC03_AC0p34_1p5tauSet,DCAC,0.3,0.34,0.64,1.5,0.23542797241313346,464.67174667784246,241.4323213125906,2.825865936635144,3.456142355249381,safe_margin
Chen2020_DFN_fineAmp_DC03_AC0p34_1p5tauSet,DCAC,0.3,0.34,0.64,1.5,0.2708559448262669,529.142427456783,286.0333561103107,1.0159219133525963,3.397910404804285,safe_margin
Chen2020_DFN_fineAmp_DC03_AC0p34_1p5tauSet,DCAC,0.3,0.34,0.64,1.5,0.3062839172394003,721.4517733906055,225.8720079181894,2.5654804857150917,3.4669323269562433,safe_margin
Chen2020_DFN_fineAmp_DC03_AC0p34_1p5tauSet,DCAC,0.3,0.34,0.64,1.5,0.34171188965253374,764.6097032858404,184.23315547107833,3.191256106964005,3.5231617535790445,safe_margin
Chen2020_DFN_fineAmp_DC03_AC0p34_1p5tauSet,DCAC,0.3,0.34,0.64,1.5,0.3771398620656672,805.8026834572507,174.4177363635996,2.847900349976445,3.537493425522555,safe_margin
Chen2020_DFN_fineAmp_DC03_AC0p34_1p5tauSet,DCAC,0.3,0.34,0.64,1.5,0.41256783447880063,868.3722675313403,217.11844940485435,1.107789121328173,3.481989356307885,safe_margin
Chen2020_DFN_fineAmp_DC03_AC0p34_1p5tauSet,DCAC,0.3,0.34,0.64,1.5,0.4479958068919341,1062.4539019524302,172.30061557118785,2.5342444078116806,3.533639483746127,safe_margin
Chen2020_DFN_fineAmp_DC03_AC0p34_1p5tauSet,DCAC,0.3,0.34,0.64,1.5,0.4834237793050675,1105.8667581863617,144.34985964923285,3.187712761403593,3.576396678240945,safe_margin
Chen2020_DFN_fineAmp_DC03_AC0p34_1p5tauSet,DCAC,0.3,0.34,0.64,1.5,0.518851751718201,1146.940443294493,143.27741108418502,2.8693203160630207,3.582234680743855,safe_margin
Chen2020_DFN_fineAmp_DC03_AC0p34_1p5tauSet,DCAC,0.3,0.34,0.64,1.5,0.5542797241313344,1207.8194830483226,185.16230197879818,1.1941168329142495,3.5284256833020615,safe_margin
Chen2020_DFN_fineAmp_DC03_AC0p34_1p5tauSet,DCAC,0.3,0.34,0.64,1.5,0.5897076965444679,1403.4388808409183,151.83973761037393,2.5019823218220414,3.56689897862723,safe_margin
Chen2020_DFN_fineAmp_DC03_AC0p34_1p5tauSet,DCAC,0.3,0.34,0.64,1.5,0.6251356689576013,1447.1226332231265,130.42875141486448,3.183568494409666,3.6033708419548423,safe_margin
Chen2020_DFN_fineAmp_DC03_AC0p34_1p5tauSet,DCAC,0.3,0.34,0.64,1.5,0.6605636413707348,1488.0866879341402,131.95174869647838,2.8899868282314953,3.6069018361551723,safe_margin
Chen2020_DFN_fineAmp_DC03_AC0p34_1p5tauSet,DCAC,0.3,0.34,0.64,1.5,0.6959916137838682,1547.4600514075858,171.68493406098938,1.2753038436097575,3.556099802166681,safe_margin
Chen2020_DFN_fineAmp_DC03_AC0p34_1p5tauSet,DCAC,0.3,0.34,0.64,1.5,0.7314195861970016,1744.4072822675696,144.06822366965636,2.468749461129841,3.5873906365261754,safe_margin
Chen2020_DFN_fineAmp_DC03_AC0p34_1p5tauSet,DCAC,0.3,0.34,0.64,1.5,0.7668475586101351,1788.3769440262004,123.03420822178721,3.178859300006077,3.6237584261430604,safe_margin
Chen2020_DFN_fineAmp_DC03_AC0p34_1p5tauSet,DCAC,0.3,0.34,0.64,1.5,0.8022755310232685,1829.241292393978,123.88082667299197,2.9098826351114853,3.6282883533016808,safe_margin
Chen2020_DFN_fineAmp_DC03_AC0p34_1p5tauSet,DCAC,0.3,0.34,0.64,1.5,0.837703503436402,1887.2619633895351,161.0483677020771,1.3520143636344946,3.5808935434215536,safe_margin
Chen2020_DFN_fineAmp_DC03_AC0p34_1p5tauSet,DCAC,0.3,0.34,0.64,1.5,0.8731314758495354,2085.357634617978,136.90734607592188,2.4344957593054186,3.607247598157612,safe_margin
Chen2020_DFN_fineAmp_DC03_AC0p34_1p5tauSet,DCAC,0.3,0.34,0.64,1.5,0.9085594482626689,2129.629614186874,114.07750621541622,3.1736252995533323,3.645742145712508,safe_margin
Chen2020_DFN_fineAmp_DC03_AC0p34_1p5tauSet,DCAC,0.3,0.34,0.64,1.5,0.9439874206758023,2170.40402646183,113.35673362085141,2.9289826076483396,3.6522087159250742,safe_margin
Chen2020_DFN_fineAmp_DC03_AC0p34_1p5tauSet,DCAC,0.3,0.34,0.64,1.5,0.9794153930889358,2227.19997095657,148.01759277655984,1.4247922050479935,3.6081116363516634,safe_margin
Chen2020_DFN_fineAmp_DC03_AC0p34_1p5tauSet,DCAC,0.3,0.34,0.64,1.5,1.0148433655020692,2426.2891269268066,126.69257474565256,2.3991908758414895,3.6302922879665083,safe_margin
Chen2020_DFN_fineAmp_DC03_AC0p34_1p5tauSet,DCAC,0.3,0.34,0.64,1.5,1.0502713379152024,2470.8806310193913,101.8370381966938,3.1677819179841835,3.671217436745091,safe_margin
Chen2020_DFN_fineAmp_DC03_AC0p34_1p5tauSet,DCAC,0.3,0.34,0.64,1.5,1.0856993103283359,2511.574067351448,99.72336293267765,2.9473631661613395,3.679502454964806,safe_margin
Chen2020_DFN_fineAmp_DC03_AC0p34_1p5tauSet,DCAC,0.3,0.34,0.64,1.5,1.1211272827414693,2567.256867126153,132.07012144208787,1.4939929815557427,3.6384608921759662,safe_margin
Chen2020_DFN_fineAmp_DC03_AC0p34_1p5tauSet,DCAC,0.3,0.34,0.64,1.5,1.1565552551546028,2767.2003114379795,113.54783983692924,2.3627887098578304,3.6565013579034384,safe_margin
Chen2020_DFN_fineAmp_DC03_AC0p34_1p5tauSet,DCAC,0.3,0.34,0.64,1.5,1.1919832275677362,2812.1291454480115,87.6231242257593,3.161178067096957,3.699019615800916,safe_margin
Chen2020_DFN_fineAmp_DC03_AC0p34_1p5tauSet,DCAC,0.3,0.34,0.64,1.5,1.2274111999808697,2852.7507389709804,84.97877196225701,2.9650366410808595,3.7083587058987426,safe_margin
Chen2020_DFN_fineAmp_DC03_AC0p34_1p5tauSet,DCAC,0.3,0.34,0.64,1.5,1.2628391723940031,2907.4069878318364,115.45990255512004,1.5602914069342912,3.669903532853164,safe_margin
Chen2020_DFN_fineAmp_DC03_AC0p34_1p5tauSet,DCAC,0.3,0.34,0.64,1.5,1.2982671448071366,3108.089724482572,100.13872110580976,2.325246079648868,3.6833715940699685,safe_margin
Chen2020_DFN_fineAmp_DC03_AC0p34_1p5tauSet,DCAC,0.3,0.34,0.64,1.5,1.33369511722027,3153.375675167143,74.57212682695109,3.1540510450651964,3.7262501855240475,safe_margin
Chen2020_DFN_fineAmp_DC03_AC0p34_1p5tauSet,DCAC,0.3,0.34,0.64,1.5,1.3691230896334035,3193.93348765711,72.34891579476788,2.9820493902673677,3.7358610135397843,safe_margin
Chen2020_DFN_fineAmp_DC03_AC0p34_1p5tauSet,DCAC,0.3,0.34,0.64,1.5,1.404551062046537,3247.6334842538604,101.48451509787613,1.6241355766566186,3.699496364328703,safe_margin
Chen2020_DFN_fineAmp_DC03_AC0p34_1p5tauSet,DCAC,0.3,0.34,0.64,1.5,1.4399790344596703,3448.95601790471,89.6801069104783,2.2865277933195616,3.7079412353916803,safe_margin
Chen2020_DFN_fineAmp_DC03_AC0p34_1p5tauSet,DCAC,0.3,0.34,0.64,1.5,1.4754070068728038,3494.6199595518597,65.21469935752489,3.1463767828299707,3.7507485312929654,safe_margin
Chen2020_DFN_fineAmp_DC03_AC0p34_1p5tauSet,DCAC,0.3,0.34,0.64,1.5,1.5108349792859372,3535.122870714222,63.717546064317396,2.9983081696447114,3.760598679487393,safe_margin
Chen2020_DFN_fineAmp_DC03_AC0p34_1p5tauSet,DCAC,0.3,0.34,0.64,1.5,1.5462629516990707,3587.9476970261494,91.77380381911686,1.685069048402158,3.7261292891631244,safe_margin
Chen2020_DFN_fineAmp_DC03_AC0p34_1p5tauSet,DCAC,0.3,0.34,0.64,1.5,1.5816909241122041,3789.7977537797046,83.3400516486085,2.2465966852561046,3.7294723916302734,safe_margin
Chen2020_DFN_fineAmp_DC03_AC0p34_1p5tauSet,DCAC,0.3,0.34,0.64,1.5,1.6171188965253376,3835.8618055647844,59.77493192905888,3.138150142256074,3.7728656721078475,safe_margin
Chen2020_DFN_fineAmp_DC03_AC0p34_1p5tauSet,DCAC,0.3,0.34,0.64,1.5,1.652546868938471,3876.3180131998065,58.7389146594991,3.0138729100617376,3.7835918507893664,safe_margin
Chen2020_DFN_fineAmp_DC03_AC0p34_1p5tauSet,DCAC,0.3,0.34,0.64,1.5,1.6879748413516045,3928.325515980036,85.72363138997822,1.7438144196638974,3.7511426357736584,safe_margin
Chen2020_DFN_fineAmp_DC03_AC0p34_1p5tauSet,DCAC,0.3,0.34,0.64,1.5,1.723402813764738,4130.613427811517,80.3227924466868,2.205411541577834,3.749390161008222,safe_margin
Chen2020_DFN_fineAmp_DC03_AC0p34_1p5tauSet,DCAC,0.3,0.34,0.64,1.5,1.7588307861778714,4177.100526932243,57.10442512017583,3.1292477480478147,3.7944739261472624,safe_margin
Chen2020_DFN_fineAmp_DC03_AC0p34_1p5tauSet,DCAC,0.3,0.34,0.64,1.5,1.7942587585910048,4217.518343575634,56.14711390819824,3.02879189357244,3.8068275550968056,safe_margin
Chen2020_DFN_fineAmp_DC03_AC0p34_1p5tauSet,DCAC,0.3,0.34,0.64,1.5,1.8296867310041383,4268.7673493411085,82.02859760231338,1.8002896443014589,3.7765682805262837,safe_margin
Chen2020_DFN_fineAmp_DC03_AC0p34_1p5tauSet,DCAC,0.3,0.34,0.64,1.5,1.8651147034172717,4471.40115601185,79.35730257072842,2.162919898463118,3.7696652523198573,safe_margin
Chen2020_DFN_fineAmp_DC03_AC0p34_1p5tauSet,DCAC,0.3,0.34,0.64,1.5,1.900542675830405,4518.335851095893,56.002310271529346,3.1196752027638373,3.8173451693364346,safe_margin
Chen2020_DFN_fineAmp_DC03_AC0p34_1p5tauSet,DCAC,0.3,0.34,0.64,1.5,1.9359706482435384,4558.723529597765,54.84702994190081,3.0430766779790304,3.831700267029763,safe_margin
Chen2020_DFN_fineAmp_DC03_AC0p34_1p5tauSet,DCAC,0.3,0.34,0.64,1.5,1.9713986206566718,4609.264434854534,79.62342098520485,1.8547406931258386,3.803662994313695,safe_margin
Chen2020_DFN_fineAmp_DC03_AC0p34_1p5tauSet,DCAC,0.3,0.34,0.64,1.5,2.0068265930698055,4812.1588863557,79.48430345893087,2.1190653536049187,3.7917110277462256,safe_margin
Chen2020_DFN_fineAmp_DC03_AC0p34_1p5tauSet,DCAC,0.3,0.34,0.64,1.5,2.042254565482939,4859.5677474372915,55.67098895814011,3.109479016082318,3.8421582333049105,safe_margin
Chen2020_DFN_fineAmp_DC03_AC0p34_1p5tauSet,DCAC,0.3,0.34,0.64,1.5,2.0776825378960724,4899.9332257478745,54.15734226247694,3.0567415702211864,3.858184559103265,safe_margin
Chen2020_DFN_fineAmp_DC03_AC0p34_1p5tauSet,DCAC,0.3,0.34,0.64,1.5,2.113110510309206,4949.812138448467,77.8593506945482,1.907278640352756,3.8321256593099307,safe_margin
Chen2020_DFN_fineAmp_DC03_AC0p34_1p5tauSet,DCAC,0.3,0.34,0.64,1.5,2.1485384827223393,5152.88459597591,80.13886284545003,2.0737941854967192,3.8157066481090482,safe_margin
Chen2020_DFN_fineAmp_DC03_AC0p34_1p5tauSet,DCAC,0.3,0.34,0.64,1.5,2.1839664551354727,5200.795930320713,55.65389335530788,3.0986358706339905,3.8681095789073905,safe_margin
Chen2020_DFN_fineAmp_DC03_AC0p34_1p5tauSet,DCAC,0.3,0.34,0.64,1.5,2.219394427548606,5241.147215546944,53.67430341889799,3.069800545766206,3.8848987392443446,safe_margin
Chen2020_DFN_fineAmp_DC03_AC0p34_1p5tauSet,DCAC,0.3,0.34,0.64,1.5,2.2548223999617396,5290.4089951186625,76.33928769225278,1.9578984059801299,3.8603730364361852,safe_margin
Chen2020_DFN_fineAmp_DC03_AC0p34_1p5tauSet,DCAC,0.3,0.34,0.64,1.5,2.290250372374873,5493.576051568293,80.97244505270821,2.0270486746287597,3.8405123823108953,safe_margin
Chen2020_DFN_fineAmp_DC03_AC0p34_1p5tauSet,DCAC,0.3,0.34,0.64,1.5,2.3256783447880065,5542.020798296277,55.58246115898099,3.0872405670906162,3.893605071410805,safe_margin
Chen2020_DFN_fineAmp_DC03_AC0p34_1p5tauSet,DCAC,0.3,0.34,0.64,1.5,2.36110631720114,5582.365249491952,52.94122386338492,3.082269894147193,3.9104061699659507,safe_margin
Chen2020_DFN_fineAmp_DC03_AC0p34_1p5tauSet,DCAC,0.3,0.34,0.64,1.5,2.3965342896142734,5631.046550830923,74.54112484320272,2.0068813371653267,3.8871004998342387,safe_margin
Chen2020_DFN_fineAmp_DC03_AC0p34_1p5tauSet,DCAC,0.3,0.34,0.64,1.5,2.431962262027407,5834.229159810021,81.54330243291489,1.9786979844362735,3.8645856680202293,safe_margin
Chen2020_DFN_fineAmp_DC03_AC0p34_1p5tauSet,DCAC,0.3,0.34,0.64,1.5,2.4673902344405403,5883.240519110634,54.724288121328534,3.075016977009557,3.9178443217877423,safe_margin
Chen2020_DFN_fineAmp_DC03_AC0p34_1p5tauSet,DCAC,0.3,0.34,0.64,1.5,2.5028182068536737,5923.588716527816,50.99644437756742,3.0939064902543953,3.9347555641768293,safe_margin
Chen2020_DFN_fineAmp_DC03_AC0p34_1p5tauSet,DCAC,0.3,0.34,0.64,1.5,2.538246179266807,5971.722003827526,71.49892652095141,2.054299776725532,3.912624978247805,safe_margin
Chen2020_DFN_fineAmp_DC03_AC0p34_1p5tauSet,DCAC,0.3,0.34,0.64,1.5,2.5736741516799406,6174.840845870492,81.12623457916294,1.928667154871027,3.887470603310721,safe_margin
Chen2020_DFN_fineAmp_DC03_AC0p34_1p5tauSet,DCAC,0.3,0.34,0.64,1.5,2.609102124093074,6224.456439675886,52.330393626729105,3.062244710079966,3.9413297999955894,safe_margin
Chen2020_DFN_fineAmp_DC03_AC0p34_1p5tauSet,DCAC,0.3,0.34,0.64,1.5,2.6445300965062075,6264.815545746989,47.373942127232326,3.104967905960686,3.9587785874365014,near_boundary
Chen2020_DFN_fineAmp_DC03_AC0p34_1p5tauSet,DCAC,0.3,0.34,0.64,1.5,2.679958068919341,6312.432574232774,66.91275251757939,2.1002235909280595,3.9378133049211805,safe_margin
Chen2020_DFN_fineAmp_DC03_AC0p34_1p5tauSet,DCAC,0.3,0.34,0.64,1.5,2.7153860413324744,6515.408728800013,79.47897141790023,1.8769095884432383,3.909417666804688,safe_margin
Chen2020_DFN_fineAmp_DC03_AC0p34_1p5tauSet,DCAC,0.3,0.34,0.64,1.5,2.750814013745608,6565.668610913639,48.593228953317904,3.0489326708045446,3.9645788355199874,near_boundary
Chen2020_DFN_fineAmp_DC03_AC0p34_1p5tauSet,DCAC,0.3,0.34,0.64,1.5,2.7862419861587413,6606.045587945028,42.50813135899094,3.1154823803579994,3.9830189556673976,near_boundary
Chen2020_DFN_fineAmp_DC03_AC0p34_1p5tauSet,DCAC,0.3,0.34,0.64,1.5,2.8216699585718747,6653.17613053144,61.14527714779907,2.1447067327129488,3.963363750911256,safe_margin
Chen2020_DFN_fineAmp_DC03_AC0p34_1p5tauSet,DCAC,0.3,0.34,0.64,1.5,2.857097930985008,6855.927637533804,76.6008659618709,1.823277696350972,3.9312250892874694,safe_margin
Chen2020_DFN_fineAmp_DC03_AC0p34_1p5tauSet,DCAC,0.3,0.34,0.64,1.5,2.8925259033981416,6906.876292795262,43.64467734114113,3.034994255348974,3.9884965580439755,near_boundary
Chen2020_DFN_fineAmp_DC03_AC0p34_1p5tauSet,DCAC,0.3,0.34,0.64,1.5,2.927953875811275,6947.279294497346,36.51707912994842,3.1253278942011,4.008425872739302,near_boundary
Chen2020_DFN_fineAmp_DC03_AC0p34_1p5tauSet,DCAC,0.3,0.34,0.64,1.5,2.9633818482244085,6993.950402170143,54.189590801792676,2.1878100743098146,3.9903758643505345,safe_margin
Chen2020_DFN_fineAmp_DC03_AC0p34_1p5tauSet,DCAC,0.3,0.34,0.64,1.5,2.998809820637542,7196.390497570105,72.11402486783695,1.767570780900999,3.954307622919661,safe_margin
Chen2020_DFN_fineAmp_DC03_AC0p34_1p5tauSet,DCAC,0.3,0.34,0.64,1.5,3.0342377930506754,7248.0769316232545,37.067313904840844,3.0201547513368103,4.014524804430337,near_boundary
Chen2020_DFN_fineAmp_DC03_AC0p34_1p5tauSet,DCAC,0.3,0.34,0.64,1.5,3.069665765463809,7288.516218145336,28.91476410180271,3.1345176644212622,4.036452697333682,near_boundary
Chen2020_DFN_fineAmp_DC03_AC0p34_1p5tauSet,DCAC,0.3,0.34,0.64,1.5,3.1050937378769423,7334.753031878708,45.39947833611595,2.2295998825442007,4.020448830763105,near_boundary
Chen2020_DFN_fineAmp_DC03_AC0p34_1p5tauSet,DCAC,0.3,0.34,0.64,1.5,3.1405217102900758,7536.789309813549,64.97753031760291,1.7095710217432336,3.980696999531926,safe_margin
Chen2020_DFN_fineAmp_DC03_AC0p34_1p5tauSet,DCAC,0.3,0.34,0.64,1.5,3.175949682703209,7589.272829379708,28.061219089084222,3.0047424489182637,4.04435171108195,near_boundary
Chen2020_DFN_fineAmp_DC03_AC0p34_1p5tauSet,DCAC,0.3,0.34,0.64,1.5,3.2113776551163427,7629.7559588009,19.379379329961083,3.1431043231388176,4.068177574979655,near_boundary
Chen2020_DFN_fineAmp_DC03_AC0p34_1p5tauSet,DCAC,0.3,0.34,0.64,1.5,3.246805627529476,7675.582562429896,34.89143243146683,2.2701100779525394,4.054156670428056,near_boundary
Chen2020_DFN_fineAmp_DC03_AC0p34_1p5tauSet,DCAC,0.3,0.34,0.64,1.5,3.2822335999426095,7877.1258597379965,56.30991039673673,1.6494100674178591,4.010090288670573,safe_margin
Chen2020_DFN_fineAmp_DC03_AC0p34_1p5tauSet,DCAC,0.3,0.34,0.64,1.5,3.317661572355743,7930.463620700557,19.784779230903112,2.9887241445901784,4.07538875255354,near_boundary
Chen2020_DFN_fineAmp_DC03_AC0p34_1p5tauSet,DCAC,0.3,0.34,0.64,1.5,3.3530895447688764,7970.998619063,12.061833846621871,3.151026307517709,4.099763053598038,near_boundary
Chen2020_DFN_fineAmp_DC03_AC0p34_1p5tauSet,DCAC,0.3,0.34,0.64,1.5,3.38851751718201,8016.440204228841,27.457479427806422,2.309240358413777,4.086891060359609,near_boundary
Chen2020_DFN_fineAmp_DC03_AC0p34_1p5tauSet,DCAC,0.3,0.34,0.64,1.5,3.4239454895951433,8217.398215393227,51.670785610855,1.5870818236425888,4.037414660773407,safe_margin
Chen2020_DFN_fineAmp_DC03_AC0p34_1p5tauSet,DCAC,0.3,0.34,0.64,1.5,3.459373462008277,8271.648912742616,15.86505591812637,2.972061829578264,4.104070258198277,near_boundary
Chen2020_DFN_fineAmp_DC03_AC0p34_1p5tauSet,DCAC,0.3,0.34,0.64,1.5,3.4948014344214102,8312.243447013303,8.611812771242686,3.1584446003057733,4.129162966777479,near_boundary
Chen2020_DFN_fineAmp_DC03_AC0p34_1p5tauSet,DCAC,0.3,0.34,0.64,1.5,3.5302294068345437,8357.320762272117,23.682650901812067,2.3472143988297294,4.117346743127598,near_boundary
Chen2020_DFN_fineAmp_DC03_AC0p34_1p5tauSet,DCAC,0.3,0.34,0.64,1.5,3.565657379247677,8557.589155393198,50.68669327525461,1.5220884849577168,4.063038393052396,safe_margin
Chen2020_DFN_fineAmp_DC03_AC0p34_1p5tauSet,DCAC,0.3,0.34,0.64,1.5,3.60108535166081,8612.828364945606,14.162519621596307,2.954760548955432,4.1317307337169815,near_boundary
Chen2020_DFN_fineAmp_DC03_AC0p34_1p5tauSet,DCAC,0.3,0.34,0.64,1.5,3.6365133240739436,8653.49125508906,6.660514594232528,3.1650449280679616,4.1570838558665315,near_boundary
Chen2020_DFN_fineAmp_DC03_AC0p34_1p5tauSet,DCAC,0.3,0.34,0.64,1.5,3.671941296487077,8698.222844377551,21.172711751386846,2.384067192849815,4.145693675391726,near_boundary
Chen2020_DFN_fineAmp_DC03_AC0p34_1p5tauSet,DCAC,0.3,0.34,0.64,1.5,3.7073692689002105,8897.680200295466,51.123123843658725,1.4539341078877597,4.088070872819706,safe_margin
Chen2020_DFN_fineAmp_DC03_AC0p36_1p5tauSet,DCAC,0.3,0.36,0.6599999999999999,1.5,0.2,421.83256044576876,254.5746608268089,3.288740768529531,3.43944707631989,safe_margin
Chen2020_DFN_fineAmp_DC03_AC0p36_1p5tauSet,DCAC,0.3,0.36,0.6599999999999999,1.5,0.23542797241313346,461.65094546132497,237.13917352413648,2.964339631347472,3.4618619166220266,safe_margin
Chen2020_DFN_fineAmp_DC03_AC0p36_1p5tauSet,DCAC,0.3,0.36,0.6599999999999999,1.5,0.2708559448262669,519.7698998572755,273.24700376306356,1.2904291304110462,3.4142917256952536,safe_margin
Chen2020_DFN_fineAmp_DC03_AC0p36_1p5tauSet,DCAC,0.3,0.36,0.6599999999999999,1.5,0.3062839172394003,720.9934147959103,224.6931606460486,2.616329977067751,3.4683415785434053,safe_margin
Chen2020_DFN_fineAmp_DC03_AC0p36_1p5tauSet,DCAC,0.3,0.36,0.6599999999999999,1.5,0.34171188965253374,763.1202400720588,181.88868654099127,3.2850830995284586,3.5262921796135513,safe_margin
Chen2020_DFN_fineAmp_DC03_AC0p36_1p5tauSet,DCAC,0.3,0.36,0.6599999999999999,1.5,0.3771398620656672,802.8348252477787,170.65491830679034,2.985008054258183,3.5426624450427098,safe_margin
Chen2020_DFN_fineAmp_DC03_AC0p36_1p5tauSet,DCAC,0.3,0.36,0.6599999999999999,1.5,0.41256783447880063,859.6033536447779,206.61398624283063,1.3707415828607588,3.4959115235448515,safe_margin
Chen2020_DFN_fineAmp_DC03_AC0p36_1p5tauSet,DCAC,0.3,0.36,0.6599999999999999,1.5,0.4479958068919341,1062.0192899396377,171.264119385511,2.583646099904413,3.5348606482269993,safe_margin
Chen2020_DFN_fineAmp_DC03_AC0p36_1p5tauSet,DCAC,0.3,0.36,0.6599999999999999,1.5,0.4834237793050675,1104.4061880663617,142.35176455927748,3.280679545303843,3.579151281410453,safe_margin
Chen2020_DFN_fineAmp_DC03_AC0p36_1p5tauSet,DCAC,0.3,0.36,0.6599999999999999,1.5,0.518851751718201,1144.0252376056749,140.0847339565491,3.0049806586887446,3.5868002480141308,safe_margin
Chen2020_DFN_fineAmp_DC03_AC0p36_1p5tauSet,DCAC,0.3,0.36,0.6599999999999999,1.5,0.5542797241313344,1199.5794551031122,176.53132629829275,1.4466135140352132,3.540285583326228,safe_margin
Chen2020_DFN_fineAmp_DC03_AC0p36_1p5tauSet,DCAC,0.3,0.36,0.6599999999999999,1.5,0.5897076965444679,1403.0292354635176,150.89005438119366,2.5499684144839554,3.5680036196264004,safe_margin
Chen2020_DFN_fineAmp_DC03_AC0p36_1p5tauSet,DCAC,0.3,0.36,0.6599999999999999,1.5,0.6251356689576013,1445.6910091726102,128.58355953213606,3.275597797501076,3.605947958677734,safe_margin
Chen2020_DFN_fineAmp_DC03_AC0p36_1p5tauSet,DCAC,0.3,0.36,0.6599999999999999,1.5,0.6605636413707348,1485.2234086930987,128.96429356595425,3.0241923856000477,3.6112295830661103,safe_margin
Chen2020_DFN_fineAmp_DC03_AC0p36_1p5tauSet,DCAC,0.3,0.36,0.6599999999999999,1.5,0.6959916137838682,1539.6597653579545,163.91695049993643,1.5191260780957723,3.566950774425173,safe_margin
Chen2020_DFN_fineAmp_DC03_AC0p36_1p5tauSet,DCAC,0.3,0.36,0.6599999999999999,1.5,0.7314195861970016,1744.0217871812931,143.13904973113569,2.5152482066281006,3.588500301342377,safe_margin
Chen2020_DFN_fineAmp_DC03_AC0p36_1p5tauSet,DCAC,0.3,0.36,0.6599999999999999,1.5,0.7668475586101351,1786.9737544302159,121.19412184135834,3.269891466753796,3.626350070205723,safe_margin
Chen2020_DFN_fineAmp_DC03_AC0p36_1p5tauSet,DCAC,0.3,0.36,0.6599999999999999,1.5,0.8022755310232685,1826.4285293723121,120.89606294548254,3.0426529258791337,3.632622250574474,safe_margin
Chen2020_DFN_fineAmp_DC03_AC0p36_1p5tauSet,DCAC,0.3,0.36,0.6599999999999999,1.5,0.837703503436402,1879.8512079773311,153.6936916222925,1.5879352740589827,3.5912231496351894,safe_margin
Chen2020_DFN_fineAmp_DC03_AC0p36_1p5tauSet,DCAC,0.3,0.36,0.6599999999999999,1.5,0.8731314758495354,2084.9962302090676,135.9829353770164,2.479466389627481,3.608358952916866,safe_margin
Chen2020_DFN_fineAmp_DC03_AC0p36_1p5tauSet,DCAC,0.3,0.36,0.6599999999999999,1.5,0.9085594482626689,2128.254755269833,112.1998867001345,3.2636457721732897,3.648380981779162,safe_margin
Chen2020_DFN_fineAmp_DC03_AC0p36_1p5tauSet,DCAC,0.3,0.36,0.6599999999999999,1.5,0.9439874206758023,2167.640018825469,110.32800906824887,3.0604090402450033,3.656592855648574,safe_margin
Chen2020_DFN_fineAmp_DC03_AC0p36_1p5tauSet,DCAC,0.3,0.36,0.6599999999999999,1.5,0.9794153930889358,2220.1169566525364,140.90341028156342,1.6541872046345392,3.618126980541086,safe_margin
Chen2020_DFN_fineAmp_DC03_AC0p36_1p5tauSet,DCAC,0.3,0.36,0.6599999999999999,1.5,1.0148433655020692,2425.9516745600713,125.78268665806947,2.442595224945112,3.631379056572654,safe_margin
Chen2020_DFN_fineAmp_DC03_AC0p36_1p5tauSet,DCAC,0.3,0.36,0.6599999999999999,1.5,1.0502713379152024,2469.533326716398,99.94549506335574,3.256655765559821,3.673868615547069,safe_margin
Chen2020_DFN_fineAmp_DC03_AC0p36_1p5tauSet,DCAC,0.3,0.36,0.6599999999999999,1.5,1.0856993103283359,2508.857743381158,96.69573134440667,3.077458236937238,3.6838873754370653,safe_margin
Chen2020_DFN_fineAmp_DC03_AC0p36_1p5tauSet,DCAC,0.3,0.36,0.6599999999999999,1.5,1.1211272827414693,2560.466132244819,125.22609617544187,1.7174827487041935,3.6481469753438613,safe_margin
Chen2020_DFN_fineAmp_DC03_AC0p36_1p5tauSet,DCAC,0.3,0.36,0.6599999999999999,1.5,1.1565552551546028,2766.886892680138,112.69659861256596,2.4045935733348203,3.657474543630249,safe_margin
Chen2020_DFN_fineAmp_DC03_AC0p36_1p5tauSet,DCAC,0.3,0.36,0.6599999999999999,1.5,1.1919832275677362,2810.80998638488,85.78004827554075,3.2491270688946714,3.7015881887503004,safe_margin
Chen2020_DFN_fineAmp_DC03_AC0p36_1p5tauSet,DCAC,0.3,0.36,0.6599999999999999,1.5,1.2274111999808697,2850.0808915946245,82.04776987060728,3.0938587993241247,3.7126228311979976,safe_margin
Chen2020_DFN_fineAmp_DC03_AC0p36_1p5tauSet,DCAC,0.3,0.36,0.6599999999999999,1.5,1.2628391723940031,2900.8813037454743,109.00161237487397,1.7783648019403935,3.679140711054771,safe_margin
Chen2020_DFN_fineAmp_DC03_AC0p36_1p5tauSet,DCAC,0.3,0.36,0.6599999999999999,1.5,1.2982671448071366,3107.800364614084,99.35227079586883,2.3654126801096877,3.6842418712998755,safe_margin
Chen2020_DFN_fineAmp_DC03_AC0p36_1p5tauSet,DCAC,0.3,0.36,0.6599999999999999,1.5,1.33369511722027,3152.084565224848,72.80961438520227,3.241065495231677,3.728719237063199,safe_margin
Chen2020_DFN_fineAmp_DC03_AC0p36_1p5tauSet,DCAC,0.3,0.36,0.6599999999999999,1.5,1.3691230896334035,3191.3092165344774,69.55995389300057,3.109613723166011,3.7399796039517947,safe_margin
Chen2020_DFN_fineAmp_DC03_AC0p36_1p5tauSet,DCAC,0.3,0.36,0.6599999999999999,1.5,1.404551062046537,3241.360287301398,95.47061041338335,1.8368400423321594,3.7082639055932116,safe_margin
Chen2020_DFN_fineAmp_DC03_AC0p36_1p5tauSet,DCAC,0.3,0.36,0.6599999999999999,1.5,1.4399790344596703,3448.690618921695,88.9562429330837,2.325008492518922,3.7087215907339592,safe_margin
Chen2020_DFN_fineAmp_DC03_AC0p36_1p5tauSet,DCAC,0.3,0.36,0.6599999999999999,1.5,1.4754070068728038,3493.35685388246,63.53372854940631,3.232465423510912,3.7531353672654424,safe_margin
Chen2020_DFN_fineAmp_DC03_AC0p36_1p5tauSet,DCAC,0.3,0.36,0.6599999999999999,1.5,1.5108349792859372,3532.542393086109,61.061130801869574,3.1247336781927264,3.7646119637267517,safe_margin
Chen2020_DFN_fineAmp_DC03_AC0p36_1p5tauSet,DCAC,0.3,0.36,0.6599999999999999,1.5,1.5462629516990707,3581.8936896761265,86.14506176632628,1.8931993435845456,3.7345523373064755,safe_margin
Chen2020_DFN_fineAmp_DC03_AC0p36_1p5tauSet,DCAC,0.3,0.36,0.6599999999999999,1.5,1.5816909241122041,3789.5561849021506,82.67618487015073,2.2833378339404566,3.7301595958044134,safe_margin
Chen2020_DFN_fineAmp_DC03_AC0p36_1p5tauSet,DCAC,0.3,0.36,0.6599999999999999,1.5,1.6171188965253376,3834.6255953547056,58.16758624130913,3.2230915965204967,3.7751817091635407,safe_margin
Chen2020_DFN_fineAmp_DC03_AC0p36_1p5tauSet,DCAC,0.3,0.36,0.6599999999999999,1.5,1.652546868938471,3873.7801230837767,56.18600220143336,3.139239234710679,3.7875490998973396,safe_margin
Chen2020_DFN_fineAmp_DC03_AC0p36_1p5tauSet,DCAC,0.3,0.36,0.6599999999999999,1.5,1.6879748413516045,3922.4774181264024,80.41014423580862,1.9475449583856188,3.7593400463587265,safe_margin
Chen2020_DFN_fineAmp_DC03_AC0p36_1p5tauSet,DCAC,0.3,0.36,0.6599999999999999,1.5,1.723402813764738,4130.395329661256,79.71505969343256,2.240348835562518,3.7499677475337925,safe_margin
Chen2020_DFN_fineAmp_DC03_AC0p36_1p5tauSet,DCAC,0.3,0.36,0.6599999999999999,1.5,1.7588307861778714,4175.8910534294755,55.552207039095556,3.2130745440360196,3.7967332664026068,safe_margin
Chen2020_DFN_fineAmp_DC03_AC0p36_1p5tauSet,DCAC,0.3,0.36,0.6599999999999999,1.5,1.7942587585910048,4215.022099686926,53.6676845576123,3.1531463797365213,3.8107643584564697,safe_margin
Chen2020_DFN_fineAmp_DC03_AC0p36_1p5tauSet,DCAC,0.3,0.36,0.6599999999999999,1.5,1.8296867310041383,4263.10909724218,76.96100654356671,1.999912171601385,3.7846319008429368,safe_margin
Chen2020_DFN_fineAmp_DC03_AC0p36_1p5tauSet,DCAC,0.3,0.36,0.6599999999999999,1.5,1.8651147034172717,4471.206139927601,78.79530716035742,2.1959840150254872,3.7701480317521954,safe_margin
Chen2020_DFN_fineAmp_DC03_AC0p36_1p5tauSet,DCAC,0.3,0.36,0.6599999999999999,1.5,1.900542675830405,4517.153616385066,54.48574760088057,3.202525661607325,3.8195803251502323,safe_margin
Chen2020_DFN_fineAmp_DC03_AC0p36_1p5tauSet,DCAC,0.3,0.36,0.6599999999999999,1.5,1.9359706482435384,4556.26858986825,52.419421187686304,3.1663837117810836,3.8356408140001177,safe_margin
Chen2020_DFN_fineAmp_DC03_AC0p36_1p5tauSet,DCAC,0.3,0.36,0.6599999999999999,1.5,1.9713986206566718,4603.7823520108095,74.7503520375273,2.0505124065097067,3.811622912674956,safe_margin
Chen2020_DFN_fineAmp_DC03_AC0p36_1p5tauSet,DCAC,0.3,0.36,0.6599999999999999,1.5,2.0068265930698055,4811.986604979778,78.96842964739332,2.150183877037394,3.792073852067891,safe_margin
Chen2020_DFN_fineAmp_DC03_AC0p36_1p5tauSet,DCAC,0.3,0.36,0.6599999999999999,1.5,2.042254565482939,4858.413244031643,54.17861472422958,3.1914485392740817,3.844359647107881,safe_margin
Chen2020_DFN_fineAmp_DC03_AC0p36_1p5tauSet,DCAC,0.3,0.36,0.6599999999999999,1.5,2.0776825378960724,4897.519836579732,51.76994201864995,3.178873353495477,3.8620880164058167,safe_margin
Chen2020_DFN_fineAmp_DC03_AC0p36_1p5tauSet,DCAC,0.3,0.36,0.6599999999999999,1.5,2.113110510309206,4944.492811649229,73.14274862287257,2.0994884423126443,3.8399048315415,safe_margin
Chen2020_DFN_fineAmp_DC03_AC0p36_1p5tauSet,DCAC,0.3,0.36,0.6599999999999999,1.5,2.1485384827223393,5152.734613123804,79.66316205988454,2.102887495052245,3.815983983762668,safe_margin
Chen2020_DFN_fineAmp_DC03_AC0p36_1p5tauSet,DCAC,0.3,0.36,0.6599999999999999,1.5,2.1839664551354727,5199.669020074498,54.17622760944906,3.1797021360860565,3.870286835780664,safe_margin
Chen2020_DFN_fineAmp_DC03_AC0p36_1p5tauSet,DCAC,0.3,0.36,0.6599999999999999,1.5,2.219394427548606,5238.774945650424,51.311702642054065,3.1907303468729484,3.888738976417417,safe_margin
Chen2020_DFN_fineAmp_DC03_AC0p36_1p5tauSet,DCAC,0.3,0.36,0.6599999999999999,1.5,2.2548223999617396,5285.238022863761,71.737626369776,2.146907491588093,3.867900194581231,safe_margin
Chen2020_DFN_fineAmp_DC03_AC0p36_1p5tauSet,DCAC,0.3,0.36,0.6599999999999999,1.5,2.290250372374873,5493.447715787467,80.53740694613327,2.054025320609812,3.8406868915233496,safe_margin
Chen2020_DFN_fineAmp_DC03_AC0p36_1p5tauSet,DCAC,0.3,0.36,0.6599999999999999,1.5,2.3256783447880065,5540.920326348835,54.099845897729615,3.167234193728,3.8957351481777422,safe_margin
Chen2020_DFN_fineAmp_DC03_AC0p36_1p5tauSet,DCAC,0.3,0.36,0.6599999999999999,1.5,2.36110631720114,5580.03389329292,50.55599100517356,3.2019149103199718,3.914170469277567,safe_margin
Chen2020_DFN_fineAmp_DC03_AC0p36_1p5tauSet,DCAC,0.3,0.36,0.6599999999999999,1.5,2.3965342896142734,5626.01561801743,69.97187496037331,2.192835909057427,3.8943719876494742,safe_margin
Chen2020_DFN_fineAmp_DC03_AC0p36_1p5tauSet,DCAC,0.3,0.36,0.6599999999999999,1.5,2.431962262027407,5834.121074031688,81.11383744755594,2.0034281167046264,3.8647605229933006,safe_margin
Chen2020_DFN_fineAmp_DC03_AC0p36_1p5tauSet,DCAC,0.3,0.36,0.6599999999999999,1.5,2.4673902344405403,5882.16743627707,53.166759075919764,3.154112310742442,3.9200234007670063,safe_margin
Chen2020_DFN_fineAmp_DC03_AC0p36_1p5tauSet,DCAC,0.3,0.36,0.6599999999999999,1.5,2.5028182068536737,5921.295832023729,48.49783566059286,3.2125592622646026,3.938559320000644,near_boundary
Chen2020_DFN_fineAmp_DC03_AC0p36_1p5tauSet,DCAC,0.3,0.36,0.6599999999999999,1.5,2.538246179266807,5966.823563371368,66.85941009632431,2.2373305017685383,3.91977906817586,safe_margin
Chen2020_DFN_fineAmp_DC03_AC0p36_1p5tauSet,DCAC,0.3,0.36,0.6599999999999999,1.5,2.5736741516799406,6174.753058677619,80.69426965593382,1.9510766351918993,3.8876492075332014,safe_margin
Chen2020_DFN_fineAmp_DC03_AC0p36_1p5tauSet,DCAC,0.3,0.36,0.6599999999999999,1.5,2.609102124093074,6223.4103043757,50.70432973580403,3.1403690801924156,3.943548723182664,safe_margin
Chen2020_DFN_fineAmp_DC03_AC0p36_1p5tauSet,DCAC,0.3,0.36,0.6599999999999999,1.5,2.6445300965062075,6262.561931290424,44.80013567556946,3.2224014147482407,3.9625998209246975,near_boundary
Chen2020_DFN_fineAmp_DC03_AC0p36_1p5tauSet,DCAC,0.3,0.36,0.6599999999999999,1.5,2.679958068919341,6307.659951498043,62.23473974731321,2.2804450692506983,3.9448784123131735,safe_margin
Chen2020_DFN_fineAmp_DC03_AC0p36_1p5tauSet,DCAC,0.3,0.36,0.6599999999999999,1.5,2.7153860413324744,6515.339900705766,79.08989175030561,1.8968626397284205,3.9095351636765923,safe_margin
Chen2020_DFN_fineAmp_DC03_AC0p36_1p5tauSet,DCAC,0.3,0.36,0.6599999999999999,1.5,2.750814013745608,6564.648048654271,46.96017402416436,3.125901252222212,3.9667722604303663,near_boundary
Chen2020_DFN_fineAmp_DC03_AC0p36_1p5tauSet,DCAC,0.3,0.36,0.6599999999999999,1.5,2.7862419861587413,6603.830634333088,39.926033807509754,3.2316907352028,3.9868102299679404,near_boundary
Chen2020_DFN_fineAmp_DC03_AC0p36_1p5tauSet,DCAC,0.3,0.36,0.6599999999999999,1.5,2.8216699585718747,6648.522860938092,56.495811462105905,2.322236918963615,3.970333565740634,safe_margin
Chen2020_DFN_fineAmp_DC03_AC0p36_1p5tauSet,DCAC,0.3,0.36,0.6599999999999999,1.5,2.857097930985008,6855.87655577965,76.28586449174988,1.8406368144032015,3.931257188943597,safe_margin
Chen2020_DFN_fineAmp_DC03_AC0p36_1p5tauSet,DCAC,0.3,0.36,0.6599999999999999,1.5,2.8925259033981416,6905.880816438777,42.04264020953229,3.1107753458062772,3.9906459989851766,near_boundary
Chen2020_DFN_fineAmp_DC03_AC0p36_1p5tauSet,DCAC,0.3,0.36,0.6599999999999999,1.5,2.927953875811275,6945.101509621729,33.96950922496539,3.2404953279019892,4.012181931798792,near_boundary
Chen2020_DFN_fineAmp_DC03_AC0p36_1p5tauSet,DCAC,0.3,0.36,0.6599999999999999,1.5,2.9633818482244085,6989.410508819197,49.6253303115282,2.3627606227687625,3.9972606357728533,near_boundary
Chen2020_DFN_fineAmp_DC03_AC0p36_1p5tauSet,DCAC,0.3,0.36,0.6599999999999999,1.5,2.998809820637542,7196.357612229754,71.90888638116354,1.7822473941548458,3.9541933352736014,safe_margin
Chen2020_DFN_fineAmp_DC03_AC0p36_1p5tauSet,DCAC,0.3,0.36,0.6599999999999999,1.5,3.0342377930506754,7247.10905399436,35.52739713923244,3.095080805990931,4.016603950361033,near_boundary
Chen2020_DFN_fineAmp_DC03_AC0p36_1p5tauSet,DCAC,0.3,0.36,0.6599999999999999,1.5,3.069665765463809,7286.374588420612,26.45260546731519,3.248777522451246,4.0401417868011595,near_boundary
Chen2020_DFN_fineAmp_DC03_AC0p36_1p5tauSet,DCAC,0.3,0.36,0.6599999999999999,1.5,3.1050937378769423,7330.321169929377,40.99273690315943,2.4020703333219626,4.027218495430944,near_boundary
Chen2020_DFN_fineAmp_DC03_AC0p36_1p5tauSet,DCAC,0.3,0.36,0.6599999999999999,1.5,3.1405217102900758,7536.771578697153,64.92766007625818,1.721330567775085,3.9803571751909828,safe_margin
Chen2020_DFN_fineAmp_DC03_AC0p36_1p5tauSet,DCAC,0.3,0.36,0.6599999999999999,1.5,3.175949682703209,7588.332430123476,26.62308925857589,3.078775699497055,4.046313180889484,near_boundary
Chen2020_DFN_fineAmp_DC03_AC0p36_1p5tauSet,DCAC,0.3,0.36,0.6599999999999999,1.5,3.2113776551163427,7627.651160421655,17.05961679682677,3.256172873499659,4.071742128590377,near_boundary
Chen2020_DFN_fineAmp_DC03_AC0p36_1p5tauSet,DCAC,0.3,0.36,0.6599999999999999,1.5,3.246805627529476,7671.253529763131,30.71535067331295,2.44020645853382,4.060752291295578,near_boundary
Chen2020_DFN_fineAmp_DC03_AC0p36_1p5tauSet,DCAC,0.3,0.36,0.6599999999999999,1.5,3.2822335999426095,7877.117759066953,56.377861219636685,1.6579373186235364,4.009566046519935,safe_margin
Chen2020_DFN_fineAmp_DC03_AC0p36_1p5tauSet,DCAC,0.3,0.36,0.6599999999999999,1.5,3.317661572355743,7929.548154636797,18.42215985425673,3.0615582564205717,4.077269816939669,near_boundary
Chen2020_DFN_fineAmp_DC03_AC0p36_1p5tauSet,DCAC,0.3,0.36,0.6599999999999999,1.5,3.3530895447688764,7968.929567644893,9.843527431618616,3.263045193304791,4.103255508906052,near_boundary
Chen2020_DFN_fineAmp_DC03_AC0p36_1p5tauSet,DCAC,0.3,0.36,0.6599999999999999,1.5,3.38851751718201,8012.2065232881105,23.466203131212716,2.4771961492843344,4.093355879980369,near_boundary
Chen2020_DFN_fineAmp_DC03_AC0p36_1p5tauSet,DCAC,0.3,0.36,0.6599999999999999,1.5,3.4239454895951433,8217.395512138473,51.802178616874066,1.5921123693469357,4.036731037963662,safe_margin
Chen2020_DFN_fineAmp_DC03_AC0p36_1p5tauSet,DCAC,0.3,0.36,0.6599999999999999,1.5,3.459373462008277,8270.757873744627,14.53219632932156,3.0436611440290964,4.105903928408149,near_boundary
Chen2020_DFN_fineAmp_DC03_AC0p36_1p5tauSet,DCAC,0.3,0.36,0.6599999999999999,1.5,3.4948014344214102,8310.209657562558,6.43331940085184,3.269434045072337,4.13261609752475,near_boundary
Chen2020_DFN_fineAmp_DC03_AC0p36_1p5tauSet,DCAC,0.3,0.36,0.6599999999999999,1.5,3.5302294068345437,8353.179129466464,19.78476952953804,2.513068417027534,4.12369481169995,near_boundary
Chen2020_DFN_fineAmp_DC03_AC0p36_1p5tauSet,DCAC,0.3,0.36,0.6599999999999999,1.5,3.565657379247677,8557.594872335922,50.88017489578423,1.523577066030743,4.062201061034708,safe_margin
Chen2020_DFN_fineAmp_DC03_AC0p36_1p5tauSet,DCAC,0.3,0.36,0.6599999999999999,1.5,3.60108535166081,8611.961687412313,12.83982672986813,3.025124473349031,4.1335270873069385,near_boundary
Chen2020_DFN_fineAmp_DC03_AC0p36_1p5tauSet,DCAC,0.3,0.36,0.6599999999999999,1.5,3.6365133240739436,8651.491479397453,4.487064347425305,3.275262224913953,4.160480707423861,near_boundary
Chen2020_DFN_fineAmp_DC03_AC0p36_1p5tauSet,DCAC,0.3,0.36,0.6599999999999999,1.5,3.671941296487077,8694.169995289798,17.320969418622354,2.547866410866107,4.151821929454607,near_boundary
Chen2020_DFN_fineAmp_DC03_AC0p36_1p5tauSet,DCAC,0.3,0.36,0.6599999999999999,1.5,3.7073692689002105,8897.683641204461,51.413292066365926,1.451338298542382,4.087078264285258,safe_margin
Chen2020_DFN_fineAmp_DC03_AC0p38_1p5tauSet,DCAC,0.3,0.38,0.6799999999999999,1.5,0.2,420.4011678527303,252.1414283936622,3.3821491870337486,3.4426620276804494,safe_margin
Chen2020_DFN_fineAmp_DC03_AC0p38_1p5tauSet,DCAC,0.3,0.38,0.6799999999999999,1.5,0.23542797241313346,458.8508118455724,233.05132476292826,3.1001814014510587,3.4673238948523877,safe_margin
Chen2020_DFN_fineAmp_DC03_AC0p38_1p5tauSet,DCAC,0.3,0.38,0.6799999999999999,1.5,0.2708559448262669,512.0957720845317,262.16111580280824,1.5459258218324612,3.4285794551828648,safe_margin
Chen2020_DFN_fineAmp_DC03_AC0p38_1p5tauSet,DCAC,0.3,0.38,0.6799999999999999,1.5,0.3062839172394003,720.5548292322261,223.68364489173229,2.6663220653850446,3.469521813323376,safe_margin
Chen2020_DFN_fineAmp_DC03_AC0p38_1p5tauSet,DCAC,0.3,0.38,0.6799999999999999,1.5,0.34171188965253374,761.7159012911404,179.71818483520335,3.377360883805967,3.529185810033403,safe_margin
Chen2020_DFN_fineAmp_DC03_AC0p38_1p5tauSet,DCAC,0.3,0.38,0.6799999999999999,1.5,0.3771398620656672,800.0822015679316,167.13960901329514,3.1195087857278097,3.547500500237568,safe_margin
Chen2020_DFN_fineAmp_DC03_AC0p38_1p5tauSet,DCAC,0.3,0.38,0.6799999999999999,1.5,0.41256783447880063,852.3094642201293,197.46387463388595,1.617759630996689,3.50810808066584,safe_margin
Chen2020_DFN_fineAmp_DC03_AC0p38_1p5tauSet,DCAC,0.3,0.38,0.6799999999999999,1.5,0.4479958068919341,1061.6043593494933,170.3086112025096,2.63227819877359,3.535971164356767,safe_margin
Chen2020_DFN_fineAmp_DC03_AC0p38_1p5tauSet,DCAC,0.3,0.38,0.6799999999999999,1.5,0.4834237793050675,1103.0278547663881,140.47386314615838,3.3716184372995834,3.581733444419728,safe_margin
Chen2020_DFN_fineAmp_DC03_AC0p38_1p5tauSet,DCAC,0.3,0.38,0.6799999999999999,1.5,0.518851751718201,1141.3187551009153,137.06645244580048,3.138209316223664,3.5911199836406484,safe_margin
Chen2020_DFN_fineAmp_DC03_AC0p38_1p5tauSet,DCAC,0.3,0.38,0.6799999999999999,1.5,0.5542797241313344,1192.6194698026052,168.86978379114154,1.6860755139824188,3.550856175279827,safe_margin
Chen2020_DFN_fineAmp_DC03_AC0p38_1p5tauSet,DCAC,0.3,0.38,0.6799999999999999,1.5,0.5897076965444679,1402.637633427962,149.97792149498878,2.59720006058048,3.5690591347428513,safe_margin
Chen2020_DFN_fineAmp_DC03_AC0p38_1p5tauSet,DCAC,0.3,0.38,0.6799999999999999,1.5,0.6251356689576013,1444.3392987655823,126.82537486560855,3.3655789636125557,3.608399071068025,safe_margin
Chen2020_DFN_fineAmp_DC03_AC0p38_1p5tauSet,DCAC,0.3,0.38,0.6799999999999999,1.5,0.6605636413707348,1482.5615523458955,126.1145727412353,3.1562039917311275,3.615362607204015,safe_margin
Chen2020_DFN_fineAmp_DC03_AC0p38_1p5tauSet,DCAC,0.3,0.38,0.6799999999999999,1.5,0.6959916137838682,1533.00219854899,156.92100617085342,1.7516480130617225,3.576756211109457,safe_margin
Chen2020_DFN_fineAmp_DC03_AC0p38_1p5tauSet,DCAC,0.3,0.38,0.6799999999999999,1.5,0.7314195861970016,1743.653765533352,142.2899755057928,2.5610623147642357,3.589397173945055,safe_margin
Chen2020_DFN_fineAmp_DC03_AC0p38_1p5tauSet,DCAC,0.3,0.38,0.6799999999999999,1.5,0.7668475586101351,1785.649237457736,119.4697010119653,3.3591194683036667,3.628691500801943,safe_margin
Chen2020_DFN_fineAmp_DC03_AC0p38_1p5tauSet,DCAC,0.3,0.38,0.6799999999999999,1.5,0.8022755310232685,1823.809931715448,118.07425070077005,3.1735209771452944,3.636652017108659,safe_margin
Chen2020_DFN_fineAmp_DC03_AC0p38_1p5tauSet,DCAC,0.3,0.38,0.6799999999999999,1.5,0.837703503436402,1873.455548094799,147.01338367602924,1.814481196264346,3.6005698806177198,safe_margin
Chen2020_DFN_fineAmp_DC03_AC0p38_1p5tauSet,DCAC,0.3,0.38,0.6799999999999999,1.5,0.8731314758495354,2084.6511054004986,135.17207204691593,2.5237864570031223,3.6091953126145015,safe_margin
Chen2020_DFN_fineAmp_DC03_AC0p38_1p5tauSet,DCAC,0.3,0.38,0.6799999999999999,1.5,0.9085594482626689,2126.9572477156753,110.47655627291634,3.352059536359403,3.650701676705549,safe_margin
Chen2020_DFN_fineAmp_DC03_AC0p38_1p5tauSet,DCAC,0.3,0.38,0.6799999999999999,1.5,0.9439874206758023,2165.0639741820955,107.50174853083352,3.1901437027426454,3.660603182574057,safe_margin
Chen2020_DFN_fineAmp_DC03_AC0p38_1p5tauSet,DCAC,0.3,0.38,0.6799999999999999,1.5,0.9794153930889358,2213.969698761189,134.45509496878373,1.8748862102513772,3.6271499380762133,safe_margin
Chen2020_DFN_fineAmp_DC03_AC0p38_1p5tauSet,DCAC,0.3,0.38,0.6799999999999999,1.5,1.0148433655020692,2425.629179492409,125.00640432069254,2.485375535389972,3.632201873190635,safe_margin
Chen2020_DFN_fineAmp_DC03_AC0p38_1p5tauSet,DCAC,0.3,0.38,0.6799999999999999,1.5,1.0502713379152024,2468.2623718782193,98.22624588275373,3.3442045731745393,3.676203704459884,safe_margin
Chen2020_DFN_fineAmp_DC03_AC0p38_1p5tauSet,DCAC,0.3,0.38,0.6799999999999999,1.5,1.0856993103283359,2506.3235749569653,93.8865060651633,3.2060508338159104,3.687895773721659,safe_margin
Chen2020_DFN_fineAmp_DC03_AC0p38_1p5tauSet,DCAC,0.3,0.38,0.6799999999999999,1.5,1.1211272827414693,2554.5390214490635,119.01847412631342,1.9330261039571315,3.6568917014688114,safe_margin
Chen2020_DFN_fineAmp_DC03_AC0p38_1p5tauSet,DCAC,0.3,0.38,0.6799999999999999,1.5,1.1565552551546028,2766.587084702222,111.93977335188825,2.4458020139892516,3.6583020307162912,safe_margin
Chen2020_DFN_fineAmp_DC03_AC0p38_1p5tauSet,DCAC,0.3,0.38,0.6799999999999999,1.5,1.1919832275677362,2809.5651713479983,84.0723023999855,3.3357236369855627,3.703941693913828,safe_margin
Chen2020_DFN_fineAmp_DC03_AC0p38_1p5tauSet,DCAC,0.3,0.38,0.6799999999999999,1.5,1.2274111999808697,2847.5883523961634,79.28982200945292,3.2212702723799316,3.7166145192528632,safe_margin
Chen2020_DFN_fineAmp_DC03_AC0p38_1p5tauSet,DCAC,0.3,0.38,0.6799999999999999,1.5,1.2628391723940031,2895.158475804568,103.0936639241423,1.9890500890360692,3.6875855141579303,safe_margin
Chen2020_DFN_fineAmp_DC03_AC0p38_1p5tauSet,DCAC,0.3,0.38,0.6799999999999999,1.5,1.2982671448071366,3107.5233512239893,98.65831991513137,2.4050143966518354,3.6849446677527733,safe_margin
Chen2020_DFN_fineAmp_DC03_AC0p38_1p5tauSet,DCAC,0.3,0.38,0.6799999999999999,1.5,1.33369511722027,3150.8657608553126,71.16782978957706,3.3266950753153193,3.7309704070071223,safe_margin
Chen2020_DFN_fineAmp_DC03_AC0p38_1p5tauSet,DCAC,0.3,0.38,0.6799999999999999,1.5,1.3691230896334035,3188.8580424347306,66.92077822186803,3.235794850294837,3.7438343690994924,safe_margin
Chen2020_DFN_fineAmp_DC03_AC0p38_1p5tauSet,DCAC,0.3,0.38,0.6799999999999999,1.5,1.404551062046537,3235.8234787285933,89.92692954723842,2.0430944362050143,3.7163213001200024,safe_margin
Chen2020_DFN_fineAmp_DC03_AC0p38_1p5tauSet,DCAC,0.3,0.38,0.6799999999999999,1.5,1.4399790344596703,3448.436323663091,88.30611885300772,2.362957610971228,3.7093361935782534,safe_margin
Chen2020_DFN_fineAmp_DC03_AC0p38_1p5tauSet,DCAC,0.3,0.38,0.6799999999999999,1.5,1.4754070068728038,3492.1628556542146,61.95832057802988,3.316899605644431,3.755296514680264,safe_margin
Chen2020_DFN_fineAmp_DC03_AC0p38_1p5tauSet,DCAC,0.3,0.38,0.6799999999999999,1.5,1.5108349792859372,3530.131693280668,58.53281191826483,3.2497279997617032,3.7683594549301302,safe_margin
Chen2020_DFN_fineAmp_DC03_AC0p38_1p5tauSet,DCAC,0.3,0.38,0.6799999999999999,1.5,1.5462629516990707,3576.531774242288,80.93341075347271,2.095202242168361,3.7422986005459213,safe_margin
Chen2020_DFN_fineAmp_DC03_AC0p38_1p5tauSet,DCAC,0.3,0.38,0.6799999999999999,1.5,1.5816909241122041,3789.3244586017468,82.06249189323229,2.3195810996491493,3.730694715077845,safe_margin
Chen2020_DFN_fineAmp_DC03_AC0p38_1p5tauSet,DCAC,0.3,0.38,0.6799999999999999,1.5,1.6171188965253376,3833.4572154656157,56.64068779059082,3.306553366665042,3.777284014254344,safe_margin
Chen2020_DFN_fineAmp_DC03_AC0p38_1p5tauSet,DCAC,0.3,0.38,0.6799999999999999,1.5,1.652546868938471,3871.410405737194,53.747199244880804,3.262871205232175,3.7912319952055147,safe_margin
Chen2020_DFN_fineAmp_DC03_AC0p38_1p5tauSet,DCAC,0.3,0.38,0.6799999999999999,1.5,1.6879748413516045,3917.276798995689,75.46245105610441,2.1456236362005616,3.766895084416964,safe_margin
Chen2020_DFN_fineAmp_DC03_AC0p38_1p5tauSet,DCAC,0.3,0.38,0.6799999999999999,1.5,1.723402813764738,4130.185885493884,79.13964758653815,2.2748243082052335,3.750405445251325,safe_margin
Chen2020_DFN_fineAmp_DC03_AC0p38_1p5tauSet,DCAC,0.3,0.38,0.6799999999999999,1.5,1.7588307861778714,4174.748880190234,54.060488766618775,3.295699900011228,3.7987912202531304,safe_margin
Chen2020_DFN_fineAmp_DC03_AC0p38_1p5tauSet,DCAC,0.3,0.38,0.6799999999999999,1.5,1.7942587585910048,4212.692449533099,51.29569818189788,3.275443471972783,3.8144151731380442,safe_margin
Chen2020_DFN_fineAmp_DC03_AC0p38_1p5tauSet,DCAC,0.3,0.38,0.6799999999999999,1.5,1.8296867310041383,4258.055878439838,72.21645629310657,2.1944390228410757,3.7920826695960193,safe_margin
Chen2020_DFN_fineAmp_DC03_AC0p38_1p5tauSet,DCAC,0.3,0.38,0.6799999999999999,1.5,1.8651147034172717,4471.0187524388175,78.25722129103639,2.2286275529355937,3.7704779861101723,safe_margin
Chen2020_DFN_fineAmp_DC03_AC0p38_1p5tauSet,DCAC,0.3,0.38,0.6799999999999999,1.5,1.900542675830405,4516.037223611361,53.021580337172,3.2842280085005275,3.821599890294587,safe_margin
Chen2020_DFN_fineAmp_DC03_AC0p38_1p5tauSet,DCAC,0.3,0.38,0.6799999999999999,1.5,1.9359706482435384,4553.977660479959,50.095401699591164,3.287462241162065,3.839273533202257,safe_margin
Chen2020_DFN_fineAmp_DC03_AC0p38_1p5tauSet,DCAC,0.3,0.38,0.6799999999999999,1.5,1.9713986206566718,4598.8667513491,70.16746827433008,2.241716977246211,3.8189820198801696,safe_margin
Chen2020_DFN_fineAmp_DC03_AC0p38_1p5tauSet,DCAC,0.3,0.38,0.6799999999999999,1.5,2.0068265930698055,4811.820984195905,78.46841304715318,2.1809248935125223,3.7922893027930358,safe_margin
Chen2020_DFN_fineAmp_DC03_AC0p38_1p5tauSet,DCAC,0.3,0.38,0.6799999999999999,1.5,2.042254565482939,4857.320564130543,52.74207748351628,3.271889006089462,3.846334136015749,safe_margin
Chen2020_DFN_fineAmp_DC03_AC0p38_1p5tauSet,DCAC,0.3,0.38,0.6799999999999999,1.5,2.0776825378960724,4895.265851252294,49.47787272930163,3.298947328109367,3.8656936829433595,near_boundary
Chen2020_DFN_fineAmp_DC03_AC0p38_1p5tauSet,DCAC,0.3,0.38,0.6799999999999999,1.5,2.113110510309206,4939.707355247052,68.69272634977827,2.287521015390926,3.8471096985833015,safe_margin
Chen2020_DFN_fineAmp_DC03_AC0p38_1p5tauSet,DCAC,0.3,0.38,0.6799999999999999,1.5,2.1485384827223393,5152.590263652757,79.2019371835536,2.1316440091117554,3.816096295803987,safe_margin
Chen2020_DFN_fineAmp_DC03_AC0p38_1p5tauSet,DCAC,0.3,0.38,0.6799999999999999,1.5,2.1839664551354727,5198.600674357273,52.75698422295188,3.259034987632829,3.8722244559230363,safe_margin
Chen2020_DFN_fineAmp_DC03_AC0p38_1p5tauSet,DCAC,0.3,0.38,0.6799999999999999,1.5,2.219394427548606,5236.558448365949,49.04161557855801,3.309588232835203,3.892285033358369,near_boundary
Chen2020_DFN_fineAmp_DC03_AC0p38_1p5tauSet,DCAC,0.3,0.38,0.6799999999999999,1.5,2.2548223999617396,5280.57567111871,67.38749317284288,2.3319142866253144,3.874878196014645,safe_margin
Chen2020_DFN_fineAmp_DC03_AC0p38_1p5tauSet,DCAC,0.3,0.38,0.6799999999999999,1.5,2.290250372374873,5493.323389743691,80.11103234771454,2.080677319666823,3.840731339638368,safe_margin
Chen2020_DFN_fineAmp_DC03_AC0p38_1p5tauSet,DCAC,0.3,0.38,0.6799999999999999,1.5,2.3256783447880065,5539.877373474846,52.66932377718793,3.245653953754662,3.8976634288190746,safe_margin
Chen2020_DFN_fineAmp_DC03_AC0p38_1p5tauSet,DCAC,0.3,0.38,0.6799999999999999,1.5,2.36110631720114,5577.853813181355,48.255056004251124,3.3196328787945193,3.9176827353965624,near_boundary
Chen2020_DFN_fineAmp_DC03_AC0p38_1p5tauSet,DCAC,0.3,0.38,0.6799999999999999,1.5,2.3965342896142734,5621.469843797102,65.63644020507176,2.374955725863205,3.9011541112445554,safe_margin
Chen2020_DFN_fineAmp_DC03_AC0p38_1p5tauSet,DCAC,0.3,0.38,0.6799999999999999,1.5,2.431962262027407,5834.016812926401,80.6955566657717,2.027903891619165,3.8647948325863823,safe_margin
Chen2020_DFN_fineAmp_DC03_AC0p38_1p5tauSet,DCAC,0.3,0.38,0.6799999999999999,1.5,2.4673902344405403,5881.150785327525,51.661793077778924,3.231741745086404,3.922005937720978,safe_margin
Chen2020_DFN_fineAmp_DC03_AC0p38_1p5tauSet,DCAC,0.3,0.38,0.6799999999999999,1.5,2.5028182068536737,5919.151643823563,46.09008119003983,3.329169339573735,3.942112403419873,near_boundary
Chen2020_DFN_fineAmp_DC03_AC0p38_1p5tauSet,DCAC,0.3,0.38,0.6799999999999999,1.5,2.538246179266807,5962.388550280432,62.44947284990525,2.416687697647605,3.9264711063031057,safe_margin
Chen2020_DFN_fineAmp_DC03_AC0p38_1p5tauSet,DCAC,0.3,0.38,0.6799999999999999,1.5,2.5736741516799406,6174.66834252986,80.28249658619008,1.9732770042072512,3.8876756326661,safe_margin
Chen2020_DFN_fineAmp_DC03_AC0p38_1p5tauSet,DCAC,0.3,0.38,0.6799999999999999,1.5,2.609102124093074,6222.418527564984,49.144036517322164,3.217002585811713,3.9455594907737446,near_boundary
Chen2020_DFN_fineAmp_DC03_AC0p38_1p5tauSet,DCAC,0.3,0.38,0.6799999999999999,1.5,2.6445300965062075,6260.451617903899,42.32162801319039,3.3382324222104245,3.966174305437719,near_boundary
Chen2020_DFN_fineAmp_DC03_AC0p38_1p5tauSet,DCAC,0.3,0.38,0.6799999999999999,1.5,2.679958068919341,6303.33008771159,57.79328396851596,2.4571648880609667,3.9514869394505845,safe_margin
Chen2020_DFN_fineAmp_DC03_AC0p38_1p5tauSet,DCAC,0.3,0.38,0.6799999999999999,1.5,2.7153860413324744,6515.273432978528,78.72105314776108,1.9166491582778507,3.90953291853197,safe_margin
Chen2020_DFN_fineAmp_DC03_AC0p38_1p5tauSet,DCAC,0.3,0.38,0.6799999999999999,1.5,2.750814013745608,6563.6813138722755,45.39584437899699,3.201574869551708,3.968776467385278,near_boundary
Chen2020_DFN_fineAmp_DC03_AC0p38_1p5tauSet,DCAC,0.3,0.38,0.6799999999999999,1.5,2.7862419861587413,6601.754820677253,37.442990163249206,3.3465112381247346,3.990367501528456,near_boundary
Chen2020_DFN_fineAmp_DC03_AC0p38_1p5tauSet,DCAC,0.3,0.38,0.6799999999999999,1.5,2.8216699585718747,6644.293063974145,52.086047312944295,2.4964342932880554,3.976861501564803,safe_margin
Chen2020_DFN_fineAmp_DC03_AC0p38_1p5tauSet,DCAC,0.3,0.38,0.6799999999999999,1.5,2.857097930985008,6855.827159449992,76.00051472383616,1.8578692350318629,3.931158356895118,safe_margin
Chen2020_DFN_fineAmp_DC03_AC0p38_1p5tauSet,DCAC,0.3,0.38,0.6799999999999999,1.5,2.8925259033981416,6904.938920528948,40.51419644359573,3.185471033202926,3.992600357777373,near_boundary
Chen2020_DFN_fineAmp_DC03_AC0p38_1p5tauSet,DCAC,0.3,0.38,0.6799999999999999,1.5,2.927953875811275,6943.060270221919,31.532984104021708,3.3541744704132235,4.015685314684006,near_boundary
Chen2020_DFN_fineAmp_DC03_AC0p38_1p5tauSet,DCAC,0.3,0.38,0.6799999999999999,1.5,2.9633818482244085,6985.275990821992,45.30559948343815,2.5345454587218033,4.003696769111615,near_boundary
Chen2020_DFN_fineAmp_DC03_AC0p38_1p5tauSet,DCAC,0.3,0.38,0.6799999999999999,1.5,2.998809820637542,7196.323370468148,71.75117354581768,1.796745098056851,3.953915567833508,safe_margin
Chen2020_DFN_fineAmp_DC03_AC0p38_1p5tauSet,DCAC,0.3,0.38,0.6799999999999999,1.5,3.0342377930506754,7246.191051598631,34.081773840295945,3.1686672801341524,4.018448726240662,near_boundary
Chen2020_DFN_fineAmp_DC03_AC0p38_1p5tauSet,DCAC,0.3,0.38,0.6799999999999999,1.5,3.069665765463809,7284.367847450669,24.12390482193471,3.361219747771871,4.043533122468923,near_boundary
Chen2020_DFN_fineAmp_DC03_AC0p38_1p5tauSet,DCAC,0.3,0.38,0.6799999999999999,1.5,3.1050937378769423,7326.277891067934,36.84196339111296,2.571529344634012,4.0335111133064645,near_boundary
Chen2020_DFN_fineAmp_DC03_AC0p38_1p5tauSet,DCAC,0.3,0.38,0.6799999999999999,1.5,3.1405217102900758,7536.755204739439,64.92923459490953,1.733073407048484,3.9798671322589567,safe_margin
Chen2020_DFN_fineAmp_DC03_AC0p38_1p5tauSet,DCAC,0.3,0.38,0.6799999999999999,1.5,3.175949682703209,7587.43738908503,25.295521696695143,3.151151898829134,4.048024846321705,near_boundary
Chen2020_DFN_fineAmp_DC03_AC0p38_1p5tauSet,DCAC,0.3,0.38,0.6799999999999999,1.5,3.2113776551163427,7625.677383448422,14.86936495515043,3.3676627267354986,4.075015088985121,near_boundary
Chen2020_DFN_fineAmp_DC03_AC0p38_1p5tauSet,DCAC,0.3,0.38,0.6799999999999999,1.5,3.246805627529476,7667.298326402685,26.787898683526585,2.6073835929326883,4.066874758177254,near_boundary
Chen2020_DFN_fineAmp_DC03_AC0p38_1p5tauSet,DCAC,0.3,0.38,0.6799999999999999,1.5,3.2822335999426095,7877.111176551844,56.49559335227827,1.6664891856487913,4.0088771007636135,safe_margin
Chen2020_DFN_fineAmp_DC03_AC0p38_1p5tauSet,DCAC,0.3,0.38,0.6799999999999999,1.5,3.317661572355743,7928.678562602031,17.14348054964021,3.133021139042736,4.078915338251439,near_boundary
Chen2020_DFN_fineAmp_DC03_AC0p38_1p5tauSet,DCAC,0.3,0.38,0.6799999999999999,1.5,3.3530895447688764,7966.9888984363515,7.7301706571437,3.3734305127188318,4.106465101617441,near_boundary
Chen2020_DFN_fineAmp_DC03_AC0p38_1p5tauSet,DCAC,0.3,0.38,0.6799999999999999,1.5,3.38851751718201,8008.3356690184555,19.69451225577802,2.642177422237293,4.099358723872565,near_boundary
Chen2020_DFN_fineAmp_DC03_AC0p38_1p5tauSet,DCAC,0.3,0.38,0.6799999999999999,1.5,3.4239454895951433,8217.394987467584,51.95275533702261,1.5972116149762048,4.035911369827923,safe_margin
Chen2020_DFN_fineAmp_DC03_AC0p38_1p5tauSet,DCAC,0.3,0.38,0.6799999999999999,1.5,3.459373462008277,8269.91438246516,13.25364915178897,3.114280521167509,4.107528634309828,near_boundary
Chen2020_DFN_fineAmp_DC03_AC0p38_1p5tauSet,DCAC,0.3,0.38,0.6799999999999999,1.5,3.4948014344214102,8308.30141124071,4.344146900052422,3.378789451404484,4.135796265885919,near_boundary
Chen2020_DFN_fineAmp_DC03_AC0p38_1p5tauSet,DCAC,0.3,0.38,0.6799999999999999,1.5,3.5302294068345437,8349.388792024962,16.090349901369898,2.675953008554651,4.129591654356476,near_boundary
Chen2020_DFN_fineAmp_DC03_AC0p38_1p5tauSet,DCAC,0.3,0.38,0.6799999999999999,1.5,3.565657379247677,8557.599978056225,51.08204091402745,1.5250644425062767,4.061238001757486,safe_margin
Chen2020_DFN_fineAmp_DC03_AC0p38_1p5tauSet,DCAC,0.3,0.38,0.6799999999999999,1.5,3.60108535166081,8611.141752208017,11.562405431101999,3.0946009006529254,4.13513107903858,near_boundary
Chen2020_DFN_fineAmp_DC03_AC0p38_1p5tauSet,DCAC,0.3,0.38,0.6799999999999999,1.5,3.6365133240739436,8649.615731174787,2.406629917949384,3.3834347797984368,4.163610793155306,near_boundary
Chen2020_DFN_fineAmp_DC03_AC0p38_1p5tauSet,DCAC,0.3,0.38,0.6799999999999999,1.5,3.671941296487077,8690.457431555747,13.667283130083533,2.7087052673460246,4.1575277067982706,near_boundary
Chen2020_DFN_fineAmp_DC03_AC0p38_1p5tauSet,DCAC,0.3,0.38,0.6799999999999999,1.5,3.7073692689002105,8897.687893262264,51.705974745366134,1.4487832906718112,4.0859715169037845,safe_margin
Chen2020_DFN_fineAmp_DC03_AC0p4_1p5tauSet,DCAC,0.3,0.4,0.7,1.5,0.2,419.04849055952303,249.8105334796762,3.4739342618554705,3.4457470358342945,safe_margin
Chen2020_DFN_fineAmp_DC03_AC0p4_1p5tauSet,DCAC,0.3,0.4,0.7,1.5,0.23542797241313346,456.236547715949,229.12324948325738,3.2344400347653077,3.472587615756274,safe_margin
Chen2020_DFN_fineAmp_DC03_AC0p4_1p5tauSet,DCAC,0.3,0.4,0.7,1.5,0.2708559448262669,505.55557011344047,252.32962636742457,1.787464349531003,3.441334470013567,safe_margin
Chen2020_DFN_fineAmp_DC03_AC0p4_1p5tauSet,DCAC,0.3,0.4,0.7,1.5,0.3062839172394003,720.1335410941078,222.6172596376835,2.715462645114328,3.470788995268752,safe_margin
Chen2020_DFN_fineAmp_DC03_AC0p4_1p5tauSet,DCAC,0.3,0.4,0.7,1.5,0.34171188965253374,760.3881941972758,177.56571746803024,3.4680733735739255,3.5320666378425147,safe_margin
Chen2020_DFN_fineAmp_DC03_AC0p4_1p5tauSet,DCAC,0.3,0.4,0.7,1.5,0.3771398620656672,797.5109110603372,163.7134893167879,3.252438755861279,3.5522377621061163,safe_margin
Chen2020_DFN_fineAmp_DC03_AC0p4_1p5tauSet,DCAC,0.3,0.4,0.7,1.5,0.41256783447880063,846.0463018593017,189.2759280779816,1.8521390107135154,3.5191119702285034,safe_margin
Chen2020_DFN_fineAmp_DC03_AC0p4_1p5tauSet,DCAC,0.3,0.4,0.7,1.5,0.4479958068919341,1061.205271835855,169.3661856624956,2.680079878890218,3.537066977516571,safe_margin
Chen2020_DFN_fineAmp_DC03_AC0p4_1p5tauSet,DCAC,0.3,0.4,0.7,1.5,0.4834237793050675,1101.7260144497006,138.63347020775248,3.4616651371425653,3.5842701390751226,safe_margin
Chen2020_DFN_fineAmp_DC03_AC0p4_1p5tauSet,DCAC,0.3,0.4,0.7,1.5,0.518851751718201,1138.7905560665658,134.15669201508396,3.269730983251288,3.5953033019670917,safe_margin
Chen2020_DFN_fineAmp_DC03_AC0p4_1p5tauSet,DCAC,0.3,0.4,0.7,1.5,0.5542797241313344,1186.5959320686538,161.95290036757143,1.9143234665060813,3.5604921838866437,safe_margin
Chen2020_DFN_fineAmp_DC03_AC0p4_1p5tauSet,DCAC,0.3,0.4,0.7,1.5,0.5897076965444679,1402.2606444045475,149.07620883748638,2.643626304874676,3.5701245894063858,safe_margin
Chen2020_DFN_fineAmp_DC03_AC0p4_1p5tauSet,DCAC,0.3,0.4,0.7,1.5,0.6251356689576013,1443.0620355318908,125.10297114033736,3.4545430835252993,3.610826625462193,safe_margin
Chen2020_DFN_fineAmp_DC03_AC0p4_1p5tauSet,DCAC,0.3,0.4,0.7,1.5,0.6605636413707348,1480.0752172051928,123.36158981947935,3.2863713864934834,3.619390626106667,safe_margin
Chen2020_DFN_fineAmp_DC03_AC0p4_1p5tauSet,DCAC,0.3,0.4,0.7,1.5,0.6959916137838682,1527.2008072600158,150.55385286209787,1.9741152821634478,3.5857619685401327,safe_margin
Chen2020_DFN_fineAmp_DC03_AC0p4_1p5tauSet,DCAC,0.3,0.4,0.7,1.5,0.7314195861970016,1743.2986258569047,141.4261525480476,2.6060629399195943,3.5904016701887973,safe_margin
Chen2020_DFN_fineAmp_DC03_AC0p4_1p5tauSet,DCAC,0.3,0.4,0.7,1.5,0.7668475586101351,1784.395840306989,117.76461321000166,3.446804264059169,3.6310810966245026,safe_margin
Chen2020_DFN_fineAmp_DC03_AC0p4_1p5tauSet,DCAC,0.3,0.4,0.7,1.5,0.8022755310232685,1821.3644841170524,115.31787403828483,3.3023871910495237,3.6406620917123855,safe_margin
Chen2020_DFN_fineAmp_DC03_AC0p4_1p5tauSet,DCAC,0.3,0.4,0.7,1.5,0.837703503436402,1867.8545864708744,140.8600280742295,2.0317318494912806,3.6092823369997435,safe_margin
Chen2020_DFN_fineAmp_DC03_AC0p4_1p5tauSet,DCAC,0.3,0.4,0.7,1.5,0.8731314758495354,2084.3182304774673,134.32857902073272,2.5673618359858734,3.6101531693229254,safe_margin
Chen2020_DFN_fineAmp_DC03_AC0p4_1p5tauSet,DCAC,0.3,0.4,0.7,1.5,0.9085594482626689,2125.7274482485022,108.75733815657522,3.438546317423893,3.653082187324925,safe_margin
Chen2020_DFN_fineAmp_DC03_AC0p4_1p5tauSet,DCAC,0.3,0.4,0.7,1.5,0.9439874206758023,2162.6592531802044,104.72092001522324,3.3176048495554924,3.664613673116715,safe_margin
Chen2020_DFN_fineAmp_DC03_AC0p4_1p5tauSet,DCAC,0.3,0.4,0.7,1.5,0.9794153930889358,2208.552860258139,128.44443598863162,2.087315798982328,3.6356502800949757,safe_margin
Chen2020_DFN_fineAmp_DC03_AC0p4_1p5tauSet,DCAC,0.3,0.4,0.7,1.5,1.0148433655020692,2425.318779405945,124.2303784699978,2.527500510546336,3.633010599859588,safe_margin
Chen2020_DFN_fineAmp_DC03_AC0p4_1p5tauSet,DCAC,0.3,0.4,0.7,1.5,1.0502713379152024,2467.057311234174,96.5406888628139,3.4298252035599326,3.678488422642617,safe_margin
Chen2020_DFN_fineAmp_DC03_AC0p4_1p5tauSet,DCAC,0.3,0.4,0.7,1.5,1.0856993103283359,2503.958740556279,91.15736791774376,3.3321244600492235,3.6917963416295856,safe_margin
Chen2020_DFN_fineAmp_DC03_AC0p4_1p5tauSet,DCAC,0.3,0.4,0.7,1.5,1.1211272827414693,2549.292228798262,113.23450614657645,2.140977527192476,3.6650768819301676,safe_margin
Chen2020_DFN_fineAmp_DC03_AC0p4_1p5tauSet,DCAC,0.3,0.4,0.7,1.5,1.1565552551546028,2766.2986018341826,111.22313891272898,2.4864066829090112,3.659023310059546,safe_margin
Chen2020_DFN_fineAmp_DC03_AC0p4_1p5tauSet,DCAC,0.3,0.4,0.7,1.5,1.1919832275677362,2808.385526263343,82.43106863498807,3.4206452668394633,3.7061651521912053,safe_margin
Chen2020_DFN_fineAmp_DC03_AC0p4_1p5tauSet,DCAC,0.3,0.4,0.7,1.5,1.2274111999808697,2845.262410627938,76.65268142040378,3.3460031977812763,3.720407724002274,safe_margin
Chen2020_DFN_fineAmp_DC03_AC0p4_1p5tauSet,DCAC,0.3,0.4,0.7,1.5,1.2628391723940031,2890.0710799988415,97.60812643538753,2.192741625689741,3.6954353021223976,safe_margin
Chen2020_DFN_fineAmp_DC03_AC0p4_1p5tauSet,DCAC,0.3,0.4,0.7,1.5,1.2982671448071366,3107.2563818974318,97.94001742212043,2.4440368739898255,3.68573074174904,safe_margin
Chen2020_DFN_fineAmp_DC03_AC0p4_1p5tauSet,DCAC,0.3,0.4,0.7,1.5,1.33369511722027,3149.7107321897756,69.5505550894521,3.410747390566296,3.733230133580577,safe_margin
Chen2020_DFN_fineAmp_DC03_AC0p4_1p5tauSet,DCAC,0.3,0.4,0.7,1.5,1.3691230896334035,3186.5693691632196,64.36869752630899,3.359345957043034,3.7476089628228424,safe_margin
Chen2020_DFN_fineAmp_DC03_AC0p4_1p5tauSet,DCAC,0.3,0.4,0.7,1.5,1.404551062046537,3230.8830271089796,84.74251475169552,2.242869696824363,3.723928518592936,safe_margin
Chen2020_DFN_fineAmp_DC03_AC0p4_1p5tauSet,DCAC,0.3,0.4,0.7,1.5,1.4399790344596703,3448.190940958899,87.65250356032037,2.400358317660242,3.709987334578216,safe_margin
Chen2020_DFN_fineAmp_DC03_AC0p4_1p5tauSet,DCAC,0.3,0.4,0.7,1.5,1.4754070068728038,3491.0325165837257,60.41355966146409,3.4001147056734626,3.757448333848561,safe_margin
Chen2020_DFN_fineAmp_DC03_AC0p4_1p5tauSet,DCAC,0.3,0.4,0.7,1.5,1.5108349792859372,3527.879600914725,56.09912720384083,3.372133179525297,3.7720087940183795,safe_margin
Chen2020_DFN_fineAmp_DC03_AC0p4_1p5tauSet,DCAC,0.3,0.4,0.7,1.5,1.5462629516990707,3571.72623182847,76.05011736328453,2.2914164773577785,3.7496263542582207,safe_margin
Chen2020_DFN_fineAmp_DC03_AC0p4_1p5tauSet,DCAC,0.3,0.4,0.7,1.5,1.5816909241122041,3789.100348639534,81.46059017968803,2.3553019463451905,3.7312313208801853,safe_margin
Chen2020_DFN_fineAmp_DC03_AC0p4_1p5tauSet,DCAC,0.3,0.4,0.7,1.5,1.6171188965253376,3832.3508470681486,55.15498482980451,3.38882054172525,3.7793486309082986,safe_margin
Chen2020_DFN_fineAmp_DC03_AC0p4_1p5tauSet,DCAC,0.3,0.4,0.7,1.5,1.652546868938471,3869.192733019745,51.399288489925006,3.3843897401382708,3.7948079983256715,safe_margin
Chen2020_DFN_fineAmp_DC03_AC0p4_1p5tauSet,DCAC,0.3,0.4,0.7,1.5,1.6879748413516045,3912.5983954145313,70.81903924563667,2.338458468349721,3.7740428672598263,safe_margin
Chen2020_DFN_fineAmp_DC03_AC0p4_1p5tauSet,DCAC,0.3,0.4,0.7,1.5,1.723402813764738,4129.983067861999,78.57602238413794,2.3088138072576605,3.7508509726320853,safe_margin
Chen2020_DFN_fineAmp_DC03_AC0p4_1p5tauSet,DCAC,0.3,0.4,0.7,1.5,1.7588307861778714,4173.665949924957,52.6173484506464,3.3769098439882175,3.8008005385067856,safe_margin
Chen2020_DFN_fineAmp_DC03_AC0p4_1p5tauSet,DCAC,0.3,0.4,0.7,1.5,1.7942587585910048,4210.509008820691,49.006070275046646,3.396084662260361,3.817967889891525,near_boundary
Chen2020_DFN_fineAmp_DC03_AC0p4_1p5tauSet,DCAC,0.3,0.4,0.7,1.5,1.8296867310041383,4253.497783561516,67.75713668571697,2.3840543512124364,3.799136408263077,safe_margin
Chen2020_DFN_fineAmp_DC03_AC0p4_1p5tauSet,DCAC,0.3,0.4,0.7,1.5,1.8651147034172717,4470.836899458038,77.7364298570448,2.260818513543291,3.7707854025527845,safe_margin
Chen2020_DFN_fineAmp_DC03_AC0p4_1p5tauSet,DCAC,0.3,0.4,0.7,1.5,1.900542675830405,4514.97702057214,51.61242887531414,3.364302331872292,3.823538197006761,safe_margin
Chen2020_DFN_fineAmp_DC03_AC0p4_1p5tauSet,DCAC,0.3,0.4,0.7,1.5,1.9359706482435384,4551.829417631063,47.85259801945298,3.406937444876078,3.8427848256355928,near_boundary
Chen2020_DFN_fineAmp_DC03_AC0p4_1p5tauSet,DCAC,0.3,0.4,0.7,1.5,1.9713986206566718,4594.422461175034,65.85361720730157,2.4282701288200017,3.8259329689087593,safe_margin
Chen2020_DFN_fineAmp_DC03_AC0p4_1p5tauSet,DCAC,0.3,0.4,0.7,1.5,2.0068265930698055,4811.659854896309,77.98116498337896,2.2112485279083285,3.792502002169355,safe_margin
Chen2020_DFN_fineAmp_DC03_AC0p4_1p5tauSet,DCAC,0.3,0.4,0.7,1.5,2.042254565482939,4856.285215205748,51.34900213525155,3.351208595594993,3.8482526970570663,safe_margin
Chen2020_DFN_fineAmp_DC03_AC0p4_1p5tauSet,DCAC,0.3,0.4,0.7,1.5,2.0776825378960724,4893.152834309987,47.27068874369507,3.41715436041289,3.8691746341282762,near_boundary
Chen2020_DFN_fineAmp_DC03_AC0p4_1p5tauSet,DCAC,0.3,0.4,0.7,1.5,2.113110510309206,4935.370918087776,64.49588272739247,2.471158310302706,3.8539249181463258,safe_margin
Chen2020_DFN_fineAmp_DC03_AC0p4_1p5tauSet,DCAC,0.3,0.4,0.7,1.5,2.1485384827223393,5152.449498363478,78.75608862495547,2.1600221748542214,3.816178860918435,safe_margin
Chen2020_DFN_fineAmp_DC03_AC0p4_1p5tauSet,DCAC,0.3,0.4,0.7,1.5,2.1839664551354727,5197.589437253299,51.37655392204098,3.337463598362325,3.8740943954875795,safe_margin
Chen2020_DFN_fineAmp_DC03_AC0p4_1p5tauSet,DCAC,0.3,0.4,0.7,1.5,2.219394427548606,5234.4787448675115,46.849300427413674,3.4268013666003965,3.8957004232976846,near_boundary
Chen2020_DFN_fineAmp_DC03_AC0p4_1p5tauSet,DCAC,0.3,0.4,0.7,1.5,2.2548223999617396,5276.34246657629,63.27524855761919,2.5127229899597934,3.8814733721280255,safe_margin
Chen2020_DFN_fineAmp_DC03_AC0p4_1p5tauSet,DCAC,0.3,0.4,0.7,1.5,2.290250372374873,5493.20157560141,79.69353051352114,2.1069770459903716,3.8407796637137928,safe_margin
Chen2020_DFN_fineAmp_DC03_AC0p4_1p5tauSet,DCAC,0.3,0.4,0.7,1.5,2.3256783447880065,5538.8877400316605,51.279390126682515,3.322822387831244,3.8995380347838395,safe_margin
Chen2020_DFN_fineAmp_DC03_AC0p4_1p5tauSet,DCAC,0.3,0.4,0.7,1.5,2.36110631720114,5575.807620693574,46.022727681869995,3.4357107775452973,3.9210912757347978,near_boundary
Chen2020_DFN_fineAmp_DC03_AC0p4_1p5tauSet,DCAC,0.3,0.4,0.7,1.5,2.3965342896142734,5617.335004279692,61.51686793720927,2.553048230044359,3.9076010499232754,safe_margin
Chen2020_DFN_fineAmp_DC03_AC0p4_1p5tauSet,DCAC,0.3,0.4,0.7,1.5,2.431962262027407,5833.914586345366,80.28625055569752,2.0520824216473392,3.864809728348835,safe_margin
Chen2020_DFN_fineAmp_DC03_AC0p4_1p5tauSet,DCAC,0.3,0.4,0.7,1.5,2.4673902344405403,5880.1825584640155,50.20335323902021,3.3076563807567676,3.9239095498163756,safe_margin
Chen2020_DFN_fineAmp_DC03_AC0p4_1p5tauSet,DCAC,0.3,0.4,0.7,1.5,2.5028182068536737,5917.138676471193,43.74901835244708,3.4440835115869226,3.945554575281326,near_boundary
Chen2020_DFN_fineAmp_DC03_AC0p4_1p5tauSet,DCAC,0.3,0.4,0.7,1.5,2.538246179266807,5958.347587864916,58.24559613829964,2.592172393040529,3.9328423551947695,safe_margin
Chen2020_DFN_fineAmp_DC03_AC0p4_1p5tauSet,DCAC,0.3,0.4,0.7,1.5,2.5736741516799406,6174.584966922799,79.87367691569774,1.9952231580809991,3.8877115545912684,safe_margin
Chen2020_DFN_fineAmp_DC03_AC0p4_1p5tauSet,DCAC,0.3,0.4,0.7,1.5,2.609102124093074,6221.473724165085,47.6307767063728,3.291970328757431,3.9475067376907536,near_boundary
Chen2020_DFN_fineAmp_DC03_AC0p4_1p5tauSet,DCAC,0.3,0.4,0.7,1.5,2.6445300965062075,6258.471214290143,39.92059506626245,3.452056026168968,3.969636087291694,near_boundary
Chen2020_DFN_fineAmp_DC03_AC0p4_1p5tauSet,DCAC,0.3,0.4,0.7,1.5,2.679958068919341,6299.378835921574,53.5578433573336,2.6301411859802455,3.957793948058412,safe_margin
Chen2020_DFN_fineAmp_DC03_AC0p4_1p5tauSet,DCAC,0.3,0.4,0.7,1.5,2.7153860413324744,6515.207449353944,78.35342730478052,1.93621463170783,3.909548976970464,safe_margin
Chen2020_DFN_fineAmp_DC03_AC0p4_1p5tauSet,DCAC,0.3,0.4,0.7,1.5,2.750814013745608,6562.761074204676,43.87616709108459,3.2757617831870482,3.9707292756911725,near_boundary
Chen2020_DFN_fineAmp_DC03_AC0p4_1p5tauSet,DCAC,0.3,0.4,0.7,1.5,2.7862419861587413,6599.807005114702,35.0454690345869,3.4590441410254007,3.993809156238364,near_boundary
Chen2020_DFN_fineAmp_DC03_AC0p4_1p5tauSet,DCAC,0.3,0.4,0.7,1.5,2.8216699585718747,6640.427453206389,47.88090061704211,2.6670040309915297,3.9831021724396916,near_boundary
Chen2020_DFN_fineAmp_DC03_AC0p4_1p5tauSet,DCAC,0.3,0.4,0.7,1.5,2.857097930985008,6855.7778103720475,75.72242812777263,1.8749249294159647,3.9310499107537726,safe_margin
Chen2020_DFN_fineAmp_DC03_AC0p4_1p5tauSet,DCAC,0.3,0.4,0.7,1.5,2.8925259033981416,6904.042706264627,39.03252910093652,3.258780860545357,3.994487937192601,near_boundary
Chen2020_DFN_fineAmp_DC03_AC0p4_1p5tauSet,DCAC,0.3,0.4,0.7,1.5,2.927953875811275,6941.144151206525,29.18652333250577,3.465548907876446,4.019056496769463,near_boundary
Chen2020_DFN_fineAmp_DC03_AC0p4_1p5tauSet,DCAC,0.3,0.4,0.7,1.5,2.9633818482244085,6981.492347937271,41.19101527139163,2.7028089212497473,4.009836949674091,near_boundary
Chen2020_DFN_fineAmp_DC03_AC0p4_1p5tauSet,DCAC,0.3,0.4,0.7,1.5,2.998809820637542,7196.28862396067,71.58956237494955,1.811099684971426,3.953660726097042,safe_margin
Chen2020_DFN_fineAmp_DC03_AC0p4_1p5tauSet,DCAC,0.3,0.4,0.7,1.5,3.0342377930506754,7245.318122963889,32.676281194352214,3.2410055003152145,4.020248054606781,near_boundary
Chen2020_DFN_fineAmp_DC03_AC0p4_1p5tauSet,DCAC,0.3,0.4,0.7,1.5,3.069665765463809,7282.482450900765,21.876378095060986,3.471648554557474,4.04681540638752,near_boundary
Chen2020_DFN_fineAmp_DC03_AC0p4_1p5tauSet,DCAC,0.3,0.4,0.7,1.5,3.1050937378769423,7322.573749372959,32.89299000343218,2.737511192189454,4.039519768412148,near_boundary
Chen2020_DFN_fineAmp_DC03_AC0p4_1p5tauSet,DCAC,0.3,0.4,0.7,1.5,3.1405217102900758,7536.737904836831,64.92158530370911,1.7447219820449182,3.9794149429678884,safe_margin
Chen2020_DFN_fineAmp_DC03_AC0p4_1p5tauSet,DCAC,0.3,0.4,0.7,1.5,3.175949682703209,7586.58777197783,24.000062371675547,3.222517633878311,4.049708633541262,near_boundary
Chen2020_DFN_fineAmp_DC03_AC0p4_1p5tauSet,DCAC,0.3,0.4,0.7,1.5,3.2113776551163427,7623.821994503235,12.753543257472474,3.4773258093200754,4.078194280116158,near_boundary
Chen2020_DFN_fineAmp_DC03_AC0p4_1p5tauSet,DCAC,0.3,0.4,0.7,1.5,3.246805627529476,7663.669874827864,23.054450943045843,2.7712049454533725,4.072726950531447,near_boundary
Chen2020_DFN_fineAmp_DC03_AC0p4_1p5tauSet,DCAC,0.3,0.4,0.7,1.5,3.2822335999426095,7877.103692874798,56.617335336666905,1.6749849903950738,4.008189022581906,safe_margin
Chen2020_DFN_fineAmp_DC03_AC0p4_1p5tauSet,DCAC,0.3,0.4,0.7,1.5,3.317661572355743,7927.851437810239,15.905843781806848,3.2033264281172955,4.080505562939061,near_boundary
Chen2020_DFN_fineAmp_DC03_AC0p4_1p5tauSet,DCAC,0.3,0.4,0.7,1.5,3.3530895447688764,7965.163282724357,5.688213829149854,3.482246734278601,4.109571291427791,near_boundary
Chen2020_DFN_fineAmp_DC03_AC0p4_1p5tauSet,DCAC,0.3,0.4,0.7,1.5,3.38851751718201,8004.779723659016,16.110992770127424,2.803928639325639,4.1050821185070046,near_boundary
Chen2020_DFN_fineAmp_DC03_AC0p4_1p5tauSet,DCAC,0.3,0.4,0.7,1.5,3.4239454895951433,8217.39363874062,52.100278143362935,1.6022796676502484,4.035129107828017,safe_margin
Chen2020_DFN_fineAmp_DC03_AC0p4_1p5tauSet,DCAC,0.3,0.4,0.7,1.5,3.459373462008277,8269.108438751577,12.023028469388654,3.1833699041865446,4.109106125494864,near_boundary
Chen2020_DFN_fineAmp_DC03_AC0p4_1p5tauSet,DCAC,0.3,0.4,0.7,1.5,3.4948014344214102,8306.506055952825,2.326881410203687,3.4864809346817744,4.138886795504801,near_boundary
Chen2020_DFN_fineAmp_DC03_AC0p4_1p5tauSet,DCAC,0.3,0.4,0.7,1.5,3.5302294068345437,8345.902683364004,12.577475258960638,2.8357096307065355,4.13522861704749,near_boundary
Chen2020_DFN_fineAmp_DC03_AC0p4_1p5tauSet,DCAC,0.3,0.4,0.7,1.5,3.565657379247677,8557.600905800695,51.28900048602854,1.5264159789231966,4.060293190211666,safe_margin
Chen2020_DFN_fineAmp_DC03_AC0p4_1p5tauSet,DCAC,0.3,0.4,0.7,1.5,3.60108535166081,8610.359947217925,10.328043571625582,3.1628064455982083,4.1366903285402,near_boundary
Chen2020_DFN_fineAmp_DC03_AC0p4_1p5tauSet,DCAC,0.3,0.4,0.7,1.5,3.6365133240739436,8647.84980174817,0.39314487376990215,3.490177341141651,4.166655638797588,near_boundary
Chen2020_DFN_fineAmp_DC03_AC0p4_1p5tauSet,DCAC,0.3,0.4,0.7,1.5,3.671941296487077,8687.037945531272,10.188838904937551,2.8665817975155092,4.162980865484982,near_boundary
Chen2020_DFN_fineAmp_DC03_AC0p4_1p5tauSet,DCAC,0.3,0.4,0.7,1.5,3.7073692689002105,8897.690280812658,52.00499506044913,1.4461753375005477,4.084859916893338,safe_margin
