condition,Q_Ah,t_q_s,neg_avg_sto,neg_avg_surface_sto,neg_max_surface_sto,neg_min_surface_sto,pos_avg_sto,pos_avg_surface_sto,elyte_c_mean,elyte_c_range,eta_n_mean,eta_p_mean,j_n_rms,j_p_rms,cell_temperature_K,total_heating_mean,neg_surface_minus_avg_sto,pos_surface_minus_avg_sto,neg_surface_sto_range
Chen2020_DFN_fine_DC03,0.2,479.9999999999992,0.10487875974534007,0.10982824912880139,0.11282757354536864,0.10823320396342406,0.8015647773936018,0.7826530095082835,983.1285067661867,351.3687757808939,-0.04988222991147024,0.004378049242598056,-0.4464743273896474,0.50550636547448,298.15,0.0,0.004949489383461327,-0.018911767885318204,0.00459436958194458
Chen2020_DFN_fine_DC03,0.2399769861697409,575.9447668073772,0.1117386819773803,0.1166883760427404,0.11976321787292817,0.11504607226420274,0.7969867279242363,0.7773873407195278,983.089890861498,352.3296343710439,-0.0488823733994397,0.004339992226634798,-0.4464741503702984,0.505506358746073,298.15,0.0,0.004949694065360111,-0.019599387204708513,0.0047171456087254345
Chen2020_DFN_fine_DC03,0.27995397233948177,671.8895336147551,0.11859860420942163,0.12354833095447318,0.12671193895075034,0.1218613631983182,0.7924086784548715,0.7723014616234766,983.0752486292271,352.75206298560977,-0.047952509907033966,0.004305049833096909,-0.44647415482107466,0.5055063587477099,298.15,0.0,0.004949726745051548,-0.020107216831395023,0.0048505757524321385
Chen2020_DFN_fine_DC03,0.3199309585092226,767.8343004221327,0.12545852644146258,0.13040825830573455,0.13374261148467173,0.12864237903610795,0.7878306289855069,0.7673455986030703,983.0845639446744,352.6427385646978,-0.04708418686611293,0.004272643893749493,-0.446474149451309,0.5055063587459222,298.15,0.0,0.004949731864271971,-0.020485030382436667,0.005100232448563785
Chen2020_DFN_fine_DC03,0.3599079446789635,863.7790672295106,0.13231844867351067,0.1372681813392045,0.14090621893252517,0.13536194832874607,0.783252579516137,0.7624850257189792,983.1136037416179,352.0974883570422,-0.046270655361640795,0.004242332893972238,-0.44647414945084773,0.5055063587431707,298.15,0.0,0.004949732665693803,-0.020767553797157813,0.005544270603779108
Chen2020_DFN_fine_DC03,0.39988493084870436,959.7238340368895,0.1391783709055491,0.14412810369716098,0.14823684454591918,0.1420032217409966,0.7786745300467734,0.7576949962012947,983.1569336574288,351.237171756978,-0.045506345526719706,0.004213777713290583,-0.4464741494552256,0.5055063587450181,298.15,0.0,0.0049497327916118794,-0.02097953384547884,0.006233622804922548
Chen2020_DFN_fine_DC03,0.43986191701844524,1055.6686008442668,0.14603829313759328,0.1509880259489795,0.15575465042344117,0.1485575072166156,0.7740964805774063,0.7529576057380835,983.2094273144844,350.1745945004688,-0.04478679548196632,0.004186718661826093,-0.44647414945381864,0.5055063587446844,298.15,0.0,0.004949732811386232,-0.021138874839322853,0.007197143206825573
Chen2020_DFN_fine_DC03,0.4798389031881861,1151.6133676516451,0.15289821536956608,0.15784794818393538,0.16346578488829278,0.1550229050757256,0.7695184311080875,0.7482596575910835,983.2663038328093,349.0131515184041,-0.04410877899216401,0.0041609516864187695,-0.44647414945273045,0.5055063587461606,298.15,0.0,0.004949732814369302,-0.021258773517004014,0.008442879812567148
Chen2020_DFN_fine_DC03,0.519815889357927,1247.5581344590228,0.15975813760157145,0.1647078704164817,0.1713606197480991,0.16140379430191892,0.7649403816387466,0.7435913401857593,983.3228209665591,347.85340660207834,-0.043470384919663214,0.004136310311509506,-0.4464741490454238,0.5055063587467034,298.15,0.0,0.004949732814910241,-0.02134904145298717,0.009956825446180186
Chen2020_DFN_fine_DC03,0.5597928755276679,1343.5029012664013,0.16661805983361375,0.1715677926486163,0.17941277682519333,0.16771040012061297,0.7603623321693809,0.7389453361400002,983.3742422936572,346.794371609976,-0.042870827260260314,0.0041126548832216645,-0.4464741638581412,0.5055063588736227,298.15,0.0,0.004949732815002551,-0.02141699602938056,0.011702376704580365
Chen2020_DFN_fine_DC03,0.5997698616974088,1439.4476680737791,0.17347798206573706,0.17842771488081957,0.18757985254466467,0.17395827695581983,0.7557842826999612,0.7343161129079736,983.4161787194757,345.9271955835611,-0.0423099449543178,0.004089868138948399,-0.4464741507811128,0.5055063587641083,298.15,0.0,0.004949732815082504,-0.021468169791987575,0.013621575588844815
Chen2020_DFN_fine_DC03,0.6397468478671496,1535.392434881158,0.1803379042977853,0.18528763711272464,0.19580733864948396,0.18016703481745444,0.7512062332305912,0.7296995080521086,983.4449851453944,345.3276796529874,-0.04178760672127176,0.00406785408336276,-0.44647415003970164,0.5055063587936955,298.15,0.0,0.004949732814939355,-0.02150672517848263,0.015640303832029533
Chen2020_DFN_fine_DC03,0.6797238340368905,1631.3372016885369,0.18719782652967684,0.19214755934459046,0.20403410490998708,0.18635886900537096,0.7466281837613269,0.7250924174241928,983.4580486335751,345.0508727717311,-0.04130315696628651,0.004046537081950788,-0.4464741494611609,0.5055063587531515,298.15,0.0,0.004949732814913616,-0.021535766337134,0.017675235904616116
Chen2020_DFN_fine_DC03,0.7197008202066313,1727.2819684959152,0.19405774876170243,0.19900748157671427,0.21219790223346383,0.19255736761243766,0.7420501342919725,0.7204925063111379,983.4539911008303,345.12724133402276,-0.04085505532855793,0.004025860785047481,-0.4464741493009029,0.5055063587351876,298.15,0.0,0.004949732815011864,-0.021557627980834587,0.01964053462102618
Chen2020_DFN_fine_DC03,0.7596778063763723,1823.2267353032946,0.20091767099374658,0.20586740380875398,0.2202414617723425,0.19878615406943623,0.737472084822605,0.7158980064707585,983.4328045356758,345.55999477590785,-0.04044074096478067,0.004005787259665089,-0.4464741493722079,0.5055063587393562,298.15,0.0,0.004949732815007416,-0.02157407835184649,0.02145530770290628
Chen2020_DFN_fine_DC03,0.799654792546113,1919.171502110674,0.20777759322579084,0.21272732604080366,0.22811872887399362,0.2050672912933706,0.7328940353532379,0.7113075635677897,983.3957995684459,346.325886056225,-0.04005674296871574,0.003986294839248644,-0.44647414945103187,0.505506358746447,298.15,0.0,0.004949732815012817,-0.021586471785448324,0.023051437580623023
Chen2020_DFN_fine_DC03,0.839631778715854,2015.1162689180514,0.2146375154578359,0.21958724827286166,0.23579863977957505,0.2114198735350589,0.7283159858838708,0.7067201770485013,983.3455838801589,347.3751762493485,-0.039698969788441084,0.003967376922072027,-0.44647414945154645,0.5055063587471479,298.15,0.0,0.004949732815025745,-0.0215958088353694,0.02437876624451615
Chen2020_DFN_fine_DC03,0.8796087648855948,2111.0610357254272,0.2214974376898767,0.22644717050489285,0.2432678923194754,0.2178584976957345,0.7237379364145055,0.702135093048069,983.2859117452028,348.6338038859445,-0.039363140434800825,0.003949039600769313,-0.44647414945208364,0.5055063587478095,298.15,0.0,0.004949732815016149,-0.02160284336643648,0.02540939462374088
Chen2020_DFN_fine_DC03,0.9195857510553358,2207.005802532807,0.22835735992191655,0.23330709273693623,0.2505311866228683,0.22439190976311596,0.7191598869451425,0.6975517437676299,983.2213670302117,350.0089380288302,-0.03904525488033182,0.003931298242906828,-0.446474149452509,0.5055063587482551,298.15,0.0,0.00494973281501966,-0.021608143177512713,0.02613927685975233
Chen2020_DFN_fine_DC03,0.9595627372250766,2302.9505693401857,0.23521728215395263,0.2401670149689536,0.25760936439755616,0.2310219817112448,0.7145818374757809,0.6929697014133908,983.1569247136931,351.39725381502035,-0.038741972017674695,0.003914173176712897,-0.4464741494496304,0.5055063587449807,298.15,0.0,0.004949732815000981,-0.02161213606239015,0.026587382686311344
Chen2020_DFN_fine_DC03,0.9995397233948176,2398.895336147564,0.24207720438599636,0.2470269372010157,0.2645359503510124,0.23774327573007661,0.7100037880064142,0.6883886436927499,983.0974389126632,352.69528011673816,-0.03845080807868293,0.003897684951020238,-0.4464741494515461,0.505506358747036,298.15,0.0,0.00494973281501934,-0.02161514431366432,0.02679267462093577
Chen2020_DFN_fine_DC03,1.0395167095645583,2494.840102954943,0.24893712661803258,0.2538868594330372,0.2713528725816632,0.24454338569038578,0.7054257385370521,0.6838083277940724,983.0471372982324,353.8103277114825,-0.038170130274281996,0.003881849810276295,-0.44647414944858854,0.5055063587437446,298.15,0.0,0.004949732815004611,-0.021617410742979674,0.026809486891277417
Chen2020_DFN_fine_DC03,1.0794936957342993,2590.784869762322,0.255797048850074,0.2607467816650838,0.2781060703571287,0.2514041327976149,0.700847689067688,0.6792285707845325,983.0092053017729,354.6701690921062,-0.03789899114432804,0.0038666760633567134,-0.4464741494500287,0.5055063587453765,298.15,0.0,0.004949732815009869,-0.021619118283155516,0.02670193755951376
Chen2020_DFN_fine_DC03,1.11947068190404,2686.7296365697,0.26265697108211455,0.26760670389712343,0.28484153241687094,0.2583034962392493,0.6962696395983233,0.6746492348432999,982.9855303965736,355.22967383074536,-0.03763689203079414,0.003852161898632864,-0.4464741494499702,0.5055063587453106,298.15,0.0,0.004949732815008895,-0.021620404755023477,0.02653803617762163
Chen2020_DFN_fine_DC03,1.1594476680737809,2782.674403377072,0.26951689331414636,0.27446662612915107,0.29160212208532205,0.26521795032791506,0.6916915901289644,0.6700702161363605,982.9766473528584,355.4731162525297,-0.03738356573249964,0.0038382949476795216,-0.44647414944915914,0.505506358744449,298.15,0.0,0.004949732815004735,-0.02162137399260393,0.026384171757406972
Chen2020_DFN_fine_DC03,1.1994246542435218,2878.6191701844505,0.2763768155461858,0.28132654836118737,0.298425372853585,0.2721247543751678,0.6871135406596005,0.665491436435106,982.9818820634267,355.41186478591,-0.03713883421180752,0.0038250535408785352,-0.44647414944983504,0.5055063587451568,298.15,0.0,0.004949732815001536,-0.021622104224494555,0.0263006184784172
Chen2020_DFN_fine_DC03,1.2394016404132626,2974.5639369918285,0.283236737778224,0.2881864705932409,0.30534227648838214,0.2790037738523656,0.6825354911902388,0.6609128368020212,982.9996450154647,355.07835688781245,-0.03690254936680364,0.0038124092205915065,-0.44647414944967534,0.5055063587450457,298.15,0.0,0.00494973281501688,-0.021622654388217585,0.026338502636016527
Chen2020_DFN_fine_DC03,1.2793786265830036,3070.508703799207,0.29009666001026796,0.2950463928252785,0.312376941015526,0.2858385891731258,0.6779574417208721,0.6563343728333851,983.0277936258632,354.5181594811263,-0.03667458956843751,0.0038003298224017715,-0.44647414945322206,0.5055063587490775,298.15,0.0,0.0049497328150105895,-0.02162306888748694,0.02653835184240014
Chen2020_DFN_fine_DC03,1.3193556127527444,3166.4534706065815,0.2969565822423657,0.30190631505750176,0.31954678090286587,0.29261692674751916,0.6733793922514691,0.6517560110114027,983.0639766333635,353.782167300932,-0.036454875125252,0.003788782368159484,-0.44647414938460384,0.5055063588302512,298.15,0.0,0.004949732815136048,-0.021623381240066467,0.026929854155346718
Chen2020_DFN_fine_DC03,1.3593325989224854,3262.398237413963,0.3038165044744242,0.3087662372894442,0.32686384704227794,0.29933019794418675,0.6688013427820928,0.6471777263518513,983.1059173128584,352.92006961468167,-0.03624338164150794,0.003777735584952104,-0.44647414968933824,0.5055063576789679,298.15,0.0,0.004949732815019953,-0.021623616430241428,0.0275336490980912
Chen2020_DFN_fine_DC03,1.3993095850922261,3358.3430042213377,0.3106764267064572,0.3156261595214653,0.33433427468740995,0.3059735916391188,0.6642232933127338,0.6425994996275302,983.1515567666952,351.97691050046404,-0.03604013162415589,0.003767160847683365,-0.4464741494490094,0.5055063587474148,298.15,0.0,0.004949732815008138,-0.021623793685203608,0.0283606830482911
Chen2020_DFN_fine_DC03,1.4392865712619671,3454.2877710287194,0.31753634893849697,0.32248608175350096,0.34196056141110237,0.31254479823842324,0.6596452438433696,0.6380213166023403,983.1991667670296,350.9904091456636,-0.035845187450729545,0.0037570333638890247,-0.44647414942849795,0.5055063586473199,298.15,0.0,0.004949732815003978,-0.02162392724102942,0.029415763172679143
Chen2020_DFN_fine_DC03,1.479263557431708,3550.2325378360993,0.32439627117053393,0.3293460039855515,0.34974161407455756,0.31904369661565435,0.6550671943740086,0.6334431665036789,983.2473362943779,349.99115327257624,-0.03565863444644237,0.003747331956971613,-0.44647414853469475,0.5055063611193252,298.15,0.0,0.004949732815017588,-0.021624027870329784,0.03069791745890319
Chen2020_DFN_fine_DC03,1.5192405436014487,3646.177304643478,0.3312561934025673,0.3362059262175672,0.35767354567009024,0.3254717437511756,0.6504891449046484,0.6288650412161354,983.2949555079872,349.00291535257696,-0.035480565738133914,0.003738038823808198,-0.4464741494547673,0.5055063587662119,298.15,0.0,0.004949732814999842,-0.02162410368851301,0.03220180191891467
Chen2020_DFN_fine_DC03,1.5592175297711897,3742.1220714508545,0.33811611563460453,0.34306584844961724,0.36575022429860926,0.33183154195461084,0.6459110954352869,0.6242869346236903,983.3411746336142,348.04358219875354,-0.0353110685585462,0.003729139324060723,-0.4464741494548721,0.5055063587718309,298.15,0.0,0.0049497328150126954,-0.0216241608115966,0.033918682343998426
Chen2020_DFN_fine_DC03,1.5991945159409304,3838.066838258234,0.3449760378666413,0.34992577068164765,0.37396375946669946,0.338126500614255,0.6413330459659248,0.619708842116452,983.385362887415,347.12609638816673,-0.03515021394757039,0.0037206214016716676,-0.44647414945834607,0.5055063587816961,298.15,0.0,0.004949732815006303,-0.021624203849472643,0.03583725885244449
Chen2020_DFN_fine_DC03,1.6391715021106714,3934.0116050656115,0.35183596009867774,0.3567856929136774,0.3823049776916565,0.3443605594789429,0.6367549964965635,0.6151307602218903,983.4270716680844,346.2593291477062,-0.03499804793289629,0.003712475273134975,-0.4464741493749232,0.5055063583439762,298.15,0.0,0.004949732814999649,-0.021624236274673258,0.03794441821271362
Chen2020_DFN_fine_DC03,1.6791484882804122,4029.956371872991,0.35869588233071054,0.363645615145713,0.39076380914498093,0.35053799530776764,0.6321769470272044,0.6105526863224554,983.4660043133182,345.44881145807,-0.03485458509819515,0.003704693051945382,-0.44647414937477875,0.5055063583476846,298.15,0.0,0.004949732815002476,-0.021624260704748956,0.04022581383721331
Chen2020_DFN_fine_DC03,1.7191254744501532,4125.90113868037,0.36555580456275605,0.3705055373777742,0.3993296822352074,0.356663251199597,0.627598897557837,0.6059746184465583,983.5019896977276,344.6973772123841,-0.03471980498637768,0.003697268371230128,-0.44647414938519137,0.5055063583798368,298.15,0.0,0.004949732815018147,-0.02162427911127866,0.042666431035610346
Chen2020_DFN_fine_DC03,1.759102460619894,4221.8459054877485,0.37241572679480733,0.37736545960981477,0.407991847888845,0.36274081265860303,0.623020848088466,0.6013965551090585,983.5349593318903,344.0057268775066,-0.03459365121118864,0.0036901960446387517,-0.44647414938783003,0.5055063584357333,298.15,0.0,0.004949732815007422,-0.021624292979407524,0.04525103523024201
Chen2020_DFN_fine_DC03,1.799079446789635,4317.790672295127,0.37927564902684974,0.3842253818418561,0.4167396485016407,0.3687751129939297,0.6184427986191001,0.5968184951909271,983.5649262820626,343.37294129566067,-0.034476033292786736,0.0036834717261554862,-0.44647414939908825,0.5055063585330379,298.15,0.0,0.004949732815006401,-0.021624303428173074,0.047964535507711056
Chen2020_DFN_fine_DC03,1.8390564329593757,4413.735439102502,0.38613557125889403,0.3910853040738999,0.4255627327562328,0.3747704608091561,0.6138647491497332,0.5922404378490543,983.5919656023888,342.7969489533296,-0.03436683080941932,0.003677091601331372,-0.44647414940824615,0.5055063586524169,298.15,0.0,0.004949732815005855,-0.02162431130067897,0.05079227194707673
Chen2020_DFN_fine_DC03,1.8790334191291167,4509.680205909884,0.3929954934909333,0.39794522630594625,0.4344512121213246,0.38073098748460654,0.60928669968037,0.5876623824482347,983.6161964358096,342.2749393553578,-0.034265899210572395,0.0036710521277715153,-0.446474149421366,0.5055063587840564,298.15,0.0,0.004949732815012936,-0.021624317232135367,0.05372022463671807
Chen2020_DFN_fine_DC03,1.9190104052988575,4605.624972717265,0.39985541572296934,0.4048051485379803,0.44339576127055524,0.38666061141115227,0.6047086502110084,0.5830843285099011,983.6377660570288,341.80371373587104,-0.03417307667696152,0.00366534984259054,-0.4464741494291936,0.5055063588649932,298.15,0.0,0.004949732815010904,-0.021624321701107195,0.05673514985940298
Chen2020_DFN_fine_DC03,1.9589873914685985,4701.569739524644,0.4067153379550055,0.41166507077001885,0.4523876619995536,0.3925630182691066,0.6001306007416476,0.5785062756734279,983.6568361737255,341.3799661998193,-0.03408819098640811,0.003659981224842635,-0.4464741494382015,0.505506358888963,298.15,0.0,0.004949732815013407,-0.021624325068219617,0.05982464373044702
Chen2020_DFN_fine_DC03,1.9989643776383392,4797.514506332024,0.41357526018703333,0.41852499300203583,0.46141879828308974,0.39844165181932584,0.595552551272292,0.573928223667176,983.6735709702192,341.0005077615531,-0.0340110669989352,0.0036549426432708762,-0.44647414944898395,0.5055063588634524,298.15,0.0,0.00494973281500247,-0.021624327605115925,0.06297714646376394
Chen2020_DFN_fine_DC03,2.0389413638080804,4893.459273139401,0.42043518241906275,0.4253849152340695,0.47048159191510597,0.4042997178538224,0.5909745018029352,0.5693501722863863,983.6881265294073,340.66244582622176,-0.03394153375830879,0.003650230330998356,-0.44647414944873454,0.5055063587922869,298.15,0.0,0.004949732815006778,-0.021624329516548902,0.0661818740612836
Chen2020_DFN_fine_DC03,2.078918349977821,4989.404039946776,0.42729510465109577,0.4322448374660909,0.4795688698932386,0.41014019911141525,0.5863964523335762,0.5647721213768918,983.7006401739505,340.3633538924714,-0.033879432053043224,0.0036458403795068327,-0.44647414944894853,0.5055063587134095,298.15,0.0,0.004949732814995119,-0.02162433095668435,0.06942867078182335
Chen2020_DFN_fine_DC03,2.118895336147562,5085.348806754152,0.4341550268831339,0.43910475969813834,0.4886736345201248,0.41596588297048204,0.5818184028642133,0.5601940708224389,983.7112177082073,340.101476009296,-0.03382462314714132,0.003641768712983166,-0.4464741494511112,0.5055063586548083,298.15,0.0,0.004949732815004437,-0.02162433204177436,0.07270775154964274
Chen2020_DFN_fine_DC03,2.1588723223173027,5181.293573561533,0.4410149491151775,0.4459646819301839,0.49778868192187287,0.42177940573583367,0.5772403533948472,0.5556160205355182,983.7199154353414,339.87602853589533,-0.03377700012055609,0.0036380110063626444,-0.4464741494507933,0.5055063586313538,298.15,0.0,0.00494973281500639,-0.021624332859329132,0.07600927618603916
Chen2020_DFN_fine_DC03,2.1988493084870435,5277.238340368907,0.4478748713472031,0.45282460416221143,0.5069059723703474,0.42758332114355296,0.5726623039254932,0.5510379704502016,983.7267121727785,339.6876883605423,-0.03373650408803279,0.003634562502430255,-0.44647414945207686,0.5055063586557611,298.15,0.0,0.004949732815008329,-0.0216243334752916,0.07932265122679438
Chen2020_DFN_fine_DC03,2.2388262946567847,5373.183107176287,0.45473479357923735,0.459684526394234,0.516015589832798,0.43338020660793075,0.5680842544561334,0.5464599205167514,983.731463977307,339.53939860703326,-0.03370314862785519,0.0036314176709675984,-0.44647414945028024,0.5055063587154338,298.15,0.0,0.004949732814996678,-0.02162433393938196,0.08263538322486731
Chen2020_DFN_fine_DC03,2.2788032808265255,5469.127873983664,0.46159471581127703,0.4665444486262875,0.525104039443147,0.43917283041882654,0.5635062049867698,0.541881870697665,983.7338311098013,339.43767403434043,-0.033677056710291954,0.003628569642237017,-0.4464741494501886,0.5055063587447226,298.15,0.0,0.004949732815010514,-0.02162433428910482,0.08593120902432043
Chen2020_DFN_fine_DC03,2.3187802669962663,5565.072640791042,0.4684546380433134,0.4734043708583242,0.5341514964897215,0.44496440904943363,0.5589281555174084,0.5373038209648263,983.7331614090247,339.3947117927961,-0.03365851402970373,0.0036260092563145593,-0.4464741494499908,0.5055063587444155,298.15,0.0,0.004949732815010832,-0.021624334552582062,0.08918708744028786
Chen2020_DFN_fine_DC03,2.3587572531660075,5661.017407598417,0.4753145602753606,0.48026429309037144,0.5431275998512313,0.45075901117480355,0.55435010604804,0.5327257712969565,983.7283191997095,339.4314735200029,-0.033648036274321835,0.003623723734970334,-0.4464741494499867,0.5055063587444685,298.15,0.0,0.004949732815010868,-0.02162433475108355,0.09236858867642776
Chen2020_DFN_fine_DC03,2.3987342393357483,5756.962174405792,0.48217448250739947,0.4871242153224051,0.5519857619290124,0.45656214327201344,0.549772056578677,0.5281477216780395,983.7174605720668,339.5817923287324,-0.03364642818201675,0.0036216949371736936,-0.4464741494482861,0.5055063587427453,298.15,0.0,0.004949732815005636,-0.021624334900637487,0.09542361865699892
Chen2020_DFN_fine_DC03,2.438711225505489,5852.906941213166,0.48903440473943816,0.493984137554448,0.5606566750947047,0.46238153202278204,0.5451940071093148,0.52356967209599,983.6978051456884,339.8967735761975,-0.03365476703342508,0.003619897502184647,-0.4464741494496619,0.5055063587444573,298.15,0.0,0.004949732815009814,-0.021624335013324742,0.09827514307192263
Chen2020_DFN_fine_DC03,2.47868821167523,5948.851708020544,0.49589432697147784,0.5008440597864955,0.5690447929094342,0.4682279901014922,0.5406159576399511,0.5189916225417112,983.6655776009975,340.4465022466025,-0.03367418320421424,0.003618298368442504,-0.4464741494505951,0.505506358745839,298.15,0.0,0.004949732815017649,-0.02162433509823987,0.10081680280794203
Chen2020_DFN_fine_DC03,2.518665197844971,6044.796474827928,0.5027542492035154,0.5077039820185284,0.577034297486986,0.47411605668719187,0.5360379081705894,0.5144135730083835,983.616390422443,341.3144130595528,-0.03370533557128402,0.003616859695112357,-0.4464741494207431,0.5055063586121363,298.15,0.0,0.004949732815013017,-0.021624335162205816,0.10291824079979416
Chen2020_DFN_fine_DC03,2.5586421840147118,6140.741241635297,0.5096141714355484,0.5145639042505556,0.584510528448609,0.48006398498405034,0.5314598587012304,0.5098355234908382,983.5462490843338,342.58073087510235,-0.033747742272590614,0.003615546773424964,-0.44647414940194613,0.505506358320783,298.15,0.0,0.004949732815007173,-0.021624335210392247,0.10444654346455859
Chen2020_DFN_fine_DC03,2.5986191701844525,6236.686008442671,0.516474093667582,0.521423826482593,0.5913921775732602,0.4860929112124616,0.5268818092318712,0.5052574739851665,983.452862593209,344.29964929708206,-0.03379949680339144,0.0036143386265657493,-0.44647414940470254,0.5055063579164815,298.15,0.0,0.00494973281501092,-0.0216243352467047,0.10529926636079857
Chen2020_DFN_fine_DC03,2.6385961563541933,6332.630775250047,0.5233340158996235,0.5282837487146294,0.5976558459492147,0.49222559919156383,0.5223037597625064,0.5006794244884347,983.3364822048361,346.4833207244228,-0.033857743783575804,0.003613235137495854,-0.44647414942095265,0.5055063574503571,298.15,0.0,0.004949732815005877,-0.0216243352740717,0.10543024675765086
Chen2020_DFN_fine_DC03,2.6785731425239345,6428.575542057428,0.5301939381316508,0.5351436709466447,0.6033373322013915,0.4984854071932224,0.5177257102931504,0.4961013749984891,983.1998002974236,349.10149906091254,-0.0339195644316965,0.003612256664930809,-0.446474149433504,0.5055063569672194,298.15,0.0,0.004949732814993876,-0.02162433529466129,0.10485192500816914
Chen2020_DFN_fine_DC03,2.7185501286936753,6524.520308864805,0.5370538603636911,0.5420035931786987,0.6085135482507966,0.5048958029657019,0.5131476608237868,0.49152332551357086,983.0472103696432,352.09263359640795,-0.03398263116665712,0.0036114382559489953,-0.44647414943595864,0.505506356508097,298.15,0.0,0.0049497328150076,-0.021624335310215972,0.10361774528509474
Chen2020_DFN_fine_DC03,2.758527114863416,6620.465075672176,0.5439137825957217,0.5488635154107244,0.6132805497009453,0.5114803397880149,0.50856961135443,0.48694527603252213,982.8840133954365,355.37651939894306,-0.03404540488161113,0.003610823176764515,-0.4464741494477846,0.5055063587430012,298.15,0.0,0.004949732815002807,-0.02162433532190783,0.10180020991293032
Chen2020_DFN_fine_DC03,2.798504101033157,6716.409842479558,0.5507737048277626,0.5557234376427734,0.6177380801236174,0.5182628299789498,0.5039915618850662,0.4823672265543228,982.7159057515822,358.86229216941695,-0.03410704202752578,0.0036104584956893186,-0.44647414945132774,0.5055063587468677,298.15,0.0,0.004949732815010877,-0.021624335330743368,0.09947525014466765
Chen2020_DFN_fine_DC03,2.8384810872028976,6812.354609286939,0.5576336270598021,0.5625833598748062,0.6219821427643164,0.5252674391083124,0.49941351241570225,0.47778917707832275,982.5487900073292,362.4505268343439,-0.03416723615504212,0.003610393446115769,-0.4464741494493777,0.5055063587445634,298.15,0.0,0.004949732815004042,-0.021624335337379487,0.09671470365600403
Chen2020_DFN_fine_DC03,2.878458073372639,6908.299376094306,0.5644935492918388,0.5694432821068511,0.6261030601583463,0.5325184493221323,0.49483546294634134,0.4732111276039446,982.3888416272061,366.03006558628715,-0.03422612531279561,0.0036106797073203576,-0.44647414944848035,0.5055063587436504,298.15,0.0,0.004949732815012284,-0.02162433534239671,0.0935846108362139
Chen2020_DFN_fine_DC03,2.9184350595423796,7004.244142901688,0.5713534715238722,0.5763032043388994,0.6301866245326755,0.5400391576133567,0.4902574134769818,0.4686330781308017,982.2427477718117,369.47046914966944,-0.03428432243743199,0.003611373192272368,-0.446474149450059,0.5055063587454225,298.15,0.0,0.0049497328150271795,-0.02162433534618014,0.09014746691931874
Chen2020_DFN_fine_DC03,2.9584120457121204,7100.188909709065,0.5782133937558978,0.5831631265708918,0.6343166911082717,0.5478490936090981,0.48567936400762834,0.46405502865864995,982.1180611584314,372.610429187083,-0.03434309380962735,0.0036125367957629516,-0.4464741494513431,0.5055063587468913,298.15,0.0,0.004949732814994057,-0.021624335348978386,0.08646759749917361
Chen2020_DFN_fine_DC03,2.998389031881861,7196.133676516451,0.5850733159879464,0.5900230488029591,0.6385783668269256,0.5559580519228023,0.4811013145382585,0.4594769791871009,982.0235925517254,375.24301051467694,-0.034404681968783324,0.003614243551128751,-0.4464741494505675,0.5055063587460674,298.15,0.0,0.004949732815012733,-0.021624335351157622,0.08262031490412315
Chen2020_DFN_fine_DC03,3.0383660180516023,7292.078443323831,0.5919332382199821,0.5968829710349891,0.6430610326636513,0.5643547608466506,0.47652326506889836,0.4548989297161356,981.9696428899042,377.1021236500802,-0.03447264959195522,0.003616578725554401,-0.4464741494517798,0.5055063587474166,298.15,0.0,0.004949732815006937,-0.02162433535276274,0.07870627181700068
Chen2020_DFN_fine_DC03,3.078343004221343,7388.023210131213,0.5987931604520136,0.6037428932670188,0.6478597309968079,0.5729886725336759,0.4719452155995403,0.45032088024557093,981.9675476772059,377.86492586693004,-0.03455175595297624,0.0036196368824644876,-0.44647414945157227,0.5055063587472121,298.15,0.0,0.0049497328150051815,-0.021624335353969355,0.07487105846313202
Chen2020_DFN_fine_DC03,3.118319990391084,7483.967976938592,0.6056530826840326,0.6106028154990242,0.6530717850525756,0.5817492554816257,0.46736716613019114,0.44574283077533383,982.0274746191478,377.20327534807655,-0.03464629201300333,0.0036235057009988787,-0.44647414945083114,0.5055063587462753,298.15,0.0,0.004949732814991535,-0.021624335354857298,0.07132252957094988
Chen2020_DFN_fine_DC03,3.1582969765608246,7579.912743745969,0.6125130049160694,0.6174627377310736,0.6587841747292498,0.5904616497254319,0.4627891166608298,0.4411647813052585,982.1534150257868,374.92213317883255,-0.03475618900713878,0.0036282276169743275,-0.44647414944985775,0.5055063587452192,298.15,0.0,0.004949732815004116,-0.021624335355571254,0.06832252500381787
Chen2020_DFN_fine_DC03,3.198273962730566,7675.857510553349,0.6193729271481111,0.6243226599631195,0.665051011275548,0.598925717724305,0.45821106719146454,0.43658673183536273,982.3368031606967,371.15040871301795,-0.03487388487534849,0.0036337484190515764,-0.44647414945253205,0.5055063587481081,298.15,0.0,0.004949732815008432,-0.021624335356101813,0.06612529355124294
Chen2020_DFN_fine_DC03,3.2382509489003066,7771.80227736073,0.6262328493801498,0.6311825821951433,0.6718725237002173,0.6069907381695174,0.45363301772210235,0.43200868236562384,982.5547915417987,366.4089731694198,-0.03498816397388333,0.0036398986484827496,-0.4464741494330854,0.5055063587472504,298.15,0.0,0.0049497328149935675,-0.021624335356478543,0.06488178553069988
Chen2020_DFN_fine_DC03,3.2782279350700474,7867.747044168108,0.6330927716121822,0.638042504427185,0.6791934351909199,0.6146047586581532,0.4490549682527438,0.42743063289596767,982.7778344412602,361.41824416167697,-0.03509332487003611,0.0036464483283197824,-0.446474149441653,0.5055063587513453,298.15,0.0,0.004949732815002747,-0.02162433535677618,0.06458867653276666
Chen2020_DFN_fine_DC03,3.318204921239788,7963.691810975486,0.6399526938442167,0.6449024266592178,0.686923401923972,0.6218012765328527,0.44447691878338474,0.42285258342638515,982.9811848712046,356.79578827676636,-0.03519288003693019,0.0036531985212663867,-0.4464741494593235,0.5055063587442571,298.15,0.0,0.004949732815001125,-0.0216243353569996,0.06512212539111943
Chen2020_DFN_fine_DC03,3.3581819074095294,8059.63657778287,0.6468126160762528,0.6517623488912535,0.6949634229627856,0.6286548676761007,0.4398988693140234,0.4182745339568575,983.1511322966044,352.892410081508,-0.03529514000654673,0.003660035889615773,-0.4464741494735777,0.5055063587267006,298.15,0.0,0.0049497328150006625,-0.02162433535716587,0.06630855528668488
Chen2020_DFN_fine_DC03_AC07_0p5tauSet,0.2,396.0674872465661,0.10485160928433548,0.11432420604175401,0.11984498459575287,0.11149380654341842,0.8015828965718355,0.7731054585405046,966.005433814387,730.4675596146365,-0.06736403913962308,0.00582793915281532,-0.6320647673092434,0.7156318658646096,298.15,0.0,0.00947259675741854,-0.028477438031330796,0.008351178052334454
Chen2020_DFN_fine_DC03_AC07_0p5tauSet,0.2399769861697409,500.94689896561937,0.11170758809018966,0.12271039191012954,0.12863932092384803,0.11973464717541488,0.7970074787941354,0.7665482294836412,964.3464744953338,750.1321978850058,-0.0925230721317128,0.00999972596118838,-1.1065730919078103,1.2528826922180227,298.15,0.0,0.011002803819939887,-0.030459249310494152,0.008904673748433147
Chen2020_DFN_fine_DC03_AC07_0p5tauSet,0.27995397233948177,608.4931168521522,0.1185632134635577,0.12972951369729574,0.13570978986878993,0.12680169953267711,0.7924322968837464,0.7622605720705918,966.0945891414912,701.2255619218554,-0.10042197428235523,0.012113924110930527,-1.3476318010897268,1.525813858509813,298.15,0.0,0.011166300233738038,-0.030171724813154648,0.008908090336112832
Chen2020_DFN_fine_DC03_AC07_0p5tauSet,0.3199309585092226,716.8567127844013,0.1254224380167158,0.13608453479822363,0.14195936963151054,0.13326991103407973,0.7878547130185576,0.7590891432255905,969.4603011321614,621.4964944191513,-0.10256881361418949,0.013205302357476256,-1.46561548269686,1.6593971831232246,298.15,0.0,0.010662096781507834,-0.028765569792967148,0.00868945859743081
Chen2020_DFN_fine_DC03_AC07_0p5tauSet,0.3599079446789635,825.4865850418738,0.13229610972282208,0.14194380674974202,0.14764761918574695,0.13924914914516562,0.7832674876765925,0.7567138692556626,974.0107409763274,520.4649178664201,-0.10106456620778806,0.013477602637484022,-1.4832726961823346,1.679389372749439,298.15,0.0,0.009647697026919949,-0.026553618420929837,0.008398470040581332
Chen2020_DFN_fine_DC03_AC07_0p5tauSet,0.39988493084870436,934.0043371086707,0.13915393992001607,0.1473289665964659,0.1529275088232933,0.14470699668962073,0.7786908343511921,0.7550431610091415,979.6173817366384,400.9612054690344,-0.09632029019303975,0.012956586296671686,-1.405836177088674,1.5917242058416634,298.15,0.0,0.008175026676449842,-0.023647673342050684,0.008220512133672588
Chen2020_DFN_fine_DC03_AC07_0p5tauSet,0.43986191701844524,971.3039204345532,0.14601040174282018,0.15420374457051203,0.16307590289439455,0.15009864051657015,0.7741150942264722,0.7447433313952256,969.0101549972234,674.0148120504057,-0.039426302417726745,0.003214526131892227,-0.35917797316609873,0.40666799988401575,298.15,0.0,0.00819334282769185,-0.02937176283124658,0.012977262377824391
Chen2020_DFN_fine_DC03_AC07_0p5tauSet,0.4798389031881861,1073.648086311874,0.15286830865400788,0.16362367860882948,0.17493311484645804,0.15860282374638193,0.7695383897050898,0.7372960574020405,964.9771275916377,742.8423140657871,-0.08146034426970966,0.008731970296290895,-1.0024305218650968,1.1349646407639855,298.15,0.0,0.010755369954821618,-0.032242332303049376,0.016330291100076107
Chen2020_DFN_fine_DC03_AC07_0p5tauSet,0.519815889357927,1180.742949697977,0.15973790210687558,0.17094325721334036,0.18388496080932085,0.16534205346500114,0.7649538860332015,0.7330736037433175,966.041740025499,707.1338591463772,-0.09230497074999379,0.011185611686040682,-1.2920872531184049,1.4629252853754857,298.15,0.0,0.011205355106464775,-0.031880282289883925,0.018542907344319712
Chen2020_DFN_fine_DC03_AC07_0p5tauSet,0.5597928755276679,1288.943984565367,0.16660701979003403,0.177476529349158,0.19174907276165268,0.1713881205832292,0.7603696998718044,0.7300192742057033,968.9284755723414,635.9382124220161,-0.0961053646162167,0.012503268209004827,-1.4417615523425653,1.6323893183995075,298.15,0.0,0.010869509559123972,-0.030350425666100935,0.020360952178423476
Chen2020_DFN_fine_DC03_AC07_0p5tauSet,0.5997698616974088,1397.5388322946997,0.17346851864126359,0.18346423133118858,0.1989449819858303,0.17690069964927338,0.7557905982271527,0.7277400412985556,973.0550835847383,542.0553444239307,-0.09602189368473375,0.013005296906787419,-1.4882309349340141,1.6850028199803717,298.15,0.0,0.009995712689925019,-0.028050556928597117,0.022044282336556913
Chen2020_DFN_fine_DC03_AC07_0p5tauSet,0.6397468478671496,1506.1258064842061,0.18033777372916981,0.1889988278110186,0.2056522714692296,0.18192667395732567,0.751206320367087,0.7260638643841637,978.2247256351231,430.29954480652594,-0.09268397912070353,0.012735087706120309,-1.4385876554226917,1.6287944242628798,298.15,0.0,0.008661054081848793,-0.025142455982923292,0.023725597511903923
Chen2020_DFN_fine_DC03_AC07_0p5tauSet,0.6797238340368905,1614.312537489145,0.1872056622815459,0.19406111344526294,0.21185616266883994,0.18643535935963046,0.746622954480516,0.7249851747635981,984.4706848424966,300.3411280273374,-0.08555894934351774,0.01160045107988756,-1.2863459153637133,1.456424835712252,298.15,0.0,0.006855451163717056,-0.02163777971691783,0.025420803309209487
Chen2020_DFN_fine_DC03_AC07_0p5tauSet,0.7197008202066313,1646.6222425998167,0.1940606750640513,0.2044515223776902,0.2276280842813124,0.19437077627604063,0.7420481813898162,0.7096704017169154,965.5635263463244,735.0270380741752,-0.07094419790054957,0.007417122974761688,-0.87550352450795,0.9912614185557436,298.15,0.0,0.010390847313638924,-0.03237777967290073,0.03325730800527177
Chen2020_DFN_fine_DC03_AC07_0p5tauSet,0.7596778063763723,1753.071812588935,0.2009192673834377,0.21209994058098036,0.2368132190542618,0.2011980306788148,0.7374710194532422,0.7050524693908161,965.6345461546972,718.9033725716288,-0.0859478307408824,0.010297259888650004,-1.2259036764545495,1.3879910055046762,298.15,0.0,0.011180673197542653,-0.03241855006242607,0.03561518837544699
Chen2020_DFN_fine_DC03_AC07_0p5tauSet,0.799654792546113,1861.0677587283421,0.20778454570189672,0.21880758052605903,0.24405641424014052,0.20742674438165845,0.7328893955368567,0.7018159257635319,967.9095582974433,659.4081467157436,-0.09153765248679631,0.011835673923978414,-1.4084036462875358,1.5946208750374142,298.15,0.0,0.011023034824162307,-0.031073469773324758,0.03662966985848206
Chen2020_DFN_fine_DC03_AC07_0p5tauSet,0.839631778715854,1969.5861305045696,0.21463394904715452,0.22492870791742017,0.2500211416028906,0.21331803064651292,0.7283183659698216,0.6994042220715715,971.5410552697508,574.7928986485026,-0.09278701123569881,0.012553457724744883,-1.4844039471368151,1.680669833066199,298.15,0.0,0.010294758870265654,-0.028914143898250137,0.03670311095637765
Chen2020_DFN_fine_DC03_AC07_0p5tauSet,0.8796087648855948,2078.214714678296,0.22148201235984352,0.23057213665158224,0.2550263721241713,0.21892711717343413,0.7237482306892205,0.697625658006211,976.3049612927211,470.5120296825688,-0.09062800503509132,0.012521706807069,-1.4635716486377017,1.6570809157151711,298.15,0.0,0.009090124291738716,-0.02612257268300937,0.03609925495073713
Chen2020_DFN_fine_DC03_AC07_0p5tauSet,0.9195857510553358,2186.565333624678,0.22833027731653843,0.23575866954757876,0.2593043663355356,0.2242180027809385,0.7191779608391287,0.6964132932243299,982.1361218022338,348.35809492010713,-0.08487084694720955,0.011681017416228526,-1.3425838261518392,1.5200984471429928,298.15,0.0,0.007428392231040322,-0.022764667614798815,0.03508636355459712
Chen2020_DFN_fine_DC03_AC07_0p5tauSet,0.9595627372250766,2220.0655992289294,0.23518559874464187,0.24499130737718647,0.2718240826122692,0.231700964974658,0.7146029817701727,0.682728041816901,965.7017810619063,735.9995411715623,-0.059561486455309946,0.005915934950256339,-0.7142429517312414,0.8086791904430802,298.15,0.0,0.009805708632544584,-0.03187493995327157,0.04012311763761122
Chen2020_DFN_fine_DC03_AC07_0p5tauSet,0.9995397233948176,2325.529700633651,0.24203352631986472,0.2531036439011293,0.2796917654158775,0.23974127825422148,0.71003293707556,0.6774185088874287,964.5831503957869,744.1682809842433,-0.08045586255924854,0.009371668234482426,-1.1448247604548116,1.2961919447558985,298.15,0.0,0.011070117581264593,-0.03261442818813131,0.03995048716165601
Chen2020_DFN_fine_DC03_AC07_0p5tauSet,1.0395167095645583,2433.226361724964,0.24889993664014343,0.2600316518726056,0.2856723369023694,0.2469901158768493,0.7054505577044984,0.6738728022828754,966.3842216530788,694.0761268830204,-0.08796719676759522,0.011182758902417923,-1.3671854368459424,1.54795284958201,298.15,0.0,0.011131715232462145,-0.03157775542162308,0.038682221025520096
Chen2020_DFN_fine_DC03_AC07_0p5tauSet,1.0794936957342993,2541.6381550084657,0.2557585680381279,0.26631980681800993,0.2906792258989224,0.25381054045355156,0.7008733696883643,0.6712368581960342,969.7302331084528,614.8708497448035,-0.09032069059797668,0.012113765613786255,-1.473115440434886,1.6678887752473563,298.15,0.0,0.010561238779882059,-0.029636511492330257,0.03686868544537086
Chen2020_DFN_fine_DC03_AC07_0p5tauSet,1.11947068190404,2650.274322848179,0.26261633568639586,0.27210657802380334,0.29508775250610847,0.26022408331557434,0.696296758105723,0.6692764440855622,974.296331211686,513.9405776796148,-0.0890754252262146,0.012296446640618654,-1.479465111351373,1.6750779909556346,298.15,0.0,0.009490242337407468,-0.027020314020160856,0.03486366919053417
Chen2020_DFN_fine_DC03_AC07_0p5tauSet,1.1594476680737809,2758.7462429991665,0.2694646258292515,0.2774221839288202,0.29913983356065466,0.2661590051385663,0.6917264714473521,0.6679168138446148,979.9803241417985,393.71716488275774,-0.0844365886692714,0.011722872944315954,-1.388367367337838,1.5719425456765255,298.15,0.0,0.007957558099568692,-0.02380965760273736,0.03298082842208835
Chen2020_DFN_fine_DC03_AC07_0p5tauSet,1.1994246542435218,2794.393731137805,0.27631982100995284,0.28518486221698186,0.3101236054901716,0.27243780301756915,0.6871515766310791,0.6563590842690638,967.2431548887995,709.5400583081828,-0.04324328635381633,0.00404587427305438,-0.4954610697380123,0.5609702635009336,298.15,0.0,0.008865041207029033,-0.030792492362015342,0.037685802472602406
Chen2020_DFN_fine_DC03_AC07_0p5tauSet,1.2394016404132626,2898.1381789614416,0.2831740771873054,0.2940480650131953,0.3194636924646216,0.2812903961415137,0.682577308469692,0.6499082092082777,964.434898736742,752.521119252011,-0.07420703602848724,0.008418604187061165,-1.0486114598166512,1.1872533547473705,298.15,0.0,0.01087398782588987,-0.032669099261414224,0.038173296323107876
Chen2020_DFN_fine_DC03_AC07_0p5tauSet,1.2793786265830036,3005.4251810050423,0.29004152828366037,0.3012437445259745,0.3265756532458128,0.2887309374735059,0.6779942345245229,0.6459761264711806,965.7330555103064,711.9376938353123,-0.08415075701747836,0.010559969692844007,-1.3183512044865173,1.4926618209335074,298.15,0.0,0.011202216242314154,-0.0320181080533422,0.03784471577230686
Chen2020_DFN_fine_DC03_AC07_0p5tauSet,1.3193556127527444,3113.7114311231066,0.29690197154438647,0.3076799039291504,0.33275283301225383,0.29547330415327816,0.673415837340561,0.6431367094271577,968.8295260386752,636.786120175488,-0.08761696037913552,0.011684875579724722,-1.4520189582578282,1.6440029446770508,298.15,0.0,0.010777932384763919,-0.030279127913403196,0.037279528858975654
Chen2020_DFN_fine_DC03_AC07_0p5tauSet,1.3593325989224854,3222.3165019493044,0.3037740459155997,0.3136199126114698,0.3385086028409503,0.3016730220284017,0.6688296779987506,0.6409774043075196,973.1297912412286,539.9652686563543,-0.08744567702405649,0.012084794489156336,-1.4872851879650089,1.68393202765796,298.15,0.0,0.009845866695870125,-0.027852273691231017,0.036835580812548625
Chen2020_DFN_fine_DC03_AC07_0p5tauSet,1.3993095850922261,3330.8747494318895,0.31062785626187905,0.3190775737540107,0.3439952009151113,0.30729368688072906,0.6642557073679533,0.6394458229195706,978.5326589166234,423.8738339349132,-0.08396715164245527,0.0117525713246576,-1.42537280959096,1.6138331727870445,298.15,0.0,0.00844971749213164,-0.02480988444838267,0.03670151403438224
Chen2020_DFN_fine_DC03_AC07_0p5tauSet,1.4392865712619671,3438.9684382664673,0.31748174022641806,0.3240609794510847,0.3494222827665091,0.3122677622958476,0.6596816876071476,0.6384870068897074,984.9995501148976,290.0812464860936,-0.07656048833781216,0.010577187184180497,-1.2577698710597565,1.424070505408416,298.15,0.0,0.006579239224666633,-0.021194680717440254,0.03715452047066151
Chen2020_DFN_fine_DC03_AC07_0p5tauSet,1.479263557431708,3470.95613372947,0.3243369386711031,0.33490540984322353,0.36613282954447196,0.3207021636804162,0.6551067906126168,0.6225512738173239,965.1187999308002,743.9317474099515,-0.06696559825500298,0.007394065477443467,-0.9337581810505893,1.0571897003154038,298.15,0.0,0.010568471172120458,-0.03255551679529281,0.04543066586405576
Chen2020_DFN_fine_DC03_AC07_0p5tauSet,1.5192405436014487,3577.7097488531117,0.3311941945574018,0.34239152009409596,0.3753607957052784,0.32771792595879473,0.6505305205603209,0.6181915944934427,965.7279014413024,716.7386950826944,-0.07998139831119279,0.009910041728004103,-1.2565673074382675,1.4227089404104947,298.15,0.0,0.011197325536694135,-0.032338926066878104,0.04764286974648368
Chen2020_DFN_fine_DC03_AC07_0p5tauSet,1.5592175297711897,3685.8036524925815,0.3380499712735096,0.3489992172537002,0.3833997234385579,0.3339500218210765,0.6459552376495816,0.6151105493833138,968.399722310166,649.1488921864884,-0.08492600331949629,0.011266299100874063,-1.4234814283140693,1.6116922210490419,298.15,0.0,0.010949245980190602,-0.030844688266267753,0.049449701617481356
Chen2020_DFN_fine_DC03_AC07_0p5tauSet,1.5991945159409304,3794.355430091492,0.34490507080686755,0.3550703792497597,0.3908689590162575,0.33963494971340596,0.6413804066646843,0.6127693871858644,972.3087301660637,558.8996073280694,-0.0858779083554707,0.011869229063771879,-1.4869191514085167,1.683517594243245,298.15,0.0,0.010165308442892165,-0.028611019478819878,0.051234009302851546
Chen2020_DFN_fine_DC03_AC07_0p5tauSet,1.6391715021106714,3902.968837584327,0.35178135772348085,0.3606975659321315,0.3980474344031529,0.3447990504923406,0.6367914360313481,0.611009058825819,977.284665756806,450.2743459079636,-0.08355622237258731,0.011760137698427948,-1.4538987209498289,1.6461335747367631,298.15,0.0,0.008916208208650607,-0.02578237720552908,0.053248383910812304
Chen2020_DFN_fine_DC03_AC07_0p5tauSet,1.6791484882804122,4011.248523669502,0.3586538659085661,0.36583976329584855,0.4050289350579218,0.3493593952972826,0.6322049871787685,0.6098640802527202,983.4055724894079,321.96651973232633,-0.07760525088397166,0.010864897290263976,-1.3188263291366986,1.4931997659455765,298.15,0.0,0.007185897387282433,-0.02234090692604832,0.05566953976063917
Chen2020_DFN_fine_DC03_AC07_0p5tauSet,1.7191254744501532,4044.1298458960546,0.36551062192186373,0.37560864571428376,0.4211810665726269,0.35656603484737814,0.6276290507225767,0.5954282214394538,966.1319667066826,728.7184152683567,-0.05829728344693739,0.0062088410451578745,-0.7913903065053726,0.895999846352579,298.15,0.0,0.010098023792420042,-0.03220082928312283,0.06461503172524875
Chen2020_DFN_fine_DC03_AC07_0p5tauSet,1.759102460619894,4150.1002649862685,0.37238840404278994,0.3835196646510309,0.43254322715927873,0.363324503527042,0.6230390822471258,0.5904408965039358,965.7667382235355,721.0687441841085,-0.0757293430204497,0.009213132631058663,-1.1820123772741247,1.3382964580671355,298.15,0.0,0.011131260608240923,-0.03259818574319,0.06921872363223672
Chen2020_DFN_fine_DC03_AC07_0p5tauSet,1.799079446789635,4257.929685201703,0.3792494682344453,0.39034094769812255,0.4421822580674233,0.3691982477016564,0.6184602706776332,0.5870632118473941,967.9210638836106,662.8946726828227,-0.0824844111138402,0.010837458642343747,-1.3872997245818013,1.5707266212909976,298.15,0.0,0.011091479463677252,-0.03139705883023912,0.07298401036576689
Chen2020_DFN_fine_DC03_AC07_0p5tauSet,1.8390564329593757,4366.397123826042,0.3861141431474429,0.3965611793111431,0.4509675586978077,0.37453135796710674,0.6138790494509517,0.5845270670795337,971.4651150139781,578.8823167997718,-0.08454516365185234,0.011636690845255237,-1.4783781815839871,1.673847348926296,298.15,0.0,0.010447036163700152,-0.029351982371418023,0.07643620073070095
Chen2020_DFN_fine_DC03_AC07_0p5tauSet,1.8790334191291167,4475.029587733254,0.39295959197859814,0.4022689512986725,0.4591756771497425,0.3793517973543226,0.6093106589752327,0.5826794360743445,976.1767217886236,474.1464205095157,-0.08327261996835215,0.011741272709019587,-1.4733254036317003,1.6681264994946616,298.15,0.0,0.009309359320074366,-0.026631222900888304,0.07982387979541986
Chen2020_DFN_fine_DC03_AC07_0p5tauSet,1.9190104052988575,4583.449541181724,0.3998271849924224,0.4075568427684571,0.46708732916403983,0.3836873139230065,0.6047274903197782,0.5813486850342097,981.8791043151126,352.9138669070125,-0.07860182140972503,0.01109431393577451,-1.368873405421271,1.5498676699036378,298.15,0.0,0.007729657776034712,-0.023378805285568564,0.08340001524103333
Chen2020_DFN_fine_DC03_AC07_0p5tauSet,1.9589873914685985,4617.967903398686,0.40668606660430834,0.4160365604008995,0.4816004869827061,0.38972132270201737,0.6001501353204656,0.5687502929874645,967.5789909313235,703.8858710397099,-0.04650631406404585,0.004713556300193948,-0.6034138939033417,0.6831914794780471,298.15,0.0,0.009350493796591105,-0.03139984233300107,0.0918791642806887
Chen2020_DFN_fine_DC03_AC07_0p5tauSet,1.9989643776383392,4722.6102038531535,0.4135457729288741,0.4245272629577844,0.4946567055220764,0.3965612053719716,0.5955722299394838,0.5628768457686307,965.7941297790243,725.088785765446,-0.07138502044821787,0.008465073482304613,-1.0946751179453134,1.2394115356441795,298.15,0.0,0.010981490028910317,-0.03269538417085305,0.09809550015010483
Chen2020_DFN_fine_DC03_AC07_0p5tauSet,2.0389413638080804,4830.098423086106,0.4204153843323918,0.4315982441707731,0.5052950906350484,0.4023145254994421,0.5909877142880204,0.5591337235793065,967.3590185927375,678.1722126131148,-0.08027680057805286,0.010388736338827639,-1.342454793207889,1.5199523576600722,298.15,0.0,0.011182859838381258,-0.03185399070871391,0.10298056513560636
Chen2020_DFN_fine_DC03_AC07_0p5tauSet,2.078918349977821,4938.452827148136,0.42726840216870243,0.43794628695134824,0.5147131557678322,0.40748890830208584,0.5864142725480354,0.5564217778594204,970.5609227404723,600.0974962293291,-0.08347701285725434,0.011386726385892321,-1.4616311918627773,1.6548860948327504,298.15,0.0,0.01067788478264583,-0.029992494688614982,0.10722424746574626
Chen2020_DFN_fine_DC03_AC07_0p5tauSet,2.118895336147562,5047.0740931476175,0.4341144329916576,0.4437961058750454,0.5234062824921428,0.4122142256803636,0.5818454936732704,0.5543818573413013,974.8981835745326,501.8772025916534,-0.08324139130967027,0.011694214147334344,-1.484454992552387,1.6807276276365182,298.15,0.0,0.009681672883387843,-0.027463636331969105,0.11119205681177917
Chen2020_DFN_fine_DC03_AC07_0p5tauSet,2.1588723223173027,5155.5997637470955,0.4409580557352331,0.4491955807157206,0.5315660069888962,0.4164867944622515,0.5772783218584914,0.5529109049006838,980.2558139312893,386.40640172670237,-0.07973236812793286,0.011283901570885126,-1.4102170132352223,1.5966694424904202,298.15,0.0,0.008237524980487486,-0.02436741695780747,0.11507921252664471
Chen2020_DFN_fine_DC03_AC07_0p5tauSet,2.1988493084870435,5193.627519835222,0.4478133529237752,0.4557254962579455,0.5428747952940998,0.42093668771147214,0.5727033589660901,0.5431937203813242,970.542674587707,646.1958085806338,-0.025206639915308294,0.00240160176499259,-0.30639240253952454,0.3469031926674416,298.15,0.0,0.007912143334170285,-0.02950963858476593,0.12193810758262767
Chen2020_DFN_fine_DC03_AC07_0p5tauSet,2.2388262946567847,5295.323629042458,0.45467935291205175,0.46540736289415097,0.5574839745800422,0.4285696901691019,0.5681212534348973,0.5354763566213644,965.8442171960013,727.5959176325358,-0.06650124480139308,0.007614813594182109,-0.9886468419973564,1.1193632484972187,298.15,0.0,0.010728009982099218,-0.03264489681353294,0.1289142844109403
Chen2020_DFN_fine_DC03_AC07_0p5tauSet,2.2788032808265255,5402.344249927217,0.46153997091959037,0.47274817613383363,0.5679463751764064,0.43442333936934224,0.563542739631604,0.5313319273051009,966.7101415177457,694.3531867972767,-0.07816554921715303,0.00989228563470663,-1.2857025128932893,1.4556963634433353,298.15,0.0,0.011208205214243283,-0.03221081232650305,0.13352303580706418
Chen2020_DFN_fine_DC03_AC07_0p5tauSet,2.3187802669962663,5510.528998665342,0.4683972067536535,0.4792761297318085,0.5765019811782074,0.4396958762695975,0.5589664829614024,0.5283662827690245,969.4434685039121,624.9153194224241,-0.08280141735903955,0.01112251633069487,-1.4379174783161488,1.6280369860951465,298.15,0.0,0.010878922978155051,-0.030600200192377865,0.13680610490860987
Chen2020_DFN_fine_DC03_AC07_0p5tauSet,2.3587572531660075,5619.111607202053,0.47525962866915644,0.4852891295721566,0.5835892256519907,0.4445878851510926,0.5543867652989942,0.5261035612125612,973.3489918885433,534.4993301151627,-0.0836096341433334,0.011622165827621505,-1.4878419344663691,1.6845623864388162,298.15,0.0,0.01002950090300015,-0.028283204086433096,0.13900134050089805
Chen2020_DFN_fine_DC03_AC07_0p5tauSet,2.3987342393357483,5727.702631034764,0.4821325645074671,0.4908462583923402,0.5892945348711208,0.4491095486434122,0.5498000310470247,0.5244402377663443,978.3492010118189,425.3221467956089,-0.081160811818956,0.01142908965946654,-1.4423834674531368,1.6330934621987097,298.15,0.0,0.008713693884873086,-0.025359793280680425,0.14018498622770867
Chen2020_DFN_fine_DC03_AC07_0p5tauSet,2.438711225505489,5835.906749913433,0.48899737517664077,0.49591442063891206,0.5936350998208205,0.4531998583083243,0.5452187192218692,0.523384575496156,984.4667748934523,297.52964864071583,-0.07491744020069392,0.010442685984145345,-1.2929911893673591,1.463990870902842,298.15,0.0,0.006917045462271302,-0.02183414372571317,0.14043524151249612
Chen2020_DFN_fine_DC03_AC07_0p5tauSet,2.47868821167523,5868.317345952523,0.49585393662517885,0.5061911321503364,0.6062041683353786,0.4609937115473936,0.5406429126107481,0.5082361489273323,965.5530890328879,734.6040814732476,-0.06086999497613181,0.006613899703615141,-0.8596215025595946,0.9732794964202413,298.15,0.0,0.010337195525157475,-0.03240676368341589,0.14521045678798497
Chen2020_DFN_fine_DC03_AC07_0p5tauSet,2.518665197844971,5974.684301730617,0.5026948666445396,0.5138567212964806,0.6122124905758706,0.4675014988075563,0.5360775378170207,0.5036091997779852,965.4299051347058,720.560646541813,-0.07642293227193774,0.009329106109070626,-1.2168545377947804,1.3777454020144333,298.15,0.0,0.011161854651941071,-0.0324683380390355,0.14471099176831428
Chen2020_DFN_fine_DC03_AC07_0p5tauSet,2.5586421840147118,6082.632496315855,0.5095494545391158,0.5205904060837345,0.6161963342332344,0.47346057041744993,0.5315030482802582,0.5003461593765326,967.535833384797,663.2334727385456,-0.0827649018561629,0.010820378847218691,-1.406304549543502,1.592244238206576,298.15,0.0,0.011040951544618652,-0.031156888903725574,0.14273576381578448
Chen2020_DFN_fine_DC03_AC07_0p5tauSet,2.5986191701844525,6191.15032310829,0.5164039148464247,0.5267241324413594,0.6188311157520202,0.4790986713307733,0.5269286438903539,0.4979206771456651,971.0852491245652,579.768761215798,-0.08448772899681185,0.011506537307254426,-1.4824946135897088,1.6785080500147584,298.15,0.0,0.01032021759493467,-0.02900796674468877,0.13973244442124694
Chen2020_DFN_fine_DC03_AC07_0p5tauSet,2.6385961563541933,6299.775957819723,0.5232645793848719,0.5324002473986558,0.6205165662909584,0.4844976336008525,0.5223500990341128,0.4961054379047898,975.7769533079354,476.71087111797215,-0.08290746352140385,0.011524203313684091,-1.4654903413680294,1.6592554958760353,298.15,0.0,0.009135668013783821,-0.026244661129323006,0.13601893269010595
Chen2020_DFN_fine_DC03_AC07_0p5tauSet,2.6785731425239345,6408.138094130498,0.5301178162929477,0.5375975811038531,0.6214638339420219,0.48960045878573494,0.5177765110940191,0.4948902212581721,981.597882957214,354.9503183737791,-0.07770462301596073,0.010785853255258116,-1.3475714938566343,1.5257664942025835,298.15,0.0,0.007479764810905318,-0.022886289835847045,0.13186337515628693
Chen2020_DFN_fine_DC03_AC07_0p5tauSet,2.7185501286936753,6441.787737427797,0.5369736497664721,0.5467102174191779,0.6314614487441688,0.49701947788377504,0.5132011903055527,0.4813781242270715,965.1541069323956,745.4718402769169,-0.05284798623482747,0.005365754020987073,-0.6961701387815192,0.7882168146461696,298.15,0.0,0.009736567652705816,-0.03182306607848112,0.13444197086039372
Chen2020_DFN_fine_DC03_AC07_0p5tauSet,2.758527114863416,6547.129790773207,0.5438201960346409,0.5548751563131891,0.6355627477693953,0.5050648710664009,0.5086320674423858,0.4759955526328723,963.7459927909907,757.7727383319364,-0.07439732310533476,0.008698001047411417,-1.1363055362043464,1.286545998455415,298.15,0.0,0.01105496027854815,-0.03263651480951347,0.13049787670299437
Chen2020_DFN_fine_DC03_AC07_0p5tauSet,2.798504101033157,6654.7841194952125,0.5506954373595618,0.5618508323425947,0.6380313369887791,0.5124654663935446,0.5040437945969165,0.47238216191573584,965.3173987962957,711.7608096231405,-0.08259890494009642,0.01046765493563166,-1.3644967119539297,1.5449086251242958,298.15,0.0,0.011155394983032857,-0.03166163268118064,0.12556587059523447
Chen2020_DFN_fine_DC03_AC07_0p5tauSet,2.8384810872028976,6763.1969088361875,0.5575501135418944,0.5681320325657029,0.6395796281728011,0.5196025750916231,0.4994692461402851,0.4697622774214606,968.59434539151,634.0791389741139,-0.08535722413564424,0.01137220746683355,-1.4708342805735506,1.6653060035088536,298.15,0.0,0.010581919023808437,-0.029706968718824545,0.11997705308117794
Chen2020_DFN_fine_DC03_AC07_0p5tauSet,2.878458073372639,6871.826927317029,0.5644036118095637,0.5739303706550388,0.6406495253796631,0.5266170848224949,0.4948954837788051,0.46778877562941346,973.0643226252856,535.9008569816228,-0.08456341136372877,0.0115880840145517,-1.4805838515185499,1.6763446510689908,298.15,0.0,0.0095267588454751,-0.027106708149391638,0.11403244055716821
Chen2020_DFN_fine_DC03_AC07_0p5tauSet,2.9184350595423796,6980.308947742816,0.5712488033755,0.5792559218644133,0.6414490471920828,0.5334831521483522,0.49032726499204377,0.46641868164891287,978.6995386798635,417.9033186090917,-0.08029054887101364,0.01108350044154111,-1.3926318151169161,1.5767846139786061,298.15,0.0,0.008007118488913298,-0.02390858334313092,0.10796589504373069
Chen2020_DFN_fine_DC03_AC07_0p5tauSet,2.9584120457121204,7016.272658586412,0.5781033703124075,0.5868292083343767,0.6507300080803959,0.5403727295025598,0.485752789441627,0.45514252838577146,966.1836246956915,732.3446221263002,-0.038686170622819156,0.0036330938199962883,-0.4677357532406112,0.5295376998374077,298.15,0.0,0.008725838021969114,-0.030610261055855542,0.11035727857783609
Chen2020_DFN_fine_DC03_AC07_0p5tauSet,2.998389031881861,7119.743259964427,0.5849445738803342,0.5957976655550048,0.6564172339777061,0.5511295548912479,0.48118723209205966,0.44852276226983767,962.7728929335796,787.4174904434602,-0.07124990504878151,0.007975639509079833,-1.0391509531250815,1.1765400946065736,298.15,0.0,0.010853091674670658,-0.032664469822221986,0.10528767908645821
Chen2020_DFN_fine_DC03_AC07_0p5tauSet,3.0383660180516023,7226.997201139127,0.5918088641321938,0.6030129922219496,0.6602013777874127,0.5608308714243149,0.47660626757349495,0.444558068263084,963.8979814498925,751.0993748549555,-0.08184042441500086,0.010086305896448539,-1.3127245115755528,1.4862911743037233,298.15,0.0,0.011204128089755743,-0.032048199310410905,0.09937050636309777
Chen2020_DFN_fine_DC03_AC07_0p5tauSet,3.078343004221343,7335.263869961364,0.598661794041045,0.6094638841704804,0.6634213686081973,0.5702447879614719,0.4720328845129306,0.44169500500568704,966.9445578019307,678.1038637915162,-0.0858080646248622,0.011226073193073137,-1.450706560990839,1.6425170240151732,298.15,0.0,0.010802090129435301,-0.03033787950724353,0.09317658064672543
Chen2020_DFN_fine_DC03_AC07_0p5tauSet,3.118319990391084,7443.870103181882,0.6055224024758002,0.6153937824844335,0.6666350260989266,0.579384051044287,0.46745437709814636,0.4395479689814846,971.3654783398993,580.0521079796642,-0.08587594490736537,0.01164044648891231,-1.4865566301345645,1.6831071407933755,298.15,0.0,0.009871380008633348,-0.027906408116661716,0.08725097505463957
Chen2020_DFN_fine_DC03_AC07_0p5tauSet,3.1582969765608246,7552.43838255509,0.6123807822858568,0.6208807132204701,0.6701772161502956,0.5880197275819803,0.4628773569821634,0.4379730383960728,976.9132381735805,461.7342591649003,-0.08271626776617541,0.011373076383146575,-1.4292018668396358,1.6181690082351339,298.15,0.0,0.008499930934613322,-0.024904318586090577,0.08215748856831533
Chen2020_DFN_fine_DC03_AC07_0p5tauSet,3.198273962730566,7660.548683854148,0.6192432363895103,0.6258877627408954,0.6742749049946064,0.595719508536279,0.4582976178386169,0.4369798463774173,983.626008196398,322.9421071190335,-0.07552886113540525,0.010269747796575468,-1.2639843888451956,1.4311128568392908,298.15,0.0,0.006644526351385066,-0.02131777146119961,0.07855539645832742
Chen2020_DFN_fine_DC03_AC07_0p5tauSet,3.2382509489003066,7692.608004124414,0.6260984564835471,0.6366291631397842,0.690299234744051,0.6052373783785167,0.45372270639613727,0.42118752120057845,964.0076896529079,771.1915733146801,-0.06618758177184995,0.007139588895608153,-0.9206945399072782,1.0424275288825477,298.15,0.0,0.010530706656237048,-0.032535185195558806,0.08506185636553439
Chen2020_DFN_fine_DC03_AC07_0p5tauSet,3.2782279350700474,7799.30254286338,0.6329608690741902,0.6441499609462527,0.6987881706492729,0.6143728856419822,0.4491429949567842,0.4167783183980497,964.7812752865192,739.560810209296,-0.07988525454646415,0.009684759016486473,-1.2486689174336698,1.4137662359790966,298.15,0.0,0.011189091872062478,-0.03236467655873451,0.08441528500729065
Chen2020_DFN_fine_DC03_AC07_0p5tauSet,3.318204921239788,7907.359345854586,0.6398155819534065,0.6507926584652779,0.7065725843498182,0.6220929938420595,0.4445684220100583,0.41364769773608556,967.6136372446764,667.5415397753127,-0.0853792069755361,0.011101762479657539,-1.42209718940731,1.6101249622164446,298.15,0.0,0.010977076511871497,-0.030920724273972727,0.08447959050775862
Chen2020_DFN_fine_DC03_AC07_0p5tauSet,3.3581819074095294,8015.912339180456,0.6466742482938587,0.6568661112487816,0.7140427331898012,0.6287246356946464,0.4399912106746602,0.41130642452495436,971.7556978485802,571.7021933313976,-0.08658662313511983,0.011727599076983458,-1.4856664055757278,1.6820992120549112,298.15,0.0,0.010191862954922906,-0.0286847861497058,0.08531809749515473
Chen2020_DFN_fine_DC03_AC07_1p0tauSet,0.2,322.6395609111085,0.10488929157843259,0.11696514205593306,0.12433855790183408,0.11307204493819578,0.8015577488514009,0.7676046948406031,958.4618848925381,912.8086880805815,-0.08974684431695808,0.008773013626016221,-0.9826897475460216,1.1126196593221054,298.15,0.0,0.012075850477500467,-0.033953054010797734,0.011266512963638295
Chen2020_DFN_fine_DC03_AC07_1p0tauSet,0.2399769861697409,506.73053999886787,0.11176951073463476,0.12303069446761165,0.12892177055670473,0.12007658218839964,0.7969661539919063,0.7684252974717766,964.7666624211074,730.478396431193,-0.1062557359627833,0.013268376065580102,-1.4705881917649613,1.665027377170087,298.15,0.0,0.011261183732976899,-0.02854085652012974,0.008845188368305078
Chen2020_DFN_fine_DC03_AC07_1p0tauSet,0.27995397233948177,536.6293955741168,0.11862809940359371,0.13172062841310317,0.1400699960415503,0.12751881099172913,0.7923889944914879,0.7567007247211369,956.5322379149258,944.6386777361234,-0.100727024948362,0.011175520441661636,-1.2824470373158303,1.4520102607572554,298.15,0.0,0.013092529009509461,-0.03568826977035097,0.012551185049821176
Chen2020_DFN_fine_DC03_AC07_1p0tauSet,0.3199309585092226,723.5320911596482,0.12549822046377204,0.13483165344896833,0.14001979377764223,0.13229200907184596,0.7878041387146815,0.7629233287773489,971.9148054117445,570.2765020545783,-0.09848921036728388,0.012438088574592082,-1.361612243748609,1.541642776425814,298.15,0.0,0.009333432985196292,-0.024880809937332573,0.007727784705796258
Chen2020_DFN_fine_DC03_AC07_1p0tauSet,0.3599079446789635,752.9709145548117,0.13235683366398093,0.1453567932753013,0.15499559664657545,0.1408147180833585,0.7832269628430449,0.7484156152063123,958.1030566435616,897.0030172197245,-0.10348812658927384,0.012404824173982419,-1.4372079667692046,1.6272337179396434,298.15,0.0,0.012999959611320359,-0.03481134763673265,0.014180878563216953
Chen2020_DFN_fine_DC03_AC07_1p0tauSet,0.39988493084870436,791.7982823314719,0.13921546001518004,0.14944698463847852,0.1601639932180904,0.14437797998101212,0.7786497781949423,0.7444145872250829,963.7553404960139,801.3966796989549,-0.06363787316433686,0.0056353838083730776,-0.6416052093812031,0.7264372146061234,298.15,0.0,0.0102315246232985,-0.034235190969859414,0.015786013237078286
Chen2020_DFN_fine_DC03_AC07_1p0tauSet,0.43986191701844524,970.1336484173028,0.14608530397465785,0.1582400047982123,0.16933706593259165,0.15326624617267467,0.7740651073445333,0.741726532687585,961.8702868180172,802.0534982064635,-0.10202325550741854,0.012845546934664321,-1.4881953145457358,1.6849624899526032,298.15,0.0,0.012154700823554463,-0.032338574656948296,0.01607081975991699
Chen2020_DFN_fine_DC03_AC07_1p0tauSet,0.4798389031881861,1001.685948867422,0.15294385893939827,0.1655540083585101,0.18124826588854717,0.15865635628196298,0.7694879703370203,0.7323468949027251,958.3076681312016,916.354566027243,-0.08803874201032971,0.009444379787181857,-1.1113292683499538,1.2582677235125193,298.15,0.0,0.012610149419111835,-0.03714107543429517,0.02259190960658419
Chen2020_DFN_fine_DC03_AC07_1p0tauSet,0.519815889357927,1187.3211068005712,0.15979876474649782,0.170448162716338,0.18358208388804723,0.16478148139326998,0.7649132686376104,0.7362791803858564,967.5114667043316,669.6042322841682,-0.09737599668715609,0.012569067220957965,-1.443735331931007,1.6346240684494027,298.15,0.0,0.010649397969840187,-0.028634088251754005,0.018800602494777247
Chen2020_DFN_fine_DC03_AC07_1p0tauSet,0.5597928755276679,1216.7974152614943,0.1666573404530673,0.179816942331285,0.19976354550411107,0.17136809237221165,0.760336117787794,0.7236179236322539,957.9574146746605,912.1317742482204,-0.095622324047899,0.011325049389435217,-1.3512611951926294,1.529923126168428,298.15,0.0,0.013159601878217703,-0.036718194155540146,0.02839545313189942
Chen2020_DFN_fine_DC03_AC07_1p0tauSet,0.5997698616974088,1403.7470865002667,0.1735224258018698,0.18199744480751337,0.19829883959971809,0.17515059399058863,0.7557546226519697,0.7319034532842479,975.3328647207551,496.60399893612635,-0.08903149663021459,0.011489170496698614,-1.2962595832851898,1.4676492754110158,298.15,0.0,0.008475019005643592,-0.023851169367721803,0.02314824560912945
Chen2020_DFN_fine_DC03_AC07_1p0tauSet,0.6397468478671496,1433.546220667592,0.18038110660055945,0.1931575320467214,0.21681387084149,0.18319874220035506,0.7511774016676964,0.7165079720877595,960.0106215237594,852.4770136432768,-0.09757721846910072,0.012241155390228287,-1.4664727683791912,1.6603678180249044,298.15,0.0,0.012776425446161956,-0.03466942957993698,0.03361512864113494
Chen2020_DFN_fine_DC03_AC07_1p0tauSet,0.6797238340368905,1468.6410093352358,0.18723950563927352,0.19867497549330176,0.22531236315683276,0.1871713251254037,0.7466003687192428,0.710153369230358,961.4772322087945,851.5137185453872,-0.07131913345304634,0.007145154409238592,-0.852686163912705,0.9654271773377043,298.15,0.0,0.011435469854028239,-0.03644699948888483,0.03814103803142907
Chen2020_DFN_fine_DC03_AC07_1p0tauSet,0.7197008202066313,1650.7988945643078,0.19411489570435386,0.20580334817993157,0.2320069639342034,0.19445739874776233,0.7420119966102854,0.7105593033419627,963.9897543916917,752.0765620392591,-0.09599415650869747,0.012427631920970215,-1.4828592619889687,1.678920911732713,298.15,0.0,0.01168845247557771,-0.03145269326832275,0.03754956518644105
Chen2020_DFN_fine_DC03_AC07_1p0tauSet,0.7596778063763723,1681.274004689595,0.20097327742717827,0.21391449796501313,0.2446208566385527,0.20024615503989282,0.7374349752177941,0.6999175517641786,957.9507915504288,919.6411824189629,-0.087537699654052,0.009952745359585374,-1.2144344609952802,1.3750053459296772,298.15,0.0,0.01294122053783486,-0.03751742345361559,0.04437470159865988
Chen2020_DFN_fine_DC03_AC07_1p0tauSet,0.799654792546113,1867.8207848217946,0.20788013608575215,0.2178471465313901,0.24479880178552238,0.20550574496335752,0.7328256021742966,0.7055591468758683,969.9349617274211,614.1467601222255,-0.09101736958076256,0.011910056696197716,-1.4041399370194778,1.5897934238513,298.15,0.0,0.009967010445637947,-0.02726645529842831,0.03929305682216487
Chen2020_DFN_fine_DC03_AC07_1p0tauSet,0.839631778715854,1897.1614746241564,0.21473873833390064,0.22785701854572737,0.259704165512507,0.21294300584259793,0.7282484336116466,0.6919221047238207,958.0184145547387,903.59373579342,-0.09358217394403576,0.011405994016259927,-1.4046265096523276,1.590344330507282,298.15,0.0,0.01311828021182671,-0.03632632888782592,0.04676115966990909
Chen2020_DFN_fine_DC03_AC07_1p0tauSet,0.8796087648855948,1941.809315500872,0.2215917832624703,0.2300993795146203,0.2614386381610832,0.21502273894205234,0.7236749737913252,0.6912363322336142,968.8939948604896,687.7990064525577,-0.036624665705131544,0.0032117724530466257,-0.3819943102377131,0.4325010822409358,298.15,0.0,0.008507596252149998,-0.03243864155771085,0.04641589921903086
Chen2020_DFN_fine_DC03_AC07_1p0tauSet,0.9195857510553358,2114.1852138065387,0.22850685893897166,0.2409789247638424,0.27168536511111674,0.2257897753028412,0.7190601170246463,0.6852895344416889,960.4556644867547,835.4855277645469,-0.09471329151903511,0.01204085589372164,-1.4833514191170347,1.6794781412079363,298.15,0.0,0.012472065824870733,-0.03377058258295734,0.04589558980827558
Chen2020_DFN_fine_DC03_AC07_1p0tauSet,0.9595627372250766,2146.9911574098187,0.23536516998899948,0.24756614737625754,0.2803912655108928,0.2310420119366598,0.7144831427964738,0.6771548515994532,958.7234334738146,908.5463919571714,-0.07675111187231021,0.00814890111828317,-1.009871408618087,1.1433952429258767,298.15,0.0,0.01220097738725806,-0.037328291197020656,0.049349253574232976
Chen2020_DFN_fine_DC03_AC07_1p0tauSet,0.9995397233948176,2331.4379111480516,0.24222946934669398,0.25337736380769066,0.28153590843264975,0.23879874967761489,0.7099021722010244,0.6797850039683436,965.0952007898787,722.9670284232498,-0.09210596034461441,0.01199374784400616,-1.4660211864310513,1.659856528552152,298.15,0.0,0.011147894460996653,-0.03011716823268073,0.04273715875503488
Chen2020_DFN_fine_DC03_AC07_1p0tauSet,1.0395167095645583,2361.2375302197,0.24908789021779035,0.26220098087764343,0.2940459110291535,0.2457487843161476,0.7053251246824751,0.6680075749737451,956.8140238335537,939.1244567254963,-0.08818794600215031,0.010311507126637427,-1.296722966551147,1.4681733397426775,298.15,0.0,0.013113090659853091,-0.037317549708729976,0.048297126713005935
Chen2020_DFN_fine_DC03_AC07_1p0tauSet,1.0794936957342993,2548.1827820487615,0.25593952882035387,0.26511728796561423,0.29033639593070293,0.2517021344973349,0.7007526033902893,0.6752501654677443,972.0500550012534,566.8807846267963,-0.08568420250525907,0.01123170846022245,-1.3505005291203585,1.5290618858899372,298.15,0.0,0.009177759145260332,-0.02550243792254504,0.03863426143336805
Chen2020_DFN_fine_DC03_AC07_1p0tauSet,1.11947068190404,2577.6632868888696,0.26279818292324064,0.2757640310714124,0.30569764194749127,0.26019610530052256,0.6961754002217727,0.6606384207895079,958.0646351010869,897.5189569514948,-0.09213688089932869,0.011438594813718204,-1.4441190207175967,1.6350584880371406,298.15,0.0,0.012965848148171751,-0.03553697943226482,0.04550153664696874
Chen2020_DFN_fine_DC03_AC07_1p0tauSet,1.1594476680737809,2615.594680927863,0.26965644156214874,0.2801709941234231,0.3111646959037036,0.264038353342334,0.6915984609707739,0.6561881311207126,962.8030426219848,823.4294093408442,-0.05715833338137967,0.005537362553946349,-0.6884622031524208,0.7794897462166531,298.15,0.0,0.010514552561274329,-0.03541032985006121,0.04712634256136961
Chen2020_DFN_fine_DC03_AC07_1p0tauSet,1.1994246542435218,2794.85293052652,0.2765349784163175,0.288607342865227,0.3165796534524399,0.27420836054360664,0.6870079888152523,0.6544377124219538,961.6386896006512,806.0493749412907,-0.09176823643480102,0.011837834225212982,-1.4881777990093799,1.6849426585122835,298.15,0.0,0.01207236444890947,-0.03257027639329848,0.04237129290883325
Chen2020_DFN_fine_DC03_AC07_1p0tauSet,1.2394016404132626,2826.1707158918807,0.2833933444283992,0.29607756887037,0.3278798883240464,0.2800152555985827,0.6824309779075091,0.6448443344933419,957.592518756426,932.1257256086784,-0.07970535896369252,0.008892751723665906,-1.132537179255985,1.2822797160916086,298.15,0.0,0.012684224441970832,-0.037586643414167224,0.047864632725463714
Chen2020_DFN_fine_DC03_AC07_1p0tauSet,1.2793786265830036,3012.01595792537,0.2902657825356206,0.30079197921641404,0.32744881831493544,0.28740426091174015,0.6778445758222129,0.6492513124946123,967.347048881956,672.270882570689,-0.08788593137517077,0.011570508110814058,-1.4370865989288772,1.627096248939227,298.15,0.0,0.010526196680793482,-0.02859326332760061,0.04004455740319531
Chen2020_DFN_fine_DC03_AC07_1p0tauSet,1.3193556127527444,3041.4480029321503,0.297124249376998,0.3102834039259286,0.34269260016431663,0.29452745861299773,0.6732674976248579,0.6364202343174301,957.3211673951183,925.5398579703035,-0.08765419341500738,0.01060973932997163,-1.3624548201799254,1.5425967571683663,298.15,0.0,0.013159154548930619,-0.036847263307427894,0.04816514155131888
Chen2020_DFN_fine_DC03_AC07_1p0tauSet,1.3593325989224854,3228.350868572586,0.3040044952067914,0.3123095904159574,0.33893507880958007,0.29944619168913467,0.6686758849644311,0.6450421391083229,975.3875358758718,495.25199129525106,-0.0799872610481639,0.010536158213078975,-1.281618209548861,1.4510720390002967,298.15,0.0,0.008305095209166015,-0.02363374585610815,0.039488887120445404
Chen2020_DFN_fine_DC03_AC07_1p0tauSet,1.3993095850922261,3258.2571148385014,0.3108631662993938,0.3235893152526903,0.35699141667804946,0.30798515449868413,0.6640986704576294,0.6294828564343642,959.6342031610745,860.4080568485367,-0.08989162269910926,0.011458251661640821,-1.4705966244942523,1.6650369248512626,298.15,0.0,0.012726148953296473,-0.034615814023265204,0.0490062621793653
Chen2020_DFN_fine_DC03_AC07_1p0tauSet,1.4392865712619671,3292.827533930986,0.3177213885038274,0.32933210200489205,0.36629922258643527,0.31223930277466233,0.6595217555216049,0.6227613331512553,960.620136079601,872.9788999848637,-0.06615414857799913,0.006932643104588516,-0.8862929060773269,1.0034770881776445,298.15,0.0,0.01161071350106461,-0.03676042237034965,0.054059919811772966
Chen2020_DFN_fine_DC03_AC07_1p0tauSet,1.479263557431708,3475.5172530872405,0.3245965143428574,0.33619149383207003,0.3714094580582455,0.32038449810285136,0.6549335597469976,0.6236628490075609,964.0103889800039,751.9931671325836,-0.08844094860685874,0.011630342741562832,-1.480747890024047,1.6765303770007483,298.15,0.0,0.011594979489212634,-0.031270710739436706,0.05102495995539413
Chen2020_DFN_fine_DC03_AC07_1p0tauSet,1.5192405436014487,3505.8331623313406,0.33145493334397774,0.3444419204270579,0.3859549777497591,0.326148819828888,0.6503565134763986,0.6128031835322661,957.8484198785025,925.4113360950199,-0.08108694391015173,0.009490908760651397,-1.2317846504168177,1.3946495539472294,298.15,0.0,0.012986987083080161,-0.03755332994413244,0.0598061579208711
Chen2020_DFN_fine_DC03_AC07_1p0tauSet,1.5592175297711897,3692.494786787971,0.338308866811632,0.34812281163915415,0.38634408727346653,0.33163792016642923,0.64578246067911,0.6188549168737988,970.4789021226181,603.2158130883548,-0.08356149393671607,0.011130816188907234,-1.3949452634926467,1.5793830430404177,298.15,0.0,0.009813944827522127,-0.02692754380531131,0.05470616710703728
Chen2020_DFN_fine_DC03_AC07_1p0tauSet,1.5991945159409304,3721.8411787593177,0.34516741864733275,0.3582590682013312,0.40434317177559653,0.338726927233435,0.6412053257597979,0.6050221609990081,958.5932288728155,895.1235555584208,-0.08671685004637292,0.010849390528718146,-1.4132541667493175,1.6001127247561793,298.15,0.0,0.013091649553998434,-0.03618316476078988,0.0656162445421615
Chen2020_DFN_fine_DC03_AC07_1p0tauSet,1.6391715021106714,3764.6187521634342,0.35202573290183187,0.36106641384361,0.40876083427078974,0.34077593163951503,0.6366283493930839,0.6033457525307105,967.8819845284597,714.5022559968403,-0.03810672317920179,0.0036225709012112756,-0.45820699847059737,0.5187905092227779,298.15,0.0,0.00904068094177811,-0.033282596862373365,0.06798490263127469
Chen2020_DFN_fine_DC03_AC07_1p0tauSet,1.6791484882804122,3938.90420029273,0.3588897988780685,0.37128600975883247,0.42232901348336177,0.35030833686449697,0.6320475345474847,0.5985222823541814,961.5872666865241,814.7939497011762,-0.0877919659207307,0.011448178341186898,-1.4850850011639847,1.68144093497997,298.15,0.0,0.012396210880763935,-0.03352525219330336,0.07202067661886484
Chen2020_DFN_fine_DC03_AC07_1p0tauSet,1.7191254744501532,3971.3710302423565,0.365748041845061,0.3780585383918058,0.43468782804290773,0.35486020524165995,0.6274706057553229,0.5900773045831021,959.61279551317,895.5351524860744,-0.07146092550888908,0.007948121185691907,-1.0358810701378456,1.1728438667654333,298.15,0.0,0.012310496546744803,-0.0373933011722207,0.07982762280124776
Chen2020_DFN_fine_DC03_AC07_1p0tauSet,1.759102460619894,4156.1459301374125,0.37260535068786227,0.3836383370557478,0.44021718910478064,0.3609369899981949,0.6228943003618858,0.5930726454073412,966.6055520218911,693.2263100882845,-0.08543433075439823,0.011394407806768819,-1.4613296469751254,1.6545446800069925,298.15,0.0,0.011032986367885564,-0.029821654954544585,0.07928019910658574
Chen2020_DFN_fine_DC03_AC07_1p0tauSet,1.799079446789635,4185.849712627645,0.3794637941248855,0.39259590774382697,0.4569789504290221,0.36689534218151143,0.6183172377837013,0.581081258641995,958.3252665244884,912.5237119794367,-0.08212128263341603,0.009968067694550817,-1.3107999806373205,1.4841120191960617,298.15,0.0,0.01313211361894145,-0.037235979141706316,0.09008360824751065
Chen2020_DFN_fine_DC03_AC07_1p0tauSet,1.8390564329593757,4372.822053399862,0.38633959660411166,0.3953583455768163,0.4582076767237833,0.37059983558219606,0.6137285904453322,0.5885667742762941,973.7892671491181,531.0002127569571,-0.07944415653047235,0.010639188009664746,-1.3383782274880671,1.515336789894211,298.15,0.0,0.009018748972704677,-0.025161816169038093,0.08760784114158725
Chen2020_DFN_fine_DC03_AC07_1p0tauSet,1.8790334191291167,4402.36232641789,0.39319825353320537,0.4061268875743127,0.47779896222325036,0.3779865211676104,0.6091513853907125,0.5737720233440297,959.8429044678552,864.0169805522058,-0.08613013150612939,0.01103135563519959,-1.4502958290796073,1.6420519856804032,298.15,0.0,0.012928634041107332,-0.03537936204668285,0.09981244105563997
Chen2020_DFN_fine_DC03_AC07_1p0tauSet,1.9190104052988575,4439.509347042025,0.40005649721545883,0.41082325103240036,0.48606676860883224,0.3811398973270145,0.6045744561212135,0.5688270718862527,963.5939961878154,811.4775152199546,-0.05488278095773258,0.005639670263275827,-0.7314872025454316,0.8282034529229517,298.15,0.0,0.010766753816941513,-0.03574738423496082,0.10492687128181777
Chen2020_DFN_fine_DC03_AC07_1p0tauSet,1.9589873914685985,4619.573219274382,0.40691650796957385,0.4189032244559206,0.4976384412551197,0.38829259372848024,0.5999963475756064,0.5676705817324845,963.4719199010846,769.8225023463453,-0.08619289280908632,0.011400607019517514,-1.4876773633995835,1.684376056000193,298.15,0.0,0.011986716486346747,-0.03232576584312194,0.10934584752663942
Chen2020_DFN_fine_DC03_AC07_1p0tauSet,1.9989643776383392,4650.660670653044,0.41377481523704385,0.4265316724432481,0.5119698176283081,0.393261529722449,0.5954193758717686,0.557818286955881,959.0026449197167,906.4000288255162,-0.07536642052287239,0.008740694754598426,-1.1535151553541048,1.3060305889812043,298.15,0.0,0.012756857206204258,-0.03760108891588768,0.11870828790585905
Chen2020_DFN_fine_DC03_AC07_1p0tauSet,2.0389413638080804,4836.707891988956,0.4206283678222373,0.43102449055275205,0.5168125826480632,0.3978417147832227,0.5908455772608527,0.5625690385006291,969.1414140144827,635.4423158376848,-0.08286897433284332,0.011120416372442658,-1.4300010210464498,1.61907382550603,298.15,0.0,0.010396122730514754,-0.028276538760223572,0.11897086786484037
Chen2020_DFN_fine_DC03_AC07_1p0tauSet,2.078918349977821,4866.102622695304,0.4274869114321365,0.44064122338972295,0.5347059134224053,0.4042016049180281,0.5862684478311248,0.5495413962255622,958.8013555119253,896.9349395313828,-0.08328371594180732,0.010363555902204703,-1.3733168874915251,1.5548949923467457,298.15,0.0,0.013154311957586418,-0.03672705160556262,0.1305043085043772
Chen2020_DFN_fine_DC03_AC07_1p0tauSet,2.118895336147562,5052.943242812295,0.43435384274255606,0.4424755738272251,0.5354080816671067,0.40655498540724777,0.5816857207711906,0.5584469529356659,977.161064947051,457.8096854766185,-0.07545656257099723,0.010076836902003726,-1.2663016534926574,1.43373034858656,298.15,0.0,0.008121731084668994,-0.02323876783552473,0.1288530962598589
Chen2020_DFN_fine_DC03_AC07_1p0tauSet,2.1588723223173027,5082.968298305764,0.44121249246534855,0.4538820838025326,0.5553061528323836,0.41448036672049404,0.5771085205257805,0.5426983323526717,961.019456484551,832.2450722729104,-0.0859753270687691,0.011167484145851602,-1.4744463277076445,1.6693956306428646,298.15,0.0,0.012669591337184018,-0.03441018817310879,0.14082578611188962
Chen2020_DFN_fine_DC03_AC07_1p0tauSet,2.1988493084870435,5117.057230174875,0.4480706719077111,0.4598413526740421,0.565404138419006,0.41841423689229057,0.5725316341275255,0.5356112828176575,961.1683531678357,862.7976092748753,-0.06445910807085171,0.006982249304931972,-0.918273252984548,1.0396853365095375,298.15,0.0,0.011770680766331004,-0.036920351309868066,0.14698990152671543
Chen2020_DFN_fine_DC03_AC07_1p0tauSet,2.2388262946567847,5300.233359370552,0.45492290922980605,0.4664171264724219,0.573435445687215,0.42420304153206795,0.5679587132728467,0.5369665797304133,965.2445496694776,725.5321596585818,-0.08510135401074378,0.011313657115121344,-1.4782356928343918,1.6736866933056798,298.15,0.0,0.011494217242615826,-0.030992133542433443,0.14923240415514707
Chen2020_DFN_fine_DC03_AC07_1p0tauSet,2.2788032808265255,5330.403398605616,0.46178132632904745,0.47480670047348467,0.5867757752821593,0.42975885909854467,0.563381668271489,0.5258814941430707,958.4226236377349,911.8428166476061,-0.07897934956526584,0.009395367187380751,-1.2484490032032622,1.4135172450312012,298.15,0.0,0.01302537414443722,-0.037500174128418225,0.15701691618361469
Chen2020_DFN_fine_DC03_AC07_1p0tauSet,2.3187802669962663,5517.16065342886,0.4686437125596588,0.4783157989622583,0.5878165631271806,0.43344868562247385,0.5588019744238121,0.5321953066815611,971.5390073447755,579.2976926586359,-0.08072435514200715,0.01078995692260233,-1.3851689225855868,1.5683140875377568,298.15,0.0,0.009672086402599473,-0.026606667742250987,0.15436787750470674
Chen2020_DFN_fine_DC03_AC07_1p0tauSet,2.3587572531660075,5546.522391216009,0.47550229969417385,0.4885726055601805,0.6020765708170203,0.4405457348463286,0.5542248159474236,0.5181785104670792,958.8720148847156,884.9851744883534,-0.08511395232631738,0.010689193463056548,-1.4214733112606182,1.609418593495178,298.15,0.0,0.013070305866006693,-0.036046305480344314,0.16153083597069173
Chen2020_DFN_fine_DC03_AC07_1p0tauSet,2.3987342393357483,5587.817662726588,0.482360522182699,0.4918389519462311,0.6046746915716165,0.4429201482107638,0.5496479008218073,0.5157012380823089,966.6000754998646,740.9901207905004,-0.04153293365529163,0.004035806762160738,-0.5232260004315333,0.5924062358208888,298.15,0.0,0.009478429763532142,-0.033946662739498305,0.16175454336085268
Chen2020_DFN_fine_DC03_AC07_1p0tauSet,2.438711225505489,5763.621845258568,0.48920687875711283,0.5015302645240306,0.6122112016052601,0.4511326508322767,0.5450789045529907,0.5117800902237134,961.530287968245,809.6642997868897,-0.08674905693549853,0.011247089348377795,-1.48641472178441,1.6829464697977132,298.15,0.0,0.012323385766917709,-0.033298814329277296,0.16107855077298336
Chen2020_DFN_fine_DC03_AC07_1p0tauSet,2.47868821167523,5795.774875286161,0.49606506496145497,0.5084793778143362,0.6197787805741943,0.456062074360408,0.5405020136420491,0.5030425031108582,958.6478403314721,909.1473530541097,-0.0720496648704075,0.007997660108949261,-1.0608061657723635,1.2010645248182383,298.15,0.0,0.012414312852881224,-0.037459510531190884,0.16371670621378626
Chen2020_DFN_fine_DC03_AC07_1p0tauSet,2.518665197844971,5980.848778501069,0.5029324371970151,0.5138506740979537,0.6184678271254249,0.46171168397320206,0.5359189923255561,0.506378088664563,966.2761756164329,693.2336391308917,-0.08474878858538636,0.011161751465707305,-1.4560992334745988,1.6486227084056218,298.15,0.0,0.010918236900938613,-0.029540903660993104,0.1567561431522228
Chen2020_DFN_fine_DC03_AC07_1p0tauSet,2.5586421840147118,6010.47041725575,0.5097909503232999,0.5229385717864985,0.6288798486253486,0.4683142163877477,0.5313418832394254,0.4941814490626373,956.9737955829551,930.9622456810047,-0.08300260432900496,0.009923472731609357,-1.3241706587384603,1.4992488385345468,298.15,0.0,0.01314762146319861,-0.03716043417678816,0.1605656322376009
Chen2020_DFN_fine_DC03_AC07_1p0tauSet,2.5986191701844525,6197.454935074519,0.5166478929417095,0.5255021336228943,0.6220864082417273,0.4722911710317401,0.5267658222501264,0.5019678451058012,973.3535805830472,534.2035432416933,-0.0787622483018457,0.010376822355519262,-1.3259073580037184,1.5012170388847321,298.15,0.0,0.008854240681184827,-0.02479797714432515,0.1497952372099872
Chen2020_DFN_fine_DC03_AC07_1p0tauSet,2.6385961563541933,6227.062332598052,0.5235065555607652,0.5363923107709672,0.6346067604606825,0.48064668455098836,0.5221886133982452,0.48698907736343683,958.1576876949721,888.3005580154191,-0.08739409844174495,0.010936063035293925,-1.4559809313773835,1.6484887669612285,298.15,0.0,0.012885755210201907,-0.035199536034808326,0.15396007590969416
Chen2020_DFN_fine_DC03_AC07_1p0tauSet,2.6785731425239345,6263.48440812338,0.5303647242141435,0.5413655796847623,0.6394196804126409,0.48467052287459017,0.517611734200145,0.48157049549108893,961.089971484376,858.2872932291792,-0.05811065204307992,0.005877878246719675,-0.7724705071957335,0.874605514778617,298.15,0.0,0.011000855470618796,-0.03604123870905597,0.1547491575380507
Chen2020_DFN_fine_DC03_AC07_1p0tauSet,2.7185501286936753,6444.291112948437,0.5372187740092216,0.5491169189333838,0.6382620982160017,0.49333273967891056,0.5130376037703877,0.48096263336743245,961.5925699402385,799.0463363047235,-0.08760118303331701,0.011270595836478997,-1.4868156065925644,1.6834003588825703,298.15,0.0,0.011898144924162203,-0.032074970402955254,0.14492935853709107
Chen2020_DFN_fine_DC03_AC07_1p0tauSet,2.758527114863416,6475.166488245769,0.5440770887300221,0.5568995586433891,0.647523898760478,0.49949177596982314,0.5084606270924823,0.47085862125502104,956.2755061152602,954.7579005108665,-0.07825157437145705,0.0088102811910918,-1.173627703900991,1.328803172244897,298.15,0.0,0.012822469913367008,-0.03760200583746129,0.1480321227906549
Chen2020_DFN_fine_DC03_AC07_1p0tauSet,2.798504101033157,6661.392828734022,0.5509317060712335,0.5611954924819037,0.6408565080650193,0.506488109834713,0.503886117904163,0.47592080459288294,967.241895888883,667.7530697748348,-0.08406225788150222,0.01095823931730854,-1.4222999826477036,1.610354566230043,298.15,0.0,0.010263786410670129,-0.0279653133112801,0.13436839823030616
Chen2020_DFN_fine_DC03_AC07_1p0tauSet,2.8384810872028976,6690.759123074865,0.5577901888849975,0.5709382016505968,0.6531360077890469,0.5144634239107244,0.4993090290474494,0.4626972333727923,955.8529632174397,950.038751979682,-0.08638559040000313,0.010370349050960794,-1.3838669437010016,1.5668399627615603,298.15,0.0,0.013148012765599302,-0.036611795674657076,0.13867258387832251
Chen2020_DFN_fine_DC03_AC07_1p0tauSet,2.878458073372639,6743.944583683745,0.5646359063371815,0.570932079909811,0.6515364720789366,0.5151828744134612,0.4947404593043393,0.46601827010542374,974.2664224074832,569.5504843563905,-0.008330470303954701,0.0007387593712318977,-0.09417882779061221,0.1066318390586173,298.15,0.0,0.006296173572629401,-0.028722189198915563,0.13635359766547536
Chen2020_DFN_fine_DC03_AC07_1p0tauSet,2.9184350595423796,6907.680325766142,0.571500632357943,0.5841083827906961,0.6576986455696039,0.5301883477064189,0.4901592039702936,0.45596186669054756,958.0539862150658,887.944226011504,-0.0890176251104507,0.011138353501909762,-1.4776966875380628,1.6730757221846486,298.15,0.0,0.012607750432753136,-0.03419733727974603,0.127510297863185
Chen2020_DFN_fine_DC03_AC07_1p0tauSet,2.9584120457121204,6941.327558367177,0.5783587949690444,0.5902760278154013,0.6656238865680892,0.5358184324210783,0.48558232880457786,0.4485243289045772,957.7680460915085,933.4419481806952,-0.06865295995505008,0.00718476502486266,-0.9486661378897994,1.074096514210491,298.15,0.0,0.011917232846356906,-0.0370579999000006,0.12980545414701095
Chen2020_DFN_fine_DC03_AC07_1p0tauSet,2.998389031881861,7124.94565110277,0.5852340471723035,0.5966264562772793,0.6623302100671065,0.546932383749882,0.4809940486993229,0.45025914342917983,962.4865197973726,780.938470291848,-0.08772249052319588,0.01126016331125319,-1.4750395988904332,1.6700673432639364,298.15,0.0,0.01139240910497572,-0.03073490527014306,0.11539782631722455
Chen2020_DFN_fine_DC03_AC07_1p0tauSet,3.0383660180516023,7154.983640458017,0.5920924219417417,0.6051531357030405,0.6746323133681223,0.5546583967049012,0.4764170319472552,0.4389553210288274,955.2572215866393,979.8433116550065,-0.0828958533726785,0.009512684544588137,-1.2644494299206752,1.4316332265245,298.15,0.0,0.013060713761298843,-0.03746171091842782,0.11997391666322109
Chen2020_DFN_fine_DC03_AC07_1p0tauSet,3.078343004221343,7341.8198032567125,0.5989333525086835,0.608450311936004,0.6680305168819877,0.5645616658940822,0.4718516567880943,0.44560081694518244,969.3106426470806,628.442139102709,-0.08256746047050026,0.010710062925192256,-1.3748780837411316,1.5566626078700474,298.15,0.0,0.009516959427320509,-0.026250839842911863,0.10346885098790558
Chen2020_DFN_fine_DC03_AC07_1p0tauSet,3.118319990391084,7371.208298952443,0.6057919469411415,0.6188304929723248,0.6835564452253691,0.5742159867337971,0.4672744934413368,0.4313939256557842,956.3300531002042,943.4582551511711,-0.08850898222544998,0.010782526680273496,-1.4290236495553155,1.6179672272928707,298.15,0.0,0.013038546031183429,-0.0358805677855526,0.10934045849157191
Chen2020_DFN_fine_DC03_AC07_1p0tauSet,3.1582969765608246,7411.286253586721,0.612650069430668,0.6224956672114218,0.6885175001398881,0.5783303131465265,0.4626976450512246,0.42822298890121807,963.6845880396598,810.4153018165596,-0.047242466470326185,0.0044881793448372145,-0.5802294840581518,0.6569466431238776,298.15,0.0,0.009845597780753853,-0.03447465615000659,0.11018718699336164
Chen2020_DFN_fine_DC03_AC07_1p0tauSet,3.198273962730566,7588.339292264194,0.619514834915836,0.6317641012581832,0.6941002268754608,0.593608394443974,0.45811636338014516,0.425036595577562,959.972732151699,849.9571922102814,-0.08942690267269789,0.011339448302117411,-1.487443835573963,1.6841116512036116,298.15,0.0,0.012249266342347185,-0.03307976780258313,0.10049183243148682
Chen2020_DFN_fine_DC03_AC07_1p0tauSet,3.2382509489003066,7620.2026720646545,0.6263729481859127,0.6388829080817046,0.705948134483027,0.5997457261996936,0.4535395211427404,0.4160196706420937,957.3638603258174,946.787130652023,-0.07557109216886727,0.008262010417585421,-1.084650852246112,1.2280619236157027,298.15,0.0,0.012509959895791782,-0.03751985050064663,0.10620240828333345
Chen2020_DFN_fine_DC03_AC07_1p0tauSet,3.2782279350700474,7805.549320477901,0.6332252944418081,0.644021685112961,0.7071066866741259,0.6105213095004697,0.44896652758981487,0.4197285106907194,965.8973978416418,708.8703615292759,-0.08673397588139566,0.011251513351762065,-1.4505552574197509,1.6423457152624192,298.15,0.0,0.010796390671152931,-0.02923801689909544,0.09658537717365626
Chen2020_DFN_fine_DC03_AC07_1p0tauSet,3.318204921239788,7835.0984417332575,0.6400838197333765,0.6532400756798761,0.7231864403136936,0.6174581418267183,0.44438941038504054,0.4073251713884104,957.073948879249,939.564902292711,-0.08548083035117855,0.01018238169012799,-1.3369874893030653,1.5137621700736046,298.15,0.0,0.013156255946499619,-0.03706423899663014,0.10572829848697529
Chen2020_DFN_fine_DC03_AC07_1p0tauSet,3.3581819074095294,8022.077157786074,0.6469298803532634,0.6556106299917747,0.7222712506177419,0.6238429477421145,0.4398206116249446,0.41540664268678706,974.0228302535163,526.7007306380581,-0.08028690168891298,0.010437428519351527,-1.3126604235825725,1.4862186126599322,298.15,0.0,0.008680749638511273,-0.02441396893815759,0.09842830287562734
Chen2020_DFN_fine_DC03_AC07_1p5tauSet,0.2,404.88862519991596,0.10491315923362692,0.11609714369147806,0.12186239727682087,0.11316311544697326,0.8015418204920838,0.7743567888498117,963.9985185744603,752.650569971022,-0.10519856558941951,0.012708122029935218,-1.397080639861483,1.581800755989324,298.15,0.0,0.011183984457851136,-0.027185031642271984,0.00869928182984761
Chen2020_DFN_fine_DC03_AC07_1p5tauSet,0.2399769861697409,434.1550020994215,0.11177258357121914,0.1256563865045821,0.13383660824015767,0.12146635144492869,0.7969641032984117,0.7615559752889884,955.0818975368725,973.3933663247292,-0.10935900741402291,0.012909673631184204,-1.4812327069260656,1.6770792957532732,298.15,0.0,0.013883802933362966,-0.03540812800942328,0.012370256795228969
Chen2020_DFN_fine_DC03_AC07_1p5tauSet,0.27995397233948177,464.88490867993835,0.11863183493486787,0.13263532456417484,0.14226623670847882,0.12772864609901155,0.7923865015409282,0.7531503542697761,954.1924401940734,1015.4817731936884,-0.10049109726732672,0.010830867967452949,-1.256458430278522,1.4225856636476135,298.15,0.0,0.014003489629306979,-0.03923614727115209,0.014537590609467263
Chen2020_DFN_fine_DC03_AC07_1p5tauSet,0.3199309585092226,513.6400804333193,0.1254911950239288,0.13423394542764375,0.1424929240997043,0.1300057931790707,0.7878088272242665,0.7546205605191723,969.3236295815562,675.5156984276214,-0.04907031075497152,0.003990935684448062,-0.4421293018563688,0.500586012624027,298.15,0.0,0.008742750403714928,-0.03318826670509426,0.012487130920633579
Chen2020_DFN_fine_DC03_AC07_1p5tauSet,0.3599079446789635,760.0478907010237,0.13236103637857102,0.1450105752844965,0.15403250351707395,0.14073819662456832,0.7832241581122269,0.7507013142310827,959.4337459260671,863.5690414761785,-0.10422166337514707,0.012764757581631371,-1.4704461795430628,1.6648665882794993,298.15,0.0,0.012649538905925479,-0.032522843881144306,0.013294306892505641
Chen2020_DFN_fine_DC03_AC07_1p5tauSet,0.39988493084870436,789.1420869427917,0.13922035646185751,0.15351302864985245,0.16701813975727725,0.14736010688737708,0.7786465104938862,0.7397720507849602,954.369381219091,1003.0726295166454,-0.10310205775029624,0.012053260686964948,-1.4253661309516852,1.6138261165163175,298.15,0.0,0.014292672187994918,-0.03887445970892604,0.019658032869900165
Chen2020_DFN_fine_DC03_AC07_1p5tauSet,0.43986191701844524,823.2964636298899,0.14607961309381187,0.1589891101418777,0.17480290627870992,0.15188229660757457,0.7740689052205377,0.7341626060451424,957.9969721208543,935.3173263182865,-0.08559544838736016,0.008764680094352734,-1.0300209161387754,1.1662088911170645,298.15,0.0,0.01290949704806582,-0.039906299175395316,0.022920609671135347
Chen2020_DFN_fine_DC03_AC07_1p5tauSet,0.4798389031881861,1085.2547827777703,0.1529428883800793,0.16357335048062596,0.17484311026950372,0.15858115143261045,0.7694886180511518,0.7418725085189559,966.1912299161455,703.9723062919537,-0.09576392246957699,0.011909708616684674,-1.3616085836771552,1.541638632266762,298.15,0.0,0.010630462100546646,-0.027616109532195877,0.016261958836893277
Chen2020_DFN_fine_DC03_AC07_1p5tauSet,0.519815889357927,1114.8163096861754,0.15980229193599294,0.17346241314708805,0.19161845639449637,0.16570588159912275,0.764910914726377,0.7286883741021615,957.0360926344412,930.6727226381696,-0.10132000010736718,0.012481368557126078,-1.4872048900930968,1.683841112918059,298.15,0.0,0.013660121211095111,-0.03622254062421556,0.02591257479537361
Chen2020_DFN_fine_DC03_AC07_1p5tauSet,0.5597928755276679,1144.9322216959924,0.16666156658542958,0.18083222303778757,0.204236031784999,0.17091428420668311,0.7603332974288503,0.7197434213902832,955.4309282037797,989.8263513980182,-0.094772549724721,0.010845349563385278,-1.3078120180770758,1.4807291575369195,298.15,0.0,0.014170656452357992,-0.04058987603856705,0.03332174757831588
Chen2020_DFN_fine_DC03_AC07_1p5tauSet,0.5997698616974088,1187.56686533014,0.17352077378820321,0.18385093718446693,0.20757471759610094,0.17361316782538813,0.7557557251426439,0.7187252066816472,965.8300623509995,756.7184387666081,-0.05943833731443777,0.005505806435929654,-0.6440835834379882,0.7292434453170289,298.15,0.0,0.010330163396263723,-0.037030518460996774,0.033961549770712786
Chen2020_DFN_fine_DC03_AC07_1p5tauSet,0.6397468478671496,1440.6510975381561,0.1803752759941973,0.19261889821248893,0.21628584313335356,0.18265860764770717,0.7511812927911611,0.7191827548818908,961.4966131368092,816.8566620720195,-0.09683051884297077,0.012219336382540033,-1.4539402131652672,1.6461782139608585,298.15,0.0,0.012243622218291632,-0.03199853790927027,0.033627235485646396
Chen2020_DFN_fine_DC03_AC07_1p5tauSet,0.6797238340368905,1469.675981093881,0.18723466080302179,0.20145248321120154,0.23106061382191662,0.18879402222325253,0.7466036019774752,0.7077485772637189,955.5800651717298,974.3855767379195,-0.09760780230332594,0.011854188333947087,-1.4489693612369405,1.6405501340894992,298.15,0.0,0.014217822408179762,-0.038855024713756424,0.04226659159866407
Chen2020_DFN_fine_DC03_AC07_1p5tauSet,0.7197008202066313,1502.4579651137087,0.19409369904047277,0.2074521430900001,0.23962615822320874,0.1932854069963457,0.7420261424522564,0.7012473250727104,957.5035426497226,946.2774826580189,-0.08407324726113866,0.009118085475905962,-1.1124240760213153,1.2595072855129705,298.15,0.0,0.013358444049527308,-0.04077881737954599,0.04634075122686304
Chen2020_DFN_fine_DC03_AC07_1p5tauSet,0.7596778063763723,1765.495763273557,0.20093179141288678,0.21095496893180232,0.2379652921058177,0.19880308652768555,0.737462661395463,0.7110834434642485,968.288119020504,655.8515130808363,-0.08893249704584262,0.011215229504241848,-1.3192252233997637,1.4936514014669207,298.15,0.0,0.01002317751891556,-0.026379217931214515,0.03916220557813217
Chen2020_DFN_fine_DC03_AC07_1p5tauSet,0.799654792546113,1795.4872209152386,0.20779124926539716,0.22118424937906123,0.25341780285634713,0.20635946604554053,0.7328849218352184,0.6973732492990825,957.7224316640206,910.1004874423793,-0.09687730452721881,0.012116412457620865,-1.4878609977145187,1.68458383437414,298.15,0.0,0.013393000113664079,-0.03551167253613582,0.047058336810806616
Chen2020_DFN_fine_DC03_AC07_1p5tauSet,0.839631778715854,1825.1420187453339,0.21465044625507868,0.2289230378580387,0.26438976674856535,0.21215026390671302,0.7283073563648389,0.6878057139625041,954.7313620198454,1000.8217214137456,-0.09279096860989773,0.010849180868814201,-1.3517680541857646,1.5304970013455148,298.15,0.0,0.014272591602960035,-0.04050164240233482,0.05223950284185235
Chen2020_DFN_fine_DC03_AC07_1p5tauSet,0.8796087648855948,1864.0829681015452,0.22150953905912152,0.23290802772581964,0.268053647794074,0.2158344420729743,0.7237298604239661,0.6850008394444238,962.2297233070358,837.7433420333532,-0.06578171100799035,0.006492225406849789,-0.7922575561781474,0.8970087806988182,298.15,0.0,0.011398488666698132,-0.03872902097954229,0.05221920572109965
Chen2020_DFN_fine_DC03_AC07_1p5tauSet,0.9195857510553358,2121.200465934849,0.2283735374395892,0.2401659382947256,0.2705839598748273,0.22479137368943605,0.7191490906891946,0.6882909959256915,962.1855343431841,796.3232379039987,-0.09257689745402709,0.011710989247038093,-1.4316263787668584,1.6209141398519664,298.15,0.0,0.011792400855136397,-0.030858094763503062,0.04579258618539126
Chen2020_DFN_fine_DC03_AC07_1p5tauSet,0.9595627372250766,2150.2698692416006,0.2352329248818846,0.24932657557675544,0.28351793746342613,0.2319086960098188,0.7145713981180315,0.6763201348739329,954.9481662320871,982.5740721492576,-0.09545717908428461,0.011656132523422236,-1.4667163041008504,1.6606435536690465,298.15,0.0,0.014093650694870846,-0.038251263244098645,0.05160924145360732
Chen2020_DFN_fine_DC03_AC07_1p5tauSet,0.9995397233948176,2181.9811747727936,0.24209198956761158,0.2557951779500008,0.2916469894375235,0.2373217396570896,0.7099939209422462,0.6689862815055799,955.5263243420393,988.8261422251538,-0.08475915320907694,0.009389900752259013,-1.1834307801280508,1.3399024002203714,298.15,0.0,0.013703188382389176,-0.04100763943666625,0.054325249780433855
Chen2020_DFN_fine_DC03_AC07_1p5tauSet,1.0395167095645583,2445.5923878818257,0.24893780970771145,0.2583018277506031,0.28461286729622665,0.2441158056302374,0.7054252826691526,0.6805624930967128,969.7186061791193,622.5098340274739,-0.08375154419728859,0.010552794943267945,-1.2700000973079004,1.437917795658175,298.15,0.0,0.009364018042891649,-0.024862789572439783,0.0404970616659892
Chen2020_DFN_fine_DC03_AC07_1p5tauSet,1.0794936957342993,2476.153053480207,0.25579726522724744,0.26887991272724376,0.299520867619832,0.2526636805804724,0.7008475446658452,0.666302809681603,957.8381646001768,903.4063378578359,-0.09391162259752223,0.011783170979031029,-1.4832404061458655,1.6793524502258683,298.15,0.0,0.013082647499996287,-0.03454473498424213,0.04685718703935964
Chen2020_DFN_fine_DC03_AC07_1p5tauSet,1.11947068190404,2505.482614344903,0.26265651123194544,0.27697018893908637,0.3111371926404556,0.2591350191439452,0.6962699464847201,0.6561335747979223,953.9402900797033,1016.8276970879967,-0.09162396002439402,0.010854725415332013,-1.3887849707397972,1.5724082302218356,298.15,0.0,0.014313677707140931,-0.04013637168679779,0.05200217349651038
Chen2020_DFN_fine_DC03_AC07_1p5tauSet,1.1594476680737809,2541.865790715208,0.2695155135644265,0.28170528256591537,0.3165170550033584,0.2635527667493018,0.6916925109211045,0.6519431343121815,959.511708619283,901.3643403299508,-0.07012292209985545,0.007228074001638287,-0.9113230184171698,1.0318169176015495,298.15,0.0,0.012189769001488838,-0.03974937660892298,0.0529642882540566
Chen2020_DFN_fine_DC03_AC07_1p5tauSet,1.1994246542435218,2801.6813367316845,0.2763362366306671,0.28762959275375466,0.3150244148004902,0.2732765478229458,0.687140621474277,0.657595612952517,963.4551311909698,766.4505881563622,-0.08852399854211483,0.011255604505713595,-1.403719057479568,1.589316896210651,298.15,0.0,0.011293356123087583,-0.029545008521760032,0.04174786697754441
Chen2020_DFN_fine_DC03_AC07_1p5tauSet,1.2394016404132626,2830.902062914802,0.28319565178529266,0.2971182157390132,0.3296885306852235,0.2806183346842713,0.6825629104089665,0.6450834727581423,955.4361594660471,970.4577415195145,-0.09292570861067655,0.011508553153817947,-1.4791666460009234,1.6747400629810485,298.15,0.0,0.013922563953720535,-0.03747943765082431,0.04907019600095229
Chen2020_DFN_fine_DC03_AC07_1p5tauSet,1.2793786265830036,2861.778174315871,0.29005465971948646,0.3040140541031881,0.34012316096080036,0.2860735943501927,0.6779854711069809,0.6369903638045286,955.0696475719883,1001.0056238759822,-0.08456087190748869,0.009646544151023227,-1.2448018770707212,1.409387905326963,298.15,0.0,0.013959394383701683,-0.04099510730245242,0.05404956661060769
Chen2020_DFN_fine_DC03_AC07_1p5tauSet,1.3193556127527444,2912.5183246668344,0.29691378620302616,0.30518621362176185,0.33986307883155686,0.28789740598950314,0.6734079526897013,0.639511754739035,971.1683206005855,636.1868827949436,-0.0338727581293821,0.0031315537711464904,-0.38573035764153146,0.43673110478429983,298.15,0.0,0.008272427418735715,-0.033896197950666354,0.05196567284205375
Chen2020_DFN_fine_DC03_AC07_1p5tauSet,1.3593325989224854,3156.797953988589,0.30376750505244693,0.31649516957564156,0.3492146030538185,0.30080955339667415,0.6688340431204047,0.6353607905705493,959.3591172361142,868.5193976634774,-0.09044013661935657,0.011508498153084926,-1.4731282893500743,1.6679033229887514,298.15,0.0,0.012727664523194635,-0.03347325254985546,0.048405049657144386
Chen2020_DFN_fine_DC03_AC07_1p5tauSet,1.3993095850922261,3185.9231365750834,0.31062676916122023,0.3249268775505794,0.36354211908483636,0.306939802981766,0.6642564328573132,0.6246104144793718,954.7313182349694,999.8511750451348,-0.08966110318958616,0.010894626357329577,-1.4195293362745167,1.6072175887315496,298.15,0.0,0.01430010838935917,-0.03964601837794129,0.05660231610307038
Chen2020_DFN_fine_DC03_AC07_1p5tauSet,1.4392865712619671,3220.411403087081,0.3174856583635209,0.3302851061841564,0.37169395218002643,0.3111825312755751,0.6596790727924484,0.6192785460998347,958.6174468543763,925.2890392479392,-0.0725886354077443,0.00783737415930228,-1.0110645001156946,1.1447460832702827,298.15,0.0,0.012799447820635527,-0.040400526692613695,0.060511420904451343
Chen2020_DFN_fine_DC03_AC07_1p5tauSet,1.479263557431708,3482.069065293915,0.3243610585303662,0.3351120679686456,0.3709018137211528,0.31909055669601305,0.6550906939419598,0.6268962682511219,965.7354079768232,715.432412739086,-0.08437911822179169,0.010840993376917785,-1.3695830039709562,1.550667419803054,298.15,0.0,0.010751009438279438,-0.02819442569083796,0.051811257025139695
Chen2020_DFN_fine_DC03_AC07_1p5tauSet,1.5192405436014487,3511.558544195585,0.3312205094006923,0.3449306821632772,0.3881028557722222,0.32606404910239173,0.6505129590413575,0.6138494942104493,956.8907829100257,937.6414371483888,-0.09017597952747125,0.011397902085829813,-1.4863340819029187,1.6828551676064671,298.15,0.0,0.01371017276258493,-0.036663464830908224,0.06203880666983047
Chen2020_DFN_fine_DC03_AC07_1p5tauSet,1.5592175297711897,3541.7884639158215,0.33807956950306517,0.3522209212046411,0.4011385134160711,0.33115648258897384,0.6459354849243271,0.6050654582987367,955.5210170215154,992.9815700382245,-0.08389792734974613,0.009888862510570333,-1.2977244760544602,1.4693078539778368,298.15,0.0,0.014141351701575908,-0.04087002662559029,0.0699820308270973
Chen2020_DFN_fine_DC03_AC07_1p5tauSet,1.5991945159409304,3585.4445805291343,0.34493858086391177,0.354989827957757,0.4044281302684787,0.3336412327443587,0.6413580433355253,0.6045464620038917,966.6317671294979,741.6040261740947,-0.04841497419781793,0.004779696249866227,-0.6073088750117397,0.6876064345993544,298.15,0.0,0.010051247093845243,-0.036811581331633494,0.07078689752412
Chen2020_DFN_fine_DC03_AC07_1p5tauSet,1.6391715021106714,3837.4089644717596,0.35180790801848233,0.3641389568410704,0.4143622880672144,0.3433825618905858,0.6367737173809276,0.6044311812809214,961.2653890771057,825.2735764403092,-0.0872750086711845,0.011261386574459811,-1.4578301969384597,1.6505825374855914,298.15,0.0,0.012331048822588052,-0.032342536100006175,0.07097972617662858
Chen2020_DFN_fine_DC03_AC07_1p5tauSet,1.6791484882804122,3866.4399064307454,0.3586672076877103,0.37290374370251994,0.43079172899279333,0.34926514613295895,0.6321960833861491,0.5931202986175794,955.7197659354068,977.934192595763,-0.08802015193834445,0.010941849544152527,-1.4444698280676003,1.6354556786622363,298.15,0.0,0.014236536014809658,-0.039075784768569564,0.08152658285983438
Chen2020_DFN_fine_DC03_AC07_1p5tauSet,1.7191254744501532,3899.479387927241,0.36552606231471707,0.37879949223653453,0.44111371378778086,0.3534101462417814,0.6276187463955117,0.5868145886694119,958.074859894446,940.5931855761977,-0.07444124883086804,0.00835491279616635,-1.0962114955485167,1.2411510995821866,298.15,0.0,0.013273429921817457,-0.040804157726099834,0.08770356754599944
Chen2020_DFN_fine_DC03_AC07_1p5tauSet,1.759102460619894,4162.339428838278,0.37240182492722596,0.38255782202398986,0.4422423349979051,0.3589162158128353,0.6230301256626642,0.5962852459063921,968.1854416186151,660.9948260041141,-0.08066615247162369,0.010436300419138985,-1.328827335464004,1.5045233757627292,298.15,0.0,0.010155997096763873,-0.026744879756272193,0.0833261191850698
Chen2020_DFN_fine_DC03_AC07_1p5tauSet,1.799079446789635,4192.226104569144,0.3792613296887373,0.3927138286721858,0.46092930160353346,0.3658404905372508,0.6184523547971478,0.5826963264493281,958.2437019523688,906.2077287108862,-0.08810998779888125,0.011298893316620318,-1.48815625378572,1.68491826461991,298.15,0.0,0.013452498983448498,-0.03575602834781964,0.09508881106628268
Chen2020_DFN_fine_DC03_AC07_1p5tauSet,1.8390564329593757,4221.965612206872,0.38612040484378596,0.40037652528233525,0.47550133411453327,0.3708742341785236,0.6138748706345379,0.5732644211101522,955.8039776186362,986.9151995041295,-0.08376875767172356,0.010112571113519254,-1.3431504805964352,1.5207400238377315,298.15,0.0,0.014256120438549307,-0.040610449524385715,0.10462709993600969
Chen2020_DFN_fine_DC03_AC07_1p5tauSet,1.8790334191291167,4261.562255925189,0.39297931306226586,0.40418143456748873,0.481201725996165,0.3737810720365842,0.6092974978790028,0.5707997139982582,963.8292495682776,808.1694905912684,-0.056787934813196585,0.005890810795464678,-0.7641132453784281,0.8651432653710748,298.15,0.0,0.011202121505222868,-0.03849778388074458,0.10742065395958078
Chen2020_DFN_fine_DC03_AC07_1p5tauSet,1.9190104052988575,4517.970188638639,0.3998520395303941,0.41174235950153176,0.49129251643540867,0.3810531199483727,0.6047109033526782,0.573575079244265,963.0262140969454,784.4702069332263,-0.08481725246471324,0.01102358360010932,-1.4368841984274905,1.6268669391140407,298.15,0.0,0.011890319971137658,-0.031135824108413198,0.11023939648703597
Chen2020_DFN_fine_DC03_AC07_1p5tauSet,1.9589873914685985,4547.018807111727,0.4067114069573686,0.42083531692272963,0.5086776657588604,0.38699577003399976,0.6001332241389735,0.561717419282879,956.4480798009985,959.4744389597117,-0.08717724690513536,0.010992682835482118,-1.4636030323061033,1.6571186381854839,298.15,0.0,0.014123909965360976,-0.038415804856094436,0.1216818957248607
Chen2020_DFN_fine_DC03_AC07_1p5tauSet,1.9989643776383392,4578.93790577685,0.4135702379645798,0.4272070862541942,0.5202726397163449,0.39125648550200864,0.5955559029112837,0.5545575818345954,957.4640192991803,954.5409010461301,-0.07641792499199705,0.008810225841338339,-1.1692863218022476,1.3238876456690944,298.15,0.0,0.01363684828961437,-0.04099832107668834,0.12901615421433624
Chen2020_DFN_fine_DC03_AC07_1p5tauSet,2.0389413638080804,4842.46410468562,0.4204422220580537,0.429949180494398,0.521537887011889,0.3949480673013713,0.5909698038173813,0.5657600166303074,970.5449268700207,608.223939126636,-0.07748527391722429,0.010025718920103904,-1.2809432106180998,1.450307939180027,298.15,0.0,0.009506958436344259,-0.025209787187073892,0.12658981971051775
Chen2020_DFN_fine_DC03_AC07_1p5tauSet,2.078918349977821,4872.891790819969,0.427301717180037,0.4404528680102959,0.5405700883111613,0.4020873225343374,0.5863920393849177,0.5516191064324879,959.3603951879722,877.7845347154955,-0.08683349863640985,0.011210575376387281,-1.4846410740638907,1.680938312604909,298.15,0.0,0.013151150830258862,-0.03477293295242978,0.1384827657768239
Chen2020_DFN_fine_DC03_AC07_1p5tauSet,2.118895336147562,4902.277689233639,0.43416083075596407,0.44847112521917154,0.5554646311983111,0.40727523457593084,0.5818145295816834,0.541574543755827,955.8688201096955,982.1205813706911,-0.08432927123887994,0.010328523010363862,-1.3816724394421604,1.5643553225367721,298.15,0.0,0.014310294463207515,-0.04023998582585645,0.14818939662238031
Chen2020_DFN_fine_DC03_AC07_1p5tauSet,2.1588723223173027,4939.126949209078,0.4410196172547056,0.45306220345935555,0.5623282966500428,0.41058945650055995,0.577237238057243,0.5376507867715612,961.6542836483177,857.9017269686786,-0.06300651096407041,0.0067588286703375985,-0.88838917192163,1.0058505347986268,298.15,0.0,0.012042586204649921,-0.039586451285681896,0.15173884014948286
Chen2020_DFN_fine_DC03_AC07_1p5tauSet,2.1988493084870435,5198.463156272729,0.44789213156672103,0.459294679230167,0.5697942439187024,0.41631407737808207,0.5726507851157848,0.5428006286903138,964.5712106698408,746.4676102561356,-0.08308120907582273,0.010789568524199216,-1.4100174362028126,1.5964480647053476,298.15,0.0,0.011402547663445967,-0.02985015642547108,0.15348016654062036
Chen2020_DFN_fine_DC03_AC07_1p5tauSet,2.2388262946567847,5227.642953402128,0.4547515505721731,0.46871467095768476,0.5852598707240977,0.4225670658486433,0.5680730714805795,0.530403674443835,956.8202200648452,944.657370718242,-0.08727615135566089,0.011046882155316387,-1.477065232496293,1.6723606901476231,298.15,0.0,0.013963120385511693,-0.03766939703674455,0.16269280487545434
Chen2020_DFN_fine_DC03_AC07_1p5tauSet,2.2788032808265255,5258.677085562291,0.4616103095686072,0.4755229094608197,0.5946686410193672,0.4271728483440402,0.5634957983101246,0.5224677954931666,956.4998548777542,971.2168256612384,-0.0790482495513616,0.009224173650953613,-1.2327276212756482,1.3957172032076208,298.15,0.0,0.013912599892212451,-0.04102800281695799,0.16749579267532708
Chen2020_DFN_fine_DC03_AC07_1p5tauSet,2.3187802669962663,5311.828597335858,0.46845470694549374,0.47617271631141883,0.5929970026843207,0.42804701634395464,0.5589281095347305,0.5259889912274174,973.7449633144679,579.0086459744284,-0.02619658954909957,0.0025227621794629528,-0.32128686911881055,0.36376698519091205,298.15,0.0,0.007718009365925117,-0.03293911830731315,0.16494998634036598
Chen2020_DFN_fine_DC03_AC07_1p5tauSet,2.3587572531660075,5553.540817643014,0.4753271270791389,0.4881326524029725,0.6054880191358353,0.43762622537178386,0.5543417194443118,0.5206291640298991,959.8370531467855,858.1504675840775,-0.08671748815999122,0.011119499328009848,-1.4756786175143823,1.6707908523275128,298.15,0.0,0.012805525323833623,-0.03371255541441269,0.16786179376405147
Chen2020_DFN_fine_DC03_AC07_1p5tauSet,2.3987342393357483,5582.699592293011,0.4821863376594787,0.49649335035712083,0.615461699883552,0.44336591562695277,0.5497641449040467,0.5100001344587296,955.0208245203313,990.6808643349735,-0.08622282952449441,0.010521739285806589,-1.413586619387847,1.6004891338573013,298.15,0.0,0.014307012697642112,-0.039764010445317036,0.1720957842565992
Chen2020_DFN_fine_DC03_AC07_1p5tauSet,2.438711225505489,5617.53649295053,0.48904496057922076,0.501730611670912,0.6199967610581245,0.44734918617961844,0.5451869625459665,0.504889733244674,958.9374778496125,913.9023330084437,-0.06896237971154211,0.0074768389962705135,-0.9917121518696898,1.1228349943853542,298.15,0.0,0.012685651091691244,-0.04029722930129251,0.17264757487850607
Chen2020_DFN_fine_DC03_AC07_1p5tauSet,2.47868821167523,5878.870206373213,0.4959143525764316,0.5067816190438671,0.616486712365572,0.4529367254910445,0.5406025933178742,0.5121173057451225,965.320227314,721.1183860296206,-0.08232351294642555,0.010539806928544492,-1.3771383383984768,1.5592217103808288,298.15,0.0,0.010867266467435497,-0.028485287572751653,0.16354998687452746
Chen2020_DFN_fine_DC03_AC07_1p5tauSet,2.518665197844971,5908.295120444053,0.5027737925904348,0.5165315462632845,0.6276923246536814,0.46000491935945514,0.5360248656623665,0.4991817609972312,956.0581102603516,949.2310728436768,-0.08865850860811454,0.011082101158770332,-1.4852541971884476,1.6816320610971538,298.15,0.0,0.013757753672849735,-0.03684310466513536,0.16768740529422618
Chen2020_DFN_fine_DC03_AC07_1p5tauSet,2.5586421840147118,5938.645529740518,0.5096326174672244,0.5237417949136345,0.6353588290585459,0.4653452562315967,0.531447548525885,0.4905376606538535,954.4621096768768,1007.8113560754749,-0.08258091289554703,0.009585429104083653,-1.2873699543786736,1.457584271783028,298.15,0.0,0.014109177446410113,-0.040909887872031606,0.17001357282694915
Chen2020_DFN_fine_DC03_AC07_1p5tauSet,2.5986191701844525,5983.401503561605,0.5164915648692521,0.5262472838169893,0.6357775616947202,0.46791476807372945,0.5268701496207502,0.4905169254440201,966.4579049921049,739.7310861369889,-0.044836813584713184,0.004381940969771699,-0.5688756982098653,0.6440916750394823,298.15,0.0,0.009755718947737246,-0.03635322417673006,0.1678627936209907
Chen2020_DFN_fine_DC03_AC07_1p5tauSet,2.6385961563541933,6234.159355259521,0.5233642612916712,0.5357815171188501,0.6346552637966474,0.4776123105205274,0.5222835751457815,0.4896944781000326,959.555163746307,854.3657118575318,-0.08719718514960578,0.01101359969725394,-1.4613944931304383,1.6546181001318538,298.15,0.0,0.012417255827178904,-0.03258909704574891,0.15704295327611997
Chen2020_DFN_fine_DC03_AC07_1p5tauSet,2.6785731425239345,6263.202702132602,0.5302235449251748,0.5444767339110892,0.6449231053866583,0.4842378215273525,0.5177059518526319,0.4785008405304356,953.5910629080787,1014.2007594003394,-0.08855962353864344,0.010694736678561216,-1.4396376034369467,1.6299845438413425,298.15,0.0,0.014253188985914406,-0.039205111322196326,0.16068528385930586
Chen2020_DFN_fine_DC03_AC07_1p5tauSet,2.7185501286936753,6296.513484449522,0.5370821637088485,0.5502664268758474,0.6508140019141758,0.48910897245270635,0.5131287722548058,0.47238702248592207,956.090908862219,975.215332919567,-0.07441793671288346,0.008095134571638123,-1.079512557802783,1.2222442508331768,298.15,0.0,0.013184263166998906,-0.04074174976888374,0.1617050294614695
Chen2020_DFN_fine_DC03_AC07_1p5tauSet,2.758527114863416,6559.169208159725,0.5439614024577452,0.5542466561595375,0.6392255082662909,0.4965622388493319,0.5085378316816155,0.48147768985220596,965.8651733044953,704.1020355904872,-0.08147797468322451,0.01027409973899879,-1.337890733072045,1.5147848396316848,298.15,0.0,0.010285253701792257,-0.027060141829409533,0.14266326941695895
Chen2020_DFN_fine_DC03_AC07_1p5tauSet,2.798504101033157,6588.961796205578,0.5508208937640853,0.5643309614493784,0.6516061674314395,0.5047691678146629,0.5039600697955655,0.4680040230781513,955.3817131284604,959.0927244357811,-0.08992443803440235,0.01111638870100948,-1.488182819844103,1.6849483432156762,298.15,0.0,0.013510067685293189,-0.03595604671741421,0.14683699961677665
Chen2020_DFN_fine_DC03_AC07_1p5tauSet,2.8384810872028976,6618.795080480064,0.5576798207829035,0.5719159842802654,0.6611737740066931,0.5110731723692927,0.49938268449340484,0.4587072670868138,952.8393708325184,1043.27553810008,-0.08576227090513942,0.009925609292069957,-1.3341141447802065,1.5105089158991865,298.15,0.0,0.014236163497361898,-0.040675417406591065,0.1501006016374004
Chen2020_DFN_fine_DC03_AC07_1p5tauSet,2.878458073372639,6659.095218008588,0.5645386456917448,0.5755325850391982,0.6639647278389768,0.5150171285435714,0.4948053673355339,0.4565949015089684,961.7810554977301,847.8218537282626,-0.05632583121836256,0.005611202747515509,-0.7347279944946051,0.8318727733485398,298.15,0.0,0.01099393934745344,-0.03821046582656548,0.14894759929540535
Chen2020_DFN_fine_DC03_AC07_1p5tauSet,2.9184350595423796,6914.733265790797,0.5714111887756077,0.5833970602714857,0.6577776071253233,0.5274943820878812,0.4902188951928467,0.45882371767269775,959.7626345431446,849.0201374030352,-0.08728966410927845,0.010913921788767737,-1.4416968520383941,1.6323160635076137,298.15,0.0,0.011985871495878037,-0.031395177520149004,0.13028322503744202
Chen2020_DFN_fine_DC03_AC07_1p5tauSet,2.9584120457121204,6943.769634756436,0.578270545953567,0.5924216487073597,0.6702959774014389,0.5353329096368332,0.48564122281894306,0.4470797061705015,952.9853271532913,1029.7565370920374,-0.09035453624815762,0.010878972606329548,-1.4600438443867036,1.653088870411906,298.15,0.0,0.014151102753792794,-0.03856151664844158,0.13496306776460554
Chen2020_DFN_fine_DC03_AC07_1p5tauSet,2.998389031881861,6975.896225678133,0.5851292152639633,0.5986993543612731,0.678500662859718,0.5413445820935788,0.48106400950151645,0.4400880747558489,954.3521896361971,1020.3314395828846,-0.07892793909336944,0.008666657544077383,-1.1550511766464118,1.3077704835530222,298.15,0.0,0.013570139097309678,-0.040975934745667617,0.13715608076613914
Chen2020_DFN_fine_DC03_AC07_1p5tauSet,3.0383660180516023,7239.32542170575,0.591986476253056,0.6016327466058939,0.6659384000175156,0.5528039184317658,0.47648773604381367,0.4509554832172392,967.2050126961774,678.9138643258809,-0.08009108270776756,0.010002088888197772,-1.291456665839913,1.4622115494169419,298.15,0.0,0.009646270352837907,-0.02553225282657441,0.11313448158574975
Chen2020_DFN_fine_DC03_AC07_1p5tauSet,3.078343004221343,7269.629470024672,0.5988459970559173,0.6120635013100162,0.6808593661231062,0.5625836533699524,0.4719099544729147,0.4369294088394769,955.8887221634832,952.7891398087714,-0.09044910232991189,0.011175854254287913,-1.4858058616325869,1.6822571068000987,298.15,0.0,0.013217504254098775,-0.03498054563343786,0.1182757127531537
Chen2020_DFN_fine_DC03_AC07_1p5tauSet,3.118319990391084,7299.079464132028,0.6057050458052443,0.6200082661130656,0.6931784820452352,0.5700695125970693,0.4673324879324728,0.4270106710599923,952.6958682498632,1054.0411952006386,-0.08796609228569516,0.010283837165430328,-1.3741369549192572,1.5558234879988706,298.15,0.0,0.014303220307821305,-0.04032181687248049,0.12310896944816595
Chen2020_DFN_fine_DC03_AC07_1p5tauSet,3.1582969765608246,7336.427840902375,0.6125637864298115,0.6244498080819019,0.6986988146172821,0.5752537056855949,0.46275522702269817,0.42336277276667617,959.4191727903866,910.1978586116869,-0.06462641552677022,0.006607549968479146,-0.8644560943728771,0.9787533111427197,298.15,0.0,0.011886021652090342,-0.039392454256022,0.12344510893168725
Chen2020_DFN_fine_DC03_AC07_1p5tauSet,3.198273962730566,7595.243521030116,0.6194294630231311,0.6309374760151825,0.6961015386990518,0.5914120900666887,0.458173337312921,0.42805396511075033,961.7284581905037,811.0688856958583,-0.08657812455323591,0.010845878253859426,-1.4161819006209804,1.6034275594641023,298.15,0.0,0.011508012992051455,-0.030119372202170668,0.10468944863236304
Chen2020_DFN_fine_DC03_AC07_1p5tauSet,3.2382509489003066,7624.38510944319,0.6262888752075376,0.6402897134774133,0.7118724390379806,0.5994603755161697,0.4535956282298211,0.4157676435021638,954.5263679121268,1000.5941374115954,-0.09087623920550474,0.011112215789055064,-1.4748035948399305,1.669800119018955,298.15,0.0,0.014000838269875616,-0.0378279847276573,0.11241206352181088
Chen2020_DFN_fine_DC03_AC07_1p5tauSet,3.2782279350700474,7655.589517548568,0.6331475887649629,0.6470082286495078,0.7230794256283609,0.6051971470766074,0.4490183853836211,0.4079902134314056,954.9878620991203,1011.8375084860794,-0.08192557114928894,0.009244854219066359,-1.2201430546827967,1.3814687220189568,298.15,0.0,0.013860639884544865,-0.04102817195221547,0.11788227855175346
Chen2020_DFN_fine_DC03_AC07_1p5tauSet,3.318204921239788,7712.048646640735,0.6400066429159839,0.6470166894343923,0.721567394654241,0.6062926832345513,0.44444091523829526,0.4127617059683954,974.9429460688431,554.9892332990639,-0.020813532805228165,0.0019192922782735905,-0.24025590858793927,0.27202222044766367,298.15,0.0,0.007010046518408433,-0.03167920926989991,0.11527471141968969
Chen2020_DFN_fine_DC03_AC07_1p5tauSet,3.3581819074095294,7950.28356063365,0.6468793465006795,0.6597612650331007,0.736083199712248,0.6234765305441983,0.4398543359834979,0.40591168603713007,958.8531743327745,886.3630835131054,-0.08985253073368149,0.011296785681687545,-1.4780732106610768,1.6735020551297417,298.15,0.0,0.012881918532421285,-0.03394264994636782,0.1126066691680498
Chen2020_DFN_fine_DC03_AC07_2p0tauSet,0.2,178.77692491047276,0.10489261388834313,0.11848686837082721,0.12720398255450896,0.11376723883266933,0.8015555316689578,0.7615056692847599,955.9599417002099,980.8399452840837,-0.09594997370371312,0.009659891099429418,-1.1017118145860603,1.2473786633876036,298.15,0.0,0.013594254482484074,-0.0400498623841978,0.01343674372183964
Chen2020_DFN_fine_DC03_AC07_2p0tauSet,0.2399769861697409,238.8164590573511,0.11174844304132375,0.11874962701845884,0.1253246209365276,0.11517128981898994,0.7969802137638574,0.7664814873994635,975.6534631507427,530.7749874351578,-0.03566211709294924,0.002749051502901182,-0.294515756640763,0.3334510679446424,298.15,0.0,0.007001183977135094,-0.03049872636439385,0.010153331117537669
Chen2020_DFN_fine_DC03_AC07_2p0tauSet,0.27995397233948177,549.8530406218254,0.11862284292785044,0.13167383537310665,0.1393840042165529,0.12781396771871684,0.7923925024621581,0.7596548084115996,957.9941396488773,901.2529914381887,-0.10610778467042509,0.012669755790742024,-1.4465357840041102,1.63779479251274,298.15,0.0,0.013050992445256199,-0.03273769405055853,0.011570036497836073
Chen2020_DFN_fine_DC03_AC07_2p0tauSet,0.3199309585092226,578.8440705309652,0.12548241974667912,0.14021730420510095,0.15095359088213323,0.13499234446751085,0.7878146835083466,0.7487811056805408,953.1951937082574,1029.5304082992272,-0.10760099892684226,0.01262420312703021,-1.4813048975337169,1.6771610312991072,298.15,0.0,0.014734884458421848,-0.03903357782780585,0.01596124641462236
Chen2020_DFN_fine_DC03_AC07_2p0tauSet,0.3599079446789635,608.8506516800935,0.13234198405098,0.14719781999890574,0.16062590151894224,0.14085695403256948,0.7832368729062527,0.7407557451171629,953.0127829925485,1048.604668039936,-0.10193554800257083,0.01136516418385421,-1.3460199026889903,1.5239888376181783,298.15,0.0,0.014855835947925736,-0.04248112778908975,0.019768947486372757
Chen2020_DFN_fine_DC03_AC07_2p0tauSet,0.39988493084870436,645.1355203832723,0.1392014964503376,0.15199758142069905,0.16647584845685404,0.14526812340272985,0.7786590969435307,0.7369216470160506,958.8610209841787,916.1070079874917,-0.0842821162852419,0.008420903703139958,-0.9844404838283278,1.1146018755931693,298.15,0.0,0.012796084970361443,-0.04173744992748016,0.021207725054124184
Chen2020_DFN_fine_DC03_AC07_2p0tauSet,0.43986191701844524,982.779238006178,0.14604990340134577,0.15678862374616645,0.16618757622173866,0.1524932536980241,0.7740887323318709,0.7470281331130894,965.3994449931403,725.6685823627724,-0.09474548568534717,0.011452302279204,-1.302396501000172,1.4745976080519658,298.15,0.0,0.01073872034482068,-0.02706059921878161,0.013694322523714554
Chen2020_DFN_fine_DC03_AC07_2p0tauSet,0.4798389031881861,1013.3680021894081,0.15290958625743675,0.1665081189614832,0.18199675250303798,0.1597456173129571,0.769510842612851,0.7341913976203058,957.3131673388039,924.5290413158953,-0.10163145919700348,0.01243064230081649,-1.4704152862212547,1.6648316096253815,298.15,0.0,0.013598532704046446,-0.035319444992545176,0.022251135190080873
Chen2020_DFN_fine_DC03_AC07_2p0tauSet,0.519815889357927,1042.2873738219084,0.15976920538143177,0.1746863866185965,0.1961413011457466,0.16556652207263878,0.7649329954261921,0.7240350827575431,954.0041649787192,1019.3344618433957,-0.10143490175567414,0.012135072534340494,-1.4647319942169712,1.658396881072443,298.15,0.0,0.014917181237164732,-0.04089791266864896,0.03057477907310784
Chen2020_DFN_fine_DC03_AC07_2p0tauSet,0.5597928755276679,1073.1456445843364,0.16662874198814973,0.18123216007902973,0.20685721444025434,0.1703655043747839,0.7603552033084031,0.71689145531402,955.0365509789915,1006.6008949490944,-0.09402656746879864,0.010596360641841135,-1.2834259646323334,1.4531188130348325,298.15,0.0,0.014603418090880017,-0.043463747994383094,0.036491710065470466
Chen2020_DFN_fine_DC03_AC07_2p0tauSet,0.5997698616974088,1112.940125711862,0.17348820021522735,0.18519856906674564,0.2116080987594819,0.17382638318831556,0.7557774634981871,0.7147835133183247,962.9229030113383,822.6486002092793,-0.07151529660225021,0.007065857709123172,-0.8378692194809962,0.9486509716537193,298.15,0.0,0.011710368851518311,-0.04099395017986248,0.03778171557116633
Chen2020_DFN_fine_DC03_AC07_2p0tauSet,0.6397468478671496,1446.9737931709562,0.18032934732493353,0.19191929597917812,0.21512310928244638,0.18215414720969067,0.7512119438266737,0.7216621047832495,963.2698525115387,777.3932013562664,-0.09326911994364848,0.011539332912974513,-1.3613573536809942,1.5413541851365407,298.15,0.0,0.011589948654244592,-0.029549839043424186,0.032968962072755716
Chen2020_DFN_fine_DC03_AC07_2p0tauSet,0.6797238340368905,1476.7900649418114,0.1871890353502855,0.20124445394351184,0.23053041697433108,0.1887419151237283,0.7466340506578867,0.7095132638311571,956.4612124557326,949.0620832157181,-0.09852233481328712,0.01218314375683757,-1.4841031902113375,1.680329310466311,298.15,0.0,0.01405541859322633,-0.03712078682672959,0.04178850185060279
Chen2020_DFN_fine_DC03_AC07_2p0tauSet,0.7197008202066313,1505.837933486374,0.19404857568150277,0.20905280808965968,0.24274158341091892,0.19429430698512482,0.7420562560545105,0.700041327664136,953.9397403143818,1023.4619017585152,-0.09724439482042392,0.01162630343894965,-1.4379084457931568,1.628026759299765,298.15,0.0,0.015004232408156902,-0.04201492839037458,0.04844727642579409
Chen2020_DFN_fine_DC03_AC07_2p0tauSet,0.7596778063763723,1537.8818157533353,0.20090794216729957,0.21512091633385166,0.25076473127335125,0.19900541720330112,0.7374785774689129,0.6938245767055977,955.9451328535525,984.6466040399108,-0.0879136790972776,0.009769692123044271,-1.2066106533957792,1.3661470850500963,298.15,0.0,0.014212974166552086,-0.04365400076331515,0.05175931407005014
Chen2020_DFN_fine_DC03_AC07_2p0tauSet,0.799654792546113,1583.3583125929952,0.20776737473187884,0.21791848106956416,0.25224153591346976,0.20197547944124924,0.732900854784865,0.6940961941081184,967.0580575095994,725.428547942064,-0.0567554743442131,0.005393353684111535,-0.6449750764870574,0.7302523840134378,298.15,0.0,0.010151106337685295,-0.038804660676746615,0.05026605647222051
Chen2020_DFN_fine_DC03_AC07_2p0tauSet,0.839631778715854,1910.868939007378,0.21463251441186212,0.22696953269157674,0.2582458197513926,0.21191358382641856,0.7283193233904912,0.6966137748174634,960.7220566701055,836.6142628183554,-0.09299951739082525,0.011559760825357765,-1.408022765687925,1.5941896349760594,298.15,0.0,0.012337018279714618,-0.03170554857302783,0.046332235924974034
Chen2020_DFN_fine_DC03_AC07_2p0tauSet,0.8796087648855948,1940.1712783266025,0.22149218311135319,0.23591908850276405,0.2709968931016756,0.21871618608892243,0.7237414431190441,0.6851177883846531,954.763204206144,989.8550910375374,-0.09699374062768985,0.011899341247219468,-1.4882099099804154,1.684979015189917,298.15,0.0,0.014426905391410855,-0.038623654734390916,0.05228070701275314
Chen2020_DFN_fine_DC03_AC07_2p0tauSet,0.9195857510553358,1969.5470299802626,0.22835166392562017,0.2433459389336537,0.28085381913955365,0.22459245328008529,0.7191636882350017,0.6763487413529169,953.1034241996404,1043.627598420894,-0.09428607061643525,0.0110818588047333,-1.40070484117727,1.5859041443066688,298.15,0.0,0.01499427500803351,-0.0428149468820848,0.05626136585946837
Chen2020_DFN_fine_DC03_AC07_2p0tauSet,0.9595627372250766,2003.234148257862,0.2352109918603852,0.24886801288732988,0.28685245194259673,0.22953499944593836,0.7145860353768864,0.6711918363195627,956.5718674735787,969.0413800044801,-0.08200113592254325,0.008865869389714068,-1.1129099642766718,1.2600574173123535,298.15,0.0,0.013657021026944707,-0.04339419905732373,0.05731745249665835
Chen2020_DFN_fine_DC03_AC07_2p0tauSet,0.9995397233948176,2060.7776376245088,0.24207042209738422,0.2495429039283939,0.2846605373724666,0.23142799186723667,0.7100083142461772,0.675841182996676,974.3956521909614,559.2795363545708,-0.03197123796733634,0.002892811123117491,-0.3444287813073591,0.3899686897887747,298.15,0.0,0.007472481831009662,-0.03416713124950123,0.05323254550522994
Chen2020_DFN_fine_DC03_AC07_2p0tauSet,1.0395167095645583,2374.5455192166505,0.24892811355188163,0.2619136404019984,0.2925926437651971,0.24554359728724476,0.7054317535123413,0.6717882121543693,958.2907275499564,895.2731387187273,-0.09286769646775597,0.011531297481070428,-1.4433440496153709,1.6341810513209998,298.15,0.0,0.012985526850116766,-0.033643541357971915,0.047049046477952335
Chen2020_DFN_fine_DC03_AC07_2p0tauSet,1.0794936957342993,2403.556460156082,0.2557877238413724,0.27049640334301717,0.3047846923542494,0.2524262174848682,0.7008539122214923,0.6609352818711557,953.483303514542,1024.1421318109185,-0.09528117887042512,0.011598494440254814,-1.482445174433082,1.678452063879244,298.15,0.0,0.014708679501644784,-0.03991863035033656,0.05235847486938116
Chen2020_DFN_fine_DC03_AC07_2p0tauSet,1.11947068190404,2433.4883806647,0.26264721336097474,0.277522089980577,0.31432655934264203,0.25829926060767205,0.6962761515278424,0.652911133363628,953.048984773711,1048.9420211050196,-0.09069891731900839,0.010517693471106962,-1.3519625153494768,1.530717302441766,298.15,0.0,0.014874876619602202,-0.043365018164214335,0.05602729873497
Chen2020_DFN_fine_DC03_AC07_2p0tauSet,1.1594476680737809,2469.472197802263,0.26950652238066775,0.2823996595841551,0.3196259393953208,0.26300656999976346,0.6916985112929225,0.6490173464956907,958.4511421461167,926.6899281817113,-0.07457072810177878,0.007870602701129041,-0.9982833390433711,1.1302750144353892,298.15,0.0,0.012893137203487368,-0.04268116479723185,0.056619369395557353
Chen2020_DFN_fine_DC03_AC07_2p0tauSet,1.1994246542435218,2807.386630889947,0.27636904804770696,0.28700975634817383,0.3133775431089308,0.2730580217395719,0.6871187243907125,0.6600018905247937,965.1758052997498,730.0395857034341,-0.0842661180733706,0.010464840512266423,-1.2953653295345484,1.4666367861610488,298.15,0.0,0.010640708300466855,-0.027116833865918868,0.040319521369358895
Chen2020_DFN_fine_DC03_AC07_2p0tauSet,1.2394016404132626,2838.072938714736,0.28322878235815585,0.2967724258852376,0.32809700119164065,0.28076725956389154,0.6825408003330232,0.6471193748677646,956.8494781528428,934.3474593497295,-0.09213739694566865,0.011480747488337295,-1.4683378181288311,1.662479462168889,298.15,0.0,0.013543643527081747,-0.035421425465258526,0.04732974162774914
Chen2020_DFN_fine_DC03_AC07_2p0tauSet,1.2793786265830036,2866.990752149029,0.2900883983689834,0.30499008778951137,0.34110837255580573,0.28708026129762865,0.6779629552239719,0.6369157305062284,953.3115311048596,1035.2749677988786,-0.09282815499691964,0.011291459568464642,-1.46699227896469,1.6609560176675011,298.15,0.0,0.014901689420527978,-0.04104722471774347,0.0540281112581771
Chen2020_DFN_fine_DC03_AC07_2p0tauSet,1.3193556127527444,2897.74136549231,0.29694775094699477,0.3115846679854069,0.3511354830512204,0.29234962114891866,0.6733852859198973,0.6297022715160218,954.1768552226378,1027.8903375822197,-0.0861916964961361,0.009927065367906737,-1.2908476498838455,1.461521783456018,298.15,0.0,0.014636917038412158,-0.04368301440387554,0.05878586190230174
Chen2020_DFN_fine_DC03_AC07_2p0tauSet,1.3593325989224854,2937.077676527997,0.30380704055038316,0.31565318865829,0.35578501292825393,0.2962414089962759,0.6688076586426761,0.6274160256864454,961.8727310616006,848.6176456107058,-0.06506149757654349,0.006718477715177757,-0.8555197433370926,0.9686353521648352,298.15,0.0,0.011846148107906825,-0.04139163295623073,0.05954360393197807
Chen2020_DFN_fine_DC03_AC07_2p0tauSet,1.3993095850922261,3271.6156869373217,0.3106931529524583,0.322198482067224,0.3548713017153374,0.3068709429672018,0.6642121308565073,0.6347952865684962,962.9878162769553,783.5101677296525,-0.08520470200151097,0.010702137935371963,-1.3556234280207997,1.5348621275621384,298.15,0.0,0.011505329114765685,-0.02941684428801116,0.048000358748135526
Chen2020_DFN_fine_DC03_AC07_2p0tauSet,1.4392865712619671,3301.5021027230687,0.3175528441436089,0.3315642390450659,0.37074686145439684,0.3137139395874225,0.6596342355749877,0.6225861274155062,956.1479127053868,957.9681885153584,-0.09095056005179344,0.011402356394701095,-1.4831018723874427,1.679195771911807,298.15,0.0,0.01401139490145695,-0.03704810815948152,0.0570329218669743
Chen2020_DFN_fine_DC03_AC07_2p0tauSet,1.479263557431708,3330.5254421782774,0.324412415727635,0.33941295214104905,0.38459101053091654,0.3193047399031701,0.6550564201146843,0.6130488036698898,953.7496877058377,1032.5467710261728,-0.08997641426800501,0.010959166528421495,-1.4413582068064243,1.6319326429279735,298.15,0.0,0.015000536413414076,-0.04200761644479452,0.06528627062774643
Chen2020_DFN_fine_DC03_AC07_2p0tauSet,1.5192405436014487,3362.4234488896846,0.3312716939998682,0.34553408890784293,0.3947122610825428,0.32390474483688464,0.6504788003994412,0.6067381540343183,955.8734203304335,992.5893984571328,-0.08112076153900927,0.009278401623501234,-1.2156271292654046,1.3763557071706556,298.15,0.0,0.014262394907974712,-0.043740646365122864,0.0708075162456582
Chen2020_DFN_fine_DC03_AC07_2p0tauSet,1.5592175297711897,3407.107198568025,0.3381309852091609,0.3484850504477227,0.3977604003803313,0.3267926878937918,0.6459011720504992,0.6067073088664896,966.6637580902717,738.2397360921836,-0.052391709529359475,0.0052683833656787405,-0.669142208686522,0.7576152881678339,298.15,0.0,0.010354065238561808,-0.03919386318400968,0.07096771248653949
Chen2020_DFN_fine_DC03_AC07_2p0tauSet,1.5991945159409304,3735.5379349948894,0.34502129280121807,0.35728441526969495,0.4049882807517342,0.33735184189751677,0.6413028445551479,0.6097729724530785,961.3105279759407,827.2940442265194,-0.08574601998192223,0.010876555576767678,-1.4035529659596708,1.589128843696728,298.15,0.0,0.012263122468476849,-0.031529872102069444,0.06763643885421741
Chen2020_DFN_fine_DC03_AC07_2p0tauSet,1.6391715021106714,3764.8847012527444,0.3518809710734064,0.3662730084099045,0.4215492048255536,0.34350644468676556,0.6367249578952496,0.5982129936309755,955.6987719989029,976.1219642305122,-0.08969388000365786,0.011290284784046405,-1.4882365461748122,1.6850091731886663,298.15,0.0,0.014392037336498156,-0.03851196426427419,0.07804276013878803
Chen2020_DFN_fine_DC03_AC07_2p0tauSet,1.6791484882804122,3794.2146156064123,0.3587404270580619,0.37374111072228117,0.4354817638848513,0.34856542763933407,0.6321472195815394,0.5893713441588336,954.3166524861103,1025.6219470082615,-0.08713283132328922,0.010588425339640517,-1.4052399835606435,1.591038916983498,298.15,0.0,0.015000683664219222,-0.04277587542270583,0.08691633624551724
Chen2020_DFN_fine_DC03_AC07_2p0tauSet,1.7191254744501532,3827.6969212809095,0.365599647306927,0.3793258387409047,0.44486231470272913,0.3526549467076765,0.6275696385888719,0.584095979548013,957.7879411428594,950.0224917347297,-0.0756686398865886,0.008543984754242328,-1.123934165416846,1.2725392234371873,298.15,0.0,0.013726191433977693,-0.043473659040858974,0.09220736799505264
Chen2020_DFN_fine_DC03_AC07_2p0tauSet,1.759102460619894,3883.1953038492647,0.3724589492647685,0.38033797213378145,0.4445405249741126,0.35407928049380955,0.6229920030667605,0.5880493299102251,974.2418530299085,565.3471057357872,-0.0317567044809163,0.0030961786439209107,-0.38805088951705424,0.4393582825221961,298.15,0.0,0.007879022869012929,-0.0349426731565354,0.09046124448030306
Chen2020_DFN_fine_DC03_AC07_2p0tauSet,1.799079446789635,4199.2332007309815,0.379336929743346,0.39225823928623726,0.46162954441844406,0.3651313783929985,0.6184019022150085,0.5849318152707814,959.8700447175208,866.4847261080212,-0.08616499772660906,0.010994448400168643,-1.440009633069022,1.6304057626577078,298.15,0.0,0.012921309542891302,-0.033470086944227075,0.0964981660254456
Chen2020_DFN_fine_DC03_AC07_2p0tauSet,1.8390564329593757,4228.266078587183,0.3861965858909621,0.40088024383576826,0.47813027692170723,0.3708133844231437,0.613824030320202,0.5740123464681846,955.3153442745053,991.6369854213021,-0.08855905484878153,0.01114242700832863,-1.4835631112590257,1.6797178229071874,298.15,0.0,0.014683657944806137,-0.03981168385201751,0.10731689249856351
Chen2020_DFN_fine_DC03_AC07_2p0tauSet,1.8790334191291167,4258.125088441871,0.39305591565030645,0.4079499713144278,0.4914221008507643,0.3755122465680844,0.6092463762444326,0.5659082794728778,954.9330065182128,1015.0088031254525,-0.08436495934519544,0.010172528826649822,-1.3578467785774944,1.5373794464480859,298.15,0.0,0.014894055664121315,-0.04333809677155475,0.11590985428267994
Chen2020_DFN_fine_DC03_AC07_2p0tauSet,1.9190104052988575,4293.822444440795,0.399915091780487,0.4129023234397538,0.49936994418255276,0.3791808576076868,0.6046688246948853,0.5618694647645803,960.0243316569076,897.3534061085589,-0.06953001224462153,0.007690050296948716,-1.0118056993256574,1.1455852829362816,298.15,0.0,0.012987231659266761,-0.04279935993030493,0.12018908657486593
Chen2020_DFN_fine_DC03_AC07_2p0tauSet,1.9589873914685985,4631.98479579037,0.40677097351946107,0.4173136063854057,0.5032789576228874,0.3845400208248718,0.6000934716959071,0.5732187635615186,966.7725705635063,698.7095941180202,-0.07876440711191511,0.009997998809414618,-1.288094296844959,1.4584043857941178,298.15,0.0,0.010542632865944626,-0.026874708134388445,0.1187389367980156
Chen2020_DFN_fine_DC03_AC07_2p0tauSet,1.9989643776383392,4662.774497807478,0.4136307184729742,0.42711939818516,0.5213146013722758,0.3911755742570275,0.5955155405354444,0.5602654175658689,958.54085348263,902.4898374525476,-0.08662697461229235,0.01106827262953463,-1.4661368035161126,1.6599874323751895,298.15,0.0,0.013488679712185788,-0.0352501229695756,0.13013902711524838
Chen2020_DFN_fine_DC03_AC07_2p0tauSet,2.0389413638080804,4691.692720905926,0.4204903548204522,0.43537603646723155,0.5370746999645059,0.39652819141355067,0.5909376818544924,0.5499932669225853,954.9836421627544,1003.6442894391072,-0.08756664071338553,0.010960814745360046,-1.4691361009315187,1.663383292873115,298.15,0.0,0.01488568164677935,-0.0409444149319071,0.14054650855095518
Chen2020_DFN_fine_DC03_AC07_2p0tauSet,2.078918349977821,4722.342526117104,0.42734952719719554,0.44201784892364643,0.5489965359786015,0.40096865968052803,0.5863601328098452,0.5426915751167944,955.6627055239624,998.7698869747294,-0.08155929953896053,0.009700619290277669,-1.2980258161238416,1.4696490372372502,298.15,0.0,0.014668321726450889,-0.04366855769305078,0.14802787629807354
Chen2020_DFN_fine_DC03_AC07_2p0tauSet,2.118895336147562,4761.250915249237,0.43420870267843575,0.44618382813662416,0.5547200626207398,0.40420751817239,0.5817825816933758,0.5402117145953675,962.8425597856768,829.3043908482064,-0.06201752285453735,0.0066576098535863285,-0.8724978968071129,0.9878583908356431,298.15,0.0,0.01197512545818842,-0.04157086709800819,0.15051254444834988
Chen2020_DFN_fine_DC03_AC07_2p0tauSet,2.1588723223173027,5096.251994443681,0.4410588886461357,0.4524758729596054,0.5627249503278062,0.41008225762744244,0.577211029834087,0.5480402239869495,964.2734958093596,757.89326946888,-0.08114087218761903,0.010335066213175948,-1.3497215500951187,1.5281799113181616,298.15,0.0,0.011416984313469712,-0.02917080584713744,0.15264269270036382
Chen2020_DFN_fine_DC03_AC07_2p0tauSet,2.1988493084870435,5126.211878836389,0.44791859630575714,0.46188368923570744,0.5786505065454501,0.4163785948589049,0.5726331235621399,0.5357585104772984,957.2195411753917,935.892313362593,-0.08730710912888119,0.011099339888589235,-1.481987018914183,1.677933402222425,298.15,0.0,0.013965092929950329,-0.036874613084841544,0.16227191168654523
Chen2020_DFN_fine_DC03_AC07_2p0tauSet,2.2388262946567847,5155.215668022961,0.45477812865470973,0.46977159279494957,0.5907690211238669,0.4215876960905672,0.5680553342858216,0.5261494528433635,954.5114520967041,1014.7905768095623,-0.08695283168748696,0.010734993096496684,-1.4445253747699296,1.6355185699872061,298.15,0.0,0.014993464140239809,-0.04190588144245808,0.1691813250332997
Chen2020_DFN_fine_DC03_AC07_2p0tauSet,2.2788032808265255,5186.970391229821,0.46163716861744597,0.47594691947841117,0.5983440872944814,0.42593585855294824,0.5634778736092135,0.5197342714554911,956.2436812893746,981.7499060303832,-0.07888775742199675,0.009150395571699993,-1.2244751608797477,1.3863736136215739,298.15,0.0,0.014309750860965196,-0.043743602153722416,0.1724082287415331
Chen2020_DFN_fine_DC03_AC07_2p0tauSet,2.3187802669962663,5230.931573301657,0.4684963714112281,0.47904064036259325,0.5998853166352076,0.42868740263786953,0.5589003042653998,0.5194127057697276,966.4309110625512,741.980948094028,-0.051862700646745793,0.005324952370568841,-0.692096155156974,0.7836041744596326,298.15,0.0,0.010544268951365196,-0.03948759849567218,0.17119791399733805
Chen2020_DFN_fine_DC03_AC07_2p0tauSet,2.3587572531660075,5560.203965410786,0.4753539602426345,0.48754004042559335,0.6056864339037373,0.43597878958734404,0.5543238120182874,0.5230229342327165,961.5725956860927,818.3539292861108,-0.08378058633257945,0.010599694333568456,-1.39894815219025,1.5839151882787301,298.15,0.0,0.012186080182958858,-0.03130087778557094,0.16970764431639326
Chen2020_DFN_fine_DC03_AC07_2p0tauSet,2.3987342393357483,5589.5976388935305,0.48221366873613414,0.4965687739786118,0.6164743736085584,0.44226754525877054,0.5497459051898426,0.5113924754468397,955.3659455128102,976.3892480782575,-0.08860003961679803,0.011077981806085468,-1.4881497492458322,1.684910900084723,298.15,0.0,0.014355105242477689,-0.03835342974300275,0.17420682834978782
Chen2020_DFN_fine_DC03_AC07_2p0tauSet,2.438711225505489,5618.884677074545,0.4890730338965206,0.5040783372419436,0.6245639399977256,0.44758330418419573,0.5451682274887731,0.5024737943296685,953.4573481152481,1035.173806594535,-0.08680183977195673,0.010448283637369962,-1.4096459503882408,1.5960274349229546,298.15,0.0,0.015005303345422978,-0.042694433159104546,0.17698063581352988
Chen2020_DFN_fine_DC03_AC07_2p0tauSet,2.47868821167523,5652.170144779573,0.4959320578783131,0.509724705381094,0.6294192211640001,0.4519898351460626,0.5405907774772349,0.4970778713491277,956.5472434348275,969.050827204811,-0.0758978184123525,0.008492562406457408,-1.1347119776354093,1.2847420634489592,298.15,0.0,0.013792647502780881,-0.04351290612810727,0.1774293860179375
Chen2020_DFN_fine_DC03_AC07_2p0tauSet,2.518665197844971,5705.901592577278,0.5027913237628124,0.5110342419693483,0.6276489636485192,0.453824915834812,0.5360131660290912,0.500413766814247,972.3290227472803,604.1726918535669,-0.03426235217011408,0.0033430440202306838,-0.42762864768824127,0.4841691301746789,298.15,0.0,0.008242918206535856,-0.03559939921484429,0.1738240478137072
Chen2020_DFN_fine_DC03_AC07_2p0tauSet,2.5586421840147118,6023.920258084694,0.5096942300696248,0.522549972046733,0.629201032650336,0.4642918186689784,0.5314064306338478,0.49812379127089107,958.6389892880717,883.2753205655747,-0.08644987264019939,0.010796984005572736,-1.4365871610296939,1.6265307760963814,298.15,0.0,0.012855741977108285,-0.03328263936295675,0.16490921398135763
Chen2020_DFN_fine_DC03_AC07_2p0tauSet,2.5986191701844525,6052.977191776816,0.5165538830028948,0.5312110889940241,0.6390741918806776,0.47074162055175145,0.5268285608841725,0.4871369999517323,953.3883300387735,1021.1519036092559,-0.08984708076638398,0.011006803795277978,-1.4845501882529735,1.68083525555314,298.15,0.0,0.01465720599112931,-0.039691560932440174,0.16833257132892618
Chen2020_DFN_fine_DC03_AC07_2p0tauSet,2.6385961563541933,6082.7677851977205,0.5234131293675209,0.5383243154422588,0.6468378332168536,0.476255494651526,0.5222509624628457,0.47895323296488906,952.5494645764094,1055.409028740144,-0.08626524533703699,0.010102424592686569,-1.363521931881083,1.5438049609779139,298.15,0.0,0.0149111860747379,-0.04329772949795664,0.17058233856532762
Chen2020_DFN_fine_DC03_AC07_2p0tauSet,2.6785731425239345,6118.188035014438,0.5302721861418748,0.5433504327008232,0.6510579948687553,0.480745174707732,0.5176734905668079,0.4747705966393027,957.4589403458134,945.6173507380985,-0.07155619235439281,0.00770724693493815,-1.0250192539558505,1.16054591592673,298.15,0.0,0.01307824655894842,-0.04290289392750517,0.1703128201610233
Chen2020_DFN_fine_DC03_AC07_2p0tauSet,2.7185501286936753,6456.57755509957,0.5371750183763869,0.5476180665430943,0.6362823696794359,0.48865574353660235,0.5130668046045819,0.48642321793089927,965.095017673526,726.226587397229,-0.07956535990882656,0.009814921401962284,-1.2806127062526595,1.4499333277693855,298.15,0.0,0.01044304816670732,-0.026643586673682596,0.14762662614283353
Chen2020_DFN_fine_DC03_AC07_2p0tauSet,2.758527114863416,6487.475916409294,0.5440347647924139,0.5574678378105965,0.6479337969847414,0.4966564948322896,0.5084888724680938,0.4733992244156593,955.9940516039005,946.4172479232284,-0.0888215780361491,0.010945463774284786,-1.4638269948064557,1.6573722238776958,298.15,0.0,0.013433073018182607,-0.0350896480524345,0.1512773021524519
Chen2020_DFN_fine_DC03_AC07_2p0tauSet,2.798504101033157,6516.397056933965,0.5508943805048953,0.5657631278777836,0.6583670623442469,0.503377898275516,0.5039110275581483,0.4630605035494729,951.8919661754668,1060.7124309649232,-0.0906557759317714,0.010896280287480596,-1.4711485736316738,1.6656618519704582,298.15,0.0,0.01486874737288832,-0.04085052400867534,0.15498916406873084
Chen2020_DFN_fine_DC03_AC07_2p0tauSet,2.8384810872028976,6546.948740670324,0.5577534749522366,0.5724520580480637,0.6663885388184384,0.5091803524014955,0.49933353052060037,0.45567214019862445,952.3310086229272,1064.9179580187683,-0.08494998748195773,0.009697505698811792,-1.3050605942652445,1.4776139441138227,298.15,0.0,0.014698583095827009,-0.043661390321975906,0.15720818641694287
Chen2020_DFN_fine_DC03_AC07_2p0tauSet,2.878458073372639,6585.4448955180505,0.564612607534703,0.576713061004795,0.6698826859787796,0.513753440509072,0.49475600803313113,0.4530050901440331,959.5616384946064,898.2701467950322,-0.06507105848756552,0.0067468166411345344,-0.8891011088702829,1.006656857178921,298.15,0.0,0.012100453470092004,-0.04175091788909805,0.15612924546970763
Chen2020_DFN_fine_DC03_AC07_2p0tauSet,2.9184350595423796,6920.885509684019,0.5715031443236555,0.582832454573471,0.6563882722419273,0.5265110493992536,0.49015752758054737,0.4611963712352386,961.6431600153464,808.3871026588491,-0.08334670715631035,0.010228143930108902,-1.3436795228337677,1.5213390153521584,298.15,0.0,0.01132931024981553,-0.028961156345308735,0.1298772228426737
Chen2020_DFN_fine_DC03_AC07_2p0tauSet,2.9584120457121204,6950.921678969997,0.5783628448302571,0.5922815340948733,0.6691270706772336,0.534878318930174,0.48557962608225214,0.4488474602292153,954.0730825474348,999.8060787269309,-0.09064230626490753,0.011056559859056932,-1.4807281306137978,1.6765081031982259,298.15,0.0,0.013918689264616122,-0.03673216585303686,0.13424875174705955
Chen2020_DFN_fine_DC03_AC07_2p0tauSet,2.998389031881861,6979.906752177283,0.5852223688162075,0.6002094678699204,0.6804424270428385,0.5420333799524645,0.48100184238708155,0.439168552364865,951.2499408594788,1086.2591764478648,-0.0907354630429796,0.010753236935831315,-1.447684351855326,1.6390952222795852,298.15,0.0,0.01498709905371284,-0.04183329002221656,0.13840904709037402
Chen2020_DFN_fine_DC03_AC07_2p0tauSet,3.0383660180516023,7011.525056955575,0.5920813898236474,0.6064369751416522,0.6886782764509224,0.5482542851871934,0.47642439436051237,0.43265609726463633,953.1190533189983,1054.6377647060033,-0.08256257407763642,0.009228789061979381,-1.2331135872086447,1.396154200963145,298.15,0.0,0.014355585318004764,-0.04376829709587604,0.14042399126372904
Chen2020_DFN_fine_DC03_AC07_2p0tauSet,3.078343004221343,7054.800746882117,0.5989405878592376,0.609667819217125,0.690963412022387,0.5528178927240378,0.47184682819213347,0.4320595151563787,963.4799509271857,811.1098154410811,-0.05515404982854211,0.005505108115251992,-0.7143236842471623,0.8087705974302603,298.15,0.0,0.010727231357887373,-0.039787313035754765,0.13814551929834912
Chen2020_DFN_fine_DC03_AC07_2p0tauSet,3.118319990391084,7384.867791621876,0.6058382372851412,0.6179474960152354,0.6847316039111754,0.571863979651141,0.46724360103795215,0.43613655390983774,959.3627916860494,870.3442424117658,-0.0863567595746448,0.010593183281918026,-1.3942192478990802,1.578561034645358,298.15,0.0,0.012109258730094141,-0.03110704712811441,0.11286762426003442
Chen2020_DFN_fine_DC03_AC07_2p0tauSet,3.1582969765608246,7414.310853043876,0.6126979354656235,0.6270160309615948,0.6990821782318897,0.5803807861394301,0.4626657010920202,0.42443994895393833,953.4448349081579,1027.4994883301936,-0.09156449042487995,0.01115126717275909,-1.4879675513015542,1.6847046121558586,298.15,0.0,0.014318095495971295,-0.038225752138081846,0.1187013920924596
Chen2020_DFN_fine_DC03_AC07_2p0tauSet,3.198273962730566,7443.557320186489,0.61955729864633,0.6345665459098181,0.7114371817583254,0.5874547855334341,0.45808802471211313,0.4154485332340245,952.0006048029946,1080.2007527754322,-0.08976189393392452,0.010588367475989846,-1.4139234837897492,1.6008705379852517,298.15,0.0,0.015009247263488042,-0.042639491478088654,0.12398239622489118
Chen2020_DFN_fine_DC03_AC07_2p0tauSet,3.2382509489003066,7476.653325049404,0.6264163132701358,0.6402733537043704,0.7198657377502979,0.5932562045366329,0.4535105809457378,0.40993788368503775,955.4600699278242,1006.0460029284594,-0.07883079559912244,0.008682431399487761,-1.1452455489121156,1.296668369287289,298.15,0.0,0.013857040434234719,-0.043572697260700066,0.1266095332136651
Chen2020_DFN_fine_DC03_AC07_2p0tauSet,3.2782279350700474,7528.843258258981,0.6332755635696422,0.641847367391555,0.7201052418834372,0.5963226433819386,0.4489329798984221,0.4127303402187305,970.8035227920864,645.0245767249831,-0.03834235405012611,0.0036681167256801136,-0.46386113517192645,0.5251922282461945,298.15,0.0,0.008571803821912808,-0.03620263967969156,0.12378259850149856
Chen2020_DFN_fine_DC03_AC07_2p0tauSet,3.318204921239788,7848.605258087841,0.6401619276110944,0.6529497766000194,0.7284361368288874,0.6159998138592875,0.44433728417776924,0.41125985267367915,958.8931688356346,888.2957822246879,-0.08829680725842202,0.010938462836690562,-1.4330332203647602,1.6225069380710693,298.15,0.0,0.012787848988925049,-0.033077431504090093,0.11243632296959985
Chen2020_DFN_fine_DC03_AC07_2p0tauSet,3.3581819074095294,7877.688723567152,0.6470216064031998,0.6616504655491147,0.7438512367820921,0.6223889400119923,0.43975939717089724,0.400203347233948,954.2942868567852,1014.4329251659916,-0.09153771817179815,0.011238843549090232,-1.4854093715988455,1.681808193326666,298.15,0.0,0.014628859145914773,-0.03955604993694921,0.12146229677009977
Chen2020_DFN_fine_DC03_AC07_3p0tauSet,0.2,187.57645643340322,0.10489981852181618,0.1205483290164587,0.13021230030898995,0.11538203449475637,0.8015507235724048,0.7585575257567985,950.9627623658689,1092.3112556275437,-0.11178546618717881,0.012676412692694304,-1.4764104270699177,1.6716194205669606,298.15,0.0,0.015648510494642533,-0.04299319781560628,0.01483026581423357
Chen2020_DFN_fine_DC03_AC07_3p0tauSet,0.2399769861697409,217.27325096385218,0.11175956857628713,0.12732543311213054,0.13782614720205488,0.12177971818281391,0.7969727890077568,0.7513449033487726,951.2172547561673,1093.174331187176,-0.1077781772740868,0.011887605628151733,-1.3962286718228538,1.5808361418872967,298.15,0.0,0.015565864535843429,-0.045627885658984214,0.016046429019240974
Chen2020_DFN_fine_DC03_AC07_3p0tauSet,0.27995397233948177,249.75321145893682,0.11861926806486554,0.13319681492754223,0.14425732493752397,0.12747681877203004,0.7923948881888513,0.746076111803604,954.022621589685,1028.810965256947,-0.09949770105164808,0.01047650996311516,-1.2286003757062742,1.3910442587379304,298.15,0.0,0.014577546862676705,-0.046318776385247264,0.016780506165493942
Chen2020_DFN_fine_DC03_AC07_3p0tauSet,0.3199309585092226,289.0971555542711,0.1254738109945104,0.1377277543300213,0.1486395275916254,0.1321880441526613,0.7878204286599623,0.7437810106159543,960.6410045616298,870.7690980542443,-0.08342310330656902,0.00810243523046081,-0.9350079963582978,1.0586334913647455,298.15,0.0,0.01225394333551088,-0.04403941804400802,0.0164514834389641
Chen2020_DFN_fine_DC03_AC07_3p0tauSet,0.3599079446789635,358.0127664088813,0.13231735946698203,0.13848135609442236,0.1473780527565771,0.13399824637863642,0.7832533064108742,0.7502395486436628,978.9396541001017,455.10153896715417,-0.033370354870327204,0.0027292108690843385,-0.2965211778249428,0.33572680764185825,298.15,0.0,0.006163996627440329,-0.03301375776721137,0.013379806377940687
Chen2020_DFN_fine_DC03_AC07_3p0tauSet,0.39988493084870436,809.6868039498165,0.13920345852061872,0.15252775754023146,0.16362016960056977,0.1474160726753441,0.7786577875329416,0.7445431082361299,958.0712371799225,907.5496516123875,-0.10098378039416749,0.011993962836259291,-1.39675135207881,1.581427902944053,298.15,0.0,0.01332429901961274,-0.03411467929681166,0.01620409692522566
Chen2020_DFN_fine_DC03_AC07_3p0tauSet,0.43986191701844524,839.3760977863767,0.14606328938056812,0.16090031475125827,0.17696916965437132,0.15380281502478896,0.7740797990418128,0.734204694948632,954.3269325626914,1007.1517757024252,-0.10369933510227408,0.012384426050282903,-1.4765677046871375,1.6717976567180275,298.15,0.0,0.01483702537069013,-0.039875104093180784,0.02316635462958236
Chen2020_DFN_fine_DC03_AC07_3p0tauSet,0.4798389031881861,868.2221722339618,0.1529230764475633,0.16853192355071464,0.18978285400839962,0.1594331433824511,0.7695018397764243,0.7253381978373022,952.7020020866946,1056.7529715779772,-0.10334537018454248,0.012243320124302836,-1.48134049512083,1.6772015865056182,298.15,0.0,0.01560884710315134,-0.044163641939122075,0.030349710625948524
Chen2020_DFN_fine_DC03_AC07_3p0tauSet,0.519815889357927,897.7103744684518,0.15978282072443545,0.1754128979812965,0.20123118416348088,0.16451327958834505,0.7649239090675253,0.718021684314411,952.98769911956,1057.1641756213721,-0.10005207979829418,0.011588265442582176,-1.4117085806716705,1.5983630100114097,298.15,0.0,0.015630077256861042,-0.04690222475311425,0.03671790457513584
Chen2020_DFN_fine_DC03_AC07_3p0tauSet,0.5597928755276679,929.6586190769789,0.16664252542495153,0.1814189125138719,0.21042996530175953,0.16914555376872178,0.7603460047703732,0.7125793504979251,955.4103789337436,1001.1892758789608,-0.09303484361901963,0.010336571372267945,-1.2571995230221282,1.423424746723037,298.15,0.0,0.014776387088920394,-0.04776665427244814,0.04128441153303774
Chen2020_DFN_fine_DC03_AC07_3p0tauSet,0.5997698616974088,967.6347422320226,0.17350217639920257,0.1861835106917373,0.2164277892978262,0.17322170222469707,0.7557681363280723,0.7098964340741318,961.03357915336,865.2629409633123,-0.07940251134137229,0.008210318581441127,-0.9850048603216953,1.1152408731854335,298.15,0.0,0.012681334292534752,-0.04587170225394036,0.043206087073129125
Chen2020_DFN_fine_DC03_AC07_3p0tauSet,0.6397468478671496,1026.9756362097248,0.180361773625283,0.18804098872954333,0.21669671146166405,0.17559118094759002,0.7511903037552428,0.7139627828496068,975.1596474006802,538.9008078539255,-0.04300111468591498,0.00387954169704605,-0.44504105420140355,0.5038838409640191,298.15,0.0,0.007679215104260332,-0.037227520905635914,0.041105530514074035
Chen2020_DFN_fine_DC03_AC07_3p0tauSet,0.6797238340368905,1490.076722251527,0.18721013369922998,0.2002695740362017,0.22812394146716605,0.1884073858387343,0.7466199704275398,0.7131271688187097,959.4846505290482,875.283939571036,-0.0942257326353618,0.011470644907303219,-1.3797575738607892,1.5621872575889832,298.15,0.0,0.01305944033697171,-0.03349280160883011,0.039716555628431766
Chen2020_DFN_fine_DC03_AC07_3p0tauSet,0.7197008202066313,1520.0063767819722,0.19406998201314146,0.20874676111960028,0.2414034482950779,0.19450912793755964,0.7420419702883055,0.7026083801798033,955.3207820574557,982.9325804267098,-0.09789687847267535,0.011952591780550309,-1.470290238464746,1.6646900288870943,298.15,0.0,0.01467677910645882,-0.03943359010850221,0.04689432035751824
Chen2020_DFN_fine_DC03_AC07_3p0tauSet,0.7596778063763723,1548.8786714402,0.20092976526814535,0.2164767075313387,0.2528129405527817,0.2001605368656796,0.7374640135668933,0.6935632995836792,953.0988557139484,1044.8583370352587,-0.09862245940243256,0.011899939517572107,-1.4849248840812599,1.681259647589833,298.15,0.0,0.015546942263193348,-0.04390071398321412,0.052652403687102105
Chen2020_DFN_fine_DC03_AC07_3p0tauSet,0.799654792546113,1578.1913996309622,0.20778947388418695,0.22346279396584243,0.26221110594370683,0.20550996158558238,0.7328861066566688,0.6860451491081644,952.714547392113,1060.3235257941408,-0.09643386186619093,0.011344001735280218,-1.425619831887278,1.6141133614562524,298.15,0.0,0.015673320081655492,-0.04684095754850435,0.056701144358124435
Chen2020_DFN_fine_DC03_AC07_3p0tauSet,0.839631778715854,1609.662641165549,0.2146491120809494,0.22960075825880708,0.2694470410331282,0.21058877617055916,0.7283082467415746,0.6803344354705243,954.457902314527,1020.7889358486831,-0.09055034580182557,0.010223024626392118,-1.2838003454056253,1.4535426939308163,298.15,0.0,0.014951646177857705,-0.04797381127105028,0.05885826486256907
Chen2020_DFN_fine_DC03_AC07_3p0tauSet,0.8796087648855948,1646.4541419777745,0.2215087070536252,0.23457361797980966,0.2740961650661174,0.21524297488358188,0.7237304156725808,0.6772012776765082,959.3195980975639,903.5221243275209,-0.07848252546459372,0.008307450774129763,-1.0311638477866307,1.167502939656841,298.15,0.0,0.013064910926184475,-0.04652913799607259,0.058853190182535535
Chen2020_DFN_fine_DC03_AC07_3p0tauSet,0.9195857510553358,1699.9750390103688,0.22836824826973737,0.2371345219095047,0.2744653826223515,0.2185550441183526,0.71915262047866,0.6796336817924525,971.3347831598571,623.4945643389916,-0.048897036772251816,0.0046387700370088885,-0.5552934610068411,0.6287136127692348,298.15,0.0,0.008766273639767352,-0.03951893868620746,0.05591033850399885
Chen2020_DFN_fine_DC03_AC07_3p0tauSet,0.9595627372250766,2170.4136473516305,0.2351955799606076,0.24797478486781674,0.27845451703373186,0.23185203306782332,0.714596320688763,0.6819948320783021,959.4027626426551,873.2875691005488,-0.09051593517161464,0.011002450805681867,-1.3611701434517944,1.5411422221985482,298.15,0.0,0.012779204907209138,-0.03260148861046085,0.04660248396590855
Chen2020_DFN_fine_DC03_AC07_3p0tauSet,0.9995397233948176,2200.619417650452,0.2420554321388324,0.256559042848501,0.2902240123554024,0.23878282212776902,0.7100183179706331,0.6712721197939278,954.7373487800512,992.5970613048985,-0.09500300828880781,0.01156756067773944,-1.4627010188129492,1.656097372858137,298.15,0.0,0.014503610709668617,-0.03874619817670544,0.05144119022763335
Chen2020_DFN_fine_DC03_AC07_3p0tauSet,1.0395167095645583,2229.5430646827494,0.24891524982086835,0.2643874947723063,0.3008811020470559,0.24518358532166856,0.705440338273939,0.6620312567508385,952.2115722208088,1063.0418444869924,-0.09628818360197766,0.011601171778306324,-1.4872363082976015,1.6838766851942668,298.15,0.0,0.015472244951437923,-0.043409081523100475,0.05569751672538737
Chen2020_DFN_fine_DC03_AC07_3p0tauSet,1.0794936957342993,2258.7078785070053,0.25577503913997107,0.27147739809965293,0.31025791387373847,0.2511740007133958,0.7008623775055806,0.6542984793239873,951.6496455480556,1084.7492899496428,-0.09454199195767977,0.011144201138207943,-1.438147157277464,1.6282970328963962,298.15,0.0,0.01570235895968186,-0.04656389818159326,0.059083913160342644
Chen2020_DFN_fine_DC03_AC07_3p0tauSet,1.11947068190404,2289.758235973791,0.2626347299084634,0.27774089688863024,0.3180064252035908,0.2567805955395908,0.6962844825061264,0.6483180825114344,953.2418979046697,1050.641951718968,-0.08917612190389171,0.010147272497611064,-1.3084246413903264,1.4814228620295489,298.15,0.0,0.015106166980166787,-0.04796639999469197,0.061225829664
Chen2020_DFN_fine_DC03_AC07_3p0tauSet,1.1594476680737809,2325.5188882457874,0.26949429304385153,0.28290500133717733,0.32347950743203535,0.26188330887864913,0.6917066726841198,0.6447574581836746,957.7876137042404,941.5355665879539,-0.07816272356080628,0.008417456690272303,-1.073810893889057,1.215788720621054,298.15,0.0,0.013410708293325812,-0.04694921450044518,0.0615961985533862
Chen2020_DFN_fine_DC03_AC07_3p0tauSet,1.1994246542435218,2374.919560770769,0.2763537778570297,0.28599169044018,0.3250379416342703,0.26580812500482054,0.6871289151313577,0.6459599658785109,968.3990835275644,691.3143903691424,-0.05310031021340355,0.00522329570311834,-0.6460947057663391,0.73152047552758,298.15,0.0,0.009637912583150346,-0.041168949252846754,0.05922981662944973
Chen2020_DFN_fine_DC03_AC07_3p0tauSet,1.2394016404132626,2850.687100432083,0.28324514733301337,0.29572844682568417,0.3239901195091234,0.2811383695646071,0.6825298789753277,0.6508497404043633,960.1698464982198,855.8374236665151,-0.08682927480694844,0.010613839488696519,-1.3408438679967296,1.5181284340629146,298.15,0.0,0.012483299492670824,-0.03168013857096442,0.04285174994451627
Chen2020_DFN_fine_DC03_AC07_3p0tauSet,1.2793786265830036,2881.2097909143854,0.2901050611668424,0.3044223704291773,0.33741637381727113,0.28793603191527806,0.6779518351106071,0.6399202982039738,955.4348074515354,977.7643601488844,-0.09168536384321006,0.011270471073052419,-1.4537150993553187,1.6459233476156974,298.15,0.0,0.014317309262334859,-0.038031536906633336,0.049480341901993026
Chen2020_DFN_fine_DC03_AC07_3p0tauSet,1.3193556127527444,2910.211585867208,0.2969649324270225,0.312349419207766,0.35017283912631136,0.29400370127489034,0.6733738196579117,0.6304851008410988,952.910104799399,1049.6416750932751,-0.09323757415059956,0.011391397521249933,-1.4882124569244148,1.6849818988717116,298.15,0.0,0.015384486780743478,-0.0428887188168129,0.056169137851421025
Chen2020_DFN_fine_DC03_AC07_3p0tauSet,1.3593325989224854,2939.257596946848,0.303824665201881,0.3195412355044971,0.3618398957498252,0.2995258447888434,0.6687958966250167,0.6225429758559188,952.3167247069914,1073.41768524513,-0.09183158447570361,0.011026927520466044,-1.4492088483651318,1.640821285835148,298.15,0.0,0.015716570302616115,-0.04625292076909786,0.062314050960981804
Chen2020_DFN_fine_DC03_AC07_3p0tauSet,1.3993095850922261,2969.932424539854,0.3106842810263561,0.3259260412046718,0.37183713924225303,0.3045932199263846,0.6642180516403305,0.6163033875008741,953.7531276666843,1043.754085378967,-0.08706050653041901,0.010139267702165528,-1.3312319728788728,1.5072456671383967,298.15,0.0,0.015241760178315675,-0.04791466413945638,0.06724391931586837
Chen2020_DFN_fine_DC03_AC07_3p0tauSet,1.4392865712619671,3004.790024429854,0.3175438323493854,0.33126704445219923,0.3793432641212347,0.30916797244195093,0.6596402497014402,0.6123496006191849,957.8686477412967,944.5441751602566,-0.0772647325542203,0.008564263304228537,-1.1133448428454542,1.2605498531255672,298.15,0.0,0.013723212102813877,-0.0472906490822553,0.07017529167928377
Chen2020_DFN_fine_DC03_AC07_3p0tauSet,1.479263557431708,3051.0405756994232,0.32440326878268483,0.33477650882748866,0.3827762906501498,0.31279273244283967,0.6550625244355569,0.6125699450920463,967.1028482145714,723.6803570019055,-0.05601791940078395,0.0057242931114491885,-0.7245293898189664,0.8203256876152416,298.15,0.0,0.010373240044803826,-0.04249257934351059,0.06998355820731014
Chen2020_DFN_fine_DC03_AC07_3p0tauSet,1.5192405436014487,3530.8966554174735,0.3312308843482446,0.3434013367914896,0.384433694744908,0.3257103107700798,0.6505060351985614,0.6198246148832248,961.6168559682548,823.9550886419406,-0.08331640283610389,0.010288504930095818,-1.3188966961965474,1.4932794368422357,298.15,0.0,0.012170452443244986,-0.030681420315336588,0.05872338397482823
Chen2020_DFN_fine_DC03_AC07_3p0tauSet,1.5592175297711897,3561.772362805807,0.338090883214562,0.35220691211022054,0.3998548615047566,0.33201097489198506,0.6459279345864148,0.6086808662374978,956.7206666914346,950.1968981097207,-0.08853441982438716,0.011034284856316015,-1.4432789076084078,1.6341071866247645,298.15,0.0,0.01411602889565852,-0.03724706834891708,0.06784388661277148
Chen2020_DFN_fine_DC03_AC07_3p0tauSet,1.5991945159409304,3590.8806090999287,0.3449507509769961,0.36023353369744954,0.4145710353307145,0.33756947777755286,0.6413499214679791,0.5990462246802374,954.035430056251,1026.5078301474857,-0.09043353598920165,0.01123710547143159,-1.487838426365353,1.6845590818169263,298.15,0.0,0.015282782720453398,-0.04230369678774173,0.07700155755316161
Chen2020_DFN_fine_DC03_AC07_3p0tauSet,1.6391715021106714,3619.835828158216,0.35181049332967146,0.36752644533230877,0.4280245352647579,0.34260412745859203,0.6367719920432169,0.5908938539039447,953.228660148366,1055.730754762469,-0.08947590805502147,0.010957158696748417,-1.458842191942334,1.6517283371045308,298.15,0.0,0.015715952002637316,-0.045878138139272225,0.08542040780616587
Chen2020_DFN_fine_DC03_AC07_3p0tauSet,1.6791484882804122,3650.1781372224805,0.35867008500494124,0.3740288409282502,0.43958071068519966,0.3472264685540213,0.6321941631747858,0.5844009236976718,954.353846213843,1033.4812418275567,-0.08536560760293962,0.010167360855251448,-1.3522706959996569,1.531066101822998,298.15,0.0,0.015358755923308967,-0.04779323947711401,0.0923542421311784
Chen2020_DFN_fine_DC03_AC07_3p0tauSet,1.7191254744501532,3684.235783740572,0.36552957387843876,0.3795356499469528,0.4484433403375773,0.35142551278333,0.6276164029123218,0.5800771525088926,957.961600648663,945.8955738101788,-0.07670374006144288,0.008727133065685481,-1.1501106351297505,1.3021767106376112,298.15,0.0,0.014006076068514048,-0.04753925040342925,0.09701782755424736
Chen2020_DFN_fine_DC03_AC07_3p0tauSet,1.759102460619894,3727.982167707884,0.37238901802470814,0.3833982278566181,0.4532262838635152,0.35485097162699125,0.6230386724990976,0.5794788565027246,966.0293889332828,750.5921954025196,-0.058404328217149144,0.006167291593165712,-0.7939148296380389,0.8988851766132474,298.15,0.0,0.011009209831909957,-0.04355981599637313,0.09837531223652396
Chen2020_DFN_fine_DC03_AC07_3p0tauSet,1.799079446789635,4211.028791930511,0.3792532400756749,0.3910939808752432,0.46094765045867836,0.3641270368665399,0.6184577534952007,0.5887857585531678,963.0113852107658,793.170557718397,-0.08047037266601197,0.010000305924023062,-1.295109710410007,1.46634743914892,298.15,0.0,0.011840740799568305,-0.029671994942032875,0.09682061359213845
Chen2020_DFN_fine_DC03_AC07_3p0tauSet,1.8390564329593757,4242.3049944544355,0.3861132547871098,0.40001488861115697,0.4773209586739567,0.3702386448417476,0.6138796423086287,0.5774243913495625,957.7673970620039,926.9203442633255,-0.08624845095567582,0.01083737057871207,-1.4314623214773317,1.6207283371291097,298.15,0.0,0.013901633824047197,-0.0364552509590663,0.10708231383220906
Chen2020_DFN_fine_DC03_AC07_3p0tauSet,1.8790334191291167,4271.546778801075,0.3929731365190577,0.40814125070287316,0.49281439524858506,0.3756205562038335,0.6093016198674761,0.5675929853257937,954.7941754140855,1009.4783791968424,-0.08863335505200351,0.011121718639193786,-1.4861444907801962,1.6826405090230403,298.15,0.0,0.01516811418381546,-0.041708634541682395,0.1171938390447516
Chen2020_DFN_fine_DC03_AC07_3p0tauSet,1.9190104052988575,4300.43878621654,0.39983289335448646,0.4155337640267819,0.506897732883362,0.38049923019147974,0.6047236807774773,0.5592362046118946,953.706672034488,1044.878894101661,-0.08818656951859347,0.010923722223000839,-1.4670452173028972,1.6610159553966966,298.15,0.0,0.015700870672295426,-0.04548747616558271,0.12639850269188224
Chen2020_DFN_fine_DC03_AC07_3p0tauSet,1.9589873914685985,4330.487545804734,0.406692471120437,0.42215071469075605,0.5189853846534536,0.38499089796714436,0.6001458611915939,0.5524992261997103,954.5091248441297,1030.0935467443085,-0.08470706629539447,0.010225375575863466,-1.371618129136104,1.5529716264711804,298.15,0.0,0.015458243570319037,-0.04764663499188364,0.13399448668630914
Chen2020_DFN_fine_DC03_AC07_3p0tauSet,1.9989643776383392,4363.837541234092,0.41355192636865,0.427813193115288,0.5283571310712466,0.38909714415429536,0.5955681233693577,0.5478313097586595,957.6645882529176,953.3706429114111,-0.07699899156011578,0.008904400811776087,-1.1842715757952902,1.3408541633808142,298.15,0.0,0.014261266746637968,-0.04773681361069828,0.13925998691695132
Chen2020_DFN_fine_DC03_AC07_3p0tauSet,2.0389413638080804,4405.536602274887,0.4204113400711114,0.43197903434503104,0.5338445594459167,0.3925390821761028,0.5909904132731655,0.5465355449781624,964.8033958394344,779.6401648691377,-0.06092127405667823,0.00657219867364697,-0.8562090736086231,0.9694158814299564,298.15,0.0,0.011567694273919595,-0.04445486829500306,0.1413054772698139
Chen2020_DFN_fine_DC03_AC07_3p0tauSet,2.078918349977821,4891.072387649108,0.4272754064225676,0.43876775573151294,0.5433890208233862,0.3991578370159189,0.5864095981771605,0.5577833356977557,964.1538078048892,766.4751361018307,-0.07842267683674503,0.009742131949820688,-1.2693577603509765,1.4371880858993065,298.15,0.0,0.011492349308945327,-0.028626262479404807,0.14423118380746736
Chen2020_DFN_fine_DC03_AC07_3p0tauSet,2.118895336147562,4922.801578387197,0.4341354479009407,0.44780819966492286,0.5593582165915064,0.4053108895460352,0.5818314691273593,0.546197743245663,958.4843182062377,908.2501268811269,-0.08491138945339677,0.010677169462537882,-1.4181565301640835,1.6056632720566375,298.15,0.0,0.013672751763982157,-0.03563372588169638,0.15404732704547117
Chen2020_DFN_fine_DC03_AC07_3p0tauSet,2.1588723223173027,4952.206745702478,0.44099535468986856,0.45603555778307725,0.5736796426623532,0.4107492282029872,0.5772534299641373,0.5361680693855311,955.1480027295918,997.7193104565247,-0.08791624959815403,0.01104371848801601,-1.4831176511620694,1.6792134647817631,298.15,0.0,0.015040203093208646,-0.04108536057860622,0.16293041445936596
Chen2020_DFN_fine_DC03_AC07_3p0tauSet,2.1988493084870435,4981.061157861797,0.4478551191199058,0.4635275761863408,0.5855762028630537,0.4157214520901449,0.572675485805788,0.5276079516505583,953.6776918756924,1040.929251338106,-0.0881150139888111,0.010923175785782396,-1.473934398050477,1.6688160143458788,298.15,0.0,0.015672457066435008,-0.0450675341552297,0.16985475077290876
Chen2020_DFN_fine_DC03_AC07_3p0tauSet,2.2388262946567847,5010.856064286971,0.4547146434652831,0.4702547322898449,0.594686362768616,0.42035137637649794,0.5680977018707495,0.5206371827305624,954.0462630870412,1035.9294978348041,-0.08534265407290699,0.01030597809852844,-1.3892668119902363,1.5729537944040834,298.15,0.0,0.015540088824561782,-0.04746051914018717,0.17433498639211803
Chen2020_DFN_fine_DC03_AC07_3p0tauSet,2.2788032808265255,5043.577129042581,0.46157404477615693,0.476064688105567,0.6010230438067569,0.42464468142664463,0.5635200000442292,0.5156447574041074,956.6778585647726,972.0933848997611,-0.07851504160763821,0.009089808474253168,-1.2160016026637241,1.376779692971673,298.15,0.0,0.014490643329410052,-0.04787524264012179,0.17637836238011229
Chen2020_DFN_fine_DC03_AC07_3p0tauSet,2.3187802669962663,5083.558210017035,0.4684334348610064,0.4804979128768055,0.6043433230484729,0.42835931920985565,0.5589423057095271,0.5137374038458317,963.0037190246187,818.3621404154936,-0.06410900975511465,0.0069488728968893874,-0.9128330022922949,1.0335271240172832,298.15,0.0,0.012064478015799048,-0.045204901863695385,0.1759840038386173
Chen2020_DFN_fine_DC03_AC07_3p0tauSet,2.3587572531660075,5159.432055473889,0.4752927259522628,0.4805158821491117,0.6009040474513361,0.42912906030052567,0.5543646774393592,0.5222315612456969,982.8542048151747,369.5978257033112,-0.016608308881056986,0.001664874831809754,-0.2067030377448859,0.2340330343371599,298.15,0.0,0.0052231561968488814,-0.032133116193662395,0.17177498715081035
Chen2020_DFN_fine_DC03_AC07_3p0tauSet,2.3987342393357483,5603.258433208568,0.48215757262356235,0.495587082928616,0.6142379384289749,0.44078260081124493,0.5497833415877653,0.5149988937305691,958.2389070920933,904.8762199220198,-0.08501293624767321,0.010533954607802784,-1.4033700340459647,1.5889216485800177,298.15,0.0,0.013429510305053675,-0.03478444785719628,0.17345533761772997
Chen2020_DFN_fine_DC03_AC07_3p0tauSet,2.438711225505489,5632.8574641249115,0.489017500420023,0.5039169085586639,0.623510902176379,0.4467280252679546,0.5452052884049202,0.5047691595479908,954.2593000757482,1007.3124279839456,-0.08884412334210236,0.010975578808371692,-1.4787897191434953,1.6743132994349281,298.15,0.0,0.014899408138640885,-0.04043612885692932,0.17678287690842442
Chen2020_DFN_fine_DC03_AC07_3p0tauSet,2.47868821167523,5661.700365871796,0.49587728169349093,0.5115074906754589,0.631583381324464,0.45222172020113355,0.5406273330059104,0.49600863994172656,952.2660179474279,1062.862175075908,-0.08968453290302206,0.010925073209086563,-1.4794547050819438,1.6750662089460344,298.15,0.0,0.015630208981967965,-0.044618693064183826,0.1793616611233305
Chen2020_DFN_fine_DC03_AC07_3p0tauSet,2.518665197844971,5691.271985677823,0.5027368038644784,0.5183434806645412,0.6384330311596428,0.457378657398254,0.5360495505219769,0.48880811340778607,952.2204069771562,1069.35957063744,-0.08743503195900683,0.010384927810680136,-1.4054376066081602,1.5912626696146173,298.15,0.0,0.015606676800062756,-0.047241437114190786,0.18105437376138878
Chen2020_DFN_fine_DC03_AC07_3p0tauSet,2.5586421840147118,5723.4332875576665,0.509596154784936,0.5242932177037194,0.6437362531608021,0.46221510229783014,0.5314718823240895,0.4835095613699951,954.4832011691603,1016.5876200802732,-0.08115206662203371,0.00926831797341197,-1.245557799343571,1.410243771216418,298.15,0.0,0.01469706291878326,-0.04796232095409437,0.18152115086297196
Chen2020_DFN_fine_DC03_AC07_3p0tauSet,2.5986191701844525,5761.953122361895,0.5164555252393778,0.5289653034898041,0.6467707428793765,0.46653723237112715,0.5268942010899703,0.48105881098663084,960.276155604075,876.998289001592,-0.06782703005663164,0.007298753992116495,-0.9647096716973351,1.092262282109375,298.15,0.0,0.012509778250426321,-0.045835390103339445,0.18023351050824932
Chen2020_DFN_fine_DC03_AC07_3p0tauSet,2.6385961563541933,5824.585030505872,0.5233148716240589,0.5304401904587219,0.6446707245517052,0.4689091643828814,0.5223165359190887,0.4860644673300299,975.8774341004938,519.2461527710802,-0.031111119002678423,0.003082118171912613,-0.3900313300256329,0.4416007459353014,298.15,0.0,0.007125318834663076,-0.03625206858905876,0.17576156016882377
Chen2020_DFN_fine_DC03_AC07_3p0tauSet,2.6785731425239345,6283.6681970240115,0.5301798271546322,0.5433507514754746,0.6389953048262206,0.4822054806772614,0.5177351274189831,0.4838291857463774,957.5042355029997,914.7011116611533,-0.0855287308009854,0.010405979023375296,-1.3869969705909821,1.5703843758736826,298.15,0.0,0.013170924320842383,-0.03390594167260567,0.15678982414895917
Chen2020_DFN_fine_DC03_AC07_3p0tauSet,2.7185501286936753,6313.494996129341,0.5370397648839446,0.5517849917406789,0.6489027709751631,0.488925307019178,0.5131570676073328,0.47339679431718384,953.1453727463835,1027.6538324796832,-0.09001202886497212,0.010928075563716144,-1.4731069533072536,1.6678791659910719,298.15,0.0,0.014745226856734243,-0.039760273290149035,0.1599774639559851
Chen2020_DFN_fine_DC03_AC07_3p0tauSet,2.758527114863416,6342.352504057068,0.5438995740022606,0.5594739878293508,0.6582131230747112,0.49515222555160626,0.508579093625737,0.4644372322445684,950.9260944684304,1091.3653066208908,-0.09131831938640929,0.010952496204630117,-1.4836307408816967,1.6797943949933618,298.15,0.0,0.01557441382709018,-0.044141861381168664,0.16306089752310493
Chen2020_DFN_fine_DC03_AC07_3p0tauSet,2.798504101033157,6371.734063683739,0.5507591486651706,0.5664162820083035,0.6665104919073165,0.5010291979707665,0.504001276110704,0.4570134489530328,950.7137470030398,1104.7238980867774,-0.08946354742419926,0.01049145870595158,-1.420040293546381,1.6077960848454957,298.15,0.0,0.01565713334313296,-0.04698782715767113,0.16548129393655006
Chen2020_DFN_fine_DC03_AC07_3p0tauSet,2.8384810872028976,6403.398990469627,0.5576185021580737,0.5724991620950141,0.6732020515065236,0.5066059724790103,0.49942360619606624,0.4514248375017259,952.7688813078821,1058.935683377242,-0.08365581134800776,0.009470267671900926,-1.2729458684898567,1.4412530527004581,298.15,0.0,0.01488065993694037,-0.04799876869434033,0.16659607902751336
Chen2020_DFN_fine_DC03_AC07_3p0tauSet,2.878458073372639,6440.662936419354,0.5644778649873048,0.577387532611082,0.6774470671959165,0.5117449016915563,0.4948459300507206,0.4484847739966623,958.1120287450594,930.2317635504631,-0.07132344688132855,0.007650733104425257,-1.0123814264280024,1.1462371318973146,298.15,0.0,0.012909667623777134,-0.04636115605405825,0.1657021655043603
Chen2020_DFN_fine_DC03_AC07_3p0tauSet,2.9184350595423796,6496.334728506211,0.5713372257267705,0.5796837968948593,0.6770607670303639,0.5154423352222168,0.4902682553000041,0.4515440269156998,971.3338103315554,622.033768828047,-0.040495818483076824,0.0040167185613969765,-0.5123604970997705,0.5801041103326042,298.15,0.0,0.008346571168088767,-0.038724228384304345,0.161618431808147
Chen2020_DFN_fine_DC03_AC07_3p0tauSet,2.9584120457121204,6964.028428185187,0.578202097413582,0.5910997192576394,0.6640521745071465,0.5348394566702852,0.4856869027540164,0.45268731643920396,957.3422689625422,920.8503738186567,-0.0857557526600047,0.010312332105478352,-1.3690991932021805,1.5501196402259494,298.15,0.0,0.012897621844057423,-0.03299958631481239,0.12921271783686128
Chen2020_DFN_fine_DC03_AC07_3p0tauSet,2.998389031881861,6994.1152839559745,0.5850620491601575,0.5996395067264484,0.6758769804063925,0.5426763915349362,0.4811088335877807,0.4420512813320953,952.8997416857821,1038.5460222470745,-0.09071029138535895,0.010925729714644025,-1.4660473036927923,1.6598861704528702,298.15,0.0,0.014577457566290936,-0.039057552255685385,0.1332005888714564
Chen2020_DFN_fine_DC03_AC07_3p0tauSet,3.0383660180516023,7023.014084639872,0.5919218819261689,0.6074264390395963,0.6872255691023345,0.5499488943683353,0.47653084382461913,0.43289472193401934,950.6809209667723,1104.803469720401,-0.09232730663817798,0.011032561509088644,-1.4864112280814936,1.6829425139334915,298.15,0.0,0.01550455711342731,-0.043636121890599795,0.13727667473399918
Chen2020_DFN_fine_DC03_AC07_3p0tauSet,3.078343004221343,7052.236629672148,0.5987814947628054,0.614473411079191,0.6974924354640145,0.5568289936335645,0.4719530008339028,0.4252522205472896,950.4526205093697,1120.2502426252768,-0.09079342625978637,0.010653661424360408,-1.4331175406436663,1.6226026619726497,298.15,0.0,0.015691916316385567,-0.04670078028661314,0.14066344183045
Chen2020_DFN_fine_DC03_AC07_3p0tauSet,3.118319990391084,7083.45595897014,0.6056408564838143,0.6206849140234717,0.7060011854583151,0.5633813929097634,0.46737532542814164,0.4193847618324718,952.3871526376521,1077.9260400535127,-0.08550274927132345,0.009723781042242356,-1.2984134422211824,1.4700879146653851,298.15,0.0,0.015044057539657507,-0.04799056359566983,0.14261979254855167
Chen2020_DFN_fine_DC03_AC07_3p0tauSet,3.1582969765608246,7119.629794076224,0.6125002205523128,0.6257709676336878,0.7119057740134839,0.5694886422375892,0.4627976484557564,0.4159998023460526,957.330160322739,957.84569594377,-0.07429995155064836,0.00803281427029377,-1.0564475114886445,1.1961295809244294,298.15,0.0,0.013270747081375016,-0.04679784610970376,0.14241713177589468
Chen2020_DFN_fine_DC03_AC07_3p0tauSet,3.198273962730566,7170.601805683148,0.6193595694630909,0.6286539136058618,0.7134137611692883,0.5743768974059701,0.45821998159905364,0.41767972652368385,968.7620095125056,686.5451395634253,-0.04799522544731448,0.004789557375897032,-0.6100487320232442,0.6907085517962841,298.15,0.0,0.009294344142770871,-0.04054025507536981,0.13903686376331822
Chen2020_DFN_fine_DC03_AC07_3p0tauSet,3.2382509489003066,7644.330371069803,0.6262243326615189,0.6388327216511901,0.70975310113982,0.6004282661446002,0.4536387014540596,0.42157546226783177,959.0711778655643,887.6207298295507,-0.08522981022186958,0.010282017162842919,-1.3495445950244342,1.5279795594774985,298.15,0.0,0.012608388989671182,-0.03206323918622781,0.1093248349952198
Chen2020_DFN_fine_DC03_AC07_3p0tauSet,3.2782279350700474,7674.714281502614,0.6330843128557007,0.6474802604739902,0.7243153137102718,0.6076795303931645,0.44906061330298136,0.41073281929901545,954.8204525566513,1000.0802025822616,-0.09031583238232385,0.011003938021781052,-1.4575917366874938,1.6503125483415872,298.15,0.0,0.014395947618289582,-0.03832779400396589,0.11663578331710725
Chen2020_DFN_fine_DC03_AC07_3p0tauSet,3.318204921239788,7703.680927756356,0.6399441736424079,0.6553662717583556,0.7381076675185119,0.6138813906801484,0.44448260483988,0.40137802385106824,952.6987923285566,1062.5540596470041,-0.0921048227707316,0.011202963753752493,-1.4879395987057882,1.6846729637056577,298.15,0.0,0.015422098115947712,-0.04310458098881176,0.12422627683836354
Chen2020_DFN_fine_DC03_AC07_3p0tauSet,3.3581819074095294,7732.773377487092,0.6468038126854706,0.6625157636666444,0.7504826332034614,0.6193573517308328,0.43990474435999766,0.39352233485984073,952.419456358071,1077.3772375611786,-0.09095212031922188,0.010906718075359974,-1.4447601144439883,1.6357843778933518,298.15,0.0,0.015711950981173783,-0.04638240950015692,0.13112528147262859
Chen2020_DFN_fine_DC03_AC07_4p0tauSet,0.2,201.94306285353608,0.10491383830941908,0.12013185903594194,0.1293437203824053,0.11522873821442829,0.801541367302898,0.7596251817748115,952.3721995742981,1053.2556790551207,-0.11112929513774256,0.012694722966784243,-1.4712967035647888,1.665829567443637,298.15,0.0,0.015218020726522846,-0.04191618552808647,0.014114982167977012
Chen2020_DFN_fine_DC03_AC07_4p0tauSet,0.2399769861697409,230.82650913736194,0.11177368532968901,0.12761016321366453,0.1380951423030204,0.12210596266189151,0.7969633680269891,0.7512824564188298,950.7318712915755,1099.7093012766381,-0.11104089542150981,0.012638495974444627,-1.488074298314398,1.6848254731211358,298.15,0.0,0.015836477883975505,-0.04568091160815921,0.01598917964112886
Chen2020_DFN_fine_DC03_AC07_4p0tauSet,0.27995397233948177,259.7841213924349,0.11863350782186446,0.1346562435367615,0.146682971421386,0.12852116762172344,0.7923853851201924,0.7439179782580192,950.3730216319186,1114.3339281912042,-0.109205879296716,0.012303337300230416,-1.463694475202368,1.6572221827102063,298.15,0.0,0.016022735714897048,-0.048467406862173296,0.018161803799662556
Chen2020_DFN_fine_DC03_AC07_4p0tauSet,0.3199309585092226,289.6675724577213,0.12549331321227275,0.14124658961631756,0.15504512229005687,0.1344515498119679,0.7878074136264598,0.737614727122047,951.314124646952,1095.4207368176808,-0.10547525722090934,0.011677887985766248,-1.3963125877955433,1.5809311531166093,298.15,0.0,0.015753276404044794,-0.05019268650441279,0.020593572478088965
Chen2020_DFN_fine_DC03_AC07_4p0tauSet,0.3599079446789635,321.5910289214866,0.1323473565060987,0.1473063912534388,0.16287350218415936,0.1398951256278862,0.7832332875353877,0.7325750272470195,953.6934672434937,1039.109122670591,-0.09942163076194707,0.01071478859258262,-1.2802052251430898,1.4494668122551984,298.15,0.0,0.014959034747340106,-0.05065826028836817,0.022978376556273137
Chen2020_DFN_fine_DC03_AC07_4p0tauSet,0.39988493084870436,357.4364705438121,0.1391900199788994,0.15268533083342742,0.1696098909191064,0.1448344368297176,0.7786667559011967,0.7291961328416932,957.884519960674,937.3654513603456,-0.08997788401530402,0.009300482508947862,-1.1023584668585416,1.2481108151495608,298.15,0.0,0.013495310854528023,-0.04947062305950354,0.02477545408938878
Chen2020_DFN_fine_DC03_AC07_4p0tauSet,0.43986191701844524,401.5860285785044,0.14604976029259745,0.15704916366239016,0.17438946904050695,0.14912906755388744,0.7740888278371698,0.7284059529113003,964.9839246348333,768.0642242651257,-0.07396354346617032,0.00714140285878958,-0.8300853966246687,0.9398381671421417,298.15,0.0,0.010999403369792705,-0.04568287492586945,0.025260401486619507
Chen2020_DFN_fine_DC03_AC07_4p0tauSet,0.4798389031881861,477.1899214804907,0.15290938710228222,0.15849442628477395,0.17415954099175396,0.15141539572491497,0.7695109755213757,0.7352688183159686,981.1315469282955,405.62767027080895,-0.03158668135969407,0.002705091136967255,-0.2976552175808074,0.33701078861123934,298.15,0.0,0.005585039182491725,-0.03424215720540715,0.022744145266838982
Chen2020_DFN_fine_DC03_AC07_4p0tauSet,0.519815889357927,1069.2094592180142,0.15975847751932973,0.17322201364168258,0.19016319632668435,0.16587805925393573,0.7649401547906479,0.7296887749110417,958.5811792938669,901.2460075152862,-0.09670849467435229,0.011516848158893131,-1.3638648303358574,1.5441931969675973,298.15,0.0,0.013463536122352853,-0.035251379879606234,0.024285137072748632
Chen2020_DFN_fine_DC03_AC07_4p0tauSet,0.5597928755276679,1099.6197419895814,0.1666183803298895,0.18136955107502536,0.20398862948598223,0.17174443161984945,0.7603621182824364,0.7199280043360995,955.5063564387876,982.1776544234464,-0.09951730640821395,0.011971480390115394,-1.446431280834943,1.6376764720061705,298.15,0.0,0.014751170745135884,-0.04043411394633693,0.032244197866132786
Chen2020_DFN_fine_DC03_AC07_4p0tauSet,0.5997698616974088,1128.781264284854,0.17347825764585686,0.18906265019555282,0.21701323539018738,0.17719688628134497,0.755784098788339,0.7111522722708464,953.6131141329273,1034.9577915125715,-0.1005777532425877,0.01210837401413989,-1.4846128552142137,1.6809063626871699,298.15,0.0,0.015584392549695954,-0.0446318265174926,0.03981634910884242
Chen2020_DFN_fine_DC03_AC07_4p0tauSet,0.6397468478671496,1157.6003912469448,0.18033810749189033,0.1963263964095272,0.22876183305880368,0.18238860056788886,0.7512060976266237,0.7033359422135467,952.7261910645726,1061.9072472216124,-0.10012885310629321,0.01196020951311433,-1.4813838889617224,1.6772504668759434,298.15,0.0,0.015988288917636876,-0.04787015541307702,0.046373232490914795
Chen2020_DFN_fine_DC03_AC07_4p0tauSet,0.6797238340368905,1186.8929414801535,0.1871979310839379,0.20315296917552111,0.23895951831412918,0.18741948655522928,0.7466281139858149,0.696524727883664,952.827358228256,1062.5159370920994,-0.09811887983269918,0.011530184812264074,-1.4365044644430802,1.6264371454352975,298.15,0.0,0.015955038091583214,-0.05010338610215076,0.051540031758899915
Chen2020_DFN_fine_DC03_AC07_4p0tauSet,0.7197008202066313,1217.6017339277864,0.1940577221070364,0.20949908455542085,0.24748609777943328,0.19234008080029577,0.7420501520802748,0.6908489351872571,954.0462112695308,1033.4579394539126,-0.09421528017602689,0.010792882956432503,-1.3464114878141848,1.5244321970627908,298.15,0.0,0.015441362448384462,-0.0512012168930178,0.055146016979137506
Chen2020_DFN_fine_DC03_AC07_4p0tauSet,0.7596778063763723,1251.1156668530098,0.2009174695593654,0.21526681118307753,0.2542547655492349,0.19714216885010374,0.7374722192521985,0.6865778312755765,956.7071862090366,967.5721914447969,-0.087658502258795,0.009680514393788284,-1.2025780204488232,1.3615812628189985,298.15,0.0,0.01434934162371212,-0.05089438797662206,0.05711259669913113
Chen2020_DFN_fine_DC03_AC07_4p0tauSet,0.799654792546113,1290.135062502687,0.2077771575956927,0.220232993195213,0.2590359752589954,0.20170772352777525,0.7328943260760867,0.6843090614128984,961.5491914423428,849.4145968781206,-0.07663310599256598,0.008028867371078918,-0.9852811869086893,1.1155537353009939,298.15,0.0,0.01245583559952027,-0.04858526466318825,0.05732825173122017
Chen2020_DFN_fine_DC03_AC07_4p0tauSet,0.839631778715854,1342.7740315114108,0.21463675347316696,0.22371648939116953,0.2609651996018552,0.20554394153538458,0.7283164944032654,0.6858625126184223,970.8217346501416,632.9811512245246,-0.054954310980410224,0.005316544154927318,-0.6342405629128556,0.7180989939094555,298.15,0.0,0.00907973591800256,-0.04245398178484311,0.05542125806647065
Chen2020_DFN_fine_DC03_AC07_4p0tauSet,0.8796087648855948,1965.4659319555778,0.22149215444937945,0.234098460764759,0.26431909412773125,0.21854698290073593,0.7237414622469482,0.6914954644932964,960.3944806902392,853.0717446984838,-0.08891377123001983,0.010641870012039681,-1.3021037232742263,1.4742661197114235,298.15,0.0,0.01260630631537956,-0.03224599775365188,0.0457721112269953
Chen2020_DFN_fine_DC03_AC07_4p0tauSet,0.9195857510553358,1996.9728927980987,0.22835207113082603,0.24250224164558098,0.27574009017338835,0.2252655890679623,0.719163416481837,0.6811987383307418,956.20791498033,957.9213425006603,-0.09355289909750147,0.011284019013065442,-1.4099406650080195,1.5963611162998448,298.15,0.0,0.014150170514754954,-0.03796467815109519,0.05047450110542606
Chen2020_DFN_fine_DC03_AC07_4p0tauSet,0.9595627372250766,2026.6473352613027,0.23521195896573102,0.250423127551691,0.2863411543909529,0.23167038946454432,0.7145853899678045,0.6719305654830884,953.3704635602892,1032.6760546336322,-0.09611447975931882,0.011587007035796165,-1.4702985352405362,1.6646994226509815,298.15,0.0,0.015211168585959972,-0.04265482448471613,0.054670764926408606
Chen2020_DFN_fine_DC03_AC07_4p0tauSet,0.9995397233948176,2055.5397217897703,0.24207180346244106,0.25790617145151296,0.2961718573212302,0.23785063737890527,0.7100073923760224,0.6636253422712798,951.7026474931317,1079.5098092108342,-0.09691940505664026,0.011601903165323202,-1.4881580078312977,1.684920250597232,298.15,0.0,0.015834367989071924,-0.04638205010474268,0.05832121994232489
Chen2020_DFN_fine_DC03_AC07_4p0tauSet,1.0395167095645583,2084.4850747542246,0.24893164065376686,0.2649599957201542,0.30522591000463106,0.24385135465396998,0.7054293996595759,0.656292458757875,951.1552964646186,1098.0697093893034,-0.09602078352512035,0.011345672727122547,-1.4648656499348907,1.6585482085791756,298.15,0.0,0.016028355066387334,-0.049136940901700836,0.061374555350661095
Chen2020_DFN_fine_DC03_AC07_4p0tauSet,1.0794936957342993,2114.331930178814,0.25579145519952884,0.27156071793870323,0.31341524878795923,0.2496867163410522,0.7008514220559106,0.6500152148812945,951.7845158283124,1085.9703475759536,-0.09325657734254618,0.010807982155462194,-1.3986620476617726,1.583591255394065,298.15,0.0,0.0157692627391744,-0.05083620717461604,0.06372853244690706
Chen2020_DFN_fine_DC03_AC07_4p0tauSet,1.11947068190404,2146.182651351816,0.2626512114765158,0.27764282064961254,0.32055104166974424,0.2553379477365062,0.6962734833385948,0.644979792996825,953.7790670655522,1038.3107729305007,-0.08817631648873489,0.009946188727372287,-1.2839529592664023,1.453715486176174,298.15,0.0,0.014991609173096759,-0.05129369034176984,0.06521309393323804
Chen2020_DFN_fine_DC03_AC07_4p0tauSet,1.1594476680737809,2181.8876426557954,0.26951089462969446,0.28306157999490134,0.32629601380029327,0.2607279567730154,0.6916955934213102,0.6415773419231129,957.5840800404585,945.2608576197882,-0.07972008282768295,0.00865833569116459,-1.1080108181934365,1.2545105127466571,298.15,0.0,0.013550685365206868,-0.05011825149819734,0.06556805702727785
Chen2020_DFN_fine_DC03_AC07_4p0tauSet,1.1994246542435218,2225.708963668551,0.27637048300432837,0.2874578074136358,0.32998430797873957,0.26562046548478063,0.6871177667555971,0.640767244898976,964.3519033104031,783.0474300021896,-0.06496576830486776,0.006681351215030366,-0.8390354642615225,0.9499716006379193,298.15,0.0,0.011087324409307443,-0.046350521856621106,0.06436384249395895
Chen2020_DFN_fine_DC03_AC07_4p0tauSet,1.2394016404132626,2299.0425633817367,0.28322990273259196,0.2890905211100124,0.32883584261776777,0.2687867993681829,0.6825400526380153,0.6472251967897004,979.8101283791092,434.48747973393193,-0.028242503241882336,0.002702842684348152,-0.32336045426146165,0.3661147369782269,298.15,0.0,0.005860618377420414,-0.035314855848315,0.0600490432495849
Chen2020_DFN_fine_DC03_AC07_4p0tauSet,1.2793786265830036,2893.8526354881024,0.290090776117814,0.303513778771605,0.3332600881173803,0.28855920941048546,0.6779613684054344,0.6427885882981084,958.0934142727524,912.1274006940037,-0.0877303315948871,0.01065300114897691,-1.3610395329389489,1.5409944811589558,298.15,0.0,0.013423002653791045,-0.03517278010732603,0.04470087870689487
Chen2020_DFN_fine_DC03_AC07_4p0tauSet,1.3193556127527444,2924.3108040348984,0.29695076039013013,0.3116740896798421,0.3461056598670724,0.29488276743537034,0.6733832775327648,0.6330067994879199,954.8901386874617,996.7683773235959,-0.09116657604491188,0.011136136171130023,-1.444853465264666,1.6358900205008928,298.15,0.0,0.014723329289711982,-0.04037647804484488,0.0512228924317021
Chen2020_DFN_fine_DC03_AC07_4p0tauSet,1.3593325989224854,2953.492620691987,0.3038106768928485,0.31937865556781975,0.358699900952346,0.30073671551081466,0.6688052318869304,0.6242112771917506,952.9557959250837,1051.9385568736589,-0.09269800296292832,0.011317579971259605,-1.4841448684038205,1.6803764992906527,298.15,0.0,0.015567978674971221,-0.04459395469517976,0.057963185441531305
Chen2020_DFN_fine_DC03_AC07_4p0tauSet,1.3993095850922261,2982.310388234558,0.310670524647508,0.32665361192449976,0.3708330228388045,0.30622314358471303,0.6642272321209186,0.6163744566691225,952.1367422169415,1079.1767161130351,-0.09255334534993173,0.01122715108528795,-1.4819918561130836,1.6779388186182247,298.15,0.0,0.015983087276991763,-0.04785277545179613,0.06460987925409148
Chen2020_DFN_fine_DC03_AC07_4p0tauSet,1.4392865712619671,3011.5796169017162,0.31753030473126853,0.33349195213253796,0.38222953244418045,0.31141402737874896,0.6596492775158739,0.609540365195027,952.4002936704276,1077.7639520090188,-0.09072993664644424,0.01086661582493019,-1.438231835947379,1.6283929076637462,298.15,0.0,0.01596164740126941,-0.050108912320846945,0.07081550506543152
Chen2020_DFN_fine_DC03_AC07_4p0tauSet,1.479263557431708,3042.2351644288224,0.32439001686160035,0.33985181292124994,0.39255396453421665,0.3163532151432145,0.655071368260346,0.6038359637714354,953.8347917212371,1044.7780354787353,-0.08698458802211165,0.01021059859105759,-1.3494321044598792,1.5278521955524855,298.15,0.0,0.015461796059649598,-0.05123540448891048,0.07620074939100212
Chen2020_DFN_fine_DC03_AC07_4p0tauSet,1.5192405436014487,3075.649674809038,0.33124965652195265,0.34563662171051185,0.4013944932630851,0.3210435704540727,0.6504935073685089,0.5995270388177931,956.7105143036442,973.9426316399512,-0.08067374062870619,0.009193175968439915,-1.207185405756665,1.3667978303824555,298.15,0.0,0.014386965188559232,-0.05096646855071572,0.08035092280901236
Chen2020_DFN_fine_DC03_AC07_4p0tauSet,1.5592175297711897,3114.465458247224,0.3381092246411331,0.35062866797287906,0.40817811823238925,0.325398942845581,0.6459156942205102,0.5971971647308936,961.693614795437,851.3744286708173,-0.07018155960954997,0.007659507624429544,-0.9922533721617157,1.1234477907146734,298.15,0.0,0.012519443331745962,-0.04871852948961666,0.08277917538680825
Chen2020_DFN_fine_DC03_AC07_4p0tauSet,1.5991945159409304,3166.4819194239153,0.3449686836408971,0.35417273860108733,0.41173085003304033,0.3290048545561471,0.6413379538946321,0.5985973280724277,970.8796874254771,634.500802986281,-0.0500676048732834,0.005131413965838538,-0.6466474377133157,0.732146288942967,298.15,0.0,0.009204054960190205,-0.04274062582220438,0.08272599547689326
Chen2020_DFN_fine_DC03_AC07_4p0tauSet,1.6391715021106714,3790.069475603797,0.3518340188013845,0.3643925261330872,0.4173082333834031,0.3431711816376973,0.6367562920440554,0.6046669781184432,961.1084885796948,841.8020423380236,-0.08190304279117665,0.010039606313650615,-1.2985479331063183,1.4702401877675562,298.15,0.0,0.012558507331702717,-0.03208931392561225,0.07413705174570581
Chen2020_DFN_fine_DC03_AC07_4p0tauSet,1.6791484882804122,3821.6436737347426,0.3586940369490246,0.3728103006256714,0.43235616380943065,0.34910065554275527,0.6321781785642921,0.5943418945071242,957.2980921855752,940.5011430572619,-0.08640349948804714,0.010711228498823827,-1.4077626016781069,1.5938951153566034,298.15,0.0,0.014116263676646847,-0.03783628405716795,0.08325550826667535
Chen2020_DFN_fine_DC03_AC07_4p0tauSet,1.7191254744501532,3851.350578160736,0.36555399977185077,0.38074299232920733,0.4470896824180905,0.3545247859346422,0.627600102006191,0.5850489675264702,954.8357725915138,1008.5183616504661,-0.08884457136344442,0.011057385458997747,-1.469269422192978,1.6635342416611862,298.15,0.0,0.015188992557356541,-0.042551134479720844,0.09256489648344828
Chen2020_DFN_fine_DC03_AC07_4p0tauSet,1.759102460619894,3880.252357166293,0.37241388564932615,0.3882372861404618,0.4612232733522297,0.35958275237023707,0.6230220767984714,0.5767193381901325,953.4942776431049,1048.728281016509,-0.08960852371748369,0.011124182466270912,-1.4882129100393946,1.6849824118937555,298.15,0.0,0.015823400491135682,-0.04630273860833887,0.10164052098199258
Chen2020_DFN_fine_DC03_AC07_4p0tauSet,1.799079446789635,3909.185956396614,0.3792736940397092,0.3953024740754776,0.47446430508801407,0.3643668524561112,0.6184441033026709,0.5693609288471467,953.1913960770893,1061.4455745969092,-0.0887969914310891,0.010925021979685335,-1.4660085145088275,1.6598421811608526,298.15,0.0,0.01602878003576842,-0.04908317445552411,0.11009745263190282
Chen2020_DFN_fine_DC03_AC07_4p0tauSet,1.8390564329593757,3938.9967947895,0.38613341426661985,0.40191560879706223,0.4865073222099688,0.3689353570785062,0.6138661886437963,0.5630548300685436,953.9597008669765,1045.0158959663975,-0.08628780558585336,0.010447446938324978,-1.4009833909983647,1.5862195236110164,298.15,0.0,0.015782194530442363,-0.05081135857525263,0.11757196513146258
Chen2020_DFN_fine_DC03_AC07_4p0tauSet,1.8790334191291167,3970.776219569859,0.39299304633505927,0.4080125717800483,0.49701557639534405,0.37331075401167,0.6092883328185106,0.5579837296992552,955.9690073193993,995.3463431124983,-0.08166963271659589,0.00964834022729114,-1.2876673686288216,1.4579209709500505,298.15,0.0,0.015019525444989058,-0.051304603119255325,0.12370482238367403
Chen2020_DFN_fine_DC03_AC07_4p0tauSet,1.9190104052988575,4006.344088372001,0.3998525898396783,0.41345157875132343,0.5055640578585264,0.3774559081559559,0.6047105360973278,0.5545311030729678,959.6397716347185,903.569364638115,-0.07394998463561406,0.008428601138602818,-1.1135941074135514,1.2608320169310137,298.15,0.0,0.013598988911645123,-0.05017943302435999,0.12810814970257053
Chen2020_DFN_fine_DC03_AC07_4p0tauSet,1.9589873914685985,4049.843097262011,0.4067120530094872,0.4178837902198571,0.5114623557639796,0.38117418896402105,0.6001327929885218,0.5536288829024079,966.0627933544471,747.4945244258867,-0.06043418800673734,0.006539197363061679,-0.847880828882904,0.95998648742903,298.15,0.0,0.011171737210369912,-0.04650391008611399,0.13028816679995855
Chen2020_DFN_fine_DC03_AC07_4p0tauSet,1.9989643776383392,4121.155591909003,0.41356368315965786,0.41967853495372703,0.5123115103675706,0.3832340555916461,0.5955602773371395,0.5596425580995654,980.4871697993727,419.6721582723897,-0.02755611791771728,0.0027991078818437464,-0.347282254421417,0.3931994452656198,298.15,0.0,0.006114851794069161,-0.03591771923757412,0.12907745477592453
Chen2020_DFN_fine_DC03_AC07_4p0tauSet,2.0389413638080804,4718.493997440651,0.4205153231876058,0.4338975991915043,0.5370679427769041,0.3950210122385139,0.5909210189221543,0.5558727846035177,959.4937171746844,885.7797959434106,-0.08274904498764317,0.010276704098324856,-1.3581988253282187,1.5377784580890799,298.15,0.0,0.013382276003898423,-0.035048234318636545,0.1420469305383902
Chen2020_DFN_fine_DC03_AC07_4p0tauSet,2.078918349977821,4748.999758670678,0.42737534571722363,0.4420704769349479,0.5519350460291093,0.40049978227702254,0.5863429025180268,0.5460671025267511,956.3282980056606,968.8558407158142,-0.08634296779448712,0.01079761497978747,-1.4432432181949322,1.6340668876938322,298.15,0.0,0.014695131217724236,-0.04027579999127574,0.15143526375208666
Chen2020_DFN_fine_DC03_AC07_4p0tauSet,2.118895336147562,4778.202488894591,0.4342352914662176,0.44978651927358015,0.5657177568812586,0.4056056446572837,0.5817648373543479,0.5372487663941169,954.3538922749873,1023.2413171453038,-0.0881606130114525,0.011022409428289342,-1.4836464936926752,1.6798122301557987,298.15,0.0,0.015551227807362547,-0.04451607096023102,0.1601121122239749
Chen2020_DFN_fine_DC03_AC07_4p0tauSet,2.1588723223173027,4807.019516516924,0.44109513339823975,0.4570726928388006,0.5778743603433709,0.41045451225620183,0.5771868414741415,0.5293886259258391,953.4075903720842,1051.0211440461858,-0.08843164934220725,0.010976545729545905,-1.4825712269125697,1.6785947930651757,298.15,0.0,0.015977559440560826,-0.04779821554830227,0.16741984808716914
Chen2020_DFN_fine_DC03_AC07_4p0tauSet,2.1988493084870435,4836.2661318330665,0.4479548580637688,0.46392276796456017,0.5880084854676026,0.41512313929519956,0.5726089238531032,0.5225290196965732,953.4597186408196,1051.9632824657065,-0.08712802862108181,0.010658990989409936,-1.4399293899632921,1.6303149100011431,298.15,0.0,0.015967909900791374,-0.050079904156530027,0.17288534617240311
Chen2020_DFN_fine_DC03_AC07_4p0tauSet,2.2388262946567847,4866.871945712026,0.454814473220028,0.4702957708300276,0.5960502126224436,0.41964922878060185,0.5680310793143589,0.5167947880094769,954.6200189173247,1023.3027211292984,-0.08395882327376752,0.010043371324705305,-1.3523685516638426,1.5311768958747833,298.15,0.0,0.015481297609999606,-0.05123629130488198,0.17640098384184172
Chen2020_DFN_fine_DC03_AC07_4p0tauSet,2.2788032808265255,4900.1892512916575,0.46167399647472424,0.4760976157675084,0.6021292829359648,0.42402115468122487,0.5634532961071993,0.5124454746194935,957.1885347406176,958.5685354564914,-0.07824172562927881,0.00906561558113967,-1.2117056464481006,1.3719157312204424,298.15,0.0,0.014423619292784214,-0.0510078214877058,0.1781081282547399
Chen2020_DFN_fine_DC03_AC07_4p0tauSet,2.3187802669962663,4938.802136427871,0.4685334515030819,0.48111571636235334,0.6062600394275562,0.42813091431959077,0.5588755584316859,0.5100511575279271,961.8568545211489,843.4458067648985,-0.06836875522196233,0.0075770369796061355,-0.9991550694615121,1.1312620038862533,298.15,0.0,0.012582264859271467,-0.04882440090375893,0.17812912510796547
Chen2020_DFN_fine_DC03_AC07_4p0tauSet,2.3587572531660075,4990.229329339475,0.4753928179838968,0.4847176650526308,0.6078350787196569,0.43152727631985055,0.5542978798494137,0.5113017631388563,970.6946966349656,635.7055614510786,-0.04917455794965476,0.005125647789843857,-0.6587400430468858,0.745837762234313,298.15,0.0,0.009324847068734014,-0.04299611671055733,0.1763078023998063
Chen2020_DFN_fine_DC03_AC07_4p0tauSet,2.3987342393357483,5614.669892339065,0.4823438967446385,0.494854105540776,0.6111888924567869,0.44002292881469596,0.5496589960026744,0.5177049064190077,960.930726703337,841.1521216629629,-0.08050094665533836,0.009799811485926128,-1.2949506467977006,1.4661672731202973,298.15,0.0,0.012510208796137486,-0.03195408958366678,0.1711659636420909
Chen2020_DFN_fine_DC03_AC07_4p0tauSet,2.438711225505489,5646.312039399419,0.48920393891069075,0.5032857828559582,0.6205280946244685,0.4461943660570425,0.5450808664939419,0.5073542530368913,956.6264706308049,947.340822734917,-0.0857181746767517,0.010502572051109249,-1.4055375832557757,1.591376067898481,298.15,0.0,0.014081843945267387,-0.03772661345705059,0.174333728567426
Chen2020_DFN_fine_DC03_AC07_4p0tauSet,2.47868821167523,5676.052704298756,0.4960639368449513,0.5112304125790307,0.6290660787174027,0.45200667502989833,0.5405027665038142,0.49803840613312006,953.670195061835,1023.4518113026346,-0.08886807213667151,0.01088123043385467,-1.468208021845494,1.662332504400983,298.15,0.0,0.01516647573407933,-0.04246436037069418,0.17705940368750442
Chen2020_DFN_fine_DC03_AC07_4p0tauSet,2.518665197844971,5704.96463940576,0.5029238322574842,0.5187359490874961,0.6370118692238079,0.457571543613552,0.5359247349327622,0.4896861788762799,951.8707509628671,1072.1225681683977,-0.09028021717358534,0.01097952319482427,-1.488237791125119,1.685010582738145,298.15,0.0,0.015812116830011935,-0.04623855605648226,0.1794403256102559
Chen2020_DFN_fine_DC03_AC07_4p0tauSet,2.5586421840147118,5733.887232818385,0.509783592860762,0.5258124759313774,0.6443944828618442,0.4629619756917193,0.5313467933282459,0.4823038822941485,951.1730593672827,1093.2421349807487,-0.09001024254406487,0.010809997294006779,-1.4671215706228153,1.6611024040686637,298.15,0.0,0.01602888307061531,-0.04904291103409738,0.18143250717012493
Chen2020_DFN_fine_DC03_AC07_4p0tauSet,2.5986191701844525,5763.662565485561,0.5166432215734588,0.5324380791356562,0.6510974865250165,0.4682238672817756,0.5267689397424541,0.4759702496293008,951.6291240070981,1084.5551270873468,-0.08789518648491576,0.010360522585895577,-1.4032804957100509,1.5888203484095371,298.15,0.0,0.015794857562197465,-0.050798690113153334,0.1828736192432409
Chen2020_DFN_fine_DC03_AC07_4p0tauSet,2.6385961563541933,5795.372401667728,0.5235027248397015,0.5385497070953295,0.6568877210214086,0.47337093424618226,0.5221911698748234,0.47086529443448805,953.4266842836538,1041.1719134172251,-0.08348343964456915,0.009588909072005233,-1.2913401570139622,1.4620794095469782,298.15,0.0,0.015046982255627858,-0.0513258754403353,0.18351678677522637
Chen2020_DFN_fine_DC03_AC07_4p0tauSet,2.6785731425239345,5830.805198326959,0.5303621833854109,0.5440088788854622,0.6614088496285054,0.4783569113821057,0.5176134298519646,0.4673641018642706,957.0059968426184,953.3378914940625,-0.07574594591678377,0.008398763163637643,-1.1191231728680437,1.2670921279548608,298.15,0.0,0.013646695500051358,-0.050249327987694034,0.1830519382463998
Chen2020_DFN_fine_DC03_AC07_4p0tauSet,2.7185501286936753,5873.992634218416,0.5372215975891798,0.5484762211994041,0.6640369179594724,0.4829728314478217,0.5130357194212194,0.46637347985449823,963.4843338565692,797.963307852577,-0.06197536849618732,0.00654908220543637,-0.8565877236486285,0.969844596065693,298.15,0.0,0.011254623610224359,-0.046662239566721136,0.18106408651165065
Chen2020_DFN_fine_DC03_AC07_4p0tauSet,2.758527114863416,5943.485627286794,0.5440700597391848,0.550422380055274,0.662283071787549,0.48608694107466505,0.5084653179718628,0.4719808277930092,977.9273844698515,471.4734040089819,-0.02937423596862582,0.0029440094816611502,-0.3697085291638586,0.41858752696468693,298.15,0.0,0.006352320316089209,-0.03648449017885357,0.1761961307128839
Chen2020_DFN_fine_DC03_AC07_4p0tauSet,2.798504101033157,6543.133355574049,0.5510336677224251,0.5643745636434087,0.648256799468863,0.5034227391136906,0.5038180726017033,0.46891545483038116,956.8768433628835,933.8379999715146,-0.08500535775561903,0.010168464957638,-1.3553077854842634,1.534504519246942,298.15,0.0,0.013340895920983439,-0.03490261777132214,0.1448340603551725
Chen2020_DFN_fine_DC03_AC07_4p0tauSet,2.8384810872028976,6573.688329992968,0.5578937030960214,0.5725602640183197,0.6583312561993838,0.5104303026433608,0.499239947625996,0.45908319865085695,953.2631213013045,1027.8875032452975,-0.08933572296590041,0.010719300071555388,-1.4416014186849666,1.6322080120856524,298.15,0.0,0.014666560922298325,-0.040156748975139045,0.1479009535560231
Chen2020_DFN_fine_DC03_AC07_4p0tauSet,2.878458073372639,6602.912644450877,0.5647536555327961,0.5802878257968289,0.6683294877086725,0.5171309260876826,0.4946618779991485,0.4502401528718745,950.99525024247,1091.308175565339,-0.0916779195652808,0.010974107139244293,-1.4831188614076978,1.679214835032838,298.15,0.0,0.015534170264032834,-0.044421725127273964,0.15119856162098985
Chen2020_DFN_fine_DC03_AC07_4p0tauSet,2.9184350595423796,6631.729525094816,0.571613483362644,0.5875852085777475,0.6780105248312296,0.5236275409204567,0.4900838915301931,0.44235515894746585,949.9132738258802,1125.5135941562824,-0.09223756149297846,0.01095850898605976,-1.4831196963913158,1.6792157804034062,298.15,0.0,0.015971725215103594,-0.047728732582727244,0.1543829839107728
Chen2020_DFN_fine_DC03_AC07_4p0tauSet,2.9584120457121204,6660.954054628678,0.5784732435472012,0.5944471519994435,0.68707385153896,0.529996775979733,0.48550595020511467,0.4354684314969296,949.9774768598944,1129.7255952800806,-0.09099196876200044,0.010671163000283654,-1.4415960584254177,1.6322019431142527,298.15,0.0,0.015973908452242305,-0.050037518708185104,0.15707707555922693
Chen2020_DFN_fine_DC03_AC07_4p0tauSet,2.998389031881861,6691.5100772802725,0.585332821466892,0.6008334767944736,0.6951859607289522,0.5362871240150496,0.4809281305166308,0.42970272690792655,951.2724081744266,1100.9521577823537,-0.08767858113278866,0.010084537190888799,-1.3552861787216968,1.5344802875967853,298.15,0.0,0.01550065532758161,-0.05122540360870423,0.1588988367139026
Chen2020_DFN_fine_DC03_AC07_4p0tauSet,3.0383660180516023,6724.7316850187735,0.59219227540848,0.6066522267978302,0.7019775702928919,0.5425020636802182,0.47635039356638664,0.4253121906948452,954.0653955094537,1032.88073512783,-0.08164386115045956,0.00913310227330718,-1.2161914040177333,1.3769945895686995,298.15,0.0,0.014459951389350238,-0.05103820287154144,0.1594755066126736
Chen2020_DFN_fine_DC03_AC07_4p0tauSet,3.078343004221343,6763.149486101354,0.5990517055824202,0.6116956483840524,0.7069646289294569,0.5485469729934902,0.47177267247776,0.4228542228061776,959.0204839125498,911.5486596570556,-0.07129027808318698,0.0076675914721012215,-1.005949315197475,1.1389545755997308,298.15,0.0,0.012643942801632321,-0.04891844967158241,0.1584176559359667
Chen2020_DFN_fine_DC03_AC07_4p0tauSet,3.118319990391084,6814.003778235243,0.6059110719180413,0.6153543299423913,0.7091612043374446,0.5540125059600787,0.4671949939923838,0.4239571524388621,968.1638358104171,695.6347001932509,-0.05148263412075532,0.005246234159547417,-0.670618409291136,0.7592866700245994,298.15,0.0,0.00944325802434999,-0.043237841553521644,0.15514869837736592
Chen2020_DFN_fine_DC03_AC07_4p0tauSet,3.1582969765608246,7439.26863681232,0.6128477189283832,0.6253091785172836,0.6922182356297251,0.5836916174593808,0.4625657413433519,0.43078094814156537,959.2376824095674,884.8259283153337,-0.08289209136097306,0.009824071095750609,-1.2913169109993419,1.4620530896794435,298.15,0.0,0.012461459588900454,-0.031784793201786544,0.10852661817034423
Chen2020_DFN_fine_DC03_AC07_4p0tauSet,3.198273962730566,7470.979739287383,0.6197077965515563,0.6337548506864303,0.7054133414517196,0.5917175230508308,0.4579875881718945,0.4204008786998735,955.3987239094389,984.9138692992464,-0.08817674673586522,0.010584100240139524,-1.403280810158303,1.5888207030593158,298.15,0.0,0.014047054134874115,-0.037586709472020995,0.11369581840088888
Chen2020_DFN_fine_DC03_AC07_4p0tauSet,3.2382509489003066,7500.75492023538,0.6265678125184521,0.6417114607498591,0.7186350745531398,0.5988586682317114,0.4534094761474768,0.411058996181827,953.0265395985309,1051.3669263314225,-0.09119098852938862,0.011020166350899885,-1.46711906467153,1.6610995667718458,298.15,0.0,0.015143648231407033,-0.042350479965649813,0.11977640632142846
Chen2020_DFN_fine_DC03_AC07_4p0tauSet,3.2782279350700474,7529.677540857946,0.633427710354361,0.6492282417572367,0.731480057738908,0.6052715233761602,0.44883144295915633,0.40268158133190785,951.8291134999885,1088.4280785125568,-0.092389327102328,0.011172773291326004,-1.4882339694278217,1.6850062557239591,298.15,0.0,0.015800531402875802,-0.04614986162724848,0.12620853436274782
Chen2020_DFN_fine_DC03_AC07_4p0tauSet,3.318204921239788,7558.5895762519685,0.6402875322179513,0.656316257219171,0.7435761670001798,0.6111050984253088,0.44425346047185327,0.3952728591943084,951.6816482788893,1097.418838480764,-0.09192540151432191,0.011050570459990357,-1.4682036772387872,1.6623275854199557,298.15,0.0,0.016028725001219667,-0.04898060127754487,0.13247106857487106
Chen2020_DFN_fine_DC03_AC07_4p0tauSet,3.3581819074095294,7588.330494640545,0.6471472488370187,0.662954377283665,0.7545814575749158,0.6164865435092537,0.4396755482207146,0.38890968513260904,952.5919749286177,1077.355810664891,-0.08971045689730439,0.010637126469509013,-1.4055311415514162,1.591368474272081,298.15,0.0,0.015807128446646307,-0.05076586308810559,0.13809491406566213
Chen2020_DFN_fine_DC03_AC07_5p0tauSet,0.2,215.35486824058614,0.10491005613981123,0.11943441292579221,0.1280890862223035,0.11483797258812048,0.8015438913780956,0.76107605063938,954.390185136724,1002.0157915279271,-0.10846211212058941,0.012278676667849639,-1.412062685758437,1.5987637077528665,298.15,0.0,0.014524356785980975,-0.04046784073871559,0.013251113634183015
Chen2020_DFN_fine_DC03_AC07_5p0tauSet,0.2399769861697409,245.10868632402614,0.11176994047451634,0.12712844791126135,0.13709604569180697,0.12190063992859698,0.796965867199962,0.752449512249715,952.1335300975537,1061.8733176603332,-0.10972558415678836,0.01249058757352635,-1.4629213104486603,1.65634679116118,298.15,0.0,0.015358507436745002,-0.04451635495024703,0.015195405763209989
Chen2020_DFN_fine_DC03_AC07_5p0tauSet,0.27995397233948177,274.11534914590874,0.11862981092881149,0.13453013119682145,0.14622994668771555,0.12856984675422828,0.7923878522850824,0.7445201990202155,950.8053975535636,1099.838628799028,-0.10979311531529606,0.01251246492956329,-1.4862960776942697,1.6828121385712314,298.15,0.0,0.01590032026800996,-0.04786765326486689,0.017660099933487286
Chen2020_DFN_fine_DC03_AC07_5p0tauSet,0.3199309585092226,302.9233943539608,0.1254896690425126,0.14165042052051768,0.15561246972374537,0.134810280533005,0.7878098456058433,0.7372795695840025,950.347813965877,1116.268276508849,-0.10872391209076114,0.012358857324063029,-1.4833047635615322,1.6794253169108653,298.15,0.0,0.016160751478005064,-0.05053027602184077,0.020802189190740374
Chen2020_DFN_fine_DC03_AC07_5p0tauSet,0.3599079446789635,332.04934382628636,0.13234889579722917,0.14848498676349642,0.16519954910694767,0.14063144803488456,0.7832322602714181,0.7307545715731766,950.7215610158612,1111.2528715501755,-0.10651398342793944,0.012030973394782742,-1.4538073589648413,1.6460278052614985,298.15,0.0,0.01613609096626727,-0.05247768869824157,0.024568101072063114
Chen2020_DFN_fine_DC03_AC07_5p0tauSet,0.39988493084870436,362.0618361635387,0.1392046336016816,0.15501296479269625,0.17476187288641742,0.1460752312782724,0.7786570033288271,0.7250116512679554,951.9145004849149,1084.5219787094736,-0.10309281391656569,0.011517404611814682,-1.3963656780408669,1.5809912628822629,298.15,0.0,0.015808331191014637,-0.053645352060871766,0.028686641608145016
Chen2020_DFN_fine_DC03_AC07_5p0tauSet,0.43986191701844524,393.6890200215321,0.1460551849125335,0.1611980949228147,0.183916631266765,0.15120033866711793,0.7740852076535033,0.7201598350975219,953.9653403716319,1035.0806228407823,-0.09827091553353008,0.01079137789412716,-1.3078708642978634,1.480795593399482,298.15,0.0,0.01514291001028121,-0.05392537255598137,0.03271629259964705
Chen2020_DFN_fine_DC03_AC07_5p0tauSet,0.4798389031881861,428.02700649725676,0.15291500471164862,0.16699126678762202,0.19223171393260124,0.1560648178181208,0.7695072265439515,0.7163693245553017,957.0197949715039,960.0733166965184,-0.09160004860463852,0.00980095375450437,-1.1823759998608732,1.3387081583411844,298.15,0.0,0.014076262075973404,-0.053137901988649906,0.03616689611448046
Chen2020_DFN_fine_DC03_AC07_5p0tauSet,0.519815889357927,467.04817435320575,0.15977478915678203,0.17224442874923251,0.19917370071945426,0.16065165778589438,0.7649292690282942,0.7140555133245354,961.4821445015872,851.4049099136037,-0.0820331580472429,0.008444928181010619,-1.008204198791581,1.1415075968691584,298.15,0.0,0.012469639592450475,-0.050873755703758794,0.03852204293355986
Chen2020_DFN_fine_DC03_AC07_5p0tauSet,0.5597928755276679,515.4304563677321,0.16663451545934152,0.17664051594577426,0.20407420332233175,0.16480906985394309,0.7603513503147638,0.7141441502564854,968.3680965477176,688.9315781216195,-0.066688076119632,0.0064735725918078245,-0.7573702211883286,0.8575086893756857,298.15,0.0,0.010006000486432727,-0.0462072000582784,0.039265133468388676
Chen2020_DFN_fine_DC03_AC07_5p0tauSet,0.5997698616974088,596.3746235508704,0.17349407456057347,0.17867895390134472,0.20467019983812326,0.16746990322912805,0.7557735431849978,0.7210453007285427,982.6340621507114,371.9156500350325,-0.03011454388633922,0.0026786541405313035,-0.2982943403477378,0.33773441532790943,298.15,0.0,0.005184879340771264,-0.03472824245645512,0.037200296608995195
Chen2020_DFN_fine_DC03_AC07_5p0tauSet,0.6397468478671496,1328.5720705958845,0.18037981907491396,0.19391775411495404,0.21793930725424163,0.18364000300291072,0.7511782609130196,0.7147831855869942,958.8310053535278,898.0849455575184,-0.09356503401735697,0.011151090046775726,-1.3414090825457774,1.5187683805225087,298.15,0.0,0.013537935040040106,-0.03639507532602554,0.034299304251330896
Chen2020_DFN_fine_DC03_AC07_5p0tauSet,0.6797238340368905,1359.558940111973,0.18723975165472528,0.20188405117872976,0.23066511656169328,0.18941336811897097,0.7466002045379493,0.7055159328244595,956.0667979065979,969.2429682985709,-0.09642650514571029,0.01159061525617857,-1.418981328581927,1.6065971242069395,298.15,0.0,0.014644299524004475,-0.041084271713489814,0.041251748442722315
Chen2020_DFN_fine_DC03_AC07_5p0tauSet,0.7197008202066313,1389.2020497762535,0.19409965963992734,0.2095389686442232,0.24239185183812012,0.19499085184806159,0.7420221645763793,0.696979730006501,954.0532782849459,1022.5870471649635,-0.09812213975688301,0.011815405164890797,-1.4667547642507934,1.6606870990452847,298.15,0.0,0.015439309004295841,-0.04504243456987817,0.047400999990058534
Chen2020_DFN_fine_DC03_AC07_5p0tauSet,0.7596778063763723,1418.1619372623122,0.2009595462647875,0.21690633825960703,0.25303168422809375,0.2004661359132038,0.7374441388698834,0.6891353581090277,952.6974866923711,1059.479106781627,-0.09880406827192348,0.011851960313738287,-1.4872367851972101,1.683877225150277,298.15,0.0,0.015946791994819555,-0.048308780760855645,0.052565548314889916
Chen2020_DFN_fine_DC03_AC07_5p0tauSet,0.799654792546113,1446.9793287062182,0.2078194118091785,0.22399412090291507,0.2626128706701992,0.2059005745744048,0.7328661272316856,0.6819793170764049,951.9797426219556,1079.8745340159414,-0.09849281613700787,0.01171240069468308,-1.481394983584602,1.6772630284148302,298.15,0.0,0.016174709093736556,-0.05088681015528076,0.0567122960957944
Chen2020_DFN_fine_DC03_AC07_5p0tauSet,0.839631778715854,1476.1721908499392,0.21467925397795834,0.2307972213560465,0.2712051582355261,0.21133137120664036,0.7282881311934757,0.6755397640511244,951.9321893149402,1082.691921514382,-0.09711684053783166,0.011397746736182972,-1.4489612199767288,1.6405409163686353,298.15,0.0,0.01611796737808817,-0.052748367142351316,0.05987378702888577
Chen2020_DFN_fine_DC03_AC07_5p0tauSet,0.8796087648855948,1506.321353143832,0.22153906662939152,0.23729593280238773,0.2788617477646979,0.21677481901683934,0.7237101548540137,0.6698829327898482,952.6355414351444,1065.8642024899798,-0.09451072282132486,0.010897404643009007,-1.3883202479391934,1.5718820768742037,298.15,0.0,0.015756866172996212,-0.05382722206416543,0.0620869287478586
Chen2020_DFN_fine_DC03_AC07_5p0tauSet,0.9195857510553358,1538.1801069870926,0.22839884132444022,0.24345182986175623,0.28558868207243127,0.22222442537279022,0.7191322038451894,0.6651265989168347,954.2297442853921,1026.175625661998,-0.09037952682035746,0.01018626853719726,-1.2961690274778213,1.467546746448564,298.15,0.0,0.015052988537316027,-0.05400560492835467,0.06336425669964103
Chen2020_DFN_fine_DC03_AC07_5p0tauSet,0.9595627372250766,1572.9079213690702,0.23525857753299592,0.2491916900243564,0.2913110617766015,0.22764144861202742,0.7145542785207766,0.6614869356871889,956.9648012715119,958.2633950174411,-0.08416950667897302,0.009213101019724345,-1.166098404637662,1.3202783614530387,298.15,0.0,0.013933112491360481,-0.053067342833587716,0.06366961316457406
Chen2020_DFN_fine_DC03_AC07_5p0tauSet,0.9995397233948176,1612.6343235922966,0.2421182662565275,0.254371657973532,0.29582516136012504,0.2329266919687804,0.7099763848860511,0.659384183957573,961.3228131507514,852.2529674724398,-0.07472999778566468,0.007873088925357236,-0.9854585608867091,1.1157547723134933,298.15,0.0,0.012253391717004531,-0.05059220092847811,0.06289846939134462
Chen2020_DFN_fine_DC03_AC07_5p0tauSet,1.0395167095645583,1662.6341156381372,0.24897786342509787,0.2586338257003456,0.29858577900244815,0.2378163029709379,0.7053985523516016,0.6598631621832713,968.4995000767599,684.0204935629024,-0.0589466207870137,0.005898077043426697,-0.7227698530858732,0.818333507313548,298.15,0.0,0.009655962275247749,-0.045535390168330275,0.060769476031510276
Chen2020_DFN_fine_DC03_AC07_5p0tauSet,1.0794936957342993,1756.3295523836427,0.25583721202957543,0.2598450488959106,0.2960644831465263,0.2408303196885339,0.7008208856993122,0.6692105992887666,985.6097073803605,308.25693384749485,-0.017424659991047062,0.00165050726903513,-0.19119981281782752,0.2164799939449936,298.15,0.0,0.004007836866335194,-0.03161028641054567,0.055234163457992376
Chen2020_DFN_fine_DC03_AC07_5p0tauSet,1.11947068190404,2472.9461311889063,0.2627074985200208,0.27638196892547473,0.3043844586101584,0.26133302178118734,0.6962359195206798,0.6592899897148478,957.4620973819558,928.7165727655483,-0.08908936554719905,0.010676897982783744,-1.3514118214649418,1.5300935756748273,298.15,0.0,0.013674470405453968,-0.03694592980583202,0.043051436828971064
Chen2020_DFN_fine_DC03_AC07_5p0tauSet,1.1594476680737809,2503.7473262118306,0.2695674871052098,0.28431254217183205,0.31567007901482597,0.26783505312205913,0.6916578257697643,0.6501060438604472,954.7024063371862,1000.680779174967,-0.09213880663849178,0.011101748978547982,-1.4255467658171959,1.6140306346896518,298.15,0.0,0.014745055066622272,-0.04155178190931707,0.047835025892766864
Chen2020_DFN_fine_DC03_AC07_5p0tauSet,1.1994246542435218,2533.287561691769,0.27642743598012326,0.29193545751086486,0.3268023075101498,0.2740344822659723,0.6870797585199669,0.6416463682404029,952.818393803543,1052.483192938321,-0.09387921268953753,0.01132539705161736,-1.4702680721555423,1.6646649504071245,298.15,0.0,0.015508021530741586,-0.04543339027956397,0.05276782524417746
Chen2020_DFN_fine_DC03_AC07_5p0tauSet,1.2394016404132626,2562.2069610627264,0.28328734842255926,0.2992723266699893,0.33776170800043287,0.2799716459298894,0.6825017155838096,0.6338766372728207,951.7144635011325,1085.2493307114019,-0.0944705341166884,0.011370165055620161,-1.4878659840293407,1.6845896105245204,298.15,0.0,0.01598497824743009,-0.0486250783109889,0.05779006207054349
Chen2020_DFN_fine_DC03_AC07_5p0tauSet,1.2793786265830036,2591.0397681316635,0.2901472227448164,0.3063296922289786,0.34847364729067887,0.285678459361872,0.6779236980876003,0.6267966704480409,951.3442389765812,1099.181491670024,-0.09397174560943174,0.01124509338087866,-1.4791722282308608,1.674746363710419,298.15,0.0,0.016182469484162187,-0.0511270276395594,0.06279518792880691
Chen2020_DFN_fine_DC03_AC07_5p0tauSet,1.3193556127527444,2620.306604758366,0.297007057036843,0.31310090721003264,0.35881029018665905,0.2911815849939304,0.6733457073060339,0.6204385513069589,951.7037890603165,1093.7124394970028,-0.09235868964275162,0.010948440639286459,-1.4437737549717435,1.6346675206541539,298.15,0.0,0.016093850173189688,-0.05290715599907508,0.06762870519272868
Chen2020_DFN_fine_DC03_AC07_5p0tauSet,1.3593325989224854,2650.598790176414,0.30386684523324126,0.31956499694397555,0.36859562398738915,0.29650163908455657,0.6687677472869257,0.6148719717626792,952.8362309428389,1067.4543214159546,-0.08951322173702068,0.010467416190546648,-1.3799408843627663,1.5623948352697554,298.15,0.0,0.015698151710734284,-0.05389577552424655,0.07209398490283259
Chen2020_DFN_fine_DC03_AC07_5p0tauSet,1.3993095850922261,2682.7039795522555,0.31072658803121933,0.32567976131465454,0.377604911250248,0.3016479060123951,0.6641898175649851,0.6102251051118185,954.8543863865441,1017.7709807491656,-0.0851694644833163,0.009773568512391332,-1.2840279939228265,1.4538004265372768,298.15,0.0,0.014953173283435251,-0.053964712453166634,0.07595700523785286
Chen2020_DFN_fine_DC03_AC07_5p0tauSet,1.4392865712619671,2717.842362322435,0.3175862656948903,0.3313678823439449,0.38555560026696106,0.3066076772849208,0.6596119313111868,0.606726066363336,957.987832280983,939.8954821140809,-0.07878993683740142,0.00881262073637056,-1.149268667477155,1.3012234225513875,298.15,0.0,0.01378161664905462,-0.05288586494785078,0.07894792298204033
Chen2020_DFN_fine_DC03_AC07_5p0tauSet,1.479263557431708,2758.3291290071493,0.3244458686537742,0.3364720337421146,0.3920489078026704,0.31131426429919273,0.6550340949125035,0.6048340398722006,962.7299155213686,823.9624110979831,-0.06917796343764786,0.007471540087059454,-0.9618221591702307,1.0889929865818666,298.15,0.0,0.012026165088340389,-0.050200055040302914,0.08073464350347764
Chen2020_DFN_fine_DC03_AC07_5p0tauSet,1.5192405436014487,2810.1549334745037,0.3313053508030733,0.34058714897465475,0.396334148662528,0.31552519422405945,0.6504563391375123,0.6057321400701017,970.3940912030564,643.7179138649492,-0.05295179922830468,0.005453558507760339,-0.6860680763485061,0.7767790712032081,298.15,0.0,0.009281798171581453,-0.04472419906741075,0.08080895443846851
Chen2020_DFN_fine_DC03_AC07_5p0tauSet,1.5592175297711897,3584.625955794703,0.33818041350936645,0.35060634934171414,0.3946137833047022,0.33246385543894663,0.6458681854952798,0.6136962412021668,961.4838802114617,833.6810848515971,-0.08080269802178806,0.009772684463305578,-1.2569569241431668,1.423150071747682,298.15,0.0,0.012425935832347702,-0.03217194429311298,0.06214992786575555
Chen2020_DFN_fine_DC03_AC07_5p0tauSet,1.5991945159409304,3617.293170381629,0.34504047000668525,0.35884711216403997,0.40878625110386024,0.338448052461028,0.6412900464224084,0.6038007537795094,958.0961904713618,920.4678036422774,-0.08510711387165436,0.010423578449034788,-1.3609902388812427,1.5409385309143266,298.15,0.0,0.013806642157354714,-0.03748929264289903,0.07033819864283225
Chen2020_DFN_fine_DC03_AC07_5p0tauSet,1.6391715021106714,3647.920952287341,0.3519004655674583,0.3667427335696636,0.4229593856988753,0.3440089536556331,0.6367119480162559,0.5946988687631927,955.6854307715288,985.4925371020701,-0.08787302875399346,0.010842908566720773,-1.4317721599462052,1.6210792117276196,298.15,0.0,0.01484226800220529,-0.04201307925306321,0.07895043204324222
Chen2020_DFN_fine_DC03_AC07_5p0tauSet,1.6791484882804122,3677.3656630047544,0.3587604137842446,0.37433388394978656,0.4369535563924341,0.3492495098923527,0.6321338812056659,0.5863155892899896,954.0748501490878,1031.3220223100757,-0.08942443609449169,0.011068264778346791,-1.4734714683322898,1.6682923475013773,298.15,0.0,0.01557347016554199,-0.04581829191567633,0.08770404650008137
Chen2020_DFN_fine_DC03_AC07_5p0tauSet,1.7191254744501532,3706.2506180223127,0.365620315431294,0.3816403247263252,0.45058489813755986,0.35424427243544737,0.6275558454739371,0.578620690693521,953.1699109822162,1059.0458821445627,-0.08992026250761483,0.011118640940374286,-1.4881983315870355,1.684966660587192,298.15,0.0,0.016020009295031192,-0.04893515478041608,0.09634062570211248
Chen2020_DFN_fine_DC03_AC07_5p0tauSet,1.759102460619894,3735.104692686615,0.3724801751949054,0.3886671581749999,0.46366879818873535,0.35904904359838236,0.622977837693611,0.5716174264946642,952.9311881068743,1068.8321191081059,-0.0894130918758985,0.011000527099720474,-1.4766465631167682,1.6718867782030438,298.15,0.0,0.01618698298009452,-0.051360411198946784,0.10461975459035298
Chen2020_DFN_fine_DC03_AC07_5p0tauSet,1.799079446789635,3764.4517730348725,0.3793399771983669,0.3954063427020822,0.47601938346814143,0.3637048962018313,0.618399868460196,0.5653414252385407,953.36566700711,1060.1021832777485,-0.08786571751892677,0.010709953437053388,-1.4382751945592323,1.6284419971842898,298.15,0.0,0.016066365503715346,-0.05305844322165528,0.11231448726631016
Chen2020_DFN_fine_DC03_AC07_5p0tauSet,1.8390564329593757,3794.898388129165,0.38619972129186647,0.40183477714725024,0.4874447668188159,0.3682387178596065,0.6138219378736743,0.5598681208344144,954.5310284779816,1031.4311833852084,-0.08513834995616894,0.010231644550119677,-1.3711592845930103,1.5524521141211893,298.15,0.0,0.015635055855383755,-0.05395381703925992,0.11920604895920935
Chen2020_DFN_fine_DC03_AC07_5p0tauSet,1.8790334191291167,3827.261243561728,0.3930593984818025,0.40790796149910175,0.49773686522868915,0.37265981924078156,0.6092440519360289,0.5553322469153118,956.5553544920589,980.1379124771021,-0.08093849643595079,0.009534874754856464,-1.271450706493237,1.4395602024122875,298.15,0.0,0.01484856301729923,-0.05391180502071705,0.12507704598790761
Chen2020_DFN_fine_DC03_AC07_5p0tauSet,1.9190104052988575,3862.8399053805306,0.3999190105820779,0.41354211662274715,0.5066434505571702,0.3769479634071634,0.6046662094367315,0.5519803466749151,959.6942512970161,901.1039979862568,-0.07467790690202634,0.008560851024021916,-1.1318052896523236,1.2814510571008833,298.15,0.0,0.013623106040669216,-0.05268586276181643,0.12969548715000676
Chen2020_DFN_fine_DC03_AC07_5p0tauSet,1.9589873914685985,3904.1441727360084,0.40677852452629853,0.4185667001994821,0.5138053738162627,0.38101656377692217,0.600088432443027,0.5503101552427999,964.4872562511794,783.6109788925136,-0.0650625684057956,0.007188228215989228,-0.93722270013635,1.0611410202880325,298.15,0.0,0.011788175673183573,-0.049778277200227046,0.13278881003934048
Chen2020_DFN_fine_DC03_AC07_5p0tauSet,1.9989643776383392,3958.0535118787,0.41363791921767057,0.422517898723786,0.5184804333472482,0.384547083561148,0.5955107350341085,0.5516770500498639,972.4375290618482,597.4428210374972,-0.04830063669596528,0.005082280316484279,-0.646921300680689,0.7324563617060754,298.15,0.0,0.008879979506115418,-0.043833684984244496,0.13393334978610025
Chen2020_DFN_fine_DC03_AC07_5p0tauSet,2.0389413638080804,4729.225488001514,0.4205002110709574,0.4330947007736647,0.536009292498004,0.3944584797651392,0.5909311041702475,0.5581483853556727,961.6452100423107,833.5311232591391,-0.079118634522108,0.009678213897295658,-1.2700664831730266,1.4379929586674494,298.15,0.0,0.012594489702707282,-0.03278271881457478,0.14155081273286485
Chen2020_DFN_fine_DC03_AC07_5p0tauSet,2.078918349977821,4761.617370336513,0.42736030519494644,0.44129516956802334,0.5505220593108429,0.40009313441020067,0.5863529399867781,0.5483435488122138,958.3346704600766,917.6071766227777,-0.08339528811311152,0.01031673651379649,-1.3701953386736605,1.551360716576656,298.15,0.0,0.013934864373076878,-0.0380093911745643,0.15042892490064216
Chen2020_DFN_fine_DC03_AC07_5p0tauSet,2.118895336147562,4792.080810619026,0.43422034281609456,0.4491562480187602,0.5643571414424593,0.40538818283515854,0.5817748135111402,0.5393215790579085,955.9465106360177,980.4299110049722,-0.08624633275039723,0.010732911661498597,-1.4376603635727208,1.6277458755488867,298.15,0.0,0.014935905202665667,-0.04245323445323178,0.1589689586073008
Chen2020_DFN_fine_DC03_AC07_5p0tauSet,2.1588723223173027,4821.437003026904,0.44108031507320206,0.4567157994204433,0.5770309520098608,0.4104466124304136,0.577196730656961,0.5310132971015536,954.3015874629723,1024.8584097719763,-0.08797609009492507,0.01095857982230468,-1.4763526751172924,1.671554032732691,298.15,0.0,0.015635484347241265,-0.04618343355540727,0.16658433957944718
Chen2020_DFN_fine_DC03_AC07_5p0tauSet,2.1988493084870435,4850.293820863096,0.44794021848577437,0.46399185441565655,0.5881066674651327,0.4153460224063222,0.5726186937469888,0.5233922608890369,953.3010574916774,1052.3825223921413,-0.08872213523193972,0.011008849806163424,-1.488213316321307,1.6849828719086128,298.15,0.0,0.01605163592988216,-0.0492264328579519,0.1727606450588105
Chen2020_DFN_fine_DC03_AC07_5p0tauSet,2.2388262946567847,4879.175505628624,0.45480004941006574,0.4709880394337809,0.5974489507892962,0.42014152863089493,0.5680407052129209,0.516465203989188,952.9150777568111,1063.3267110224122,-0.08849685575639599,0.010887780456283172,-1.473796166024441,1.6686595054657425,298.15,0.0,0.01618799002371519,-0.05157550122373289,0.17730742215840123
Chen2020_DFN_fine_DC03_AC07_5p0tauSet,2.2788032808265255,4908.6102839856,0.4616598041453085,0.4776948715507707,0.6052409862477919,0.42486858315614656,0.5634627675245066,0.5102714541114378,953.1756251733027,1056.8732404328584,-0.08721373029840601,0.010590080043863713,-1.432424802558637,1.621818076168675,298.15,0.0,0.016035067405462223,-0.05319131341306874,0.1803724030916453
Chen2020_DFN_fine_DC03_AC07_5p0tauSet,2.3187802669962663,4939.220533728772,0.4685194813284267,0.4840872350652861,0.6117565454307231,0.4295455727784732,0.5588848815914116,0.5048918913687076,954.1741300921802,1031.0011254882816,-0.08468100537848001,0.010099500219981702,-1.3619919775820497,1.5420727181660632,298.15,0.0,0.015567753736859426,-0.053992990222703964,0.18221097265224986
Chen2020_DFN_fine_DC03_AC07_5p0tauSet,2.3587572531660075,4971.857806868218,0.47537907530326734,0.4901176138240652,0.6171806060692021,0.4341709402058846,0.5543070511883348,0.5004697586975877,956.0778637413807,982.1643114837103,-0.08054797884771439,0.009383959190474377,-1.258380543715452,1.424761920383339,298.15,0.0,0.014738538520797855,-0.05383729249074706,0.18300966586331752
Chen2020_DFN_fine_DC03_AC07_5p0tauSet,2.3987342393357483,5007.899028362691,0.4822385969074887,0.49569653893938875,0.6215404291016255,0.43870955068229495,0.5497292690826389,0.49726800832030293,959.1917035454958,904.0888421244238,-0.07414606670316264,0.008381509018408086,-1.113741739981074,1.2609991702996277,298.15,0.0,0.013457942031900027,-0.0524612607623359,0.18283087841933054
Chen2020_DFN_fine_DC03_AC07_5p0tauSet,2.438711225505489,5050.094572433956,0.4890980483330276,0.5006364032008424,0.6246445005537709,0.4430477045832682,0.5451515338115095,0.49583390193846205,964.1454952473139,784.0561875417712,-0.06400537338426361,0.0069597428679026505,-0.9115660085642051,1.0320920355952687,298.15,0.0,0.011538354867814713,-0.04931763187304742,0.18159679597050263
Chen2020_DFN_fine_DC03_AC07_5p0tauSet,2.47868821167523,5106.403306118335,0.4959573702920889,0.5044032212616276,0.6257235759471856,0.44678850518954444,0.5405738849413506,0.49772892793874723,972.7261171524508,586.0252845378035,-0.045695259820555036,0.004735499776771379,-0.6049216257815719,0.6849035464936178,298.15,0.0,0.008445850969538636,-0.04284495700260334,0.1789350707576412
Chen2020_DFN_fine_DC03_AC07_5p0tauSet,2.518665197844971,5873.786997195534,0.5028199380974699,0.5155781337282265,0.6213137389092692,0.4569686211708833,0.5359940699176282,0.5026027832802029,959.9261562127452,864.4606162728919,-0.08065832108783923,0.009680322791567969,-1.2826962829242052,1.4522926537986265,298.15,0.0,0.012758195630756572,-0.033391286637425334,0.16434511773838587
Chen2020_DFN_fine_DC03_AC07_5p0tauSet,2.5586421840147118,5905.91916032449,0.5096800300741391,0.5237391431634176,0.6300781879011811,0.46325711722405183,0.531415907167197,0.4928878915505487,956.269226419653,954.5149011919323,-0.08531117920754566,0.010300920997334935,-1.3790129043988024,1.5613441298752762,298.15,0.0,0.014059113089278574,-0.03852801561664835,0.1668210706771292
Chen2020_DFN_fine_DC03_AC07_5p0tauSet,2.5986191701844525,5936.22781898157,0.5165400645826371,0.5315660499138314,0.6385751000282751,0.46931218331273683,0.526837782768823,0.4839459206706248,953.5587428748487,1023.8769019089738,-0.0885111324939956,0.01070354667419359,-1.4432048912748965,1.6340234936572537,298.15,0.0,0.015025985331194232,-0.04289186209819815,0.16926291671553825
Chen2020_DFN_fine_DC03_AC07_5p0tauSet,2.6385961563541933,5965.502642180341,0.5234000323013043,0.5390941438366602,0.6469131266321504,0.4752036561561636,0.5222597029434255,0.47571311859543075,951.6694580745839,1074.3246151029232,-0.09049372242622757,0.0109183614988558,-1.4789094418233297,1.6744488516777063,298.15,0.0,0.015694111535355965,-0.04654658434799468,0.17170947047598675
Chen2020_DFN_fine_DC03_AC07_5p0tauSet,2.6785731425239345,5994.337604110241,0.5302599235489168,0.5463398741666043,0.6550887155465944,0.48098432419053627,0.5176816741518826,0.46816653747639964,950.5375560540784,1106.3718046027227,-0.09135750334457571,0.010959932367946991,-1.4879140340687416,1.6846440189527299,298.15,0.0,0.01607995061768752,-0.04951513667548292,0.1741043913560581
Chen2020_DFN_fine_DC03_AC07_5p0tauSet,2.7185501286936753,6023.253108741673,0.5371197307716353,0.5533053194217364,0.6630139208839877,0.4866968212680589,0.5131037014353363,0.4613166198792235,950.1436354725429,1119.6479583140501,-0.0911061737798873,0.010831456473732395,-1.470625228944737,1.6650693113546189,298.15,0.0,0.0161855886501012,-0.05178708155611279,0.17631709961592879
Chen2020_DFN_fine_DC03_AC07_5p0tauSet,2.758527114863416,6052.783299194513,0.5439794519253683,0.5599794006981327,0.6705432547205438,0.49237533844374853,0.508525786157936,0.4552068219706289,950.5100009295099,1113.0127141484488,-0.08965769180499925,0.01052611004848379,-1.426218748199648,1.614791465671289,298.15,0.0,0.015999948772764356,-0.05331896418730703,0.1781679162767952
Chen2020_DFN_fine_DC03_AC07_5p0tauSet,2.798504101033157,6083.564737526268,0.5508390748036833,0.5663355879372113,0.6774943985306112,0.498043243661854,0.5039479364657871,0.4499219365763432,951.7105654630335,1084.42038939997,-0.08682370818450484,0.010025685941783045,-1.3524622812012923,1.5312830167407163,298.15,0.0,0.01549651313352793,-0.05402599988944381,0.1794511548687572
Chen2020_DFN_fine_DC03_AC07_5p0tauSet,2.8384810872028976,6116.490734812382,0.5576986281859732,0.5723223011212691,0.6836516584446078,0.5037061432908533,0.4993701331526254,0.44561656999336313,953.9042356811193,1030.2722693294327,-0.08223384988685932,0.009293979327140206,-1.2448680036503559,1.4094627705074558,298.15,0.0,0.014623672935296067,-0.05375356315926226,0.17994551515375462
Chen2020_DFN_fine_DC03_AC07_5p0tauSet,2.878458073372639,6153.031203706593,0.5645581098724338,0.5778432057411202,0.6887501245198852,0.5093348114203797,0.49479237768651535,0.4425734543032453,957.4044516862128,944.0790977322487,-0.07515994623033413,0.008262600298300359,-1.0949839816038853,1.2397612854061224,298.15,0.0,0.013285095868686394,-0.05221892338327004,0.17941531309950548
Chen2020_DFN_fine_DC03_AC07_5p0tauSet,2.9184350595423796,6196.193408350978,0.5714175359051931,0.5826933898376615,0.6923891060985127,0.5148168279096439,0.49021465936155445,0.44139044365582025,962.8980836298209,812.0508336956847,-0.06395151178101308,0.006784634904616632,-0.8847768976004852,1.001760904539046,298.15,0.0,0.011275853932468497,-0.04882421570573417,0.17757227818886873
Chen2020_DFN_fine_DC03_AC07_5p0tauSet,2.9584120457121204,6255.31047142201,0.5782768592977503,0.5862495378479925,0.693539544834519,0.5197457827197015,0.4856370095347346,0.4438915643914265,972.4961901231404,591.649226986343,-0.043317462615465534,0.0044090315793384625,-0.5594787223413287,0.6334522054987988,298.15,0.0,0.007972678550242208,-0.04174544514330808,0.17379376211481737
Chen2020_DFN_fine_DC03_AC07_5p0tauSet,2.998389031881861,7018.314684779815,0.5851397051491811,0.5980570844486285,0.6651178630559039,0.5454381957332333,0.4810570089537242,0.4470670548408254,957.8506107500374,916.1937806113401,-0.08305048835302059,0.00977865850270391,-1.2948870501037075,1.466095267756169,298.15,0.0,0.012917379299447421,-0.03398995411289884,0.11967966732267062
Chen2020_DFN_fine_DC03_AC07_5p0tauSet,3.0383660180516023,7050.199582981737,0.5919998099498014,0.6061791859643719,0.6761941650956933,0.5533289046597811,0.47647883764507987,0.43744116617631357,954.5625188960107,1002.0815742293255,-0.0875654259052031,0.010398330161853177,-1.387447056378039,1.5708934331035231,298.15,0.0,0.014179376014570552,-0.03903767146876625,0.12286526043591214
Chen2020_DFN_fine_DC03_AC07_5p0tauSet,3.078343004221343,7080.362489510497,0.5988598442622575,0.6139722466498342,0.6875241867869007,0.5609427043080009,0.4719007133775366,0.4285786881723701,952.2997488595647,1064.8593573530814,-0.09054402996677637,0.010807062458889495,-1.4484003962868934,1.6399059413241623,298.15,0.0,0.015112402387576714,-0.04332202520516651,0.1265814824788999
Chen2020_DFN_fine_DC03_AC07_5p0tauSet,3.118319990391084,7109.563442485134,0.6057198108665984,0.6214692809387283,0.698907958743151,0.5683229452442541,0.4673226342957981,0.42042063479834707,950.8997995539438,1106.6683218259714,-0.0922445817230692,0.011031437087466274,-1.4811574134060026,1.6769940470221385,298.15,0.0,0.015749470072129904,-0.04690199949745107,0.13058501349889698
Chen2020_DFN_fine_DC03_AC07_5p0tauSet,3.1582969765608246,7138.382476214789,0.6125797058203996,0.6286847102568975,0.7101356974262358,0.5754807008357221,0.46274460303088594,0.4129486610565766,950.2711289588398,1128.4370626839614,-0.09279411877488472,0.011082602353174594,-1.4873076759023909,1.6839565158649494,298.15,0.0,0.01610500443649797,-0.04979594197430931,0.13465499659051375
Chen2020_DFN_fine_DC03_AC07_5p0tauSet,3.198273962730566,7167.337861272677,0.6194395602389199,0.6356194175111464,0.7210012949943249,0.5823993843855417,0.4581665988176691,0.40617613934033137,950.374717057232,1130.268573786494,-0.09222685121211946,0.010960800694983147,-1.4671402117412973,1.6611215322337278,298.15,0.0,0.016179857272226452,-0.05199045947733771,0.13860191060878313
Chen2020_DFN_fine_DC03_AC07_5p0tauSet,3.2382509489003066,7196.969276240983,0.6262993412808312,0.6422609096262026,0.731302795148935,0.5890430480649018,0.453588643573191,0.40015017887481596,951.2203608080283,1111.5210102725273,-0.09048682512497905,0.010656061040073096,-1.4197067321694261,1.6074184513099063,298.15,0.0,0.015961568345371432,-0.053438464698375064,0.1422597470840333
Chen2020_DFN_fine_DC03_AC07_5p0tauSet,3.2782279350700474,7227.93464900505,0.6331589537046115,0.6485797881002705,0.7408332307847145,0.5953698882927195,0.4490108008579994,0.3949632305915589,952.8750835397159,1070.6394067174456,-0.08740032709149059,0.01014576640083306,-1.3425221757741022,1.5200286454352252,298.15,0.0,0.015420834395658998,-0.05404757026644044,0.14546334249199505
Chen2020_DFN_fine_DC03_AC07_5p0tauSet,3.318204921239788,7261.166765220129,0.6400184712415424,0.6545216587557976,0.7493671810464698,0.6013442100731433,0.44443302146665714,0.39077809572341515,955.4893822681535,1004.6385774104987,-0.08260252195318518,0.009388701748991299,-1.2308437261586478,1.3935842219800358,298.15,0.0,0.014503187514255209,-0.053654925743241974,0.14802297097332642
Chen2020_DFN_fine_DC03_AC07_5p0tauSet,3.3581819074095294,7298.233224117422,0.6468779225908928,0.6599829778480585,0.7566275270123212,0.6069283938660065,0.439855286246373,0.38789833602328805,959.3761680127449,907.473719169822,-0.07533001677680105,0.008307630500741845,-1.075577772843398,1.2177892143476283,298.15,0.0,0.013105055257165741,-0.0519569502230849,0.14969913314631467
