reference_protocol,protocol,Q_net_Ah,t_ref_min,t_protocol_min,Delta_t_Q_min
0.3C dc.csv,0.3+0.7 0.1tau.csv,0.0,0.0,0.0,0.0
0.3C dc.csv,0.3+0.7 0.1tau.csv,0.0016304772681218352,0.0959256241112931,0.038518077711926044,0.05740754639936706
0.3C dc.csv,0.3+0.7 0.1tau.csv,0.0032609545362436705,0.19185101380564715,0.14698889901878898,0.04486211478685817
0.3C dc.csv,0.3+0.7 0.1tau.csv,0.0048914318043655055,0.2877763537413082,0.25651330452044674,0.03126304922086148
0.3C dc.csv,0.3+0.7 0.1tau.csv,0.006521909072487341,0.38370165318179383,0.36607692170197353,0.0176247314798203
0.3C dc.csv,0.3+0.7 0.1tau.csv,0.008152386340609176,0.4796272099249724,0.40750423408371456,0.07212297584125782
0.3C dc.csv,0.3+0.7 0.1tau.csv,0.009782863608731011,0.5755523533897643,0.5090273978498339,0.06652495553993043
0.3C dc.csv,0.3+0.7 0.1tau.csv,0.011413340876852847,0.67147768297543,0.616682997741814,0.05479468523361597
0.3C dc.csv,0.3+0.7 0.1tau.csv,0.013043818144974682,0.7674029546406452,0.7258882753485723,0.041514679292072976
0.3C dc.csv,0.3+0.7 0.1tau.csv,0.014674295413096517,0.8633282751651388,0.8354932014601868,0.027835073704951974
0.3C dc.csv,0.3+0.7 0.1tau.csv,0.01630477268121835,0.9592532395867416,0.9441405798939669,0.015112659692774644
0.3C dc.csv,0.3+0.7 0.1tau.csv,0.017935249949340187,1.055178600374253,0.9805411890854285,0.0746374112888244
0.3C dc.csv,0.3+0.7 0.1tau.csv,0.019565727217462022,1.151104007896355,1.0874240209542814,0.06367998694207366
0.3C dc.csv,0.3+0.7 0.1tau.csv,0.021196204485583858,1.2470290385889766,1.195289056083525,0.05173998250545164
0.3C dc.csv,0.3+0.7 0.1tau.csv,0.022826681753705693,1.3429544897737673,1.3048662347226505,0.03808825505111679
0.3C dc.csv,0.3+0.7 0.1tau.csv,0.02445715902182753,1.4388803904445973,1.4142965261018228,0.024583864342774486
0.3C dc.csv,0.3+0.7 0.1tau.csv,0.026087636289949364,1.5348057042793184,1.522590321508316,0.012215382771002314
0.3C dc.csv,0.3+0.7 0.1tau.csv,0.0277181135580712,1.6307309719367418,1.559425482111693,0.0713054898250487
0.3C dc.csv,0.3+0.7 0.1tau.csv,0.029348590826193035,1.7266562005166992,1.664866053852953,0.06179014666374627
0.3C dc.csv,0.3+0.7 0.1tau.csv,0.03097906809431487,1.8225816240323216,1.7743575016078472,0.04822412242447438
0.3C dc.csv,0.3+0.7 0.1tau.csv,0.0326095453624367,1.9185069749089796,1.883713952749668,0.03479302215931157
0.3C dc.csv,0.3+0.7 0.1tau.csv,0.03424002263055854,2.014432072763045,1.992613544045143,0.02181852871790224
0.3C dc.csv,0.3+0.7 0.1tau.csv,0.03587049989868037,2.1103570470720143,2.101559176435665,0.008797870636349181
0.3C dc.csv,0.3+0.7 0.1tau.csv,0.03750097716680221,2.206281773282692,2.137199370318418,0.06908240296427381
0.3C dc.csv,0.3+0.7 0.1tau.csv,0.039131454434924044,2.3022067122474903,2.244007194997488,0.0581995172500025
0.3C dc.csv,0.3+0.7 0.1tau.csv,0.04076193170304588,2.3981314275384915,2.3531837480675346,0.0449476794709569
0.3C dc.csv,0.3+0.7 0.1tau.csv,0.042392408971167715,2.4940560984906313,2.462245538135525,0.03181056035510643
0.3C dc.csv,0.3+0.7 0.1tau.csv,0.04402288623928955,2.5899804392750894,2.5714400374399586,0.018540401835130726
0.3C dc.csv,0.3+0.7 0.1tau.csv,0.045653363507411386,2.685904878697256,2.612226587021194,0.0736782916760621
0.3C dc.csv,0.3+0.7 0.1tau.csv,0.04728384077553322,2.7818291053964614,2.7139723308966017,0.06785677449985972
0.3C dc.csv,0.3+0.7 0.1tau.csv,0.04891431804365506,2.8777533155392714,2.822881914926654,0.054871400612617194
0.3C dc.csv,0.3+0.7 0.1tau.csv,0.05054479531177689,2.9736778175341376,2.931589526966495,0.04208829056764252
0.3C dc.csv,0.3+0.7 0.1tau.csv,0.05217527257989873,3.069602044411338,3.0409581694550907,0.028643874956247206
0.3C dc.csv,0.3+0.7 0.1tau.csv,0.05380574984802056,3.1655261623060706,3.1504077000199455,0.015118462286125123
0.3C dc.csv,0.3+0.7 0.1tau.csv,0.0554362271161424,3.261450061007246,3.189009564778517,0.07244049622872906
0.3C dc.csv,0.3+0.7 0.1tau.csv,0.057066704384264234,3.357374280999005,3.292985226225186,0.06438905477381907
0.3C dc.csv,0.3+0.7 0.1tau.csv,0.05869718165238607,3.4532981183023894,3.4012871919616976,0.05201092634069182
0.3C dc.csv,0.3+0.7 0.1tau.csv,0.060327658920507905,3.549221664695469,3.5103166890495454,0.038904975645923656
0.3C dc.csv,0.3+0.7 0.1tau.csv,0.06195813618862974,3.6451450108228007,3.619872799549341,0.0252722112734598
0.3C dc.csv,0.3+0.7 0.1tau.csv,0.06358861345675157,3.7410685960915404,3.7285446058855443,0.01252399020599615
0.3C dc.csv,0.3+0.7 0.1tau.csv,0.0652190907248734,3.8369923376588386,3.7638517091281507,0.07314062853068792
0.3C dc.csv,0.3+0.7 0.1tau.csv,0.06684956799299524,3.9329158093238785,3.8716247505885097,0.061291058735368775
0.3C dc.csv,0.3+0.7 0.1tau.csv,0.06848004526111708,4.028838534616933,3.9796717988564527,0.049166735760480584
0.3C dc.csv,0.3+0.7 0.1tau.csv,0.07011052252923891,4.124762199705976,4.089275665684728,0.03548653402124824
0.3C dc.csv,0.3+0.7 0.1tau.csv,0.07174099979736075,4.220685842019147,4.198876079406819,0.021809762612328143
0.3C dc.csv,0.3+0.7 0.1tau.csv,0.07337147706548258,4.316609125433962,4.3066652959795,0.009943829454461373
0.3C dc.csv,0.3+0.7 0.1tau.csv,0.07500195433360442,4.412532074821022,4.342834250209223,0.06969782461179896
0.3C dc.csv,0.3+0.7 0.1tau.csv,0.07663243160172625,4.508455310706039,4.449416224704337,0.059039086001702046
0.3C dc.csv,0.3+0.7 0.1tau.csv,0.07826290886984809,4.604378086502518,4.558652671774396,0.04572541472812208
0.3C dc.csv,0.3+0.7 0.1tau.csv,0.07989338613796992,4.700300881283327,4.668205225800392,0.03209565548293458
0.3C dc.csv,0.3+0.7 0.1tau.csv,0.08152386340609176,4.796223507274046,4.7770047104810445,0.019218796793001758
0.3C dc.csv,0.3+0.7 0.1tau.csv,0.0831543406742136,4.892145994653396,4.82383217740686,0.06831381724653607
0.3C dc.csv,0.3+0.7 0.1tau.csv,0.08478481794233543,4.9880689814872365,4.920991836939278,0.06707714454795877
0.3C dc.csv,0.3+0.7 0.1tau.csv,0.08641529521045727,5.083991465582321,5.028173670528083,0.05581779505423867
0.3C dc.csv,0.3+0.7 0.1tau.csv,0.0880457724785791,5.179913674689272,5.137601095708782,0.04231257898049012
0.3C dc.csv,0.3+0.7 0.1tau.csv,0.08967624974670094,5.275835872271293,5.246793300227416,0.029042572043877612
0.3C dc.csv,0.3+0.7 0.1tau.csv,0.09130672701482277,5.37175825428513,5.355684061615947,0.01607419266918253
0.3C dc.csv,0.3+0.7 0.1tau.csv,0.09293720428294461,5.467680454178583,5.394395391722912,0.07328506245567112
0.3C dc.csv,0.3+0.7 0.1tau.csv,0.09456768155106644,5.563603180525652,5.497921262238761,0.06568191828689063
0.3C dc.csv,0.3+0.7 0.1tau.csv,0.09619815881918828,5.659525258670516,5.6071415713762125,0.052383687294303094
0.3C dc.csv,0.3+0.7 0.1tau.csv,0.09782863608731011,5.755447297477584,5.716266509035233,0.0391807884423514
0.3C dc.csv,0.3+0.7 0.1tau.csv,0.09945911335543195,5.851369416258523,5.825397765223758,0.025971651034764953
0.3C dc.csv,0.3+0.7 0.1tau.csv,0.10108959062355378,5.9472909459113845,5.934713620938808,0.012577324972576243
0.3C dc.csv,0.3+0.7 0.1tau.csv,0.10272006789167562,6.0432122461377835,5.971913145201147,0.0712991009366366
0.3C dc.csv,0.3+0.7 0.1tau.csv,0.10435054515979746,6.13913392215001,6.077114003722282,0.062019918427727916
0.3C dc.csv,0.3+0.7 0.1tau.csv,0.10598102242791929,6.235055428534178,6.185892885410841,0.04916254312333734
0.3C dc.csv,0.3+0.7 0.1tau.csv,0.10761149969604113,6.3309768616668425,6.294860964943069,0.03611589672377313
0.3C dc.csv,0.3+0.7 0.1tau.csv,0.10924197696416296,6.426898598707468,6.404297187558003,0.022601411149465456
0.3C dc.csv,0.3+0.7 0.1tau.csv,0.1108724542322848,6.522820483997338,6.5131292477993386,0.009691236197999054
0.3C dc.csv,0.3+0.7 0.1tau.csv,0.11250293150040663,6.618741955144343,6.547513158402996,0.07122879674134719
0.3C dc.csv,0.3+0.7 0.1tau.csv,0.11413340876852847,6.714664054038984,6.655914125300623,0.0587499287383606
0.3C dc.csv,0.3+0.7 0.1tau.csv,0.1157638860366503,6.810586073116706,6.7641851486228175,0.04640092449388877
0.3C dc.csv,0.3+0.7 0.1tau.csv,0.11739436330477214,6.906508130073069,6.873733034177285,0.032775095895784645
0.3C dc.csv,0.3+0.7 0.1tau.csv,0.11902484057289398,7.002429982061985,6.983325349389596,0.01910463267238871
0.3C dc.csv,0.3+0.7 0.1tau.csv,0.12065531784101581,7.098351290128561,7.028431230926765,0.06992005920179611
0.3C dc.csv,0.3+0.7 0.1tau.csv,0.12228579510913765,7.194272825266028,7.126566473093727,0.06770635217230048
0.3C dc.csv,0.3+0.7 0.1tau.csv,0.12391627237725948,7.290194042435075,7.234065349198692,0.056128693236382254
0.3C dc.csv,0.3+0.7 0.1tau.csv,0.12554674964538132,7.386114765756035,7.343067997173539,0.04304676858249579
0.3C dc.csv,0.3+0.7 0.1tau.csv,0.12717722691350314,7.482035450264733,7.452673152526231,0.029362297738502185
0.3C dc.csv,0.3+0.7 0.1tau.csv,0.128807704181625,7.5779561693556765,7.561481813600243,0.016474355755433656
0.3C dc.csv,0.3+0.7 0.1tau.csv,0.1304381814497468,7.673876960064562,7.59824142329005,0.07563553677451207
0.3C dc.csv,0.3+0.7 0.1tau.csv,0.13206865871786866,7.7697981958468025,7.704987289930531,0.06481090591627137
0.3C dc.csv,0.3+0.7 0.1tau.csv,0.13369913598599048,7.865719740491275,7.812459453545253,0.05326028694602147
0.3C dc.csv,0.3+0.7 0.1tau.csv,0.13532961325411233,7.961641297985558,7.922018314446616,0.039622983538942336
0.3C dc.csv,0.3+0.7 0.1tau.csv,0.13696009052223415,8.05756272312591,8.03145325072053,0.02610947240538053
0.3C dc.csv,0.3+0.7 0.1tau.csv,0.138590567790356,8.15348357598701,8.139857801260357,0.013625774726653717
0.3C dc.csv,0.3+0.7 0.1tau.csv,0.14022104505847782,8.249404286769582,8.17718645509933,0.07221783167025286
0.3C dc.csv,0.3+0.7 0.1tau.csv,0.14185152232659967,8.345324440544688,8.282233028256483,0.06309141228820536
0.3C dc.csv,0.3+0.7 0.1tau.csv,0.1434819995947215,8.44124483345618,8.39144947745202,0.049795356004159075
0.3C dc.csv,0.3+0.7 0.1tau.csv,0.14511247686284334,8.537165502755292,8.500817856862103,0.03634764589318884
0.3C dc.csv,0.3+0.7 0.1tau.csv,0.14674295413096516,8.633086115393555,8.609778043426875,0.023308071966679833
0.3C dc.csv,0.3+0.7 0.1tau.csv,0.148373431399087,8.729006840059675,8.718735003324214,0.010271836735460838
0.3C dc.csv,0.3+0.7 0.1tau.csv,0.15000390866720884,8.824927540668895,8.75497767735967,0.06994986330922437
0.3C dc.csv,0.3+0.7 0.1tau.csv,0.15163438593533068,8.92084804876562,8.861111575886778,0.05973647287884276
0.3C dc.csv,0.3+0.7 0.1tau.csv,0.1532648632034525,9.016768270693431,8.970225945284971,0.04654232540845982
0.3C dc.csv,0.3+0.7 0.1tau.csv,0.15489534047157436,9.112688230887048,9.079271258811174,0.033416972075874796
0.3C dc.csv,0.3+0.7 0.1tau.csv,0.15652581773969618,9.208608756632543,9.18848773616966,0.020121020462882555
0.3C dc.csv,0.3+0.7 0.1tau.csv,0.15815629500781803,9.304529062168687,9.23054180212634,0.07398726004234746
0.3C dc.csv,0.3+0.7 0.1tau.csv,0.15978677227593985,9.40044973148966,9.331124945125197,0.06932478636446326
0.3C dc.csv,0.3+0.7 0.1tau.csv,0.1614172495440617,9.496370279342578,9.439980378810226,0.056389900532352044
0.3C dc.csv,0.3+0.7 0.1tau.csv,0.16304772681218352,9.592291138714051,9.548605475130346,0.04368566358370529
0.3C dc.csv,0.3+0.7 0.1tau.csv,0.16467820408030537,9.688212050230007,9.657995277469428,0.030216772760578436
0.3C dc.csv,0.3+0.7 0.1tau.csv,0.1663086813484272,9.78413309975122,9.767496855439813,0.016636244311406756
0.3C dc.csv,0.3+0.7 0.1tau.csv,0.16793915861654904,9.880053750766637,9.807874065551795,0.07217968521484153
0.3C dc.csv,0.3+0.7 0.1tau.csv,0.16956963588467086,9.975973741531856,9.910222745647589,0.06575099588426703
0.3C dc.csv,0.3+0.7 0.1tau.csv,0.1712001131527927,10.071893961418779,10.018414571310899,0.05347939010787961
0.3C dc.csv,0.3+0.7 0.1tau.csv,0.17283059042091453,10.167813832849086,10.127343654361958,0.040470178487128194
0.3C dc.csv,0.3+0.7 0.1tau.csv,0.17446106768903638,10.263734225332314,10.236929490675898,0.026804734656415974
0.3C dc.csv,0.3+0.7 0.1tau.csv,0.1760915449571582,10.359654934011461,10.345776178420644,0.013878755590816638
0.3C dc.csv,0.3+0.7 0.1tau.csv,0.17772202222528005,10.455575429766169,10.381227016170335,0.07434841359583366
0.3C dc.csv,0.3+0.7 0.1tau.csv,0.17935249949340187,10.551495424229266,10.488849703443426,0.06264572078583974
0.3C dc.csv,0.3+0.7 0.1tau.csv,0.18098297676152372,10.647415745024723,10.596660949002775,0.05075479602194832
0.3C dc.csv,0.3+0.7 0.1tau.csv,0.18261345402964554,10.743335833694463,10.706271163955098,0.037064669739365286
0.3C dc.csv,0.3+0.7 0.1tau.csv,0.1842439312977674,10.839256128498386,10.815825311847096,0.023430816651289987
0.3C dc.csv,0.3+0.7 0.1tau.csv,0.18587440856588922,10.935176317220067,10.923839597060258,0.011336720159809133
0.3C dc.csv,0.3+0.7 0.1tau.csv,0.18750488583401106,11.031096836205041,10.96022654103242,0.07087029517262167
0.3C dc.csv,0.3+0.7 0.1tau.csv,0.1891353631021329,11.127017424209681,11.066584575721965,0.06043284848771613
0.3C dc.csv,0.3+0.7 0.1tau.csv,0.19076584037025474,11.222937874279959,11.17562114949654,0.04731672478341942
0.3C dc.csv,0.3+0.7 0.1tau.csv,0.19239631763837656,11.318858203722602,11.285153617088847,0.033704586633755085
0.3C dc.csv,0.3+0.7 0.1tau.csv,0.1940267949064984,11.414778741605838,11.394058452764957,0.02072028884088084
0.3C dc.csv,0.3+0.7 0.1tau.csv,0.19565727217462023,11.510699082315583,11.502615497674578,0.008083584641005004
0.3C dc.csv,0.3+0.7 0.1tau.csv,0.19728774944274208,11.606619565174078,11.53838000412784,0.06823956104623896
0.3C dc.csv,0.3+0.7 0.1tau.csv,0.1989182267108639,11.70253971416546,11.645149019016586,0.05739069514887518
0.3C dc.csv,0.3+0.7 0.1tau.csv,0.20054870397898575,11.79845985355009,11.75453481641458,0.043925037135510436
0.3C dc.csv,0.3+0.7 0.1tau.csv,0.20217918124710757,11.894380192143377,11.863728227790867,0.03065196435250961
0.3C dc.csv,0.3+0.7 0.1tau.csv,0.20380965851522942,11.99030057891551,11.972692564181745,0.017608014733765387
0.3C dc.csv,0.3+0.7 0.1tau.csv,0.20544013578335124,12.086221222883909,12.012176083804889,0.07404513907902022
0.3C dc.csv,0.3+0.7 0.1tau.csv,0.2070706130514731,12.182141896247256,12.114983885473418,0.06715801077383787
0.3C dc.csv,0.3+0.7 0.1tau.csv,0.2087010903195949,12.278062491337604,12.224143776294772,0.05391871504283152
0.3C dc.csv,0.3+0.7 0.1tau.csv,0.21033156758771673,12.373983238009096,12.333161584474942,0.04082165353415412
0.3C dc.csv,0.3+0.7 0.1tau.csv,0.21196204485583858,12.469903731609934,12.442291210897938,0.027612520711995714
0.3C dc.csv,0.3+0.7 0.1tau.csv,0.2135925221239604,12.565824340894062,12.55158824040163,0.014236100492432513
0.3C dc.csv,0.3+0.7 0.1tau.csv,0.21522299939208225,12.66174524955998,12.58956858819728,0.0721766613627004
0.3C dc.csv,0.3+0.7 0.1tau.csv,0.21685347666020408,12.757665828290072,12.694024199726659,0.06364162856341338
0.3C dc.csv,0.3+0.7 0.1tau.csv,0.21848395392832592,12.853586208957415,12.802728696332839,0.05085751262457627
0.3C dc.csv,0.3+0.7 0.1tau.csv,0.22011443119644775,12.949506767245992,12.911668378771653,0.037838388474339624
0.3C dc.csv,0.3+0.7 0.1tau.csv,0.2217449084645696,13.045427181009288,13.021154572157771,0.02427260885151661
0.3C dc.csv,0.3+0.7 0.1tau.csv,0.22337538573269142,13.141347789614821,13.13013335555271,0.011214434062111422
0.3C dc.csv,0.3+0.7 0.1tau.csv,0.22500586300081327,13.237267810456903,13.164555133681654,0.0727126767752484
0.3C dc.csv,0.3+0.7 0.1tau.csv,0.2266363402689351,13.33318843184976,13.272834651790198,0.060353780059561046
0.3C dc.csv,0.3+0.7 0.1tau.csv,0.22826681753705694,13.429109170703148,13.380977682054697,0.04813148864845118
0.3C dc.csv,0.3+0.7 0.1tau.csv,0.22989729480517876,13.525030208315767,13.490556926056893,0.03447328225887425
0.3C dc.csv,0.3+0.7 0.1tau.csv,0.2315277720733006,13.620950996691509,13.60012775004941,0.02082324664209878
0.3C dc.csv,0.3+0.7 0.1tau.csv,0.23315824934142243,13.716871756555102,13.647953723216611,0.06891803333849111
0.3C dc.csv,0.3+0.7 0.1tau.csv,0.23478872660954428,13.812792288760779,13.743651990102489,0.06914029865829008
0.3C dc.csv,0.3+0.7 0.1tau.csv,0.2364192038776661,13.908713200033898,13.850996049629726,0.057717150404171136
0.3C dc.csv,0.3+0.7 0.1tau.csv,0.23804968114578795,14.00463397308795,13.959897638989,0.044736334098949726
0.3C dc.csv,0.3+0.7 0.1tau.csv,0.23968015841390977,14.10055455800912,14.069457474851053,0.031097083158067917
0.3C dc.csv,0.3+0.7 0.1tau.csv,0.24131063568203162,14.196475515352803,14.178367113936968,0.018108401415835473
0.3C dc.csv,0.3+0.7 0.1tau.csv,0.24294111295015344,14.292395769170975,14.218578377803361,0.0738173913676139
0.3C dc.csv,0.3+0.7 0.1tau.csv,0.2445715902182753,14.38831635744751,14.322030745244973,0.06628561220253637
0.3C dc.csv,0.3+0.7 0.1tau.csv,0.2462020674863971,14.484236489673357,14.429269360566813,0.054967129106543666
0.3C dc.csv,0.3+0.7 0.1tau.csv,0.24783254475451896,14.580156672642234,14.538810304390754,0.04134636825147986
0.3C dc.csv,0.3+0.7 0.1tau.csv,0.24946302202264078,14.676076535932868,14.64825425079065,0.02782228514221785
0.3C dc.csv,0.3+0.7 0.1tau.csv,0.25109349929076263,14.771996833116008,14.756721870247251,0.015274962868756958
0.3C dc.csv,0.3+0.7 0.1tau.csv,0.25272397655888446,14.867917196328266,14.79445582063082,0.07346137569744648
0.3C dc.csv,0.3+0.7 0.1tau.csv,0.2543544538270063,14.963837452989052,14.899176431039756,0.06466102194929668
0.3C dc.csv,0.3+0.7 0.1tau.csv,0.25598493109512815,15.059757871074934,15.008228701426589,0.05152916964834553
0.3C dc.csv,0.3+0.7 0.1tau.csv,0.25761540836325,15.155678582444931,15.117528140161996,0.038150442282935515
0.3C dc.csv,0.3+0.7 0.1tau.csv,0.2592458856313718,15.25159954362514,15.226526323718566,0.02507321990657374
0.3C dc.csv,0.3+0.7 0.1tau.csv,0.2608763628994936,15.347520527725704,15.335571690691898,0.011948837033806115
0.3C dc.csv,0.3+0.7 0.1tau.csv,0.2625068401676155,15.443441031066957,15.372231277925662,0.07120975314129474
0.3C dc.csv,0.3+0.7 0.1tau.csv,0.2641373174357373,15.539361401764909,15.477981824200622,0.06137957756428669
0.3C dc.csv,0.3+0.7 0.1tau.csv,0.26576779470385914,15.635282179526484,15.587046651294704,0.04823552823178012
0.3C dc.csv,0.3+0.7 0.1tau.csv,0.26739827197198096,15.731202399585126,15.696086720908703,0.035115678676422846
0.3C dc.csv,0.3+0.7 0.1tau.csv,0.26902874924010284,15.827122674774209,15.805396727524993,0.02172594724921595
0.3C dc.csv,0.3+0.7 0.1tau.csv,0.27065922650822466,15.923043429009171,15.914598420395214,0.008445008613957583
0.3C dc.csv,0.3+0.7 0.1tau.csv,0.2722897037763465,16.018964339096335,15.948157395077667,0.07080694401866872
0.3C dc.csv,0.3+0.7 0.1tau.csv,0.2739201810444683,16.114885080542468,16.056942040555423,0.05794303998704464
0.3C dc.csv,0.3+0.7 0.1tau.csv,0.2755506583125902,16.210805663755828,16.165496289516504,0.045309374239323574
0.3C dc.csv,0.3+0.7 0.1tau.csv,0.277181135580712,16.3067264360887,16.274911368871063,0.03181506721763583
0.3C dc.csv,0.3+0.7 0.1tau.csv,0.2788116128488338,16.402647282367443,16.38441581748113,0.018231464886312665
0.3C dc.csv,0.3+0.7 0.1tau.csv,0.28044209011695564,16.498568626775867,16.42647722043922,0.07209140633664646
0.3C dc.csv,0.3+0.7 0.1tau.csv,0.2820725673850775,16.594489360806865,16.52736255716359,0.06712680364327639
0.3C dc.csv,0.3+0.7 0.1tau.csv,0.28370304465319934,16.690409992139955,16.635445544242728,0.054964447897226876
0.3C dc.csv,0.3+0.7 0.1tau.csv,0.28533352192132116,16.78633086341098,16.744287067223734,0.042043796187247295
0.3C dc.csv,0.3+0.7 0.1tau.csv,0.286963999189443,16.88225142612944,16.853857139935542,0.0283942861938975
0.3C dc.csv,0.3+0.7 0.1tau.csv,0.28859447645756486,16.978172067451656,16.962899647804484,0.015272419647171631
0.3C dc.csv,0.3+0.7 0.1tau.csv,0.2902249537256867,17.074092764655067,16.999291857928164,0.0748009067269031
0.3C dc.csv,0.3+0.7 0.1tau.csv,0.2918554309938085,17.17001344547753,17.106032637853758,0.06398080762377134
0.3C dc.csv,0.3+0.7 0.1tau.csv,0.29348590826193033,17.265934074932463,17.21266976781651,0.05326430711595265
0.3C dc.csv,0.3+0.7 0.1tau.csv,0.2951163855300522,17.36185477150035,17.321140832831485,0.040713938668865524
0.3C dc.csv,0.3+0.7 0.1tau.csv,0.296746862798174,17.45777514198695,17.430306509118314,0.027468632868636433
0.3C dc.csv,0.3+0.7 0.1tau.csv,0.29837734006629585,17.553695368889628,17.53744410290655,0.016251265983076024
0.3C dc.csv,0.3+0.7 0.1tau.csv,0.30000781733441767,17.64961560390759,17.57370434905247,0.07591125485512151
0.3C dc.csv,0.3+0.7 0.1tau.csv,0.30163829460253955,17.74553619194693,17.67985226494963,0.06568392699729841
0.3C dc.csv,0.3+0.7 0.1tau.csv,0.30326877187066137,17.841456521920858,17.78939548448327,0.052061037437589164
0.3C dc.csv,0.3+0.7 0.1tau.csv,0.3048992491387832,17.937376544973986,17.898857688762313,0.038518856211673835
0.3C dc.csv,0.3+0.7 0.1tau.csv,0.306529726406905,18.03329670478758,18.007652300513456,0.025644404274125066
0.3C dc.csv,0.3+0.7 0.1tau.csv,0.3081602036750269,18.129217188166734,18.04658247485773,0.08263471330900529
0.3C dc.csv,0.3+0.7 0.1tau.csv,0.3097906809431487,18.225137381308976,18.151448163220877,0.07368921808809858
0.3C dc.csv,0.3+0.7 0.1tau.csv,0.31142115821127053,18.32105732559749,18.258875805342974,0.06218152025451573
0.3C dc.csv,0.3+0.7 0.1tau.csv,0.31305163547939235,18.416977707582245,18.368205125619195,0.04877258196304979
0.3C dc.csv,0.3+0.7 0.1tau.csv,0.3146821127475142,18.512898203994567,18.477310635082855,0.035587568911712
0.3C dc.csv,0.3+0.7 0.1tau.csv,0.31631259001563605,18.60881830057503,18.586324193276877,0.022494107298154375
0.3C dc.csv,0.3+0.7 0.1tau.csv,0.3179430672837579,18.70473847935807,18.625145068776206,0.07959341058186453
0.3C dc.csv,0.3+0.7 0.1tau.csv,0.3195735445518797,18.800658685882517,18.72866458571464,0.07199410016787766
0.3C dc.csv,0.3+0.7 0.1tau.csv,0.3212040218200015,18.89657892491009,18.837816639998188,0.058762284911903606
0.3C dc.csv,0.3+0.7 0.1tau.csv,0.3228344990881234,18.99249946427629,18.94677914537697,0.04572031889932049
0.3C dc.csv,0.3+0.7 0.1tau.csv,0.3244649763562452,19.088420188087184,19.055998626248208,0.03242156183897649
0.3C dc.csv,0.3+0.7 0.1tau.csv,0.32609545362436704,19.184340490895657,19.16536220300458,0.018978287891076917
0.3C dc.csv,0.3+0.7 0.1tau.csv,0.32772593089248886,19.280260816404063,19.20202018929257,0.07824062711149438
0.3C dc.csv,0.3+0.7 0.1tau.csv,0.32935640816061074,19.376181129741582,19.307727791619996,0.06845333812158572
0.3C dc.csv,0.3+0.7 0.1tau.csv,0.33098688542873256,19.47210167709814,19.416345340244092,0.05575633685404924
0.3C dc.csv,0.3+0.7 0.1tau.csv,0.3326173626968544,19.568022525086846,19.525396819807398,0.04262570527944831
0.3C dc.csv,0.3+0.7 0.1tau.csv,0.3342478399649762,19.66394306140313,19.634898793510462,0.029044267892668785
0.3C dc.csv,0.3+0.7 0.1tau.csv,0.3358783172330981,19.759863978534298,19.743283833496978,0.016580145037320193
0.3C dc.csv,0.3+0.7 0.1tau.csv,0.3375087945012199,19.85578429663869,19.778220006028967,0.07756429060972181
0.3C dc.csv,0.3+0.7 0.1tau.csv,0.3391392717693417,19.951704752906135,19.886371346381868,0.06533340652426745
0.3C dc.csv,0.3+0.7 0.1tau.csv,0.34076974903746354,20.047625460850277,19.9947183710582,0.05290708979207537
0.3C dc.csv,0.3+0.7 0.1tau.csv,0.3424002263055854,20.143546091886652,20.104284581400545,0.03926151048610649
0.3C dc.csv,0.3+0.7 0.1tau.csv,0.34403070357370724,20.23946666433549,20.213894296994507,0.02557236734098467
0.3C dc.csv,0.3+0.7 0.1tau.csv,0.34566118084182906,20.335386940906673,20.258931256345218,0.07645568456145568
0.3C dc.csv,0.3+0.7 0.1tau.csv,0.3472916581099509,20.43130709387645,20.357190771332775,0.07411632254367362
0.3C dc.csv,0.3+0.7 0.1tau.csv,0.34892213537807276,20.527227122120852,20.464330812513513,0.06289630960733916
0.3C dc.csv,0.3+0.7 0.1tau.csv,0.3505526126461946,20.623147124417617,20.57366993644071,0.049477187976908255
0.3C dc.csv,0.3+0.7 0.1tau.csv,0.3521830899143164,20.719067693755832,20.68324592008339,0.03582177367244199
0.3C dc.csv,0.3+0.7 0.1tau.csv,0.3538135671824382,20.814987752099913,20.791885656102433,0.02310209599747992
0.3C dc.csv,0.3+0.7 0.1tau.csv,0.3554440444505601,20.910908025425208,20.82908151540454,0.08182651002066876
0.3C dc.csv,0.3+0.7 0.1tau.csv,0.3570745217186819,21.006828637936103,20.935339191847447,0.07148944608865548
0.3C dc.csv,0.3+0.7 0.1tau.csv,0.35870499898680375,21.102749113549418,21.043051122831,0.05969799071841919
0.3C dc.csv,0.3+0.7 0.1tau.csv,0.36033547625492557,21.198669530813362,21.15252188166508,0.04614764914828129
0.3C dc.csv,0.3+0.7 0.1tau.csv,0.36196595352304745,21.294589610228932,21.261789919256145,0.03279969097278723
0.3C dc.csv,0.3+0.7 0.1tau.csv,0.36359643079116927,21.39050984820678,21.370410857561755,0.020098990645024628
0.3C dc.csv,0.3+0.7 0.1tau.csv,0.3652269080592911,21.48643021292295,21.407795203650103,0.07863500927284761
0.3C dc.csv,0.3+0.7 0.1tau.csv,0.3668573853274129,21.582350402887883,21.51262555150195,0.06972485138593143
0.3C dc.csv,0.3+0.7 0.1tau.csv,0.3684878625955348,21.678270898365735,21.621979227353442,0.05629167101229271
0.3C dc.csv,0.3+0.7 0.1tau.csv,0.3701183398636566,21.774191631109982,21.731222022725966,0.04296960838401631
0.3C dc.csv,0.3+0.7 0.1tau.csv,0.37174881713177843,21.870111872697144,21.84017650329646,0.029935369400686085
0.3C dc.csv,0.3+0.7 0.1tau.csv,0.37337929439990025,21.966032065845326,21.949280972892314,0.016751092953011693
0.3C dc.csv,0.3+0.7 0.1tau.csv,0.37500977166802213,22.061952418267637,21.98496711497222,0.07698530329541597
0.3C dc.csv,0.3+0.7 0.1tau.csv,0.37664024893614395,22.157872886108002,22.09162592668421,0.06624695942379333
0.3C dc.csv,0.3+0.7 0.1tau.csv,0.3782707262042658,22.25379341525011,22.200578353629094,0.05321506162101741
0.3C dc.csv,0.3+0.7 0.1tau.csv,0.3799012034723876,22.349714083182093,22.309648981473966,0.040065101708126605
0.3C dc.csv,0.3+0.7 0.1tau.csv,0.38153168074050947,22.445634716779153,22.418994609991092,0.0266401067880615
0.3C dc.csv,0.3+0.7 0.1tau.csv,0.3831621580086313,22.541555646432418,22.461209827340003,0.08034581909241467
0.3C dc.csv,0.3+0.7 0.1tau.csv,0.3847926352767531,22.637476254404884,22.561744617355004,0.07573163704988062
0.3C dc.csv,0.3+0.7 0.1tau.csv,0.38642311254487494,22.73339696626384,22.670378450135928,0.06301851612791154
0.3C dc.csv,0.3+0.7 0.1tau.csv,0.3880535898129968,22.829317820622215,22.77894718609997,0.05037063452224544
0.3C dc.csv,0.3+0.7 0.1tau.csv,0.38968406708111863,22.925238875423805,22.888440215998063,0.036798659425741675
0.3C dc.csv,0.3+0.7 0.1tau.csv,0.39131454434924046,23.021159565458145,22.997965343427122,0.02319422203102306
0.3C dc.csv,0.3+0.7 0.1tau.csv,0.3929450216173623,23.11708027904462,23.03749106150895,0.07958921753567338
0.3C dc.csv,0.3+0.7 0.1tau.csv,0.39457549888548415,23.21300126285125,23.140720779558404,0.07228048329284675
0.3C dc.csv,0.3+0.7 0.1tau.csv,0.396205976153606,23.308922232724193,23.248591376475463,0.06033085624872925
0.3C dc.csv,0.3+0.7 0.1tau.csv,0.3978364534217278,23.404843082539166,23.35775226987243,0.04709081266673465
0.3C dc.csv,0.3+0.7 0.1tau.csv,0.3994669306898496,23.500763771741383,23.467362004950132,0.03340176679125051
0.3C dc.csv,0.3+0.7 0.1tau.csv,0.4010974079579715,23.596684767480287,23.57591792351148,0.02076684396880779
0.3C dc.csv,0.3+0.7 0.1tau.csv,0.4027278852260933,23.69260536003313,23.611842586461762,0.08076277357136874
0.3C dc.csv,0.3+0.7 0.1tau.csv,0.40435836249421514,23.78852613834942,23.719111870806742,0.06941426754267965
0.3C dc.csv,0.3+0.7 0.1tau.csv,0.40598883976233696,23.88444662678343,23.827136977314595,0.05730964946883432
0.3C dc.csv,0.3+0.7 0.1tau.csv,0.40761931703045884,23.980367613043143,23.93671893912556,0.04364867391758409
0.3C dc.csv,0.3+0.7 0.1tau.csv,0.40924979429858066,24.076288738952286,24.046153236125086,0.0301355028271999
0.3C dc.csv,0.3+0.7 0.1tau.csv,0.4108802715667025,24.172209693222765,24.15419913830601,0.018010554916756405
0.3C dc.csv,0.3+0.7 0.1tau.csv,0.4125107488348243,24.26813061312904,24.190624880786935,0.07750573234210378
0.3C dc.csv,0.3+0.7 0.1tau.csv,0.4141412261029462,24.364051315385492,24.296535153183694,0.06751616220179812
0.3C dc.csv,0.3+0.7 0.1tau.csv,0.415771703371068,24.459971817046096,24.406074247880333,0.053897569165762604
0.3C dc.csv,0.3+0.7 0.1tau.csv,0.4174021806391898,24.555892518976854,24.515526825914975,0.040365693061879426
0.3C dc.csv,0.3+0.7 0.1tau.csv,0.41903265790731165,24.65181289959378,24.62435258285423,0.02746031673954974
0.3C dc.csv,0.3+0.7 0.1tau.csv,0.42066313517543347,24.747733367806763,24.733129094931712,0.014604272875050839
0.3C dc.csv,0.3+0.7 0.1tau.csv,0.42229361244355534,24.843653920015814,24.76844900798514,0.07520491203067436
0.3C dc.csv,0.3+0.7 0.1tau.csv,0.42392408971167717,24.939574738423598,24.87563323002381,0.06394150839978963
0.3C dc.csv,0.3+0.7 0.1tau.csv,0.425554566979799,25.035495796276756,24.984917675091083,0.05057812118567284
0.3C dc.csv,0.3+0.7 0.1tau.csv,0.4271850442479208,25.1314172264509,25.094033187773203,0.03738403867769691
0.3C dc.csv,0.3+0.7 0.1tau.csv,0.4288155215160427,25.227337813189347,25.203148230994355,0.024189582194992454
0.3C dc.csv,0.3+0.7 0.1tau.csv,0.4304459987841645,25.323258440194987,25.242655177200067,0.08060326299492004
0.3C dc.csv,0.3+0.7 0.1tau.csv,0.43207647605228633,25.419178776831206,25.345539099105398,0.07363967772580793
0.3C dc.csv,0.3+0.7 0.1tau.csv,0.43370695332040815,25.51509934198244,25.454598281368455,0.06050106061398708
0.3C dc.csv,0.3+0.7 0.1tau.csv,0.43533743058853,25.611019654155232,25.5634766527238,0.047543001431431975
0.3C dc.csv,0.3+0.7 0.1tau.csv,0.43696790785665185,25.706940080304854,25.67279424387261,0.03414583643224489
0.3C dc.csv,0.3+0.7 0.1tau.csv,0.43859838512477367,25.802860073938888,25.782198605042094,0.020661468896793878
0.3C dc.csv,0.3+0.7 0.1tau.csv,0.4402288623928955,25.89878020314116,25.819656571884035,0.07912363125712574
0.3C dc.csv,0.3+0.7 0.1tau.csv,0.44185933966101737,25.99470007952874,25.924646794179353,0.07005328534938826
0.3C dc.csv,0.3+0.7 0.1tau.csv,0.4434898169291392,26.090620620993725,26.03313584296088,0.05748477803284402
0.3C dc.csv,0.3+0.7 0.1tau.csv,0.445120294197261,26.18654080011737,26.142190658144074,0.044350141973296786
0.3C dc.csv,0.3+0.7 0.1tau.csv,0.44675077146538283,26.282460922434968,26.251697935448654,0.03076298698631419
0.3C dc.csv,0.3+0.7 0.1tau.csv,0.4483812487335047,26.37838081990831,26.36023800697356,0.018142812934748065
0.3C dc.csv,0.3+0.7 0.1tau.csv,0.45001172600162653,26.474300798982423,26.39523549145354,0.0790653075288823
0.3C dc.csv,0.3+0.7 0.1tau.csv,0.45164220326974835,26.570220750626085,26.503214289219393,0.06700646140669164
0.3C dc.csv,0.3+0.7 0.1tau.csv,0.4532726805378702,26.66614085728277,26.611419461518114,0.05472139576465551
0.3C dc.csv,0.3+0.7 0.1tau.csv,0.45490315780599205,26.762060680944696,26.721023451016674,0.04103722992802261
0.3C dc.csv,0.3+0.7 0.1tau.csv,0.4565336350741139,26.857979875851402,26.830623581676207,0.027356294175195472
0.3C dc.csv,0.3+0.7 0.1tau.csv,0.4581641123422357,26.953899427739707,26.878607984852223,0.07529144288748313
0.3C dc.csv,0.3+0.7 0.1tau.csv,0.4597945896103575,27.049819320762957,26.974146187342456,0.07567313342050142
0.3C dc.csv,0.3+0.7 0.1tau.csv,0.4614250668784794,27.145739057415746,27.081132805855887,0.06460625155985866
0.3C dc.csv,0.3+0.7 0.1tau.csv,0.4630555441466012,27.24165911481318,27.19038463009608,0.05127448471710139
0.3C dc.csv,0.3+0.7 0.1tau.csv,0.46468602141472304,27.337579760625566,27.299921002585968,0.03765875803959773
0.3C dc.csv,0.3+0.7 0.1tau.csv,0.46631649868284486,27.433500214454515,27.408616347320457,0.02488386713405788
0.3C dc.csv,0.3+0.7 0.1tau.csv,0.46794697595096674,27.529420532449656,27.446177884161205,0.08324264828845074
0.3C dc.csv,0.3+0.7 0.1tau.csv,0.46957745321908856,27.625340932620443,27.552197830930506,0.07314310168993643
0.3C dc.csv,0.3+0.7 0.1tau.csv,0.4712079304872104,27.721261101466272,27.6597588855886,0.06150221587767035
0.3C dc.csv,0.3+0.7 0.1tau.csv,0.4728384077553322,27.817181422392004,27.76922706140706,0.04795436098494221
0.3C dc.csv,0.3+0.7 0.1tau.csv,0.4744688850234541,27.913101649234097,27.878461998995846,0.03463965023825111
0.3C dc.csv,0.3+0.7 0.1tau.csv,0.4760993622915759,28.009021714932615,27.9871598582818,0.021861856650815525
0.3C dc.csv,0.3+0.7 0.1tau.csv,0.4777298395596977,28.104941743572542,28.024917753977288,0.08002398959525436
0.3C dc.csv,0.3+0.7 0.1tau.csv,0.47936031682781954,28.200861734964462,28.12936565792537,0.07149607703909311
0.3C dc.csv,0.3+0.7 0.1tau.csv,0.4809907940959414,28.296781631237458,28.238691632556208,0.05808999868125042
0.3C dc.csv,0.3+0.7 0.1tau.csv,0.48262127136406324,28.392701384466577,28.34790070856598,0.04480067590059633
0.3C dc.csv,0.3+0.7 0.1tau.csv,0.48425174863218506,28.48862142665388,28.456938515070334,0.03168291158354464
0.3C dc.csv,0.3+0.7 0.1tau.csv,0.4858822259003069,28.584541606180093,28.566155448885315,0.01838615729477766
0.3C dc.csv,0.3+0.7 0.1tau.csv,0.48751270316842876,28.68046189196985,28.602326781389518,0.07813511058033029
0.3C dc.csv,0.3+0.7 0.1tau.csv,0.4891431804365506,28.77638181572386,28.708523105912096,0.06785870981176245
0.3C dc.csv,0.3+0.7 0.1tau.csv,0.4907736577046724,28.87230158533543,28.81745162972028,0.05484995561514694
0.3C dc.csv,0.3+0.7 0.1tau.csv,0.4924041349727942,28.968221513685247,28.926462530421134,0.041758983264113425
0.3C dc.csv,0.3+0.7 0.1tau.csv,0.4940346122409161,29.064141516211688,29.035849444680448,0.028292071531240026
0.3C dc.csv,0.3+0.7 0.1tau.csv,0.4956650895090379,29.160060963785835,29.07938778433607,0.08067317944976438
0.3C dc.csv,0.3+0.7 0.1tau.csv,0.49729556677715975,29.255980617008188,29.178750976252438,0.07722964075574978
0.3C dc.csv,0.3+0.7 0.1tau.csv,0.49892604404528157,29.351900477054546,29.287323336437673,0.0645771406168727
0.3C dc.csv,0.3+0.7 0.1tau.csv,0.5005565213134034,29.447819929203526,29.39581520440469,0.052004724798834445
0.3C dc.csv,0.3+0.7 0.1tau.csv,0.5021869985815253,29.543739471124994,29.505319169228002,0.038420301896991305
0.3C dc.csv,0.3+0.7 0.1tau.csv,0.5038174758496471,29.639658684059324,29.614859000253276,0.024799683806048023
0.3C dc.csv,0.3+0.7 0.1tau.csv,0.5054479531177689,29.735578362615943,29.656218839572887,0.07935952304305616
0.3C dc.csv,0.3+0.7 0.1tau.csv,0.5070784303858907,29.831497818733922,29.757744672678317,0.0737531460556049
0.3C dc.csv,0.3+0.7 0.1tau.csv,0.5087089076540126,29.927417526426282,29.86551048845938,0.061907037966904
0.3C dc.csv,0.3+0.7 0.1tau.csv,0.5103393849221345,30.02333745331577,29.97463077503053,0.04870667828523878
0.3C dc.csv,0.3+0.7 0.1tau.csv,0.5119698621902563,30.1192568784202,30.084230556704057,0.03502632171614195
0.3C dc.csv,0.3+0.7 0.1tau.csv,0.5136003394583781,30.215176256528416,30.192926885974877,0.022249370553538483
0.3C dc.csv,0.3+0.7 0.1tau.csv,0.5152308167265,30.311096107220006,30.22908952547985,0.08200658174015629
0.3C dc.csv,0.3+0.7 0.1tau.csv,0.5168612939946218,30.407015436616767,30.33620748109377,0.0708079555229979
0.3C dc.csv,0.3+0.7 0.1tau.csv,0.5184917712627436,30.502935259303573,30.443994389061388,0.05894087024218564
0.3C dc.csv,0.3+0.7 0.1tau.csv,0.5201222485308654,30.598854741965464,30.553536871879743,0.04531787008572152
0.3C dc.csv,0.3+0.7 0.1tau.csv,0.5217527257989872,30.694774347521015,30.663047171672762,0.03172717584825335
0.3C dc.csv,0.3+0.7 0.1tau.csv,0.5233832030671091,30.790694542220628,30.7712015966929,0.019492945527726846
0.3C dc.csv,0.3+0.7 0.1tau.csv,0.525013680335231,30.886614632443738,30.807907581638393,0.07870705080534535
0.3C dc.csv,0.3+0.7 0.1tau.csv,0.5266441576033528,30.98253473191125,30.91351918643556,0.06901554547568978
0.3C dc.csv,0.3+0.7 0.1tau.csv,0.5282746348714746,31.078455063674987,31.02293314681188,0.055521916863106924
0.3C dc.csv,0.3+0.7 0.1tau.csv,0.5299051121395965,31.174375216566172,31.132335363945106,0.04203985262106613
0.3C dc.csv,0.3+0.7 0.1tau.csv,0.5315355894077183,31.270294970913664,31.241212054508985,0.029082916404679082
0.3C dc.csv,0.3+0.7 0.1tau.csv,0.5331660666758401,31.366215148640986,31.35006164118411,0.01615350745687749
0.3C dc.csv,0.3+0.7 0.1tau.csv,0.5347965439439619,31.462134589763128,31.38566603281437,0.07646855694875754
0.3C dc.csv,0.3+0.7 0.1tau.csv,0.5364270212120837,31.558054495889934,31.49252573739323,0.06552875849670414
0.3C dc.csv,0.3+0.7 0.1tau.csv,0.5380574984802057,31.653974047700302,31.601722419908512,0.052251627791790156
0.3C dc.csv,0.3+0.7 0.1tau.csv,0.5396879757483275,31.74989331554714,31.710803513818032,0.039089801729108586
0.3C dc.csv,0.3+0.7 0.1tau.csv,0.5413184530164493,31.845813050011362,31.819918747847723,0.025894302163639082
0.3C dc.csv,0.3+0.7 0.1tau.csv,0.5429489302845711,31.941732482998113,31.86015062628673,0.0815818567113844
0.3C dc.csv,0.3+0.7 0.1tau.csv,0.544579407552693,32.03765233654781,31.962335050513175,0.0753172860346325
0.3C dc.csv,0.3+0.7 0.1tau.csv,0.5462098848208148,32.133572395015726,32.07131194445273,0.06226045056299512
0.3C dc.csv,0.3+0.7 0.1tau.csv,0.5478403620889366,32.22949225940707,32.1800995470797,0.04939271232736786
0.3C dc.csv,0.3+0.7 0.1tau.csv,0.5494708393570584,32.325412474840896,32.28946147324157,0.035951001599322296
0.3C dc.csv,0.3+0.7 0.1tau.csv,0.5511013166251804,32.421332336678134,32.39890856421342,0.0224237724647125
0.3C dc.csv,0.3+0.7 0.1tau.csv,0.5527317938933022,32.517251911376015,32.437076406542474,0.08017550483354086
0.3C dc.csv,0.3+0.7 0.1tau.csv,0.554362271161424,32.6131711180932,32.54145658949354,0.07171452859965655
0.3C dc.csv,0.3+0.7 0.1tau.csv,0.5559927484295458,32.70909101844546,32.64981993260042,0.05927108584504026
0.3C dc.csv,0.3+0.7 0.1tau.csv,0.5576232256976676,32.8050110805515,32.75884404054086,0.0461670400106442
0.3C dc.csv,0.3+0.7 0.1tau.csv,0.5592537029657895,32.90093139588995,32.86837250567473,0.032558890215220515
0.3C dc.csv,0.3+0.7 0.1tau.csv,0.5608841802339113,32.99685150183463,32.97700780532259,0.01984369651203366
0.3C dc.csv,0.3+0.7 0.1tau.csv,0.5625146575020331,33.09277151118786,33.012130129828144,0.08064138135971888
0.3C dc.csv,0.3+0.7 0.1tau.csv,0.564145134770155,33.18869148541552,33.1200102105575,0.06868127485801523
0.3C dc.csv,0.3+0.7 0.1tau.csv,0.5657756120382769,33.28461199284106,33.2281376862538,0.05647430658725483
0.3C dc.csv,0.3+0.7 0.1tau.csv,0.5674060893063987,33.38053304419806,33.33773738362202,0.04279566057604001
0.3C dc.csv,0.3+0.7 0.1tau.csv,0.5690365665745205,33.47645412104719,33.44733325814003,0.029120862907163314
0.3C dc.csv,0.3+0.7 0.1tau.csv,0.5706670438426423,33.572375236848146,33.55505760105559,0.017317635792558406
0.3C dc.csv,0.3+0.7 0.1tau.csv,0.5722975211107642,33.66829638640935,33.59111970747471,0.07717667893464153
0.3C dc.csv,0.3+0.7 0.1tau.csv,0.573927998378886,33.76421703722718,33.69786510808461,0.06635192914257004
0.3C dc.csv,0.3+0.7 0.1tau.csv,0.5755584756470078,33.86013772727627,33.80710024516179,0.05303748211447612
0.3C dc.csv,0.3+0.7 0.1tau.csv,0.5771889529151297,33.956058314866745,33.91666615292303,0.03939216194371653
0.3C dc.csv,0.3+0.7 0.1tau.csv,0.5788194301832515,34.05197908670053,34.02542855590434,0.026550530796185967
0.3C dc.csv,0.3+0.7 0.1tau.csv,0.5804499074513734,34.147899461071646,34.06458512639352,0.08331433467812843
0.3C dc.csv,0.3+0.7 0.1tau.csv,0.5820803847194952,34.243819823952414,34.16922460628234,0.0745952176700726
0.3C dc.csv,0.3+0.7 0.1tau.csv,0.583710861987617,34.33973989396071,34.27652038240256,0.06321951155815242
0.3C dc.csv,0.3+0.7 0.1tau.csv,0.5853413392557388,34.435659651117,34.38593822519723,0.04972142591977047
0.3C dc.csv,0.3+0.7 0.1tau.csv,0.5869718165238607,34.53158022884054,34.49514740562389,0.03643282321664998
0.3C dc.csv,0.3+0.7 0.1tau.csv,0.5886022937919825,34.62750079585222,34.603921990328224,0.023578805523996493
0.3C dc.csv,0.3+0.7 0.1tau.csv,0.5902327710601044,34.7234213380172,34.64211717999533,0.08130415802186519
0.3C dc.csv,0.3+0.7 0.1tau.csv,0.5918632483282262,34.81934188785617,34.74612603176263,0.07321585609354031
0.3C dc.csv,0.3+0.7 0.1tau.csv,0.593493725596348,34.9152620100203,34.8554203140608,0.05984169595949851
0.3C dc.csv,0.3+0.7 0.1tau.csv,0.5951242028644699,35.01118266753568,34.964552306564975,0.04663036097070261
0.3C dc.csv,0.3+0.7 0.1tau.csv,0.5967546801325917,35.10710337572075,35.07362872779984,0.03347464792090449
0.3C dc.csv,0.3+0.7 0.1tau.csv,0.5983851574007135,35.2030241182487,35.18285905929573,0.02016505895296916
0.3C dc.csv,0.3+0.7 0.1tau.csv,0.6000156346688353,35.298944804821105,35.219403861940904,0.0795409428802003
0.3C dc.csv,0.3+0.7 0.1tau.csv,0.6016461119369572,35.39486511626129,35.32521951861786,0.06964559764343647
0.3C dc.csv,0.3+0.7 0.1tau.csv,0.6032765892050791,35.490785392890444,35.434076304782,0.05670908810844111
0.3C dc.csv,0.3+0.7 0.1tau.csv,0.6049070664732009,35.586705513593955,35.54307113514872,0.043634378445233324
0.3C dc.csv,0.3+0.7 0.1tau.csv,0.6065375437413227,35.68262549525144,35.652507393715375,0.03011810153606831
0.3C dc.csv,0.3+0.7 0.1tau.csv,0.6081680210094446,35.77854568376361,35.76121712373499,0.017328560028623485
0.3C dc.csv,0.3+0.7 0.1tau.csv,0.6097984982775664,35.8744657678107,35.79557072067231,0.07889504713838846
0.3C dc.csv,0.3+0.7 0.1tau.csv,0.6114289755456882,35.970385612266426,35.90402584786159,0.0663597644048366
0.3C dc.csv,0.3+0.7 0.1tau.csv,0.61305945281381,36.06630594122622,36.012418391891885,0.05388754933433404
0.3C dc.csv,0.3+0.7 0.1tau.csv,0.6146899300819318,36.162226121771155,36.12194024690925,0.040285874861908155
0.3C dc.csv,0.3+0.7 0.1tau.csv,0.6163204073500538,36.25814671234148,36.23150112397475,0.02664558836672626
0.3C dc.csv,0.3+0.7 0.1tau.csv,0.6179508846181756,36.35406696554479,36.27423994048068,0.07982702506410533
0.3C dc.csv,0.3+0.7 0.1tau.csv,0.6195813618862974,36.449987058954015,36.3745528357554,0.07543422319861293
0.3C dc.csv,0.3+0.7 0.1tau.csv,0.6212118391544192,36.545907493542494,36.482213962947206,0.06369353059528748
0.3C dc.csv,0.3+0.7 0.1tau.csv,0.6228423164225411,36.64182822307137,36.59128588956829,0.05054233350308124
0.3C dc.csv,0.3+0.7 0.1tau.csv,0.6244727936906629,36.737748841442524,36.7008869958419,0.036861845600626
0.3C dc.csv,0.3+0.7 0.1tau.csv,0.6261032709587847,36.833669155176274,36.809643136157604,0.024026019018670297
0.3C dc.csv,0.3+0.7 0.1tau.csv,0.6277337482269065,36.92958901797871,36.84607437742952,0.08351464054918978
0.3C dc.csv,0.3+0.7 0.1tau.csv,0.6293642254950284,37.02550881656783,36.95296942449998,0.07253939206784565
0.3C dc.csv,0.3+0.7 0.1tau.csv,0.6309947027631503,37.12142847975624,37.06066098078922,0.060767498967017275
0.3C dc.csv,0.3+0.7 0.1tau.csv,0.6326251800312721,37.217347758752915,37.20996028420464,0.007387474548274042
0.3C dc.csv,0.3+0.7 0.1tau.csv,0.6342556572993939,37.313267462295435,37.31953174894653,-0.006264286651095574
0.3C dc.csv,0.3+0.7 0.1tau.csv,0.6358861345675157,37.409187088988766,37.42901420437123,-0.01982711538246207
0.3C dc.csv,0.3+0.7 0.1tau.csv,0.6375166118356376,37.505107106172005,37.53779121129905,-0.03268410512704634
0.3C dc.csv,0.3+0.7 0.1tau.csv,0.6391470891037594,37.60102685476996,37.57645638491626,0.024570469853699706
0.3C dc.csv,0.3+0.7 0.1tau.csv,0.6407775663718812,37.6969468761587,37.68161179081254,0.015335085346158905
0.3C dc.csv,0.3+0.7 0.1tau.csv,0.642408043640003,37.792867427173455,37.789080454295224,0.003786972878231154
0.3C dc.csv,0.3+0.7 0.1tau.csv,0.644038520908125,37.88878730633596,37.8984208415038,-0.009633535167836271
0.3C dc.csv,0.3+0.7 0.1tau.csv,0.6456689981762468,37.98470690733165,38.00757970335159,-0.0228727960199393
0.3C dc.csv,0.3+0.7 0.1tau.csv,0.6472994754443686,38.08062682186725,38.11656532701655,-0.03593850514930352
0.3C dc.csv,0.3+0.7 0.1tau.csv,0.6489299527124904,38.17654663658818,38.15526320451652,0.021283432071655284
0.3C dc.csv,0.3+0.7 0.1tau.csv,0.6505604299806123,38.27246621313249,38.25888446325337,0.01358174987912264
0.3C dc.csv,0.3+0.7 0.1tau.csv,0.6521909072487341,38.36838599428689,38.368014940072555,0.00037105421433381025
0.3C dc.csv,0.3+0.7 0.1tau.csv,0.6538213845168559,38.46430558296596,38.477005582109015,-0.01269999914305231
0.3C dc.csv,0.3+0.7 0.1tau.csv,0.6554518617849777,38.560225145156096,38.58620434636231,-0.02597920120621211
0.3C dc.csv,0.3+0.7 0.1tau.csv,0.6570823390530997,38.65614478019161,38.69554124596168,-0.039396465770067834
0.3C dc.csv,0.3+0.7 0.1tau.csv,0.6587128163212215,38.75206410866479,38.73215684764136,0.01990726102342677
0.3C dc.csv,0.3+0.7 0.1tau.csv,0.6603432935893433,38.847983728767964,38.837916432882515,0.010067295885448857
0.3C dc.csv,0.3+0.7 0.1tau.csv,0.6619737708574651,38.94390392346138,38.94654417512883,-0.0026402516674508547
0.3C dc.csv,0.3+0.7 0.1tau.csv,0.6636042481255869,39.0398241861432,39.05558141092186,-0.015757224778660373
0.3C dc.csv,0.3+0.7 0.1tau.csv,0.6652347253937088,39.135744385838436,39.165058407612946,-0.02931402177451048
0.3C dc.csv,0.3+0.7 0.1tau.csv,0.6668652026618306,39.231664661271985,39.27352535313859,-0.041860691866602906
0.3C dc.csv,0.3+0.7 0.1tau.csv,0.6684956799299524,39.327584397163946,39.30834408395892,0.019240313205024506
0.3C dc.csv,0.3+0.7 0.1tau.csv,0.6701261571980743,39.42350448146466,39.41654586245679,0.006958619007868094
0.3C dc.csv,0.3+0.7 0.1tau.csv,0.6717566344661962,39.51942411398447,39.52487794704749,-0.005453833063022273
0.3C dc.csv,0.3+0.7 0.1tau.csv,0.673387111734318,39.615343083295194,39.63445128089361,-0.019108197598413312
0.3C dc.csv,0.3+0.7 0.1tau.csv,0.6750175890024398,39.71126277934724,39.744020456990754,-0.03275767764351656
0.3C dc.csv,0.3+0.7 0.1tau.csv,0.6766480662705616,39.80718247611011,39.78806930376275,0.01911317234736032
0.3C dc.csv,0.3+0.7 0.1tau.csv,0.6782785435386834,39.90310223041148,39.88723541086059,0.015866819550886646
0.3C dc.csv,0.3+0.7 0.1tau.csv,0.6799090208068053,39.999021986955974,39.994485879425945,0.004536107530029199
0.3C dc.csv,0.3+0.7 0.1tau.csv,0.6815394980749271,40.094941911094985,40.10378710085852,-0.008845189763533767
0.3C dc.csv,0.3+0.7 0.1tau.csv,0.683169975343049,40.1908618094531,40.21334643972127,-0.022484630268174044
0.3C dc.csv,0.3+0.7 0.1tau.csv,0.6848004526111708,40.286781558653175,40.32200379537594,-0.03522223672276681
0.3C dc.csv,0.3+0.7 0.1tau.csv,0.6864309298792927,40.382701704728014,40.359002118865874,0.023699585862139827
0.3C dc.csv,0.3+0.7 0.1tau.csv,0.6880614071474145,40.47862164393248,40.46543376177943,0.01318788215304778
0.3C dc.csv,0.3+0.7 0.1tau.csv,0.6896918844155363,40.57454154618378,40.573185871522206,0.0013556746615748239
0.3C dc.csv,0.3+0.7 0.1tau.csv,0.6913223616836581,40.67046122233863,40.68268306136395,-0.012221839025322367
0.3C dc.csv,0.3+0.7 0.1tau.csv,0.69295283895178,40.766380594422216,40.79197674719184,-0.025596152769622904
0.3C dc.csv,0.3+0.7 0.1tau.csv,0.6945833162199018,40.86230034517507,40.90052425222571,-0.03822390705063583
0.3C dc.csv,0.3+0.7 0.1tau.csv,0.6962137934880237,40.95821989308629,40.93776662665223,0.020453266434060424
0.3C dc.csv,0.3+0.7 0.1tau.csv,0.6978442707561455,41.05413940956095,41.042775481455905,0.01136392810504816
0.3C dc.csv,0.3+0.7 0.1tau.csv,0.6994747480242673,41.15005893852065,41.152134125239776,-0.0020751867191250994
0.3C dc.csv,0.3+0.7 0.1tau.csv,0.7011052252923892,41.245978627174644,41.261446431007315,-0.015467803832670768
0.3C dc.csv,0.3+0.7 0.1tau.csv,0.702735702560511,41.34189864742427,41.37039852079757,-0.028499873373299067
0.3C dc.csv,0.3+0.7 0.1tau.csv,0.7043661798286328,41.43781890428402,41.47946831305426,-0.04164940877024037
0.3C dc.csv,0.3+0.7 0.1tau.csv,0.7059966570967546,41.53373888532084,41.515181623370644,0.018557261950192583
0.3C dc.csv,0.3+0.7 0.1tau.csv,0.7076271343648765,41.62965854517701,41.62181855684758,0.00783998832942956
0.3C dc.csv,0.3+0.7 0.1tau.csv,0.7092576116329984,41.72557849100894,41.73085632081573,-0.005277829806793477
0.3C dc.csv,0.3+0.7 0.1tau.csv,0.7108880889011202,41.82149833275059,41.83994582515877,-0.018447492408178334
0.3C dc.csv,0.3+0.7 0.1tau.csv,0.712518566169242,41.917418157207905,41.949241778472064,-0.031823621264159385
0.3C dc.csv,0.3+0.7 0.1tau.csv,0.7141490434373639,42.013338536087296,41.99119573755831,0.02214279852898926
0.3C dc.csv,0.3+0.7 0.1tau.csv,0.7157795207054857,42.10925847588375,42.091962083788125,0.017296392095623503
0.3C dc.csv,0.3+0.7 0.1tau.csv,0.7174099979736075,42.20517832075602,42.200669861952136,0.004508458803883286
0.3C dc.csv,0.3+0.7 0.1tau.csv,0.7190404752417293,42.3010981692307,42.30925532116055,-0.00815715192985067
0.3C dc.csv,0.3+0.7 0.1tau.csv,0.7206709525098511,42.397018303806895,42.41872262417252,-0.021704320365621754
0.3C dc.csv,0.3+0.7 0.1tau.csv,0.7223014297779731,42.492938502904316,42.52827517884299,-0.03533667593867307
0.3C dc.csv,0.3+0.7 0.1tau.csv,0.7239319070460949,42.58885839031917,42.567881712426,0.020976677893166595
0.3C dc.csv,0.3+0.7 0.1tau.csv,0.7255623843142167,42.684778436030044,42.67099664507064,0.013781790959406237
0.3C dc.csv,0.3+0.7 0.1tau.csv,0.7271928615823385,42.78069897538465,42.77898941211825,0.0017095632664023697
0.3C dc.csv,0.3+0.7 0.1tau.csv,0.7288233388504604,42.8766194861387,42.888096769544084,-0.011477283405383787
0.3C dc.csv,0.3+0.7 0.1tau.csv,0.7304538161185822,42.972539842035765,42.99766007138845,-0.025120229352687318
0.3C dc.csv,0.3+0.7 0.1tau.csv,0.732084293386704,43.06845982875962,43.10627939839536,-0.03781956963573663
0.3C dc.csv,0.3+0.7 0.1tau.csv,0.7337147706548258,43.1643799187137,43.142057846677204,0.022322072036494944
0.3C dc.csv,0.3+0.7 0.1tau.csv,0.7353452479229476,43.26029994480864,43.24943967809865,0.01086026670998308
0.3C dc.csv,0.3+0.7 0.1tau.csv,0.7369757251910696,43.35621979771325,43.35742108149784,-0.0012012837845887248
0.3C dc.csv,0.3+0.7 0.1tau.csv,0.7386062024591914,43.45213987417898,43.46698623961723,-0.014846365438245357
0.3C dc.csv,0.3+0.7 0.1tau.csv,0.7402366797273132,43.54805996206059,43.576531272074824,-0.028471310014232643
0.3C dc.csv,0.3+0.7 0.1tau.csv,0.741867156995435,43.643979867257094,43.68450983648664,-0.04052996922954577
0.3C dc.csv,0.3+0.7 0.1tau.csv,0.7434976342635569,43.73990015084551,43.72090483445314,0.018995316392370398
0.3C dc.csv,0.3+0.7 0.1tau.csv,0.7451281115316787,43.83582036040741,43.826945069650144,0.008875290757266896
0.3C dc.csv,0.3+0.7 0.1tau.csv,0.7467585887998005,43.93174046092766,43.936352972490084,-0.004612511562427812
0.3C dc.csv,0.3+0.7 0.1tau.csv,0.7483890660679223,44.027660505167745,44.04582922292937,-0.01816871776162543
0.3C dc.csv,0.3+0.7 0.1tau.csv,0.7500195433360443,44.12358045672906,44.154649730441584,-0.031069273712525103
0.3C dc.csv,0.3+0.7 0.1tau.csv,0.7516500206041661,44.2195008401197,44.263350786893554,-0.04384994677385379
0.3C dc.csv,0.3+0.7 0.1tau.csv,0.7532804978722879,44.315421387604644,44.29874343592354,0.01667795168110331
0.3C dc.csv,0.3+0.7 0.1tau.csv,0.7549109751404097,44.411341704243924,44.4059130702724,0.005428633971526153
0.3C dc.csv,0.3+0.7 0.1tau.csv,0.7565414524085315,44.50726205217481,44.515211895727084,-0.007949843552275127
0.3C dc.csv,0.3+0.7 0.1tau.csv,0.7581719296766534,44.60318227351253,44.624314083072434,-0.021131809559904013
0.3C dc.csv,0.3+0.7 0.1tau.csv,0.7598024069447752,44.69910298095908,44.7333367380545,-0.03423375709541432
0.3C dc.csv,0.3+0.7 0.1tau.csv,0.761432884212897,44.79502383945252,44.77263958820234,0.022384251250180398
0.3C dc.csv,0.3+0.7 0.1tau.csv,0.7630633614810189,44.89094452909416,44.87568898349166,0.015255545602499865
0.3C dc.csv,0.3+0.7 0.1tau.csv,0.7646938387491408,44.986864866563465,44.98477445765583,0.0020904089076339005
0.3C dc.csv,0.3+0.7 0.1tau.csv,0.7663243160172626,45.082785236002785,45.093672377925934,-0.010887141923149102
0.3C dc.csv,0.3+0.7 0.1tau.csv,0.7679547932853844,45.1787059936162,45.20291062616787,-0.02420463255167249
0.3C dc.csv,0.3+0.7 0.1tau.csv,0.7695852705535062,45.274626399596826,45.312307917881455,-0.03768151828462862
0.3C dc.csv,0.3+0.7 0.1tau.csv,0.771215747821628,45.37054664984589,45.349564135120346,0.020982514725545798
0.3C dc.csv,0.3+0.7 0.1tau.csv,0.7728462250897499,45.466466681620844,45.45474447051264,0.011722211108207148
0.3C dc.csv,0.3+0.7 0.1tau.csv,0.7744767023578717,45.562386488458436,45.5633045352111,-0.0009180467526661573
0.3C dc.csv,0.3+0.7 0.1tau.csv,0.7761071796259936,45.658306509736335,45.67234403568463,-0.014037525948296548
0.3C dc.csv,0.3+0.7 0.1tau.csv,0.7777376568941154,45.75422585076516,45.78182906421715,-0.02760321345198946
0.3C dc.csv,0.3+0.7 0.1tau.csv,0.7793681341622373,45.85014608400727,45.89042817592088,-0.04028209191361043
0.3C dc.csv,0.3+0.7 0.1tau.csv,0.7809986114303591,45.946066318937866,45.925305820456714,0.020760498481152467
0.3C dc.csv,0.3+0.7 0.1tau.csv,0.7826290886984809,46.04198685540755,46.03340177592018,0.008585079487367864
0.3C dc.csv,0.3+0.7 0.1tau.csv,0.7842595659666027,46.137907053066584,46.14164072167817,-0.0037336686115878592
0.3C dc.csv,0.3+0.7 0.1tau.csv,0.7858900432347246,46.23382673614086,46.251198524664424,-0.017371788523561804
0.3C dc.csv,0.3+0.7 0.1tau.csv,0.7875205205028464,46.329746345575295,46.36080500619574,-0.031058660620445266
0.3C dc.csv,0.3+0.7 0.1tau.csv,0.7891509977709683,46.42566568447015,46.407733290605776,0.01793239386437051
0.3C dc.csv,0.3+0.7 0.1tau.csv,0.7907814750390901,46.52158521007977,46.50424948026302,0.017335729816750245
0.3C dc.csv,0.3+0.7 0.1tau.csv,0.792411952307212,46.61750516770726,46.61134402826611,0.0061611394411471565
0.3C dc.csv,0.3+0.7 0.1tau.csv,0.7940424295753338,46.71342542885437,46.72053557125444,-0.007110142400065911
0.3C dc.csv,0.3+0.7 0.1tau.csv,0.7956729068434556,46.80934627629338,46.830113402036105,-0.020767125742722214
0.3C dc.csv,0.3+0.7 0.1tau.csv,0.7973033841115774,46.90526651275683,46.93883842919837,-0.03357191644153801
0.3C dc.csv,0.3+0.7 0.1tau.csv,0.7989338613796992,47.001186764463654,46.976205186845355,0.024981577618298445
0.3C dc.csv,0.3+0.7 0.1tau.csv,0.8005643386478211,47.09710699777422,47.082425323350094,0.014681674424124935
0.3C dc.csv,0.3+0.7 0.1tau.csv,0.802194815915943,47.19302705829856,47.189983698609865,0.003043359688696512
0.3C dc.csv,0.3+0.7 0.1tau.csv,0.8038252931840648,47.288947443196925,47.2994694800342,-0.010522036837272708
0.3C dc.csv,0.3+0.7 0.1tau.csv,0.8054557704521866,47.38486777762932,47.40873989645894,-0.02387211882962248
0.3C dc.csv,0.3+0.7 0.1tau.csv,0.8070862477203085,47.480787995175966,47.51736159181927,-0.03657359664330073
0.3C dc.csv,0.3+0.7 0.1tau.csv,0.8087167249884303,47.57670830346273,47.5550026353956,0.021705668067127704
0.3C dc.csv,0.3+0.7 0.1tau.csv,0.8103472022565521,47.672628363838,47.65958496112047,0.013043402717528352
0.3C dc.csv,0.3+0.7 0.1tau.csv,0.8119776795246739,47.76854869614002,47.76892459634192,-0.00037590020189526285
0.3C dc.csv,0.3+0.7 0.1tau.csv,0.8136081567927957,47.86446934090135,47.87819586384758,-0.01372652294622867
0.3C dc.csv,0.3+0.7 0.1tau.csv,0.8152386340609177,47.960389687351146,47.98722080369375,-0.026831116342606265
0.3C dc.csv,0.3+0.7 0.1tau.csv,0.8168691113290395,48.05631008576839,48.09633798829676,-0.040027902528372294
0.3C dc.csv,0.3+0.7 0.1tau.csv,0.8184995885971613,48.15223075332575,48.13250267291115,0.019728080414601834
0.3C dc.csv,0.3+0.7 0.1tau.csv,0.8201300658652831,48.24815123467882,48.238692075592205,0.00945915908661732
0.3C dc.csv,0.3+0.7 0.1tau.csv,0.821760543133405,48.34407158529157,48.34763928397064,-0.0035676986790704746
0.3C dc.csv,0.3+0.7 0.1tau.csv,0.8233910204015268,48.43999219759923,48.45670129852505,-0.01670910092581579
0.3C dc.csv,0.3+0.7 0.1tau.csv,0.8250214976696486,48.53591286317153,48.566025368666686,-0.030112505495154096
0.3C dc.csv,0.3+0.7 0.1tau.csv,0.8266519749377704,48.63183312883368,48.609119956934954,0.02271317189872235
0.3C dc.csv,0.3+0.7 0.1tau.csv,0.8282824522058924,48.72775365832138,48.70887633119323,0.018877327128151933
0.3C dc.csv,0.3+0.7 0.1tau.csv,0.8299129294740142,48.82367367469692,48.81751949710471,0.006154177592208043
0.3C dc.csv,0.3+0.7 0.1tau.csv,0.831543406742136,48.91959393543734,48.92603542228342,-0.006441486846078703
0.3C dc.csv,0.3+0.7 0.1tau.csv,0.8331738840102578,49.015513874764736,49.03551159529146,-0.01999772052672455
0.3C dc.csv,0.3+0.7 0.1tau.csv,0.8348043612783796,49.11143393766104,49.145076073839576,-0.03364213617853551
0.3C dc.csv,0.3+0.7 0.1tau.csv,0.8364348385465015,49.20735386864774,49.18616231551775,0.0211915531299951
0.3C dc.csv,0.3+0.7 0.1tau.csv,0.8380653158146233,49.30327368326478,49.28795458390004,0.01531909936473852
0.3C dc.csv,0.3+0.7 0.1tau.csv,0.8396957930827451,49.39919365826227,49.395844055670416,0.0033496025918537953
0.3C dc.csv,0.3+0.7 0.1tau.csv,0.8413262703508669,49.495113811934445,49.50486878262693,-0.009754970692483766
0.3C dc.csv,0.3+0.7 0.1tau.csv,0.8429567476189889,49.59103445437089,49.61446995227064,-0.023435497899747304
0.3C dc.csv,0.3+0.7 0.1tau.csv,0.8445872248871107,49.68695515760978,49.72319357336391,-0.03623841575412712
0.3C dc.csv,0.3+0.7 0.1tau.csv,0.8462177021552325,49.782875483385354,49.75919542168529,0.023680061700062538
0.3C dc.csv,0.3+0.7 0.1tau.csv,0.8478481794233543,49.878795872037536,49.86643440086845,0.012361471169086258
0.3C dc.csv,0.3+0.7 0.1tau.csv,0.8494786566914762,49.97471609043728,49.974205268429245,0.0005108220080387582
0.3C dc.csv,0.3+0.7 0.1tau.csv,0.851109133959598,50.07063622589234,50.08378930826837,-0.013153082376028635
0.3C dc.csv,0.3+0.7 0.1tau.csv,0.8527396112277198,50.16655617053814,50.193331847059035,-0.026775676520891523
0.3C dc.csv,0.3+0.7 0.1tau.csv,0.8543700884958416,50.26247640619731,50.30142248884794,-0.03894608265063226
0.3C dc.csv,0.3+0.7 0.1tau.csv,0.8560005657639636,50.35839680147267,50.338056570493585,0.020340230979087437
0.3C dc.csv,0.3+0.7 0.1tau.csv,0.8576310430320854,50.45431709372763,50.4438662315562,0.010450862171431652
0.3C dc.csv,0.3+0.7 0.1tau.csv,0.8592615203002072,50.550237561252615,50.55317288453668,-0.002935323284063429
0.3C dc.csv,0.3+0.7 0.1tau.csv,0.860891997568329,50.646158108668935,50.66259090348705,-0.016432794818115326
0.3C dc.csv,0.3+0.7 0.1tau.csv,0.8625224748364508,50.74207840755323,50.771445635192634,-0.029367227639404803
0.3C dc.csv,0.3+0.7 0.1tau.csv,0.8641529521045727,50.83799852822655,50.88021883314047,-0.04222030491391848
0.3C dc.csv,0.3+0.7 0.1tau.csv,0.8657834293726945,50.933918313020996,50.91583681121614,0.01808150180485768
0.3C dc.csv,0.3+0.7 0.1tau.csv,0.8674139066408163,51.029838213272114,51.02269003473606,0.0071481785360560934
0.3C dc.csv,0.3+0.7 0.1tau.csv,0.8690443839089382,51.12575807839732,51.13194859136095,-0.006190512963634376
0.3C dc.csv,0.3+0.7 0.1tau.csv,0.87067486117706,51.2216779363238,51.24105987704639,-0.01938194072258881
0.3C dc.csv,0.3+0.7 0.1tau.csv,0.8723053384451819,51.31759762654056,51.350131424933934,-0.03253379839337356
0.3C dc.csv,0.3+0.7 0.1tau.csv,0.8739358157133037,51.41351758634356,51.390145968674595,0.023371617668964006
0.3C dc.csv,0.3+0.7 0.1tau.csv,0.8755662929814255,51.5094380194691,51.492549423325045,0.016888596144056578
0.3C dc.csv,0.3+0.7 0.1tau.csv,0.8771967702495473,51.605358476821976,51.601603162108205,0.0037553147137714404
0.3C dc.csv,0.3+0.7 0.1tau.csv,0.8788272475176692,51.70127854354606,51.710479779935994,-0.009201236389934309
0.3C dc.csv,0.3+0.7 0.1tau.csv,0.880457724785791,51.79719864468573,51.81974853683069,-0.022549892144958505
0.3C dc.csv,0.3+0.7 0.1tau.csv,0.8820882020539129,51.89311874420241,51.92918496167973,-0.03606621747731964
0.3C dc.csv,0.3+0.7 0.1tau.csv,0.8837186793220347,51.9890390304393,51.96738920633763,0.021649824101672266
0.3C dc.csv,0.3+0.7 0.1tau.csv,0.8853491565901566,52.08495903894971,52.07172379193652,0.013235247013192009
0.3C dc.csv,0.3+0.7 0.1tau.csv,0.8869796338582784,52.1808789379655,52.180222341579515,0.0006565963859870294
0.3C dc.csv,0.3+0.7 0.1tau.csv,0.8886101111264002,52.27679899289031,52.28919305657441,-0.012394063684098455
0.3C dc.csv,0.3+0.7 0.1tau.csv,0.890240588394522,52.37271922125561,52.398745600130894,-0.026026378875286582
0.3C dc.csv,0.3+0.7 0.1tau.csv,0.8918710656626438,52.46863927812413,52.50754317694445,-0.038903898820322524
0.3C dc.csv,0.3+0.7 0.1tau.csv,0.8935015429307657,52.5645596135606,52.54248073056312,0.022078882997476512
0.3C dc.csv,0.3+0.7 0.1tau.csv,0.8951320201988876,52.660479994476624,52.65092340724206,0.009556587234563096
0.3C dc.csv,0.3+0.7 0.1tau.csv,0.8967624974670094,52.75640053602321,52.7590369342389,-0.0026363982156922816
0.3C dc.csv,0.3+0.7 0.1tau.csv,0.8983929747351312,52.852321131505654,52.8688617434179,-0.016540611912247982
0.3C dc.csv,0.3+0.7 0.1tau.csv,0.9000234520032531,52.94824174376177,52.97941973422755,-0.031177990465778294
0.3C dc.csv,0.3+0.7 0.1tau.csv,0.9016539292713749,53.044162717741465,53.08799670822694,-0.04383399048547432
0.3C dc.csv,0.3+0.7 0.1tau.csv,0.9032844065394967,53.1400836060291,53.124273131079335,0.01581047494976673
0.3C dc.csv,0.3+0.7 0.1tau.csv,0.9049148838076185,53.236003909178315,53.23028302017104,0.0057208890072715235
0.3C dc.csv,0.3+0.7 0.1tau.csv,0.9065453610757404,53.33192417689365,53.33831414369975,-0.006389966806096936
0.3C dc.csv,0.3+0.7 0.1tau.csv,0.9081758383438623,53.42784503332265,53.44786987518634,-0.020024841863694576
0.3C dc.csv,0.3+0.7 0.1tau.csv,0.9098063156119841,53.523765905997784,53.55719650443291,-0.03343059843512464
0.3C dc.csv,0.3+0.7 0.1tau.csv,0.9114367928801059,53.61968632825671,53.665441430930535,-0.04575510267382299
0.3C dc.csv,0.3+0.7 0.1tau.csv,0.9130672701482277,53.71560647950038,53.70198084052893,0.013625638971447529
0.3C dc.csv,0.3+0.7 0.1tau.csv,0.9146977474163496,53.81152711470084,53.80775961887484,0.0037674958259970026
0.3C dc.csv,0.3+0.7 0.1tau.csv,0.9163282246844714,53.907447651167615,53.91726144493525,-0.009813793767634138
0.3C dc.csv,0.3+0.7 0.1tau.csv,0.9179587019525932,54.003368231127695,54.02668117791891,-0.023312946791214983
0.3C dc.csv,0.3+0.7 0.1tau.csv,0.919589179220715,54.09928869886781,54.13550845292301,-0.03621975405520317
0.3C dc.csv,0.3+0.7 0.1tau.csv,0.921219656488837,54.19520849762281,54.24439153031789,-0.049183032695083284
0.3C dc.csv,0.3+0.7 0.1tau.csv,0.9228501337569588,54.29112887399621,54.279579558640584,0.01154931535562298
0.3C dc.csv,0.3+0.7 0.1tau.csv,0.9244806110250806,54.3870491778521,54.38684869120616,0.00020048664593730336
0.3C dc.csv,0.3+0.7 0.1tau.csv,0.9261110882932024,54.48296945719562,54.49606101456045,-0.01309155736483092
0.3C dc.csv,0.3+0.7 0.1tau.csv,0.9277415655613243,54.57889009741501,54.605126623010435,-0.026236525595422222
0.3C dc.csv,0.3+0.7 0.1tau.csv,0.9293720428294461,54.674810051410546,54.71427724993228,-0.039467198521734304
0.3C dc.csv,0.3+0.7 0.1tau.csv,0.9310025200975679,54.77073034399384,54.75407376692872,0.01665657706512036
0.3C dc.csv,0.3+0.7 0.1tau.csv,0.9326329973656897,54.86665065311919,54.8567723520857,0.009878301033488412
0.3C dc.csv,0.3+0.7 0.1tau.csv,0.9342634746338117,54.96257023207724,54.965676887666675,-0.0031066555894341263
0.3C dc.csv,0.3+0.7 0.1tau.csv,0.9358939519019335,55.05849003721886,55.0744717618148,-0.01598172459593883
0.3C dc.csv,0.3+0.7 0.1tau.csv,0.9375244291700553,55.15440988976874,55.1838186531683,-0.02940876339955878
0.3C dc.csv,0.3+0.7 0.1tau.csv,0.9391549064381771,55.2503293345493,55.29325012842924,-0.04292079387994363
0.3C dc.csv,0.3+0.7 0.1tau.csv,0.9407853837062989,55.3462491350056,55.33045462441712,0.015794510588477806
0.3C dc.csv,0.3+0.7 0.1tau.csv,0.9424158609744208,55.44216934753682,55.43568568885495,0.006483658681865734
0.3C dc.csv,0.3+0.7 0.1tau.csv,0.9440463382425426,55.53808963002309,55.54401926235489,-0.005929632331799439
0.3C dc.csv,0.3+0.7 0.1tau.csv,0.9456768155106644,55.63401003367672,55.65313004918319,-0.019120015506473464
0.3C dc.csv,0.3+0.7 0.1tau.csv,0.9473072927787862,55.7299304317941,55.762702178500284,-0.03277174670618166
0.3C dc.csv,0.3+0.7 0.1tau.csv,0.9489377700469082,55.82585093728192,55.871123995841764,-0.04527305855984309
0.3C dc.csv,0.3+0.7 0.1tau.csv,0.95056824731503,55.92177121245374,55.90642172865297,0.015349483800768837
0.3C dc.csv,0.3+0.7 0.1tau.csv,0.9521987245831518,56.017691378979826,56.01420968096505,0.0034816980147738263
0.3C dc.csv,0.3+0.7 0.1tau.csv,0.9538292018512736,56.1136114238814,56.12247876604808,-0.00886734216668117
0.3C dc.csv,0.3+0.7 0.1tau.csv,0.9554596791193954,56.20953171535367,56.232075086430505,-0.022543371076835683
0.3C dc.csv,0.3+0.7 0.1tau.csv,0.9570901563875173,56.30545206963631,56.341673900221,-0.03622183058468664
0.3C dc.csv,0.3+0.7 0.1tau.csv,0.9587206336556391,56.40137231276483,56.39099300972586,0.010379303038966725
0.3C dc.csv,0.3+0.7 0.1tau.csv,0.9603511109237609,56.49729262704967,56.48529747829309,0.011995148756575702
0.3C dc.csv,0.3+0.7 0.1tau.csv,0.9619815881918828,56.593213088609986,56.591948169329996,0.00126491927998984
0.3C dc.csv,0.3+0.7 0.1tau.csv,0.9636120654600047,56.689133435632506,56.7014222258629,-0.012288790230392976
0.3C dc.csv,0.3+0.7 0.1tau.csv,0.9652425427281265,56.78505432494008,56.81094414258342,-0.02588981764334619
0.3C dc.csv,0.3+0.7 0.1tau.csv,0.9668730199962483,56.88097488799492,56.91962575450529,-0.038650866510373305
0.3C dc.csv,0.3+0.7 0.1tau.csv,0.9685034972643701,56.976895048641346,56.95753589805063,0.019359150590716467
0.3C dc.csv,0.3+0.7 0.1tau.csv,0.970133974532492,57.07281513371601,57.06315537758932,0.009659756126694674
0.3C dc.csv,0.3+0.7 0.1tau.csv,0.9717644518006138,57.168735089043196,57.1708454523861,-0.002110363342900712
0.3C dc.csv,0.3+0.7 0.1tau.csv,0.9733949290687356,57.2646554586032,57.28028136179548,-0.015625903192280077
0.3C dc.csv,0.3+0.7 0.1tau.csv,0.9750254063368575,57.36057554469013,57.389471273697126,-0.02889572900699733
0.3C dc.csv,0.3+0.7 0.1tau.csv,0.9766558836049793,57.45649571413045,57.49827982342891,-0.04178410929846166
0.3C dc.csv,0.3+0.7 0.1tau.csv,0.9782863608731012,57.55241633514822,57.536199039242625,0.01621729590559795
0.3C dc.csv,0.3+0.7 0.1tau.csv,0.979916838141223,57.64833653478398,57.64055783644923,0.007778698334746537
0.3C dc.csv,0.3+0.7 0.1tau.csv,0.9815473154093448,57.744256951211085,57.74975726465171,-0.005500313440627735
0.3C dc.csv,0.3+0.7 0.1tau.csv,0.9831777926774666,57.84017709712389,57.85885320096891,-0.018676103845017167
0.3C dc.csv,0.3+0.7 0.1tau.csv,0.9848082699455885,57.936097293280355,57.9679587513834,-0.031861458103044527
0.3C dc.csv,0.3+0.7 0.1tau.csv,0.9864387472137103,58.032017808093194,58.07717290393453,-0.04515509584133781
0.3C dc.csv,0.3+0.7 0.1tau.csv,0.9880692244818322,58.127938178454684,58.11302276400857,0.014915414446114994
0.3C dc.csv,0.3+0.7 0.1tau.csv,0.989699701749954,58.223858820858474,58.219524695772535,0.004334125085939888
0.3C dc.csv,0.3+0.7 0.1tau.csv,0.9913301790180759,58.31977943223406,58.32834707413677,-0.008567641902715195
0.3C dc.csv,0.3+0.7 0.1tau.csv,0.9929606562861977,58.41570015685141,58.437406607684096,-0.021706450832688517
0.3C dc.csv,0.3+0.7 0.1tau.csv,0.9945911335543195,58.511620147418846,58.546820072813794,-0.03519992539494865
0.3C dc.csv,0.3+0.7 0.1tau.csv,0.9962216108224413,58.60753979465457,58.59075700816129,0.016782786493280355
0.3C dc.csv,0.3+0.7 0.1tau.csv,0.9978520880905631,58.70345924743238,58.68980409296452,0.013655154467855368
0.3C dc.csv,0.3+0.7 0.1tau.csv,0.999482565358685,58.79937907697451,58.79823091689483,0.001148160079679883
0.3C dc.csv,0.3+0.7 0.1tau.csv,1.001113042626807,58.89529911597022,58.90668898620052,-0.011389870230303245
0.3C dc.csv,0.3+0.7 0.1tau.csv,1.0027435198949286,58.99121900494998,59.0162547446947,-0.025035739744716068
0.3C dc.csv,0.3+0.7 0.1tau.csv,1.0043739971630505,59.08713910224574,59.125807389026185,-0.03866828678044243
0.3C dc.csv,0.3+0.7 0.1tau.csv,1.0060044744311722,59.18305877566642,59.16691652838672,0.01614224727969571
0.3C dc.csv,0.3+0.7 0.1tau.csv,1.0076349516992942,59.27897809728667,59.26870899858723,0.010269098699438928
0.3C dc.csv,0.3+0.7 0.1tau.csv,1.0092654289674161,59.37489738053182,59.376281078503375,-0.0013836979715549091
0.3C dc.csv,0.3+0.7 0.1tau.csv,1.0108959062355378,59.47081706996266,59.48556763381308,-0.014750563850419951
0.3C dc.csv,0.3+0.7 0.1tau.csv,1.0125263835036598,59.566736662032106,59.595167013058834,-0.028430351026727863
0.3C dc.csv,0.3+0.7 0.1tau.csv,1.0141568607717815,59.66265608562127,59.70375217603446,-0.04109609041319118
0.3C dc.csv,0.3+0.7 0.1tau.csv,1.0157873380399034,59.75857539976064,59.74021714904623,0.018358250714406665
0.3C dc.csv,0.3+0.7 0.1tau.csv,1.017417815308025,59.854494520656125,59.84701871567491,0.007475804981211809
0.3C dc.csv,0.3+0.7 0.1tau.csv,1.019048292576147,59.950413736438435,59.954928562664065,-0.004514826225630486
0.3C dc.csv,0.3+0.7 0.1tau.csv,1.020678769844269,60.046333257498745,60.06445696870336,-0.0181237112046162
0.3C dc.csv,0.3+0.7 0.1tau.csv,1.0223092471123907,60.1422529997948,60.17376519359023,-0.0315121937954288
0.3C dc.csv,0.3+0.7 0.1tau.csv,1.0239397243805126,60.23817256320165,60.282132335396966,-0.04395977219531488
0.3C dc.csv,0.3+0.7 0.1tau.csv,1.0255702016486343,60.334091686322814,60.3188763875589,0.015215298763912699
0.3C dc.csv,0.3+0.7 0.1tau.csv,1.0272006789167563,60.4300110991329,60.42442550386344,0.005585595269458565
0.3C dc.csv,0.3+0.7 0.1tau.csv,1.028831156184878,60.52593109038312,60.533877699008855,-0.007946608625736928
0.3C dc.csv,0.3+0.7 0.1tau.csv,1.030461633453,60.62185158380849,60.64325213641094,-0.021400552602450773
0.3C dc.csv,0.3+0.7 0.1tau.csv,1.0320921107211216,60.717771587551816,60.75212597149236,-0.034354383940545574
0.3C dc.csv,0.3+0.7 0.1tau.csv,1.0337225879892435,60.81369145009042,60.86107981150754,-0.047388361417119995
0.3C dc.csv,0.3+0.7 0.1tau.csv,1.0353530652573655,60.90961112508088,60.896405526536284,0.013205598544594466
0.3C dc.csv,0.3+0.7 0.1tau.csv,1.0369835425254872,61.00553102054817,61.00351081026205,0.002020210286119095
0.3C dc.csv,0.3+0.7 0.1tau.csv,1.0386140197936091,61.10145058928534,61.1127083627398,-0.011257773454460107
0.3C dc.csv,0.3+0.7 0.1tau.csv,1.0402444970617308,61.19736993608967,61.221767361848826,-0.0243974257591546
0.3C dc.csv,0.3+0.7 0.1tau.csv,1.0418749743298528,61.29328937310909,61.330994191604276,-0.03770481849518603
0.3C dc.csv,0.3+0.7 0.1tau.csv,1.0435054515979745,61.389208988670866,61.371523669705994,0.017685318964872465
0.3C dc.csv,0.3+0.7 0.1tau.csv,1.0451359288660964,61.48512877925883,61.47354929531827,0.011579483940558077
0.3C dc.csv,0.3+0.7 0.1tau.csv,1.0467664061342181,61.58104846635484,61.58238918278979,-0.0013407164349530376
0.3C dc.csv,0.3+0.7 0.1tau.csv,1.04839688340234,61.67696849851367,61.69111709464353,-0.014148596129857083
0.3C dc.csv,0.3+0.7 0.1tau.csv,1.050027360670462,61.77288873544822,61.80051383220227,-0.02762509675405056
0.3C dc.csv,0.3+0.7 0.1tau.csv,1.0516578379385837,61.86880820377707,61.90999497314168,-0.0411867693646073
0.3C dc.csv,0.3+0.7 0.1tau.csv,1.0532883152067056,61.96472760266863,61.948043409318714,0.01668419334991711
0.3C dc.csv,0.3+0.7 0.1tau.csv,1.0549187924748273,62.060646911078,62.05255739255076,0.00808951852724249
0.3C dc.csv,0.3+0.7 0.1tau.csv,1.0565492697429493,62.156566451410924,62.16077456796532,-0.004208116554394792
0.3C dc.csv,0.3+0.7 0.1tau.csv,1.058179747011071,62.25248588457,62.26986439147289,-0.017378506902893776
0.3C dc.csv,0.3+0.7 0.1tau.csv,1.059810224279193,62.348405448224014,62.37941109367187,-0.031005645447855557
0.3C dc.csv,0.3+0.7 0.1tau.csv,1.0614407015473148,62.44432521605987,62.48789728009478,-0.043572064034904656
0.3C dc.csv,0.3+0.7 0.1tau.csv,1.0630711788154366,62.540245153509225,62.523329858300805,0.01691529520842039
0.3C dc.csv,0.3+0.7 0.1tau.csv,1.0647016560835585,62.63616495173035,62.63102412954921,0.005140822181139981
0.3C dc.csv,0.3+0.7 0.1tau.csv,1.0663321333516802,62.732084249736445,62.73917312738818,-0.007088877651732162
0.3C dc.csv,0.3+0.7 0.1tau.csv,1.0679626106198021,62.82800361212067,62.84877239160396,-0.0207687794832907
0.3C dc.csv,0.3+0.7 0.1tau.csv,1.0695930878879238,62.92392311679027,62.95837421367346,-0.03445109688318837
0.3C dc.csv,0.3+0.7 0.1tau.csv,1.0712235651560458,63.019842728068525,63.06608844494384,-0.04624571687531187
0.3C dc.csv,0.3+0.7 0.1tau.csv,1.0728540424241675,63.1157620059133,63.10221951296099,0.01354249295230403
0.3C dc.csv,0.3+0.7 0.1tau.csv,1.0744845196922894,63.21168171374488,63.208640790729646,0.003040923015234398
0.3C dc.csv,0.3+0.7 0.1tau.csv,1.0761149969604114,63.30760126521201,63.31807531563101,-0.010474050419006176
0.3C dc.csv,0.3+0.7 0.1tau.csv,1.077745474228533,63.403520933612434,63.427580033983574,-0.02405910037114012
0.3C dc.csv,0.3+0.7 0.1tau.csv,1.079375951496655,63.499440627980874,63.536325294804016,-0.03688466682314129
0.3C dc.csv,0.3+0.7 0.1tau.csv,1.0810064287647767,63.59536033486278,63.574660841862396,0.02069949300038587
0.3C dc.csv,0.3+0.7 0.1tau.csv,1.0826369060328986,63.69127986798804,63.68005103510798,0.011228832880057382
0.3C dc.csv,0.3+0.7 0.1tau.csv,1.0842673833010203,63.78719918606372,63.78753600050219,-0.00033681443847655146
0.3C dc.csv,0.3+0.7 0.1tau.csv,1.0858978605691423,63.883118643992134,63.89692789626638,-0.013809252274242567
0.3C dc.csv,0.3+0.7 0.1tau.csv,1.0875283378372642,63.97903826180704,64.00610534354085,-0.02706708173381145
0.3C dc.csv,0.3+0.7 0.1tau.csv,1.089158815105386,64.0749580070668,64.11500892602156,-0.04005091895476198
0.3C dc.csv,0.3+0.7 0.1tau.csv,1.0907892923735079,64.17087804355536,64.15338042260039,0.01749762095496976
0.3C dc.csv,0.3+0.7 0.1tau.csv,1.0924197696416296,64.26679795246605,64.25732014481001,0.009477807656040227
0.3C dc.csv,0.3+0.7 0.1tau.csv,1.0940502469097515,64.36271830307254,64.36650589848679,-0.0037875954142521095
0.3C dc.csv,0.3+0.7 0.1tau.csv,1.0956807241778732,64.45863856505937,64.47559977011271,-0.016961205053334538
0.3C dc.csv,0.3+0.7 0.1tau.csv,1.0973112014459951,64.5545590322645,64.5847714388366,-0.030212406572090345
0.3C dc.csv,0.3+0.7 0.1tau.csv,1.0989416787141169,64.65047891215062,64.6940715903753,-0.04359267822468382
0.3C dc.csv,0.3+0.7 0.1tau.csv,1.1005721559822388,64.74639906190319,64.73058022779773,0.0158188341054597
0.3C dc.csv,0.3+0.7 0.1tau.csv,1.1022026332503607,64.84231889669489,64.83642669667474,0.005892200020156224
0.3C dc.csv,0.3+0.7 0.1tau.csv,1.1038331105184824,64.9382386339601,64.9451738689924,-0.006935235032301534
0.3C dc.csv,0.3+0.7 0.1tau.csv,1.1054635877866044,65.03415932570103,65.05421661191791,-0.02005728621688263
0.3C dc.csv,0.3+0.7 0.1tau.csv,1.107094065054726,65.1300799045363,65.16368753658226,-0.03360763204595685
0.3C dc.csv,0.3+0.7 0.1tau.csv,1.108724542322848,65.22600026052092,65.27224301651354,-0.04624275599262262
0.3C dc.csv,0.3+0.7 0.1tau.csv,1.1103550195909697,65.32192063557251,65.30688879531104,0.01503184026147153
0.3C dc.csv,0.3+0.7 0.1tau.csv,1.1119854968590916,65.417841051664,65.4152004754128,0.0026405762511956254
0.3C dc.csv,0.3+0.7 0.1tau.csv,1.1136159741272136,65.51376131092432,65.52353494158494,-0.009773630660617982
0.3C dc.csv,0.3+0.7 0.1tau.csv,1.1152464513953353,65.60968165224894,65.63307522674059,-0.02339357449164936
0.3C dc.csv,0.3+0.7 0.1tau.csv,1.1168769286634572,65.70560178713744,65.74265531071815,-0.03705352358070968
0.3C dc.csv,0.3+0.7 0.1tau.csv,1.118507405931579,65.8015218093531,65.78606885909063,0.015452950262471177
0.3C dc.csv,0.3+0.7 0.1tau.csv,1.1201378831997009,65.89744203743382,65.88581228501202,0.01162975242179698
0.3C dc.csv,0.3+0.7 0.1tau.csv,1.1217683604678226,65.9933621203237,65.99322709594509,0.00013502437860779537
0.3C dc.csv,0.3+0.7 0.1tau.csv,1.1233988377359445,66.08928231675927,66.10242737881556,-0.013145062056295842
0.3C dc.csv,0.3+0.7 0.1tau.csv,1.1250293150040662,66.18520230631866,66.21203512360913,-0.026832817290468824
0.3C dc.csv,0.3+0.7 0.1tau.csv,1.1266597922721882,66.28112241089896,66.32069878217156,-0.03957637127260227
0.3C dc.csv,0.3+0.7 0.1tau.csv,1.12829026954031,66.37704226995572,66.35747549600417,0.01956677395155282
0.3C dc.csv,0.3+0.7 0.1tau.csv,1.1299207468084318,66.47296212008916,66.46405959674189,0.008902523347273927
0.3C dc.csv,0.3+0.7 0.1tau.csv,1.1315512240765537,66.56888215361867,66.57181204315071,-0.0029298895320408747
0.3C dc.csv,0.3+0.7 0.1tau.csv,1.1331817013446754,66.66480176112994,66.6813241124584,-0.016522351328461582
0.3C dc.csv,0.3+0.7 0.1tau.csv,1.1348121786127974,66.76072159859714,66.79066396395426,-0.029942365357115364
0.3C dc.csv,0.3+0.7 0.1tau.csv,1.136442655880919,66.85664140311282,66.89909113987719,-0.04244973676436814
0.3C dc.csv,0.3+0.7 0.1tau.csv,1.138073133149041,66.95256097289915,66.93619476132301,0.016366211576141154
0.3C dc.csv,0.3+0.7 0.1tau.csv,1.139703610417163,67.0484806117858,67.04130169578258,0.007178916003226732
0.3C dc.csv,0.3+0.7 0.1tau.csv,1.1413340876852847,67.14440012483296,67.1507112643358,-0.006311139502841456
0.3C dc.csv,0.3+0.7 0.1tau.csv,1.1429645649534066,67.24032018676876,67.26004274878674,-0.019722562017989276
0.3C dc.csv,0.3+0.7 0.1tau.csv,1.1445950422215283,67.33624052882334,67.3690080863203,-0.03276755749696747
0.3C dc.csv,0.3+0.7 0.1tau.csv,1.1462255194896502,67.43216031533822,67.47798400007034,-0.04582368473211318
0.3C dc.csv,0.3+0.7 0.1tau.csv,1.147855996757772,67.52808013626141,67.51367283973067,0.01440729653073447
0.3C dc.csv,0.3+0.7 0.1tau.csv,1.1494864740258939,67.62400008077994,67.62035702212783,0.003643058652102127
0.3C dc.csv,0.3+0.7 0.1tau.csv,1.1511169512940156,67.71992002034953,67.72944042270066,-0.00952040235112861
0.3C dc.csv,0.3+0.7 0.1tau.csv,1.1527474285621375,67.81584006113235,67.8384482913495,-0.022608230217144865
0.3C dc.csv,0.3+0.7 0.1tau.csv,1.1543779058302595,67.91176060458312,67.94770712771363,-0.03594652313050517
0.3C dc.csv,0.3+0.7 0.1tau.csv,1.1560083830983812,68.00768050945248,67.98906222126747,0.0186182881850101
0.3C dc.csv,0.3+0.7 0.1tau.csv,1.157638860366503,68.10360052409281,68.0903417259169,0.01325879817591158
0.3C dc.csv,0.3+0.7 0.1tau.csv,1.1592693376346248,68.19952024090227,68.19910565381684,0.00041458708543018474
0.3C dc.csv,0.3+0.7 0.1tau.csv,1.1608998149027467,68.29544010266251,68.30776696794017,-0.012326865277657362
0.3C dc.csv,0.3+0.7 0.1tau.csv,1.1625302921708685,68.39136021216474,68.41722255882235,-0.025862346657604007
0.3C dc.csv,0.3+0.7 0.1tau.csv,1.1641607694389904,68.48728048632846,68.52670542109087,-0.03942493476240827
0.3C dc.csv,0.3+0.7 0.1tau.csv,1.165791246707112,68.58320024734016,68.56567185261201,0.017528394728145713
0.3C dc.csv,0.3+0.7 0.1tau.csv,1.167421723975234,68.67912026360199,68.66935445266185,0.009765810940137953
0.3C dc.csv,0.3+0.7 0.1tau.csv,1.169052201243356,68.77504024211687,68.7774523167014,-0.0024120745845266356
0.3C dc.csv,0.3+0.7 0.1tau.csv,1.1706826785114777,68.87095962882277,68.88653317238793,-0.015573543565153614
0.3C dc.csv,0.3+0.7 0.1tau.csv,1.1723131557795996,68.966879177684,68.9961129736969,-0.029233796012889002
0.3C dc.csv,0.3+0.7 0.1tau.csv,1.1739436330477213,69.06279856031895,69.10473006148386,-0.0419315011649104
0.3C dc.csv,0.3+0.7 0.1tau.csv,1.1755741103158432,69.15871788697483,69.14032384264479,0.018394044330037218
0.3C dc.csv,0.3+0.7 0.1tau.csv,1.177204587583965,69.25463694878384,69.24785330754183,0.006783641242009253
0.3C dc.csv,0.3+0.7 0.1tau.csv,1.178835064852087,69.35055554522013,69.35588549834908,-0.005329953128949683
0.3C dc.csv,0.3+0.7 0.1tau.csv,1.1804655421202088,69.44647443766499,69.46549331493416,-0.019018877269175505
0.3C dc.csv,0.3+0.7 0.1tau.csv,1.1820960193883305,69.54239348575312,69.57505094706738,-0.032657461314258285
0.3C dc.csv,0.3+0.7 0.1tau.csv,1.1837264966564525,69.63831276065605,69.68294119203755,-0.04462843138149708
0.3C dc.csv,0.3+0.7 0.1tau.csv,1.1853569739245742,69.73423143856058,69.71922333514115,0.015008103419432928
0.3C dc.csv,0.3+0.7 0.1tau.csv,1.186987451192696,69.83015087535642,69.82549621233522,0.004654663021199212
0.3C dc.csv,0.3+0.7 0.1tau.csv,1.1886179284608178,69.9260702175825,69.93485155992813,-0.008781342345628218
0.3C dc.csv,0.3+0.7 0.1tau.csv,1.1902484057289398,70.02199015976817,70.04434274686831,-0.022352587100144206
0.3C dc.csv,0.3+0.7 0.1tau.csv,1.1918788829970615,70.11790954633508,70.1531162352618,-0.03520668892672063
0.3C dc.csv,0.3+0.7 0.1tau.csv,1.1935093602651834,70.21382901477791,70.26175684281135,-0.04792782803343698
0.3C dc.csv,0.3+0.7 0.1tau.csv,1.1951398375333053,70.30974864422973,70.29712330855156,0.012625335678166039
0.3C dc.csv,0.3+0.7 0.1tau.csv,1.196770314801427,70.40566792830066,70.40433196209123,0.001335966209424555
0.3C dc.csv,0.3+0.7 0.1tau.csv,1.198400792069549,70.50158693784203,70.51368138983138,-0.012094451989341337
0.3C dc.csv,0.3+0.7 0.1tau.csv,1.2000312693376707,70.59750617236855,70.62279114539061,-0.025284973022053236
0.3C dc.csv,0.3+0.7 0.1tau.csv,1.2016617466057926,70.69342556265096,70.73177744305303,-0.03835188040207527
0.3C dc.csv,0.3+0.7 0.1tau.csv,1.2032922238739143,70.7893450189699,70.7706982111616,0.018646807808295307
0.3C dc.csv,0.3+0.7 0.1tau.csv,1.2049227011420363,70.88526434597429,70.87415195851847,0.011112387455824546
0.3C dc.csv,0.3+0.7 0.1tau.csv,1.2065531784101582,70.98118376114326,70.98328114050362,-0.002097379360364471
0.3C dc.csv,0.3+0.7 0.1tau.csv,1.20818365567828,71.07710315174702,71.09227169556223,-0.015168543815207158
0.3C dc.csv,0.3+0.7 0.1tau.csv,1.2098141329464018,71.17302290988896,71.20146669245631,-0.028443782567350695
0.3C dc.csv,0.3+0.7 0.1tau.csv,1.2114446102145235,71.26894287629992,71.31081039353802,-0.04186751723810289
0.3C dc.csv,0.3+0.7 0.1tau.csv,1.2130750874826455,71.36486265864977,71.3478622588989,0.017000399750870088
0.3C dc.csv,0.3+0.7 0.1tau.csv,1.2147055647507672,71.46078304330695,71.4532038972951,0.007579146011849502
0.3C dc.csv,0.3+0.7 0.1tau.csv,1.2163360420188891,71.55670306117683,71.56181972304795,-0.0051166618711135925
0.3C dc.csv,0.3+0.7 0.1tau.csv,1.2179665192870108,71.65262288420233,71.67081784251245,-0.018194958310118636
0.3C dc.csv,0.3+0.7 0.1tau.csv,1.2195969965551328,71.74854259708358,71.78029145581978,-0.0317488587361936
0.3C dc.csv,0.3+0.7 0.1tau.csv,1.2212274738232547,71.84446235081852,71.88888418140499,-0.04442183058647231
0.3C dc.csv,0.3+0.7 0.1tau.csv,1.2228579510913764,71.9403817548645,71.9236328920267,0.01674886283780097
0.3C dc.csv,0.3+0.7 0.1tau.csv,1.2244884283594983,72.03630157414928,72.03183174186216,0.004469832287114173
0.3C dc.csv,0.3+0.7 0.1tau.csv,1.22611890562762,72.13222176317832,72.1401077229131,-0.00788595973477868
0.3C dc.csv,0.3+0.7 0.1tau.csv,1.227749382895742,72.22814233965761,72.249681575318,-0.021539235660384293
0.3C dc.csv,0.3+0.7 0.1tau.csv,1.2293798601638637,72.3240622744245,72.35930028301051,-0.03523800858600623
0.3C dc.csv,0.3+0.7 0.1tau.csv,1.2310103374319856,72.41998215434552,72.4046927297524,0.01528942459312077
0.3C dc.csv,0.3+0.7 0.1tau.csv,1.2326408147001076,72.51590187664202,72.50262322889625,0.01327864774576426
0.3C dc.csv,0.3+0.7 0.1tau.csv,1.2342712919682293,72.61182145106305,72.60986930582504,0.0019521452380075743
0.3C dc.csv,0.3+0.7 0.1tau.csv,1.2359017692363512,72.70774109146123,72.71906329868067,-0.011322207219436109
0.3C dc.csv,0.3+0.7 0.1tau.csv,1.237532246504473,72.80366072975247,72.82862698052736,-0.024966250774895116
0.3C dc.csv,0.3+0.7 0.1tau.csv,1.2391627237725948,72.89958063973273,72.93736588780042,-0.03778524806769212
0.3C dc.csv,0.3+0.7 0.1tau.csv,1.2407932010407166,72.99550043609734,72.9744584812651,0.021041954832242027
0.3C dc.csv,0.3+0.7 0.1tau.csv,1.2424236783088385,73.09142012308122,73.08089731098165,0.010522812099566181
0.3C dc.csv,0.3+0.7 0.1tau.csv,1.2440541555769602,73.1873400772572,73.18849729924128,-0.0011572219840729758
0.3C dc.csv,0.3+0.7 0.1tau.csv,1.2456846328450821,73.28326029368942,73.29799727726268,-0.01473698357325759
0.3C dc.csv,0.3+0.7 0.1tau.csv,1.247315110113204,73.37917957606159,73.40734761754615,-0.028168041484562423
0.3C dc.csv,0.3+0.7 0.1tau.csv,1.2489455873813258,73.47509909130953,73.5159052275232,-0.040806136213674904
0.3C dc.csv,0.3+0.7 0.1tau.csv,1.2505760646494477,73.5710190603612,73.55336460255182,0.017654457809371138
0.3C dc.csv,0.3+0.7 0.1tau.csv,1.2522065419175694,73.66693914821651,73.65812698472887,0.00881216348764724
0.3C dc.csv,0.3+0.7 0.1tau.csv,1.2538370191856913,73.76285936782612,73.76749547686843,-0.0046361090423090445
0.3C dc.csv,0.3+0.7 0.1tau.csv,1.255467496453813,73.85877984095374,73.87680240259137,-0.018022561637621948
0.3C dc.csv,0.3+0.7 0.1tau.csv,1.257097973721935,73.95470018778065,73.98582587075614,-0.031125682975499558
0.3C dc.csv,0.3+0.7 0.1tau.csv,1.2587284509900567,74.05062029225448,74.09489492085783,-0.044274628603346855
0.3C dc.csv,0.3+0.7 0.1tau.csv,1.2603589282581786,74.14654064424764,74.1310327213612,0.015507922886442316
0.3C dc.csv,0.3+0.7 0.1tau.csv,1.2619894055263006,74.2424608390577,74.23730270719426,0.005158131863439053
0.3C dc.csv,0.3+0.7 0.1tau.csv,1.2636198827944223,74.33838089280368,74.34634265325134,-0.00796176044765673
0.3C dc.csv,0.3+0.7 0.1tau.csv,1.2652503600625442,74.43430071463665,74.45535934804998,-0.021058633413332473
0.3C dc.csv,0.3+0.7 0.1tau.csv,1.266880837330666,74.53022134653499,74.56471579846836,-0.03449445193336942
0.3C dc.csv,0.3+0.7 0.1tau.csv,1.2685113145987879,74.62614210278988,74.60744112344649,0.018700979343392987
0.3C dc.csv,0.3+0.7 0.1tau.csv,1.2701417918669096,74.72206221320967,74.70747831966963,0.014583893540034865
0.3C dc.csv,0.3+0.7 0.1tau.csv,1.2717722691350315,74.81798272864663,74.81617769715785,0.0018050314887716468
0.3C dc.csv,0.3+0.7 0.1tau.csv,1.2734027464031534,74.9139031024925,74.92469275336056,-0.010789650868062495
0.3C dc.csv,0.3+0.7 0.1tau.csv,1.2750332236712751,75.00982329834454,75.03415041573636,-0.024327117391820252
0.3C dc.csv,0.3+0.7 0.1tau.csv,1.276663700939397,75.10574315444842,75.1436945811581,-0.03795142670968232
0.3C dc.csv,0.3+0.7 0.1tau.csv,1.2782941782075188,75.20166350862807,75.18444446100656,0.017219047621509276
0.3C dc.csv,0.3+0.7 0.1tau.csv,1.2799246554756407,75.29758356685016,75.28651171401795,0.011071852832216678
0.3C dc.csv,0.3+0.7 0.1tau.csv,1.2815551327437624,75.3935034371452,75.39450746592713,-0.0010040287819350624
0.3C dc.csv,0.3+0.7 0.1tau.csv,1.2831856100118844,75.48942338688617,75.50350914539733,-0.014085758511157564
0.3C dc.csv,0.3+0.7 0.1tau.csv,1.284816087280006,75.58534378405541,75.61306930947097,-0.027725525415561947
0.3C dc.csv,0.3+0.7 0.1tau.csv,1.286446564548128,75.68126430395715,75.72183902868687,-0.04057472472972279
0.3C dc.csv,0.3+0.7 0.1tau.csv,1.28807704181625,75.7771846700215,75.75762540254084,0.01955926748065906
0.3C dc.csv,0.3+0.7 0.1tau.csv,1.2897075190843716,75.87310507223023,75.86501451216925,0.008090560060978191
0.3C dc.csv,0.3+0.7 0.1tau.csv,1.2913379963524936,75.96902515324187,75.97283773987384,-0.0038125866319660418
0.3C dc.csv,0.3+0.7 0.1tau.csv,1.2929684736206153,76.06494493138098,76.0824075089924,-0.017462577611425445
0.3C dc.csv,0.3+0.7 0.1tau.csv,1.2945989508887372,76.16086480366857,76.19198529396505,-0.031120490296473236
0.3C dc.csv,0.3+0.7 0.1tau.csv,1.296229428156859,76.2567843534546,76.30004551555201,-0.0432611620974086
0.3C dc.csv,0.3+0.7 0.1tau.csv,1.2978599054249809,76.35270436039396,76.3365813751039,0.016122985290053293
0.3C dc.csv,0.3+0.7 0.1tau.csv,1.2994903826931028,76.44862426651322,76.44262883818209,0.005995428331132757
0.3C dc.csv,0.3+0.7 0.1tau.csv,1.3011208599612245,76.54454421232136,76.55180423114447,-0.007260018823117775
0.3C dc.csv,0.3+0.7 0.1tau.csv,1.3027513372293464,76.64046422376742,76.66128575989555,-0.020821536128124762
0.3C dc.csv,0.3+0.7 0.1tau.csv,1.3043818144974682,76.73638427646216,76.77017469324456,-0.03379041678239503
0.3C dc.csv,0.3+0.7 0.1tau.csv,1.30601229176559,76.83230438463796,76.8788845883212,-0.046580203683234345
0.3C dc.csv,0.3+0.7 0.1tau.csv,1.3076427690337118,76.92822417793089,76.9145916884393,0.013632489491584465
0.3C dc.csv,0.3+0.7 0.1tau.csv,1.3092732463018337,77.02414419025604,77.02134877358245,0.002795416673592399
0.3C dc.csv,0.3+0.7 0.1tau.csv,1.3109037235699554,77.12006389901823,77.13064279154412,-0.010578892525884953
0.3C dc.csv,0.3+0.7 0.1tau.csv,1.3125342008380774,77.2159834936782,77.23975688300249,-0.023773389324290406
0.3C dc.csv,0.3+0.7 0.1tau.csv,1.3141646781061993,77.31190347098813,77.34877833449742,-0.03687486350929703
0.3C dc.csv,0.3+0.7 0.1tau.csv,1.315795155374321,77.40782328360575,77.3885431764625,0.019280107143245573
0.3C dc.csv,0.3+0.7 0.1tau.csv,1.317425632642443,77.5037427771208,77.4911352418802,0.012607535240604761
0.3C dc.csv,0.3+0.7 0.1tau.csv,1.3190561099105647,77.5996622237243,77.60022231234727,-0.0005600886229757407
0.3C dc.csv,0.3+0.7 0.1tau.csv,1.3206865871786866,77.6955820278644,77.70918114055752,-0.013599112693114535
0.3C dc.csv,0.3+0.7 0.1tau.csv,1.3223170644468083,77.79150243772332,77.81839832515888,-0.026895887435557597
0.3C dc.csv,0.3+0.7 0.1tau.csv,1.3239475417149302,77.88742237460835,77.92778562458854,-0.0403632499801887
0.3C dc.csv,0.3+0.7 0.1tau.csv,1.3255780189830522,77.98334262419749,77.96585827298664,0.017484351210853788
0.3C dc.csv,0.3+0.7 0.1tau.csv,1.3272084962511739,78.07926316570492,78.07027184195901,0.008991323745902946
0.3C dc.csv,0.3+0.7 0.1tau.csv,1.3288389735192958,78.1751833983804,78.17882499493626,-0.0036415965558660446
0.3C dc.csv,0.3+0.7 0.1tau.csv,1.3304694507874175,78.27110359868341,78.28779065916673,-0.016687060483320693
0.3C dc.csv,0.3+0.7 0.1tau.csv,1.3320999280555395,78.36702375594648,78.39732633122269,-0.03030257527620961
0.3C dc.csv,0.3+0.7 0.1tau.csv,1.3337304053236612,78.4629442699465,78.50617174899811,-0.04322747905160895
0.3C dc.csv,0.3+0.7 0.1tau.csv,1.335360882591783,78.55886510483033,78.54092050308014,0.017944601750187417
0.3C dc.csv,0.3+0.7 0.1tau.csv,1.3369913598599048,78.65478589455577,78.64902133108042,0.005764563475352702
0.3C dc.csv,0.3+0.7 0.1tau.csv,1.3386218371280267,78.75070630287716,78.7571299696757,-0.006423666798539784
0.3C dc.csv,0.3+0.7 0.1tau.csv,1.3402523143961487,78.84662726533602,78.86668428139701,-0.02005701606098853
0.3C dc.csv,0.3+0.7 0.1tau.csv,1.3418827916642704,78.94254754426127,78.9762889788254,-0.03374143456412071
0.3C dc.csv,0.3+0.7 0.1tau.csv,1.3435132689323923,79.03846834329819,79.08397887160085,-0.045510528302656894
0.3C dc.csv,0.3+0.7 0.1tau.csv,1.345143746200514,79.13438898193043,79.1199274098104,0.014461572120026744
0.3C dc.csv,0.3+0.7 0.1tau.csv,1.346774223468636,79.23030943318304,79.2270263781084,0.003283055074632557
0.3C dc.csv,0.3+0.7 0.1tau.csv,1.3484047007367577,79.32623041017834,79.33602743102948,-0.009797020851138427
0.3C dc.csv,0.3+0.7 0.1tau.csv,1.3500351780048796,79.422151182099,79.44561143732959,-0.0234602552305887
0.3C dc.csv,0.3+0.7 0.1tau.csv,1.3516656552730015,79.51807199561301,79.55445495348118,-0.03638295786817025
0.3C dc.csv,0.3+0.7 0.1tau.csv,1.3532961325411232,79.6139925026169,79.5946729933975,0.019319509219400288
0.3C dc.csv,0.3+0.7 0.1tau.csv,1.3549266098092452,79.70991300592532,79.69821775341471,0.01169525251060577
0.3C dc.csv,0.3+0.7 0.1tau.csv,1.3565570870773669,79.80583313484102,79.80544226810353,0.00039086673749011425
0.3C dc.csv,0.3+0.7 0.1tau.csv,1.3581875643454888,79.90175306491071,79.91493865450965,-0.013185589598947445
0.3C dc.csv,0.3+0.7 0.1tau.csv,1.3598180416136105,79.99767296534128,80.02427432133042,-0.02660135598914337
0.3C dc.csv,0.3+0.7 0.1tau.csv,1.3614485188817325,80.09359336521993,80.13290479346915,-0.039311428249220626
0.3C dc.csv,0.3+0.7 0.1tau.csv,1.3630789961498542,80.1895135063591,80.1708829560126,0.01863055034650074
0.3C dc.csv,0.3+0.7 0.1tau.csv,1.364709473417976,80.28543327149293,80.27515621881794,0.01027705267499357
0.3C dc.csv,0.3+0.7 0.1tau.csv,1.366339950686098,80.38135328582813,80.38442338936325,-0.0030701035351228256
0.3C dc.csv,0.3+0.7 0.1tau.csv,1.3679704279542197,80.47727364936264,80.49363574774779,-0.016362098385144463
0.3C dc.csv,0.3+0.7 0.1tau.csv,1.3696009052223417,80.57319378180385,80.60267141437002,-0.029477632566170087
0.3C dc.csv,0.3+0.7 0.1tau.csv,1.3712313824904634,80.66911374731167,80.7117888331737,-0.042675085862029505
0.3C dc.csv,0.3+0.7 0.1tau.csv,1.3728618597585853,80.76503421157706,80.74844761741652,0.0165865941605432
0.3C dc.csv,0.3+0.7 0.1tau.csv,1.374492337026707,80.86095431900158,80.8541542477624,0.0068000712391835805
0.3C dc.csv,0.3+0.7 0.1tau.csv,1.376122814294829,80.95687451596558,80.96310483243691,-0.006230316471331321
0.3C dc.csv,0.3+0.7 0.1tau.csv,1.3777532915629507,81.05279480231354,81.07208913054583,-0.01929432823229149
0.3C dc.csv,0.3+0.7 0.1tau.csv,1.3793837688310726,81.14871496109541,81.18145841629274,-0.032743455197334015
0.3C dc.csv,0.3+0.7 0.1tau.csv,1.3810142460991945,81.24463541522555,81.29038926076166,-0.045753845536111726
0.3C dc.csv,0.3+0.7 0.1tau.csv,1.3826447233673163,81.3405556656818,81.3243586083257,0.016197057356109212
0.3C dc.csv,0.3+0.7 0.1tau.csv,1.3842752006354382,81.43647606794511,81.43299407850587,0.0034819894392370543
0.3C dc.csv,0.3+0.7 0.1tau.csv,1.38590567790356,81.5323963234225,81.54143201866671,-0.009035695244207886
0.3C dc.csv,0.3+0.7 0.1tau.csv,1.3875361551716818,81.62831671833186,81.65090550294595,-0.02258878461408642
0.3C dc.csv,0.3+0.7 0.1tau.csv,1.3891666324398035,81.72423697537805,81.76045983195789,-0.03622285657984037
0.3C dc.csv,0.3+0.7 0.1tau.csv,1.3907971097079255,81.82015736097809,81.80271391126693,0.01744344971115197
0.3C dc.csv,0.3+0.7 0.1tau.csv,1.3924275869760474,81.9160780955373,81.90344453303277,0.012633562504532847
0.3C dc.csv,0.3+0.7 0.1tau.csv,1.3940580642441691,82.01199912276586,82.01133817322038,0.0006609495454767966
0.3C dc.csv,0.3+0.7 0.1tau.csv,1.395688541512291,82.1079204096458,82.12025072481218,-0.012330315166380501
0.3C dc.csv,0.3+0.7 0.1tau.csv,1.3973190187804128,82.20384165941113,82.22985495817933,-0.026013298768205573
0.3C dc.csv,0.3+0.7 0.1tau.csv,1.3989494960485347,82.29976298067864,82.33871164621195,-0.038948665533311555
0.3C dc.csv,0.3+0.7 0.1tau.csv,1.4005799733166564,82.39568373441534,82.37474413783929,0.020939596576056374
0.3C dc.csv,0.3+0.7 0.1tau.csv,1.4022104505847783,82.49160451044774,82.48198414810717,0.009620362340569955
0.3C dc.csv,0.3+0.7 0.1tau.csv,1.4038409278529,82.58752570020297,82.58958603224498,-0.0020603320420065074
0.3C dc.csv,0.3+0.7 0.1tau.csv,1.405471405121022,82.68344699548011,82.6991702781077,-0.01572328262759015
0.3C dc.csv,0.3+0.7 0.1tau.csv,1.407101882389144,82.77936846290294,82.8087149961482,-0.02934653324525982
0.3C dc.csv,0.3+0.7 0.1tau.csv,1.4087323596572656,82.87528963909406,82.91689042686902,-0.041600787774953574
0.3C dc.csv,0.3+0.7 0.1tau.csv,1.4103628369253876,82.97121052172895,82.95367512382948,0.01753539789946501
0.3C dc.csv,0.3+0.7 0.1tau.csv,1.4119933141935093,83.06713137940406,83.05948685601815,0.0076445233859061545
0.3C dc.csv,0.3+0.7 0.1tau.csv,1.4136237914616312,83.16305258249861,83.16856983907496,-0.005517256576354157
0.3C dc.csv,0.3+0.7 0.1tau.csv,1.415254268729753,83.2589738426436,83.27799350140248,-0.019019658758878677
0.3C dc.csv,0.3+0.7 0.1tau.csv,1.4168847459978748,83.35489520691199,83.38690315704503,-0.03200795013303548
0.3C dc.csv,0.3+0.7 0.1tau.csv,1.4185152232659968,83.45081679644633,83.49568712041675,-0.04487032397041446
0.3C dc.csv,0.3+0.7 0.1tau.csv,1.4201457005341185,83.54673822228274,83.53161610048042,0.015122121802320976
0.3C dc.csv,0.3+0.7 0.1tau.csv,1.4217761778022404,83.64265917218141,83.63811896539133,0.0045402067900823795
0.3C dc.csv,0.3+0.7 0.1tau.csv,1.4234066550703621,83.73858077967594,83.74742902682148,-0.008848247145536448
0.3C dc.csv,0.3+0.7 0.1tau.csv,1.425037132338484,83.8345020731648,83.85654713267887,-0.02204505951407043
0.3C dc.csv,0.3+0.7 0.1tau.csv,1.4266676096066058,83.93042351848844,83.96567483762439,-0.03525131913595203
0.3C dc.csv,0.3+0.7 0.1tau.csv,1.4282980868747277,84.02634446410416,84.00630289376593,0.02004157033822196
0.3C dc.csv,0.3+0.7 0.1tau.csv,1.4299285641428494,84.12226533153186,84.10811009840295,0.014155233128917644
0.3C dc.csv,0.3+0.7 0.1tau.csv,1.4315590414109713,84.21818601496827,84.21711020316222,0.001075811806046545
0.3C dc.csv,0.3+0.7 0.1tau.csv,1.4331895186790933,84.31410666985589,84.3259918325764,-0.011885162720517428
0.3C dc.csv,0.3+0.7 0.1tau.csv,1.434819995947215,84.41002762585414,84.4352213865172,-0.025193760663057674
0.3C dc.csv,0.3+0.7 0.1tau.csv,1.436450473215337,84.50594871603558,84.54464914151147,-0.03870042547589492
0.3C dc.csv,0.3+0.7 0.1tau.csv,1.4380809504834586,84.60187001848695,84.58372613717503,0.018143881311914356
0.3C dc.csv,0.3+0.7 0.1tau.csv,1.4397114277515806,84.69779113439209,84.68724795426861,0.010543180123477214
0.3C dc.csv,0.3+0.7 0.1tau.csv,1.4413419050197023,84.79371158569806,84.79574038493683,-0.0020287992387721943
0.3C dc.csv,0.3+0.7 0.1tau.csv,1.4429723822878242,84.8896324115572,84.90462492039832,-0.014992508841118024
0.3C dc.csv,0.3+0.7 0.1tau.csv,1.4446028595559461,84.9855524812004,85.01417242534589,-0.02861994414548974
0.3C dc.csv,0.3+0.7 0.1tau.csv,1.4462333368240678,85.08147279793566,85.12317764648573,-0.04170484855006862
0.3C dc.csv,0.3+0.7 0.1tau.csv,1.4478638140921898,85.17739244734842,85.15802958407457,0.01936286327385517
0.3C dc.csv,0.3+0.7 0.1tau.csv,1.4494942913603115,85.27331233599627,85.26603347143995,0.0072788645563122145
0.3C dc.csv,0.3+0.7 0.1tau.csv,1.4511247686284334,85.36923223319477,85.37395088310521,-0.004718649910444128
0.3C dc.csv,0.3+0.7 0.1tau.csv,1.4527552458965551,85.46515192072324,85.48355471767212,-0.0184027969488767
0.3C dc.csv,0.3+0.7 0.1tau.csv,1.454385723164677,85.56107169015023,85.59315636552684,-0.032084675376609084
0.3C dc.csv,0.3+0.7 0.1tau.csv,1.4560162004327988,85.65699118145733,85.70103733558493,-0.04404615412759938
0.3C dc.csv,0.3+0.7 0.1tau.csv,1.4576466777009207,85.75291035213094,85.73710677339032,0.01580357874061633
0.3C dc.csv,0.3+0.7 0.1tau.csv,1.4592771549690426,85.84882993782242,85.84397583737415,0.00485410044827006
0.3C dc.csv,0.3+0.7 0.1tau.csv,1.4609076322371644,85.94474915349491,85.95288009323532,-0.008130939740411236
0.3C dc.csv,0.3+0.7 0.1tau.csv,1.4625381095052863,86.04066834851132,86.06243145074994,-0.021763102238622878
0.3C dc.csv,0.3+0.7 0.1tau.csv,1.464168586773408,86.13658764138586,86.17133891435859,-0.034751272972727065
0.3C dc.csv,0.3+0.7 0.1tau.csv,1.46579906404153,86.23250683153104,86.22005336402168,0.012453467509359939
0.3C dc.csv,0.3+0.7 0.1tau.csv,1.4674295413096516,86.32842639979712,86.31535644502323,0.013069954773897052
0.3C dc.csv,0.3+0.7 0.1tau.csv,1.4690600185777736,86.42434602323465,86.42231609327446,0.00202992996018736
0.3C dc.csv,0.3+0.7 0.1tau.csv,1.4706904958458953,86.52026521615338,86.5317559980943,-0.011490781940921124
0.3C dc.csv,0.3+0.7 0.1tau.csv,1.4723209731140172,86.61618510560999,86.64105652390437,-0.024871418294381442
0.3C dc.csv,0.3+0.7 0.1tau.csv,1.4739514503821392,86.71210548922069,86.74976164924591,-0.03765616002522165
0.3C dc.csv,0.3+0.7 0.1tau.csv,1.4755819276502609,86.80802557810132,86.78825469519991,0.019770882901411824
0.3C dc.csv,0.3+0.7 0.1tau.csv,1.4772124049183828,86.90394579130619,86.89215812490447,0.011787666401716024
0.3C dc.csv,0.3+0.7 0.1tau.csv,1.4788428821865045,86.9998659514862,87.00220406920806,-0.0023381177218624316
0.3C dc.csv,0.3+0.7 0.1tau.csv,1.4804733594546264,87.09578627410275,87.110609837655,-0.014823563552255337
0.3C dc.csv,0.3+0.7 0.1tau.csv,1.4821038367227481,87.19170598583518,87.2183956286953,-0.02668964286011999
0.3C dc.csv,0.3+0.7 0.1tau.csv,1.48373431399087,87.2876259539287,87.32756878491904,-0.03994283099034135
0.3C dc.csv,0.3+0.7 0.1tau.csv,1.485364791258992,87.38354591140546,87.36547323659778,0.018072674807683597
0.3C dc.csv,0.3+0.7 0.1tau.csv,1.4869952685271137,87.47946612304423,87.4700065279544,0.009459595089836625
0.3C dc.csv,0.3+0.7 0.1tau.csv,1.4886257457952357,87.57538645131869,87.5789467974026,-0.0035603460839013223
0.3C dc.csv,0.3+0.7 0.1tau.csv,1.4902562230633574,87.67130685451845,87.68784990308549,-0.01654304856704414
0.3C dc.csv,0.3+0.7 0.1tau.csv,1.4918867003314793,87.76722732014288,87.79720232692878,-0.0299750067859037
0.3C dc.csv,0.3+0.7 0.1tau.csv,1.493517177599601,87.8631476806505,87.90669337547851,-0.04354569482801196
0.3C dc.csv,0.3+0.7 0.1tau.csv,1.495147654867723,87.95906710585528,87.9409323211961,0.018134784659181946
0.3C dc.csv,0.3+0.7 0.1tau.csv,1.4967781321358447,88.05498660399864,88.04888599377921,0.006100610219434088
0.3C dc.csv,0.3+0.7 0.1tau.csv,1.4984086094039666,88.15090576111403,88.15717594430008,-0.006270183186046552
0.3C dc.csv,0.3+0.7 0.1tau.csv,1.5000390866720885,88.24682497919402,88.26663440667649,-0.019809427482471165
0.3C dc.csv,0.3+0.7 0.1tau.csv,1.5016695639402102,88.34274444509451,88.37620885282658,-0.033464407732068935
0.3C dc.csv,0.3+0.7 0.1tau.csv,1.5033000412083322,88.43866420645243,88.4222215880502,0.016442618402223275
0.3C dc.csv,0.3+0.7 0.1tau.csv,1.5049305184764539,88.5345840687464,88.51955854106676,0.01502552767964005
0.3C dc.csv,0.3+0.7 0.1tau.csv,1.5065609957445758,88.63050429773547,88.62729695948936,0.0032073382461135225
0.3C dc.csv,0.3+0.7 0.1tau.csv,1.5081914730126975,88.72642417037792,88.73599344655145,-0.009569276173522212
0.3C dc.csv,0.3+0.7 0.1tau.csv,1.5098219502808194,88.82234407323291,88.84558953383103,-0.02324546059811894
0.3C dc.csv,0.3+0.7 0.1tau.csv,1.5114524275489414,88.91826466966225,88.95473119052066,-0.0364665208584114
0.3C dc.csv,0.3+0.7 0.1tau.csv,1.513082904817063,89.0141850418025,88.99568265287496,0.01850238892754419
0.3C dc.csv,0.3+0.7 0.1tau.csv,1.514713382085185,89.11010558645238,89.0982107386629,0.01189484778947758
0.3C dc.csv,0.3+0.7 0.1tau.csv,1.5163438593533067,89.20602595885121,89.20538099045599,0.0006449683952212126
0.3C dc.csv,0.3+0.7 0.1tau.csv,1.5179743366214287,89.3019467537146,89.31493989132244,-0.012993137607836047
0.3C dc.csv,0.3+0.7 0.1tau.csv,1.5196048138895504,89.39786719492994,89.4244646121244,-0.026597417194452078
0.3C dc.csv,0.3+0.7 0.1tau.csv,1.5212352911576723,89.49378741408448,89.53288897935809,-0.03910156527361153
0.3C dc.csv,0.3+0.7 0.1tau.csv,1.522865768425794,89.58970785132523,89.57024718541209,0.01946066591314377
0.3C dc.csv,0.3+0.7 0.1tau.csv,1.524496245693916,89.68562805409556,89.67577688010911,0.009851173986447748
0.3C dc.csv,0.3+0.7 0.1tau.csv,1.5261267229620379,89.78154864073053,89.78436082609308,-0.0028121853625435733
0.3C dc.csv,0.3+0.7 0.1tau.csv,1.5277572002301596,89.87746927217715,89.89379229042983,-0.016323018252677457
0.3C dc.csv,0.3+0.7 0.1tau.csv,1.5293876774982815,89.97338944037045,90.00280102763504,-0.029411587264590366
0.3C dc.csv,0.3+0.7 0.1tau.csv,1.5310181547664032,90.06930984427581,90.11164911190038,-0.04233926762456974
0.3C dc.csv,0.3+0.7 0.1tau.csv,1.5326486320345252,90.16523002032906,90.14844036268906,0.016789657640003952
0.3C dc.csv,0.3+0.7 0.1tau.csv,1.5342791093026469,90.26115030784338,90.25400224064063,0.0071480672027490755
0.3C dc.csv,0.3+0.7 0.1tau.csv,1.5359095865707688,90.35707046977596,90.36323707523727,-0.0061666054613027654
0.3C dc.csv,0.3+0.7 0.1tau.csv,1.5375400638388907,90.45299140215671,90.47231643233918,-0.019325030182471892
0.3C dc.csv,0.3+0.7 0.1tau.csv,1.5391705411070125,90.54891172379864,90.58144412258073,-0.03253239878209513
0.3C dc.csv,0.3+0.7 0.1tau.csv,1.5408010183751344,90.64483231043765,90.69067866414684,-0.04584635370919443
0.3C dc.csv,0.3+0.7 0.1tau.csv,1.542431495643256,90.74075276043784,90.7246793665779,0.016073393859940666
0.3C dc.csv,0.3+0.7 0.1tau.csv,1.544061972911378,90.83667274374312,90.83288964790513,0.003783095837988526
0.3C dc.csv,0.3+0.7 0.1tau.csv,1.5456924501794997,90.93259280070487,90.94167239372331,-0.009079593018441301
0.3C dc.csv,0.3+0.7 0.1tau.csv,1.5473229274476217,91.0285127614436,91.05086993483643,-0.02235717339283383
0.3C dc.csv,0.3+0.7 0.1tau.csv,1.5489534047157434,91.12443329584084,91.16028811513482,-0.035854819293973605
0.3C dc.csv,0.3+0.7 0.1tau.csv,1.5505838819838653,91.22035391147381,91.20138565746916,0.018968254004647633
0.3C dc.csv,0.3+0.7 0.1tau.csv,1.5522143592519873,91.3162739179737,91.30304199124487,0.01323192672883522
0.3C dc.csv,0.3+0.7 0.1tau.csv,1.553844836520109,91.412194442128,91.41141909548807,0.0007753466399265108
0.3C dc.csv,0.3+0.7 0.1tau.csv,1.555475313788231,91.50811532570917,91.5201531077465,-0.012037782037324973
0.3C dc.csv,0.3+0.7 0.1tau.csv,1.5571057910563526,91.60403576465347,91.62971619102187,-0.02568042636839607
0.3C dc.csv,0.3+0.7 0.1tau.csv,1.5587362683244745,91.69995617322266,91.7390270447305,-0.03907087150784605
0.3C dc.csv,0.3+0.7 0.1tau.csv,1.5603667455925962,91.79587645819772,91.77552563195745,0.020350826240274955
0.3C dc.csv,0.3+0.7 0.1tau.csv,1.5619972228607182,91.89179721414042,91.88180998697798,0.009987227162440604
0.3C dc.csv,0.3+0.7 0.1tau.csv,1.5636277001288401,91.98771750961707,91.98948814080784,-0.0017706311907659256
0.3C dc.csv,0.3+0.7 0.1tau.csv,1.5652581773969618,92.08363845955249,92.09908931043076,-0.01545085087826692
0.3C dc.csv,0.3+0.7 0.1tau.csv,1.5668886546650838,92.17955913012979,92.20868874809891,-0.029129617969118726
0.3C dc.csv,0.3+0.7 0.1tau.csv,1.5685191319332055,92.2754796229588,92.31685609564742,-0.041376472688625654
0.3C dc.csv,0.3+0.7 0.1tau.csv,1.5701496092013274,92.37140065057767,92.35314539764609,0.018255252931581367
0.3C dc.csv,0.3+0.7 0.1tau.csv,1.5717800864694491,92.4673216590301,92.45988264177731,0.007439017252792723
0.3C dc.csv,0.3+0.7 0.1tau.csv,1.573410563737571,92.56324252696915,92.568447482808,-0.005204955838848946
0.3C dc.csv,0.3+0.7 0.1tau.csv,1.5750410410056928,92.65916373201044,92.6779785197297,-0.018814787719264814
0.3C dc.csv,0.3+0.7 0.1tau.csv,1.5766715182738147,92.75508536291856,92.7870200071148,-0.031934644196240924
0.3C dc.csv,0.3+0.7 0.1tau.csv,1.5783019955419366,92.85100742228747,92.89543488618737,-0.04442746389990759
0.3C dc.csv,0.3+0.7 0.1tau.csv,1.5799324728100583,92.94692897454081,92.93152437037189,0.01540460416892131
0.3C dc.csv,0.3+0.7 0.1tau.csv,1.5815629500781803,93.04285035980355,93.03794690247948,0.004903457324076044
0.3C dc.csv,0.3+0.7 0.1tau.csv,1.583193427346302,93.13877192181498,93.14739452772591,-0.008622605910929337
0.3C dc.csv,0.3+0.7 0.1tau.csv,1.584823904614424,93.23469332182796,93.25676436001,-0.02207103818203393
0.3C dc.csv,0.3+0.7 0.1tau.csv,1.5864543818825456,93.3306146378534,93.36554548773464,-0.03493084988123485
0.3C dc.csv,0.3+0.7 0.1tau.csv,1.5880848591506675,93.42653642145326,93.40504623162218,0.021490189831084194
0.3C dc.csv,0.3+0.7 0.1tau.csv,1.5897153364187893,93.52245800282554,93.50851348911701,0.013944513708537443
0.3C dc.csv,0.3+0.7 0.1tau.csv,1.5913458136869112,93.61837931590337,93.61693376949175,0.0014455464116167605
0.3C dc.csv,0.3+0.7 0.1tau.csv,1.5929762909550331,93.7143005714072,93.72605333916268,-0.011752767755481841
0.3C dc.csv,0.3+0.7 0.1tau.csv,1.5946067682231548,93.81022145051628,93.83513111888485,-0.024909668368565008
0.3C dc.csv,0.3+0.7 0.1tau.csv,1.5962372454912768,93.90614260431425,93.94432332004732,-0.0381807157330627
0.3C dc.csv,0.3+0.7 0.1tau.csv,1.5978677227593985,94.00206435258876,93.98283606141865,0.01922829117010849
0.3C dc.csv,0.3+0.7 0.1tau.csv,1.5994982000275204,94.09798627288006,94.08679417097747,0.011192101902594231
0.3C dc.csv,0.3+0.7 0.1tau.csv,1.6011286772956421,94.19390795934665,94.19565198059436,-0.001744021247716887
0.3C dc.csv,0.3+0.7 0.1tau.csv,1.602759154563764,94.28982897076865,94.30451512919636,-0.014686158427707596
0.3C dc.csv,0.3+0.7 0.1tau.csv,1.604389631831886,94.38575018596525,94.41391684078766,-0.02816665482241376
0.3C dc.csv,0.3+0.7 0.1tau.csv,1.6060201091000077,94.48167133156795,94.52340257096787,-0.041731239399922515
0.3C dc.csv,0.3+0.7 0.1tau.csv,1.6076505863681296,94.5775920503753,94.5581430875848,0.019448962790505675
0.3C dc.csv,0.3+0.7 0.1tau.csv,1.6092810636362513,94.67351288341153,94.66568517476084,0.007827708650694376
0.3C dc.csv,0.3+0.7 0.1tau.csv,1.6109115409043733,94.76943325737392,94.77384629667965,-0.004413039305731559
0.3C dc.csv,0.3+0.7 0.1tau.csv,1.612542018172495,94.86535371773407,94.88326162857574,-0.017907910841671537
0.3C dc.csv,0.3+0.7 0.1tau.csv,1.614172495440617,94.9612749038456,94.99281133016724,-0.03153642632163667
0.3C dc.csv,0.3+0.7 0.1tau.csv,1.6158029727087386,95.05719566031209,95.1006531648312,-0.04345750451911101
0.3C dc.csv,0.3+0.7 0.1tau.csv,1.6174334499768606,95.15311634135759,95.1362912102506,0.016825131106983804
0.3C dc.csv,0.3+0.7 0.1tau.csv,1.6190639272449825,95.24903699276526,95.24392482915208,0.00511216361317679
0.3C dc.csv,0.3+0.7 0.1tau.csv,1.6206944045131042,95.34495744716257,95.35257330783442,-0.0076158606718479405
0.3C dc.csv,0.3+0.7 0.1tau.csv,1.6223248817812261,95.44087799168473,95.46217292134737,-0.02129492966264479
0.3C dc.csv,0.3+0.7 0.1tau.csv,1.6239553590493478,95.53679843907014,95.57133004511365,-0.03453160604351524
0.3C dc.csv,0.3+0.7 0.1tau.csv,1.6255858363174698,95.63271937209727,95.61458619481382,0.018133177283445434
0.3C dc.csv,0.3+0.7 0.1tau.csv,1.6272163135855915,95.72864035597745,95.71492923936198,0.0137111166154682
0.3C dc.csv,0.3+0.7 0.1tau.csv,1.6288467908537134,95.82456131216296,95.82194894918844,0.0026123629745171684
0.3C dc.csv,0.3+0.7 0.1tau.csv,1.6304772681218354,95.92048199471267,95.93148602175387,-0.01100402704119574
0.3C dc.csv,0.3+0.7 0.1tau.csv,1.632107745389957,96.01640227401832,96.04098814661509,-0.024585872596773584
0.3C dc.csv,0.3+0.7 0.1tau.csv,1.633738222658079,96.11232286546672,96.14948843178365,-0.037165566316929244
0.3C dc.csv,0.3+0.7 0.1tau.csv,1.6353686999262007,96.20824385666165,96.18714429245311,0.021099564208540755
0.3C dc.csv,0.3+0.7 0.1tau.csv,1.6369991771943226,96.3041647387587,96.29243490343092,0.011729835327784599
0.3C dc.csv,0.3+0.7 0.1tau.csv,1.6386296544624444,96.40008565454913,96.40093927310281,-0.0008536185536769381
0.3C dc.csv,0.3+0.7 0.1tau.csv,1.6402601317305663,96.49600693559023,96.51032589143692,-0.014318955846690073
0.3C dc.csv,0.3+0.7 0.1tau.csv,1.641890608998688,96.59192795868837,96.6193412904537,-0.027413331765330895
0.3C dc.csv,0.3+0.7 0.1tau.csv,1.64352108626681,96.68784919919872,96.72826745379417,-0.04041825459545123
0.3C dc.csv,0.3+0.7 0.1tau.csv,1.6451515635349319,96.78377044788775,96.76530715174067,0.018463296147075425
0.3C dc.csv,0.3+0.7 0.1tau.csv,1.6467820408030536,96.87969122027542,96.87063199485588,0.0090592254195343
0.3C dc.csv,0.3+0.7 0.1tau.csv,1.6484125180711755,96.97561224118151,96.97979564680254,-0.004183405621034808
0.3C dc.csv,0.3+0.7 0.1tau.csv,1.6500429953392972,97.07153307365543,97.08883361452489,-0.017300540869456427
0.3C dc.csv,0.3+0.7 0.1tau.csv,1.6516734726074191,97.16745384400237,97.19803890648245,-0.030585062480085412
0.3C dc.csv,0.3+0.7 0.1tau.csv,1.6533039498755409,97.26337522285115,97.30736083339674,-0.04398561054559025
0.3C dc.csv,0.3+0.7 0.1tau.csv,1.6549344271436628,97.35929624172407,97.34156131807647,0.01773492364759477
0.3C dc.csv,0.3+0.7 0.1tau.csv,1.6565649044117847,97.4552174870785,97.44957439368848,0.005643093390020226
0.3C dc.csv,0.3+0.7 0.1tau.csv,1.6581953816799064,97.55113857837348,97.5582785561568,-0.007139977783310769
0.3C dc.csv,0.3+0.7 0.1tau.csv,1.6598258589480284,97.64705916777949,97.66750701344175,-0.02044784566226099
0.3C dc.csv,0.3+0.7 0.1tau.csv,1.66145633621615,97.74297961432471,97.77697778128689,-0.033998166962177834
0.3C dc.csv,0.3+0.7 0.1tau.csv,1.663086813484272,97.83890013804371,97.81915749715664,0.019742640887074003
0.3C dc.csv,0.3+0.7 0.1tau.csv,1.6647172907523937,97.9348209311079,97.9198894377597,0.01493149334820032
0.3C dc.csv,0.3+0.7 0.1tau.csv,1.6663477680205157,98.03074177764934,98.02814908598508,0.0025926916642617925
0.3C dc.csv,0.3+0.7 0.1tau.csv,1.6679782452886374,98.12666230245816,98.13682724041666,-0.010164937958506925
0.3C dc.csv,0.3+0.7 0.1tau.csv,1.6696087225567593,98.22258303827515,98.24636572941832,-0.023782691143168222
0.3C dc.csv,0.3+0.7 0.1tau.csv,1.6712391998248812,98.3185035547745,98.35565357803418,-0.03715002325968442
0.3C dc.csv,0.3+0.7 0.1tau.csv,1.672869677093003,98.41442385032116,98.39309425907587,0.021329591245290658
0.3C dc.csv,0.3+0.7 0.1tau.csv,1.6745001543611249,98.51034471584363,98.49858808945096,0.011756626392667613
0.3C dc.csv,0.3+0.7 0.1tau.csv,1.6761306316292466,98.6062656474851,98.60612441617785,0.00014123130725351984
0.3C dc.csv,0.3+0.7 0.1tau.csv,1.6777611088973685,98.70218694043831,98.71572373983523,-0.013536799396916877
0.3C dc.csv,0.3+0.7 0.1tau.csv,1.6793915861654902,98.79810817433338,98.82533184365414,-0.0272236693207617
0.3C dc.csv,0.3+0.7 0.1tau.csv,1.6810220634336122,98.89402912866245,98.93355959866666,-0.03953047000420895
0.3C dc.csv,0.3+0.7 0.1tau.csv,1.6826525407017339,98.98994948067123,98.9700486354006,0.019900845270626633
0.3C dc.csv,0.3+0.7 0.1tau.csv,1.6842830179698558,99.08586971645101,99.07655797490636,0.009311741544649976
0.3C dc.csv,0.3+0.7 0.1tau.csv,1.6859134952379777,99.1817906511613,99.18505447485809,-0.0032638236967983403
0.3C dc.csv,0.3+0.7 0.1tau.csv,1.6875439725060994,99.27771181795647,99.29456351659113,-0.01685169863465319
0.3C dc.csv,0.3+0.7 0.1tau.csv,1.6891744497742214,99.37363281757656,99.40362714422373,-0.029994326647170055
0.3C dc.csv,0.3+0.7 0.1tau.csv,1.690804927042343,99.46955378923472,99.51210630449815,-0.04255251526342363
0.3C dc.csv,0.3+0.7 0.1tau.csv,1.692435404310465,99.5654743654229,99.54833435398187,0.017140011441028946
0.3C dc.csv,0.3+0.7 0.1tau.csv,1.6940658815785867,99.66139454345377,99.65454476190122,0.006849781552546119
0.3C dc.csv,0.3+0.7 0.1tau.csv,1.6956963588467087,99.75731493639377,99.76394847824423,-0.006633541850462166
0.3C dc.csv,0.3+0.7 0.1tau.csv,1.6973268361148306,99.85323540305664,99.87326990763368,-0.02003450457704048
0.3C dc.csv,0.3+0.7 0.1tau.csv,1.6989573133829523,99.94915615498716,99.9821464770578,-0.03299032207063135
0.3C dc.csv,0.3+0.7 0.1tau.csv,1.7005877906510742,100.04507714651858,100.02216517667794,0.022911969840635038
0.3C dc.csv,0.3+0.7 0.1tau.csv,1.702218267919196,100.14099814879924,100.12535225157625,0.015645897222995586
0.3C dc.csv,0.3+0.7 0.1tau.csv,1.7038487451873179,100.23691951199612,100.23359487556338,0.0033246364327368383
0.3C dc.csv,0.3+0.7 0.1tau.csv,1.7054792224554396,100.3328406507403,100.34265520051244,-0.009814549772144687
0.3C dc.csv,0.3+0.7 0.1tau.csv,1.7071096997235615,100.42876176080041,100.45176826074882,-0.023006499948408532
0.3C dc.csv,0.3+0.7 0.1tau.csv,1.7087401769916832,100.52468259529961,100.56104881335177,-0.03636621805216578
0.3C dc.csv,0.3+0.7 0.1tau.csv,1.7103706542598052,100.62060312280921,100.60022465790303,0.020378464906187332
0.3C dc.csv,0.3+0.7 0.1tau.csv,1.712001131527927,100.71652438272977,100.70355470721503,0.012969675514739265
0.3C dc.csv,0.3+0.7 0.1tau.csv,1.7136316087960488,100.81244538788468,100.81233678248353,0.00010860540115231743
0.3C dc.csv,0.3+0.7 0.1tau.csv,1.7152620860641707,100.90836597301325,100.92116327310269,-0.012797300089445685
0.3C dc.csv,0.3+0.7 0.1tau.csv,1.7168925633322925,101.0042868403955,101.03062407097129,-0.026337230575791182
0.3C dc.csv,0.3+0.7 0.1tau.csv,1.7185230406004144,101.10020790434547,101.14016547342898,-0.03995756908351211
0.3C dc.csv,0.3+0.7 0.1tau.csv,1.720153517868536,101.19612916664413,101.17564313195996,0.02048603468416843
0.3C dc.csv,0.3+0.7 0.1tau.csv,1.721783995136658,101.29205030217372,101.2825150372089,0.009535264964824819
0.3C dc.csv,0.3+0.7 0.1tau.csv,1.72341447240478,101.38797121380135,101.39056417202553,-0.002592958224184372
0.3C dc.csv,0.3+0.7 0.1tau.csv,1.7250449496729017,101.48389225402099,101.49999140392845,-0.016099149907461197
0.3C dc.csv,0.3+0.7 0.1tau.csv,1.7266754269410236,101.57981323692626,101.60956956686293,-0.02975632993667432
0.3C dc.csv,0.3+0.7 0.1tau.csv,1.7283059042091453,101.67573390419315,101.71760734315433,-0.04187343896117568
0.3C dc.csv,0.3+0.7 0.1tau.csv,1.7299363814772672,101.7716548168005,101.75332465249679,0.018330164303719698
0.3C dc.csv,0.3+0.7 0.1tau.csv,1.731566858745389,101.86757575210515,101.86080116251885,0.0067745895862998395
0.3C dc.csv,0.3+0.7 0.1tau.csv,1.733197336013511,101.96349636462222,101.96935039543209,-0.005854030809871347
0.3C dc.csv,0.3+0.7 0.1tau.csv,1.7348278132816326,102.05941709729036,102.07895359947491,-0.019536502184550386
0.3C dc.csv,0.3+0.7 0.1tau.csv,1.7364582905497545,102.15533825773296,102.1881213337928,-0.032783076059828886
0.3C dc.csv,0.3+0.7 0.1tau.csv,1.7380887678178765,102.25125929731605,102.23573214203454,0.015527155281517935
0.3C dc.csv,0.3+0.7 0.1tau.csv,1.7397192450859982,102.34718068807342,102.33197969875049,0.015200989322934788
0.3C dc.csv,0.3+0.7 0.1tau.csv,1.74134972235412,102.44310173841075,102.43878912106045,0.00431261735029409
0.3C dc.csv,0.3+0.7 0.1tau.csv,1.7429801996222418,102.53902236877443,102.54831054685381,-0.009288178079387421
0.3C dc.csv,0.3+0.7 0.1tau.csv,1.7446106768903638,102.63494289104298,102.65779614706933,-0.022853256026351687
0.3C dc.csv,0.3+0.7 0.1tau.csv,1.7462411541584855,102.73086347439114,102.76636187727742,-0.035498402886275926
0.3C dc.csv,0.3+0.7 0.1tau.csv,1.7478716314266074,102.82678372545513,102.8044689000697,0.022314825385436166
0.3C dc.csv,0.3+0.7 0.1tau.csv,1.7495021086947293,102.92270438745524,102.90943542185367,0.013268965601568539
0.3C dc.csv,0.3+0.7 0.1tau.csv,1.751132585962851,103.01862521219707,103.01772822031049,0.0008969918865773252
0.3C dc.csv,0.3+0.7 0.1tau.csv,1.752763063230973,103.11454632428801,103.12707238856383,-0.012526064275817816
0.3C dc.csv,0.3+0.7 0.1tau.csv,1.7543935404990947,103.21046738577688,103.23608920043857,-0.025621814661690223
0.3C dc.csv,0.3+0.7 0.1tau.csv,1.7560240177672166,103.30638801685075,103.34503991720716,-0.038651900356413194
0.3C dc.csv,0.3+0.7 0.1tau.csv,1.7576544950353383,103.40230883176558,103.38249985843069,0.0198089733348894
0.3C dc.csv,0.3+0.7 0.1tau.csv,1.7592849723034603,103.49822978532946,103.48738418163596,0.010845603693496741
0.3C dc.csv,0.3+0.7 0.1tau.csv,1.760915449571582,103.59415055109203,103.59648996748878,-0.0023394163967509485
0.3C dc.csv,0.3+0.7 0.1tau.csv,1.762545926839704,103.690071148501,103.70550033735773,-0.015429188856728615
0.3C dc.csv,0.3+0.7 0.1tau.csv,1.7641764041078258,103.78599186953436,103.81473881803822,-0.02874694850386561
0.3C dc.csv,0.3+0.7 0.1tau.csv,1.7658068813759475,103.88191262214185,103.9240986942757,-0.04218607213384473
0.3C dc.csv,0.3+0.7 0.1tau.csv,1.7674373586440695,103.97783294765127,103.95863687445379,0.019196073197477403
0.3C dc.csv,0.3+0.7 0.1tau.csv,1.7690678359121912,104.07375373033267,104.06632042906705,0.0074333012656211395
0.3C dc.csv,0.3+0.7 0.1tau.csv,1.7706983131803131,104.1696748760307,104.17495315009712,-0.005278274066427002
0.3C dc.csv,0.3+0.7 0.1tau.csv,1.7723287904484348,104.26559616350913,104.28421594340615,-0.01861977989702268
0.3C dc.csv,0.3+0.7 0.1tau.csv,1.7739592677165568,104.3615174318953,104.39369475060742,-0.03217731871212948
0.3C dc.csv,0.3+0.7 0.1tau.csv,1.7755897449846785,104.45743882571516,104.43718928827795,0.020249537437209142
0.3C dc.csv,0.3+0.7 0.1tau.csv,1.7772202222528004,104.5533597562825,104.5367288091641,0.01663094711840074
0.3C dc.csv,0.3+0.7 0.1tau.csv,1.7788506995209223,104.64928031449352,104.64487772319592,0.0044025912976053405
0.3C dc.csv,0.3+0.7 0.1tau.csv,1.780481176789044,104.74520099468843,104.75350405949547,-0.008303064807037686
0.3C dc.csv,0.3+0.7 0.1tau.csv,1.782111654057166,104.8411213285239,104.86307614869804,-0.02195482017414463
0.3C dc.csv,0.3+0.7 0.1tau.csv,1.7837421313252877,104.93704203545197,104.97244630587534,-0.035404270423370576
0.3C dc.csv,0.3+0.7 0.1tau.csv,1.7853726085934096,105.03296273059722,105.01151204220065,0.021450688396569717
0.3C dc.csv,0.3+0.7 0.1tau.csv,1.7870030858615313,105.12888360129624,105.1154844925092,0.013399108787041314
0.3C dc.csv,0.3+0.7 0.1tau.csv,1.7886335631296533,105.22480444025615,105.2228467093371,0.001957730919045275
0.3C dc.csv,0.3+0.7 0.1tau.csv,1.7902640403977752,105.32072506564448,105.33245517981888,-0.011730114174397954
0.3C dc.csv,0.3+0.7 0.1tau.csv,1.791894517665897,105.41664611036236,105.44201962844978,-0.025373518087420166
0.3C dc.csv,0.3+0.7 0.1tau.csv,1.7935249949340188,105.5125674220873,105.55038332494954,-0.03781590286223491
0.3C dc.csv,0.3+0.7 0.1tau.csv,1.7951554722021406,105.60848841885384,105.58712596355012,0.021362455303716388
0.3C dc.csv,0.3+0.7 0.1tau.csv,1.7967859494702625,105.70440948612257,105.69347559894418,0.010933887178396162
0.3C dc.csv,0.3+0.7 0.1tau.csv,1.7984164267383842,105.8003308632433,105.8018802632704,-0.0015494000271019104
0.3C dc.csv,0.3+0.7 0.1tau.csv,1.8000469040065061,105.8962523576819,105.91137998877336,-0.015127631091459648
0.3C dc.csv,0.3+0.7 0.1tau.csv,1.8016773812746278,105.99217371519588,106.02044160595082,-0.028267890754946734
0.3C dc.csv,0.3+0.7 0.1tau.csv,1.8033078585427498,106.08809479307888,106.12904254142748,-0.040947748348600044
0.3C dc.csv,0.3+0.7 0.1tau.csv,1.8049383358108717,106.18401586740703,106.1655751980741,0.018440669332932202
0.3C dc.csv,0.3+0.7 0.1tau.csv,1.8065688130789934,106.27993668239708,106.27139645727286,0.008540225124221479
0.3C dc.csv,0.3+0.7 0.1tau.csv,1.8081992903471154,106.3758571765382,106.38075875841055,-0.004901581872346128
0.3C dc.csv,0.3+0.7 0.1tau.csv,1.809829767615237,106.47177769544095,106.48998647972823,-0.018208784287281787
0.3C dc.csv,0.3+0.7 0.1tau.csv,1.811460244883359,106.56769843797524,106.5989463057276,-0.031247867752355774
0.3C dc.csv,0.3+0.7 0.1tau.csv,1.8130907221514807,106.66361891930848,106.63970598627722,0.02391293303125508
0.3C dc.csv,0.3+0.7 0.1tau.csv,1.8147211994196026,106.75953911343231,106.74241852990251,0.017120583529802502
0.3C dc.csv,0.3+0.7 0.1tau.csv,1.8163516766877246,106.85545884242507,106.85037978215034,0.0050790602747241564
0.3C dc.csv,0.3+0.7 0.1tau.csv,1.8179821539558463,106.95137889137555,106.95939448799678,-0.008015596621220311
0.3C dc.csv,0.3+0.7 0.1tau.csv,1.8196126312239682,107.04729911580331,107.068495922663,-0.02119680685969172
0.3C dc.csv,0.3+0.7 0.1tau.csv,1.82124310849209,107.1432188009032,107.17782061683265,-0.034601815929448776
0.3C dc.csv,0.3+0.7 0.1tau.csv,1.8228735857602119,107.23913823784278,107.21782679833038,0.02131143951240233
0.3C dc.csv,0.3+0.7 0.1tau.csv,1.8245040630283336,107.33505810568772,107.32040401562783,0.014654090059892155
0.3C dc.csv,0.3+0.7 0.1tau.csv,1.8261345402964555,107.43097813198312,107.42905694380718,0.0019211881759417793
0.3C dc.csv,0.3+0.7 0.1tau.csv,1.8277650175645772,107.52689828322511,107.53779868361366,-0.010900400388550224
0.3C dc.csv,0.3+0.7 0.1tau.csv,1.8293954948326991,107.62281866757101,107.64726315455009,-0.024444486979078306
0.3C dc.csv,0.3+0.7 0.1tau.csv,1.831025972100821,107.7187394162185,107.75681335976165,-0.03807394354315363
0.3C dc.csv,0.3+0.7 0.1tau.csv,1.8326564493689428,107.81465995692042,107.79288967482246,0.021770282097961058
0.3C dc.csv,0.3+0.7 0.1tau.csv,1.8342869266370647,107.91058059674653,107.89922220273503,0.011358394011494966
0.3C dc.csv,0.3+0.7 0.1tau.csv,1.8359174039051864,108.00650117077659,108.00715355689229,-0.0006523861157035071
0.3C dc.csv,0.3+0.7 0.1tau.csv,1.8375478811733084,108.10242195693279,108.11662209194661,-0.014200135013823001
0.3C dc.csv,0.3+0.7 0.1tau.csv,1.83917835844143,108.19834244683967,108.22623381995517,-0.02789137311549439
0.3C dc.csv,0.3+0.7 0.1tau.csv,1.840808835709552,108.29426242413119,108.33435243794364,-0.04009001381244559
0.3C dc.csv,0.3+0.7 0.1tau.csv,1.842439312977674,108.39018271520843,108.37019388075367,0.019988834454750304
0.3C dc.csv,0.3+0.7 0.1tau.csv,1.8440697902457956,108.48610341012754,108.47751218599336,0.008591224134178788
0.3C dc.csv,0.3+0.7 0.1tau.csv,1.8457002675139176,108.58202407204254,108.58599610416016,-0.003972032117616209
0.3C dc.csv,0.3+0.7 0.1tau.csv,1.8473307447820393,108.6779445333758,108.69556102578198,-0.017616492406190787
0.3C dc.csv,0.3+0.7 0.1tau.csv,1.8489612220501612,108.77386512952033,108.804765291403,-0.030900161882669863
0.3C dc.csv,0.3+0.7 0.1tau.csv,1.850591699318283,108.86978534066031,108.91280413031136,-0.04301878965104322
0.3C dc.csv,0.3+0.7 0.1tau.csv,1.8522221765864049,108.96570600071253,108.94881284608363,0.016893154628903062
0.3C dc.csv,0.3+0.7 0.1tau.csv,1.8538526538545266,109.06162660803814,109.05543689456859,0.006189713469552771
0.3C dc.csv,0.3+0.7 0.1tau.csv,1.8554831311226485,109.15754702329252,109.16494490881115,-0.0073978855186283
0.3C dc.csv,0.3+0.7 0.1tau.csv,1.8571136083907704,109.25346735201103,109.2744191715419,-0.020951819530864668
0.3C dc.csv,0.3+0.7 0.1tau.csv,1.8587440856588922,109.34938760433563,109.3830898139386,-0.03370220960296422
0.3C dc.csv,0.3+0.7 0.1tau.csv,1.860374562927014,109.44530823452827,109.42164079550082,0.023667439027448722
0.3C dc.csv,0.3+0.7 0.1tau.csv,1.8620050401951358,109.54122892608756,109.52637679565439,0.014852130433169464
0.3C dc.csv,0.3+0.7 0.1tau.csv,1.8636355174632577,109.63714951671234,109.63447477521488,0.002674741497457944
0.3C dc.csv,0.3+0.7 0.1tau.csv,1.8652659947313794,109.7330697207347,109.74380021306358,-0.01073049232887513
0.3C dc.csv,0.3+0.7 0.1tau.csv,1.8668964719995014,109.82899026367467,109.8528975546803,-0.02390729100562794
0.3C dc.csv,0.3+0.7 0.1tau.csv,1.8685269492676233,109.924910645944,109.96194243214423,-0.037031786200230954
0.3C dc.csv,0.3+0.7 0.1tau.csv,1.870157426535745,110.02083133645533,110.00001438950066,0.020816946954667515
0.3C dc.csv,0.3+0.7 0.1tau.csv,1.871787903803867,110.1167513369655,110.10435547512598,0.012395861839522127
0.3C dc.csv,0.3+0.7 0.1tau.csv,1.8734183810719887,110.21267187927889,110.21341905345413,-0.0007471741752453909
0.3C dc.csv,0.3+0.7 0.1tau.csv,1.8750488583401106,110.30859213281296,110.32240477074126,-0.013812637928296567
0.3C dc.csv,0.3+0.7 0.1tau.csv,1.8766793356082323,110.40451246309331,110.43168687490045,-0.0271744118071382
0.3C dc.csv,0.3+0.7 0.1tau.csv,1.8783098128763542,110.5004322637134,110.54107915733954,-0.04064689362613194
0.3C dc.csv,0.3+0.7 0.1tau.csv,1.879940290144476,110.59635246471679,110.57642771695699,0.01992474775980213
0.3C dc.csv,0.3+0.7 0.1tau.csv,1.8815707674125979,110.69227313661533,110.68336418706103,0.008908949554296441
0.3C dc.csv,0.3+0.7 0.1tau.csv,1.8832012446807198,110.7881939218651,110.79187231666387,-0.003678394798768636
0.3C dc.csv,0.3+0.7 0.1tau.csv,1.8848317219488415,110.88411434018055,110.90108735965288,-0.01697301947233143
0.3C dc.csv,0.3+0.7 0.1tau.csv,1.8864621992169635,110.98003453749247,111.01062837408725,-0.030593836594775325
0.3C dc.csv,0.3+0.7 0.1tau.csv,1.8880926764850852,111.07595449536011,111.05618842904158,0.019766066318524622
0.3C dc.csv,0.3+0.7 0.1tau.csv,1.889723153753207,111.17187433600755,111.15386490362266,0.01800943238488628
0.3C dc.csv,0.3+0.7 0.1tau.csv,1.8913536310213288,111.26779424737472,111.26190612895633,0.0058881184183974256
0.3C dc.csv,0.3+0.7 0.1tau.csv,1.8929841082894507,111.36371356696041,111.3704300943065,-0.006716527346085854
0.3C dc.csv,0.3+0.7 0.1tau.csv,1.8946145855575725,111.459633261534,111.47998831163403,-0.020355050100036465
0.3C dc.csv,0.3+0.7 0.1tau.csv,1.8962450628256944,111.55555310497661,111.58944499870549,-0.03389189372887813
0.3C dc.csv,0.3+0.7 0.1tau.csv,1.8978755400938163,111.65147279715988,111.63123713804306,0.020235659116821125
0.3C dc.csv,0.3+0.7 0.1tau.csv,1.899506017361938,111.74739246954331,111.73262813332198,0.014764336221332997
0.3C dc.csv,0.3+0.7 0.1tau.csv,1.90113649463006,111.8433125594647,111.83975532700123,0.003557232463478499
0.3C dc.csv,0.3+0.7 0.1tau.csv,1.9027669718981817,111.93923304402914,111.94932597105198,-0.010092927022839149
0.3C dc.csv,0.3+0.7 0.1tau.csv,1.9043974491663036,112.03515421790782,112.05890558064891,-0.023751362741094795
0.3C dc.csv,0.3+0.7 0.1tau.csv,1.9060279264344253,112.13107561904792,112.16738020035075,-0.03630458130282932
0.3C dc.csv,0.3+0.7 0.1tau.csv,1.9076584037025472,112.22699707757859,112.204461838076,0.022535239502587956
0.3C dc.csv,0.3+0.7 0.1tau.csv,1.9092888809706692,112.32291842780032,112.31059590805954,0.012322519740777693
0.3C dc.csv,0.3+0.7 0.1tau.csv,1.9109193582387909,112.41883928293969,112.41873007500669,0.00010920793299362686
0.3C dc.csv,0.3+0.7 0.1tau.csv,1.9125498355069128,112.51476022337926,112.52822042840879,-0.01346020502953138
0.3C dc.csv,0.3+0.7 0.1tau.csv,1.9141803127750345,112.61068148513365,112.63734663774564,-0.02666515261198299
0.3C dc.csv,0.3+0.7 0.1tau.csv,1.9158107900431565,112.70660223412101,112.74602013615272,-0.03941790203171536
0.3C dc.csv,0.3+0.7 0.1tau.csv,1.9174412673112782,112.80252283695027,112.7829477985552,0.01957503839507524
0.3C dc.csv,0.3+0.7 0.1tau.csv,1.9190717445794,112.89844370409816,112.88836518751047,0.010078516587682884
0.3C dc.csv,0.3+0.7 0.1tau.csv,1.9207022218475218,112.99436468189168,112.99767782175563,-0.0033131398639483223
0.3C dc.csv,0.3+0.7 0.1tau.csv,1.9223326991156438,113.09028581351332,113.1068669484061,-0.016581134892774685
0.3C dc.csv,0.3+0.7 0.1tau.csv,1.9239631763837657,113.186206988497,113.21586945098299,-0.029662462485987362
0.3C dc.csv,0.3+0.7 0.1tau.csv,1.9255936536518874,113.2821281595961,113.32500908763195,-0.042880928035856414
0.3C dc.csv,0.3+0.7 0.1tau.csv,1.9272241309200093,113.37804946111729,113.3598268137003,0.018222647416990867
0.3C dc.csv,0.3+0.7 0.1tau.csv,1.928854608188131,113.47397041139833,113.46733652012747,0.006633891270851677
0.3C dc.csv,0.3+0.7 0.1tau.csv,1.930485085456253,113.56989100588399,113.5762626114798,-0.006371605595816732
0.3C dc.csv,0.3+0.7 0.1tau.csv,1.9321155627243747,113.66581163916995,113.685355713088,-0.01954407391805546
0.3C dc.csv,0.3+0.7 0.1tau.csv,1.9337460399924966,113.7617319531112,113.79473042374418,-0.03299847063298955
0.3C dc.csv,0.3+0.7 0.1tau.csv,1.9353765172606185,113.85765219736662,113.83591398104454,0.02173821632207762
0.3C dc.csv,0.3+0.7 0.1tau.csv,1.9370069945287403,113.9535724048004,113.93743622532607,0.016136179474329992
0.3C dc.csv,0.3+0.7 0.1tau.csv,1.9386374717968622,114.04949237835766,114.04602667598799,0.003465702369666701
0.3C dc.csv,0.3+0.7 0.1tau.csv,1.940267949064984,114.14541274462319,114.1547075422585,-0.009294797635320151
0.3C dc.csv,0.3+0.7 0.1tau.csv,1.9418984263331058,114.24133293131923,114.264180943608,-0.022848012288761765
0.3C dc.csv,0.3+0.7 0.1tau.csv,1.9435289036012275,114.33725283066896,114.37374321916742,-0.0364903884984642
0.3C dc.csv,0.3+0.7 0.1tau.csv,1.9451593808693495,114.43317267224869,114.4113325088628,0.0218401633858889
0.3C dc.csv,0.3+0.7 0.1tau.csv,1.9467898581374712,114.52909285764937,114.5163141819423,0.012778675707068032
0.3C dc.csv,0.3+0.7 0.1tau.csv,1.9484203354055931,114.62501286256973,114.62414590853312,0.0008669540366099682
0.3C dc.csv,0.3+0.7 0.1tau.csv,1.950050812673715,114.7209331878839,114.73352919469335,-0.012596006809445726
0.3C dc.csv,0.3+0.7 0.1tau.csv,1.9516812899418368,114.81685308411701,114.84313271338962,-0.026279629272607963
0.3C dc.csv,0.3+0.7 0.1tau.csv,1.9533117672099587,114.91277279045435,114.95142195321665,-0.03864916276229735
0.3C dc.csv,0.3+0.7 0.1tau.csv,1.9549422444780804,115.00869252184681,114.98742349708532,0.021269024761494393
0.3C dc.csv,0.3+0.7 0.1tau.csv,1.9565727217462023,115.10461290154264,115.09458730557563,0.010025595967007916
0.3C dc.csv,0.3+0.7 0.1tau.csv,1.958203199014324,115.20053324018016,115.20286017579407,-0.0023269356139081765
0.3C dc.csv,0.3+0.7 0.1tau.csv,1.959833676282446,115.29645329938921,115.31244548815447,-0.01599218876525299
0.3C dc.csv,0.3+0.7 0.1tau.csv,1.961464153550568,115.39237347376012,115.42169093501491,-0.02931746125479151
0.3C dc.csv,0.3+0.7 0.1tau.csv,1.9630946308186896,115.48829340603533,115.52984025479553,-0.041546848760205535
0.3C dc.csv,0.3+0.7 0.1tau.csv,1.9647251080868116,115.58421323502579,115.56604770862887,0.01816552639691338
0.3C dc.csv,0.3+0.7 0.1tau.csv,1.9663555853549333,115.68013308552756,115.67234377642588,0.007789309101681852
0.3C dc.csv,0.3+0.7 0.1tau.csv,1.9679860626230552,115.77605318406694,115.7818485387247,-0.005795354657763596
0.3C dc.csv,0.3+0.7 0.1tau.csv,1.969616539891177,115.87197316528837,115.8912658895944,-0.0192927243060268
0.3C dc.csv,0.3+0.7 0.1tau.csv,1.9712470171592988,115.96789330833587,116.00000628968407,-0.03211298134819174
0.3C dc.csv,0.3+0.7 0.1tau.csv,1.9728774944274206,116.06381310509427,116.03916191062653,0.02465119446773656
0.3C dc.csv,0.3+0.7 0.1tau.csv,1.9745079716955425,116.15973268787953,116.14356369028972,0.016168997589801393
0.3C dc.csv,0.3+0.7 0.1tau.csv,1.9761384489636644,116.2556528808941,116.25136518955134,0.00428769134276763
0.3C dc.csv,0.3+0.7 0.1tau.csv,1.9777689262317861,116.35157299182896,116.36059644543319,-0.009023453604228848
0.3C dc.csv,0.3+0.7 0.1tau.csv,1.979399403499908,116.44749299275159,116.46961486309603,-0.022121870344435024
0.3C dc.csv,0.3+0.7 0.1tau.csv,1.9810298807680298,116.54341300712113,116.57870996667027,-0.035296959549143025
0.3C dc.csv,0.3+0.7 0.1tau.csv,1.9826603580361517,116.63933329852871,116.61735305356885,0.02198024495986317
0.3C dc.csv,0.3+0.7 0.1tau.csv,1.9842908353042734,116.73525344236141,116.72111219848153,0.014141243879876697
0.3C dc.csv,0.3+0.7 0.1tau.csv,1.9859213125723953,116.83117343995559,116.83008575580833,0.0010876841472651222
0.3C dc.csv,0.3+0.7 0.1tau.csv,1.987551789840517,116.9270934514288,116.93895693236608,-0.011863480937279292
0.3C dc.csv,0.3+0.7 0.1tau.csv,1.989182267108639,117.02301339838435,117.04831403699278,-0.025300638608428017
0.3C dc.csv,0.3+0.7 0.1tau.csv,1.990812744376761,117.11893319411055,117.15774784453114,-0.038814650420590624
0.3C dc.csv,0.3+0.7 0.1tau.csv,1.9924432216448826,117.21485285439113,117.1935146720008,0.021338182390323368
0.3C dc.csv,0.3+0.7 0.1tau.csv,1.9940736989130046,117.31077266379364,117.30008777320627,0.010684890587370433
0.3C dc.csv,0.3+0.7 0.1tau.csv,1.9957041761811263,117.40669254033001,117.4085303592986,-0.001837818968581928
0.3C dc.csv,0.3+0.7 0.1tau.csv,1.9973346534492482,117.50261315711441,117.51773028239228,-0.015117125277868126
0.3C dc.csv,0.3+0.7 0.1tau.csv,1.99896513071737,117.59853363478015,117.62728087699415,-0.028747242213995605
0.3C dc.csv,0.3+0.7 0.1tau.csv,2.000595607985492,117.69445417390074,117.7354017959473,-0.04094762204655922
0.3C dc.csv,0.3+0.7 0.1tau.csv,2.002226085253614,117.79037469282888,117.77069296034938,0.019681732479497782
0.3C dc.csv,0.3+0.7 0.1tau.csv,2.0038565625217357,117.88629538571564,117.87863124971992,0.007664135995725019
0.3C dc.csv,0.3+0.7 0.1tau.csv,2.005487039789857,117.98221576501193,117.98705536612194,-0.004839601110006697
0.3C dc.csv,0.3+0.7 0.1tau.csv,2.007117517057979,118.07813592056777,118.09665851594266,-0.01852259537488976
0.3C dc.csv,0.3+0.7 0.1tau.csv,2.008747994326101,118.17405594659078,118.20612310314155,-0.03206715655076664
0.3C dc.csv,0.3+0.7 0.1tau.csv,2.010378471594223,118.2699761641072,118.25024118377013,0.01973498033707699
0.3C dc.csv,0.3+0.7 0.1tau.csv,2.0120089488623445,118.36589589352266,118.34948793750722,0.016407956015441982
0.3C dc.csv,0.3+0.7 0.1tau.csv,2.0136394261304664,118.46181586832968,118.45639433727688,0.00542153105280363
0.3C dc.csv,0.3+0.7 0.1tau.csv,2.0152699033985884,118.55773554408846,118.5659853039805,-0.008249759892038355
0.3C dc.csv,0.3+0.7 0.1tau.csv,2.0169003806667103,118.6536551203442,118.67553201157303,-0.0218768912288283
0.3C dc.csv,0.3+0.7 0.1tau.csv,2.0185308579348322,118.74957483560344,118.78406771016454,-0.03449287456109573
0.3C dc.csv,0.3+0.7 0.1tau.csv,2.0201613352029537,118.84549482694453,118.82146462669796,0.0240302002465711
0.3C dc.csv,0.3+0.7 0.1tau.csv,2.0217918124710756,118.9414150273803,118.9273689390773,0.014046088303004467
0.3C dc.csv,0.3+0.7 0.1tau.csv,2.0234222897391976,119.03733476797261,119.0354063123882,0.001928455584405242
0.3C dc.csv,0.3+0.7 0.1tau.csv,2.0250527670073195,119.13325491007242,119.14483897475472,-0.011584064682296003
0.3C dc.csv,0.3+0.7 0.1tau.csv,2.026683244275441,119.22917518166611,119.25394074858231,-0.024765566916201465
0.3C dc.csv,0.3+0.7 0.1tau.csv,2.028313721543563,119.32509541170757,119.36268519358174,-0.03758978187417483
0.3C dc.csv,0.3+0.7 0.1tau.csv,2.029944198811685,119.42101534713463,119.3998861630114,0.021129184123225286
0.3C dc.csv,0.3+0.7 0.1tau.csv,2.031574676079807,119.51693508843609,119.5049906665699,0.011944421866189714
0.3C dc.csv,0.3+0.7 0.1tau.csv,2.0332051533479287,119.61285524996116,119.61426335820198,-0.0014081082408239354
0.3C dc.csv,0.3+0.7 0.1tau.csv,2.03483563061605,119.70877558858403,119.72342278076063,-0.01464719217659649
0.3C dc.csv,0.3+0.7 0.1tau.csv,2.036466107884172,119.80469619326676,119.83252986635313,-0.027833673086362865
0.3C dc.csv,0.3+0.7 0.1tau.csv,2.038096585152294,119.90061677709149,119.94173208899439,-0.04111531190289952
0.3C dc.csv,0.3+0.7 0.1tau.csv,2.039727062420416,119.99653764209941,119.97680320456196,0.0197344375374513
0.3C dc.csv,0.3+0.7 0.1tau.csv,2.041357539688538,120.09245815688651,120.08407482435238,0.008383332534123156
0.3C dc.csv,0.3+0.7 0.1tau.csv,2.0429880169566594,120.18837835087523,120.19298069046243,-0.004602339587208348
0.3C dc.csv,0.3+0.7 0.1tau.csv,2.0446184942247814,120.28429853608723,120.30206677755554,-0.01776824146830336
0.3C dc.csv,0.3+0.7 0.1tau.csv,2.0462489714929033,120.38021913598315,120.4114831069747,-0.031263970991545875
0.3C dc.csv,0.3+0.7 0.1tau.csv,2.0478794487610252,120.47613955668183,120.45375501224508,0.022384544436746978
0.3C dc.csv,0.3+0.7 0.1tau.csv,2.0495099260291467,120.57205966332464,120.55432983005197,0.01772983327266786
0.3C dc.csv,0.3+0.7 0.1tau.csv,2.0511404032972687,120.66797966448291,120.6628594583033,0.0051202061796118414
0.3C dc.csv,0.3+0.7 0.1tau.csv,2.0527708805653906,120.76389969747662,120.77144484779612,-0.007545150319501204
0.3C dc.csv,0.3+0.7 0.1tau.csv,2.0544013578335125,120.85981988097917,120.88098313152778,-0.02116325054861079
0.3C dc.csv,0.3+0.7 0.1tau.csv,2.0560318351016345,120.95574001907232,120.990562425923,-0.0348224068506795
0.3C dc.csv,0.3+0.7 0.1tau.csv,2.057662312369756,121.0516597146899,121.02963815911123,0.022021555578675134
0.3C dc.csv,0.3+0.7 0.1tau.csv,2.059292789637878,121.14757981244796,121.13330579468422,0.014274017763739266
0.3C dc.csv,0.3+0.7 0.1tau.csv,2.060923266906,121.24350010567433,121.24096550635447,0.0025345993198584438
0.3C dc.csv,0.3+0.7 0.1tau.csv,2.0625537441741217,121.33942033278198,121.34959310859377,-0.010172775811781776
0.3C dc.csv,0.3+0.7 0.1tau.csv,2.0641842214422432,121.43534037049214,121.45937636389932,-0.024035993407181877
0.3C dc.csv,0.3+0.7 0.1tau.csv,2.065814698710365,121.53126052247602,121.56917949746243,-0.03791897498641106
0.3C dc.csv,0.3+0.7 0.1tau.csv,2.067445175978487,121.62718079442888,121.60782525483103,0.01935553959785352
0.3C dc.csv,0.3+0.7 0.1tau.csv,2.069075653246609,121.72310051792171,121.71262754452074,0.010472973400965202
0.3C dc.csv,0.3+0.7 0.1tau.csv,2.070706130514731,121.81902050595188,121.81996527220727,-0.0009447662553867531
0.3C dc.csv,0.3+0.7 0.1tau.csv,2.0723366077828524,121.91494062236733,121.92952390144745,-0.014583279080127909
0.3C dc.csv,0.3+0.7 0.1tau.csv,2.0739670850509744,122.010860746861,122.03904408907253,-0.028183342211534068
0.3C dc.csv,0.3+0.7 0.1tau.csv,2.0755975623190963,122.10678098002947,122.14740491629821,-0.04062393626874439
0.3C dc.csv,0.3+0.7 0.1tau.csv,2.0772280395872182,122.2027009028693,122.18462331090105,0.018077591968250317
0.3C dc.csv,0.3+0.7 0.1tau.csv,2.0788585168553397,122.29862101538656,122.29012536048542,0.00849565490113946
0.3C dc.csv,0.3+0.7 0.1tau.csv,2.0804889941234617,122.39454111235251,122.39890254464346,-0.004361432290949097
0.3C dc.csv,0.3+0.7 0.1tau.csv,2.0821194713915836,122.49046148656635,122.50828169261275,-0.01782020604640877
0.3C dc.csv,0.3+0.7 0.1tau.csv,2.0837499486597055,122.58638182633887,122.61725760603908,-0.03087577970021016
0.3C dc.csv,0.3+0.7 0.1tau.csv,2.0853804259278275,122.6823024668636,122.726118743272,-0.043816276408392696
0.3C dc.csv,0.3+0.7 0.1tau.csv,2.087010903195949,122.77822293208114,122.76255133250392,0.01567159957721742
0.3C dc.csv,0.3+0.7 0.1tau.csv,2.088641380464071,122.87414326046583,122.86849126875678,0.0056519917090440686
0.3C dc.csv,0.3+0.7 0.1tau.csv,2.090271857732193,122.97006375627076,122.97771482166647,-0.007651065395705814
0.3C dc.csv,0.3+0.7 0.1tau.csv,2.0919023350003147,123.06598385104236,123.0867875124788,-0.020803661436431753
0.3C dc.csv,0.3+0.7 0.1tau.csv,2.0935328122684362,123.16190373067032,123.19598175843666,-0.03407802776634128
0.3C dc.csv,0.3+0.7 0.1tau.csv,2.095163289536558,123.25782370350403,123.23774625484953,0.020077448654504337
0.3C dc.csv,0.3+0.7 0.1tau.csv,2.09679376680468,123.35374329342243,123.3387942523622,0.01494904106021977
0.3C dc.csv,0.3+0.7 0.1tau.csv,2.098424244072802,123.4496626861019,123.44747234606741,0.0021903400344882584
0.3C dc.csv,0.3+0.7 0.1tau.csv,2.100054721340924,123.54558251931678,123.55623735865609,-0.010654839339309774
0.3C dc.csv,0.3+0.7 0.1tau.csv,2.1016851986090455,123.64150260456157,123.6654661227013,-0.023963518139737516
0.3C dc.csv,0.3+0.7 0.1tau.csv,2.1033156758771674,123.73742279306104,123.77493867018782,-0.037515877126779174
0.3C dc.csv,0.3+0.7 0.1tau.csv,2.1049461531452893,123.83334333642813,123.81543996461954,0.017903371808586144
0.3C dc.csv,0.3+0.7 0.1tau.csv,2.1065766304134113,123.92926402282856,123.91763444722106,0.011629575607500442
0.3C dc.csv,0.3+0.7 0.1tau.csv,2.108207107681533,124.02518438160295,124.02599150423957,-0.0008071226366155315
0.3C dc.csv,0.3+0.7 0.1tau.csv,2.1098375849496547,124.12110463363678,124.13478527412384,-0.013680640487066853
0.3C dc.csv,0.3+0.7 0.1tau.csv,2.1114680622177766,124.21702505397305,124.24435299399794,-0.027327940024889585
0.3C dc.csv,0.3+0.7 0.1tau.csv,2.1130985394858985,124.31294612136459,124.35349904692494,-0.040552925560348285
0.3C dc.csv,0.3+0.7 0.1tau.csv,2.1147290167540205,124.40886726700036,124.38897777381905,0.01988949318131006
0.3C dc.csv,0.3+0.7 0.1tau.csv,2.116359494022142,124.50478775856973,124.49634461121347,0.008443147356260283
0.3C dc.csv,0.3+0.7 0.1tau.csv,2.117989971290264,124.60070793929907,124.60412253858675,-0.0034145992876801756
0.3C dc.csv,0.3+0.7 0.1tau.csv,2.119620448558386,124.69662861950465,124.71372343597992,-0.01709481647526445
0.3C dc.csv,0.3+0.7 0.1tau.csv,2.1212509258265078,124.79254908630399,124.82332362398013,-0.03077453767613747
0.3C dc.csv,0.3+0.7 0.1tau.csv,2.1228814030946297,124.88847005360718,124.9314004121068,-0.04293035849961768
0.3C dc.csv,0.3+0.7 0.1tau.csv,2.124511880362751,124.98439046831763,124.96765585480904,0.01673461350858929
0.3C dc.csv,0.3+0.7 0.1tau.csv,2.126142357630873,125.08031067606285,125.07437101056398,0.005939665498871705
0.3C dc.csv,0.3+0.7 0.1tau.csv,2.127772834898995,125.17623090039494,125.18309200839327,-0.006861107998332727
0.3C dc.csv,0.3+0.7 0.1tau.csv,2.129403312167117,125.27215143708084,125.29261892019576,-0.02046748311492763
0.3C dc.csv,0.3+0.7 0.1tau.csv,2.1310337894352385,125.36807205142664,125.40160747594132,-0.03353542451468172
0.3C dc.csv,0.3+0.7 0.1tau.csv,2.1326642667033604,125.46399273684051,125.50998091243036,-0.04598817558985502
0.3C dc.csv,0.3+0.7 0.1tau.csv,2.1342947439714823,125.55991363619528,125.54589874138057,0.01401489481470719
0.3C dc.csv,0.3+0.7 0.1tau.csv,2.1359252212396043,125.65583421885219,125.65255707950882,0.0032771393433677076
0.3C dc.csv,0.3+0.7 0.1tau.csv,2.137555698507726,125.75175527132643,125.7620075437194,-0.010252272392975215
0.3C dc.csv,0.3+0.7 0.1tau.csv,2.1391861757758477,125.84767657958498,125.87129830918542,-0.023621729600435515
0.3C dc.csv,0.3+0.7 0.1tau.csv,2.1408166530439696,125.9435972416142,125.98009576171131,-0.036498520097111964
0.3C dc.csv,0.3+0.7 0.1tau.csv,2.1424471303120916,126.03951799192087,126.01932251971573,0.020195472205145393
0.3C dc.csv,0.3+0.7 0.1tau.csv,2.1440776075802135,126.13543881627469,126.12282225885951,0.012616557415171314
0.3C dc.csv,0.3+0.7 0.1tau.csv,2.145708084848335,126.23135929047056,126.23149606863916,-0.00013677816859569703
0.3C dc.csv,0.3+0.7 0.1tau.csv,2.147338562116457,126.3272797754624,126.34060581986702,-0.013326044404621484
0.3C dc.csv,0.3+0.7 0.1tau.csv,2.148969039384579,126.42320004112406,126.44969190427612,-0.02649186315206009
0.3C dc.csv,0.3+0.7 0.1tau.csv,2.1505995166527008,126.5191206711205,126.55889501565055,-0.039774344530044914
0.3C dc.csv,0.3+0.7 0.1tau.csv,2.1522299939208227,126.61504120293526,126.5969169683575,0.018124234577754805
0.3C dc.csv,0.3+0.7 0.1tau.csv,2.153860471188944,126.7109611452824,126.70129151253859,0.009669632743808165
0.3C dc.csv,0.3+0.7 0.1tau.csv,2.155490948457066,126.80688120602059,126.81012517314271,-0.003243967122116942
0.3C dc.csv,0.3+0.7 0.1tau.csv,2.157121425725188,126.9028015078853,126.91902214938338,-0.016220641498080113
0.3C dc.csv,0.3+0.7 0.1tau.csv,2.15875190299331,126.99872164364001,127.02842250135147,-0.029700857711461026
0.3C dc.csv,0.3+0.7 0.1tau.csv,2.160382380261432,127.09464205649722,127.13765311866487,-0.04301106216765049
0.3C dc.csv,0.3+0.7 0.1tau.csv,2.1620128575295534,127.19056246023179,127.17165335919631,0.018909101035475828
0.3C dc.csv,0.3+0.7 0.1tau.csv,2.1636433347976753,127.2864827739077,127.28010150749672,0.006381266410969033
0.3C dc.csv,0.3+0.7 0.1tau.csv,2.1652738120657973,127.38240352641347,127.38825881074614,-0.00585528433266802
0.3C dc.csv,0.3+0.7 0.1tau.csv,2.166904289333919,127.47832414529513,127.4978205868608,-0.019496441565664213
0.3C dc.csv,0.3+0.7 0.1tau.csv,2.1685347666020407,127.5742446330927,127.60741879547018,-0.0331741623774775
0.3C dc.csv,0.3+0.7 0.1tau.csv,2.1701652438701626,127.67016508516032,127.65406118683585,0.016103898324473676
0.3C dc.csv,0.3+0.7 0.1tau.csv,2.1717957211382846,127.76608606672103,127.75079584317959,0.015290223541441605
0.3C dc.csv,0.3+0.7 0.1tau.csv,2.1734261984064065,127.86200643211383,127.85840991975039,0.003596512363444049
0.3C dc.csv,0.3+0.7 0.1tau.csv,2.1750566756745284,127.95792709982668,127.96717853892044,-0.009251439093759473
0.3C dc.csv,0.3+0.7 0.1tau.csv,2.17668715294265,128.05384795698194,128.0767789284221,-0.022930971440160874
0.3C dc.csv,0.3+0.7 0.1tau.csv,2.178317630210772,128.14976890335058,128.18582957215918,-0.03606066880860226
0.3C dc.csv,0.3+0.7 0.1tau.csv,2.179948107478894,128.24568962522093,128.22662601317606,0.01906361204487439
0.3C dc.csv,0.3+0.7 0.1tau.csv,2.1815785847470157,128.3416103033044,128.3293772902896,0.01223301301479296
0.3C dc.csv,0.3+0.7 0.1tau.csv,2.183209062015137,128.43753115911753,128.43655390118437,0.000977257933158171
0.3C dc.csv,0.3+0.7 0.1tau.csv,2.184839539283259,128.53345212430327,128.54609748593955,-0.012645361636288044
0.3C dc.csv,0.3+0.7 0.1tau.csv,2.186470016551381,128.62937336303295,128.6555997175718,-0.02622635453883504
0.3C dc.csv,0.3+0.7 0.1tau.csv,2.188100493819503,128.7252945748333,128.76405700197944,-0.03876242714613909
0.3C dc.csv,0.3+0.7 0.1tau.csv,2.189730971087625,128.82121557104026,128.80157108658105,0.019644484459206524
0.3C dc.csv,0.3+0.7 0.1tau.csv,2.1913614483557464,128.91713684867796,128.90682841835695,0.010308430321003925
0.3C dc.csv,0.3+0.7 0.1tau.csv,2.1929919256238684,129.01305832174242,129.01557259496178,-0.0025142732193614847
0.3C dc.csv,0.3+0.7 0.1tau.csv,2.1946224028919903,129.10897981113231,129.12496291273985,-0.01598310160753158
0.3C dc.csv,0.3+0.7 0.1tau.csv,2.196252880160112,129.20490103522,129.23396046909752,-0.029059433877534957
0.3C dc.csv,0.3+0.7 0.1tau.csv,2.1978833574282337,129.30082203910385,129.34289312162787,-0.04207108252401781
0.3C dc.csv,0.3+0.7 0.1tau.csv,2.1995138346963556,129.39674265057602,129.37966201599224,0.01708063458377751
0.3C dc.csv,0.3+0.7 0.1tau.csv,2.2011443119644776,129.492663223847,129.48526655681798,0.007396667029013315
0.3C dc.csv,0.3+0.7 0.1tau.csv,2.2027747892325995,129.58858415355658,129.5944779042458,-0.005893750689210719
0.3C dc.csv,0.3+0.7 0.1tau.csv,2.2044052665007214,129.68450457766545,129.70351679551067,-0.019012217845215673
0.3C dc.csv,0.3+0.7 0.1tau.csv,2.206035743768843,129.7804256449129,129.81273187359517,-0.032306228682273286
0.3C dc.csv,0.3+0.7 0.1tau.csv,2.207666221036965,129.87634646937053,129.9220640235941,-0.0457175542235575
0.3C dc.csv,0.3+0.7 0.1tau.csv,2.209296698305087,129.9722674942788,129.95587231136577,0.016395182913043982
0.3C dc.csv,0.3+0.7 0.1tau.csv,2.2109271755732087,130.06818838477506,130.06430157252268,0.0038868122523751936
0.3C dc.csv,0.3+0.7 0.1tau.csv,2.21255765284133,130.1641089725297,130.17298476196382,-0.008875789434114267
0.3C dc.csv,0.3+0.7 0.1tau.csv,2.214188130109452,130.26002928959673,130.28223740255453,-0.022208112957798676
0.3C dc.csv,0.3+0.7 0.1tau.csv,2.215818607377574,130.3559496866055,130.39170619122632,-0.035756504620820806
0.3C dc.csv,0.3+0.7 0.1tau.csv,2.217449084645696,130.45187047937992,130.43340500899754,0.018465470382381
0.3C dc.csv,0.3+0.7 0.1tau.csv,2.219079561913818,130.54779137878415,130.53456899469873,0.013222384085423755
0.3C dc.csv,0.3+0.7 0.1tau.csv,2.2207100391819394,130.64371195531513,130.642807118465,0.0009048368501396453
0.3C dc.csv,0.3+0.7 0.1tau.csv,2.2223405164500614,130.73963260504118,130.75153725131017,-0.011904646268988017
0.3C dc.csv,0.3+0.7 0.1tau.csv,2.2239709937181833,130.83555298942017,130.86107595082214,-0.025522961401975408
0.3C dc.csv,0.3+0.7 0.1tau.csv,2.2256014709863052,130.93147337793155,130.97024086627607,-0.0387674883445186
0.3C dc.csv,0.3+0.7 0.1tau.csv,2.227231948254427,131.0273936438287,131.00678323605175,0.020610407776956663
0.3C dc.csv,0.3+0.7 0.1tau.csv,2.2288624255225487,131.12331435303838,131.1132087043937,0.010105648644668008
0.3C dc.csv,0.3+0.7 0.1tau.csv,2.2304929027906706,131.21923517399682,131.2208264442146,-0.0015912702177729443
0.3C dc.csv,0.3+0.7 0.1tau.csv,2.2321233800587925,131.31515615285667,131.33042691306366,-0.015270760206988143
0.3C dc.csv,0.3+0.7 0.1tau.csv,2.2337538573269144,131.41107683811288,131.44003176253173,-0.028954924418854944
0.3C dc.csv,0.3+0.7 0.1tau.csv,2.235384334595036,131.50699759961088,131.5481886911161,-0.04119109150522604
0.3C dc.csv,0.3+0.7 0.1tau.csv,2.237014811863158,131.60291848785207,131.5846395800802,0.018278907771872355
0.3C dc.csv,0.3+0.7 0.1tau.csv,2.23864528913128,131.698839161231,131.69111439473332,0.0077247664976880515
0.3C dc.csv,0.3+0.7 0.1tau.csv,2.2402757663994017,131.79476036015623,131.79975818157317,-0.004997821416935722
0.3C dc.csv,0.3+0.7 0.1tau.csv,2.2419062436675237,131.890681340727,131.90926960547884,-0.018588264751826955
0.3C dc.csv,0.3+0.7 0.1tau.csv,2.243536720935645,131.98660197044723,132.01829285187756,-0.03169088143033605
0.3C dc.csv,0.3+0.7 0.1tau.csv,2.245167198203767,132.0825227893965,132.12679145746895,-0.04426866807244778
0.3C dc.csv,0.3+0.7 0.1tau.csv,2.246797675471889,132.17844355500634,132.16288802316467,0.015555531841670245
0.3C dc.csv,0.3+0.7 0.1tau.csv,2.248428152740011,132.2743641718565,132.26926792137849,0.005096250478004549
0.3C dc.csv,0.3+0.7 0.1tau.csv,2.2500586300081324,132.37028537035127,132.3786757451172,-0.008390374765923525
0.3C dc.csv,0.3+0.7 0.1tau.csv,2.2516891072762544,132.46620643475535,132.48792093936757,-0.021714504612219798
0.3C dc.csv,0.3+0.7 0.1tau.csv,2.2533195845443763,132.5621274933452,132.59680330628817,-0.03467581294296451
0.3C dc.csv,0.3+0.7 0.1tau.csv,2.2549500618124982,132.6580480020603,132.63660249667865,0.021445505381649355
0.3C dc.csv,0.3+0.7 0.1tau.csv,2.25658053908062,132.75396856134464,132.739723842066,0.014244719278622142
0.3C dc.csv,0.3+0.7 0.1tau.csv,2.2582110163487417,132.84988945091155,132.84825676721297,0.0016326836985740556
0.3C dc.csv,0.3+0.7 0.1tau.csv,2.2598414936168636,132.94580995783133,132.9573090764636,-0.011499118632258387
0.3C dc.csv,0.3+0.7 0.1tau.csv,2.2614719708849855,133.04173019497398,133.06643537911458,-0.024705184140600522
0.3C dc.csv,0.3+0.7 0.1tau.csv,2.2631024481531075,133.1376507385765,133.17572634331816,-0.03807560474166394
0.3C dc.csv,0.3+0.7 0.1tau.csv,2.264732925421229,133.23357154101467,133.21451435880164,0.01905718221303232
0.3C dc.csv,0.3+0.7 0.1tau.csv,2.266363402689351,133.32949222382268,133.3182009856435,0.011291238179182983
0.3C dc.csv,0.3+0.7 0.1tau.csv,2.267993879957473,133.4254124664377,133.42696108234645,-0.0015486159087458873
0.3C dc.csv,0.3+0.7 0.1tau.csv,2.2696243572255947,133.52133238605253,133.53581449045276,-0.0144821044002299
0.3C dc.csv,0.3+0.7 0.1tau.csv,2.2712548344937167,133.61725204516472,133.64527362745986,-0.02802158229513907
0.3C dc.csv,0.3+0.7 0.1tau.csv,2.272885311761838,133.71317169745186,133.75470922726677,-0.04153752981491721
0.3C dc.csv,0.3+0.7 0.1tau.csv,2.27451578902996,133.80909178943497,133.78952037382078,0.01957141561419462
0.3C dc.csv,0.3+0.7 0.1tau.csv,2.276146266298082,133.90501234321252,133.89708852323045,0.007923819982067926
0.3C dc.csv,0.3+0.7 0.1tau.csv,2.277776743566204,134.000933120276,134.00511505943246,-0.0041819391564672515
0.3C dc.csv,0.3+0.7 0.1tau.csv,2.279407220834326,134.09685417942126,134.1146260659974,-0.01777188657615625
0.3C dc.csv,0.3+0.7 0.1tau.csv,2.2810376981024474,134.19277496732255,134.22420047730986,-0.03142550998731508
0.3C dc.csv,0.3+0.7 0.1tau.csv,2.2826681753705693,134.28869571493584,134.33210316814808,-0.04340745321223949
0.3C dc.csv,0.3+0.7 0.1tau.csv,2.2842986526386913,134.38461646220628,134.36785414165033,0.016762320555955057
0.3C dc.csv,0.3+0.7 0.1tau.csv,2.285929129906813,134.48053698035216,134.47530541440642,0.005231565945734928
0.3C dc.csv,0.3+0.7 0.1tau.csv,2.2875596071749347,134.57645715947578,134.58397789602466,-0.007520736548883633
0.3C dc.csv,0.3+0.7 0.1tau.csv,2.2891900844430566,134.67237731234513,134.69358306666,-0.021205754314877368
0.3C dc.csv,0.3+0.7 0.1tau.csv,2.2908205617111785,134.7682978753945,134.80265398268062,-0.034356107286129145
0.3C dc.csv,0.3+0.7 0.1tau.csv,2.2924510389793005,134.86421892621684,134.84754764837592,0.01667127784091349
0.3C dc.csv,0.3+0.7 0.1tau.csv,2.2940815162474224,134.96013928876582,134.94636221286336,0.013777075902453362
0.3C dc.csv,0.3+0.7 0.1tau.csv,2.295711993515544,135.05606010550864,135.05336843067138,0.002691674837251412
0.3C dc.csv,0.3+0.7 0.1tau.csv,2.297342470783666,135.1519810472764,135.1628918081915,-0.010910760915095352
0.3C dc.csv,0.3+0.7 0.1tau.csv,2.2989729480517878,135.24790185539047,135.2723771881493,-0.02447533275883984
0.3C dc.csv,0.3+0.7 0.1tau.csv,2.3006034253199097,135.34382279695174,135.38089753384753,-0.03707473689578933
0.3C dc.csv,0.3+0.7 0.1tau.csv,2.302233902588031,135.4397441020194,135.41882781853354,0.020916283485860276
0.3C dc.csv,0.3+0.7 0.1tau.csv,2.303864379856153,135.53566477810486,135.5237675348315,0.011897243273352842
0.3C dc.csv,0.3+0.7 0.1tau.csv,2.305494857124275,135.63158559870098,135.6323337641478,-0.0007481654468222132
0.3C dc.csv,0.3+0.7 0.1tau.csv,2.307125334392397,135.72750702879114,135.7416823905282,-0.0141753617370739
0.3C dc.csv,0.3+0.7 0.1tau.csv,2.308755811660519,135.82342835864998,135.85073327692476,-0.027304918274779766
0.3C dc.csv,0.3+0.7 0.1tau.csv,2.3103862889286404,135.91934934006792,135.9596911156178,-0.0403417755498765
0.3C dc.csv,0.3+0.7 0.1tau.csv,2.3120167661967623,136.0152699396667,135.99687732505512,0.018392614611570934
0.3C dc.csv,0.3+0.7 0.1tau.csv,2.3136472434648843,136.11119100931776,136.10204015239256,0.009150856925202788
0.3C dc.csv,0.3+0.7 0.1tau.csv,2.315277720733006,136.20711214127158,136.21113848754072,-0.004026346269142778
0.3C dc.csv,0.3+0.7 0.1tau.csv,2.3169081980011277,136.30303360048987,136.32015682428806,-0.017123223798193976
0.3C dc.csv,0.3+0.7 0.1tau.csv,2.3185386752692496,136.39895484755718,136.4294061211125,-0.03045127355531463
0.3C dc.csv,0.3+0.7 0.1tau.csv,2.3201691525373715,136.4948754407467,136.53876089847867,-0.04388545773196029
0.3C dc.csv,0.3+0.7 0.1tau.csv,2.3217996298054935,136.59079608603204,136.57281418733223,0.0179818986998157
0.3C dc.csv,0.3+0.7 0.1tau.csv,2.3234301070736154,136.68671676807602,136.6810004728512,0.005716295224829082
0.3C dc.csv,0.3+0.7 0.1tau.csv,2.325060584341737,136.78263735204354,136.78961256015904,-0.006975208115505893
0.3C dc.csv,0.3+0.7 0.1tau.csv,2.326691061609859,136.87855817805507,136.8989106571096,-0.020352479054537298
0.3C dc.csv,0.3+0.7 0.1tau.csv,2.3283215388779808,136.9744793982316,137.00838322134683,-0.03390382311522444
0.3C dc.csv,0.3+0.7 0.1tau.csv,2.3299520161461027,137.07040094102322,137.05126700194333,0.019133939079893025
0.3C dc.csv,0.3+0.7 0.1tau.csv,2.331582493414224,137.1663222500727,137.15136446289642,0.01495778717628582
0.3C dc.csv,0.3+0.7 0.1tau.csv,2.333212970682346,137.26224323244026,137.25949262677403,0.0027506056662218725
0.3C dc.csv,0.3+0.7 0.1tau.csv,2.334843447950468,137.35816436921147,137.36818539285116,-0.010021023639694704
0.3C dc.csv,0.3+0.7 0.1tau.csv,2.33647392521859,137.45408536973616,137.47775940329646,-0.023674033560297403
0.3C dc.csv,0.3+0.7 0.1tau.csv,2.338104402486712,137.55000601949087,137.58700635027725,-0.037000330786383984
0.3C dc.csv,0.3+0.7 0.1tau.csv,2.3397348797548334,137.645926255313,137.62496750175717,0.02095875355581711
0.3C dc.csv,0.3+0.7 0.1tau.csv,2.3413653570229553,137.74184710522576,137.73006831319304,0.011778792032714591
0.3C dc.csv,0.3+0.7 0.1tau.csv,2.3429958342910773,137.8377676021371,137.8375276028716,0.00023999926548867734
0.3C dc.csv,0.3+0.7 0.1tau.csv,2.344626311559199,137.93368793850553,137.9471383731849,-0.01345043467938467
0.3C dc.csv,0.3+0.7 0.1tau.csv,2.346256788827321,138.0296084765987,138.0567008743001,-0.027092397701409254
0.3C dc.csv,0.3+0.7 0.1tau.csv,2.3478872660954426,138.1255298118915,138.16499076786488,-0.03946095597336807
0.3C dc.csv,0.3+0.7 0.1tau.csv,2.3495177433635646,138.22145127416886,138.20167767823395,0.019773595934907462
0.3C dc.csv,0.3+0.7 0.1tau.csv,2.3511482206316865,138.31737207624732,138.30800856801045,0.009363508236873486
0.3C dc.csv,0.3+0.7 0.1tau.csv,2.3527786978998084,138.41329287729667,138.41651714430475,-0.003224267008079096
0.3C dc.csv,0.3+0.7 0.1tau.csv,2.35440917516793,138.5092139911365,138.52601726147148,-0.016803270334975196
0.3C dc.csv,0.3+0.7 0.1tau.csv,2.356039652436052,138.6051349663228,138.63503509513598,-0.029900128813181936
0.3C dc.csv,0.3+0.7 0.1tau.csv,2.357670129704174,138.70105593748568,138.74359722684417,-0.042541289358496215
0.3C dc.csv,0.3+0.7 0.1tau.csv,2.3593006069722957,138.79697672344108,138.77991642618176,0.017060297259320123
0.3C dc.csv,0.3+0.7 0.1tau.csv,2.3609310842404176,138.89289790807484,138.8859993411607,0.006898566914145476
0.3C dc.csv,0.3+0.7 0.1tau.csv,2.362561561508539,138.98881896763206,138.99536611391903,-0.006547146286976613
0.3C dc.csv,0.3+0.7 0.1tau.csv,2.364192038776661,139.08474035370395,139.10456391907226,-0.019823565368312757
0.3C dc.csv,0.3+0.7 0.1tau.csv,2.365822516044783,139.18066191273405,139.21347420887392,-0.03281229613986625
0.3C dc.csv,0.3+0.7 0.1tau.csv,2.367452993312905,139.27658324691046,139.25388290738252,0.022700339527943925
0.3C dc.csv,0.3+0.7 0.1tau.csv,2.3690834705810264,139.37250425277475,139.35651650851256,0.015987744262190517
0.3C dc.csv,0.3+0.7 0.1tau.csv,2.3707139478491484,139.46842507395812,139.46491141370453,0.0035136602535885686
0.3C dc.csv,0.3+0.7 0.1tau.csv,2.3723444251172703,139.56434598588413,139.5739180062888,-0.00957202040467564
0.3C dc.csv,0.3+0.7 0.1tau.csv,2.373974902385392,139.6602669267189,139.68304497212844,-0.022778045409552306
0.3C dc.csv,0.3+0.7 0.1tau.csv,2.375605379653514,139.7561882697501,139.79238209923548,-0.03619382948537009
0.3C dc.csv,0.3+0.7 0.1tau.csv,2.3772358569216356,139.85210977786218,139.83179710879332,0.020312669068857758
0.3C dc.csv,0.3+0.7 0.1tau.csv,2.3788663341897576,139.94803092782468,139.934920076156,0.013110851668670875
0.3C dc.csv,0.3+0.7 0.1tau.csv,2.3804968114578795,140.0439521892143,140.04361066258926,0.00034152662504993714
0.3C dc.csv,0.3+0.7 0.1tau.csv,2.3821272887260014,140.13987286502288,140.15244787516505,-0.01257501014217155
0.3C dc.csv,0.3+0.7 0.1tau.csv,2.383757765994123,140.2357933837292,140.26191165122617,-0.026118267496968883
0.3C dc.csv,0.3+0.7 0.1tau.csv,2.385388243262245,140.33171443803892,140.3713530237973,-0.039638585758382305
0.3C dc.csv,0.3+0.7 0.1tau.csv,2.387018720530367,140.42763509347324,140.40669990061684,0.020935192856399
0.3C dc.csv,0.3+0.7 0.1tau.csv,2.3886491977984887,140.52355629863467,140.51379475398895,0.009761544645726872
0.3C dc.csv,0.3+0.7 0.1tau.csv,2.3902796750666107,140.61947733842933,140.6217046086666,-0.002227270237256107
0.3C dc.csv,0.3+0.7 0.1tau.csv,2.391910152334732,140.71539845622138,140.7312647519226,-0.01586629570121545
0.3C dc.csv,0.3+0.7 0.1tau.csv,2.393540629602854,140.81131968721212,140.8408740397196,-0.029554352507489057
0.3C dc.csv,0.3+0.7 0.1tau.csv,2.395171106870976,140.90724109179766,140.94887199027852,-0.04163089848086088
0.3C dc.csv,0.3+0.7 0.1tau.csv,2.396801584139098,141.00316276620921,140.98473071126259,0.01843205494662925
0.3C dc.csv,0.3+0.7 0.1tau.csv,2.39843206140722,141.09908419766327,141.09202479324415,0.007059404419123894
0.3C dc.csv,0.3+0.7 0.1tau.csv,2.4000625386753414,141.19500516202794,141.20063770796327,-0.005632545935327471
0.3C dc.csv,0.3+0.7 0.1tau.csv,2.4016930159434633,141.29092598860217,141.31020585204618,-0.019279863444012335
0.3C dc.csv,0.3+0.7 0.1tau.csv,2.4033234932115852,141.3868465047276,141.41932673786476,-0.032480233137164305
0.3C dc.csv,0.3+0.7 0.1tau.csv,2.404953970479707,141.48276690593877,141.46888658279568,0.013880323143098394
0.3C dc.csv,0.3+0.7 0.1tau.csv,2.4065844477478286,141.5786870475991,141.5633001328956,0.015386914703498178
0.3C dc.csv,0.3+0.7 0.1tau.csv,2.4082149250159506,141.67460738386657,141.67008996419008,0.0045174196764889984
0.3C dc.csv,0.3+0.7 0.1tau.csv,2.4098454022840725,141.7705279416327,141.77959872688527,-0.009070785252561109
0.3C dc.csv,0.3+0.7 0.1tau.csv,2.4114758795521944,141.8664483057843,141.88902593330386,-0.022577627519552834
0.3C dc.csv,0.3+0.7 0.1tau.csv,2.4131063568203164,141.9623694630197,141.99766304046491,-0.03529357744520212
0.3C dc.csv,0.3+0.7 0.1tau.csv,2.414736834088438,142.05829015359916,142.0360332184173,0.022256935181871995
0.3C dc.csv,0.3+0.7 0.1tau.csv,2.41636731135656,142.15421100937345,142.14063979886515,0.013571210508303011
0.3C dc.csv,0.3+0.7 0.1tau.csv,2.4179977886246817,142.25013189342,142.2490496331222,0.001082260297778248
0.3C dc.csv,0.3+0.7 0.1tau.csv,2.4196282658928037,142.34605290192104,142.35836313378059,-0.012310231859544274
0.3C dc.csv,0.3+0.7 0.1tau.csv,2.421258743160925,142.4419741512871,142.46744211061355,-0.02546795932644841
0.3C dc.csv,0.3+0.7 0.1tau.csv,2.422889220429047,142.53789541842008,142.5764955013705,-0.03860008295040984
0.3C dc.csv,0.3+0.7 0.1tau.csv,2.424519697697169,142.63381685466842,142.6141762598355,0.019640594832935676
0.3C dc.csv,0.3+0.7 0.1tau.csv,2.426150174965291,142.7297384445206,142.71885213759978,0.01088630692080983
0.3C dc.csv,0.3+0.7 0.1tau.csv,2.427780652233413,142.82565967060467,142.82790678634115,-0.0022471157364805094
0.3C dc.csv,0.3+0.7 0.1tau.csv,2.4294111295015344,142.92158101936525,142.93685830059073,-0.015277281225479555
0.3C dc.csv,0.3+0.7 0.1tau.csv,2.4310416067696563,143.01750161081253,143.0461537408428,-0.028652130030280887
0.3C dc.csv,0.3+0.7 0.1tau.csv,2.4326720840377782,143.11342226581147,143.15554335537308,-0.04212108956161842
0.3C dc.csv,0.3+0.7 0.1tau.csv,2.4343025613059,143.20934330568625,143.1900462009963,0.01929710468994017
0.3C dc.csv,0.3+0.7 0.1tau.csv,2.4359330385740217,143.3052642814705,143.2977593823716,0.007504899098904616
0.3C dc.csv,0.3+0.7 0.1tau.csv,2.4375635158421436,143.40118454458627,143.40624307566196,-0.005058531075690098
0.3C dc.csv,0.3+0.7 0.1tau.csv,2.4391939931102655,143.49710512966575,143.5155320421534,-0.018426912487655045
0.3C dc.csv,0.3+0.7 0.1tau.csv,2.4408244703783875,143.5930259493782,143.62506844635237,-0.03204249697418504
0.3C dc.csv,0.3+0.7 0.1tau.csv,2.4424549476465094,143.68894704625012,143.66934943409032,0.019597612159799382
0.3C dc.csv,0.3+0.7 0.1tau.csv,2.444085424914631,143.7848678706947,143.76819132883037,0.016676541864342198
0.3C dc.csv,0.3+0.7 0.1tau.csv,2.445715902182753,143.8807884206416,143.87620674566122,0.004581674980386197
0.3C dc.csv,0.3+0.7 0.1tau.csv,2.4473463794508747,143.9767090646749,143.9848613524917,-0.008152287816784565
0.3C dc.csv,0.3+0.7 0.1tau.csv,2.4489768567189967,144.07262977228405,144.09442290362333,-0.021793131339279626
0.3C dc.csv,0.3+0.7 0.1tau.csv,2.450607333987118,144.16855043250146,144.20368394245838,-0.035133509956921216
0.3C dc.csv,0.3+0.7 0.1tau.csv,2.45223781125524,144.2644714340607,144.2431704499974,0.021300984063316264
0.3C dc.csv,0.3+0.7 0.1tau.csv,2.453868288523362,144.36039222033608,144.3468689204079,0.013523299928181132
0.3C dc.csv,0.3+0.7 0.1tau.csv,2.455498765791484,144.45631354385662,144.45419142854817,0.0021221153084525213
0.3C dc.csv,0.3+0.7 0.1tau.csv,2.457129243059606,144.55223474887273,144.5637598566684,-0.011525107795677059
0.3C dc.csv,0.3+0.7 0.1tau.csv,2.4587597203277274,144.6481558039148,144.67333808825026,-0.02518228433547165
0.3C dc.csv,0.3+0.7 0.1tau.csv,2.4603901975958493,144.7440771067538,144.7816989544402,-0.03762184768640964
0.3C dc.csv,0.3+0.7 0.1tau.csv,2.4620206748639712,144.83999841175543,144.81864135798378,0.02135705377165209
0.3C dc.csv,0.3+0.7 0.1tau.csv,2.463651152132093,144.9359197124051,144.92473871803543,0.01118099436968123
0.3C dc.csv,0.3+0.7 0.1tau.csv,2.465281629400215,145.03184109364375,145.0331761591663,-0.0013350655225394803
0.3C dc.csv,0.3+0.7 0.1tau.csv,2.4669121066683366,145.12776227672697,145.14266696504612,-0.014904688319148818
0.3C dc.csv,0.3+0.7 0.1tau.csv,2.4685425839364585,145.2236829096479,145.251733484148,-0.0280505745000994
0.3C dc.csv,0.3+0.7 0.1tau.csv,2.4701730612045805,145.31960398368537,145.3604262753219,-0.040822291636544605
0.3C dc.csv,0.3+0.7 0.1tau.csv,2.4718035384727024,145.41552496483726,145.39703186199247,0.018493102844786335
0.3C dc.csv,0.3+0.7 0.1tau.csv,2.473434015740824,145.51144582340805,145.50277265939798,0.008673164010076562
0.3C dc.csv,0.3+0.7 0.1tau.csv,2.475064493008946,145.60736646591351,145.61212785990136,-0.004761393987848805
0.3C dc.csv,0.3+0.7 0.1tau.csv,2.4766949702770678,145.70328715022987,145.7212946412289,-0.018007490999025322
0.3C dc.csv,0.3+0.7 0.1tau.csv,2.4783254475451897,145.799208210549,145.830301819476,-0.03109360892699442
0.3C dc.csv,0.3+0.7 0.1tau.csv,2.4799559248133116,145.8951296132276,145.87153805117887,0.023591562048721926
0.3C dc.csv,0.3+0.7 0.1tau.csv,2.481586402081433,145.99105077332112,145.97369611853478,0.017354654786345236
0.3C dc.csv,0.3+0.7 0.1tau.csv,2.483216879349555,146.08697247382142,146.08176743743584,0.005205036385575568
0.3C dc.csv,0.3+0.7 0.1tau.csv,2.484847356617677,146.18289423420154,146.19074334292748,-0.007849108725935139
0.3C dc.csv,0.3+0.7 0.1tau.csv,2.486477833885799,146.27881598924264,146.29987274520903,-0.021056755966384344
0.3C dc.csv,0.3+0.7 0.1tau.csv,2.4881083111539204,146.3747375594863,146.40924468236838,-0.03450712288207569
0.3C dc.csv,0.3+0.7 0.1tau.csv,2.4897387884220423,146.4706594089474,146.44971371003692,0.020945698910480814
0.3C dc.csv,0.3+0.7 0.1tau.csv,2.4913692656901643,146.5665808592716,146.55189433475226,0.014686524519333943
0.3C dc.csv,0.3+0.7 0.1tau.csv,2.492999742958286,146.66250164764224,146.66046184452057,0.0020398031216757317
0.3C dc.csv,0.3+0.7 0.1tau.csv,2.494630220226408,146.7584225091345,146.76920762657903,-0.010785117444527259
0.3C dc.csv,0.3+0.7 0.1tau.csv,2.4962606974945296,146.8543427417641,146.87873550766136,-0.024392765897260915
0.3C dc.csv,0.3+0.7 0.1tau.csv,2.4978911747626515,146.9502625546048,146.98827035146044,-0.03800779685565203
0.3C dc.csv,0.3+0.7 0.1tau.csv,2.4995216520307735,147.0461829946107,147.0246906652784,0.021492329332289728
0.3C dc.csv,0.3+0.7 0.1tau.csv,2.5011521292988954,147.14210343676697,147.13075188189808,0.011351554868895164
0.3C dc.csv,0.3+0.7 0.1tau.csv,2.502782606567017,147.23802396740493,147.23855422826887,-0.0005302608639397022
0.3C dc.csv,0.3+0.7 0.1tau.csv,2.504413083835139,147.33394397925392,147.34806226469064,-0.014118285436723
0.3C dc.csv,0.3+0.7 0.1tau.csv,2.5060435611032608,147.42986380653082,147.457664805476,-0.027800998945195943
0.3C dc.csv,0.3+0.7 0.1tau.csv,2.5076740383713827,147.52578387959815,147.56580804301646,-0.040024163418308945
0.3C dc.csv,0.3+0.7 0.1tau.csv,2.5093045156395046,147.62170439548274,147.60180874416343,0.019895651319302488
0.3C dc.csv,0.3+0.7 0.1tau.csv,2.510934992907626,147.71762510622082,147.70894618433064,0.008678921890179936
0.3C dc.csv,0.3+0.7 0.1tau.csv,2.512565470175748,147.81354614674723,147.81739946408476,-0.0038533173375299157
0.3C dc.csv,0.3+0.7 0.1tau.csv,2.51419594744387,147.9094671318155,147.92698401799674,-0.01751688618125513
0.3C dc.csv,0.3+0.7 0.1tau.csv,2.515826424711992,148.005388542278,148.03613199267625,-0.030743450398233563
0.3C dc.csv,0.3+0.7 0.1tau.csv,2.5174569019801134,148.10131062641065,148.14430030782333,-0.04298968141267778
0.3C dc.csv,0.3+0.7 0.1tau.csv,2.5190873792482353,148.19723199203077,148.18035946015496,0.016872531875804953
0.3C dc.csv,0.3+0.7 0.1tau.csv,2.5207178565163573,148.29315317851834,148.28683425266652,0.006318925851815038
0.3C dc.csv,0.3+0.7 0.1tau.csv,2.522348333784479,148.38907415881008,148.3963400164585,-0.0072658576484343484
0.3C dc.csv,0.3+0.7 0.1tau.csv,2.523978811052601,148.4849947672443,148.505764223975,-0.020769456730704405
0.3C dc.csv,0.3+0.7 0.1tau.csv,2.5256092883207226,148.58091551346106,148.6144680352088,-0.03355252174773682
0.3C dc.csv,0.3+0.7 0.1tau.csv,2.5272397655888446,148.67683655956398,148.6533584120904,0.023478147473582567
0.3C dc.csv,0.3+0.7 0.1tau.csv,2.5288702428569665,148.7727569967397,148.7577188575904,0.015038139149311291
0.3C dc.csv,0.3+0.7 0.1tau.csv,2.5305007201250884,148.8686778891743,148.86587371637162,0.0028041728026835244
0.3C dc.csv,0.3+0.7 0.1tau.csv,2.5321311973932104,148.96459898543725,148.975093934377,-0.010494948939765436
0.3C dc.csv,0.3+0.7 0.1tau.csv,2.533761674661332,149.06052007038053,149.084158563103,-0.023638492722454885
0.3C dc.csv,0.3+0.7 0.1tau.csv,2.5353921519294538,149.15644071413067,149.19326388162378,-0.036823167493110986
0.3C dc.csv,0.3+0.7 0.1tau.csv,2.5370226291975757,149.25236127191948,149.2314832549938,0.020878016925678367
0.3C dc.csv,0.3+0.7 0.1tau.csv,2.5386531064656976,149.34828134401488,149.3356627156737,0.012618628341186877
0.3C dc.csv,0.3+0.7 0.1tau.csv,2.540283583733819,149.44420172481145,149.44462954074874,-0.0004278159372859136
0.3C dc.csv,0.3+0.7 0.1tau.csv,2.541914061001941,149.5401221674023,149.55352803084892,-0.013405863446621424
0.3C dc.csv,0.3+0.7 0.1tau.csv,2.543544538270063,149.63604285333048,149.6628823641088,-0.026839510778330578
0.3C dc.csv,0.3+0.7 0.1tau.csv,2.545175015538185,149.73196333051797,149.77231399705352,-0.04035066653554509
0.3C dc.csv,0.3+0.7 0.1tau.csv,2.546805492806307,149.82788379118696,149.80734495115925,0.020538840027711558
0.3C dc.csv,0.3+0.7 0.1tau.csv,2.5484359700744283,149.92380395842918,149.91459171619505,0.009212242234127643
0.3C dc.csv,0.3+0.7 0.1tau.csv,2.5500664473425503,150.0197241712192,150.02300653781901,-0.0032823665998193974
0.3C dc.csv,0.3+0.7 0.1tau.csv,2.551696924610672,150.1156444781375,150.13228046363466,-0.016635985497146066
0.3C dc.csv,0.3+0.7 0.1tau.csv,2.553327401878794,150.21156503241474,150.24183007321372,-0.03026504079898018
0.3C dc.csv,0.3+0.7 0.1tau.csv,2.5549578791469156,150.30748573143188,150.28794779288603,0.019537938545852285
0.3C dc.csv,0.3+0.7 0.1tau.csv,2.5565883564150376,150.40340644953275,150.3851395579512,0.01826689158156114
0.3C dc.csv,0.3+0.7 0.1tau.csv,2.5582188336831595,150.49932733903248,150.4930486613981,0.006278677634384167
0.3C dc.csv,0.3+0.7 0.1tau.csv,2.5598493109512814,150.5952478680297,150.60158923264402,-0.006341364614314671
0.3C dc.csv,0.3+0.7 0.1tau.csv,2.5614797882194034,150.6911686066667,150.71119133565392,-0.020022728987214578
0.3C dc.csv,0.3+0.7 0.1tau.csv,2.563110265487525,150.78708975877737,150.82050153284013,-0.033411774062756194
0.3C dc.csv,0.3+0.7 0.1tau.csv,2.564740742755647,150.88301087292157,150.8624686407308,0.020542232190763343
0.3C dc.csv,0.3+0.7 0.1tau.csv,2.5663712200237687,150.97893197728663,150.9638565230375,0.015075454249142695
0.3C dc.csv,0.3+0.7 0.1tau.csv,2.5680016972918907,151.07485329602284,151.07093392756173,0.003919368461112072
0.3C dc.csv,0.3+0.7 0.1tau.csv,2.569632174560012,151.17077432063846,151.1805240992605,-0.009749778622051508
0.3C dc.csv,0.3+0.7 0.1tau.csv,2.571262651828134,151.26669525527117,151.29007636935236,-0.02338111408118948
0.3C dc.csv,0.3+0.7 0.1tau.csv,2.572893129096256,151.3626160785454,151.3985339007514,-0.03591782220601658
0.3C dc.csv,0.3+0.7 0.1tau.csv,2.574523606364378,151.45853658071618,151.43580438086323,0.022732199852953272
0.3C dc.csv,0.3+0.7 0.1tau.csv,2.5761540836325,151.55445762111827,151.54167361846257,0.012784002655706672
0.3C dc.csv,0.3+0.7 0.1tau.csv,2.5777845609006214,151.6503783538812,151.64996303592505,0.0004153179561399156
0.3C dc.csv,0.3+0.7 0.1tau.csv,2.5794150381687433,151.74629926089085,151.7593977870467,-0.013098526155857826
0.3C dc.csv,0.3+0.7 0.1tau.csv,2.5810455154368652,151.84222044898252,151.86846299367673,-0.026242544694213166
0.3C dc.csv,0.3+0.7 0.1tau.csv,2.582675992704987,151.93814161686106,151.9772316641163,-0.03909004725522891
0.3C dc.csv,0.3+0.7 0.1tau.csv,2.584306469973109,152.03406309586137,152.0141649916794,0.01989810418197635
0.3C dc.csv,0.3+0.7 0.1tau.csv,2.5859369472412306,152.1299842959787,152.1195609213912,0.01042337458747511
0.3C dc.csv,0.3+0.7 0.1tau.csv,2.5875674245093525,152.2259049528819,152.22887892477758,-0.002973971895670502
0.3C dc.csv,0.3+0.7 0.1tau.csv,2.5891979017774744,152.32182542042585,152.33802558432046,-0.016200163894609432
0.3C dc.csv,0.3+0.7 0.1tau.csv,2.5908283790455964,152.41774558510608,152.4470848476829,-0.029339262576826286
0.3C dc.csv,0.3+0.7 0.1tau.csv,2.592458856313718,152.51366587262038,152.55629775206208,-0.042631879441699994
0.3C dc.csv,0.3+0.7 0.1tau.csv,2.59408933358184,152.6095860794414,152.59088612166198,0.018699957779432452
0.3C dc.csv,0.3+0.7 0.1tau.csv,2.5957198108499617,152.70550669433487,152.69856825212474,0.00693844221012796
0.3C dc.csv,0.3+0.7 0.1tau.csv,2.5973502881180837,152.80142731505455,152.807408801522,-0.005981486467447894
0.3C dc.csv,0.3+0.7 0.1tau.csv,2.5989807653862056,152.8973476684686,152.91652775294548,-0.01918008447688635
0.3C dc.csv,0.3+0.7 0.1tau.csv,2.600611242654327,152.99326808657668,153.02594285139654,-0.03267476481985909
0.3C dc.csv,0.3+0.7 0.1tau.csv,2.602241719922449,153.08918852498346,153.06734465258566,0.021843872397795394
0.3C dc.csv,0.3+0.7 0.1tau.csv,2.603872197190571,153.185108857651,153.1687136202269,0.0163952374240921
0.3C dc.csv,0.3+0.7 0.1tau.csv,2.605502674458693,153.28102913474913,153.27721982233106,0.0038093124180704763
0.3C dc.csv,0.3+0.7 0.1tau.csv,2.6071331517268144,153.3769496533229,153.38588515031324,-0.008935496990346792
0.3C dc.csv,0.3+0.7 0.1tau.csv,2.6087636289949363,153.47287029980427,153.49542825317843,-0.02255795337416089
0.3C dc.csv,0.3+0.7 0.1tau.csv,2.6103941062630582,153.56879115537276,153.6050025152624,-0.03621135988964852
0.3C dc.csv,0.3+0.7 0.1tau.csv,2.61202458353118,153.6647115825492,153.64244641366815,0.02226516888103447
0.3C dc.csv,0.3+0.7 0.1tau.csv,2.613655060799302,153.76063178125816,153.74759977315327,0.013032008104886472
0.3C dc.csv,0.3+0.7 0.1tau.csv,2.6152855380674236,153.85655181823736,153.85523450342325,0.0013173148141163438
0.3C dc.csv,0.3+0.7 0.1tau.csv,2.6169160153355455,153.9524725609243,153.9647770691468,-0.012304508222513277
0.3C dc.csv,0.3+0.7 0.1tau.csv,2.6185464926036675,154.04839365508641,154.074372886765,-0.025979231678576298
0.3C dc.csv,0.3+0.7 0.1tau.csv,2.6201769698717894,154.14431494861935,154.1826406373625,-0.038325688743157116
0.3C dc.csv,0.3+0.7 0.1tau.csv,2.621807447139911,154.24023546277638,154.21882108880615,0.021414373970230827
0.3C dc.csv,0.3+0.7 0.1tau.csv,2.623437924408033,154.33615600079372,154.32572715240187,0.010428848391853762
0.3C dc.csv,0.3+0.7 0.1tau.csv,2.6250684016761547,154.43207696245392,154.4341138322718,-0.002036869817885645
0.3C dc.csv,0.3+0.7 0.1tau.csv,2.6266988789442767,154.52799803916443,154.54367268783903,-0.01567464867460444
0.3C dc.csv,0.3+0.7 0.1tau.csv,2.6283293562123986,154.62391878502524,154.6528378814438,-0.02891909641854795
0.3C dc.csv,0.3+0.7 0.1tau.csv,2.62995983348052,154.71983952345136,154.7611284098334,-0.04128888638203421
0.3C dc.csv,0.3+0.7 0.1tau.csv,2.631590310748642,154.8157604107302,154.79735411538357,0.018406295346636625
0.3C dc.csv,0.3+0.7 0.1tau.csv,2.633220788016764,154.91168142991012,154.90358780643015,0.008093623479965117
0.3C dc.csv,0.3+0.7 0.1tau.csv,2.634851265284886,155.00760254818624,155.01303850175904,-0.00543595357279969
0.3C dc.csv,0.3+0.7 0.1tau.csv,2.6364817425530074,155.1035231731017,155.1224070561757,-0.018883883073982588
0.3C dc.csv,0.3+0.7 0.1tau.csv,2.6381122198211293,155.19944337336054,155.23117313884552,-0.03172976548498241
0.3C dc.csv,0.3+0.7 0.1tau.csv,2.6397426970892512,155.29536374464183,155.27058795027614,0.024775794365694992
0.3C dc.csv,0.3+0.7 0.1tau.csv,2.641373174357373,155.3912844553618,155.3745581274072,0.016726327954614817
0.3C dc.csv,0.3+0.7 0.1tau.csv,2.643003651625495,155.4872057620551,155.48255973298222,0.004646029072887359
0.3C dc.csv,0.3+0.7 0.1tau.csv,2.6446341288936166,155.58312699223455,155.5917532333849,-0.008626241150352598
0.3C dc.csv,0.3+0.7 0.1tau.csv,2.6462646061617385,155.6790482774451,155.70087053029926,-0.021822252854150292
0.3C dc.csv,0.3+0.7 0.1tau.csv,2.6478950834298605,155.77496894197873,155.81003960319336,-0.03507066121463254
0.3C dc.csv,0.3+0.7 0.1tau.csv,2.6495255606979824,155.87088937090257,155.8489828356061,0.021906535296466245
0.3C dc.csv,0.3+0.7 0.1tau.csv,2.6511560379661043,155.9668100993299,155.9540912636628,0.012718835667101303
0.3C dc.csv,0.3+0.7 0.1tau.csv,2.652786515234226,156.06273103937443,156.06363153294063,-0.0009004935662062508
0.3C dc.csv,0.3+0.7 0.1tau.csv,2.6544169925023477,156.15865184677241,156.17203612495967,-0.013384278187260179
0.3C dc.csv,0.3+0.7 0.1tau.csv,2.6560474697704697,156.2545724387769,156.28124007389215,-0.026667635115245503
0.3C dc.csv,0.3+0.7 0.1tau.csv,2.6576779470385916,156.35049326537492,156.39070408757863,-0.04021082220370431
0.3C dc.csv,0.3+0.7 0.1tau.csv,2.659308424306713,156.44641432423748,156.4321749994811,0.014239324756374572
0.3C dc.csv,0.3+0.7 0.1tau.csv,2.660938901574835,156.54233577903943,156.53546919116042,0.006866587879017061
0.3C dc.csv,0.3+0.7 0.1tau.csv,2.662569378842957,156.63825709565492,156.57536987491721,0.06288722073770714
0.3C dc.csv,0.3+0.7 0.1tau.csv,2.664199856111079,156.73417856550356,156.615270558674,0.1189080068295425
0.3C dc.csv,0.3+0.7 0.1tau.csv,2.665830333379201,156.83010000364698,156.65523174962104,0.17486825402593809
0.3C dc.csv,0.3+0.7 0.1tau.csv,2.6674608106473223,156.92602142334752,156.69101523099636,0.2350061923511646
0.3C dc.csv,0.3+0.7 0.1tau.csv,2.6690912879154443,157.0219428201345,156.79946692463727,0.22247589549724012
0.3C dc.csv,0.3+0.7 0.1tau.csv,2.670721765183566,157.11786408146511,156.90982297172727,0.20804110973784873
0.3C dc.csv,0.3+0.7 0.1tau.csv,2.672352242451688,157.21378572736583,156.94805592126175,0.26572980610407626
0.3C dc.csv,0.3+0.7 0.1tau.csv,2.6739827197198096,157.30970746924157,156.98225841130974,0.32744905793182966
0.3C dc.csv,0.3+0.7 0.1tau.csv,2.6756131969879315,157.4056287948575,157.01205137632206,0.39357741853544326
0.3C dc.csv,0.3+0.7 0.1tau.csv,2.6772436742560535,157.5015498240289,157.0432861354125,0.4582636886163982
0.3C dc.csv,0.3+0.7 0.1tau.csv,2.6788741515241754,157.59747091159892,157.07560304967262,0.521867861926296
0.3C dc.csv,0.3+0.7 0.1tau.csv,2.6805046287922973,157.6933917697554,157.1088736793961,0.5845180903592961
0.3C dc.csv,0.3+0.7 0.1tau.csv,2.682135106060419,157.78931264333724,157.14301701723514,0.646295626102102
0.3C dc.csv,0.3+0.7 0.1tau.csv,2.6837655833285408,157.88523315666157,157.17797160949624,0.7072615471653307
0.3C dc.csv,0.3+0.7 0.1tau.csv,2.6853960605966627,157.9811533749789,157.21369696191394,0.7674564130649628
0.3C dc.csv,0.3+0.7 0.1tau.csv,2.6870265378647846,158.0770740376677,157.25015939880626,0.8269146388614388
0.3C dc.csv,0.3+0.7 0.1tau.csv,2.688657015132906,158.17299452144897,157.28733265978994,0.885661861659031
0.3C dc.csv,0.3+0.7 0.1tau.csv,2.690287492401028,158.26891529586453,157.32521710505728,0.9436981908072539
0.3C dc.csv,0.3+0.7 0.1tau.csv,2.69191796966915,158.36483604194478,157.36376154576246,1.0010744961823264
0.3C dc.csv,0.3+0.7 0.1tau.csv,2.693548446937272,158.46075675342493,157.40294495094903,1.0578118024758965
0.3C dc.csv,0.3+0.7 0.1tau.csv,2.695178924205394,158.5566775467581,157.44278355382792,1.1138939929301728
0.3C dc.csv,0.3+0.7 0.1tau.csv,2.6968094014735153,158.65259785999245,157.48321902796692,1.1693788320255294
0.3C dc.csv,0.3+0.7 0.1tau.csv,2.6984398787416373,158.74851768197863,157.52426438705783,1.2242532949207998
0.3C dc.csv,0.3+0.7 0.1tau.csv,2.700070356009759,158.84443793100135,157.5658830175911,1.278554913410261
0.3C dc.csv,0.3+0.7 0.1tau.csv,2.701700833277881,158.94035855723772,157.6080662608548,1.3322922963829171
0.3C dc.csv,0.3+0.7 0.1tau.csv,2.703331310546003,159.03627941122272,157.65080192637666,1.3854774848460636
0.3C dc.csv,0.3+0.7 0.1tau.csv,2.7049617878141246,159.13219981868843,157.6940825304827,1.4381172882057456
0.3C dc.csv,0.3+0.7 0.1tau.csv,2.7065922650822465,159.22812045483406,157.73787043529123,1.4902500195428274
0.3C dc.csv,0.3+0.7 0.1tau.csv,2.7082227423503684,159.3240409264147,157.78215700715987,1.5418839192548432
0.3C dc.csv,0.3+0.7 0.1tau.csv,2.7098532196184903,159.41996194799808,157.8269311400905,1.5930308079075814
0.3C dc.csv,0.3+0.7 0.1tau.csv,2.711483696886612,159.51588281888053,157.87217683710463,1.643705981775895
0.3C dc.csv,0.3+0.7 0.1tau.csv,2.7131141741547338,159.61180344706864,157.91789321378104,1.6939102332875962
0.3C dc.csv,0.3+0.7 0.1tau.csv,2.7147446514228557,159.70772408253717,157.96405264802092,1.7436714345162443
0.3C dc.csv,0.3+0.7 0.1tau.csv,2.7163751286909776,159.80364433001384,158.01065310189,1.7929912281238387
0.3C dc.csv,0.3+0.7 0.1tau.csv,2.7180056059590996,159.89956465102225,158.05765966548162,1.8419049855406229
0.3C dc.csv,0.3+0.7 0.1tau.csv,2.719636083227221,159.99548534641258,158.10508123905498,1.8904041073575968
0.3C dc.csv,0.3+0.7 0.1tau.csv,2.721266560495343,160.09140644996384,158.152908485166,1.9384979647978469
0.3C dc.csv,0.3+0.7 0.1tau.csv,2.722897037763465,160.1873277983714,158.20112331262544,1.986204485745958
0.3C dc.csv,0.3+0.7 0.1tau.csv,2.724527515031587,160.28324883347378,158.24972546992296,2.033523363550813
0.3C dc.csv,0.3+0.7 0.1tau.csv,2.7261579922997083,160.37916944806267,158.29869921891614,2.0804702291465276
0.3C dc.csv,0.3+0.7 0.1tau.csv,2.7277884695678303,160.475089855649,158.34803609965616,2.127053755992847
0.3C dc.csv,0.3+0.7 0.1tau.csv,2.729418946835952,160.5710102681701,158.39772835872685,2.1732819094432614
0.3C dc.csv,0.3+0.7 0.1tau.csv,2.731049424104074,160.66693082542014,158.44778381491614,2.2191470105040025
0.3C dc.csv,0.3+0.7 0.1tau.csv,2.732679901372196,160.76285171726866,158.49816773691052,2.264683980358143
0.3C dc.csv,0.3+0.7 0.1tau.csv,2.7343103786403176,160.8587728697761,158.5489041425948,2.309868727181282
0.3C dc.csv,0.3+0.7 0.1tau.csv,2.7359408559084395,160.95469367348133,158.59997465933503,2.3547190141462977
0.3C dc.csv,0.3+0.7 0.1tau.csv,2.7375713331765614,161.0506144203009,158.6513905542981,2.399223866002785
0.3C dc.csv,0.3+0.7 0.1tau.csv,2.7392018104446834,161.14653550750572,158.70311338655026,2.4434221209554607
0.3C dc.csv,0.3+0.7 0.1tau.csv,2.740832287712805,161.2424574858043,158.75515120317837,2.487306282625923
0.3C dc.csv,0.3+0.7 0.1tau.csv,2.742462764980927,161.33837929030094,158.8075048661225,2.530874424178421
0.3C dc.csv,0.3+0.7 0.1tau.csv,2.7440932422490487,161.4343005007515,158.8601759787293,2.5741245220222027
0.3C dc.csv,0.3+0.7 0.1tau.csv,2.7457237195171706,161.53022210845916,158.9131318286687,2.6170902797904603
0.3C dc.csv,0.3+0.7 0.1tau.csv,2.7473541967852926,161.62614387955423,158.96638410598493,2.6597597735693057
0.3C dc.csv,0.3+0.7 0.1tau.csv,2.748984674053414,161.72206550692508,159.01993700948856,2.7021284974365187
0.3C dc.csv,0.3+0.7 0.1tau.csv,2.750615151321536,161.81798696696146,159.07379932229526,2.744187644666198
0.3C dc.csv,0.3+0.7 0.1tau.csv,2.752245628589658,161.91390781996182,159.12793476060867,2.7859730593531538
0.3C dc.csv,0.3+0.7 0.1tau.csv,2.75387610585778,162.00982846017163,159.18235894772857,2.8274695124430593
0.3C dc.csv,0.3+0.7 0.1tau.csv,2.7555065831259014,162.10574912095663,159.2370769898722,2.8686721310844234
0.3C dc.csv,0.3+0.7 0.1tau.csv,2.7571370603940233,162.20167063228197,159.29207576567933,2.909594866602646
0.3C dc.csv,0.3+0.7 0.1tau.csv,2.758767537662145,162.29759191115104,159.3473471943751,2.9502447167759556
0.3C dc.csv,0.3+0.7 0.1tau.csv,2.760398014930267,162.3935128133692,159.40290539663263,2.990607416736566
0.3C dc.csv,0.3+0.7 0.1tau.csv,2.762028492198389,162.48943395412573,159.45874391726397,3.030690036861756
0.3C dc.csv,0.3+0.7 0.1tau.csv,2.7636589694665106,162.58535495057845,159.5148526736075,3.070502276970956
0.3C dc.csv,0.3+0.7 0.1tau.csv,2.7652894467346325,162.68127580604357,159.57123382138988,3.110041984653691
0.3C dc.csv,0.3+0.7 0.1tau.csv,2.7669199240027544,162.77719725936763,159.62790109800804,3.1492961613595867
0.3C dc.csv,0.3+0.7 0.1tau.csv,2.7685504012708764,162.8731186954823,159.68482487961046,3.1882938158718446
0.3C dc.csv,0.3+0.7 0.1tau.csv,2.7701808785389983,162.96904039113255,159.74200444782778,3.22703594330477
0.3C dc.csv,0.3+0.7 0.1tau.csv,2.77181135580712,163.0649621377395,159.79945092851014,3.2655112092293734
0.3C dc.csv,0.3+0.7 0.1tau.csv,2.7734418330752417,163.16088362654324,159.85715372058732,3.303729905955919
0.3C dc.csv,0.3+0.7 0.1tau.csv,2.7750723103433637,163.25680502769293,159.91512824826208,3.3416767794308555
0.3C dc.csv,0.3+0.7 0.1tau.csv,2.7767027876114856,163.35272740222263,159.97338019478758,3.379347207435046
0.3C dc.csv,0.3+0.7 0.1tau.csv,2.778333264879607,163.44864933036885,160.03187589522713,3.416773435141721
0.3C dc.csv,0.3+0.7 0.1tau.csv,2.779963742147729,163.544570752284,160.09061931661796,3.4539514356660277
0.3C dc.csv,0.3+0.7 0.1tau.csv,2.781594219415851,163.64049287447068,160.14964130086977,3.4908515736009065
0.3C dc.csv,0.3+0.7 0.1tau.csv,2.783224696683973,163.73641497626355,160.20891663396407,3.527498342299481
0.3C dc.csv,0.3+0.7 0.1tau.csv,2.784855173952095,163.8323370554585,160.26844611232698,3.5638909431315255
0.3C dc.csv,0.3+0.7 0.1tau.csv,2.7864856512202163,163.92825877233946,160.32821938225328,3.600039390086181
0.3C dc.csv,0.3+0.7 0.1tau.csv,2.7881161284883382,164.02417984269272,160.3882415447725,3.6359382979202053
0.3C dc.csv,0.3+0.7 0.1tau.csv,2.78974660575646,164.12010109954448,160.44853417429033,3.6715669252541545
0.3C dc.csv,0.3+0.7 0.1tau.csv,2.791377083024582,164.21602300571416,160.50908140444432,3.706941601269847
0.3C dc.csv,0.3+0.7 0.1tau.csv,2.7930075602927036,164.31194525247605,160.5698968446748,3.7420484078012635
0.3C dc.csv,0.3+0.7 0.1tau.csv,2.7946380375608255,164.4078674038289,160.63096036222714,3.77690704160176
0.3C dc.csv,0.3+0.7 0.1tau.csv,2.7962685148289474,164.50378880978812,160.69229351770613,3.811495292081986
0.3C dc.csv,0.3+0.7 0.1tau.csv,2.7978989920970694,164.59971055140525,160.75386892520413,3.8458416262011212
0.3C dc.csv,0.3+0.7 0.1tau.csv,2.7995294693651913,164.69563245917092,160.81567664693873,3.879955812232197
0.3C dc.csv,0.3+0.7 0.1tau.csv,2.801159946633313,164.7915543881492,160.87773356795293,3.913820820196264
0.3C dc.csv,0.3+0.7 0.1tau.csv,2.8027904239014347,164.88747646512874,160.94005844744635,3.947418017682395
0.3C dc.csv,0.3+0.7 0.1tau.csv,2.8044209011695567,164.9833984959015,161.0026295857453,3.9807689101562005
0.3C dc.csv,0.3+0.7 0.1tau.csv,2.8060513784376786,165.0793204681936,161.06546316059868,4.013857307594918
0.3C dc.csv,0.3+0.7 0.1tau.csv,2.8076818557058,165.17524218473199,161.12852760049927,4.046714584232717
0.3C dc.csv,0.3+0.7 0.1tau.csv,2.809312332973922,165.27116369550578,161.19186805609294,4.079295639412834
0.3C dc.csv,0.3+0.7 0.1tau.csv,2.810942810242044,165.3670850783643,161.25544914591356,4.111635932450753
0.3C dc.csv,0.3+0.7 0.1tau.csv,2.812573287510166,165.46300673404107,161.31924718264605,4.143759551395021
0.3C dc.csv,0.3+0.7 0.1tau.csv,2.814203764778288,165.55892830292834,161.3833004814462,4.175627821482124
0.3C dc.csv,0.3+0.7 0.1tau.csv,2.8158342420464093,165.65485033441948,161.44761798116565,4.207232353253829
0.3C dc.csv,0.3+0.7 0.1tau.csv,2.8174647193145312,165.7507718990891,161.51219122135058,4.2385806777385255
0.3C dc.csv,0.3+0.7 0.1tau.csv,2.819095196582653,165.8466934597597,161.57700772362128,4.2696857361384275
0.3C dc.csv,0.3+0.7 0.1tau.csv,2.820725673850775,165.94261518485135,161.64207078450764,4.3005444003437105
0.3C dc.csv,0.3+0.7 0.1tau.csv,2.8223561511188966,166.03853674762854,161.70736528221855,4.331171465409994
0.3C dc.csv,0.3+0.7 0.1tau.csv,2.8239866283870185,166.13445851655905,161.77290239484847,4.361556121710578
0.3C dc.csv,0.3+0.7 0.1tau.csv,2.8256171056551405,166.23038032158658,161.83869824626447,4.391682075322109
0.3C dc.csv,0.3+0.7 0.1tau.csv,2.8272475829232624,166.32630208647987,161.90472917142836,4.421572915051513
0.3C dc.csv,0.3+0.7 0.1tau.csv,2.8288780601913843,166.42222380746298,161.97100230244956,4.451221505013422
0.3C dc.csv,0.3+0.7 0.1tau.csv,2.830508537459506,166.5181460444692,162.03752001329008,4.480626031179128
0.3C dc.csv,0.3+0.7 0.1tau.csv,2.8321390147276277,166.6140682237419,162.10426191874677,4.509806304995124
0.3C dc.csv,0.3+0.7 0.1tau.csv,2.8337694919957497,166.7099904225639,162.17126391874265,4.538726503821238
0.3C dc.csv,0.3+0.7 0.1tau.csv,2.8353999692638716,166.80591265248012,162.2385149677285,4.567397684751626
0.3C dc.csv,0.3+0.7 0.1tau.csv,2.8370304465319935,166.90183484871366,162.3059883089084,4.595846539805251
0.3C dc.csv,0.3+0.7 0.1tau.csv,2.838660923800115,166.997757082435,162.37369751929668,4.624059563138303
0.3C dc.csv,0.3+0.7 0.1tau.csv,2.840291401068237,167.0936789876297,162.44168758665506,4.651991400974623
0.3C dc.csv,0.3+0.7 0.1tau.csv,2.841921878336359,167.1896007623314,162.5099120273499,4.679688734981482
0.3C dc.csv,0.3+0.7 0.1tau.csv,2.843552355604481,167.28552254546676,162.57837990805282,4.707142637413938
0.3C dc.csv,0.3+0.7 0.1tau.csv,2.8451828328726023,167.3814444513857,162.64707071960822,4.734373731777481
0.3C dc.csv,0.3+0.7 0.1tau.csv,2.8468133101407243,167.4773663869054,162.7159932471101,4.761373139795296
0.3C dc.csv,0.3+0.7 0.1tau.csv,2.848443787408846,167.57328831682477,162.78517012517545,4.788118191649318
0.3C dc.csv,0.3+0.7 0.1tau.csv,2.850074264676968,167.66921028132128,162.85457667635376,4.814633604967526
0.3C dc.csv,0.3+0.7 0.1tau.csv,2.85170474194509,167.76513217402066,162.9242458421028,4.840886331917858
0.3C dc.csv,0.3+0.7 0.1tau.csv,2.8533352192132115,167.86105423122314,162.99412980739825,4.866924423824884
0.3C dc.csv,0.3+0.7 0.1tau.csv,2.8549656964813335,167.95697646016444,163.06423459164415,4.8927418685202895
0.3C dc.csv,0.3+0.7 0.1tau.csv,2.8565961737494554,168.05289795816194,163.13457732469865,4.918320633463281
0.3C dc.csv,0.3+0.7 0.1tau.csv,2.8582266510175773,168.14881938872583,163.20514525341156,4.943674135314268
0.3C dc.csv,0.3+0.7 0.1tau.csv,2.859857128285699,168.24474120794844,163.27592511959006,4.9688160883583805
0.3C dc.csv,0.3+0.7 0.1tau.csv,2.8614876055538208,168.34066288786957,163.3469576256703,4.993705262199256
0.3C dc.csv,0.3+0.7 0.1tau.csv,2.8631180828219427,168.43658434846782,163.41822057964086,5.0183637688269584
0.3C dc.csv,0.3+0.7 0.1tau.csv,2.8647485600900646,168.5325052746688,163.48973155514523,5.042773719523581
0.3C dc.csv,0.3+0.7 0.1tau.csv,2.8663790373581866,168.62842580591666,163.56148045435114,5.066945351565522
0.3C dc.csv,0.3+0.7 0.1tau.csv,2.868009514626308,168.72434650973327,163.63346439457297,5.090882115160298
0.3C dc.csv,0.3+0.7 0.1tau.csv,2.86963999189443,168.82026760039525,163.7056860226493,5.114581577745952
0.3C dc.csv,0.3+0.7 0.1tau.csv,2.871270469162552,168.91618883675721,163.7781434807401,5.138045356017102
0.3C dc.csv,0.3+0.7 0.1tau.csv,2.872900946430674,169.0121101137298,163.8508293751625,5.161280738567285
0.3C dc.csv,0.3+0.7 0.1tau.csv,2.8745314236987953,169.1080314573119,163.923733322284,5.184298135027916
0.3C dc.csv,0.3+0.7 0.1tau.csv,2.8761619009669173,169.20395228009355,163.99686680419055,5.207085475903
0.3C dc.csv,0.3+0.7 0.1tau.csv,2.877792378235039,169.29987336141477,164.07021551742744,5.229657843987326
0.3C dc.csv,0.3+0.7 0.1tau.csv,2.879422855503161,169.39579476863892,164.1438113667613,5.251983401877624
0.3C dc.csv,0.3+0.7 0.1tau.csv,2.881053332771283,169.491715980693,164.21762281743625,5.274093163256737
0.3C dc.csv,0.3+0.7 0.1tau.csv,2.8826838100394045,169.58763675917797,164.2916666590123,5.295970100165675
0.3C dc.csv,0.3+0.7 0.1tau.csv,2.8843142873075265,169.6835571495712,164.36595963876977,5.31759751080142
0.3C dc.csv,0.3+0.7 0.1tau.csv,2.8859447645756484,169.7794777115023,164.44048172452054,5.338995986981757
0.3C dc.csv,0.3+0.7 0.1tau.csv,2.8875752418437703,169.87539825118805,164.51524514537212,5.360153105815925
0.3C dc.csv,0.3+0.7 0.1tau.csv,2.8892057191118923,169.97131867912964,164.59021426959094,5.381104409538693
0.3C dc.csv,0.3+0.7 0.1tau.csv,2.8908361963800138,170.06723884869297,164.665441398108,5.401797450584979
0.3C dc.csv,0.3+0.7 0.1tau.csv,2.8924666736481357,170.163159035536,164.7408899392295,5.422269096306508
0.3C dc.csv,0.3+0.7 0.1tau.csv,2.8940971509162576,170.25907943899009,164.8165600282964,5.442519410693677
0.3C dc.csv,0.3+0.7 0.1tau.csv,2.8957276281843796,170.3549997877858,164.89248108287597,5.462518704909826
0.3C dc.csv,0.3+0.7 0.1tau.csv,2.897358105452501,170.450920420363,164.96859216151887,5.48232825884412
0.3C dc.csv,0.3+0.7 0.1tau.csv,2.898988582720623,170.54684104463735,165.04493402445453,5.501907020182813
0.3C dc.csv,0.3+0.7 0.1tau.csv,2.900619059988745,170.64276206291873,165.12149937272807,5.521262690190667
0.3C dc.csv,0.3+0.7 0.1tau.csv,2.902249537256867,170.73868289779108,165.19829037509314,5.5403925226979425
0.3C dc.csv,0.3+0.7 0.1tau.csv,2.903880014524989,170.83460416859714,165.2753154815375,5.559288687059649
0.3C dc.csv,0.3+0.7 0.1tau.csv,2.9055104917931103,170.93052493363254,165.3525817820703,5.577943151562238
0.3C dc.csv,0.3+0.7 0.1tau.csv,2.907140969061232,171.02644578277815,165.43005514056577,5.596390642212384
0.3C dc.csv,0.3+0.7 0.1tau.csv,2.908771446329354,171.12236650605692,165.5077735556881,5.614592950368831
0.3C dc.csv,0.3+0.7 0.1tau.csv,2.910401923597476,171.2182874245783,165.58572285295665,5.632564571621657
0.3C dc.csv,0.3+0.7 0.1tau.csv,2.9120324008655976,171.31420864423313,165.66387746515204,5.650331179081093
0.3C dc.csv,0.3+0.7 0.1tau.csv,2.9136628781337195,171.41012911504885,165.74228358025331,5.667845534795532
0.3C dc.csv,0.3+0.7 0.1tau.csv,2.9152933554018414,171.50604997477149,165.82090783924525,5.685142135526235
0.3C dc.csv,0.3+0.7 0.1tau.csv,2.9169238326699634,171.60197037816573,165.89974537624835,5.702225001917384
0.3C dc.csv,0.3+0.7 0.1tau.csv,2.9185543099380853,171.6978909427645,165.97881660855722,5.719074334207278
0.3C dc.csv,0.3+0.7 0.1tau.csv,2.9201847872062068,171.79381178770592,166.05811707406002,5.7356947136458984
0.3C dc.csv,0.3+0.7 0.1tau.csv,2.9218152644743287,171.88973310882406,166.13764727322808,5.752085835595977
0.3C dc.csv,0.3+0.7 0.1tau.csv,2.9234457417424506,171.9856544048615,166.21739557418542,5.768258830676075
0.3C dc.csv,0.3+0.7 0.1tau.csv,2.9250762190105726,172.08157580792195,166.2973764213731,5.784199386548863
0.3C dc.csv,0.3+0.7 0.1tau.csv,2.926706696278694,172.1774971243261,166.37758766575655,5.7999094585695445
0.3C dc.csv,0.3+0.7 0.1tau.csv,2.928337173546816,172.27341809768012,166.45803985629163,5.815378241388487
0.3C dc.csv,0.3+0.7 0.1tau.csv,2.929967650814938,172.36933881896806,166.53869740083866,5.830641418129403
0.3C dc.csv,0.3+0.7 0.1tau.csv,2.93159812808306,172.46525995331265,166.61958704352722,5.845672909785435
0.3C dc.csv,0.3+0.7 0.1tau.csv,2.933228605351182,172.56118134836606,166.70072029265285,5.860461055713216
0.3C dc.csv,0.3+0.7 0.1tau.csv,2.9348590826193033,172.65710300822514,166.78207784327984,5.875025164945299
0.3C dc.csv,0.3+0.7 0.1tau.csv,2.936489559887425,172.75302477667356,166.86366409388202,5.8893606827915335
0.3C dc.csv,0.3+0.7 0.1tau.csv,2.938120037155547,172.84894618037018,166.94548968186416,5.903456498506017
0.3C dc.csv,0.3+0.7 0.1tau.csv,2.939750514423669,172.94486740771907,167.02753994447255,5.917327463246522
0.3C dc.csv,0.3+0.7 0.1tau.csv,2.9413809916917906,173.04078873703327,167.10980205458802,5.930986682445251
0.3C dc.csv,0.3+0.7 0.1tau.csv,2.9430114689599125,173.13670974833045,167.1923084398058,5.944401308524647
0.3C dc.csv,0.3+0.7 0.1tau.csv,2.9446419462280344,173.23263088292146,167.2750270112739,5.957603871647564
0.3C dc.csv,0.3+0.7 0.1tau.csv,2.9462724234961564,173.32855168676053,167.35800677885783,5.970544907902706
0.3C dc.csv,0.3+0.7 0.1tau.csv,2.9479029007642783,173.42447296412124,167.44118770866004,5.9832852554611975
0.3C dc.csv,0.3+0.7 0.1tau.csv,2.9495333780324,173.52039437619888,167.52461737934073,5.9957769968581545
0.3C dc.csv,0.3+0.7 0.1tau.csv,2.9511638553005217,173.61631561462218,167.60826726352497,6.008048351097216
0.3C dc.csv,0.3+0.7 0.1tau.csv,2.9527943325686437,173.71223732906552,167.69216418758984,6.020073141475677
0.3C dc.csv,0.3+0.7 0.1tau.csv,2.9544248098367656,173.8081593613702,167.77631468352084,6.031844677849364
0.3C dc.csv,0.3+0.7 0.1tau.csv,2.9560552871048875,173.9040819044805,167.86066995788636,6.043411946594148
0.3C dc.csv,0.3+0.7 0.1tau.csv,2.957685764373009,174.00000397585907,167.9452589517878,6.054745024071281
0.3C dc.csv,0.3+0.7 0.1tau.csv,2.959316241641131,174.0959257242374,168.03007247844772,6.065853245789668
0.3C dc.csv,0.3+0.7 0.1tau.csv,2.960946718909253,174.19184717666982,168.11513511584917,6.076712060820654
0.3C dc.csv,0.3+0.7 0.1tau.csv,2.962577196177375,174.28776884954328,168.20045698064146,6.087311868901821
0.3C dc.csv,0.3+0.7 0.1tau.csv,2.9642076734454963,174.38369070410502,168.28602596646385,6.097664737641168
0.3C dc.csv,0.3+0.7 0.1tau.csv,2.9658381507136182,174.47961257804118,168.37181606043706,6.107796517604129
0.3C dc.csv,0.3+0.7 0.1tau.csv,2.96746862798174,174.5763901809874,168.45786495739893,6.1185252235884775
0.3C dc.csv,0.3+0.7 0.1tau.csv,2.969099105249862,174.67406509664286,168.54415490309643,6.129910193546436
0.3C dc.csv,0.3+0.7 0.1tau.csv,2.970729582517984,174.77218707048135,168.63066283277468,6.141524237706676
0.3C dc.csv,0.3+0.7 0.1tau.csv,2.9723600597861055,174.87076440544922,168.71740687887674,6.153357526572478
0.3C dc.csv,0.3+0.7 0.1tau.csv,2.9739905370542274,174.9697474495621,168.8044139126917,6.165333536870406
0.3C dc.csv,0.3+0.7 0.1tau.csv,2.9756210143223494,175.06917561196812,168.8916570266291,6.1775185853390155
0.3C dc.csv,0.3+0.7 0.1tau.csv,2.9772514915904713,175.16900744137894,168.97917070059472,6.189836740784216
0.3C dc.csv,0.3+0.7 0.1tau.csv,2.978881968858593,175.2692638994374,169.06691881298664,6.202345086450748
0.3C dc.csv,0.3+0.7 0.1tau.csv,2.9805124461267147,175.36995832616557,169.1549139163817,6.2150444097838715
0.3C dc.csv,0.3+0.7 0.1tau.csv,2.9821429233948367,175.4710536617396,169.24319001799532,6.227863643744286
0.3C dc.csv,0.3+0.7 0.1tau.csv,2.9837734006629586,175.57252477533686,169.33168324161403,6.240841533722829
0.3C dc.csv,0.3+0.7 0.1tau.csv,2.9854038779310805,175.6744217048643,169.42045147556723,6.253970229297067
0.3C dc.csv,0.3+0.7 0.1tau.csv,2.987034355199202,175.77667432862782,169.5094653703585,6.267208958269322
0.3C dc.csv,0.3+0.7 0.1tau.csv,2.988664832467324,175.87939599968226,169.59876689973945,6.280629099942814
0.3C dc.csv,0.3+0.7 0.1tau.csv,2.990295309735446,175.9824877855932,169.68829637283307,6.294191412760142
0.3C dc.csv,0.3+0.7 0.1tau.csv,2.991925787003568,176.08602203821388,169.77811193846455,6.307910099749336
0.3C dc.csv,0.3+0.7 0.1tau.csv,2.9935562642716893,176.1899464184522,169.8681433172486,6.321803101203585
0.3C dc.csv,0.3+0.7 0.1tau.csv,2.9951867415398112,176.29425778239468,169.95847511418646,6.335782668208225
0.3C dc.csv,0.3+0.7 0.1tau.csv,2.996817218807933,176.39895404841565,170.0491022726024,6.349851775813249
0.3C dc.csv,0.3+0.7 0.1tau.csv,2.998447696076055,176.50408635535365,170.1400001492549,6.3640862060987615
0.3C dc.csv,0.3+0.7 0.1tau.csv,3.000078173344177,176.60959844888492,170.2311353827676,6.37846306611732
0.3C dc.csv,0.3+0.7 0.1tau.csv,3.0017086506122985,176.71551771184596,170.32249493795285,6.393022773893108
0.3C dc.csv,0.3+0.7 0.1tau.csv,3.0033391278804205,176.8218943717015,170.41417219133496,6.407722180366534
0.3C dc.csv,0.3+0.7 0.1tau.csv,3.0049696051485424,176.928677032299,170.50611887690678,6.42255815539221
0.3C dc.csv,0.3+0.7 0.1tau.csv,3.0066000824166643,177.03589442441802,170.5983434536846,6.437550970733412
0.3C dc.csv,0.3+0.7 0.1tau.csv,3.0082305596847863,177.1435276290697,170.69082857435302,6.452699054716675
0.3C dc.csv,0.3+0.7 0.1tau.csv,3.0098610369529077,177.25161284613995,170.7835873214937,6.468025524646237
0.3C dc.csv,0.3+0.7 0.1tau.csv,3.0114915142210297,177.36006984368322,170.87663922120146,6.483430622481762
0.3C dc.csv,0.3+0.7 0.1tau.csv,3.0131219914891516,177.46898114821084,170.96996912672776,6.499012021483082
0.3C dc.csv,0.3+0.7 0.1tau.csv,3.0147524687572735,177.57834967931794,171.06361535624944,6.514734323068495
0.3C dc.csv,0.3+0.7 0.1tau.csv,3.016382946025395,177.68821807914279,171.1575355158449,6.530682563297887
0.3C dc.csv,0.3+0.7 0.1tau.csv,3.018013423293517,177.79849883194058,171.2516963998382,6.546802432102368
0.3C dc.csv,0.3+0.7 0.1tau.csv,3.019643900561639,177.90925690467913,171.34618047304897,6.563076431630151
0.3C dc.csv,0.3+0.7 0.1tau.csv,3.021274377829761,178.02050228612632,171.44094663053468,6.5795556555916335
0.3C dc.csv,0.3+0.7 0.1tau.csv,3.0229048550978828,178.13223551889067,171.53600210470918,6.596233414181484
0.3C dc.csv,0.3+0.7 0.1tau.csv,3.0245353323660042,178.24444233544932,171.63135973400014,6.613082601449179
0.3C dc.csv,0.3+0.7 0.1tau.csv,3.026165809634126,178.35713011277988,171.72702924388003,6.630100868899859
0.3C dc.csv,0.3+0.7 0.1tau.csv,3.027796286902248,178.47028227872298,171.82299474604935,6.64728753267363
0.3C dc.csv,0.3+0.7 0.1tau.csv,3.02942676417037,178.58391877990664,171.91925174723326,6.664667032673378
0.3C dc.csv,0.3+0.7 0.1tau.csv,3.0310572414384915,178.6981158719477,172.0158451052269,6.682270766720791
0.3C dc.csv,0.3+0.7 0.1tau.csv,3.0326877187066135,178.81279569825458,172.11275390738473,6.700041790869847
0.3C dc.csv,0.3+0.7 0.1tau.csv,3.0343181959747354,178.92802859735647,172.20999752775265,6.718031069603825
0.3C dc.csv,0.3+0.7 0.1tau.csv,3.0359486732428573,179.0437655419761,172.30752888420224,6.736236657773844
0.3C dc.csv,0.3+0.7 0.1tau.csv,3.0375791505109793,179.16003727044915,172.40537051113026,6.754666759318894
0.3C dc.csv,0.3+0.7 0.1tau.csv,3.0392096277791008,179.2768746750673,172.50355048110615,6.773324193961145
0.3C dc.csv,0.3+0.7 0.1tau.csv,3.0408401050472227,179.39429227270605,172.6020658277459,6.792226444960164
0.3C dc.csv,0.3+0.7 0.1tau.csv,3.0424705823153446,179.51219504072927,172.70086508375203,6.811329956977232
0.3C dc.csv,0.3+0.7 0.1tau.csv,3.0441010595834666,179.63070302858796,172.80002089004017,6.830682138547786
0.3C dc.csv,0.3+0.7 0.1tau.csv,3.045731536851588,179.7498052297458,172.89951227020362,6.850292959542173
0.3C dc.csv,0.3+0.7 0.1tau.csv,3.04736201411971,179.86948227780667,172.9993033203253,6.870178957481357
0.3C dc.csv,0.3+0.7 0.1tau.csv,3.048992491387832,179.98974652893455,173.0994689038904,6.890277625044149
0.3C dc.csv,0.3+0.7 0.1tau.csv,3.050622968655954,180.11065536501758,173.2000161567431,6.910639208274489
0.3C dc.csv,0.3+0.7 0.1tau.csv,3.0522534459240758,180.23215177306082,173.3008736702738,6.931278102787019
0.3C dc.csv,0.3+0.7 0.1tau.csv,3.0538839231921973,180.35424479210332,173.40208153998591,6.952163252117401
0.3C dc.csv,0.3+0.7 0.1tau.csv,3.055514400460319,180.47697240513995,173.5036603612312,6.973312043908749
0.3C dc.csv,0.3+0.7 0.1tau.csv,3.057144877728441,180.60037619666755,173.60558308485852,6.994793111809031
0.3C dc.csv,0.3+0.7 0.1tau.csv,3.058775354996563,180.72446323422943,173.70787492575153,7.016588308477907
0.3C dc.csv,0.3+0.7 0.1tau.csv,3.0604058322646845,180.84922784672816,173.8105368423597,7.038691004368445
0.3C dc.csv,0.3+0.7 0.1tau.csv,3.0620363095328065,180.97461320895061,173.91357104774943,7.061042161201186
0.3C dc.csv,0.3+0.7 0.1tau.csv,3.0636667868009284,181.10073872851407,174.01701252585872,7.083726202655356
0.3C dc.csv,0.3+0.7 0.1tau.csv,3.0652972640690503,181.22755441612125,174.1208002230486,7.106754193072646
0.3C dc.csv,0.3+0.7 0.1tau.csv,3.0669277413371723,181.35511943224768,174.22494239262443,7.1301770396232484
0.3C dc.csv,0.3+0.7 0.1tau.csv,3.0685582186052938,181.4834034395857,174.32946358580244,7.153939853783243
0.3C dc.csv,0.3+0.7 0.1tau.csv,3.0701886958734157,181.61244469678334,174.43438428431898,7.178060412464362
0.3C dc.csv,0.3+0.7 0.1tau.csv,3.0718191731415376,181.74224444574176,174.53970309883113,7.202541346910635
0.3C dc.csv,0.3+0.7 0.1tau.csv,3.0734496504096596,181.87280123183982,174.64544870303766,7.227352528802157
0.3C dc.csv,0.3+0.7 0.1tau.csv,3.0750801276777815,182.00420523196956,174.75157278139278,7.252632450576783
0.3C dc.csv,0.3+0.7 0.1tau.csv,3.076710604945903,182.13640455961033,174.85808551939127,7.27831904021906
0.3C dc.csv,0.3+0.7 0.1tau.csv,3.078341082214025,182.26942875856528,174.96504255451788,7.304386204047404
0.3C dc.csv,0.3+0.7 0.1tau.csv,3.079971559482147,182.40325307623908,175.07239333351447,7.330859742724613
0.3C dc.csv,0.3+0.7 0.1tau.csv,3.081602036750269,182.53791324674143,175.18016544100217,7.357747805739251
0.3C dc.csv,0.3+0.7 0.1tau.csv,3.0832325140183903,182.67344694464197,175.28839631407428,7.38505063056769
0.3C dc.csv,0.3+0.7 0.1tau.csv,3.084862991286512,182.8099016905001,175.39705732505217,7.412844365447938
0.3C dc.csv,0.3+0.7 0.1tau.csv,3.086493468554634,182.94721745656358,175.50616773817924,7.441049718384335
0.3C dc.csv,0.3+0.7 0.1tau.csv,3.088123945822756,183.0854507616257,175.61570017275565,7.469750588870056
0.3C dc.csv,0.3+0.7 0.1tau.csv,3.089754423090878,183.22460413812138,175.72568448402737,7.49891965409401
0.3C dc.csv,0.3+0.7 0.1tau.csv,3.0913849003589995,183.3647514041334,175.83610357139705,7.52864783273634
0.3C dc.csv,0.3+0.7 0.1tau.csv,3.0930153776271214,183.50580486524092,175.9470097666985,7.558795098542419
0.3C dc.csv,0.3+0.7 0.1tau.csv,3.0946458548952434,183.6479151423825,176.05841813528593,7.589497007096554
0.3C dc.csv,0.3+0.7 0.1tau.csv,3.0962763321633653,183.79103406078667,176.17026437931912,7.62076968146755
0.3C dc.csv,0.3+0.7 0.1tau.csv,3.0979068094314868,183.93519672297293,176.2825440566195,7.6526526663534185
0.3C dc.csv,0.3+0.7 0.1tau.csv,3.0995372866996087,184.0804289964476,176.3952999069632,7.6851290894844055
0.3C dc.csv,0.3+0.7 0.1tau.csv,3.1011677639677306,184.2267038303943,176.5085582528068,7.7181455775875065
0.3C dc.csv,0.3+0.7 0.1tau.csv,3.1027982412358526,184.37415494398203,176.62230952267524,7.751845421306797
0.3C dc.csv,0.3+0.7 0.1tau.csv,3.1044287185039745,184.52271976074223,176.7365988081605,7.78612095258174
0.3C dc.csv,0.3+0.7 0.1tau.csv,3.106059195772096,184.67249594003457,176.8514212158344,7.821074724200173
0.3C dc.csv,0.3+0.7 0.1tau.csv,3.107689673040218,184.82345751275287,176.96673462892164,7.856722883831225
0.3C dc.csv,0.3+0.7 0.1tau.csv,3.10932015030834,184.97559798324662,177.0825865681271,7.893011415119503
0.3C dc.csv,0.3+0.7 0.1tau.csv,3.110950627576462,185.12903951626552,177.1990082797995,7.9300312364660215
0.3C dc.csv,0.3+0.7 0.1tau.csv,3.1125811048445833,185.28371359642244,177.3159731865661,7.967740409856333
0.3C dc.csv,0.3+0.7 0.1tau.csv,3.114211582112705,185.4396976951781,177.433492938905,8.006204756273092
0.3C dc.csv,0.3+0.7 0.1tau.csv,3.115842059380827,185.5970501457014,177.55153331990266,8.045516825798728
0.3C dc.csv,0.3+0.7 0.1tau.csv,3.117472536648949,185.75566777893525,177.670130676679,8.08553710225624
0.3C dc.csv,0.3+0.7 0.1tau.csv,3.119103013917071,185.91567908588723,177.78926026016146,8.126418825725779
0.3C dc.csv,0.3+0.7 0.1tau.csv,3.1207334911851925,186.0771274882788,177.90902427430194,8.168103213976849
0.3C dc.csv,0.3+0.7 0.1tau.csv,3.1223639684533144,186.2400277122884,178.02939378893896,8.210633923349434
0.3C dc.csv,0.3+0.7 0.1tau.csv,3.1239944457214364,186.40447551442574,178.1503657569983,8.254109757427443
0.3C dc.csv,0.3+0.7 0.1tau.csv,3.1256249229895583,186.57045571497014,178.27193451345963,8.29852120151051
0.3C dc.csv,0.3+0.7 0.1tau.csv,3.1272554002576802,186.73799004030877,178.3940957887958,8.343894251512978
0.3C dc.csv,0.3+0.7 0.1tau.csv,3.1288858775258017,186.9071263561341,178.51689921783216,8.390227138301952
0.3C dc.csv,0.3+0.7 0.1tau.csv,3.1305163547939237,187.07795706781448,178.64032916187944,8.437627905935045
0.3C dc.csv,0.3+0.7 0.1tau.csv,3.1321468320620456,187.25052434559885,178.764446060752,8.486078284846855
0.3C dc.csv,0.3+0.7 0.1tau.csv,3.1337773093301675,187.424802675724,178.88918072000052,8.535621955723485
0.3C dc.csv,0.3+0.7 0.1tau.csv,3.135407786598289,187.60082971524392,179.01461798306553,8.586211732178384
0.3C dc.csv,0.3+0.7 0.1tau.csv,3.137038263866411,187.77877703465273,179.14071765759414,8.638059377058596
0.3C dc.csv,0.3+0.7 0.1tau.csv,3.138668741134533,187.95868131218407,179.26750767771318,8.691173634470886
0.3C dc.csv,0.3+0.7 0.1tau.csv,3.140299218402655,188.1405356101446,179.39502215139805,8.745513458746558
0.3C dc.csv,0.3+0.7 0.1tau.csv,3.1419296956707767,188.32427531074975,179.52323301862512,8.801042292124635
0.3C dc.csv,0.3+0.7 0.1tau.csv,3.1435601729388982,188.51009695974693,179.65215860949544,8.857938350251487
0.3C dc.csv,0.3+0.7 0.1tau.csv,3.14519065020702,188.69808085791277,179.78187483691005,8.916206021002722
0.3C dc.csv,0.3+0.7 0.1tau.csv,3.146821127475142,188.88834598158923,179.91237983628113,8.975966145308092
0.3C dc.csv,0.3+0.7 0.1tau.csv,3.148451604743264,189.08090329522597,180.0436532668661,9.037250028359864
0.3C dc.csv,0.3+0.7 0.1tau.csv,3.1500820820113855,189.27573251119213,180.17572664917438,9.100005862017753
0.3C dc.csv,0.3+0.7 0.1tau.csv,3.1517125592795074,189.47299330250638,180.30858018682184,9.164413115684539
0.3C dc.csv,0.3+0.7 0.1tau.csv,3.1533430365476294,189.6726606055072,180.44228543407166,9.230375171435526
0.3C dc.csv,0.3+0.7 0.1tau.csv,3.1549735138157513,189.87487445107902,180.57679493635717,9.298079514721849
0.3C dc.csv,0.3+0.7 0.1tau.csv,3.1566039910838732,190.07979259351544,180.712144015529,9.367648577986444
0.3C dc.csv,0.3+0.7 0.1tau.csv,3.1582344683519947,190.28748815735406,180.84838530778697,9.439102849567092
0.3C dc.csv,0.3+0.7 0.1tau.csv,3.1598649456201167,190.49806325402537,180.98543400911578,9.51262924490959
0.3C dc.csv,0.3+0.7 0.1tau.csv,3.1614954228882386,190.71145713121763,181.12338623561342,9.588070895604204
0.3C dc.csv,0.3+0.7 0.1tau.csv,3.1631259001563605,190.92786343127793,181.2622054352251,9.665657996052829
0.3C dc.csv,0.3+0.7 0.1tau.csv,3.164756377424482,191.1474150035062,181.40196125609978,9.74545374740643
0.3C dc.csv,0.3+0.7 0.1tau.csv,3.166386854692604,191.3700968906657,181.54276040437074,9.827336486294968
0.3C dc.csv,0.3+0.7 0.1tau.csv,3.168017331960726,191.59608986523148,181.68444997496692,9.911639890264553
0.3C dc.csv,0.3+0.7 0.1tau.csv,3.169647809228848,191.82554655077863,181.82708600919366,9.998460541584961
0.3C dc.csv,0.3+0.7 0.1tau.csv,3.1712782864969697,192.05859780559075,181.970701994983,10.087895810607762
0.3C dc.csv,0.3+0.7 0.1tau.csv,3.1729087637650912,192.29522892421025,182.1153569082487,10.179872015961536
0.3C dc.csv,0.3+0.7 0.1tau.csv,3.174539241033213,192.53571565379218,182.26107403574971,10.274641618042466
0.3C dc.csv,0.3+0.7 0.1tau.csv,3.176169718301335,192.78019026788763,182.40788505787205,10.372305210015583
0.3C dc.csv,0.3+0.7 0.1tau.csv,3.177800195569457,193.0289850897405,182.55575757494378,10.473227514796719
0.3C dc.csv,0.3+0.7 0.1tau.csv,3.1794306728375785,193.28212769127362,182.70470976426137,10.577417927012249
0.3C dc.csv,0.3+0.7 0.1tau.csv,3.1810611501057005,193.53981891828056,182.8548033363441,10.685015581936455
0.3C dc.csv,0.3+0.7 0.1tau.csv,3.1826916273738224,193.80203080161604,183.00601870837565,10.796012093240392
0.3C dc.csv,0.3+0.7 0.1tau.csv,3.1843221046419443,194.0691298028081,183.15839449783144,10.910735304976669
0.3C dc.csv,0.3+0.7 0.1tau.csv,3.1859525819100663,194.34130619095282,183.31201503710665,11.029291153846174
0.3C dc.csv,0.3+0.7 0.1tau.csv,3.1875830591781877,194.61892665436932,183.46688515715223,11.152041497217084
0.3C dc.csv,0.3+0.7 0.1tau.csv,3.1892135364463097,194.9021688288715,183.62294819679292,11.27922063207859
0.3C dc.csv,0.3+0.7 0.1tau.csv,3.1908440137144316,195.1911164444224,183.78033043491266,11.410786009509735
0.3C dc.csv,0.3+0.7 0.1tau.csv,3.1924744909825535,195.48593792222505,183.93895226537407,11.546985656850978
0.3C dc.csv,0.3+0.7 0.1tau.csv,3.1941049682506755,195.7872135276775,184.0988736675767,11.688339860100797
0.3C dc.csv,0.3+0.7 0.1tau.csv,3.195735445518797,196.09504114165395,184.26023702815212,11.834804113501832
0.3C dc.csv,0.3+0.7 0.1tau.csv,3.197365922786919,196.40985214307264,184.42305135817705,11.986800784895593
0.3C dc.csv,0.3+0.7 0.1tau.csv,3.198996400055041,196.73202567205735,184.5872286060481,12.14479706600926
0.3C dc.csv,0.3+0.7 0.1tau.csv,3.2006268773231628,197.06178472726734,184.7528639424718,12.308920784795532
0.3C dc.csv,0.3+0.7 0.1tau.csv,3.2022573545912842,197.39939400792375,184.92013102416288,12.479262983760862
0.3C dc.csv,0.3+0.7 0.1tau.csv,3.203887831859406,197.74578034453756,185.08883015974527,12.656950184792294
0.3C dc.csv,0.3+0.7 0.1tau.csv,3.205518309127528,198.10110478314812,185.25915444058424,12.841950342563877
0.3C dc.csv,0.3+0.7 0.1tau.csv,3.20714878639565,198.46566887867058,185.4310499643588,13.034618914311778
0.3C dc.csv,0.3+0.7 0.1tau.csv,3.208779263663772,198.840098035162,185.60461456082416,13.235483474337826
0.3C dc.csv,0.3+0.7 0.1tau.csv,3.2104097409318935,199.22500150786237,185.77990072249045,13.44510078537192
0.3C dc.csv,0.3+0.7 0.1tau.csv,3.2120402182000154,199.62092777454893,185.95697158054045,13.663956194008477
0.3C dc.csv,0.3+0.7 0.1tau.csv,3.2136706954681373,200.029108805108,186.13585049464697,13.893258310461022
0.3C dc.csv,0.3+0.7 0.1tau.csv,3.2153011727362593,200.44982108186352,186.31656479113408,14.133256290729435
0.3C dc.csv,0.3+0.7 0.1tau.csv,3.2169316500043807,200.8838990792594,186.49918644307198,14.38471263618743
0.3C dc.csv,0.3+0.7 0.1tau.csv,3.2185621272725027,201.33246769036043,186.68377412435453,14.648693566005903
0.3C dc.csv,0.3+0.7 0.1tau.csv,3.2201926045406246,201.79648383402778,186.8703601779086,14.926123656119188
0.3C dc.csv,0.3+0.7 0.1tau.csv,3.2218230818087465,202.27640574980697,187.05892834199622,15.217477407810748
0.3C dc.csv,0.3+0.7 0.1tau.csv,3.2234535590768685,202.77411397692276,187.2495852188626,15.524528758060171
0.3C dc.csv,0.3+0.7 0.1tau.csv,3.22508403634499,203.29105634234824,187.4423812875813,15.848675054766943
0.3C dc.csv,0.3+0.7 0.1tau.csv,3.226714513613112,203.82770239131432,187.63745391028345,16.190248481030864
0.3C dc.csv,0.3+0.7 0.1tau.csv,3.228344990881234,204.3857323202868,187.83483910946438,16.55089321082241
0.3C dc.csv,0.3+0.7 0.1tau.csv,3.2299754681493558,204.96692893991792,188.03461885701233,16.932310082905587
0.3C dc.csv,0.3+0.7 0.1tau.csv,3.2316059454174773,205.57376286275255,188.23681005883876,17.33695280391379
0.3C dc.csv,0.3+0.7 0.1tau.csv,3.233236422685599,206.20799386390462,188.441457944078,17.766535919826623
0.3C dc.csv,0.3+0.7 0.1tau.csv,3.234866899953721,206.87257946773445,188.64871387411617,18.223865593618285
0.3C dc.csv,0.3+0.7 0.1tau.csv,3.236497377221843,207.56954983262298,188.85868826172,18.710861570902978
0.3C dc.csv,0.3+0.7 0.1tau.csv,3.238127854489965,208.30213607487954,189.07140207544637,19.23073399943317
0.3C dc.csv,0.3+0.7 0.1tau.csv,3.2397583317580865,209.0717527259873,189.28700467144944,19.784748054537857
0.3C dc.csv,0.3+0.7 0.1tau.csv,3.2413888090262084,209.8850978723968,189.5055510705537,20.379546801843105
0.3C dc.csv,0.3+0.7 0.1tau.csv,3.2430192862943303,210.74498925987308,189.7271493896977,21.01783987017538
0.3C dc.csv,0.3+0.7 0.1tau.csv,3.2446497635624523,211.6587065990132,189.95202934849956,21.70667725051362
0.3C dc.csv,0.3+0.7 0.1tau.csv,3.2462802408305738,212.63088328316732,190.18012763342205,22.450755649745275
0.3C dc.csv,0.3+0.7 0.1tau.csv,3.2479107180986957,213.66995164937808,190.41160464968482,23.25834699969326
0.3C dc.csv,0.3+0.7 0.1tau.csv,3.2495411953668176,214.7829179679365,190.64654392775435,24.136374040182147
0.3C dc.csv,0.3+0.7 0.1tau.csv,3.2511716726349396,215.98128155638008,190.88495049734132,25.09633105903876
0.3C dc.csv,0.3+0.7 0.1tau.csv,3.2528021499030615,217.27537910119767,191.12708488542035,26.148294215777327
0.3C dc.csv,0.3+0.7 0.1tau.csv,3.254432627171183,218.68215547618001,191.37298738143718,27.30916809474283
0.3C dc.csv,0.3+0.7 0.1tau.csv,3.256063104439305,220.21819808424226,191.6229818465365,28.595216237705756
0.3C dc.csv,0.3+0.7 0.1tau.csv,3.257693581707427,221.9030332830225,191.87719805110288,30.025835231919615
0.3C dc.csv,0.3+0.7 0.1tau.csv,3.2593240589755488,223.76666666666668,192.13570919418703,31.63095747247965
0.3C dc.csv,0.3+0.7 1tau.csv,0.0,0.0,0.0,0.0
0.3C dc.csv,0.3+0.7 1tau.csv,0.0016303703357948116,0.09591933296597577,0.06266860434660763,0.03325072861936813
0.3C dc.csv,0.3+0.7 1tau.csv,0.003260740671589623,0.19183843161988084,0.10723910553684676,0.08459932608303408
0.3C dc.csv,0.3+0.7 1tau.csv,0.004891111007384435,0.28775748042564664,0.14463716325482814,0.1431203171708185
0.3C dc.csv,0.3+0.7 1tau.csv,0.006521481343179246,0.383676488711562,0.1781239381699814,0.20555255054158061
0.3C dc.csv,0.3+0.7 1tau.csv,0.008151851678974057,0.479595754306339,0.2092813918300639,0.2703143624762751
0.3C dc.csv,0.3+0.7 1tau.csv,0.00978222201476887,0.5755146066659105,0.239062427785575,0.3364521788803355
0.3C dc.csv,0.3+0.7 1tau.csv,0.011412592350563681,0.6714336451309337,0.2681047199413789,0.4033289251895548
0.3C dc.csv,0.3+0.7 1tau.csv,0.013042962686358493,0.7673526257248564,0.29692024525759275,0.47043238046726366
0.3C dc.csv,0.3+0.7 1tau.csv,0.014673333022153304,0.8632716553291904,0.3260384820391456,0.5372331732900448
0.3C dc.csv,0.3+0.7 1tau.csv,0.016303703357948115,0.9591903285962233,0.35597297538836364,0.6032173532078597
0.3C dc.csv,0.3+0.7 1tau.csv,0.017934073693742926,1.0551093979454034,0.38739732417240114,0.6677120737730022
0.3C dc.csv,0.3+0.7 1tau.csv,0.01956444402953774,1.1510285147447452,0.4213384055337491,0.7296901092109961
0.3C dc.csv,0.3+0.7 1tau.csv,0.02119481436533255,1.24694725422111,0.45952936585399334,0.7874178883671166
0.3C dc.csv,0.3+0.7 1tau.csv,0.022825184701127363,1.3428664136529616,0.5057490485367986,0.837117365116163
0.3C dc.csv,0.3+0.7 1tau.csv,0.024455555036922174,1.4387860232648373,0.5746165702180884,0.8641694530467489
0.3C dc.csv,0.3+0.7 1tau.csv,0.026085925372716985,1.5347050464970906,1.3389840876529664,0.19572095884412422
0.3C dc.csv,0.3+0.7 1tau.csv,0.027716295708511796,1.6306240229382567,1.3704469944108837,0.260177028527373
0.3C dc.csv,0.3+0.7 1tau.csv,0.029346666044306607,1.7265429599009872,1.400403453926148,0.3261395059748391
0.3C dc.csv,0.3+0.7 1tau.csv,0.03097703638010142,1.8224620928573232,1.4294919426599197,0.39297015019740344
0.3C dc.csv,0.3+0.7 1tau.csv,0.03260740671589623,1.9183811531130033,1.4583187042359416,0.4600624488770617
0.3C dc.csv,0.3+0.7 1tau.csv,0.034237777051691044,2.0142999594886426,1.4873481038493785,0.526951855639264
0.3C dc.csv,0.3+0.7 1tau.csv,0.03586814738748585,2.110218643503571,1.5170784294846547,0.5931402140189164
0.3C dc.csv,0.3+0.7 1tau.csv,0.03749851772328067,2.2061370787848347,1.548229951964348,0.6579071268204866
0.3C dc.csv,0.3+0.7 1tau.csv,0.03912888805907548,2.3020557262403667,1.5816772243631656,0.7203785018772011
0.3C dc.csv,0.3+0.7 1tau.csv,0.04075925839487029,2.3979741503706293,1.6190240941971465,0.7789500561734828
0.3C dc.csv,0.3+0.7 1tau.csv,0.0423896287306651,2.4938925315191267,1.663562805521896,0.8303297259972306
0.3C dc.csv,0.3+0.7 1tau.csv,0.04401999906645991,2.589810580350182,1.7263836816029217,0.8634268987472604
0.3C dc.csv,0.3+0.7 1tau.csv,0.045650369402254726,2.68572872973738,2.499850374699335,0.18587835503804495
0.3C dc.csv,0.3+0.7 1tau.csv,0.04728073973804953,2.7816466655811922,2.531569456779177,0.25007720880201534
0.3C dc.csv,0.3+0.7 1tau.csv,0.04891111007384435,2.8775645846033613,2.5616665416328472,0.31589804297051405
0.3C dc.csv,0.3+0.7 1tau.csv,0.050541480409639156,2.973482794515286,2.5908694449220753,0.3826133495932109
0.3C dc.csv,0.3+0.7 1tau.csv,0.05217185074543397,3.0694007305247584,2.6197088338393675,0.4496918966853909
0.3C dc.csv,0.3+0.7 1tau.csv,0.053802221081228785,3.165318558581913,2.648661111930718,0.5166574466511946
0.3C dc.csv,0.3+0.7 1tau.csv,0.05543259141702359,3.2612361659465474,2.6782896622716676,0.5829465036748798
0.3C dc.csv,0.3+0.7 1tau.csv,0.05706296175281841,3.3571540951230094,2.7091852182640848,0.6479688768589247
0.3C dc.csv,0.3+0.7 1tau.csv,0.058693332088613215,3.4530716409572286,2.7422151619407904,0.7108564790164382
0.3C dc.csv,0.3+0.7 1tau.csv,0.06032370242440803,3.5489888991658702,2.7787862700319685,0.7702026291339017
0.3C dc.csv,0.3+0.7 1tau.csv,0.06195407276020284,3.6449059537469415,2.8218530524905883,0.8230529012563532
0.3C dc.csv,0.3+0.7 1tau.csv,0.06358444309599764,3.74082324647629,2.879935342277303,0.8608879041989868
0.3C dc.csv,0.3+0.7 1tau.csv,0.06521481343179246,3.8367406973979232,3.660496850884142,0.17624384651378122
0.3C dc.csv,0.3+0.7 1tau.csv,0.06684518376758727,3.9326578809648582,3.692594416087572,0.24006346487728614
0.3C dc.csv,0.3+0.7 1tau.csv,0.06847555410338209,4.028574312731588,3.7229264099711203,0.3056479027604677
0.3C dc.csv,0.3+0.7 1tau.csv,0.0701059244391769,4.124491686955984,3.752244938804807,0.37224674815117664
0.3C dc.csv,0.3+0.7 1tau.csv,0.0717362947749717,4.220409038003554,3.7810955755932563,0.4393134624102979
0.3C dc.csv,0.3+0.7 1tau.csv,0.07336666511076652,4.316326032361077,3.8100143676810254,0.5063116646800512
0.3C dc.csv,0.3+0.7 1tau.csv,0.07499703544656133,4.412242691216582,3.839494366531874,0.5727483246847078
0.3C dc.csv,0.3+0.7 1tau.csv,0.07662740578235615,4.508159634704097,3.8701168097596987,0.6380428249443986
0.3C dc.csv,0.3+0.7 1tau.csv,0.07825777611815096,4.604076119965939,3.9027196601585845,0.7013564598073541
0.3C dc.csv,0.3+0.7 1tau.csv,0.07988814645394576,4.6999926254323885,3.93865837962806,0.7613342458043286
0.3C dc.csv,0.3+0.7 1tau.csv,0.08151851678974058,4.795908960803171,3.9803452088776945,0.8155637519254766
0.3C dc.csv,0.3+0.7 1tau.csv,0.08314888712553539,4.891825157253105,4.034783336376952,0.8570418208761525
0.3C dc.csv,0.3+0.7 1tau.csv,0.0847792574613302,4.987741851393368,4.821158651417112,0.16658319997625615
0.3C dc.csv,0.3+0.7 1tau.csv,0.08640962779712501,5.08365804746742,4.853626665026509,0.23003138244091126
0.3C dc.csv,0.3+0.7 1tau.csv,0.08803999813291982,5.1795739666658065,4.8841871266487775,0.295386840017029
0.3C dc.csv,0.3+0.7 1tau.csv,0.08967036846871464,5.275489870474811,4.913587127986794,0.36190274248801657
0.3C dc.csv,0.3+0.7 1tau.csv,0.09130073880450945,5.371405962065036,4.942479497247445,0.4289264648175912
0.3C dc.csv,0.3+0.7 1tau.csv,0.09293110914030427,5.46732187085019,4.9713544127927936,0.4959674580573967
0.3C dc.csv,0.3+0.7 1tau.csv,0.09456147947609907,5.563238306977201,5.000679537357307,0.5625587696198942
0.3C dc.csv,0.3+0.7 1tau.csv,0.09619184981189388,5.659154098202027,5.0310933953863355,0.6280607028156915
0.3C dc.csv,0.3+0.7 1tau.csv,0.0978222201476887,5.755069843192934,5.0633415216220685,0.6917283215708654
0.3C dc.csv,0.3+0.7 1tau.csv,0.09945259048348351,5.850985673514846,5.0985697404277195,0.7524159330871267
0.3C dc.csv,0.3+0.7 1tau.csv,0.10108296081927831,5.946900913067916,5.139215959827425,0.807684953240491
0.3C dc.csv,0.3+0.7 1tau.csv,0.10271333115507313,6.042815922247702,5.190848544965868,0.8519673772818344
0.3C dc.csv,0.3+0.7 1tau.csv,0.10434370149086794,6.13873130523331,5.300651361755421,0.8380799434778883
0.3C dc.csv,0.3+0.7 1tau.csv,0.10597407182666276,6.234646523133767,6.014601849854971,0.22004467327879595
0.3C dc.csv,0.3+0.7 1tau.csv,0.10760444216245757,6.330561665210568,6.0453566834832015,0.2852049817273663
0.3C dc.csv,0.3+0.7 1tau.csv,0.10923481249825237,6.426477109949344,6.074908872521844,0.3515682374275002
0.3C dc.csv,0.3+0.7 1tau.csv,0.11086518283404719,6.5223927054108275,6.103859171839706,0.41853353357112155
0.3C dc.csv,0.3+0.7 1tau.csv,0.112495553169842,6.61830788356822,6.1326901617074805,0.4856177218607396
0.3C dc.csv,0.3+0.7 1tau.csv,0.11412592350563681,6.714223690706891,6.161942885740815,0.5522808049660766
0.3C dc.csv,0.3+0.7 1tau.csv,0.11575629384143162,6.810139419317818,6.192157605587035,0.6179818137307835
0.3C dc.csv,0.3+0.7 1tau.csv,0.11738666417722643,6.9060551871520675,6.224055461773582,0.6819997253784855
0.3C dc.csv,0.3+0.7 1tau.csv,0.11901703451302124,7.001970750068201,6.25875565821031,0.7432150918578913
0.3C dc.csv,0.3+0.7 1tau.csv,0.12064740484881606,7.0978857656879795,6.29817207426216,0.7997136914258194
0.3C dc.csv,0.3+0.7 1tau.csv,0.12227777518461087,7.193801013192931,6.347319298315235,0.8464817148776955
0.3C dc.csv,0.3+0.7 1tau.csv,0.12390814552040567,7.289715938127992,6.430645137118403,0.8590708010095893
0.3C dc.csv,0.3+0.7 1tau.csv,0.1255385158562005,7.385630372740076,7.175472146640317,0.2101582260997592
0.3C dc.csv,0.3+0.7 1tau.csv,0.1271688861919953,7.481544768114281,7.206519053618642,0.27502571449563895
0.3C dc.csv,0.3+0.7 1tau.csv,0.12879925652779012,7.577459194946581,7.236235334393912,0.3412238605526685
0.3C dc.csv,0.3+0.7 1tau.csv,0.13042962686358492,7.673373694099985,7.265233791739352,0.4081399023606336
0.3C dc.csv,0.3+0.7 1tau.csv,0.13205999719937975,7.76928863705918,7.294059196227701,0.47522944083147944
0.3C dc.csv,0.3+0.7 1tau.csv,0.13369036753517455,7.865203887566752,7.323210999325725,0.541992888241027
0.3C dc.csv,0.3+0.7 1tau.csv,0.13532073787096935,7.961119156731534,7.353206996515718,0.6079121602158155
0.3C dc.csv,0.3+0.7 1tau.csv,0.13695110820676418,8.057034293085918,7.384746072076114,0.6722882210098042
0.3C dc.csv,0.3+0.7 1tau.csv,0.13858147854255898,8.152948855899647,7.418906884436689,0.7340419714629576
0.3C dc.csv,0.3+0.7 1tau.csv,0.1402118488783538,8.24886327771427,7.457531968835383,0.7913313088788865
0.3C dc.csv,0.3+0.7 1tau.csv,0.1418422192141486,8.344777143906137,7.504555224056256,0.8402219198498813
0.3C dc.csv,0.3+0.7 1tau.csv,0.1434725895499434,8.440691242794928,7.576918345992077,0.8637728968028515
0.3C dc.csv,0.3+0.7 1tau.csv,0.14510295988573824,8.53660562074211,8.33635857544723,0.2002470452948799
0.3C dc.csv,0.3+0.7 1tau.csv,0.14673333022153304,8.632519942848802,8.367690290963035,0.26482965188576735
0.3C dc.csv,0.3+0.7 1tau.csv,0.14836370055732787,8.72843437614757,8.397529943370332,0.33090443277723836
0.3C dc.csv,0.3+0.7 1tau.csv,0.14999407089312267,8.824348787646967,8.42659570707072,0.3977530805762477
0.3C dc.csv,0.3+0.7 1tau.csv,0.15162444122891747,8.920263006097237,8.455422455320987,0.4648405507762501
0.3C dc.csv,0.3+0.7 1tau.csv,0.1532548115647123,9.016176937533567,8.484467688581596,0.5317092489519712
0.3C dc.csv,0.3+0.7 1tau.csv,0.1548851819005071,9.112090607827835,8.51430154551643,0.5977890623114046
0.3C dc.csv,0.3+0.7 1tau.csv,0.15651555223630192,9.208004839251473,8.545587596798624,0.6624172424528485
0.3C dc.csv,0.3+0.7 1tau.csv,0.15814592257209673,9.303918854879022,8.579247898024644,0.7246709568543785
0.3C dc.csv,0.3+0.7 1tau.csv,0.15977629290789153,9.399833233623674,8.616836943224474,0.7829962903992005
0.3C dc.csv,0.3+0.7 1tau.csv,0.16140666324368635,9.495747484963491,8.662195719147904,0.8335517658155869
0.3C dc.csv,0.3+0.7 1tau.csv,0.16303703357948116,9.591662060576006,8.727399876698803,0.8642621838772033
0.3C dc.csv,0.3+0.7 1tau.csv,0.16466740391527596,9.687576676638235,9.497148416219645,0.1904282604185905
0.3C dc.csv,0.3+0.7 1tau.csv,0.16629777425107078,9.783491435646384,9.5287495310059,0.2547419046404844
0.3C dc.csv,0.3+0.7 1tau.csv,0.16792814458686559,9.879405802190375,9.5587843249701,0.3206214772202749
0.3C dc.csv,0.3+0.7 1tau.csv,0.1695585149226604,9.975319500909768,9.587953915724805,0.38736558518496267
0.3C dc.csv,0.3+0.7 1tau.csv,0.17118888525845521,10.071233428726183,9.616776243037684,0.4544571856884989
0.3C dc.csv,0.3+0.7 1tau.csv,0.17281925559425002,10.167147011330384,9.645771102121907,0.5213759092084764
0.3C dc.csv,0.3+0.7 1tau.csv,0.17444962593004484,10.263061109084662,9.67545946798507,0.5876016410995923
0.3C dc.csv,0.3+0.7 1tau.csv,0.17607999626583964,10.35897552895622,9.706456432951871,0.6525190960043492
0.3C dc.csv,0.3+0.7 1tau.csv,0.17771036660163447,10.454889734931857,9.739668949954494,0.7152207849773635
0.3C dc.csv,0.3+0.7 1tau.csv,0.17934073693742927,10.550803438955901,9.77658490929055,0.774218529665351
0.3C dc.csv,0.3+0.7 1tau.csv,0.18097110727322407,10.64671746589519,9.820207922363984,0.8265095435312055
0.3C dc.csv,0.3+0.7 1tau.csv,0.1826014776090189,10.742631267561494,9.880147772312624,0.8624834952488705
0.3C dc.csv,0.3+0.7 1tau.csv,0.1842318479448137,10.838545272641854,10.65783409396713,0.18071117867472353
0.3C dc.csv,0.3+0.7 1tau.csv,0.18586221828060853,10.934459166736374,10.689790509398492,0.24466865733788268
0.3C dc.csv,0.3+0.7 1tau.csv,0.18749258861640333,11.0303733931543,10.720041158332675,0.3103322348216242
0.3C dc.csv,0.3+0.7 1tau.csv,0.18912295895219813,11.126287690349804,10.749303825230019,0.37698386511978477
0.3C dc.csv,0.3+0.7 1tau.csv,0.19075332928799296,11.222201851415115,10.778140123090283,0.44406172832483115
0.3C dc.csv,0.3+0.7 1tau.csv,0.19238369962378776,11.318115889700124,10.807080148586136,0.5110357411139876
0.3C dc.csv,0.3+0.7 1tau.csv,0.19401406995958256,11.414030136419555,10.83660085757312,0.5774292788464344
0.3C dc.csv,0.3+0.7 1tau.csv,0.1956444402953774,11.509944186329417,10.86730072030915,0.6426434660202673
0.3C dc.csv,0.3+0.7 1tau.csv,0.1972748106311722,11.605858378014856,10.900055100323009,0.7058032776918477
0.3C dc.csv,0.3+0.7 1tau.csv,0.19890518096696702,11.701772239213296,10.93629503937552,0.7654771998377772
0.3C dc.csv,0.3+0.7 1tau.csv,0.20053555130276182,11.797686090474969,10.978603587701208,0.8190825027737603
0.3C dc.csv,0.3+0.7 1tau.csv,0.20216592163855662,11.893600136399456,11.034410562902362,0.859189573497094
0.3C dc.csv,0.3+0.7 1tau.csv,0.20379629197435145,11.989514227387893,11.818537462268926,0.17097676511896687
0.3C dc.csv,0.3+0.7 1tau.csv,0.20542666231014625,12.085428584818558,11.85084146956846,0.23458711525009868
0.3C dc.csv,0.3+0.7 1tau.csv,0.20705703264594108,12.181342961920166,11.881262387758362,0.3000805741618038
0.3C dc.csv,0.3+0.7 1tau.csv,0.20868740298173588,12.277257269741876,11.910616954583015,0.3666403151588611
0.3C dc.csv,0.3+0.7 1tau.csv,0.21031777331753068,12.37317172363044,11.939499857009784,0.4336718666206565
0.3C dc.csv,0.3+0.7 1tau.csv,0.2119481436533255,12.46908592962955,11.968379072969178,0.5007068566603721
0.3C dc.csv,0.3+0.7 1tau.csv,0.2135785139891203,12.565000245301144,11.997773524346362,0.5672267209547819
0.3C dc.csv,0.3+0.7 1tau.csv,0.21520888432491514,12.660914863161008,12.028293617921102,0.6326212452399052
0.3C dc.csv,0.3+0.7 1tau.csv,0.21683925466070994,12.756829152315586,12.060697603876699,0.6961315484388866
0.3C dc.csv,0.3+0.7 1tau.csv,0.21846962499650474,12.852743240946335,12.096206025786183,0.7565372151601526
0.3C dc.csv,0.3+0.7 1tau.csv,0.22009999533229957,12.94865751009425,12.137247446011354,0.8114100640828958
0.3C dc.csv,0.3+0.7 1tau.csv,0.22173036566809437,13.044571632224965,12.19007805762912,0.8544935745958444
0.3C dc.csv,0.3+0.7 1tau.csv,0.2233607360038892,13.140485956368295,12.978831052605882,0.16165490376241287
0.3C dc.csv,0.3+0.7 1tau.csv,0.224991106339684,13.23639968432878,13.01146819248356,0.22493149184522032
0.3C dc.csv,0.3+0.7 1tau.csv,0.2266214766754788,13.3323140102371,13.042115441241393,0.2901985689957076
0.3C dc.csv,0.3+0.7 1tau.csv,0.22825184701127363,13.428228454833366,13.071610439238688,0.35661801559467854
0.3C dc.csv,0.3+0.7 1tau.csv,0.22988221734706843,13.52414320292291,13.100537062080916,0.42360614084199355
0.3C dc.csv,0.3+0.7 1tau.csv,0.23151258768286323,13.620057700042322,13.129390493846083,0.49066720619623894
0.3C dc.csv,0.3+0.7 1tau.csv,0.23314295801865806,13.715972167621988,13.158696011858096,0.5572761557638923
0.3C dc.csv,0.3+0.7 1tau.csv,0.23477332835445286,13.811886412689171,13.189014256574838,0.6228721561143331
0.3C dc.csv,0.3+0.7 1tau.csv,0.2364036986902477,13.907801026895562,13.22108911114376,0.6867119157518022
0.3C dc.csv,0.3+0.7 1tau.csv,0.2380340690260425,14.003715515854509,13.256190405799002,0.7475251100555074
0.3C dc.csv,0.3+0.7 1tau.csv,0.2396644393618373,14.099629808159284,13.296325289812394,0.8033045183468897
0.3C dc.csv,0.3+0.7 1tau.csv,0.24129480969763212,14.195544478339182,13.347051487845516,0.848492990493666
0.3C dc.csv,0.3+0.7 1tau.csv,0.24292518003342692,14.291458439988153,13.444689207302464,0.8467692326856895
0.3C dc.csv,0.3+0.7 1tau.csv,0.24455555036922175,14.387372737002194,14.172349675424991,0.2150230615772024
0.3C dc.csv,0.3+0.7 1tau.csv,0.24618592070501655,14.483286580959811,14.203220383678032,0.28006619728177995
0.3C dc.csv,0.3+0.7 1tau.csv,0.24781629104081135,14.579200477153803,14.232833687788542,0.3463667893652609
0.3C dc.csv,0.3+0.7 1tau.csv,0.24944666137660618,14.675114046853514,14.261778089930838,0.4133359569226762
0.3C dc.csv,0.3+0.7 1tau.csv,0.251077031712401,14.771028051833532,14.290618147037256,0.4804099047962769
0.3C dc.csv,0.3+0.7 1tau.csv,0.2527074020481958,14.86694212569232,14.319828316896848,0.5471138087954728
0.3C dc.csv,0.3+0.7 1tau.csv,0.2543377723839906,14.962856091574809,14.34994030666814,0.6129157849066686
0.3C dc.csv,0.3+0.7 1tau.csv,0.2559681427197854,15.058770217429814,14.381686461845113,0.6770837555847002
0.3C dc.csv,0.3+0.7 1tau.csv,0.25759851305558024,15.154684634601304,14.416213414639861,0.7384712199614434
0.3C dc.csv,0.3+0.7 1tau.csv,0.25922888339137506,15.250599301539808,14.455505251682483,0.7950940498573242
0.3C dc.csv,0.3+0.7 1tau.csv,0.26085925372716984,15.346513998757255,14.503952880412987,0.8425611183442676
0.3C dc.csv,0.3+0.7 1tau.csv,0.26248962406296467,15.442428211788984,14.582863132220089,0.8595650795688954
0.3C dc.csv,0.3+0.7 1tau.csv,0.2641199943987595,15.538342293182817,15.333265453360214,0.2050768398226026
0.3C dc.csv,0.3+0.7 1tau.csv,0.26575036473455427,15.634256780150675,15.364386916558423,0.26986986359225185
0.3C dc.csv,0.3+0.7 1tau.csv,0.2673807350703491,15.730170708404033,15.394103852065607,0.3360668563384266
0.3C dc.csv,0.3+0.7 1tau.csv,0.2690111054061439,15.82608469686416,15.42312641871163,0.40295827815253027
0.3C dc.csv,0.3+0.7 1tau.csv,0.2706414757419387,15.921999150084844,15.451951541731614,0.4700476083532301
0.3C dc.csv,0.3+0.7 1tau.csv,0.2722718460777335,16.017913774485514,15.481047218697286,0.5368665557882277
0.3C dc.csv,0.3+0.7 1tau.csv,0.27390221641352835,16.113828227716198,15.511016736467647,0.6028114912485503
0.3C dc.csv,0.3+0.7 1tau.csv,0.2755325867493232,16.20974251857531,15.542502078524432,0.6672404400508789
0.3C dc.csv,0.3+0.7 1tau.csv,0.27716295708511796,16.305656996438262,15.5764961626304,0.7291608338078621
0.3C dc.csv,0.3+0.7 1tau.csv,0.2787933274209128,16.40157154662175,15.614652884088622,0.786918662533127
0.3C dc.csv,0.3+0.7 1tau.csv,0.2804236977567076,16.49748660017786,15.661193279167884,0.8362933210099772
0.3C dc.csv,0.3+0.7 1tau.csv,0.2820540680925024,16.59340105029264,15.73067388013544,0.8627271701572017
0.3C dc.csv,0.3+0.7 1tau.csv,0.2836844384282972,16.68931538759374,16.49404276925065,0.19527261834308973
0.3C dc.csv,0.3+0.7 1tau.csv,0.28531480876409204,16.785229972891447,16.52544500259548,0.2597849702959678
0.3C dc.csv,0.3+0.7 1tau.csv,0.2869451790998868,16.881144239921774,16.555366050914344,0.32577818900742983
0.3C dc.csv,0.3+0.7 1tau.csv,0.28857554943568164,16.977058592596787,16.584476371578678,0.3925822210181096
0.3C dc.csv,0.3+0.7 1tau.csv,0.2902059197714765,17.072973005020383,16.613289538807518,0.4596834662128657
0.3C dc.csv,0.3+0.7 1tau.csv,0.29183629010727125,17.168887393954297,16.642335410203195,0.5265519837511015
0.3C dc.csv,0.3+0.7 1tau.csv,0.2934666604430661,17.26480172762243,16.67212498582178,0.5926767418006484
0.3C dc.csv,0.3+0.7 1tau.csv,0.2950970307788609,17.360716137279432,16.70329851550006,0.6574176217793735
0.3C dc.csv,0.3+0.7 1tau.csv,0.29672740111465573,17.456630215285337,16.736814643975794,0.7198155713095424
0.3C dc.csv,0.3+0.7 1tau.csv,0.2983577714504505,17.552544157590134,16.77426833799534,0.7782758195947928
0.3C dc.csv,0.3+0.7 1tau.csv,0.29998814178624533,17.6484580984312,16.81894307862031,0.8295150198108878
0.3C dc.csv,0.3+0.7 1tau.csv,0.30161851212204016,17.744372396820996,16.881998768833206,0.8623736279877896
0.3C dc.csv,0.3+0.7 1tau.csv,0.30324888245783493,17.840286434289563,17.654780120557433,0.18550631373213022
0.3C dc.csv,0.3+0.7 1tau.csv,0.30487925279362976,17.936200176929784,17.686515681101564,0.2496844958282196
0.3C dc.csv,0.3+0.7 1tau.csv,0.3065096231294246,18.03211403672846,17.71663433137798,0.3154797053504801
0.3C dc.csv,0.3+0.7 1tau.csv,0.30813999346521936,18.12802823281735,17.745811018081962,0.3822172147353875
0.3C dc.csv,0.3+0.7 1tau.csv,0.3097703638010142,18.22394213577651,17.774641672179797,0.44930046359671394
0.3C dc.csv,0.3+0.7 1tau.csv,0.311400734136809,18.31985578753192,17.803615873791195,0.5162399137407263
0.3C dc.csv,0.3+0.7 1tau.csv,0.31303110447260385,18.41576987358254,17.833219444017843,0.5825504295646979
0.3C dc.csv,0.3+0.7 1tau.csv,0.3146614748083986,18.511684079616817,17.864105743378953,0.6475783362378635
0.3C dc.csv,0.3+0.7 1tau.csv,0.31629184514419345,18.607597893175324,17.897161180363316,0.7104367128120082
0.3C dc.csv,0.3+0.7 1tau.csv,0.3179222154799883,18.70351178119857,17.93383734211057,0.7696744390879999
0.3C dc.csv,0.3+0.7 1tau.csv,0.31955258581578305,18.79942568951076,17.97708287489883,0.8223428146119289
0.3C dc.csv,0.3+0.7 1tau.csv,0.3211829561515779,18.895339641585696,18.035633572564674,0.8597060690210228
0.3C dc.csv,0.3+0.7 1tau.csv,0.3228133264873727,18.9912538828459,18.815537623217885,0.17571625962801463
0.3C dc.csv,0.3+0.7 1tau.csv,0.3244436968231675,19.08716831461403,18.847576150395756,0.23959216421827279
0.3C dc.csv,0.3+0.7 1tau.csv,0.3260740671589623,19.18308233400276,18.87784203009337,0.3052403039093896
0.3C dc.csv,0.3+0.7 1tau.csv,0.32770443749475714,19.27899636810681,18.907130357918692,0.3718660101881177
0.3C dc.csv,0.3+0.7 1tau.csv,0.3293348078305519,19.3749103900338,18.935991177794456,0.4389192122393446
0.3C dc.csv,0.3+0.7 1tau.csv,0.33096517816634674,19.470824642843354,18.96488911771849,0.5059355251248654
0.3C dc.csv,0.3+0.7 1tau.csv,0.33259554850214157,19.566739200652073,18.994390123558226,0.5723490770938469
0.3C dc.csv,0.3+0.7 1tau.csv,0.3342259188379364,19.662653440472194,19.02506456594275,0.6375888745294453
0.3C dc.csv,0.3+0.7 1tau.csv,0.33585628917373117,19.758568077569922,19.057726513930294,0.7008415636396279
0.3C dc.csv,0.3+0.7 1tau.csv,0.337486659509526,19.8544821080849,19.09367713232317,0.7608049757617295
0.3C dc.csv,0.3+0.7 1tau.csv,0.3391170298453208,19.95039625947377,19.135519498424653,0.814876761049117
0.3C dc.csv,0.3+0.7 1tau.csv,0.3407474001811156,20.04631068625263,19.1904521595698,0.8558585266828302
0.3C dc.csv,0.3+0.7 1tau.csv,0.34237777051691043,20.142225018729636,19.9760813074206,0.1661437113090365
0.3C dc.csv,0.3+0.7 1tau.csv,0.34400814085270526,20.238139306861285,20.00850465109451,0.22963465576677677
0.3C dc.csv,0.3+0.7 1tau.csv,0.34563851118850003,20.334053296561642,20.03902865673517,0.2950246398264724
0.3C dc.csv,0.3+0.7 1tau.csv,0.34726888152429486,20.429967160726896,20.068452015283857,0.36151514544303964
0.3C dc.csv,0.3+0.7 1tau.csv,0.3488992518600897,20.52588090084525,20.09733765172972,0.4285432491155312
0.3C dc.csv,0.3+0.7 1tau.csv,0.35052962219588446,20.621794607083885,20.12621350503011,0.4955811020537766
0.3C dc.csv,0.3+0.7 1tau.csv,0.3521599925316793,20.71770888764225,20.155583471434188,0.5621254162080618
0.3C dc.csv,0.3+0.7 1tau.csv,0.3537903628674741,20.813622649863408,20.18600443234129,0.6276182175221194
0.3C dc.csv,0.3+0.7 1tau.csv,0.35542073320326895,20.909536630378017,20.218263716638994,0.6912729137390237
0.3C dc.csv,0.3+0.7 1tau.csv,0.3570511035390637,21.005450951410534,20.253614989960656,0.7518359614498777
0.3C dc.csv,0.3+0.7 1tau.csv,0.35868147387485855,21.101365136217797,20.29425619150179,0.8071089447160062
0.3C dc.csv,0.3+0.7 1tau.csv,0.3603118442106534,21.1972792653797,20.346020596696555,0.851258668683144
0.3C dc.csv,0.3+0.7 1tau.csv,0.36194221454644815,21.293193061555037,20.464516958656993,0.8286761028980436
0.3C dc.csv,0.3+0.7 1tau.csv,0.363572584882243,21.389107003271192,21.16944779574487,0.21965920752632329
0.3C dc.csv,0.3+0.7 1tau.csv,0.3652029552180378,21.48502107789373,21.20022325901863,0.2847978188750986
0.3C dc.csv,0.3+0.7 1tau.csv,0.3668333255538326,21.580934977124294,21.22975484037614,0.3511801367481553
0.3C dc.csv,0.3+0.7 1tau.csv,0.3684636958896274,21.676849173409806,21.258682729086235,0.4181664443235711
0.3C dc.csv,0.3+0.7 1tau.csv,0.37009406622542224,21.772763616035746,21.28753228496079,0.48523133107495653
0.3C dc.csv,0.3+0.7 1tau.csv,0.37172443656121706,21.86867757805819,21.316765669201025,0.5519119088571642
0.3C dc.csv,0.3+0.7 1tau.csv,0.37335480689701184,21.9645914788171,21.346967633798844,0.6176238450182545
0.3C dc.csv,0.3+0.7 1tau.csv,0.37498517723280667,22.06050553429415,21.378896331037833,0.6816092032563184
0.3C dc.csv,0.3+0.7 1tau.csv,0.3766155475686015,22.15641972059598,21.413598244673807,0.7428214759221738
0.3C dc.csv,0.3+0.7 1tau.csv,0.37824591790439627,22.252333943952838,21.45325667181016,0.7990772721426787
0.3C dc.csv,0.3+0.7 1tau.csv,0.3798762882401911,22.348248329391573,21.502572727862162,0.8456756015294111
0.3C dc.csv,0.3+0.7 1tau.csv,0.3815066585759859,22.444162667441123,21.587348777447925,0.8568138899931981
0.3C dc.csv,0.3+0.7 1tau.csv,0.3831370289117807,22.540077307734755,22.330363334822287,0.20971397291246774
0.3C dc.csv,0.3+0.7 1tau.csv,0.3847673992475755,22.635991627087762,22.36134697058439,0.2746446565033729
0.3C dc.csv,0.3+0.7 1tau.csv,0.38639776958337035,22.731906041574707,22.39102589598356,0.34088014559114654
0.3C dc.csv,0.3+0.7 1tau.csv,0.3880281399191651,22.827820602909576,22.420029741375558,0.4077908615340178
0.3C dc.csv,0.3+0.7 1tau.csv,0.38965851025495996,22.923735364669152,22.44884753590897,0.4748878287601812
0.3C dc.csv,0.3+0.7 1tau.csv,0.3912888805907548,23.01964977200547,22.478004021994863,0.5416457500106056
0.3C dc.csv,0.3+0.7 1tau.csv,0.3929192509265496,23.115564194042637,22.508043627474752,0.6075205665678851
0.3C dc.csv,0.3+0.7 1tau.csv,0.3945496212623444,23.211478877337612,22.53964469630727,0.6718341810303414
0.3C dc.csv,0.3+0.7 1tau.csv,0.3961799915981392,23.307393562356786,22.573848136175855,0.7335454261809318
0.3C dc.csv,0.3+0.7 1tau.csv,0.39781036193393404,23.403308126614785,22.612408165115347,0.7908999614994379
0.3C dc.csv,0.3+0.7 1tau.csv,0.3994407322697288,23.499222515191263,22.659671525381505,0.8395509898097586
0.3C dc.csv,0.3+0.7 1tau.csv,0.40107110260552364,23.59513722463921,22.732283536154963,0.8628536884842468
0.3C dc.csv,0.3+0.7 1tau.csv,0.4027014729413185,23.691051534746887,23.491141631261026,0.19990990348586024
0.3C dc.csv,0.3+0.7 1tau.csv,0.40433184327711325,23.786966020742856,23.522442642461478,0.2645233782813783
0.3C dc.csv,0.3+0.7 1tau.csv,0.4059622136129081,23.882880209932814,23.552306236124956,0.3305739738078586
0.3C dc.csv,0.3+0.7 1tau.csv,0.4075925839487029,23.97879489996464,23.58137919353466,0.3974157064299817
0.3C dc.csv,0.3+0.7 1tau.csv,0.40922295428449773,24.07470974044022,23.610192432949496,0.4645173074907234
0.3C dc.csv,0.3+0.7 1tau.csv,0.4108533246202925,24.170624410097453,23.639268189926447,0.5313562201710056
0.3C dc.csv,0.3+0.7 1tau.csv,0.41248369495608733,24.266539037637145,23.66910821715625,0.5974308204808949
0.3C dc.csv,0.3+0.7 1tau.csv,0.41411406529188216,24.362453452214773,23.700373792801926,0.6620796594128464
0.3C dc.csv,0.3+0.7 1tau.csv,0.41574443562767693,24.458367662289056,23.734068148881583,0.7242995134074732
0.3C dc.csv,0.3+0.7 1tau.csv,0.41737480596347176,24.554282072627334,23.771880471008988,0.7824016016183464
0.3C dc.csv,0.3+0.7 1tau.csv,0.4190051762992666,24.65019616481601,23.81714882626426,0.8330473385517507
0.3C dc.csv,0.3+0.7 1tau.csv,0.42063554663506136,24.746110350188992,23.882564714129362,0.8635456360596301
0.3C dc.csv,0.3+0.7 1tau.csv,0.4222659169708562,24.842024603644443,24.651941806297582,0.19008279734686084
0.3C dc.csv,0.3+0.7 1tau.csv,0.423896287306651,24.937939122435004,24.683552364346202,0.2543867580888026
0.3C dc.csv,0.3+0.7 1tau.csv,0.4255266576424458,25.033853878188125,24.713571210658024,0.32028266753010115
0.3C dc.csv,0.3+0.7 1tau.csv,0.4271570279782406,25.12976902880085,24.742707159686294,0.3870618691145573
0.3C dc.csv,0.3+0.7 1tau.csv,0.42878739831403545,25.22568332957524,24.771538889774217,0.4541444398010235
0.3C dc.csv,0.3+0.7 1tau.csv,0.4304177686498303,25.321597669025426,24.800525045000008,0.5210726240254182
0.3C dc.csv,0.3+0.7 1tau.csv,0.43204813898562505,25.41751171322721,24.830195187024632,0.5873165262025779
0.3C dc.csv,0.3+0.7 1tau.csv,0.4336785093214199,25.513425991771584,24.861223829704922,0.6522021620666614
0.3C dc.csv,0.3+0.7 1tau.csv,0.4353088796572147,25.609340012232895,24.894460408154693,0.7148796040782024
0.3C dc.csv,0.3+0.7 1tau.csv,0.4369392499930095,25.705254149241846,24.93132759435754,0.7739265548843051
0.3C dc.csv,0.3+0.7 1tau.csv,0.4385696203288043,25.80116785042912,24.97523186027559,0.8259359901535319
0.3C dc.csv,0.3+0.7 1tau.csv,0.44019999066459914,25.89708170049528,25.03545429625275,0.8616274042425296
0.3C dc.csv,0.3+0.7 1tau.csv,0.4418303610003939,25.992995279446177,25.812666244052185,0.18032903539399214
0.3C dc.csv,0.3+0.7 1tau.csv,0.44346073133618874,26.08890952761938,25.844569515997698,0.24434001162168073
0.3C dc.csv,0.3+0.7 1tau.csv,0.44509110167198357,26.184823415958565,25.874778713695793,0.3100447022627719
0.3C dc.csv,0.3+0.7 1tau.csv,0.4467214720077784,26.28073724664667,25.904037090225028,0.37670015642164145
0.3C dc.csv,0.3+0.7 1tau.csv,0.44835184234357317,26.376650860965423,25.932882013890808,0.4437688470746153
0.3C dc.csv,0.3+0.7 1tau.csv,0.449982212679368,26.472564548428558,25.961814322104164,0.5107502263243937
0.3C dc.csv,0.3+0.7 1tau.csv,0.4516125830151628,26.568478199912303,25.991368614922145,0.5771095849901577
0.3C dc.csv,0.3+0.7 1tau.csv,0.4532429533509576,26.664392028408134,26.022129382263614,0.6422626461445198
0.3C dc.csv,0.3+0.7 1tau.csv,0.45487332368675243,26.760305571008704,26.054945145081206,0.7053604259274984
0.3C dc.csv,0.3+0.7 1tau.csv,0.45650369402254726,26.856218473471774,26.09118804003876,0.7650304334330151
0.3C dc.csv,0.3+0.7 1tau.csv,0.45813406435834203,26.95213172857109,26.133449193573146,0.8186825349979436
0.3C dc.csv,0.3+0.7 1tau.csv,0.45976443469413686,27.048045323305146,26.189807527257653,0.8582377960474936
0.3C dc.csv,0.3+0.7 1tau.csv,0.4613948050299317,27.143958779376693,26.973262756043425,0.17069602333326728
0.3C dc.csv,0.3+0.7 1tau.csv,0.46302517536572646,27.239872518011296,27.00554833024948,0.23432418776181763
0.3C dc.csv,0.3+0.7 1tau.csv,0.4646555457015213,27.33578688529528,27.03599517391923,0.2997917113760522
0.3C dc.csv,0.3+0.7 1tau.csv,0.4662859160373161,27.43170104745156,27.06537064558692,0.3663304018646407
0.3C dc.csv,0.3+0.7 1tau.csv,0.46791628637311095,27.527615072882742,27.09423029577979,0.4333847771029511
0.3C dc.csv,0.3+0.7 1tau.csv,0.4695466567089057,27.623529187582864,27.123126454184437,0.5004027333984276
0.3C dc.csv,0.3+0.7 1tau.csv,0.47117702704470055,27.719443069212453,27.15253145023511,0.5669116189773433
0.3C dc.csv,0.3+0.7 1tau.csv,0.4728073973804954,27.815357098474777,27.183017064545165,0.6323400339296121
0.3C dc.csv,0.3+0.7 1tau.csv,0.47443776771629015,27.91127102557018,27.215402608450432,0.6958684171197476
0.3C dc.csv,0.3+0.7 1tau.csv,0.476068138052085,28.007184809471127,27.251008077949436,0.7561767315216912
0.3C dc.csv,0.3+0.7 1tau.csv,0.4776985083878798,28.103098548242546,27.292178484325333,0.8109200639172123
0.3C dc.csv,0.3+0.7 1tau.csv,0.4793288787236746,28.19901224789694,27.34505994835408,0.8539522995428577
0.3C dc.csv,0.3+0.7 1tau.csv,0.4809592490594694,28.294925859828073,28.133883218893548,0.16104264093452514
0.3C dc.csv,0.3+0.7 1tau.csv,0.48258961939526424,28.390839312265086,28.16654283631458,0.2242964759505064
0.3C dc.csv,0.3+0.7 1tau.csv,0.48421998973105906,28.4867530774072,28.197196771513546,0.28955630589365455
0.3C dc.csv,0.3+0.7 1tau.csv,0.48585036006685384,28.582666951020343,28.226660577779988,0.3560063732403549
0.3C dc.csv,0.3+0.7 1tau.csv,0.48748073040264867,28.678580949259214,28.255580847635695,0.42300010162351853
0.3C dc.csv,0.3+0.7 1tau.csv,0.4891111007384435,28.77449459611296,28.284433284094025,0.4900613120189341
0.3C dc.csv,0.3+0.7 1tau.csv,0.49074147107423827,28.870408064781365,28.313707903637944,0.5567001611434215
0.3C dc.csv,0.3+0.7 1tau.csv,0.4923718414100331,28.96632169584316,28.344024386250286,0.6222973095928737
0.3C dc.csv,0.3+0.7 1tau.csv,0.4940022117458279,29.06223541879798,28.37609011437324,0.6861453044247376
0.3C dc.csv,0.3+0.7 1tau.csv,0.4956325820816227,29.158148582184317,28.41103671793722,0.7471118642470991
0.3C dc.csv,0.3+0.7 1tau.csv,0.4972629524174175,29.254061936212153,28.45100138144718,0.8030605547649721
0.3C dc.csv,0.3+0.7 1tau.csv,0.49889332275321235,29.349975515810502,28.5012521977859,0.8487233180246037
0.3C dc.csv,0.3+0.7 1tau.csv,0.5005236930890071,29.445888678255493,28.593410665809902,0.8524780124455908
0.3C dc.csv,0.3+0.7 1tau.csv,0.502154063424802,29.54180192660767,29.327415589515812,0.21438633709185595
0.3C dc.csv,0.3+0.7 1tau.csv,0.5037844337605968,29.637714855483676,29.3583187179609,0.27939613752277737
0.3C dc.csv,0.3+0.7 1tau.csv,0.5054148040963916,29.733628231860536,29.38795412472327,0.3456741071372669
0.3C dc.csv,0.3+0.7 1tau.csv,0.5070451744321864,29.82954140011151,29.41693299627911,0.4126084038323974
0.3C dc.csv,0.3+0.7 1tau.csv,0.5086755447679812,29.925454804560008,29.445756868426805,0.4796979361332028
0.3C dc.csv,0.3+0.7 1tau.csv,0.510305915103776,30.021368459014813,29.474956762612404,0.5464116964024086
0.3C dc.csv,0.3+0.7 1tau.csv,0.5119362854395708,30.11728157887703,29.50506036826666,0.6122212106103717
0.3C dc.csv,0.3+0.7 1tau.csv,0.5135666557753656,30.21319467982278,29.536774444801814,0.6764202350209665
0.3C dc.csv,0.3+0.7 1tau.csv,0.5151970261111605,30.309108235896524,29.571190298847903,0.7379179370486213
0.3C dc.csv,0.3+0.7 1tau.csv,0.5168273964469553,30.405021272606003,29.610170303540027,0.7948509690659762
0.3C dc.csv,0.3+0.7 1tau.csv,0.5184577667827501,30.500934800631764,29.65820632310372,0.8427284775280448
0.3C dc.csv,0.3+0.7 1tau.csv,0.5200881371185448,30.596847993526904,29.7348731301324,0.8619748633945044
0.3C dc.csv,0.3+0.7 1tau.csv,0.5217185074543397,30.69276129846616,30.488255405370598,0.20450589309556122
0.3C dc.csv,0.3+0.7 1tau.csv,0.5233488777901345,30.78867519248769,30.519452697188292,0.2692224952993989
0.3C dc.csv,0.3+0.7 1tau.csv,0.5249792481259293,30.884589016728036,30.549253507827707,0.3353355089003287
0.3C dc.csv,0.3+0.7 1tau.csv,0.5266096184617242,30.98050280653693,30.578274909284282,0.4022278972526472
0.3C dc.csv,0.3+0.7 1tau.csv,0.528239988797519,31.076416851506945,30.60715800027405,0.4692588512328939
0.3C dc.csv,0.3+0.7 1tau.csv,0.5298703591333137,31.172330721638275,30.635983357770282,0.5363473638679928
0.3C dc.csv,0.3+0.7 1tau.csv,0.5315007294691085,31.26824418724291,30.665056934300107,0.6031872529428028
0.3C dc.csv,0.3+0.7 1tau.csv,0.5331310998049034,31.3641580701889,30.69489042604709,0.6692676441418115
0.3C dc.csv,0.3+0.7 1tau.csv,0.5347614701406982,31.460071230666756,30.7262363398585,0.7338348908082573
0.3C dc.csv,0.3+0.7 1tau.csv,0.536391840476493,31.555984826786467,30.759985646142134,0.7959991806443334
0.3C dc.csv,0.3+0.7 1tau.csv,0.5380222108122878,31.651898107146025,30.797876714131174,0.8540213930148504
0.3C dc.csv,0.3+0.7 1tau.csv,0.5396525811480827,31.747811094471842,30.843429325591917,0.9043817688799258
0.3C dc.csv,0.3+0.7 1tau.csv,0.5412829514838774,31.843724516736415,30.909854313603265,0.9338702031331501
0.3C dc.csv,0.3+0.7 1tau.csv,0.5429133218196722,31.939637667176076,31.677860441576637,0.26177722559943817
0.3C dc.csv,0.3+0.7 1tau.csv,0.544543692155467,32.03555123204767,31.70937406233085,0.326177169716825
0.3C dc.csv,0.3+0.7 1tau.csv,0.5461740624912619,32.131464985458415,31.73935294779096,0.39211203766745584
0.3C dc.csv,0.3+0.7 1tau.csv,0.5478044328270567,32.227378552718285,31.76849719468068,0.45888135803760477
0.3C dc.csv,0.3+0.7 1tau.csv,0.5494348031628515,32.32329249086951,31.797323800400445,0.5259686904690675
0.3C dc.csv,0.3+0.7 1tau.csv,0.5510651734986464,32.41920606299552,31.826318894033726,0.5928871689617949
0.3C dc.csv,0.3+0.7 1tau.csv,0.5526955438344411,32.51511936453108,31.85604309569037,0.6590762688407104
0.3C dc.csv,0.3+0.7 1tau.csv,0.5543259141702359,32.611032266055176,31.88710569174086,0.7239265743143157
0.3C dc.csv,0.3+0.7 1tau.csv,0.5559562845060307,32.706945865149684,31.92041447260997,0.7865313925397146
0.3C dc.csv,0.3+0.7 1tau.csv,0.5575866548418256,32.80285963753833,31.957456938131383,0.8454026994069501
0.3C dc.csv,0.3+0.7 1tau.csv,0.5592170251776204,32.89877365424637,32.001488309299816,0.8972853449465532
0.3C dc.csv,0.3+0.7 1tau.csv,0.5608473955134152,32.99468749001413,32.06217853756141,0.9325089524527215
0.3C dc.csv,0.3+0.7 1tau.csv,0.5624777658492099,33.090601191611604,32.83850779663308,0.2520933949785231
0.3C dc.csv,0.3+0.7 1tau.csv,0.5641081361850048,33.18651487612495,32.8703853961473,0.31612947997765417
0.3C dc.csv,0.3+0.7 1tau.csv,0.5657385065207996,33.282429083584034,32.900587205522676,0.3818418780613584
0.3C dc.csv,0.3+0.7 1tau.csv,0.5673688768565944,33.378343814713496,32.929835442799366,0.44850837191413007
0.3C dc.csv,0.3+0.7 1tau.csv,0.5689992471923893,33.47425861681865,32.9586665634893,0.5155920533293497
0.3C dc.csv,0.3+0.7 1tau.csv,0.5706296175281841,33.570173447173694,32.98761793832973,0.5825555088439671
0.3C dc.csv,0.3+0.7 1tau.csv,0.5722599878639789,33.66608830487641,33.01717958525661,0.6489087196197971
0.3C dc.csv,0.3+0.7 1tau.csv,0.5738903581997736,33.762002683266836,33.047951313914254,0.7140513693525818
0.3C dc.csv,0.3+0.7 1tau.csv,0.5755207285355685,33.85791707709431,33.08080973547028,0.7771073416240242
0.3C dc.csv,0.3+0.7 1tau.csv,0.5771510988713633,33.95383135969819,33.11718677932413,0.8366445803740632
0.3C dc.csv,0.3+0.7 1tau.csv,0.5787814692071581,34.04974585480653,33.15965853082444,0.8900873239820939
0.3C dc.csv,0.3+0.7 1tau.csv,0.580411839542953,34.14565994399811,33.2164889724161,0.9291709715820105
0.3C dc.csv,0.3+0.7 1tau.csv,0.5820422098787478,34.24157401610059,33.999176798209035,0.24239721789155766
0.3C dc.csv,0.3+0.7 1tau.csv,0.5836725802145425,34.33748780637136,34.03141028416476,0.3060775222065999
0.3C dc.csv,0.3+0.7 1tau.csv,0.5853029505503373,34.43340126945872,34.0618283001034,0.37157296935532
0.3C dc.csv,0.3+0.7 1tau.csv,0.5869333208861321,34.529315530889676,34.09114429777024,0.4381712331194336
0.3C dc.csv,0.3+0.7 1tau.csv,0.588563691221927,34.62522982266054,34.12001477464472,0.5052150480158204
0.3C dc.csv,0.3+0.7 1tau.csv,0.5901940615577218,34.7211440673425,34.14891046811141,0.5722335992310903
0.3C dc.csv,0.3+0.7 1tau.csv,0.5918244318935166,34.81705832749802,34.17830418011481,0.6387541473832101
0.3C dc.csv,0.3+0.7 1tau.csv,0.5934548022293115,34.91297216223004,34.20887105126777,0.7041011109622701
0.3C dc.csv,0.3+0.7 1tau.csv,0.5950851725651062,35.008886518823665,34.241350604004666,0.7675359148189997
0.3C dc.csv,0.3+0.7 1tau.csv,0.596715542900901,35.104800942962946,34.27696197280764,0.8278389701553053
0.3C dc.csv,0.3+0.7 1tau.csv,0.5983459132366958,35.20071538110877,34.31834450173981,0.8823708793689633
0.3C dc.csv,0.3+0.7 1tau.csv,0.5999762835724907,35.29662979954294,34.37174581196507,0.9248839875778714
0.3C dc.csv,0.3+0.7 1tau.csv,0.6016066539082855,35.39254381451788,35.159786274381034,0.2327575401368449
0.3C dc.csv,0.3+0.7 1tau.csv,0.6032370242440803,35.48845780948512,35.19236893265799,0.2960888768271275
0.3C dc.csv,0.3+0.7 1tau.csv,0.604867394579875,35.58437164857599,35.22297598786235,0.36139566071364015
0.3C dc.csv,0.3+0.7 1tau.csv,0.6064977649156699,35.680285323430645,35.25244718534756,0.42783813808308224
0.3C dc.csv,0.3+0.7 1tau.csv,0.6081281352514647,35.776199225759726,35.28136414397591,0.49483508178381896
0.3C dc.csv,0.3+0.7 1tau.csv,0.6097585055872595,35.872113032875696,35.31021225708579,0.5619007757899084
0.3C dc.csv,0.3+0.7 1tau.csv,0.6113888759230544,35.968026570405264,35.33953299007187,0.6284935803333909
0.3C dc.csv,0.3+0.7 1tau.csv,0.6130192462588492,36.06394060046957,35.36987242042571,0.694068180043864
0.3C dc.csv,0.3+0.7 1tau.csv,0.614649616594644,36.15985450067876,35.40198180679615,0.7578726938826108
0.3C dc.csv,0.3+0.7 1tau.csv,0.6162799869304387,36.2557687876535,35.43703862949165,0.8187301581618485
0.3C dc.csv,0.3+0.7 1tau.csv,0.6179103572662336,36.35168275589504,35.477075857389686,0.8746068985053554
0.3C dc.csv,0.3+0.7 1tau.csv,0.6195407276020284,36.4475965573417,35.52762238582096,0.9199741715207352
0.3C dc.csv,0.3+0.7 1tau.csv,0.6211710979378232,36.54351070113646,35.62348293861057,0.9200277625258906
0.3C dc.csv,0.3+0.7 1tau.csv,0.622801468273618,36.639425128090515,36.35324608876095,0.2861790393295678
0.3C dc.csv,0.3+0.7 1tau.csv,0.6244318386094129,36.735339460361914,36.38413163154469,0.35120782881722334
0.3C dc.csv,0.3+0.7 1tau.csv,0.6260622089452077,36.83125349815325,36.413754849873776,0.41749864827947647
0.3C dc.csv,0.3+0.7 1tau.csv,0.6276925792810024,36.92716708258271,36.442708315457985,0.48445876712472824
0.3C dc.csv,0.3+0.7 1tau.csv,0.6293229496167972,37.023080590430546,36.4715450993569,0.5515354910736434
0.3C dc.csv,0.3+0.7 1tau.csv,0.6309533199525921,37.118993956910124,36.500751797532374,0.6182421593777505
0.3C dc.csv,0.3+0.7 1tau.csv,0.6325836902883869,37.214906961095494,36.53085738502596,0.6840495760695333
0.3C dc.csv,0.3+0.7 1tau.csv,0.6342140606241817,37.310820365133964,36.56258815449308,0.7482322106408859
0.3C dc.csv,0.3+0.7 1tau.csv,0.6358444309599766,37.40673368425039,36.597078328903436,0.8096553553469548
0.3C dc.csv,0.3+0.7 1tau.csv,0.6374748012957713,37.50264742271075,36.636284204278994,0.8663632184317578
0.3C dc.csv,0.3+0.7 1tau.csv,0.6391051716315661,37.59856087693512,36.68458884224654,0.9139720346885767
0.3C dc.csv,0.3+0.7 1tau.csv,0.6407355419673609,37.6944745954401,36.76263215898741,0.9318424364526905
0.3C dc.csv,0.3+0.7 1tau.csv,0.6423659123031558,37.790388847158404,37.51413973701831,0.27624911014009257
0.3C dc.csv,0.3+0.7 1tau.csv,0.6439962826389506,37.886302467181615,37.54529690869597,0.34100555848564795
0.3C dc.csv,0.3+0.7 1tau.csv,0.6456266529747454,37.98221577293675,37.575023900722584,0.4071918722141632
0.3C dc.csv,0.3+0.7 1tau.csv,0.6472570233105402,38.0781293902297,37.60404753828631,0.4740818519433887
0.3C dc.csv,0.3+0.7 1tau.csv,0.648887393646335,38.17404292155543,37.632873745704856,0.5411691758505768
0.3C dc.csv,0.3+0.7 1tau.csv,0.6505177639821298,38.26995622212453,37.66196049843266,0.6079957236918645
0.3C dc.csv,0.3+0.7 1tau.csv,0.6521481343179246,38.36586970108165,37.69191178166645,0.6739579194152014
0.3C dc.csv,0.3+0.7 1tau.csv,0.6537785046537194,38.46178299570936,37.723375609099655,0.7384073866097083
0.3C dc.csv,0.3+0.7 1tau.csv,0.6554088749895143,38.55769626095936,37.75733007795375,0.8003661830056075
0.3C dc.csv,0.3+0.7 1tau.csv,0.6570392453253091,38.653609621395184,37.795437703650336,0.8581719177448477
0.3C dc.csv,0.3+0.7 1tau.csv,0.6586696156611038,38.74952266390141,37.84182154718638,0.9077011167150317
0.3C dc.csv,0.3+0.7 1tau.csv,0.6602999859968987,38.84543596480694,37.91077753876142,0.934658426045516
0.3C dc.csv,0.3+0.7 1tau.csv,0.6619303563326935,38.94134986246455,38.674926388303675,0.26642347416087375
0.3C dc.csv,0.3+0.7 1tau.csv,0.6635607266684883,39.03726384816292,38.7063439367994,0.33091991136352306
0.3C dc.csv,0.3+0.7 1tau.csv,0.6651910970042831,39.133177736892605,38.73627284401473,0.39690489287787756
0.3C dc.csv,0.3+0.7 1tau.csv,0.666821467340078,39.22909172790326,38.76538864161221,0.46370308629104784
0.3C dc.csv,0.3+0.7 1tau.csv,0.6684518376758728,39.325005199557914,38.79420236471211,0.5308028348458009
0.3C dc.csv,0.3+0.7 1tau.csv,0.6700822080116675,39.42091897538742,38.82324144596762,0.5976775294198049
0.3C dc.csv,0.3+0.7 1tau.csv,0.6717125783474623,39.51683236415014,38.853022038667454,0.6638103254826859
0.3C dc.csv,0.3+0.7 1tau.csv,0.6733429486832572,39.61274502115363,38.88417984994363,0.7285651712100005
0.3C dc.csv,0.3+0.7 1tau.csv,0.674973319019052,39.70865841373065,38.917663869133854,0.7909945445967992
0.3C dc.csv,0.3+0.7 1tau.csv,0.6766036893548468,39.80457181591574,38.955047181347965,0.8495246345677785
0.3C dc.csv,0.3+0.7 1tau.csv,0.6782340596906417,39.900485285884365,38.99962544185706,0.9008598440273019
0.3C dc.csv,0.3+0.7 1tau.csv,0.6798644300264364,39.996398732406355,39.06229934278196,0.934099389624393
0.3C dc.csv,0.3+0.7 1tau.csv,0.6814948003622312,40.0923123670562,39.83564053827328,0.2566718287829204
0.3C dc.csv,0.3+0.7 1tau.csv,0.683125170698026,40.188225972054674,39.867398059748595,0.3208279123060791
0.3C dc.csv,0.3+0.7 1tau.csv,0.6847555410338209,40.28413944213097,39.89753006214398,0.38660937998699296
0.3C dc.csv,0.3+0.7 1tau.csv,0.6863859113696157,40.38005328057332,39.92672198306744,0.4533312975058834
0.3C dc.csv,0.3+0.7 1tau.csv,0.6880162817054105,40.475966953711705,39.95555033312756,0.5204166205841432
0.3C dc.csv,0.3+0.7 1tau.csv,0.6896466520412053,40.57188055087802,39.98452189521472,0.5873586556633015
0.3C dc.csv,0.3+0.7 1tau.csv,0.6912770223770001,40.66779396372365,40.014120989028676,0.6536729746949774
0.3C dc.csv,0.3+0.7 1tau.csv,0.6929073927127949,40.76370703461747,40.0449663266412,0.7187407079762664
0.3C dc.csv,0.3+0.7 1tau.csv,0.6945377630485897,40.859620485444914,40.07798585779246,0.7816346276524513
0.3C dc.csv,0.3+0.7 1tau.csv,0.6961681333843845,40.955533753140486,40.11464435578916,0.8408893973513258
0.3C dc.csv,0.3+0.7 1tau.csv,0.6977985037201794,41.05144697756935,40.157749650520664,0.8936973270486845
0.3C dc.csv,0.3+0.7 1tau.csv,0.6994288740559742,41.1473602078619,40.21602581698377,0.9313343908781277
0.3C dc.csv,0.3+0.7 1tau.csv,0.7010592443917689,41.243273600463944,40.99637725457264,0.24689634589130094
0.3C dc.csv,0.3+0.7 1tau.csv,0.7026896147275637,41.339187320649295,41.02846689727739,0.31072042337190453
0.3C dc.csv,0.3+0.7 1tau.csv,0.7043199850633586,41.435101285395355,41.05874369760908,0.3763575877862735
0.3C dc.csv,0.3+0.7 1tau.csv,0.7059503553991534,41.53101498559185,41.08803511586587,0.44297986972598125
0.3C dc.csv,0.3+0.7 1tau.csv,0.7075807257349482,41.62692835810407,41.11689808531046,0.5100302727936068
0.3C dc.csv,0.3+0.7 1tau.csv,0.7092110960707431,41.72284201318237,41.145796568788306,0.5770454443940665
0.3C dc.csv,0.3+0.7 1tau.csv,0.7108414664065379,41.81875557223813,41.17527729176023,0.6434782804779005
0.3C dc.csv,0.3+0.7 1tau.csv,0.7124718367423326,41.914669085744634,41.20593507618188,0.7087340095627539
0.3C dc.csv,0.3+0.7 1tau.csv,0.7141022070781274,42.01058316168535,41.23856738977312,0.7720157719122298
0.3C dc.csv,0.3+0.7 1tau.csv,0.7157325774139223,42.10649684316592,41.27445969032114,0.8320371528447836
0.3C dc.csv,0.3+0.7 1tau.csv,0.7173629477497171,42.20241038780436,41.316235759018426,0.8861746287859376
0.3C dc.csv,0.3+0.7 1tau.csv,0.7189933180855119,42.29832394365216,41.37090229298107,0.9274216506710857
0.3C dc.csv,0.3+0.7 1tau.csv,0.7206236884213068,42.39423777162101,42.15693402382166,0.23730374779934493
0.3C dc.csv,0.3+0.7 1tau.csv,0.7222540587571016,42.490151681287855,42.18938289067767,0.300768790610185
0.3C dc.csv,0.3+0.7 1tau.csv,0.7238844290928963,42.58606530255645,42.219919765992415,0.3661455365640336
0.3C dc.csv,0.3+0.7 1tau.csv,0.7255147994286911,42.68197905088985,42.24935095076976,0.4326281001200911
0.3C dc.csv,0.3+0.7 1tau.csv,0.727145169764486,42.77789326625664,42.27824300504419,0.4996502612124516
0.3C dc.csv,0.3+0.7 1tau.csv,0.7287755401002808,42.873807493075944,42.30711321456602,0.5666942785099209
0.3C dc.csv,0.3+0.7 1tau.csv,0.7304059104360756,42.96972159408349,42.33647647168129,0.6332451224022009
0.3C dc.csv,0.3+0.7 1tau.csv,0.7320362807718704,43.06563527345871,42.36688633856837,0.6987489348903395
0.3C dc.csv,0.3+0.7 1tau.csv,0.7336666511076652,43.161549071255926,42.3991227661229,0.762426305133026
0.3C dc.csv,0.3+0.7 1tau.csv,0.73529702144346,43.257462814924075,42.434424799425074,0.8230380154990016
0.3C dc.csv,0.3+0.7 1tau.csv,0.7369273917792548,43.35337637846904,42.474957321263574,0.8784190572054627
0.3C dc.csv,0.3+0.7 1tau.csv,0.7385577621150496,43.44929016210642,42.52651025089687,0.9227799112095525
0.3C dc.csv,0.3+0.7 1tau.csv,0.7401881324508445,43.545203959915156,42.63922739779837,0.9059765621167841
0.3C dc.csv,0.3+0.7 1tau.csv,0.7418185027866393,43.64111755892251,43.35031251171846,0.29080504720405287
0.3C dc.csv,0.3+0.7 1tau.csv,0.7434488731224341,43.73703155875497,43.38110639045902,0.3559251682959541
0.3C dc.csv,0.3+0.7 1tau.csv,0.7450792434582288,43.832945470687875,43.41066018108213,0.4222852896057461
0.3C dc.csv,0.3+0.7 1tau.csv,0.7467096137940237,43.92885930424255,43.43958701252514,0.4892722917174126
0.3C dc.csv,0.3+0.7 1tau.csv,0.7483399841298185,44.024773039345256,43.46843529615624,0.5563377431890189
0.3C dc.csv,0.3+0.7 1tau.csv,0.7499703544656133,44.120686698712696,43.497666540527185,0.6230201581855113
0.3C dc.csv,0.3+0.7 1tau.csv,0.7516007248014082,44.21660078699523,43.52783611463346,0.6887646723617706
0.3C dc.csv,0.3+0.7 1tau.csv,0.753231095137203,44.31251503093373,43.55973715402686,0.7527778769068689
0.3C dc.csv,0.3+0.7 1tau.csv,0.7548614654729977,44.40842906246938,43.594389415698586,0.8140396467707944
0.3C dc.csv,0.3+0.7 1tau.csv,0.7564918358087925,44.504343122459304,43.634001494549096,0.8703416279102072
0.3C dc.csv,0.3+0.7 1tau.csv,0.7581222061445874,44.600257044395704,43.683150208191414,0.9171068362042902
0.3C dc.csv,0.3+0.7 1tau.csv,0.7597525764803822,44.6961714639013,43.766713562079914,0.9294579018213867
0.3C dc.csv,0.3+0.7 1tau.csv,0.761382946816177,44.79208602726483,44.51124749391612,0.2808385333487067
0.3C dc.csv,0.3+0.7 1tau.csv,0.7630133171519718,44.88800043186144,44.54224333074574,0.34575710111570146
0.3C dc.csv,0.3+0.7 1tau.csv,0.7646436874877667,44.98391449154244,44.57192775236897,0.4119867391734715
0.3C dc.csv,0.3+0.7 1tau.csv,0.7662740578235614,45.079828561506474,44.60093525928306,0.47889330222341187
0.3C dc.csv,0.3+0.7 1tau.csv,0.7679044281593562,45.17574301670235,44.629756206816786,0.5459868098855623
0.3C dc.csv,0.3+0.7 1tau.csv,0.769534798495151,45.27165714496258,44.65889815337021,0.6127589915923721
0.3C dc.csv,0.3+0.7 1tau.csv,0.7711651688309459,45.36757112046413,44.68892518302398,0.6786459374401446
0.3C dc.csv,0.3+0.7 1tau.csv,0.7727955391667407,45.46348487092172,44.72050529717429,0.7429795737474265
0.3C dc.csv,0.3+0.7 1tau.csv,0.7744259095025355,45.55939837462728,44.75466788305766,0.8047304915696216
0.3C dc.csv,0.3+0.7 1tau.csv,0.7760562798383303,45.655312116883096,44.79314270801645,0.8621694088666487
0.3C dc.csv,0.3+0.7 1tau.csv,0.7776866501741251,45.75122516717063,44.84026688793609,0.9109582792345421
0.3C dc.csv,0.3+0.7 1tau.csv,0.7793170205099199,45.8471390922848,44.91223678820175,0.934902304083046
0.3C dc.csv,0.3+0.7 1tau.csv,0.7809473908457147,45.9430530169295,45.670231622406185,0.2728213945233122
0.3C dc.csv,0.3+0.7 1tau.csv,0.7825777611815096,46.038967275903914,45.70155766717482,0.33740960872909653
0.3C dc.csv,0.3+0.7 1tau.csv,0.7842081315173044,46.13488120354011,45.73143565737248,0.4034455461676316
0.3C dc.csv,0.3+0.7 1tau.csv,0.7858385018530992,46.230794602016786,45.76051939440996,0.47027520760682506
0.3C dc.csv,0.3+0.7 1tau.csv,0.7874688721888939,46.326707923491306,45.789331162064364,0.5373767614269411
0.3C dc.csv,0.3+0.7 1tau.csv,0.7890992425246888,46.42262095822333,45.8184005234301,0.604220434793227
0.3C dc.csv,0.3+0.7 1tau.csv,0.7907296128604836,46.51853419756346,45.848229100744234,0.6703050968192272
0.3C dc.csv,0.3+0.7 1tau.csv,0.7923599831962784,46.6144478438759,45.879472977233334,0.7349748666425668
0.3C dc.csv,0.3+0.7 1tau.csv,0.7939903535320733,46.71036181982401,45.91312367368787,0.797238146136138
0.3C dc.csv,0.3+0.7 1tau.csv,0.7956207238678681,46.80627636895967,45.95084564356153,0.8554307253981435
0.3C dc.csv,0.3+0.7 1tau.csv,0.7972510942036629,46.902190319153696,45.9959659673767,0.9062243517769986
0.3C dc.csv,0.3+0.7 1tau.csv,0.7988814645394576,46.99810426435141,46.0607718779682,0.9373323863832113
0.3C dc.csv,0.3+0.7 1tau.csv,0.8005118348752525,47.09401823320194,46.831014440355645,0.26300379284629827
0.3C dc.csv,0.3+0.7 1tau.csv,0.8021422052110473,47.189931992342025,46.86265585848964,0.3272761338523864
0.3C dc.csv,0.3+0.7 1tau.csv,0.8037725755468421,47.28584607885376,46.89270679587108,0.3931392829826805
0.3C dc.csv,0.3+0.7 1tau.csv,0.805402945882637,47.381760128580346,46.92184597053842,0.4599141580419257
0.3C dc.csv,0.3+0.7 1tau.csv,0.8070333162184318,47.47767405381285,46.95067807529661,0.5269959785162399
0.3C dc.csv,0.3+0.7 1tau.csv,0.8086636865542265,47.57358807283865,46.97966232505332,0.5939257477853346
0.3C dc.csv,0.3+0.7 1tau.csv,0.8102940568900213,47.66950185009019,47.00930658316618,0.6601952669240134
0.3C dc.csv,0.3+0.7 1tau.csv,0.8119244272258161,47.76541587165399,47.040309084387246,0.7251067872667463
0.3C dc.csv,0.3+0.7 1tau.csv,0.813554797561611,47.86133023483676,47.07350081100856,0.7878294238281995
0.3C dc.csv,0.3+0.7 1tau.csv,0.8151851678974058,47.95724430282897,47.11030508159304,0.8469392212359281
0.3C dc.csv,0.3+0.7 1tau.csv,0.8168155382332006,48.05315838266522,47.15405907662392,0.8990993060412933
0.3C dc.csv,0.3+0.7 1tau.csv,0.8184459085689955,48.14907277952457,47.21385348104661,0.9352192984779606
0.3C dc.csv,0.3+0.7 1tau.csv,0.8200762789047902,48.24498696854191,47.99175360509996,0.25323336344195013
0.3C dc.csv,0.3+0.7 1tau.csv,0.821706649240585,48.340901023704035,48.023684165934704,0.3172168577693313
0.3C dc.csv,0.3+0.7 1tau.csv,0.8233370195763798,48.43681532964038,48.0539076522995,0.3829076773408815
0.3C dc.csv,0.3+0.7 1tau.csv,0.8249673899121747,48.53272971686934,48.08317428689229,0.4495554299770532
0.3C dc.csv,0.3+0.7 1tau.csv,0.8265977602479695,48.628643700130894,48.112024012001875,0.516619688129019
0.3C dc.csv,0.3+0.7 1tau.csv,0.8282281305837643,48.72455793981342,48.14094718593587,0.5836107538775508
0.3C dc.csv,0.3+0.7 1tau.csv,0.829858500919559,48.820471659125374,48.17048878628227,0.6499828728431041
0.3C dc.csv,0.3+0.7 1tau.csv,0.8314888712553539,48.91638564637041,48.201228931507096,0.715156714863312
0.3C dc.csv,0.3+0.7 1tau.csv,0.8331192415911487,49.012299288818724,48.23400682902157,0.7782924597971572
0.3C dc.csv,0.3+0.7 1tau.csv,0.8347496119269435,49.10821306706836,48.27017653539665,0.8380365316717118
0.3C dc.csv,0.3+0.7 1tau.csv,0.8363799822627384,49.204126710456386,48.31233414702582,0.8917925634305632
0.3C dc.csv,0.3+0.7 1tau.csv,0.8380103525985332,49.30004022797598,48.36832639011594,0.9317138378600376
0.3C dc.csv,0.3+0.7 1tau.csv,0.839640722934328,49.39595391505801,49.15233261550515,0.24362129955285639
0.3C dc.csv,0.3+0.7 1tau.csv,0.8412710932701227,49.49186776237667,49.184652172263405,0.30721559011326605
0.3C dc.csv,0.3+0.7 1tau.csv,0.8429014636059176,49.58778211561385,49.21511810661087,0.3726640090029747
0.3C dc.csv,0.3+0.7 1tau.csv,0.8445318339417124,49.68369652486703,49.244505834592296,0.4391906902747351
0.3C dc.csv,0.3+0.7 1tau.csv,0.8461622042775072,49.77961055943043,49.273371562022994,0.5062389974074364
0.3C dc.csv,0.3+0.7 1tau.csv,0.847792574613302,49.87552467213447,49.302263175466074,0.573261496668394
0.3C dc.csv,0.3+0.7 1tau.csv,0.8494229449490969,49.9714385981584,49.331660310012296,0.639778288146104
0.3C dc.csv,0.3+0.7 1tau.csv,0.8510533152848916,50.0673524396216,49.362131042617115,0.705221397004486
0.3C dc.csv,0.3+0.7 1tau.csv,0.8526836856206864,50.16326610266525,49.39448619405155,0.7687799086136948
0.3C dc.csv,0.3+0.7 1tau.csv,0.8543140559564812,50.2591800302898,49.43002849834861,0.8291515319411857
0.3C dc.csv,0.3+0.7 1tau.csv,0.8559444262922761,50.35509413962881,49.471064851094205,0.8840292885346059
0.3C dc.csv,0.3+0.7 1tau.csv,0.8575747966280709,50.45100815083249,49.523662113259455,0.927346037573038
0.3C dc.csv,0.3+0.7 1tau.csv,0.8592051669638657,50.54692229812808,50.312935328775616,0.23398696935246477
0.3C dc.csv,0.3+0.7 1tau.csv,0.8608355372996606,50.64283656470143,50.3456351305748,0.29720143412663447
0.3C dc.csv,0.3+0.7 1tau.csv,0.8624659076354553,50.73875057767714,50.376329842397176,0.36242073527996155
0.3C dc.csv,0.3+0.7 1tau.csv,0.8640962779712501,50.83466442226757,50.40579935313672,0.42886506913085043
0.3C dc.csv,0.3+0.7 1tau.csv,0.8657266483070449,50.93057791515585,50.43472167670051,0.4958562384553389
0.3C dc.csv,0.3+0.7 1tau.csv,0.8673570186428398,51.02649152085912,50.46357440607304,0.5629171147860745
0.3C dc.csv,0.3+0.7 1tau.csv,0.8689873889786346,51.122405108359345,50.492830702837196,0.629574405522149
0.3C dc.csv,0.3+0.7 1tau.csv,0.8706177593144294,51.218318683769546,50.523126883067796,0.6951918007017497
0.3C dc.csv,0.3+0.7 1tau.csv,0.8722481296502241,51.314232071557555,50.555158853723526,0.7590732178340289
0.3C dc.csv,0.3+0.7 1tau.csv,0.873878499986019,51.41014572421754,50.59004416005622,0.8201015641613196
0.3C dc.csv,0.3+0.7 1tau.csv,0.8755088703218138,51.506059858274874,50.62993467956698,0.8761251787078947
0.3C dc.csv,0.3+0.7 1tau.csv,0.8771392406576086,51.60197404639452,50.67994926150738,0.9220247848871352
0.3C dc.csv,0.3+0.7 1tau.csv,0.8787696109934034,51.6978878180241,50.77011794219789,0.9277698758262076
0.3C dc.csv,0.3+0.7 1tau.csv,0.8803999813291983,51.793801639393976,51.50651771415316,0.28728392524081414
0.3C dc.csv,0.3+0.7 1tau.csv,0.8820303516649931,51.88971545650232,51.537440646871936,0.35227480963038715
0.3C dc.csv,0.3+0.7 1tau.csv,0.8836607220007878,51.98562942860263,51.56708704710164,0.4185423815009912
0.3C dc.csv,0.3+0.7 1tau.csv,0.8852910923365827,52.08154316600635,51.596072548381514,0.48547061762483423
0.3C dc.csv,0.3+0.7 1tau.csv,0.8869214626723775,52.177456749539104,51.62489394120665,0.5525628083324534
0.3C dc.csv,0.3+0.7 1tau.csv,0.8885518330081723,52.273370525441926,51.654084728033204,0.6192857974087218
0.3C dc.csv,0.3+0.7 1tau.csv,0.8901822033439671,52.36928444283466,51.68417315219268,0.6851112906419843
0.3C dc.csv,0.3+0.7 1tau.csv,0.891812573679762,52.46519823589165,51.71585954182345,0.7493386940682001
0.3C dc.csv,0.3+0.7 1tau.csv,0.8934429440155568,52.561112260293946,51.75022261543594,0.8108896448580083
0.3C dc.csv,0.3+0.7 1tau.csv,0.8950733143513515,52.65702634533991,51.78909636109406,0.8679299842458477
0.3C dc.csv,0.3+0.7 1tau.csv,0.8967036846871463,52.75294060456773,51.83693691253975,0.916003692027985
0.3C dc.csv,0.3+0.7 1tau.csv,0.8983340550229412,52.84885490246849,51.9125374233,0.936317479168487
0.3C dc.csv,0.3+0.7 1tau.csv,0.899964425358736,52.94476922052301,52.667339185586194,0.2774300349368133
0.3C dc.csv,0.3+0.7 1tau.csv,0.9015947956945308,53.04068389517231,52.69856256672986,0.34212132844244536
0.3C dc.csv,0.3+0.7 1tau.csv,0.9032251660303257,53.136598497767274,52.728379410705415,0.40821908706185894
0.3C dc.csv,0.3+0.7 1tau.csv,0.9048555363661204,53.23251252893543,52.75741314641478,0.47509938252065353
0.3C dc.csv,0.3+0.7 1tau.csv,0.9064859067019152,53.32842649863793,52.786235296184685,0.542191202453246
0.3C dc.csv,0.3+0.7 1tau.csv,0.90811627703771,53.42434102858374,52.81532892321302,0.6090121053707165
0.3C dc.csv,0.3+0.7 1tau.csv,0.9097466473735049,53.520255625894855,52.845202725137185,0.6750529007576702
0.3C dc.csv,0.3+0.7 1tau.csv,0.9113770177092997,53.616169788360914,52.8765404110767,0.7396293772842171
0.3C dc.csv,0.3+0.7 1tau.csv,0.9130073880450945,53.712083635854164,52.910365037359114,0.8017185984950501
0.3C dc.csv,0.3+0.7 1tau.csv,0.9146377583808893,53.80799798461626,52.94845546879443,0.8595425158218291
0.3C dc.csv,0.3+0.7 1tau.csv,0.9162681287166841,53.9039122216324,52.99419715849493,0.909715063137476
0.3C dc.csv,0.3+0.7 1tau.csv,0.9178984990524789,53.99982652641941,53.0616221989811,0.9382043274383136
0.3C dc.csv,0.3+0.7 1tau.csv,0.9195288693882737,54.09574067769854,53.828179774630534,0.2675609030680022
0.3C dc.csv,0.3+0.7 1tau.csv,0.9211592397240685,54.19165423750717,53.859687810728325,0.33196642677884824
0.3C dc.csv,0.3+0.7 1tau.csv,0.9227896100598634,54.2875682847526,53.889622839442616,0.3979454453099862
0.3C dc.csv,0.3+0.7 1tau.csv,0.9244199803956582,54.38348229781477,53.91874610704013,0.46473619077464434
0.3C dc.csv,0.3+0.7 1tau.csv,0.9260503507314529,54.479396290816766,53.94757446869002,0.5318218221267443
0.3C dc.csv,0.3+0.7 1tau.csv,0.9276807210672477,54.57531063754507,53.976566703362174,0.5987439341828988
0.3C dc.csv,0.3+0.7 1tau.csv,0.9293110914030426,54.6712243218447,54.00631386036076,0.6649104614839345
0.3C dc.csv,0.3+0.7 1tau.csv,0.9309414617388374,54.76713830606461,54.0374212156534,0.7297170904112065
0.3C dc.csv,0.3+0.7 1tau.csv,0.9325718320746322,54.863052335216665,54.07079437242892,0.792257962787744
0.3C dc.csv,0.3+0.7 1tau.csv,0.9342022024104271,54.95896563025051,54.10791607396279,0.8510495562877196
0.3C dc.csv,0.3+0.7 1tau.csv,0.9358325727462219,55.05487914817895,54.152231379639716,0.9026477685392322
0.3C dc.csv,0.3+0.7 1tau.csv,0.9374629430820166,55.15079270466146,54.21385155026808,0.9369411543933808
0.3C dc.csv,0.3+0.7 1tau.csv,0.9390933134178114,55.24670587467274,54.98886890826048,0.2578369664122633
0.3C dc.csv,0.3+0.7 1tau.csv,0.9407236837536063,55.34261935948752,55.020686940374844,0.32193241911267734
0.3C dc.csv,0.3+0.7 1tau.csv,0.9423540540894011,55.43853328659431,55.0508506522539,0.3876826343404076
0.3C dc.csv,0.3+0.7 1tau.csv,0.9439844244251959,55.534447246175816,55.080083400178815,0.4543638459970012
0.3C dc.csv,0.3+0.7 1tau.csv,0.9456147947609908,55.63036137714548,55.10891545262436,0.5214459245211245
0.3C dc.csv,0.3+0.7 1tau.csv,0.9472451650967855,55.72627549497933,55.137872818531314,0.5884026764480197
0.3C dc.csv,0.3+0.7 1tau.csv,0.9488755354325803,55.822189677389616,55.167463130975065,0.6547265464145511
0.3C dc.csv,0.3+0.7 1tau.csv,0.9505059057683751,55.91810367971695,55.19828611980082,0.7198175599161303
0.3C dc.csv,0.3+0.7 1tau.csv,0.95213627610417,56.01401756782614,55.2312174056712,0.7828001621549348
0.3C dc.csv,0.3+0.7 1tau.csv,0.9537666464399648,56.109931320382145,55.267685625303876,0.8422456950782689
0.3C dc.csv,0.3+0.7 1tau.csv,0.9553970167757596,56.20584531565748,55.31027695972425,0.8955683559332286
0.3C dc.csv,0.3+0.7 1tau.csv,0.9570273871115544,56.301759390017594,55.367801564100795,0.9339578259167993
0.3C dc.csv,0.3+0.7 1tau.csv,0.9586577574473492,56.397673338429776,56.14952226024952,0.24815107818025695
0.3C dc.csv,0.3+0.7 1tau.csv,0.960288127783144,56.49358734955058,56.18170318763899,0.31188416191159263
0.3C dc.csv,0.3+0.7 1tau.csv,0.9619184981189388,56.58950154579121,56.21208896624273,0.3774125795484764
0.3C dc.csv,0.3+0.7 1tau.csv,0.9635488684547336,56.68541556196456,56.24140898925613,0.4440065727084317
0.3C dc.csv,0.3+0.7 1tau.csv,0.9651792387905285,56.78133015497644,56.27026795695153,0.5110621980249093
0.3C dc.csv,0.3+0.7 1tau.csv,0.9668096091263233,56.877244445492124,56.29917487947237,0.5780695660197566
0.3C dc.csv,0.3+0.7 1tau.csv,0.9684399794621181,56.97315832633327,56.32860234881236,0.6445559775209091
0.3C dc.csv,0.3+0.7 1tau.csv,0.9700703497979128,57.069072120629635,56.359161679736516,0.7099104408931183
0.3C dc.csv,0.3+0.7 1tau.csv,0.9717007201337077,57.16498577601599,56.3916918684167,0.7732939075992888
0.3C dc.csv,0.3+0.7 1tau.csv,0.9733310904695025,57.26089985843673,56.42741513862394,0.8334847198127875
0.3C dc.csv,0.3+0.7 1tau.csv,0.9749614608052973,57.35681366664584,56.46900106053196,0.8878126061138829
0.3C dc.csv,0.3+0.7 1tau.csv,0.9765918311410922,57.4527275176101,56.52278844528858,0.9299390723215168
0.3C dc.csv,0.3+0.7 1tau.csv,0.978222201476887,57.548641860768676,57.31019543009666,0.23844643067201332
0.3C dc.csv,0.3+0.7 1tau.csv,0.9798525718126817,57.644555769613795,57.34271167749807,0.30184409211572216
0.3C dc.csv,0.3+0.7 1tau.csv,0.9814829421484765,57.74046988411069,57.37326610439232,0.36720377971836626
0.3C dc.csv,0.3+0.7 1tau.csv,0.9831133124842714,57.83638375781114,57.40270752301713,0.43367623479401374
0.3C dc.csv,0.3+0.7 1tau.csv,0.9847436828200662,57.93229765201276,57.431617567211326,0.5006800848014308
0.3C dc.csv,0.3+0.7 1tau.csv,0.986374053155861,58.02821186196269,57.46046808038113,0.5677437815815551
0.3C dc.csv,0.3+0.7 1tau.csv,0.9880044234916558,58.124125959331344,57.489799540912834,0.6343264184185102
0.3C dc.csv,0.3+0.7 1tau.csv,0.9896347938274507,58.220040299712394,57.52017629677546,0.6998640029369341
0.3C dc.csv,0.3+0.7 1tau.csv,0.9912651641632454,58.3159546146535,57.552344432489285,0.7636101821642143
0.3C dc.csv,0.3+0.7 1tau.csv,0.9928955344990402,58.41186906212437,57.58747824443501,0.8243908176893555
0.3C dc.csv,0.3+0.7 1tau.csv,0.994525904834835,58.507782795232984,57.627681545651676,0.8801012495813083
0.3C dc.csv,0.3+0.7 1tau.csv,0.9961562751706299,58.60369617057052,57.67868964814351,0.9250065224270116
0.3C dc.csv,0.3+0.7 1tau.csv,0.9977866455064247,58.69960930055207,57.7786257492124,0.9209835513396669
0.3C dc.csv,0.3+0.7 1tau.csv,0.9994170158422195,58.79552282971862,58.503572592760435,0.29195023695818634
0.3C dc.csv,0.3+0.7 1tau.csv,1.0010473861780143,58.891436604606334,58.534411989171815,0.35702461543451847
0.3C dc.csv,0.3+0.7 1tau.csv,1.0026777565138092,58.987350200954346,58.56401113739768,0.42333906355666784
0.3C dc.csv,0.3+0.7 1tau.csv,1.004308126849604,59.083263999912916,58.59296624434554,0.49029775556737576
0.3C dc.csv,0.3+0.7 1tau.csv,1.0059384971853988,59.179177388580726,58.62180052969768,0.5573768588830461
0.3C dc.csv,0.3+0.7 1tau.csv,1.0075688675211936,59.2750904344177,58.651027552943106,0.6240628814745932
0.3C dc.csv,0.3+0.7 1tau.csv,1.0091992378569883,59.37100341740132,58.68117611113447,0.6898273062668494
0.3C dc.csv,0.3+0.7 1tau.csv,1.0108296081927832,59.46691682757253,58.71297326654316,0.7539435610293737
0.3C dc.csv,0.3+0.7 1tau.csv,1.012459978528578,59.56283011403384,58.74755119089468,0.8152789231391537
0.3C dc.csv,0.3+0.7 1tau.csv,1.0140903488643729,59.65874326755875,58.78685812702685,0.8718851405318944
0.3C dc.csv,0.3+0.7 1tau.csv,1.0157207192001676,59.75465629483643,58.83551175287594,0.9191445419604918
0.3C dc.csv,0.3+0.7 1tau.csv,1.0173510895359623,59.850569126958185,58.91579090639989,0.9347782205582931
0.3C dc.csv,0.3+0.7 1tau.csv,1.0189814598717573,59.946482032087744,59.66445107499995,0.282030957087791
0.3C dc.csv,0.3+0.7 1tau.csv,1.020611830207552,60.04239523993815,59.695568123820365,0.3468271161177867
0.3C dc.csv,0.3+0.7 1tau.csv,1.022242200543347,60.13830870113971,59.72530067851938,0.41300802262032477
0.3C dc.csv,0.3+0.7 1tau.csv,1.0238725708791416,60.23422199510325,59.754303862978745,0.47991813212450296
0.3C dc.csv,0.3+0.7 1tau.csv,1.0255029412149366,60.33013483764781,59.783132638022366,0.5470021996254459
0.3C dc.csv,0.3+0.7 1tau.csv,1.0271333115507313,60.42604792434959,59.812245001859026,0.6138029224905637
0.3C dc.csv,0.3+0.7 1tau.csv,1.028763681886526,60.52196160538602,59.8421902325972,0.6797713727888208
0.3C dc.csv,0.3+0.7 1tau.csv,1.030394052222321,60.617875796332235,59.87369814752383,0.7441776488084031
0.3C dc.csv,0.3+0.7 1tau.csv,1.0320244225581157,60.713789532698925,59.90771535867456,0.8060741740243671
0.3C dc.csv,0.3+0.7 1tau.csv,1.0336547928939106,60.80970312402414,59.946058531124024,0.8636445929001155
0.3C dc.csv,0.3+0.7 1tau.csv,1.0352851632297053,60.90561649848779,59.992553215428096,0.9130632830596923
0.3C dc.csv,0.3+0.7 1tau.csv,1.0369155335655003,61.00153009143596,60.06292455116715,0.93860554026881
0.3C dc.csv,0.3+0.7 1tau.csv,1.038545903901295,61.0974434067321,60.82529540515701,0.2721480015750899
0.3C dc.csv,0.3+0.7 1tau.csv,1.0401762742370897,61.19335645888837,60.85665173866856,0.3367047202198066
0.3C dc.csv,0.3+0.7 1tau.csv,1.0418066445728846,61.28926959730853,60.88654246433813,0.40272713297040497
0.3C dc.csv,0.3+0.7 1tau.csv,1.0434370149086794,61.38518290635132,60.915643046780964,0.4695398595703537
0.3C dc.csv,0.3+0.7 1tau.csv,1.0450673852444743,61.48109640506739,60.944460727627266,0.536635677440124
0.3C dc.csv,0.3+0.7 1tau.csv,1.046697755580269,61.57700982034734,60.97350187526058,0.6035079450867613
0.3C dc.csv,0.3+0.7 1tau.csv,1.048328125916064,61.67292352211997,61.00331137552011,0.6696121465998601
0.3C dc.csv,0.3+0.7 1tau.csv,1.0499584962518587,61.76883749210027,61.034519888550264,0.7343176035500036
0.3C dc.csv,0.3+0.7 1tau.csv,1.0515888665876534,61.86475067650172,61.06807553463869,0.7966751418630338
0.3C dc.csv,0.3+0.7 1tau.csv,1.0532192369234483,61.96066379375766,61.10554575235927,0.8551180413983914
0.3C dc.csv,0.3+0.7 1tau.csv,1.054849607259243,62.05657681742716,61.15043129001433,0.906145527412825
0.3C dc.csv,0.3+0.7 1tau.csv,1.056479977595038,62.152490045060816,61.21411648696499,0.9383735580958259
0.3C dc.csv,0.3+0.7 1tau.csv,1.0581103479308327,62.24840321148742,61.98599008058774,0.2624131308996809
0.3C dc.csv,0.3+0.7 1tau.csv,1.0597407182666274,62.34431645256652,62.01769336614906,0.32662308641745597
0.3C dc.csv,0.3+0.7 1tau.csv,1.0613710886024224,62.44022994548886,62.047792736564084,0.3924372089247754
0.3C dc.csv,0.3+0.7 1tau.csv,1.063001458938217,62.53614355801678,62.07698485235274,0.45915870566404493
0.3C dc.csv,0.3+0.7 1tau.csv,1.064631829274012,62.632057103710615,62.105804026690485,0.5262530770201295
0.3C dc.csv,0.3+0.7 1tau.csv,1.0662621996098067,62.7279701218579,62.13478725661426,0.5931828652436408
0.3C dc.csv,0.3+0.7 1tau.csv,1.0678925699456017,62.82388319071689,62.16442097588359,0.6594622148333045
0.3C dc.csv,0.3+0.7 1tau.csv,1.0695229402813964,62.9197963581353,62.195322814638835,0.7244735434964653
0.3C dc.csv,0.3+0.7 1tau.csv,1.071153310617191,63.015709741434634,62.22840728536374,0.787302456070897
0.3C dc.csv,0.3+0.7 1tau.csv,1.072783680952986,63.1116227088269,62.26518295590349,0.8464397529234091
0.3C dc.csv,0.3+0.7 1tau.csv,1.0744140512887808,63.20753611320354,62.30839162364304,0.8991444895604985
0.3C dc.csv,0.3+0.7 1tau.csv,1.0760444216245757,63.30344937392629,62.367442132643674,0.936007241282617
0.3C dc.csv,0.3+0.7 1tau.csv,1.0776747919603704,63.399362749543826,63.146709485102676,0.2526532644411503
0.3C dc.csv,0.3+0.7 1tau.csv,1.0793051622961654,63.49527615233866,63.178751359595864,0.316524792742797
0.3C dc.csv,0.3+0.7 1tau.csv,1.08093553263196,63.59118956929926,63.20903538686891,0.38215418243034804
0.3C dc.csv,0.3+0.7 1tau.csv,1.0825659029677548,63.68710281167705,63.23829710211948,0.4488057095575684
0.3C dc.csv,0.3+0.7 1tau.csv,1.0841962733035497,63.78301585951378,63.26715375484008,0.5158621046737011
0.3C dc.csv,0.3+0.7 1tau.csv,1.0858266436393444,63.87892901179929,63.29606903899119,0.5828599728081016
0.3C dc.csv,0.3+0.7 1tau.csv,1.0874570139751394,63.97484233119666,63.32554559109747,0.6492967400991887
0.3C dc.csv,0.3+0.7 1tau.csv,1.089087384310934,64.0707557918862,63.356240282135126,0.7145155097510738
0.3C dc.csv,0.3+0.7 1tau.csv,1.090717754646729,64.1666695252543,63.38893019397891,0.7777393312753986
0.3C dc.csv,0.3+0.7 1tau.csv,1.0923481249825238,64.26258312006907,63.42489625913609,0.8376868609329762
0.3C dc.csv,0.3+0.7 1tau.csv,1.0939784953183185,64.35849720325189,63.4669403185217,0.8915568847301856
0.3C dc.csv,0.3+0.7 1tau.csv,1.0956088656541134,64.4544111537543,63.5220207727585,0.9323903809957912
0.3C dc.csv,0.3+0.7 1tau.csv,1.0972392359899081,64.55032532601764,64.30733419671803,0.24299112929961098
0.3C dc.csv,0.3+0.7 1tau.csv,1.098869606325703,64.64623892960728,64.33971356556815,0.3065253640391319
0.3C dc.csv,0.3+0.7 1tau.csv,1.1004999766614978,64.7421528052885,64.3702034714215,0.37194933386699347
0.3C dc.csv,0.3+0.7 1tau.csv,1.1021303469972927,64.83806636183833,64.39961061984657,0.43845574199175985
0.3C dc.csv,0.3+0.7 1tau.csv,1.1037607173330874,64.93397979375645,64.42850151141955,0.5054782823368953
0.3C dc.csv,0.3+0.7 1tau.csv,1.1053910876688822,65.02989414526631,64.4573709927497,0.5725231525166095
0.3C dc.csv,0.3+0.7 1tau.csv,1.107021458004677,65.12580845560272,64.48675456238614,0.6390538932165839
0.3C dc.csv,0.3+0.7 1tau.csv,1.1086518283404718,65.22172253547362,64.51720737377926,0.7045151616943599
0.3C dc.csv,0.3+0.7 1tau.csv,1.1102821986762668,65.31763661975309,64.54950884811825,0.7681277716348376
0.3C dc.csv,0.3+0.7 1tau.csv,1.1119125690120615,65.41355072890008,64.58489532989171,0.8286553990083689
0.3C dc.csv,0.3+0.7 1tau.csv,1.1135429393478562,65.50946470934784,64.62552094656712,0.8839437627807172
0.3C dc.csv,0.3+0.7 1tau.csv,1.1151733096836511,65.60537875567522,64.67750075851978,0.9278779971554343
0.3C dc.csv,0.3+0.7 1tau.csv,1.1168036800194459,65.70129263569254,65.46783285187817,0.23345978381436794
0.3C dc.csv,0.3+0.7 1tau.csv,1.1184340503552408,65.79720632642665,65.50062768758211,0.2965786388445366
0.3C dc.csv,0.3+0.7 1tau.csv,1.1200644206910355,65.89312028333778,65.53138090584414,0.3617393774936346
0.3C dc.csv,0.3+0.7 1tau.csv,1.1216947910268305,65.98903406485576,65.56092716479564,0.428106900060115
0.3C dc.csv,0.3+0.7 1tau.csv,1.1233251613626252,66.08494797688769,65.58984463866776,0.49510333821993413
0.3C dc.csv,0.3+0.7 1tau.csv,1.1249555316984199,66.18086167638222,65.6186956546663,0.5621660217159246
0.3C dc.csv,0.3+0.7 1tau.csv,1.1265859020342148,66.27677550440667,65.64795251011083,0.6288229942958452
0.3C dc.csv,0.3+0.7 1tau.csv,1.1282162723700095,66.37268906417944,65.67815650916478,0.6945325550146606
0.3C dc.csv,0.3+0.7 1tau.csv,1.1298466427058045,66.4686026021808,65.71006088909888,0.758541713081911
0.3C dc.csv,0.3+0.7 1tau.csv,1.1314770130415992,66.5645163663228,65.74485518877289,0.8196611775499179
0.3C dc.csv,0.3+0.7 1tau.csv,1.1331073833773941,66.66042969807795,65.78461241016157,0.8758172879163766
0.3C dc.csv,0.3+0.7 1tau.csv,1.1347377537131889,66.75634324909986,65.83413383221439,0.9222094168854653
0.3C dc.csv,0.3+0.7 1tau.csv,1.1363681240489836,66.85225674998624,65.92012116831333,0.9321355816729096
0.3C dc.csv,0.3+0.7 1tau.csv,1.1379984943847785,66.9481700405857,66.66155656018324,0.28661348040245116
0.3C dc.csv,0.3+0.7 1tau.csv,1.1396288647205732,67.04408338614199,66.6925479873684,0.3515353987735921
0.3C dc.csv,0.3+0.7 1tau.csv,1.1412592350563682,67.13999660593115,66.72219403122622,0.4178025747049219
0.3C dc.csv,0.3+0.7 1tau.csv,1.1428896053921629,67.23591035118295,66.75118599313083,0.48472435805211944
0.3C dc.csv,0.3+0.7 1tau.csv,1.1445199757279578,67.33182440678922,66.78001446457516,0.5518099422140637
0.3C dc.csv,0.3+0.7 1tau.csv,1.1461503460637525,67.42773791818237,66.80915314051344,0.6185847776689286
0.3C dc.csv,0.3+0.7 1tau.csv,1.1477807163995473,67.52365145439445,66.83920836068135,0.6844430937130994
0.3C dc.csv,0.3+0.7 1tau.csv,1.1494110867353422,67.61956508860366,66.87083751527288,0.7487275733307825
0.3C dc.csv,0.3+0.7 1tau.csv,1.151041457071137,67.71547876353188,66.90506801911557,0.810410744416302
0.3C dc.csv,0.3+0.7 1tau.csv,1.1526718274069319,67.81139247964127,66.94364495384839,0.8677475257928791
0.3C dc.csv,0.3+0.7 1tau.csv,1.1543021977427266,67.90730671389773,66.99103305995067,0.9162736539470586
0.3C dc.csv,0.3+0.7 1tau.csv,1.1559325680785213,68.00322035857316,67.06475122002466,0.9384691385484984
0.3C dc.csv,0.3+0.7 1tau.csv,1.1575629384143162,68.09913410215738,67.82235164123882,0.27678246091855385
0.3C dc.csv,0.3+0.7 1tau.csv,1.159193308750111,68.19504753552651,67.85361641194696,0.34143112357955374
0.3C dc.csv,0.3+0.7 1tau.csv,1.160823679085906,68.29096107071128,67.88345795208113,0.4075031186301459
0.3C dc.csv,0.3+0.7 1tau.csv,1.1624540494217006,68.38687488284155,67.91253003664637,0.47434484619518
0.3C dc.csv,0.3+0.7 1tau.csv,1.1640844197574955,68.48278888824072,67.94134177439477,0.5414471138459476
0.3C dc.csv,0.3+0.7 1tau.csv,1.1657147900932903,68.57870233268889,67.97042423315519,0.608278099533706
0.3C dc.csv,0.3+0.7 1tau.csv,1.167345160429085,68.674616084007,68.0002906987474,0.6743253852595927
0.3C dc.csv,0.3+0.7 1tau.csv,1.16897553076488,68.77052977176825,68.03159759839696,0.7389321733712961
0.3C dc.csv,0.3+0.7 1tau.csv,1.1706059011006746,68.86644287657776,68.06533643730346,0.8011064392743066
0.3C dc.csv,0.3+0.7 1tau.csv,1.1722362714364696,68.96235613930399,68.10316720886318,0.8591889304408085
0.3C dc.csv,0.3+0.7 1tau.csv,1.1738666417722643,69.05826923547326,68.14865428685917,0.9096149486140916
0.3C dc.csv,0.3+0.7 1tau.csv,1.1754970121080592,69.15418228474145,68.21468107256304,0.9395012121784134
0.3C dc.csv,0.3+0.7 1tau.csv,1.177127382443854,69.25009505361338,68.98311038880973,0.266984664803644
0.3C dc.csv,0.3+0.7 1tau.csv,1.1787577527796487,69.34600738391364,69.01469782083431,0.3313095630793299
0.3C dc.csv,0.3+0.7 1tau.csv,1.1803881231154436,69.44191999232632,69.044728472735,0.39719151959131693
0.3C dc.csv,0.3+0.7 1tau.csv,1.1820184934512383,69.5378327027909,69.07385986461473,0.4639728381761614
0.3C dc.csv,0.3+0.7 1tau.csv,1.1836488637870333,69.63374571830413,69.10268547135338,0.5310602469507444
0.3C dc.csv,0.3+0.7 1tau.csv,1.185279234122828,69.7296580979726,69.13168829813605,0.5979697998365481
0.3C dc.csv,0.3+0.7 1tau.csv,1.186909604458623,69.82557122018883,69.1613596400861,0.6642115801027302
0.3C dc.csv,0.3+0.7 1tau.csv,1.1885399747944176,69.92148426268686,69.19237176187448,0.7291125008123771
0.3C dc.csv,0.3+0.7 1tau.csv,1.1901703451302124,70.01739792988424,69.22562647537005,0.7917714545141905
0.3C dc.csv,0.3+0.7 1tau.csv,1.1918007154660073,70.11331102121653,69.26266448201767,0.8506465391988627
0.3C dc.csv,0.3+0.7 1tau.csv,1.193431085801802,70.20922419441237,69.30655109469471,0.90267309971766
0.3C dc.csv,0.3+0.7 1tau.csv,1.195061456137597,70.30513752634425,69.36726991983991,0.9378676065043408
0.3C dc.csv,0.3+0.7 1tau.csv,1.1966918264733917,70.40105055814955,70.14389068640415,0.2571598717454009
0.3C dc.csv,0.3+0.7 1tau.csv,1.1983221968091866,70.49696325793884,70.175767743686,0.32119551425284953
0.3C dc.csv,0.3+0.7 1tau.csv,1.1999525671449813,70.59287622309718,70.20593977744636,0.386936445650818
0.3C dc.csv,0.3+0.7 1tau.csv,1.201582937480776,70.68878927722984,70.2351801245585,0.4536091526713477
0.3C dc.csv,0.3+0.7 1tau.csv,1.203213307816571,70.78470247693485,70.26402837476377,0.5206741021710855
0.3C dc.csv,0.3+0.7 1tau.csv,1.2048436781523657,70.8806154879445,70.29295040205635,0.5876650858881476
0.3C dc.csv,0.3+0.7 1tau.csv,1.2064740484881606,70.97652863541134,70.3225154573853,0.6540131780260481
0.3C dc.csv,0.3+0.7 1tau.csv,1.2081044188239554,71.07244169874093,70.35330301654146,0.7191386821994712
0.3C dc.csv,0.3+0.7 1tau.csv,1.20973478915975,71.16835516841138,70.38615178729927,0.7822033811121116
0.3C dc.csv,0.3+0.7 1tau.csv,1.211365159495545,71.2642688442064,70.42241288085584,0.8418559633505538
0.3C dc.csv,0.3+0.7 1tau.csv,1.2129955298313397,71.36018233565879,70.46488558151583,0.8952967541429615
0.3C dc.csv,0.3+0.7 1tau.csv,1.2146259001671347,71.4560963927976,70.52137709501945,0.9347192977781589
0.3C dc.csv,0.3+0.7 1tau.csv,1.2162562705029294,71.55201014286837,71.30446502493281,0.24754511793555878
0.3C dc.csv,0.3+0.7 1tau.csv,1.2178866408387243,71.64792369525001,71.33671535040888,0.311208344841134
0.3C dc.csv,0.3+0.7 1tau.csv,1.219517011174519,71.74383713341591,71.36713643078889,0.37670070262701927
0.3C dc.csv,0.3+0.7 1tau.csv,1.2211473815103138,71.83975058097374,71.39650376738331,0.4432468135904344
0.3C dc.csv,0.3+0.7 1tau.csv,1.2227777518461087,71.93566372434108,71.42537024807521,0.510293476265872
0.3C dc.csv,0.3+0.7 1tau.csv,1.2244081221819034,72.03157720463172,71.45426576873965,0.5773114358920708
0.3C dc.csv,0.3+0.7 1tau.csv,1.2260384925176984,72.12749108630342,71.48369147453911,0.6437996117643081
0.3C dc.csv,0.3+0.7 1tau.csv,1.227668862853493,72.22340536502213,71.51421573200501,0.7091896330171181
0.3C dc.csv,0.3+0.7 1tau.csv,1.229299233189288,72.31931903223972,71.54664934453189,0.7726696877078325
0.3C dc.csv,0.3+0.7 1tau.csv,1.2309296035250827,72.41523262604547,71.58229403778928,0.8329385882561837
0.3C dc.csv,0.3+0.7 1tau.csv,1.2325599738608775,72.51114607956464,71.62344646799372,0.8876996115709233
0.3C dc.csv,0.3+0.7 1tau.csv,1.2341903441966724,72.60705935523863,71.67643089324463,0.9306284619940044
0.3C dc.csv,0.3+0.7 1tau.csv,1.2358207145324671,72.702972700214,72.46504178219764,0.23793091801636024
0.3C dc.csv,0.3+0.7 1tau.csv,1.237451084868262,72.79888605243315,72.49768063552632,0.301205416906825
0.3C dc.csv,0.3+0.7 1tau.csv,1.2390814552040568,72.89479964343762,72.52834377768342,0.3664558657542045
0.3C dc.csv,0.3+0.7 1tau.csv,1.2407118255398517,72.99071318197696,72.55780971347069,0.43290346850626804
0.3C dc.csv,0.3+0.7 1tau.csv,1.2423421958756464,73.0866265688195,72.58671630882061,0.4999102599988845
0.3C dc.csv,0.3+0.7 1tau.csv,1.2439725662114411,73.18254022518256,72.61557758922434,0.5669626359582196
0.3C dc.csv,0.3+0.7 1tau.csv,1.245602936547236,73.27845416337695,72.64485794188631,0.6335962214906345
0.3C dc.csv,0.3+0.7 1tau.csv,1.2472333068830308,73.37436718020923,72.6751585922624,0.6992085879468277
0.3C dc.csv,0.3+0.7 1tau.csv,1.2488636772188257,73.47028035749683,72.7072453817493,0.7630349757475301
0.3C dc.csv,0.3+0.7 1tau.csv,1.2504940475546205,73.56619404523504,72.74220553557846,0.8239885096565729
0.3C dc.csv,0.3+0.7 1tau.csv,1.2521244178904154,73.66210784563044,72.78236434882466,0.8797434968057871
0.3C dc.csv,0.3+0.7 1tau.csv,1.2537547882262101,73.75802175931616,72.83281957315357,0.9252021861625934
0.3C dc.csv,0.3+0.7 1tau.csv,1.2553851585620048,73.85393595116429,72.92592027913541,0.9280156720288772
0.3C dc.csv,0.3+0.7 1tau.csv,1.2570155288977998,73.94984998820293,73.65861560293538,0.2912343852675434
0.3C dc.csv,0.3+0.7 1tau.csv,1.2586458992335945,74.04576383297588,73.68947802918743,0.3562858037884524
0.3C dc.csv,0.3+0.7 1tau.csv,1.2602762695693894,74.14167786308866,73.71908877806436,0.42258908502429904
0.3C dc.csv,0.3+0.7 1tau.csv,1.2619066399051841,74.23759177665626,73.74806326849549,0.48952850816077387
0.3C dc.csv,0.3+0.7 1tau.csv,1.2635370102409789,74.33350556830526,73.77688510189704,0.5566204664082193
0.3C dc.csv,0.3+0.7 1tau.csv,1.2651673805767738,74.42941906623625,73.80608800749711,0.6233310587391401
0.3C dc.csv,0.3+0.7 1tau.csv,1.2667977509125685,74.52533338064667,73.83621423066438,0.6891191499822895
0.3C dc.csv,0.3+0.7 1tau.csv,1.2684281212483635,74.62124785568079,73.867962418831,0.7532854368497937
0.3C dc.csv,0.3+0.7 1tau.csv,1.2700584915841582,74.71716168490443,73.90240963019383,0.8147520547105955
0.3C dc.csv,0.3+0.7 1tau.csv,1.2716888619199531,74.81307589751987,73.9413838723789,0.871692025140959
0.3C dc.csv,0.3+0.7 1tau.csv,1.2733192322557478,74.90899000946023,73.98956725561878,0.9194227538414452
0.3C dc.csv,0.3+0.7 1tau.csv,1.2749496025915426,75.004903907305,74.06726973498971,0.937634172315299
0.3C dc.csv,0.3+0.7 1tau.csv,1.2765799729273375,75.10081748228669,74.81941726790959,0.2814002143771006
0.3C dc.csv,0.3+0.7 1tau.csv,1.2782103432631322,75.19673155301298,74.85058700662276,0.34614454639022085
0.3C dc.csv,0.3+0.7 1tau.csv,1.2798407135989271,75.29264532283415,74.88037416891335,0.4122711539207984
0.3C dc.csv,0.3+0.7 1tau.csv,1.2814710839347219,75.38855890237247,74.90940890760571,0.47914999476675746
0.3C dc.csv,0.3+0.7 1tau.csv,1.2831014542705168,75.48447254193975,74.93822575228445,0.5462467896552994
0.3C dc.csv,0.3+0.7 1tau.csv,1.2847318246063115,75.58038664534975,74.96733864001574,0.6130480053340079
0.3C dc.csv,0.3+0.7 1tau.csv,1.2863621949421062,75.67630086771474,74.99725628542514,0.6790445822896061
0.3C dc.csv,0.3+0.7 1tau.csv,1.2879925652779012,75.7722149576037,75.0286576113768,0.7435573462268934
0.3C dc.csv,0.3+0.7 1tau.csv,1.289622935613696,75.8681290812345,75.06258088200164,0.8055481992328595
0.3C dc.csv,0.3+0.7 1tau.csv,1.2912533059494908,75.96404287656425,75.10078555454429,0.8632573220199617
0.3C dc.csv,0.3+0.7 1tau.csv,1.2928836762852856,76.05995635886568,75.14691117769108,0.9130451811745957
0.3C dc.csv,0.3+0.7 1tau.csv,1.2945140466210805,76.15586995508568,75.21562522948616,0.9402447255995128
0.3C dc.csv,0.3+0.7 1tau.csv,1.2961444169568752,76.25178319696792,75.98023959373981,0.27154360322811044
0.3C dc.csv,0.3+0.7 1tau.csv,1.29777478729267,76.34769692269299,76.01170910072341,0.33598782196958155
0.3C dc.csv,0.3+0.7 1tau.csv,1.2994051576284649,76.4436105324183,76.0416408316629,0.4019697007554015
0.3C dc.csv,0.3+0.7 1tau.csv,1.3010355279642596,76.53952420323431,76.07073865319379,0.468785550040522
0.3C dc.csv,0.3+0.7 1tau.csv,1.3026658983000545,76.63543789683685,76.09956643019179,0.5358714666450624
0.3C dc.csv,0.3+0.7 1tau.csv,1.3042962686358492,76.73135163748105,76.12858185911774,0.6027697783633101
0.3C dc.csv,0.3+0.7 1tau.csv,1.305926638971644,76.82726547062803,76.15832716505155,0.6689383055764893
0.3C dc.csv,0.3+0.7 1tau.csv,1.307557009307439,76.92317901083774,76.18948097573401,0.7336980351037283
0.3C dc.csv,0.3+0.7 1tau.csv,1.3091873796432336,77.01909268537807,76.22292250758433,0.7961701777937407
0.3C dc.csv,0.3+0.7 1tau.csv,1.3108177499790286,77.11500615294055,76.26013896864904,0.854867184291507
0.3C dc.csv,0.3+0.7 1tau.csv,1.3124481203148233,77.21091943018864,76.30474509796818,0.9061743322204592
0.3C dc.csv,0.3+0.7 1tau.csv,1.3140784906506182,77.30683311610981,76.36733970746414,0.9394934086456743
0.3C dc.csv,0.3+0.7 1tau.csv,1.315708860986413,77.40274664045336,77.14099098765621,0.26175565279714874
0.3C dc.csv,0.3+0.7 1tau.csv,1.3173392313222076,77.49865988058654,77.17274030060956,0.32591957997698273
0.3C dc.csv,0.3+0.7 1tau.csv,1.3189696016580026,77.59457301402206,77.20285979020717,0.3917132238148895
0.3C dc.csv,0.3+0.7 1tau.csv,1.3205999719937973,77.69048650743652,77.23207236774385,0.458414139692664
0.3C dc.csv,0.3+0.7 1tau.csv,1.3222303423295922,77.78640061902608,77.26090576823717,0.5254948507889168
0.3C dc.csv,0.3+0.7 1tau.csv,1.323860712665387,77.88231427515277,77.28986542253072,0.5924488526220415
0.3C dc.csv,0.3+0.7 1tau.csv,1.325491083001182,77.97822819139695,77.31948433295673,0.6587438584402179
0.3C dc.csv,0.3+0.7 1tau.csv,1.3271214533369766,78.07414244204664,77.35036050523178,0.7237819368148593
0.3C dc.csv,0.3+0.7 1tau.csv,1.3287518236727713,78.17005642914965,77.3833686615067,0.7866877676429596
0.3C dc.csv,0.3+0.7 1tau.csv,1.3303821940085663,78.26597034120944,77.41993447557701,0.8460358656324303
0.3C dc.csv,0.3+0.7 1tau.csv,1.332012564344361,78.36188420366865,77.46285840627547,0.899025797393179
0.3C dc.csv,0.3+0.7 1tau.csv,1.333642934680156,78.45779838807255,77.52090636141139,0.9368920266611553
0.3C dc.csv,0.3+0.7 1tau.csv,1.3352733050159507,78.55371289931104,78.30162286006107,0.2520900392499641
0.3C dc.csv,0.3+0.7 1tau.csv,1.3369036753517456,78.64962745129489,78.33374249282393,0.31588495847096
0.3C dc.csv,0.3+0.7 1tau.csv,1.3385340456875403,78.74554154686506,78.36408984866925,0.3814516981958036
0.3C dc.csv,0.3+0.7 1tau.csv,1.340164416023335,78.84145626332179,78.39341129198932,0.44804497133246457
0.3C dc.csv,0.3+0.7 1tau.csv,1.34179478635913,78.93737024133777,78.42225584738718,0.5151143939505971
0.3C dc.csv,0.3+0.7 1tau.csv,1.3434251566949247,79.03328470386305,78.45117191155954,0.582112792303505
0.3C dc.csv,0.3+0.7 1tau.csv,1.3450555270307196,79.12919906693686,78.4806331850643,0.6485658818725568
0.3C dc.csv,0.3+0.7 1tau.csv,1.3466858973665143,79.22511323202316,78.51122416974648,0.713889062276678
0.3C dc.csv,0.3+0.7 1tau.csv,1.3483162677023093,79.32102787276412,78.54378923571271,0.7772386370514113
0.3C dc.csv,0.3+0.7 1tau.csv,1.349946638038104,79.41694238191924,78.57970001528446,0.8372423666347828
0.3C dc.csv,0.3+0.7 1tau.csv,1.3515770083738987,79.51285691599384,78.62140897166384,0.8914479443299967
0.3C dc.csv,0.3+0.7 1tau.csv,1.3532073787096937,79.60877113264907,78.67560351666444,0.9331676159846296
0.3C dc.csv,0.3+0.7 1tau.csv,1.3548377490454884,79.70468536147249,79.46227564377183,0.242409717700653
0.3C dc.csv,0.3+0.7 1tau.csv,1.3564681193812833,79.8005991944688,79.49469540323696,0.30590379123184164
0.3C dc.csv,0.3+0.7 1tau.csv,1.358098489717078,79.89651285686574,79.52519529560274,0.3713175612629982
0.3C dc.csv,0.3+0.7 1tau.csv,1.3597288600528727,79.9924264734707,79.55458193436964,0.43784453910106436
0.3C dc.csv,0.3+0.7 1tau.csv,1.3613592303886677,80.0883405473162,79.58346951496945,0.5048710323467418
0.3C dc.csv,0.3+0.7 1tau.csv,1.3629896007244624,80.18425441312503,79.6123519188648,0.5719024942602289
0.3C dc.csv,0.3+0.7 1tau.csv,1.3646199710602573,80.28016791845333,79.64170365177802,0.6384642666753138
0.3C dc.csv,0.3+0.7 1tau.csv,1.366250341396052,80.37608161560603,79.67219161872003,0.7038899968859909
0.3C dc.csv,0.3+0.7 1tau.csv,1.367880711731847,80.47199568378444,79.7044848950171,0.7675107887673391
0.3C dc.csv,0.3+0.7 1tau.csv,1.3695110820676417,80.56790953839716,79.73987965396773,0.8280298844294265
0.3C dc.csv,0.3+0.7 1tau.csv,1.3711414524034364,80.66382320276436,79.78082311547627,0.8830000872880959
0.3C dc.csv,0.3+0.7 1tau.csv,1.3727718227392314,80.75973736586442,79.8332036462884,0.9265337195760281
0.3C dc.csv,0.3+0.7 1tau.csv,1.374402193075026,80.85565117729861,80.62289402130561,0.2327571559929993
0.3C dc.csv,0.3+0.7 1tau.csv,1.376032563410821,80.95156509127463,80.65562136679937,0.29594372447526496
0.3C dc.csv,0.3+0.7 1tau.csv,1.3776629337466157,81.04747908422902,80.68631469206916,0.3611643921598642
0.3C dc.csv,0.3+0.7 1tau.csv,1.3792933040824107,81.14339295863995,80.7158329873926,0.4275599712473479
0.3C dc.csv,0.3+0.7 1tau.csv,1.3809236744182054,81.23930709727439,80.74476773895321,0.4945393583211768
0.3C dc.csv,0.3+0.7 1tau.csv,1.3825540447540001,81.33522107784064,80.77360574529655,0.5616153325440933
0.3C dc.csv,0.3+0.7 1tau.csv,1.384184415089795,81.431135178843,80.80288672875066,0.6282484500923289
0.3C dc.csv,0.3+0.7 1tau.csv,1.3858147854255898,81.52704914849153,80.83315190564193,0.6938972428496015
0.3C dc.csv,0.3+0.7 1tau.csv,1.3874451557613847,81.62296325287902,80.8651365015063,0.7578267513727184
0.3C dc.csv,0.3+0.7 1tau.csv,1.3890755260971794,81.71887720599344,80.89998719922312,0.8188900067703173
0.3C dc.csv,0.3+0.7 1tau.csv,1.3907058964329744,81.81479129289222,80.93967435972435,0.8751169331678739
0.3C dc.csv,0.3+0.7 1tau.csv,1.392336266768769,81.91070574318879,80.98940740804309,0.9212983351456927
0.3C dc.csv,0.3+0.7 1tau.csv,1.3939666371045638,82.00662047831695,81.07695289321288,0.9296675851040703
0.3C dc.csv,0.3+0.7 1tau.csv,1.3955970074403587,82.10253544006501,81.81648033729593,0.2860551027690832
0.3C dc.csv,0.3+0.7 1tau.csv,1.3972273777761535,82.19845041483643,81.84745906892681,0.35099134590961967
0.3C dc.csv,0.3+0.7 1tau.csv,1.3988577481119484,82.29436545928041,81.87713545272454,0.4172300065558687
0.3C dc.csv,0.3+0.7 1tau.csv,1.4004881184477431,82.39027990552381,81.90611113875781,0.48416876676600396
0.3C dc.csv,0.3+0.7 1tau.csv,1.4021184887835378,82.48619440132853,81.93494141356864,0.5512529877598951
0.3C dc.csv,0.3+0.7 1tau.csv,1.4037488591193328,82.58210926573895,81.96411408520342,0.6179951805355302
0.3C dc.csv,0.3+0.7 1tau.csv,1.4053792294551275,82.67802428247532,81.99415139813962,0.6838728843356989
0.3C dc.csv,0.3+0.7 1tau.csv,1.4070095997909224,82.7739394467096,82.02576560521084,0.7481738414987689
0.3C dc.csv,0.3+0.7 1tau.csv,1.4086399701267172,82.86985436401199,82.06006074479254,0.8097936192194481
0.3C dc.csv,0.3+0.7 1tau.csv,1.410270340462512,82.96576895848695,82.09893236497878,0.8668365935081681
0.3C dc.csv,0.3+0.7 1tau.csv,1.4119007107983068,83.06168352913723,82.14647097642542,0.9152125527118073
0.3C dc.csv,0.3+0.7 1tau.csv,1.4135310811341015,83.15759839482487,82.22106122833958,0.9365371664852944
0.3C dc.csv,0.3+0.7 1tau.csv,1.4151614514698965,83.25351339889701,82.97735499631088,0.2761584025861339
0.3C dc.csv,0.3+0.7 1tau.csv,1.4167918218056912,83.34942845625112,83.00861169250766,0.3408167637434616
0.3C dc.csv,0.3+0.7 1tau.csv,1.4184221921414861,83.4453437555817,83.0383962484207,0.40694750716100714
0.3C dc.csv,0.3+0.7 1tau.csv,1.4200525624772808,83.54125889284906,83.06744575797343,0.47381313487562693
0.3C dc.csv,0.3+0.7 1tau.csv,1.4216829328130758,83.63717356778889,83.09627078215699,0.5409027856319
0.3C dc.csv,0.3+0.7 1tau.csv,1.4233133031488705,83.73308888714509,83.12532918959386,0.6077596975512307
0.3C dc.csv,0.3+0.7 1tau.csv,1.4249436734846652,83.82900387878975,83.15521724480772,0.6737866339820329
0.3C dc.csv,0.3+0.7 1tau.csv,1.4265740438204602,83.92491899780399,83.18657497449476,0.7383440233092244
0.3C dc.csv,0.3+0.7 1tau.csv,1.4282044141562549,84.02083370449367,83.22035624970793,0.8004774547857352
0.3C dc.csv,0.3+0.7 1tau.csv,1.4298347844920498,84.11674830544239,83.25814547915117,0.858602826291218
0.3C dc.csv,0.3+0.7 1tau.csv,1.4314651548278445,84.21266268290216,83.3039327369667,0.9087299459354625
0.3C dc.csv,0.3+0.7 1tau.csv,1.4330955251636395,84.30857704244453,83.37063908243898,0.9379379600055415
0.3C dc.csv,0.3+0.7 1tau.csv,1.4347258954994342,84.40449167581781,84.13811421911929,0.2663774566985211
0.3C dc.csv,0.3+0.7 1tau.csv,1.436356265835229,84.5004064805811,84.1696420225998,0.33076445798130294
0.3C dc.csv,0.3+0.7 1tau.csv,1.4379866361710238,84.59632149779591,84.19963518317668,0.396686314619231
0.3C dc.csv,0.3+0.7 1tau.csv,1.4396170065068186,84.69223634995734,84.22878258066542,0.46345376929191673
0.3C dc.csv,0.3+0.7 1tau.csv,1.4412473768426135,84.78815051042108,84.25759991522703,0.5305505951940432
0.3C dc.csv,0.3+0.7 1tau.csv,1.4428777471784082,84.884065059118,84.28661330674949,0.5974517523685137
0.3C dc.csv,0.3+0.7 1tau.csv,1.4445081175142032,84.97997886807622,84.3163370856365,0.6636417824397114
0.3C dc.csv,0.3+0.7 1tau.csv,1.4461384878499979,85.07589286261755,84.34739543362232,0.728497428995226
0.3C dc.csv,0.3+0.7 1tau.csv,1.4477688581857926,85.17180627182299,84.38071513026449,0.7910911415584962
0.3C dc.csv,0.3+0.7 1tau.csv,1.4493992285215875,85.2677198203822,84.41782387743802,0.8498959429441726
0.3C dc.csv,0.3+0.7 1tau.csv,1.4510295988573823,85.36363344051092,84.46181020535275,0.9018232351581759
0.3C dc.csv,0.3+0.7 1tau.csv,1.4526599691931772,85.45954686674237,84.52283047747663,0.9367163892657402
0.3C dc.csv,0.3+0.7 1tau.csv,1.454290339528972,85.55546037092834,85.29880530923485,0.2566550616934933
0.3C dc.csv,0.3+0.7 1tau.csv,1.4559207098647666,85.65137353847084,85.3306806281648,0.3206929103060361
0.3C dc.csv,0.3+0.7 1tau.csv,1.4575510802005616,85.74728645423289,85.36088283507594,0.3864036191569511
0.3C dc.csv,0.3+0.7 1tau.csv,1.4591814505363563,85.84319974283375,85.39011096019243,0.45308878264131636
0.3C dc.csv,0.3+0.7 1tau.csv,1.4608118208721512,85.93911265482711,85.4189453199951,0.5201673348320099
0.3C dc.csv,0.3+0.7 1tau.csv,1.462442191207946,86.03502555634205,85.44789648267421,0.587129073667839
0.3C dc.csv,0.3+0.7 1tau.csv,1.4640725615437409,86.13093859448067,85.47744461998964,0.6534939744910275
0.3C dc.csv,0.3+0.7 1tau.csv,1.4657029318795356,86.22685145511286,85.5082009798717,0.7186504752411622
0.3C dc.csv,0.3+0.7 1tau.csv,1.4673333022153303,86.32276472708647,85.54107422311255,0.7816905039739197
0.3C dc.csv,0.3+0.7 1tau.csv,1.4689636725511253,86.41867808478457,85.57745920992735,0.8412188748572191
0.3C dc.csv,0.3+0.7 1tau.csv,1.47059404288692,86.51459095916604,85.62010317888371,0.8944877802823328
0.3C dc.csv,0.3+0.7 1tau.csv,1.472224413222715,86.61050455088179,85.67683199653672,0.9336725543450655
0.3C dc.csv,0.3+0.7 1tau.csv,1.4738547835585096,86.70641862006478,86.45951998191492,0.24689863814985813
0.3C dc.csv,0.3+0.7 1tau.csv,1.4754851538943046,86.80233242653411,86.49173454957791,0.31059787695619434
0.3C dc.csv,0.3+0.7 1tau.csv,1.4771155242300993,86.89824634616961,86.52208610479403,0.3761602413755867
0.3C dc.csv,0.3+0.7 1tau.csv,1.478745894565894,86.99416021523167,86.55141747874858,0.4427427364830976
0.3C dc.csv,0.3+0.7 1tau.csv,1.480376264901689,87.09007426141105,86.5802919549313,0.5097823064797495
0.3C dc.csv,0.3+0.7 1tau.csv,1.4820066352374837,87.18598770200413,86.60917537027032,0.5768123317338052
0.3C dc.csv,0.3+0.7 1tau.csv,1.4836370055732786,87.2819013625177,86.6386092142745,0.643292148243205
0.3C dc.csv,0.3+0.7 1tau.csv,1.4852673759090733,87.37781501573174,86.66918302722475,0.708631988506994
0.3C dc.csv,0.3+0.7 1tau.csv,1.4868977462448683,87.47372894448841,86.70167714040578,0.7720518040826363
0.3C dc.csv,0.3+0.7 1tau.csv,1.488528116580663,87.56964295947114,86.737341795413,0.832301164058137
0.3C dc.csv,0.3+0.7 1tau.csv,1.4901584869164577,87.665557060605,86.77865091044262,0.8869061501623747
0.3C dc.csv,0.3+0.7 1tau.csv,1.4917888572522526,87.76147124928622,86.83220401447485,0.9292672348113626
0.3C dc.csv,0.3+0.7 1tau.csv,1.4934192275880473,87.85738535598053,87.62004601566235,0.23733934031817228
0.3C dc.csv,0.3+0.7 1tau.csv,1.4950495979238423,87.95329851023398,87.65263399371004,0.30066451652393766
0.3C dc.csv,0.3+0.7 1tau.csv,1.496679968259637,88.04921173463798,87.68325425249812,0.3659574821398621
0.3C dc.csv,0.3+0.7 1tau.csv,1.4983103385954317,88.14512456835807,87.71273129711889,0.43239327123917803
0.3C dc.csv,0.3+0.7 1tau.csv,1.4999407089312267,88.24103752795294,87.7416403082585,0.49939721969444406
0.3C dc.csv,0.3+0.7 1tau.csv,1.5015710792670214,88.33695067520834,87.77049748082106,0.5664531943872788
0.3C dc.csv,0.3+0.7 1tau.csv,1.5032014496028163,88.43286411739354,87.79981905881944,0.6330450585740977
0.3C dc.csv,0.3+0.7 1tau.csv,1.504831819938611,88.52877768712077,87.83015132793328,0.698626359187486
0.3C dc.csv,0.3+0.7 1tau.csv,1.506462190274406,88.62469162552499,87.86225757373607,0.7624340517889152
0.3C dc.csv,0.3+0.7 1tau.csv,1.5080925606102007,88.72060523753893,87.89734326951324,0.8232619680256903
0.3C dc.csv,0.3+0.7 1tau.csv,1.5097229309459954,88.81651877826047,87.93750497624761,0.8790138020128637
0.3C dc.csv,0.3+0.7 1tau.csv,1.5113533012817904,88.91243309905178,87.98817932777509,0.9242537712766961
0.3C dc.csv,0.3+0.7 1tau.csv,1.512983671617585,89.00834717587323,88.08491485593576,0.9234323199374614
0.3C dc.csv,0.3+0.7 1tau.csv,1.51461404195338,89.1042614304944,88.81354689294774,0.29071453754666265
0.3C dc.csv,0.3+0.7 1tau.csv,1.5162444122891747,89.20017550635392,88.84443094029945,0.3557445660544687
0.3C dc.csv,0.3+0.7 1tau.csv,1.5178747826249697,89.29609000555796,88.8740360336911,0.422053971866859
0.3C dc.csv,0.3+0.7 1tau.csv,1.5195051529607644,89.39200419582639,88.90298191079094,0.4890222850354462
0.3C dc.csv,0.3+0.7 1tau.csv,1.521135523296559,89.48791810930169,88.9318224391252,0.5560956701764894
0.3C dc.csv,0.3+0.7 1tau.csv,1.522765893632354,89.58383226151588,88.9610176959552,0.6228145655606738
0.3C dc.csv,0.3+0.7 1tau.csv,1.5243962639681488,89.67974618516351,88.99111746030566,0.6886287248578498
0.3C dc.csv,0.3+0.7 1tau.csv,1.5260266343039437,89.77566044793373,89.02290078267734,0.7527596652563915
0.3C dc.csv,0.3+0.7 1tau.csv,1.5276570046397384,89.87157479846468,89.05736221743958,0.8142125810251031
0.3C dc.csv,0.3+0.7 1tau.csv,1.5292873749755334,89.96748867875709,89.0965991564432,0.8708895223138882
0.3C dc.csv,0.3+0.7 1tau.csv,1.530917745311328,90.06340279187182,89.14491977486202,0.9184830170098053
0.3C dc.csv,0.3+0.7 1tau.csv,1.5325481156471228,90.15931666832796,89.22346459967385,0.9358520686541141
0.3C dc.csv,0.3+0.7 1tau.csv,1.5341784859829177,90.25523067095604,89.97445645122659,0.2807742197294516
0.3C dc.csv,0.3+0.7 1tau.csv,1.5358088563187124,90.35114456243103,90.00555191136657,0.34559265106446446
0.3C dc.csv,0.3+0.7 1tau.csv,1.5374392266545074,90.44705914878269,90.03529240280115,0.41176674598153795
0.3C dc.csv,0.3+0.7 1tau.csv,1.539069596990302,90.5429732257849,90.06432401822528,0.47864920755962714
0.3C dc.csv,0.3+0.7 1tau.csv,1.540699967326097,90.63888749288886,90.0931423736656,0.5457451192232554
0.3C dc.csv,0.3+0.7 1tau.csv,1.5423303376618918,90.73480165499436,90.1222517941798,0.6125498608145534
0.3C dc.csv,0.3+0.7 1tau.csv,1.5439607079976865,90.83071540590201,90.15221317541541,0.6785022304866004
0.3C dc.csv,0.3+0.7 1tau.csv,1.5455910783334814,90.92662912190595,90.18368179419424,0.742947327711704
0.3C dc.csv,0.3+0.7 1tau.csv,1.5472214486692761,91.02254285674111,90.21766168977288,0.8048811669682294
0.3C dc.csv,0.3+0.7 1tau.csv,1.548851819005071,91.11845704181006,90.25583195752507,0.8626250842849856
0.3C dc.csv,0.3+0.7 1tau.csv,1.5504821893408658,91.21437137251516,90.30227962955725,0.9120917429579123
0.3C dc.csv,0.3+0.7 1tau.csv,1.5521125596766605,91.3102851014131,90.37159240985584,0.9386926915572644
0.3C dc.csv,0.3+0.7 1tau.csv,1.5537429300124554,91.40619930395967,91.13519105860586,0.27100824535381207
0.3C dc.csv,0.3+0.7 1tau.csv,1.5553733003482502,91.50211385848606,91.16661754826563,0.3354963102204209
0.3C dc.csv,0.3+0.7 1tau.csv,1.557003670684045,91.59802804192776,91.19655395002364,0.4014740919041202
0.3C dc.csv,0.3+0.7 1tau.csv,1.5586340410198398,91.69394219055629,91.22566599947172,0.46827619108456986
0.3C dc.csv,0.3+0.7 1tau.csv,1.5602644113556348,91.7898561509023,91.25447791462643,0.5353782362758608
0.3C dc.csv,0.3+0.7 1tau.csv,1.5618947816914295,91.88577065444143,91.28352122755716,0.6022494268842706
0.3C dc.csv,0.3+0.7 1tau.csv,1.5635251520272242,91.9816845999938,91.31329388842585,0.6683907115679517
0.3C dc.csv,0.3+0.7 1tau.csv,1.5651555223630191,92.0775992780733,91.3444401647768,0.7331591132964945
0.3C dc.csv,0.3+0.7 1tau.csv,1.5667858926988139,92.17351367440433,91.37792838519704,0.7955852892072954
0.3C dc.csv,0.3+0.7 1tau.csv,1.5684162630346088,92.26942785863538,91.41537498839124,0.8540528702441463
0.3C dc.csv,0.3+0.7 1tau.csv,1.5700466333704035,92.36534255682928,91.45989891109585,0.9054436457334276
0.3C dc.csv,0.3+0.7 1tau.csv,1.5716770037061984,92.46125730603197,91.52293747630475,0.9383198297272202
0.3C dc.csv,0.3+0.7 1tau.csv,1.5733073740419932,92.55717188424757,92.2959454828571,0.2612264013904593
0.3C dc.csv,0.3+0.7 1tau.csv,1.5749377443777879,92.653086732924,92.3276951466645,0.3253915862594994
0.3C dc.csv,0.3+0.7 1tau.csv,1.5765681147135828,92.7490020729428,92.3578121468305,0.39118992611230397
0.3C dc.csv,0.3+0.7 1tau.csv,1.5781984850493775,92.84491785247609,92.38698198307256,0.4579358694035278
0.3C dc.csv,0.3+0.7 1tau.csv,1.5798288553851725,92.94083314150843,92.41581860639926,0.5250145351091788
0.3C dc.csv,0.3+0.7 1tau.csv,1.5814592257209672,93.03674823305896,92.4447823683392,0.5919658647197537
0.3C dc.csv,0.3+0.7 1tau.csv,1.5830895960567621,93.13266348924472,92.47437482953694,0.6582886597077788
0.3C dc.csv,0.3+0.7 1tau.csv,1.5847199663925569,93.22857862007108,92.50528800123682,0.7232906188342554
0.3C dc.csv,0.3+0.7 1tau.csv,1.5863503367283516,93.3244936442522,92.53833422920901,0.786159415043187
0.3C dc.csv,0.3+0.7 1tau.csv,1.5879807070641465,93.42040909825617,92.57487875519327,0.8455303430629044
0.3C dc.csv,0.3+0.7 1tau.csv,1.5896110773999412,93.51632443986134,92.61815392733183,0.8981705125295036
0.3C dc.csv,0.3+0.7 1tau.csv,1.5912414477357362,93.61223946886928,92.67633584595585,0.935903622913429
0.3C dc.csv,0.3+0.7 1tau.csv,1.5928718180715309,93.70815440107945,93.45665099105814,0.25150341002131427
0.3C dc.csv,0.3+0.7 1tau.csv,1.5945021884073258,93.80406903013177,93.48870147691366,0.3153675532181097
0.3C dc.csv,0.3+0.7 1tau.csv,1.5961325587431205,93.89998387197616,93.51899533705351,0.3809885349226505
0.3C dc.csv,0.3+0.7 1tau.csv,1.5977629290789153,93.99589926252808,93.54829846630548,0.44760079622260207
0.3C dc.csv,0.3+0.7 1tau.csv,1.5993932994147102,94.09181492493448,93.57715803715008,0.5146568877843976
0.3C dc.csv,0.3+0.7 1tau.csv,1.601023669750505,94.18773035146003,93.60606374112045,0.5816666103395818
0.3C dc.csv,0.3+0.7 1tau.csv,1.6026540400862999,94.28364510538711,93.63555918756876,0.6480859178183493
0.3C dc.csv,0.3+0.7 1tau.csv,1.6042844104220946,94.37956000377108,93.66621672630934,0.7133432774617319
0.3C dc.csv,0.3+0.7 1tau.csv,1.6059147807578893,94.47547486750068,93.69885723335535,0.7766176341453246
0.3C dc.csv,0.3+0.7 1tau.csv,1.6075451510936842,94.57138933385244,93.73479834857221,0.8365909852802247
0.3C dc.csv,0.3+0.7 1tau.csv,1.609175521429479,94.66730385479343,93.77648651149299,0.8908173433004407
0.3C dc.csv,0.3+0.7 1tau.csv,1.610805891765274,94.76321795634206,93.83131907631672,0.9318988800253436
0.3C dc.csv,0.3+0.7 1tau.csv,1.6124362621010686,94.85913207319159,94.61719680301343,0.24193527017816052
0.3C dc.csv,0.3+0.7 1tau.csv,1.6140666324368635,94.95504698753396,94.64964513185012,0.30540185568384004
0.3C dc.csv,0.3+0.7 1tau.csv,1.6156970027726583,95.05096146845746,94.68018842361762,0.37077304483983653
0.3C dc.csv,0.3+0.7 1tau.csv,1.617327373108453,95.1468758556344,94.70961883531754,0.43725702031686353
0.3C dc.csv,0.3+0.7 1tau.csv,1.618957743444248,95.24279022056335,94.73849812191482,0.5042920986485342
0.3C dc.csv,0.3+0.7 1tau.csv,1.6205881137800426,95.33870437674939,94.76737640815757,0.5713279685918167
0.3C dc.csv,0.3+0.7 1tau.csv,1.6222184841158376,95.43461866727978,94.79673286824716,0.6378857990326168
0.3C dc.csv,0.3+0.7 1tau.csv,1.6238488544516323,95.53053276859593,94.82712733217943,0.703405436416503
0.3C dc.csv,0.3+0.7 1tau.csv,1.6254792247874272,95.62644741919677,94.85935267068905,0.7670947485077164
0.3C dc.csv,0.3+0.7 1tau.csv,1.627109595123222,95.722362088446,94.89467727445664,0.8276848139893644
0.3C dc.csv,0.3+0.7 1tau.csv,1.6287399654590167,95.81827679383521,94.93533446528345,0.8829423285517635
0.3C dc.csv,0.3+0.7 1tau.csv,1.6303703357948116,95.91419118865986,94.98702001958775,0.9271711690721105
0.3C dc.csv,0.3+0.7 1tau.csv,1.6320007061306063,96.01010521270038,95.10218772465815,0.90791748804223
0.3C dc.csv,0.3+0.7 1tau.csv,1.6336310764664013,96.10601943453837,95.81060568238527,0.2954137521530953
0.3C dc.csv,0.3+0.7 1tau.csv,1.635261446802196,96.20193415035078,95.84138545026067,0.3605487000901064
0.3C dc.csv,0.3+0.7 1tau.csv,1.636891817137991,96.29784876948167,95.87090112311505,0.42694764636662796
0.3C dc.csv,0.3+0.7 1tau.csv,1.6385221874737856,96.39376335107309,95.89984075912122,0.49392259195187194
0.3C dc.csv,0.3+0.7 1tau.csv,1.6401525578095804,96.48967834126495,95.92868499369949,0.5609933475654572
0.3C dc.csv,0.3+0.7 1tau.csv,1.6417829281453753,96.58559306730248,95.9579040931194,0.6276889741830871
0.3C dc.csv,0.3+0.7 1tau.csv,1.64341329848117,96.6815080200662,95.98812974697806,0.6933782730881433
0.3C dc.csv,0.3+0.7 1tau.csv,1.645043668816965,96.77742301398163,96.02004424715616,0.7573787668254681
0.3C dc.csv,0.3+0.7 1tau.csv,1.6466740391527597,96.87333750616207,96.05473725475225,0.8186002514098192
0.3C dc.csv,0.3+0.7 1tau.csv,1.6483044094885544,96.9692522331441,96.09424992059289,0.8750023125512172
0.3C dc.csv,0.3+0.7 1tau.csv,1.6499347798243493,97.06516674359807,96.14340601113662,0.9217607324614505
0.3C dc.csv,0.3+0.7 1tau.csv,1.651565150160144,97.1610812387259,96.22720037157282,0.9338808671530785
0.3C dc.csv,0.3+0.7 1tau.csv,1.653195520495939,97.25699629558015,96.9714633034819,0.2855329920982541
0.3C dc.csv,0.3+0.7 1tau.csv,1.6548258908317337,97.35291106731981,97.00247811358233,0.3504329537374815
0.3C dc.csv,0.3+0.7 1tau.csv,1.6564562611675286,97.44882597486057,97.03217618311558,0.4166497917449874
0.3C dc.csv,0.3+0.7 1tau.csv,1.6580866315033234,97.5447408160718,97.06118402807225,0.4835567879995466
0.3C dc.csv,0.3+0.7 1tau.csv,1.659717001839118,97.64065513605912,97.09000049274043,0.5506546433186941
0.3C dc.csv,0.3+0.7 1tau.csv,1.661347372174913,97.7365692892422,97.1191581938604,0.6174110953817973
0.3C dc.csv,0.3+0.7 1tau.csv,1.6629777425107077,97.83248353159847,97.14918169527414,0.6833018363243326
0.3C dc.csv,0.3+0.7 1tau.csv,1.6646081128465027,97.92839798270536,97.18075763705514,0.7476403456502254
0.3C dc.csv,0.3+0.7 1tau.csv,1.6662384831822974,98.02431254682973,97.21493745242535,0.8093750944043876
0.3C dc.csv,0.3+0.7 1tau.csv,1.6678688535180923,98.12022680155614,97.25350146202408,0.8667253395320671
0.3C dc.csv,0.3+0.7 1tau.csv,1.669499223853887,98.21614125603513,97.30064614882689,0.915495107208244
0.3C dc.csv,0.3+0.7 1tau.csv,1.6711295941896818,98.31205549688191,97.37292581061014,0.9391296862717695
0.3C dc.csv,0.3+0.7 1tau.csv,1.6727599645254767,98.40796951967778,98.1322576871654,0.2757118325123713
0.3C dc.csv,0.3+0.7 1tau.csv,1.6743903348612714,98.50388400734977,98.16358042286656,0.34030358448320897
0.3C dc.csv,0.3+0.7 1tau.csv,1.6760207051970664,98.59979863862446,98.19345513379635,0.406343504828115
0.3C dc.csv,0.3+0.7 1tau.csv,1.677651075532861,98.69571366292779,98.22251540321523,0.4731982597125608
0.3C dc.csv,0.3+0.7 1tau.csv,1.679281445868656,98.79162861303973,98.2513362244953,0.5402923885444295
0.3C dc.csv,0.3+0.7 1tau.csv,1.6809118162044507,98.88754329490331,98.28040255610249,0.6071407388008225
0.3C dc.csv,0.3+0.7 1tau.csv,1.6825421865402455,98.98345741020016,98.31021748485101,0.6732399253491508
0.3C dc.csv,0.3+0.7 1tau.csv,1.6841725568760404,99.07937133106417,98.341454504403,0.7379168266611629
0.3C dc.csv,0.3+0.7 1tau.csv,1.6858029272118351,99.17528591888012,98.3751018496038,0.8001840692763267
0.3C dc.csv,0.3+0.7 1tau.csv,1.68743329754763,99.27120077942739,98.41289545995383,0.8583053194735584
0.3C dc.csv,0.3+0.7 1tau.csv,1.6890636678834248,99.36711550735973,98.45801555972483,0.9090999476348998
0.3C dc.csv,0.3+0.7 1tau.csv,1.6906940382192197,99.46303023540763,98.52325652080171,0.93977371460592
0.3C dc.csv,0.3+0.7 1tau.csv,1.6923244085550144,99.5589445373419,99.29307096141376,0.26587357592813987
0.3C dc.csv,0.3+0.7 1tau.csv,1.6939547788908091,99.65485843441667,99.32468580718879,0.3301726272278813
0.3C dc.csv,0.3+0.7 1tau.csv,1.695585149226604,99.75077249168399,99.3546843929137,0.39608809877029216
0.3C dc.csv,0.3+0.7 1tau.csv,1.6972155195623988,99.84668666432412,99.38383784060635,0.4628488237177777
0.3C dc.csv,0.3+0.7 1tau.csv,1.6988458898981937,99.9426011430526,99.41267011414895,0.529931028903647
0.3C dc.csv,0.3+0.7 1tau.csv,1.7004762602339885,100.03851580685532,99.4416396877419,0.5968761191134178
0.3C dc.csv,0.3+0.7 1tau.csv,1.7021066305697832,100.13443051508239,99.47133243373811,0.6630980813442733
0.3C dc.csv,0.3+0.7 1tau.csv,1.7037370009055781,100.23034557132799,99.50234508734925,0.7280004839787324
0.3C dc.csv,0.3+0.7 1tau.csv,1.7053673712413728,100.32626041511246,99.53556306443083,0.7906973506816257
0.3C dc.csv,0.3+0.7 1tau.csv,1.7069977415771678,100.42217524488575,99.57242737366037,0.8497478712253752
0.3C dc.csv,0.3+0.7 1tau.csv,1.7086281119129625,100.51808984025251,99.61619699747482,0.9018928427776984
0.3C dc.csv,0.3+0.7 1tau.csv,1.7102584822487574,100.61400405755427,99.67598537138726,0.9380186861670126
0.3C dc.csv,0.3+0.7 1tau.csv,1.7118888525845521,100.70991899081942,100.4537261617595,0.2561928290599127
0.3C dc.csv,0.3+0.7 1tau.csv,1.7135192229203469,100.80583375720583,100.48566355945174,0.32017019775409494
0.3C dc.csv,0.3+0.7 1tau.csv,1.7151495932561418,100.9017480288235,100.51589774179394,0.38585028702956947
0.3C dc.csv,0.3+0.7 1tau.csv,1.7167799635919365,100.99766261837436,100.5451664826173,0.45249613575705894
0.3C dc.csv,0.3+0.7 1tau.csv,1.7184103339277315,101.09357732801715,100.5740066628824,0.5195706651347507
0.3C dc.csv,0.3+0.7 1tau.csv,1.7200407042635262,101.18949234022885,100.60294381790034,0.5865485223285134
0.3C dc.csv,0.3+0.7 1tau.csv,1.7216710745993211,101.28540718167095,100.63248489368816,0.6529222879827898
0.3C dc.csv,0.3+0.7 1tau.csv,1.7233014449351158,101.38132181224437,100.6632199962407,0.7181018160036672
0.3C dc.csv,0.3+0.7 1tau.csv,1.7249318152709106,101.47723652574679,100.696004460326,0.7812320654207952
0.3C dc.csv,0.3+0.7 1tau.csv,1.7265621856067055,101.57315128964635,100.73222707808102,0.8409242115653228
0.3C dc.csv,0.3+0.7 1tau.csv,1.7281925559425002,101.66906565631537,100.77436546645711,0.8947001898582556
0.3C dc.csv,0.3+0.7 1tau.csv,1.7298229262782951,101.76498024540089,100.83052819125038,0.9344520541505119
0.3C dc.csv,0.3+0.7 1tau.csv,1.7314532966140899,101.86089490682461,101.6143470204952,0.2465478863294095
0.3C dc.csv,0.3+0.7 1tau.csv,1.7330836669498848,101.956809244105,101.64665604907258,0.3101531950324272
0.3C dc.csv,0.3+0.7 1tau.csv,1.7347140372856795,102.05272368621304,101.67711896555954,0.3756047206534987
0.3C dc.csv,0.3+0.7 1tau.csv,1.7363444076214742,102.1486385033031,101.70648056748689,0.442157935816212
0.3C dc.csv,0.3+0.7 1tau.csv,1.7379747779572692,102.24455324928732,101.73535063051743,0.5092026187698906
0.3C dc.csv,0.3+0.7 1tau.csv,1.739605148293064,102.3404683438369,101.76424230414871,0.5762260396881942
0.3C dc.csv,0.3+0.7 1tau.csv,1.7412355186288588,102.43638312131465,101.79362564722209,0.6427574740925621
0.3C dc.csv,0.3+0.7 1tau.csv,1.7428658889646536,102.53229753007237,101.82410478000224,0.7081927500701255
0.3C dc.csv,0.3+0.7 1tau.csv,1.7444962593004483,102.62821173403346,101.85650239789722,0.7717093361362402
0.3C dc.csv,0.3+0.7 1tau.csv,1.7461266296362432,102.72412603974023,101.89198399334607,0.8321420463941536
0.3C dc.csv,0.3+0.7 1tau.csv,1.747756999972038,102.82003998136649,101.93315907300254,0.8868809083639491
0.3C dc.csv,0.3+0.7 1tau.csv,1.7493873703078329,102.91595433601455,101.98593427139818,0.9300200646163717
0.3C dc.csv,0.3+0.7 1tau.csv,1.7510177406436276,103.01186886430575,102.77499431047511,0.2368745538306456
0.3C dc.csv,0.3+0.7 1tau.csv,1.7526481109794225,103.10778368788901,102.80764410377252,0.30013958411649355
0.3C dc.csv,0.3+0.7 1tau.csv,1.7542784813152172,103.20369846187178,102.83828292599397,0.3654155358778155
0.3C dc.csv,0.3+0.7 1tau.csv,1.755908851651012,103.2996128120888,102.86777019510014,0.43184261698866067
0.3C dc.csv,0.3+0.7 1tau.csv,1.757539221986807,103.39552732733466,102.89669718620898,0.4988301411256799
0.3C dc.csv,0.3+0.7 1tau.csv,1.7591695923226016,103.49144200150444,102.92553827914608,0.5659037223583567
0.3C dc.csv,0.3+0.7 1tau.csv,1.7607999626583966,103.58735647389342,102.9548287275629,0.6325277463305241
0.3C dc.csv,0.3+0.7 1tau.csv,1.7624303329941913,103.68327078382404,102.9851304171206,0.6981403667034414
0.3C dc.csv,0.3+0.7 1tau.csv,1.7640607033299862,103.7791852167277,103.01717299537343,0.7620122213542686
0.3C dc.csv,0.3+0.7 1tau.csv,1.765691073665781,103.87509967092541,103.0521009074828,0.8229987634426124
0.3C dc.csv,0.3+0.7 1tau.csv,1.7673214440015756,103.97101374397793,103.09189334425422,0.8791203997237176
0.3C dc.csv,0.3+0.7 1tau.csv,1.7689518143373706,104.06692818568808,103.14194958084812,0.9249786048399642
0.3C dc.csv,0.3+0.7 1tau.csv,1.7705821846731653,104.16284305251659,103.23307987970809,0.9297631728085065
0.3C dc.csv,0.3+0.7 1tau.csv,1.7722125550089602,104.25875797798128,103.96848592081966,0.29027205716161575
0.3C dc.csv,0.3+0.7 1tau.csv,1.773842925344755,104.35467297786664,103.999416935771,0.35525604209564676
0.3C dc.csv,0.3+0.7 1tau.csv,1.77547329568055,104.4505881144138,104.02906761436607,0.421520500047734
0.3C dc.csv,0.3+0.7 1tau.csv,1.7771036660163446,104.54650276808215,104.05804490662058,0.4884578614615691
0.3C dc.csv,0.3+0.7 1tau.csv,1.7787340363521393,104.64241703836046,104.08687161767442,0.5555454206860446
0.3C dc.csv,0.3+0.7 1tau.csv,1.7803644066879343,104.73833144794989,104.11606351629594,0.6222679316539512
0.3C dc.csv,0.3+0.7 1tau.csv,1.781994777023729,104.83424547750816,104.14614351805217,0.6881019594559916
0.3C dc.csv,0.3+0.7 1tau.csv,1.783625147359524,104.93015990712598,104.17782321160472,0.7523366955212651
0.3C dc.csv,0.3+0.7 1tau.csv,1.7852555176953186,105.02607428881862,104.21220562003614,0.8138686687824759
0.3C dc.csv,0.3+0.7 1tau.csv,1.7868858880311136,105.1219888542014,104.25117945929694,0.8708093949044695
0.3C dc.csv,0.3+0.7 1tau.csv,1.7885162583669083,105.2179034260162,104.29907012906274,0.9188332969534656
0.3C dc.csv,0.3+0.7 1tau.csv,1.790146628702703,105.31381775043958,104.37478038710631,0.93903736333327
0.3C dc.csv,0.3+0.7 1tau.csv,1.791776999038498,105.40973245837326,105.12934209480646,0.28039036356679503
0.3C dc.csv,0.3+0.7 1tau.csv,1.7934073693742927,105.50564748454188,105.16055787375272,0.34508961078915945
0.3C dc.csv,0.3+0.7 1tau.csv,1.7950377397100876,105.60156220743406,105.19034788558182,0.41121432185224194
0.3C dc.csv,0.3+0.7 1tau.csv,1.7966681100458823,105.69747697027121,105.2193756080021,0.4781013622691148
0.3C dc.csv,0.3+0.7 1tau.csv,1.798298480381677,105.79339203093392,105.2482019354043,0.5451900955296196
0.3C dc.csv,0.3+0.7 1tau.csv,1.799928850717472,105.88930724310781,105.27728470229312,0.6120225408146922
0.3C dc.csv,0.3+0.7 1tau.csv,1.8015592210532667,105.98522236769173,105.30716725045082,0.6780551172409162
0.3C dc.csv,0.3+0.7 1tau.csv,1.8031895913890617,106.08113708313135,105.33856902191461,0.742568061216744
0.3C dc.csv,0.3+0.7 1tau.csv,1.8048199617248564,106.17705193473921,105.37241332230201,0.804638612437202
0.3C dc.csv,0.3+0.7 1tau.csv,1.8064503320606513,106.27296645220484,105.41042350618171,0.862542946023126
0.3C dc.csv,0.3+0.7 1tau.csv,1.808080702396446,106.36888067604585,105.45633956280793,0.9125411132379213
0.3C dc.csv,0.3+0.7 1tau.csv,1.8097110727322407,106.46479487675911,105.52390853694018,0.9408863398189311
0.3C dc.csv,0.3+0.7 1tau.csv,1.8113414430680357,106.5607093601569,106.2901575312499,0.2705518289070028
0.3C dc.csv,0.3+0.7 1tau.csv,1.8129718134038304,106.65662352394095,106.32162274144424,0.3350007824967065
0.3C dc.csv,0.3+0.7 1tau.csv,1.8146021837396253,106.75253752867587,106.35157626689481,0.40096126178106317
0.3C dc.csv,0.3+0.7 1tau.csv,1.81623255407542,106.84845093601642,106.38070705201537,0.4677438840010524
0.3C dc.csv,0.3+0.7 1tau.csv,1.817862924411215,106.94436466428138,106.40952777710358,0.5348368871778035
0.3C dc.csv,0.3+0.7 1tau.csv,1.8194932947470097,107.04027862409211,106.43854265961808,0.601735964474031
0.3C dc.csv,0.3+0.7 1tau.csv,1.8211236650828044,107.13619206010821,106.46829420784896,0.6678978522592587
0.3C dc.csv,0.3+0.7 1tau.csv,1.8227540354185994,107.23210513391555,106.49940297869809,0.7327021552174671
0.3C dc.csv,0.3+0.7 1tau.csv,1.824384405754394,107.32801872467115,106.53279425779596,0.7952244668751973
0.3C dc.csv,0.3+0.7 1tau.csv,1.826014776090189,107.42393247698469,106.56999017910977,0.8539422978749229
0.3C dc.csv,0.3+0.7 1tau.csv,1.8276451464259837,107.51984629309713,106.61428429006618,0.9055620030309512
0.3C dc.csv,0.3+0.7 1tau.csv,1.8292755167617787,107.61576040740185,106.67589972456196,0.9398606828398925
0.3C dc.csv,0.3+0.7 1tau.csv,1.8309058870975734,107.71167487667917,107.45082477769542,0.26085009898375233
0.3C dc.csv,0.3+0.7 1tau.csv,1.8325362574333681,107.80758909048129,107.48264496825601,0.3249441222252756
0.3C dc.csv,0.3+0.7 1tau.csv,1.834166627769163,107.90350345034578,107.51281370051562,0.3906897498301589
0.3C dc.csv,0.3+0.7 1tau.csv,1.8357969981049578,107.99941770232516,107.54204187903314,0.45737582329202553
0.3C dc.csv,0.3+0.7 1tau.csv,1.8374273684407527,108.09533224738065,107.57086690952795,0.5244653378527033
0.3C dc.csv,0.3+0.7 1tau.csv,1.8390577387765474,108.19124642336294,107.59982883107426,0.5914175922886784
0.3C dc.csv,0.3+0.7 1tau.csv,1.8406881091123424,108.28716015980751,107.62941050975274,0.6577496500547682
0.3C dc.csv,0.3+0.7 1tau.csv,1.842318479448137,108.38307412876352,107.66021899216189,0.7228551366016376
0.3C dc.csv,0.3+0.7 1tau.csv,1.8439488497839318,108.47898848505702,107.69314723884872,0.7858412462082924
0.3C dc.csv,0.3+0.7 1tau.csv,1.8455792201197267,108.57490288411041,107.72966047485001,0.8452424092604076
0.3C dc.csv,0.3+0.7 1tau.csv,1.8472095904555215,108.67081706758908,107.77240889516176,0.8984081724273238
0.3C dc.csv,0.3+0.7 1tau.csv,1.8488399607913164,108.76673135895375,107.82991546414345,0.9368158948102945
0.3C dc.csv,0.3+0.7 1tau.csv,1.8504703311271111,108.8626452784889,108.61151550857664,0.25112976991225366
0.3C dc.csv,0.3+0.7 1tau.csv,1.8521007014629058,108.95855965320668,108.64368241974758,0.3148772334591001
0.3C dc.csv,0.3+0.7 1tau.csv,1.8537310717987008,109.05447395103634,108.67404163549811,0.3804323155382292
0.3C dc.csv,0.3+0.7 1tau.csv,1.8553614421344955,109.15038807898509,108.70334270014331,0.44704537884177853
0.3C dc.csv,0.3+0.7 1tau.csv,1.8569918124702904,109.24630215588878,108.73220975728171,0.514092398607076
0.3C dc.csv,0.3+0.7 1tau.csv,1.8586221828060852,109.34221610070858,108.76110870179451,0.5811073989140709
0.3C dc.csv,0.3+0.7 1tau.csv,1.86025255314188,109.4381304213031,108.79053828509348,0.6475921362096244
0.3C dc.csv,0.3+0.7 1tau.csv,1.8618829234776748,109.53404481853124,108.82114742513059,0.7128973934006524
0.3C dc.csv,0.3+0.7 1tau.csv,1.8635132938134695,109.6299591711596,108.85369717780375,0.7762619933558454
0.3C dc.csv,0.3+0.7 1tau.csv,1.8651436641492645,109.72587304115183,108.88943391146059,0.836439129691243
0.3C dc.csv,0.3+0.7 1tau.csv,1.8667740344850592,109.82178731546281,108.93100721340224,0.8907801020605746
0.3C dc.csv,0.3+0.7 1tau.csv,1.8684044048208541,109.91770138220745,108.98497271345698,0.932728668750471
0.3C dc.csv,0.3+0.7 1tau.csv,1.8700347751566488,110.01361580313716,109.77210131153154,0.24151449160561356
0.3C dc.csv,0.3+0.7 1tau.csv,1.8716651454924438,110.10952953280518,109.80462003648066,0.3049094963245267
0.3C dc.csv,0.3+0.7 1tau.csv,1.8732955158282385,110.20544377147274,109.83519288538494,0.37025088608780266
0.3C dc.csv,0.3+0.7 1tau.csv,1.8749258861640332,110.30135772003884,109.86464487782868,0.4367128422101558
0.3C dc.csv,0.3+0.7 1tau.csv,1.8765562564998282,110.39727178792326,109.89355138079826,0.5037204071250017
0.3C dc.csv,0.3+0.7 1tau.csv,1.8781866268356229,110.49318529578889,109.9224079943842,0.5707773014046893
0.3C dc.csv,0.3+0.7 1tau.csv,1.8798169971714178,110.58909919022923,109.95174886795701,0.6373503222722263
0.3C dc.csv,0.3+0.7 1tau.csv,1.8814473675072125,110.68501352151728,109.98212238793255,0.7028911335847283
0.3C dc.csv,0.3+0.7 1tau.csv,1.8830777378430075,110.78092806224655,110.01429183821068,0.7666362240358637
0.3C dc.csv,0.3+0.7 1tau.csv,1.8847081081788022,110.87684219878048,110.04945966479056,0.827382533989919
0.3C dc.csv,0.3+0.7 1tau.csv,1.886338478514597,110.97275609638346,110.08971231504421,0.8830437813392535
0.3C dc.csv,0.3+0.7 1tau.csv,1.8879688488503918,111.06866980980571,110.14070554169739,0.927964268108326
0.3C dc.csv,0.3+0.7 1tau.csv,1.8895992191861866,111.16458332038758,110.24128575987118,0.9232975605164029
0.3C dc.csv,0.3+0.7 1tau.csv,1.8912295895219815,111.26049698629218,110.96551324333267,0.29498374295951635
0.3C dc.csv,0.3+0.7 1tau.csv,1.8928599598577762,111.35641005496454,110.99635637752581,0.36005367743872796
0.3C dc.csv,0.3+0.7 1tau.csv,1.894490330193571,111.45232343807494,111.02595350550283,0.42636993257211486
0.3C dc.csv,0.3+0.7 1tau.csv,1.8961207005293659,111.54823696209826,111.05489018696579,0.4933467751324656
0.3C dc.csv,0.3+0.7 1tau.csv,1.8977510708651606,111.64415036712074,111.08373236065759,0.5604180064631521
0.3C dc.csv,0.3+0.7 1tau.csv,1.8993814412009555,111.74006373868978,111.11295189154053,0.6271118471492514
0.3C dc.csv,0.3+0.7 1tau.csv,1.9010118115367503,111.83597751556704,111.14308284086593,0.6928946747011082
0.3C dc.csv,0.3+0.7 1tau.csv,1.9026421818725452,111.93189166616732,111.17486853623612,0.7570231299311985
0.3C dc.csv,0.3+0.7 1tau.csv,1.90427255220834,112.02780650127666,111.20944960444912,0.8183568968275381
0.3C dc.csv,0.3+0.7 1tau.csv,1.9059029225441346,112.12372161682548,111.24884939285627,0.8748722239692057
0.3C dc.csv,0.3+0.7 1tau.csv,1.9075332928799296,112.21963673707015,111.29753517567096,0.9221015613991881
0.3C dc.csv,0.3+0.7 1tau.csv,1.9091636632157243,112.31555186140945,111.37797639241116,0.9375754689982898
0.3C dc.csv,0.3+0.7 1tau.csv,1.9107940335515192,112.41146641038803,112.12642399253187,0.285042417856161
0.3C dc.csv,0.3+0.7 1tau.csv,1.912424403887314,112.50738108909172,112.15751100517274,0.34987008391898655
0.3C dc.csv,0.3+0.7 1tau.csv,1.9140547742231089,112.60329604986208,112.18721289930589,0.41608315055619016
0.3C dc.csv,0.3+0.7 1tau.csv,1.9156851445589036,112.69921052251387,112.21622879978243,0.4829817227314379
0.3C dc.csv,0.3+0.7 1tau.csv,1.9173155148946983,112.79512483815158,112.24505383680338,0.5500710013482006
0.3C dc.csv,0.3+0.7 1tau.csv,1.9189458852304933,112.89103938932787,112.27416000100281,0.6168793883250601
0.3C dc.csv,0.3+0.7 1tau.csv,1.920576255566288,112.98695408693024,112.3041483829695,0.6828057039607387
0.3C dc.csv,0.3+0.7 1tau.csv,1.922206625902083,113.08286892772423,112.33566525409867,0.7472036736255632
0.3C dc.csv,0.3+0.7 1tau.csv,1.9238369962378776,113.17878378640572,112.36971224675955,0.809071539646169
0.3C dc.csv,0.3+0.7 1tau.csv,1.9254673665736726,113.27469866324881,112.40796106863544,0.8667375946133689
0.3C dc.csv,0.3+0.7 1tau.csv,1.9270977369094673,113.37061368826373,112.45469279272602,0.9159208955377096
0.3C dc.csv,0.3+0.7 1tau.csv,1.928728107245262,113.46652835865022,112.52489497647976,0.9416333821704654
0.3C dc.csv,0.3+0.7 1tau.csv,1.930358477581057,113.5624426659567,113.28719259509205,0.2752500708646437
0.3C dc.csv,0.3+0.7 1tau.csv,1.9319888479168517,113.65835703278434,113.31856475505661,0.33979227772772447
0.3C dc.csv,0.3+0.7 1tau.csv,1.9336192182526466,113.75427106829765,113.3484683222274,0.40580274607025046
0.3C dc.csv,0.3+0.7 1tau.csv,1.9352495885884413,113.85018505085021,113.37756952233798,0.472615528512236
0.3C dc.csv,0.3+0.7 1tau.csv,1.9368799589242363,113.9460989711757,113.4063818367635,0.5397171344122
0.3C dc.csv,0.3+0.7 1tau.csv,1.938510329260031,114.04201263489153,113.43543569978486,0.6065769351066734
0.3C dc.csv,0.3+0.7 1tau.csv,1.9401406995958257,114.13792668542033,113.4652413117553,0.6726853736650185
0.3C dc.csv,0.3+0.7 1tau.csv,1.9417710699316206,114.2338406253874,113.49644269393444,0.7373979314529606
0.3C dc.csv,0.3+0.7 1tau.csv,1.9434014402674153,114.32975423029193,113.5300067077759,0.7997475225160287
0.3C dc.csv,0.3+0.7 1tau.csv,1.9450318106032103,114.4256678017667,113.56754486342406,0.8581229383426461
0.3C dc.csv,0.3+0.7 1tau.csv,1.946662180939005,114.52158169637377,113.61239016366204,0.9091915327117306
0.3C dc.csv,0.3+0.7 1tau.csv,1.9482925512747997,114.61749539356173,113.67641324583343,0.9410821477282951
0.3C dc.csv,0.3+0.7 1tau.csv,1.9499229216105947,114.71340941704136,114.44619940357519,0.267210013466169
0.3C dc.csv,0.3+0.7 1tau.csv,1.9515532919463894,114.80932305136923,114.4779058907895,0.3314171605797327
0.3C dc.csv,0.3+0.7 1tau.csv,1.9531836622821843,114.9052364733749,114.50800711413478,0.3972293592401144
0.3C dc.csv,0.3+0.7 1tau.csv,1.954814032617979,115.00114990455356,114.53717229426603,0.4639776102875288
0.3C dc.csv,0.3+0.7 1tau.csv,1.956444402953774,115.09706395278356,114.56600229380173,0.5310616589818267
0.3C dc.csv,0.3+0.7 1tau.csv,1.9580747732895687,115.19297803099192,114.59498087917866,0.5979971518132601
0.3C dc.csv,0.3+0.7 1tau.csv,1.9597051436253634,115.28889177945742,114.62459496168727,0.6642968177701505
0.3C dc.csv,0.3+0.7 1tau.csv,1.9613355139611583,115.38480569344001,114.65551079356021,0.7292948998798039
0.3C dc.csv,0.3+0.7 1tau.csv,1.962965884296953,115.48071931267958,114.68860500365996,0.7921143090196239
0.3C dc.csv,0.3+0.7 1tau.csv,1.964596254632748,115.57663289587128,114.7253371865651,0.8512957093061857
0.3C dc.csv,0.3+0.7 1tau.csv,1.9662266249685427,115.672546440566,114.76871472784165,0.9038317127243403
0.3C dc.csv,0.3+0.7 1tau.csv,1.9678569953043377,115.76846021466315,114.8276516453686,0.9408085692945463
0.3C dc.csv,0.3+0.7 1tau.csv,1.9694873656401324,115.86437392745925,115.60695660163753,0.25741732582172006
0.3C dc.csv,0.3+0.7 1tau.csv,1.971117735975927,115.96028778144756,115.63895511594382,0.3213326655037463
0.3C dc.csv,0.3+0.7 1tau.csv,1.972748106311722,116.05620128947723,115.6692050394218,0.38699625005543226
0.3C dc.csv,0.3+0.7 1tau.csv,1.9743784766475168,116.15211460764883,115.69848532278459,0.4536292848642347
0.3C dc.csv,0.3+0.7 1tau.csv,1.9760088469833117,116.2480284351717,115.72734335835764,0.5206850768140612
0.3C dc.csv,0.3+0.7 1tau.csv,1.9776392173191064,116.34394227827393,115.75624664220024,0.5876956360736898
0.3C dc.csv,0.3+0.7 1tau.csv,1.9792695876549014,116.43985599790956,115.78575949185974,0.6540965060498252
0.3C dc.csv,0.3+0.7 1tau.csv,1.980899957990696,116.53576975270879,115.81645432149847,0.7193154312103189
0.3C dc.csv,0.3+0.7 1tau.csv,1.9825303283264908,116.6316836933693,115.84915092978368,0.7825327635856212
0.3C dc.csv,0.3+0.7 1tau.csv,1.9841606986622857,116.727597542655,115.8851620223629,0.8424355202920992
0.3C dc.csv,0.3+0.7 1tau.csv,1.9857910689980804,116.82351131609481,115.92711103005418,0.896400286040631
0.3C dc.csv,0.3+0.7 1tau.csv,1.9874214393338754,116.91942498140716,115.98233823994673,0.9370867414604334
0.3C dc.csv,0.3+0.7 1tau.csv,1.98905180966967,117.01533868272519,116.767494342027,0.24784434069817962
0.3C dc.csv,0.3+0.7 1tau.csv,1.9906821800054648,117.11125220907508,116.79988562848503,0.31136658059004674
0.3C dc.csv,0.3+0.7 1tau.csv,1.9923125503412598,117.20716556008216,116.83039107590884,0.3767744841733247
0.3C dc.csv,0.3+0.7 1tau.csv,1.9939429206770545,117.30307902307821,116.85980401507129,0.4432750080069212
0.3C dc.csv,0.3+0.7 1tau.csv,1.9955732910128494,117.398992605046,116.888684826234,0.5103077788120061
0.3C dc.csv,0.3+0.7 1tau.csv,1.9972036613486441,117.49490693458341,116.91756491747702,0.577342017106389
0.3C dc.csv,0.3+0.7 1tau.csv,1.998834031684439,117.59082110719208,116.94694441425969,0.6438766929323947
0.3C dc.csv,0.3+0.7 1tau.csv,2.000464402020234,117.6867353775787,116.97738286913282,0.7093525084458747
0.3C dc.csv,0.3+0.7 1tau.csv,2.0020947723560285,117.78264961708084,117.00967281179939,0.772976805281445
0.3C dc.csv,0.3+0.7 1tau.csv,2.0037251426918234,117.8785640002379,117.04507900299292,0.8334849972449803
0.3C dc.csv,0.3+0.7 1tau.csv,2.0053555130276184,117.9744780906172,117.08582308201775,0.8886550085994429
0.3C dc.csv,0.3+0.7 1tau.csv,2.006985883363413,118.07039198007772,117.13781773732575,0.9325742427519685
0.3C dc.csv,0.3+0.7 1tau.csv,2.008616253699208,118.16630573432614,117.9280453933517,0.23826034097444904
0.3C dc.csv,0.3+0.7 1tau.csv,2.0102466240350028,118.26221964967809,117.9608334468317,0.3013862028463876
0.3C dc.csv,0.3+0.7 1tau.csv,2.0118769943707977,118.35813310113592,117.99158752137588,0.366545579760043
0.3C dc.csv,0.3+0.7 1tau.csv,2.013507364706592,118.45404676848676,118.02110303221735,0.43294373626940796
0.3C dc.csv,0.3+0.7 1tau.csv,2.015137735042387,118.54996017260882,118.05002789291727,0.4999322796915493
0.3C dc.csv,0.3+0.7 1tau.csv,2.016768105378182,118.64587350388966,118.07887908181762,0.5669944220720424
0.3C dc.csv,0.3+0.7 1tau.csv,2.0183984757139766,118.74178688128139,118.10811913456638,0.6336677467150054
0.3C dc.csv,0.3+0.7 1tau.csv,2.0200288460497715,118.83770056076264,118.13834433878516,0.6993562219774816
0.3C dc.csv,0.3+0.7 1tau.csv,2.0216592163855664,118.93361446229272,118.17030239391033,0.7633120683823904
0.3C dc.csv,0.3+0.7 1tau.csv,2.023289586721361,119.02952792741581,118.20505409711575,0.8244738303000645
0.3C dc.csv,0.3+0.7 1tau.csv,2.024919957057156,119.1254417815848,118.24479290421446,0.8806488773703336
0.3C dc.csv,0.3+0.7 1tau.csv,2.026550327392951,119.22135574713263,118.29431185393693,0.9270438931957017
0.3C dc.csv,0.3+0.7 1tau.csv,2.0281806977287458,119.31726969117987,118.38055424674087,0.9367154444390025
0.3C dc.csv,0.3+0.7 1tau.csv,2.0298110680645403,119.41318335503279,119.12174298435055,0.2914403706822384
0.3C dc.csv,0.3+0.7 1tau.csv,2.031441438400335,119.50909678497808,119.15270613766047,0.3563906473176104
0.3C dc.csv,0.3+0.7 1tau.csv,2.03307180873613,119.60501063672272,119.1823738320653,0.42263680465742937
0.3C dc.csv,0.3+0.7 1tau.csv,2.0347021790719246,119.70092472806091,119.21137236349554,0.48955236456536966
0.3C dc.csv,0.3+0.7 1tau.csv,2.0363325494077196,119.79683896495082,119.24018926423467,0.5566497007161502
0.3C dc.csv,0.3+0.7 1tau.csv,2.0379629197435145,119.8927532921051,119.26935602067833,0.6233972714267679
0.3C dc.csv,0.3+0.7 1tau.csv,2.0395932900793095,119.98866782292886,119.2994106675205,0.689257155408356
0.3C dc.csv,0.3+0.7 1tau.csv,2.041223660415104,120.08458212948769,119.33103746465193,0.7535446648357578
0.3C dc.csv,0.3+0.7 1tau.csv,2.042854030750899,120.1804960095341,119.3652857324632,0.8152102770708893
0.3C dc.csv,0.3+0.7 1tau.csv,2.044484401086694,120.27640985548526,119.40392720536211,0.8724826501231462
0.3C dc.csv,0.3+0.7 1tau.csv,2.0461147714224883,120.37232420021081,119.4513549578238,0.9209692423870166
0.3C dc.csv,0.3+0.7 1tau.csv,2.0477451417582833,120.4682383313944,119.5248292291505,0.9434091022439048
0.3C dc.csv,0.3+0.7 1tau.csv,2.049375512094078,120.56415215888265,120.28252660336466,0.28162555551799073
0.3C dc.csv,0.3+0.7 1tau.csv,2.051005882429873,120.66006588635406,120.31380409813593,0.34626178821812914
0.3C dc.csv,0.3+0.7 1tau.csv,2.0526362527656676,120.75597960979087,120.3436536601406,0.4123259496502669
0.3C dc.csv,0.3+0.7 1tau.csv,2.0542666231014626,120.8518934925539,120.37271717924945,0.47917631330444976
0.3C dc.csv,0.3+0.7 1tau.csv,2.0558969934372575,120.94780739430777,120.40153173027717,0.5462756640306026
0.3C dc.csv,0.3+0.7 1tau.csv,2.057527363773052,121.04372077520487,120.43061337200733,0.6131074031975459
0.3C dc.csv,0.3+0.7 1tau.csv,2.059157734108847,121.13963455819481,120.4604654246719,0.6791691335229189
0.3C dc.csv,0.3+0.7 1tau.csv,2.060788104444642,121.23554858919502,120.49175307267178,0.7437955165232353
0.3C dc.csv,0.3+0.7 1tau.csv,2.062418474780437,121.33146253334851,120.52548734827113,0.8059751850773864
0.3C dc.csv,0.3+0.7 1tau.csv,2.0640488451162313,121.42737627749298,120.56337370152058,0.8640025759724068
0.3C dc.csv,0.3+0.7 1tau.csv,2.0656792154520263,121.52329008253193,120.60878575962235,0.9145043229095791
0.3C dc.csv,0.3+0.7 1tau.csv,2.067309585787821,121.61920410319118,120.67476892507908,0.9444351781121014
0.3C dc.csv,0.3+0.7 1tau.csv,2.0689399561236157,121.71511758288116,121.44333117448534,0.27178640839582613
0.3C dc.csv,0.3+0.7 1tau.csv,2.0705703264594106,121.81103125779552,121.47491527490412,0.33611598289139977
0.3C dc.csv,0.3+0.7 1tau.csv,2.0722006967952056,121.90694502123874,121.50491299462297,0.4020320266157711
0.3C dc.csv,0.3+0.7 1tau.csv,2.0738310671310005,122.00285886117638,121.53404318895906,0.46881567221731757
0.3C dc.csv,0.3+0.7 1tau.csv,2.075461437466795,122.0987728585176,121.56287410184052,0.535898756677085
0.3C dc.csv,0.3+0.7 1tau.csv,2.07709180780259,122.19468645933144,121.59186396817627,0.6028224911551661
0.3C dc.csv,0.3+0.7 1tau.csv,2.078722178138385,122.2906002565665,121.62155153651081,0.6690487200556987
0.3C dc.csv,0.3+0.7 1tau.csv,2.0803525484741794,122.38651406350533,121.6526025498995,0.7339115136058325
0.3C dc.csv,0.3+0.7 1tau.csv,2.0819829188099743,122.48242812329855,121.68587672434994,0.7965513989486084
0.3C dc.csv,0.3+0.7 1tau.csv,2.0836132891457693,122.57834219985183,121.7228094554068,0.8555327444450285
0.3C dc.csv,0.3+0.7 1tau.csv,2.085243659481564,122.67425653175964,121.7668351120948,0.9074214196648427
0.3C dc.csv,0.3+0.7 1tau.csv,2.0868740298173587,122.7701707082287,121.82746015567963,0.9427105525490731
0.3C dc.csv,0.3+0.7 1tau.csv,2.0885044001531536,122.86608472210943,122.60404871016266,0.26203601194677617
0.3C dc.csv,0.3+0.7 1tau.csv,2.0901347704889486,122.96199897849473,122.63592562451718,0.32607335397754866
0.3C dc.csv,0.3+0.7 1tau.csv,2.091765140824743,123.05791279362276,122.66612029003292,0.39179250358984063
0.3C dc.csv,0.3+0.7 1tau.csv,2.093395511160538,123.1538263863637,122.6953708573621,0.45845552900161124
0.3C dc.csv,0.3+0.7 1tau.csv,2.095025881496333,123.24974009302271,122.72421270223975,0.5255273907829547
0.3C dc.csv,0.3+0.7 1tau.csv,2.096656251832128,123.34565340012568,122.7531512076732,0.5925021924524856
0.3C dc.csv,0.3+0.7 1tau.csv,2.0982866221679224,123.44156652756159,122.78271643829551,0.6588500892660818
0.3C dc.csv,0.3+0.7 1tau.csv,2.0999169925037173,123.53747999572867,122.81349620288726,0.723983792841409
0.3C dc.csv,0.3+0.7 1tau.csv,2.1015473628395123,123.63339377543619,122.84634523647979,0.7870485389563981
0.3C dc.csv,0.3+0.7 1tau.csv,2.1031777331753068,123.72930770497219,122.88264780311033,0.8466599018618552
0.3C dc.csv,0.3+0.7 1tau.csv,2.1048081035111017,123.8252218837863,122.92501352425121,0.9002083595350854
0.3C dc.csv,0.3+0.7 1tau.csv,2.1064384738468966,123.92113628729497,122.98167783810031,0.9394584491946603
0.3C dc.csv,0.3+0.7 1tau.csv,2.1080688441826916,124.01705040526566,123.76465396814727,0.2523964371183922
0.3C dc.csv,0.3+0.7 1tau.csv,2.109699214518486,124.11296437051192,123.79690997300509,0.3160543975068322
0.3C dc.csv,0.3+0.7 1tau.csv,2.111329584854281,124.2088784377522,123.82733940762056,0.38153903013164836
0.3C dc.csv,0.3+0.7 1tau.csv,2.112959955190076,124.30479320497795,123.85670469630037,0.44808850867758565
0.3C dc.csv,0.3+0.7 1tau.csv,2.1145903255258705,124.40070809154983,123.88556048502855,0.5151476065212819
0.3C dc.csv,0.3+0.7 1tau.csv,2.1162206958616654,124.49662234035016,123.91445989617273,0.5821624441774276
0.3C dc.csv,0.3+0.7 1tau.csv,2.1178510661974603,124.59253624232886,123.94387307994539,0.6486631623834711
0.3C dc.csv,0.3+0.7 1tau.csv,2.119481436533255,124.68845054674755,123.97437477093341,0.7140757758141376
0.3C dc.csv,0.3+0.7 1tau.csv,2.1211118068690498,124.78436471553026,124.0067896787396,0.7775750367906653
0.3C dc.csv,0.3+0.7 1tau.csv,2.1227421772048447,124.8802794241264,124.04244950902668,0.8378299150997179
0.3C dc.csv,0.3+0.7 1tau.csv,2.1243725475406396,124.97619356620292,124.08372420665825,0.8924693595446769
0.3C dc.csv,0.3+0.7 1tau.csv,2.126002917876434,125.0721074943786,124.13684425216826,0.9352632422103397
0.3C dc.csv,0.3+0.7 1tau.csv,2.127633288212229,125.16802143069343,124.92528414923304,0.24273728146039275
0.3C dc.csv,0.3+0.7 1tau.csv,2.129263658548024,125.26393566048694,124.95791044317154,0.3060252173153941
0.3C dc.csv,0.3+0.7 1tau.csv,2.1308940288838185,125.3598499795859,124.98853757635551,0.37131240323039094
0.3C dc.csv,0.3+0.7 1tau.csv,2.1325243992196135,125.45576434980867,125.01799301964627,0.43777133016240555
0.3C dc.csv,0.3+0.7 1tau.csv,2.1341547695554084,125.55167897107214,125.04691013894478,0.504768832127354
0.3C dc.csv,0.3+0.7 1tau.csv,2.1357851398912033,125.64759320636102,125.07576342806472,0.5718297782963049
0.3C dc.csv,0.3+0.7 1tau.csv,2.137415510226998,125.74350795362153,125.1050502704605,0.638457683161036
0.3C dc.csv,0.3+0.7 1tau.csv,2.1390458805627928,125.8394230043148,125.13538397240792,0.7040390319068734
0.3C dc.csv,0.3+0.7 1tau.csv,2.1406762508985877,125.93533743351362,125.16747845036028,0.7678589831533458
0.3C dc.csv,0.3+0.7 1tau.csv,2.142306621234382,126.03125183629524,125.20247454506278,0.8287772912324556
0.3C dc.csv,0.3+0.7 1tau.csv,2.143936991570177,126.12716641905388,125.24251866289515,0.8846477561587278
0.3C dc.csv,0.3+0.7 1tau.csv,2.145567361905972,126.22308059642255,125.29297997508468,0.9301006213378713
0.3C dc.csv,0.3+0.7 1tau.csv,2.147197732241767,126.31899482856934,125.38688467296926,0.9321101556000855
0.3C dc.csv,0.3+0.7 1tau.csv,2.1488281025775615,126.41490875874645,126.11877871698248,0.2961300417639734
0.3C dc.csv,0.3+0.7 1tau.csv,2.1504584729133565,126.51082308980108,126.14966231477516,0.3611607750259225
0.3C dc.csv,0.3+0.7 1tau.csv,2.1520888432491514,126.60673736197667,126.17928676061719,0.42745060135948165
0.3C dc.csv,0.3+0.7 1tau.csv,2.153719213584946,126.7026510393748,126.20826019235587,0.4943908470189342
0.3C dc.csv,0.3+0.7 1tau.csv,2.155349583920741,126.79856481342101,126.23708600900349,0.5614788044175185
0.3C dc.csv,0.3+0.7 1tau.csv,2.1569799542565358,126.89447876893041,126.26629361309085,0.6281851558395601
0.3C dc.csv,0.3+0.7 1tau.csv,2.1586103245923307,126.99039268940273,126.29641128328198,0.6939814061207414
0.3C dc.csv,0.3+0.7 1tau.csv,2.160240694928125,127.08630677525441,126.3281499782427,0.7581567970117078
0.3C dc.csv,0.3+0.7 1tau.csv,2.16187106526392,127.18222088821072,126.36261033433004,0.819610553880679
0.3C dc.csv,0.3+0.7 1tau.csv,2.163501435599715,127.27813490224236,126.4016732203879,0.8764616818544511
0.3C dc.csv,0.3+0.7 1tau.csv,2.1651318059355096,127.37404931350171,126.44987891682986,0.9241703966718546
0.3C dc.csv,0.3+0.7 1tau.csv,2.1667621762713045,127.46996365995221,126.52752301558085,0.9424406443713593
0.3C dc.csv,0.3+0.7 1tau.csv,2.1683925466070995,127.56587786924607,127.2796243283516,0.28625354089446375
0.3C dc.csv,0.3+0.7 1tau.csv,2.1700229169428944,127.66179197715013,127.31079923762645,0.3509927395236758
0.3C dc.csv,0.3+0.7 1tau.csv,2.171653287278689,127.75770668154621,127.34058660923833,0.4171200723078812
0.3C dc.csv,0.3+0.7 1tau.csv,2.173283657614484,127.8536207833678,127.36959998310205,0.48402080026575334
0.3C dc.csv,0.3+0.7 1tau.csv,2.1749140279502788,127.94953515632393,127.3984258354752,0.5511093208487381
0.3C dc.csv,0.3+0.7 1tau.csv,2.1765443982860733,128.04544969796356,127.4275299575443,0.6179197404192678
0.3C dc.csv,0.3+0.7 1tau.csv,2.178174768621868,128.14136434347844,127.45742531848221,0.6839390249962349
0.3C dc.csv,0.3+0.7 1tau.csv,2.179805138957663,128.23727883645475,127.48884620397256,0.7484326324821922
0.3C dc.csv,0.3+0.7 1tau.csv,2.181435509293458,128.33319318004686,127.52274626805058,0.81044691199628
0.3C dc.csv,0.3+0.7 1tau.csv,2.1830658796292526,128.4291077450354,127.56097384408541,0.8681339009499851
0.3C dc.csv,0.3+0.7 1tau.csv,2.1846962499650475,128.5250224227924,127.60702332178498,0.9179991010074247
0.3C dc.csv,0.3+0.7 1tau.csv,2.1863266203008425,128.62093729637007,127.67578974698539,0.9451475493846857
0.3C dc.csv,0.3+0.7 1tau.csv,2.187956990636637,128.71685228413867,128.44048716720195,0.2763651169367165
0.3C dc.csv,0.3+0.7 1tau.csv,2.189587360972432,128.8127669936599,128.47190931850648,0.3408576751534156
0.3C dc.csv,0.3+0.7 1tau.csv,2.191217731308227,128.90868194438644,128.50182237311324,0.40685957127320194
0.3C dc.csv,0.3+0.7 1tau.csv,2.1928481016440218,129.00459712543463,128.53093507801978,0.4736620474148481
0.3C dc.csv,0.3+0.7 1tau.csv,2.1944784719798163,129.10051232806885,128.55976006710952,0.5407522609593229
0.3C dc.csv,0.3+0.7 1tau.csv,2.196108842315611,129.19642728207864,128.58877261210372,0.6076546699749201
0.3C dc.csv,0.3+0.7 1tau.csv,2.197739212651406,129.2923420273324,128.61854909499982,0.6737929323325886
0.3C dc.csv,0.3+0.7 1tau.csv,2.1993695829872006,129.3882563447787,128.64970376897048,0.7385525758082281
0.3C dc.csv,0.3+0.7 1tau.csv,2.2009999533229956,129.48417062318524,128.68316005421568,0.8010105689695592
0.3C dc.csv,0.3+0.7 1tau.csv,2.2026303236587905,129.5800852870789,128.7204347707672,0.8596505163116888
0.3C dc.csv,0.3+0.7 1tau.csv,2.2042606939945855,129.67599939389902,128.7650131498728,0.9109862440262191
0.3C dc.csv,0.3+0.7 1tau.csv,2.20589106433038,129.77191411550774,128.8275587462937,0.944355369214037
0.3C dc.csv,0.3+0.7 1tau.csv,2.207521434666175,129.86782875138138,129.60115833567676,0.266670415704624
0.3C dc.csv,0.3+0.7 1tau.csv,2.20915180500197,129.96374343118273,129.63292272603266,0.33082070515007445
0.3C dc.csv,0.3+0.7 1tau.csv,2.2107821753377643,130.05965803282692,129.6630565959964,0.3966014368305082
0.3C dc.csv,0.3+0.7 1tau.csv,2.2124125456735593,130.15557241028293,129.69227158046897,0.46330082981396004
0.3C dc.csv,0.3+0.7 1tau.csv,2.214042916009354,130.25148642942258,129.72109750215202,0.5303889272705646
0.3C dc.csv,0.3+0.7 1tau.csv,2.2156732863451487,130.34740047698847,129.7500672784419,0.5973331985465791
0.3C dc.csv,0.3+0.7 1tau.csv,2.2173036566809436,130.44331496046038,129.77967893352655,0.6636360269338297
0.3C dc.csv,0.3+0.7 1tau.csv,2.2189340270167386,130.53922956948276,129.81053999533347,0.7286895741492856
0.3C dc.csv,0.3+0.7 1tau.csv,2.2205643973525335,130.63514386066925,129.84354240628065,0.7916014543885979
0.3C dc.csv,0.3+0.7 1tau.csv,2.222194767688328,130.73105823639122,129.8801468377922,0.8509113985990098
0.3C dc.csv,0.3+0.7 1tau.csv,2.223825138024123,130.8269723543334,129.92298811031915,0.9039842440142536
0.3C dc.csv,0.3+0.7 1tau.csv,2.225455508359918,130.9228864694527,129.9812127140911,0.9416737553615917
0.3C dc.csv,0.3+0.7 1tau.csv,2.2270858786957124,131.01880044067576,130.76182864543563,0.25697179524013336
0.3C dc.csv,0.3+0.7 1tau.csv,2.2287162490315073,131.11471480851642,130.79394677605313,0.3207680324632918
0.3C dc.csv,0.3+0.7 1tau.csv,2.2303466193673023,131.21062934120232,130.8242949700994,0.3863343711029188
0.3C dc.csv,0.3+0.7 1tau.csv,2.231976989703097,131.30654405294663,130.8535830047802,0.45296104816642924
0.3C dc.csv,0.3+0.7 1tau.csv,2.2336073600388917,131.4024583873435,130.88244078970453,0.5200175976389687
0.3C dc.csv,0.3+0.7 1tau.csv,2.2352377303746866,131.49837288337122,130.9113529767511,0.587019906620128
0.3C dc.csv,0.3+0.7 1tau.csv,2.2368681007104816,131.59428751887287,130.9407939658283,0.6534935530445694
0.3C dc.csv,0.3+0.7 1tau.csv,2.238498471046276,131.69020186099448,130.97141877586253,0.7187830851319461
0.3C dc.csv,0.3+0.7 1tau.csv,2.240128841382071,131.7861167417894,131.00402011358017,0.7820966282092456
0.3C dc.csv,0.3+0.7 1tau.csv,2.241759211717866,131.88203154177205,131.03982324317772,0.8422082985943291
0.3C dc.csv,0.3+0.7 1tau.csv,2.243389582053661,131.9779458102974,131.08164532082154,0.8963004894758626
0.3C dc.csv,0.3+0.7 1tau.csv,2.2450199523894554,132.07386033275276,131.13599177732888,0.9378685554238757
0.3C dc.csv,0.3+0.7 1tau.csv,2.2466503227252503,132.16977481587395,131.92248549915973,0.24728931671421606
0.3C dc.csv,0.3+0.7 1tau.csv,2.2482806930610453,132.26568913755088,131.95493319103795,0.31075594651292704
0.3C dc.csv,0.3+0.7 1tau.csv,2.2499110633968398,132.36160399397357,131.98545694132076,0.37614705265281145
0.3C dc.csv,0.3+0.7 1tau.csv,2.2515414337326347,132.45751881678567,132.01488248983105,0.44263632695461297
0.3C dc.csv,0.3+0.7 1tau.csv,2.2531718040684297,132.55343354958944,132.04378481061968,0.5096487389697586
0.3C dc.csv,0.3+0.7 1tau.csv,2.2548021744042246,132.6493478215545,132.07264038490015,0.5767074366543454
0.3C dc.csv,0.3+0.7 1tau.csv,2.256432544740019,132.74526203454718,132.10199796110217,0.6432640734450104
0.3C dc.csv,0.3+0.7 1tau.csv,2.258062915075814,132.841176699217,132.13240966762078,0.70876703159621
0.3C dc.csv,0.3+0.7 1tau.csv,2.259693285411609,132.93709092430367,132.16463790636635,0.7724530179373232
0.3C dc.csv,0.3+0.7 1tau.csv,2.2613236557474035,133.0330048854768,132.1998823513884,0.8331225340884032
0.3C dc.csv,0.3+0.7 1tau.csv,2.2629540260831984,133.12891912973978,132.24023831453025,0.8886808152095398
0.3C dc.csv,0.3+0.7 1tau.csv,2.2645843964189933,133.22483356258124,132.29171818921102,0.9331153733702138
0.3C dc.csv,0.3+0.7 1tau.csv,2.2662147667547883,133.32074801911048,132.40012828285273,0.9206197362577484
0.3C dc.csv,0.3+0.7 1tau.csv,2.2678451370905828,133.41666200240715,133.1158123223173,0.3008496800898399
0.3C dc.csv,0.3+0.7 1tau.csv,2.2694755074263777,133.5125756441287,133.14661265847144,0.36596298565726215
0.3C dc.csv,0.3+0.7 1tau.csv,2.2711058777621727,133.60848906365268,133.17618838911895,0.4323006745337352
0.3C dc.csv,0.3+0.7 1tau.csv,2.272736248097967,133.70440235962923,133.20512714336476,0.4992752162644649
0.3C dc.csv,0.3+0.7 1tau.csv,2.274366618433762,133.8003161494092,133.23396892704255,0.5663472223666588
0.3C dc.csv,0.3+0.7 1tau.csv,2.275996988769557,133.89623036504673,133.26321047118617,0.6330198938605633
0.3C dc.csv,0.3+0.7 1tau.csv,2.277627359105352,133.99214480928245,133.29338586282765,0.6987589464548023
0.3C dc.csv,0.3+0.7 1tau.csv,2.2792577294411465,134.08805960645674,133.32523281431173,0.762826792145006
0.3C dc.csv,0.3+0.7 1tau.csv,2.2808880997769414,134.18397410808163,133.359906941918,0.8240671661636156
0.3C dc.csv,0.3+0.7 1tau.csv,2.2825184701127363,134.27988858214422,133.39940669813342,0.8804818840108055
0.3C dc.csv,0.3+0.7 1tau.csv,2.284148840448531,134.37580304472434,133.448439566806,0.927363477918334
0.3C dc.csv,0.3+0.7 1tau.csv,2.2857792107843258,134.47171727782842,133.5311124069306,0.940604870897829
0.3C dc.csv,0.3+0.7 1tau.csv,2.2874095811201207,134.56763118887207,134.2767079484791,0.2909232403929707
0.3C dc.csv,0.3+0.7 1tau.csv,2.2890399514559157,134.6635450726069,134.30777761990697,0.35576745269992216
0.3C dc.csv,0.3+0.7 1tau.csv,2.29067032179171,134.7594592755534,134.33746587230533,0.42199340324808077
0.3C dc.csv,0.3+0.7 1tau.csv,2.292300692127505,134.85537404248677,134.3664635531702,0.48891048931656655
0.3C dc.csv,0.3+0.7 1tau.csv,2.2939310624633,134.95128815068503,134.39529302709812,0.5559951235869107
0.3C dc.csv,0.3+0.7 1tau.csv,2.2955614327990945,135.04720260282016,134.42441270931084,0.6227898935093208
0.3C dc.csv,0.3+0.7 1tau.csv,2.2971918031348895,135.14311726678434,134.45440893473946,0.6887083320448824
0.3C dc.csv,0.3+0.7 1tau.csv,2.2988221734706844,135.23903181032023,134.485971235097,0.7530605752232304
0.3C dc.csv,0.3+0.7 1tau.csv,2.3004525438064793,135.33494647396282,134.52008182505514,0.8148646489076725
0.3C dc.csv,0.3+0.7 1tau.csv,2.302082914142274,135.43086142290676,134.55853870371902,0.8723227191877356
0.3C dc.csv,0.3+0.7 1tau.csv,2.303713284478069,135.52677587557713,134.60540721501138,0.9213686605657472
0.3C dc.csv,0.3+0.7 1tau.csv,2.3053436548138637,135.6226903493782,134.6772206180466,0.945469731331599
0.3C dc.csv,0.3+0.7 1tau.csv,2.306974025149658,135.71860546403877,135.43753220868376,0.28107325535501104
0.3C dc.csv,0.3+0.7 1tau.csv,2.308604395485453,135.81452057291213,135.46884668360607,0.345673889306056
0.3C dc.csv,0.3+0.7 1tau.csv,2.310234765821248,135.91043522237868,135.4987149565008,0.41172026587787514
0.3C dc.csv,0.3+0.7 1tau.csv,2.3118651361570426,136.00634959409038,135.52780315779881,0.4785464362915661
0.3C dc.csv,0.3+0.7 1tau.csv,2.3134955064928375,136.1022642767551,135.55661508532438,0.5456491914307264
0.3C dc.csv,0.3+0.7 1tau.csv,2.3151258768286325,136.19817916164155,135.5856770266045,0.6125021350370616
0.3C dc.csv,0.3+0.7 1tau.csv,2.3167562471644274,136.29409428792252,135.6155127044076,0.6785815835149265
0.3C dc.csv,0.3+0.7 1tau.csv,2.318386617500222,136.3900092486418,135.64676612823763,0.7432431204041734
0.3C dc.csv,0.3+0.7 1tau.csv,2.320016987836017,136.48592362373356,135.6804026480571,0.8055209756764441
0.3C dc.csv,0.3+0.7 1tau.csv,2.321647358171812,136.5818380089546,135.7180274226972,0.863810586257415
0.3C dc.csv,0.3+0.7 1tau.csv,2.3232777285076063,136.67775232721172,135.76317941902124,0.914572908190479
0.3C dc.csv,0.3+0.7 1tau.csv,2.324908098843401,136.77366666578897,135.82786912972432,0.9457975360646458
0.3C dc.csv,0.3+0.7 1tau.csv,2.326538469179196,136.86958115776807,136.59824986535114,0.27133129241693155
0.3C dc.csv,0.3+0.7 1tau.csv,2.328168839514991,136.96549605672308,136.6299021267452,0.3355939299778754
0.3C dc.csv,0.3+0.7 1tau.csv,2.3297992098507856,137.06141130425215,136.65997142755754,0.4014398766946101
0.3C dc.csv,0.3+0.7 1tau.csv,2.3314295801865805,137.15732633354608,136.68913904093134,0.46818729261474346
0.3C dc.csv,0.3+0.7 1tau.csv,2.3330599505223755,137.25324108541338,136.71795967747047,0.5352814079429038
0.3C dc.csv,0.3+0.7 1tau.csv,2.33469032085817,137.3491558686978,136.74695238215241,0.6022034865453918
0.3C dc.csv,0.3+0.7 1tau.csv,2.336320691193965,137.44507063582355,136.7766045682246,0.6684660675989562
0.3C dc.csv,0.3+0.7 1tau.csv,2.33795106152976,137.54098497019908,136.80754161601732,0.7334433541817589
0.3C dc.csv,0.3+0.7 1tau.csv,2.339581431865555,137.6368989640592,136.8406939448766,0.7962050191826222
0.3C dc.csv,0.3+0.7 1tau.csv,2.3412118022013493,137.73281348116163,136.87760627187058,0.8552072092910521
0.3C dc.csv,0.3+0.7 1tau.csv,2.342842172537144,137.82872774929336,136.92109879977696,0.9076289495164076
0.3C dc.csv,0.3+0.7 1tau.csv,2.344472542872939,137.92464178221203,136.98087005422215,0.9437717279898834
0.3C dc.csv,0.3+0.7 1tau.csv,2.3461029132087337,138.02055599081223,137.75898861557567,0.2615673752365524
0.3C dc.csv,0.3+0.7 1tau.csv,2.3477332835445286,138.11647092682458,137.79097054612066,0.3255003807039145
0.3C dc.csv,0.3+0.7 1tau.csv,2.3493636538803235,138.21238616931691,137.82119719751978,0.39118897179713485
0.3C dc.csv,0.3+0.7 1tau.csv,2.3509940242161185,138.30830072731857,137.85044899110886,0.45785173620970454
0.3C dc.csv,0.3+0.7 1tau.csv,2.352624394551913,138.40421529391264,137.8793023766069,0.5249129173057554
0.3C dc.csv,0.3+0.7 1tau.csv,2.354254764887708,138.50013000484853,137.90822017609682,0.5919098287517102
0.3C dc.csv,0.3+0.7 1tau.csv,2.355885135223503,138.59604470701166,137.93773451691516,0.6583101900965005
0.3C dc.csv,0.3+0.7 1tau.csv,2.3575155055592973,138.69195947206904,137.96847022934776,0.7234892427212856
0.3C dc.csv,0.3+0.7 1tau.csv,2.3591458758950923,138.78787388633248,138.00122910750613,0.7866447788263429
0.3C dc.csv,0.3+0.7 1tau.csv,2.360776246230887,138.8837887673215,138.0373206720437,0.8464680952777996
0.3C dc.csv,0.3+0.7 1tau.csv,2.362406616566682,138.97970350475362,138.07955629420863,0.9001472105449864
0.3C dc.csv,0.3+0.7 1tau.csv,2.3640369869024767,139.07561862098967,138.13523122353476,0.9403873974549128
0.3C dc.csv,0.3+0.7 1tau.csv,2.3656673572382716,139.17153389515914,138.91959233264862,0.2519415625105239
0.3C dc.csv,0.3+0.7 1tau.csv,2.3672977275740665,139.26744895621914,138.9519144839673,0.3155344722518407
0.3C dc.csv,0.3+0.7 1tau.csv,2.368928097909861,139.36336369813654,138.98237374773322,0.3809899504033183
0.3C dc.csv,0.3+0.7 1tau.csv,2.370558468245656,139.4592782119381,139.01176366230655,0.44751454963156334
0.3C dc.csv,0.3+0.7 1tau.csv,2.372188838581451,139.5551928673445,139.04064456877674,0.5145482985677461
0.3C dc.csv,0.3+0.7 1tau.csv,2.373819208917246,139.651107490654,139.06952484371536,0.5815826469386423
0.3C dc.csv,0.3+0.7 1tau.csv,2.3754495792530403,139.74702249343503,139.09892791744448,0.648094575990541
0.3C dc.csv,0.3+0.7 1tau.csv,2.3770799495888353,139.84293770023498,139.12941323195471,0.7135244682802693
0.3C dc.csv,0.3+0.7 1tau.csv,2.3787103199246302,139.9388526012967,139.1617734405288,0.7770791607678973
0.3C dc.csv,0.3+0.7 1tau.csv,2.3803406902604247,140.03476752682465,139.19727093617635,0.8374965906482998
0.3C dc.csv,0.3+0.7 1tau.csv,2.3819710605962197,140.1306820604606,139.23811720690608,0.8925648535545179
0.3C dc.csv,0.3+0.7 1tau.csv,2.3836014309320146,140.22659619091203,139.29052719425462,0.9360689966574114
0.3C dc.csv,0.3+0.7 1tau.csv,2.3852318012678095,140.3225109769053,140.08011965958195,0.24239131732335295
0.3C dc.csv,0.3+0.7 1tau.csv,2.386862171603604,140.41842529020064,140.1128459710558,0.30557931914484016
0.3C dc.csv,0.3+0.7 1tau.csv,2.388492541939399,140.51434019999465,140.14356001806252,0.37078018193213325
0.3C dc.csv,0.3+0.7 1tau.csv,2.390122912275194,140.6102549819701,140.17307908963937,0.4371758923307141
0.3C dc.csv,0.3+0.7 1tau.csv,2.3917532826109884,140.70616980851145,140.2019854435469,0.5041843649645443
0.3C dc.csv,0.3+0.7 1tau.csv,2.3933836529467833,140.8020847386524,140.23084173386803,0.5712430047843782
0.3C dc.csv,0.3+0.7 1tau.csv,2.3950140232825783,140.8979998206873,140.26011078786817,0.6378890328191176
0.3C dc.csv,0.3+0.7 1tau.csv,2.3966443936183732,140.99391514717712,140.2903389536116,0.7035761935655103
0.3C dc.csv,0.3+0.7 1tau.csv,2.3982747639541677,141.0898303477762,140.3223352769779,0.7674950707983044
0.3C dc.csv,0.3+0.7 1tau.csv,2.3999051342899627,141.1857450592002,140.3571825652582,0.8285624939420018
0.3C dc.csv,0.3+0.7 1tau.csv,2.4015355046257576,141.28165966762873,140.3971385167488,0.8845211508799196
0.3C dc.csv,0.3+0.7 1tau.csv,2.403165874961552,141.3775738959513,140.44705907369274,0.9305148222585444
0.3C dc.csv,0.3+0.7 1tau.csv,2.404796245297347,141.47348801447214,140.53593173012118,0.9375562843509613
0.3C dc.csv,0.3+0.7 1tau.csv,2.406426615633142,141.5694018577931,141.27379491727626,0.29560694051684777
0.3C dc.csv,0.3+0.7 1tau.csv,2.4080569859689365,141.66531584055073,141.3047131089582,0.360602731592536
0.3C dc.csv,0.3+0.7 1tau.csv,2.4096873563047314,141.7612301385471,141.33434341764092,0.4268867209061682
0.3C dc.csv,0.3+0.7 1tau.csv,2.4113177266405263,141.85714419374722,141.3633282971975,0.49381589654970526
0.3C dc.csv,0.3+0.7 1tau.csv,2.4129480969763213,141.95305897980623,141.39215528502652,0.5609036947797108
0.3C dc.csv,0.3+0.7 1tau.csv,2.414578467312116,142.0489735155096,141.42132013979446,0.6276533757151412
0.3C dc.csv,0.3+0.7 1tau.csv,2.4162088376479107,142.14488802990323,141.45140740234214,0.6934806275610867
0.3C dc.csv,0.3+0.7 1tau.csv,2.4178392079837057,142.24080260723306,141.4830894232375,0.7577131839955769
0.3C dc.csv,0.3+0.7 1tau.csv,2.4194695783195,142.3367172623931,141.5174135078492,0.8193037545439097
0.3C dc.csv,0.3+0.7 1tau.csv,2.421099948655295,142.43263229055916,141.55614411228007,0.8764881782790894
0.3C dc.csv,0.3+0.7 1tau.csv,2.42273031899109,142.52854719813251,141.60388513230504,0.9246620658274765
0.3C dc.csv,0.3+0.7 1tau.csv,2.424360689326885,142.62446232738944,141.67926533364036,0.9451969937490787
0.3C dc.csv,0.3+0.7 1tau.csv,2.4259910596626795,142.72037763677585,142.43457213561652,0.2858055011593308
0.3C dc.csv,0.3+0.7 1tau.csv,2.4276214299984744,142.81629257773238,142.4657950117321,0.3504975660002856
0.3C dc.csv,0.3+0.7 1tau.csv,2.4292518003342694,142.91220769537028,142.49561313612716,0.41659455924312283
0.3C dc.csv,0.3+0.7 1tau.csv,2.430882170670064,143.00812198455375,142.52467110673925,0.483450877814505
0.3C dc.csv,0.3+0.7 1tau.csv,2.432512541005859,143.10403637857925,142.55348365048798,0.5505527280912759
0.3C dc.csv,0.3+0.7 1tau.csv,2.4341429113416537,143.19995110462233,142.5825803429377,0.61737076168464
0.3C dc.csv,0.3+0.7 1tau.csv,2.4357732816774487,143.2958658817333,142.6124708466095,0.6833950351237945
0.3C dc.csv,0.3+0.7 1tau.csv,2.437403652013243,143.39177978808405,142.6438205494538,0.7479592386302443
0.3C dc.csv,0.3+0.7 1tau.csv,2.439034022349038,143.48769406219878,142.67763979390014,0.8100542682986429
0.3C dc.csv,0.3+0.7 1tau.csv,2.440664392684833,143.5836086081003,142.71562874799542,0.8679798601048674
0.3C dc.csv,0.3+0.7 1tau.csv,2.4422947630206275,143.67952335410368,142.76139252841205,0.9181308256916338
0.3C dc.csv,0.3+0.7 1tau.csv,2.4439251333564225,143.77543795420564,142.82854344045336,0.9468945137522837
0.3C dc.csv,0.3+0.7 1tau.csv,2.4455555036922174,143.87135223450443,143.5953546162387,0.275997618265734
0.3C dc.csv,0.3+0.7 1tau.csv,2.4471858740280124,143.96726653238534,143.62689101149377,0.34037552089156975
0.3C dc.csv,0.3+0.7 1tau.csv,2.448816244363807,144.0631810047539,143.6568904281668,0.40629057658708234
0.3C dc.csv,0.3+0.7 1tau.csv,2.450446614699602,144.15909532022425,143.68599702611522,0.47309829410903603
0.3C dc.csv,0.3+0.7 1tau.csv,2.4520769850353967,144.25501005299375,143.7148240497463,0.5401860032474417
0.3C dc.csv,0.3+0.7 1tau.csv,2.4537073553711912,144.3509245386605,143.74383349996256,0.6070910386979449
0.3C dc.csv,0.3+0.7 1tau.csv,2.455337725706986,144.44683953885033,143.77352051908485,0.6733190197654721
0.3C dc.csv,0.3+0.7 1tau.csv,2.456968096042781,144.54275447235,143.80460725528565,0.7381472170643519
0.3C dc.csv,0.3+0.7 1tau.csv,2.458598466378576,144.63866918775767,143.83794171148077,0.8007274762769043
0.3C dc.csv,0.3+0.7 1tau.csv,2.4602288367143705,144.73458418734236,143.87506456637828,0.859519620964079
0.3C dc.csv,0.3+0.7 1tau.csv,2.4618592070501655,144.83049923873224,143.91924837328938,0.9112508654428666
0.3C dc.csv,0.3+0.7 1tau.csv,2.4634895773859604,144.92641424298205,143.98075669898296,0.94565754399909
0.3C dc.csv,0.3+0.7 1tau.csv,2.465119947721755,145.02232932517697,144.75613486504218,0.2661944601347841
0.3C dc.csv,0.3+0.7 1tau.csv,2.46675031805755,145.11824425917192,144.78794199702787,0.3303022621440448
0.3C dc.csv,0.3+0.7 1tau.csv,2.468380688393345,145.21415859659896,144.81809048689416,0.39606810970479955
0.3C dc.csv,0.3+0.7 1tau.csv,2.4700110587291397,145.3100733743696,144.84731873167476,0.462754642694847
0.3C dc.csv,0.3+0.7 1tau.csv,2.4716414290649342,145.40598809340355,144.87616148068983,0.5298266127137197
0.3C dc.csv,0.3+0.7 1tau.csv,2.473271799400729,145.50190267998298,144.90509831814128,0.5968043618416914
0.3C dc.csv,0.3+0.7 1tau.csv,2.474902169736524,145.59781699423567,144.9346871693171,0.6631298249185704
0.3C dc.csv,0.3+0.7 1tau.csv,2.4765325400723186,145.69373141455122,144.96551347990746,0.7282179346437658
0.3C dc.csv,0.3+0.7 1tau.csv,2.4781629104081135,145.78964608484154,144.99843087012735,0.7912152147141853
0.3C dc.csv,0.3+0.7 1tau.csv,2.4797932807439085,145.88556127395756,145.03481981363814,0.8507414603194263
0.3C dc.csv,0.3+0.7 1tau.csv,2.4814236510797034,145.98147606324108,145.07748879277958,0.9039872704614993
0.3C dc.csv,0.3+0.7 1tau.csv,2.483054021415498,146.07739140002192,145.13462331349618,0.9427680865257457
0.3C dc.csv,0.3+0.7 1tau.csv,2.484684391751293,146.17330691686482,145.9167121662024,0.25659475066242976
0.3C dc.csv,0.3+0.7 1tau.csv,2.486314762087088,146.2692224164207,145.94890626208556,0.3203161543351314
0.3C dc.csv,0.3+0.7 1tau.csv,2.4879451324228823,146.36513775650567,145.97929570591336,0.38584205059231635
0.3C dc.csv,0.3+0.7 1tau.csv,2.4895755027586772,146.46105324920728,146.00864358670512,0.45240966250216275
0.3C dc.csv,0.3+0.7 1tau.csv,2.491205873094472,146.55696843463247,146.03750031661053,0.5194681180219334
0.3C dc.csv,0.3+0.7 1tau.csv,2.492836243430267,146.65288302018004,146.06640537366096,0.5864776465190857
0.3C dc.csv,0.3+0.7 1tau.csv,2.4944666137660616,146.74879755228056,146.09584764523828,0.6529499070422844
0.3C dc.csv,0.3+0.7 1tau.csv,2.4960969841018565,146.8447116121301,146.12640171903877,0.7183098930913445
0.3C dc.csv,0.3+0.7 1tau.csv,2.4977273544376515,146.94062508682387,146.15889235130643,0.781732735517437
0.3C dc.csv,0.3+0.7 1tau.csv,2.499357724773446,147.0365392111739,146.1946488718784,0.841890339295503
0.3C dc.csv,0.3+0.7 1tau.csv,2.500988095109241,147.13245335447473,146.23603044071032,0.8964229137644111
0.3C dc.csv,0.3+0.7 1tau.csv,2.502618465445036,147.22836759431593,146.28951304675374,0.9388545475621868
0.3C dc.csv,0.3+0.7 1tau.csv,2.504248835780831,147.32428136729735,147.07731488061586,0.24696648668148669
0.3C dc.csv,0.3+0.7 1tau.csv,2.5058792061166253,147.42019489779634,147.1098872713558,0.3103076264405331
0.3C dc.csv,0.3+0.7 1tau.csv,2.5075095764524202,147.5161086720647,147.1405111024441,0.3755975696205951
0.3C dc.csv,0.3+0.7 1tau.csv,2.509139946788215,147.6120228212356,147.16994101221533,0.44208180902026584
0.3C dc.csv,0.3+0.7 1tau.csv,2.5107703171240097,147.70793723912965,147.19884515801778,0.5090920811118735
0.3C dc.csv,0.3+0.7 1tau.csv,2.5124006874598046,147.8038520141569,147.22770932129163,0.5761426928652611
0.3C dc.csv,0.3+0.7 1tau.csv,2.5140310577955995,147.89976667559264,147.25699894530248,0.64276773029016
0.3C dc.csv,0.3+0.7 1tau.csv,2.515661428131394,147.99568172860478,147.28735791843107,0.7083238101737095
0.3C dc.csv,0.3+0.7 1tau.csv,2.517291798467189,148.0915975125057,147.3195047273152,0.7720927851904946
0.3C dc.csv,0.3+0.7 1tau.csv,2.518922168802984,148.18751262994383,147.35457122412592,0.8329414058179054
0.3C dc.csv,0.3+0.7 1tau.csv,2.520552539138779,148.28342758282474,147.3948733293804,0.8885542534443402
0.3C dc.csv,0.3+0.7 1tau.csv,2.5221829094745734,148.3793422770753,147.44575152220324,0.933590754872057
0.3C dc.csv,0.3+0.7 1tau.csv,2.5238132798103683,148.47525659601808,147.5439767635596,0.9312798324584719
0.3C dc.csv,0.3+0.7 1tau.csv,2.5254436501461632,148.57117098603376,148.26996105504486,0.3012099309889038
0.3C dc.csv,0.3+0.7 1tau.csv,2.5270740204819577,148.66708583416676,148.30074260977278,0.3663432243939724
0.3C dc.csv,0.3+0.7 1tau.csv,2.5287043908177527,148.76299996133517,148.33030889642677,0.43269106490839704
0.3C dc.csv,0.3+0.7 1tau.csv,2.5303347611535476,148.85891450180685,148.35926473912673,0.4996497626801215
0.3C dc.csv,0.3+0.7 1tau.csv,2.5319651314893425,148.95482933292553,148.38809129791812,0.566738035007404
0.3C dc.csv,0.3+0.7 1tau.csv,2.533595501825137,149.05074416409687,148.41732965227354,0.6334145118233323
0.3C dc.csv,0.3+0.7 1tau.csv,2.535225872160932,149.14665849633138,148.44751937003065,0.6991391263007358
0.3C dc.csv,0.3+0.7 1tau.csv,2.536856242496727,149.2425728415285,148.4793752401905,0.7631976013379926
0.3C dc.csv,0.3+0.7 1tau.csv,2.5384866128325214,149.3384866117613,148.51400329366612,0.82448331809519
0.3C dc.csv,0.3+0.7 1tau.csv,2.5401169831683164,149.43440069745625,148.55328985137677,0.8811108460794799
0.3C dc.csv,0.3+0.7 1tau.csv,2.5417473535041113,149.53031481038204,148.60216176519097,0.9281530451910669
0.3C dc.csv,0.3+0.7 1tau.csv,2.5433777238399062,149.6262291871237,148.6838466415629,0.9423825455608039
0.3C dc.csv,0.3+0.7 1tau.csv,2.5450080941757007,149.72214338410788,149.43078217904835,0.29136120505953045
0.3C dc.csv,0.3+0.7 1tau.csv,2.5466384645114957,149.81805759429454,149.46186259314612,0.3561950011484214
0.3C dc.csv,0.3+0.7 1tau.csv,2.5482688348472906,149.91397150569412,149.49159791535868,0.42237359033543953
0.3C dc.csv,0.3+0.7 1tau.csv,2.549899205183085,150.0098854032733,149.5206065211745,0.48927888209880166
0.3C dc.csv,0.3+0.7 1tau.csv,2.55152957551888,150.10579941222719,149.5494852257638,0.5563141864633963
0.3C dc.csv,0.3+0.7 1tau.csv,2.553159945854675,150.2017136214701,149.57893676977633,0.6227768516937715
0.3C dc.csv,0.3+0.7 1tau.csv,2.55479031619047,150.29762806734337,149.60832581188043,0.689302255462934
0.3C dc.csv,0.3+0.7 1tau.csv,2.5564206865262644,150.39354248498512,149.63771485398456,0.7558276310005567
0.3C dc.csv,0.3+0.7 1tau.csv,2.5580510568620594,150.48945702078547,149.6668492975641,0.8226077232213527
0.3C dc.csv,0.3+0.7 1tau.csv,2.5596814271978543,150.5853713317275,149.69576336671324,0.8896079650142497
0.3C dc.csv,0.3+0.7 1tau.csv,2.561311797533649,150.68128571159716,149.72575008798623,0.9555356236109276
0.3C dc.csv,0.3+0.7 1tau.csv,2.5629421678694437,150.77720054378793,149.7567339860998,1.0204665576881382
0.3C dc.csv,0.3+0.7 1tau.csv,2.5645725382052387,150.8731154194493,149.78851023047156,1.084605188977747
0.3C dc.csv,0.3+0.7 1tau.csv,2.5662029085410336,150.96903015784952,149.82101183630837,1.1480183215411444
0.3C dc.csv,0.3+0.7 1tau.csv,2.567833278876828,151.06494518905586,149.85417417847884,1.2107710105770195
0.3C dc.csv,0.3+0.7 1tau.csv,2.569463649212623,151.1608599859968,149.88796315551252,1.2728968304842851
0.3C dc.csv,0.3+0.7 1tau.csv,2.571094019548418,151.25677463285066,149.92236395646356,1.3344106763871082
0.3C dc.csv,0.3+0.7 1tau.csv,2.5727243898842125,151.35268921401916,149.95734877399113,1.3953404400280363
0.3C dc.csv,0.3+0.7 1tau.csv,2.5743547602200074,151.44860335413105,149.99290064344268,1.4557027106883709
0.3C dc.csv,0.3+0.7 1tau.csv,2.5759851305558024,151.54451815242763,150.02899919566764,1.5155189567599905
0.3C dc.csv,0.3+0.7 1tau.csv,2.5776155008915973,151.64043255131693,150.06563428610337,1.574798265213559
0.3C dc.csv,0.3+0.7 1tau.csv,2.579245871227392,151.7363471789291,150.1027866853997,1.6335604935293873
0.3C dc.csv,0.3+0.7 1tau.csv,2.5808762415631867,151.83226208835472,150.1404543422118,1.6918077461429277
0.3C dc.csv,0.3+0.7 1tau.csv,2.5825066118989817,151.9281768628285,150.1786365829164,1.749540279912111
0.3C dc.csv,0.3+0.7 1tau.csv,2.584136982234776,152.02409210582198,150.21728732386228,1.8068047819596984
0.3C dc.csv,0.3+0.7 1tau.csv,2.585767352570571,152.12000704006277,150.25639633288682,1.8636107071759511
0.3C dc.csv,0.3+0.7 1tau.csv,2.587397722906366,152.21592146325366,150.29597323478845,1.9199482284652163
0.3C dc.csv,0.3+0.7 1tau.csv,2.589028093242161,152.31183567428602,150.33599130389078,1.9758443703952366
0.3C dc.csv,0.3+0.7 1tau.csv,2.5906584635779555,152.40774951720024,150.37646108907484,2.031288428125407
0.3C dc.csv,0.3+0.7 1tau.csv,2.5922888339137504,152.5036635012916,150.41734390715084,2.0863195941407753
0.3C dc.csv,0.3+0.7 1tau.csv,2.5939192042495454,152.5995774511718,150.45862989830644,2.140947552865356
0.3C dc.csv,0.3+0.7 1tau.csv,2.59554957458534,152.6954917360086,150.50033427975558,2.195157456253014
0.3C dc.csv,0.3+0.7 1tau.csv,2.597179944921135,152.79140607367273,150.5424160157573,2.248990057915421
0.3C dc.csv,0.3+0.7 1tau.csv,2.5988103152569297,152.88732017473984,150.58486924008903,2.302450934650807
0.3C dc.csv,0.3+0.7 1tau.csv,2.6004406855927247,152.98323429519388,150.62768755296096,2.3555467422329173
0.3C dc.csv,0.3+0.7 1tau.csv,2.602071055928519,153.07914846743287,150.67085986539365,2.408288602039221
0.3C dc.csv,0.3+0.7 1tau.csv,2.603701426264314,153.1750624549539,150.71438953761077,2.4606729173431177
0.3C dc.csv,0.3+0.7 1tau.csv,2.605331796600109,153.2709764624767,150.75825447459334,2.512721987883367
0.3C dc.csv,0.3+0.7 1tau.csv,2.6069621669359035,153.3668906117264,150.80244088680303,2.564449724923378
0.3C dc.csv,0.3+0.7 1tau.csv,2.6085925372716985,153.46280498544726,150.84695165652633,2.6158533289209345
0.3C dc.csv,0.3+0.7 1tau.csv,2.6102229076074934,153.55871959705917,150.89177066922275,2.6669489278364154
0.3C dc.csv,0.3+0.7 1tau.csv,2.611853277943288,153.65463372113388,150.9368973377991,2.717736383334767
0.3C dc.csv,0.3+0.7 1tau.csv,2.613483648279083,153.75054771091757,150.9823254977846,2.7682222131329866
0.3C dc.csv,0.3+0.7 1tau.csv,2.615114018614878,153.8464614098499,151.0280434486091,2.818417961240783
0.3C dc.csv,0.3+0.7 1tau.csv,2.6167443889506727,153.94237580991248,151.0740616221961,2.868314187716379
0.3C dc.csv,0.3+0.7 1tau.csv,2.6183747592864672,154.0382905462787,151.12036265840098,2.9179278878777097
0.3C dc.csv,0.3+0.7 1tau.csv,2.620005129622262,154.1342055353822,151.16693974117004,2.967265794212153
0.3C dc.csv,0.3+0.7 1tau.csv,2.621635499958057,154.23011982184758,151.21378364307813,3.01633617876945
0.3C dc.csv,0.3+0.7 1tau.csv,2.6232658702938516,154.32603408113886,151.26090811299008,3.0651259681487772
0.3C dc.csv,0.3+0.7 1tau.csv,2.6248962406296465,154.42194868757596,151.3082932111015,3.113655476474463
0.3C dc.csv,0.3+0.7 1tau.csv,2.6265266109654415,154.51786355257144,151.35593705571543,3.1619264968560117
0.3C dc.csv,0.3+0.7 1tau.csv,2.6281569813012364,154.61377800069658,151.40385063694262,3.2099273637539625
0.3C dc.csv,0.3+0.7 1tau.csv,2.629787351637031,154.7096924537405,151.45203401226854,3.2576584414719605
0.3C dc.csv,0.3+0.7 1tau.csv,2.631417721972826,154.80560702338929,151.5004703509092,3.3051366724800744
0.3C dc.csv,0.3+0.7 1tau.csv,2.633048092308621,154.90152173330787,151.54915301044352,3.3523687228643553
0.3C dc.csv,0.3+0.7 1tau.csv,2.6346784626444153,154.99743655576626,151.59808704434755,3.3993495114187056
0.3C dc.csv,0.3+0.7 1tau.csv,2.6363088329802102,155.0933509247535,151.64727988817629,3.446071036577223
0.3C dc.csv,0.3+0.7 1tau.csv,2.637939203316005,155.18926492102844,151.69671273336968,3.4925521876587595
0.3C dc.csv,0.3+0.7 1tau.csv,2.6395695736518,155.28517891466302,151.7463839427253,3.538794971937733
0.3C dc.csv,0.3+0.7 1tau.csv,2.6411999439875946,155.38109331458293,151.79630050083907,3.58479281374386
0.3C dc.csv,0.3+0.7 1tau.csv,2.6428303143233896,155.4770082954534,151.8464620672813,3.6305462281721077
0.3C dc.csv,0.3+0.7 1tau.csv,2.6444606846591845,155.5729232229436,151.89685996652042,3.676063256423163
0.3C dc.csv,0.3+0.7 1tau.csv,2.646091054994979,155.6688382388208,151.94749883413846,3.7213394046823396
0.3C dc.csv,0.3+0.7 1tau.csv,2.647721425330774,155.76475269298294,151.9983715798815,3.7663811131014313
0.3C dc.csv,0.3+0.7 1tau.csv,2.649351795666569,155.86066682108992,152.04947979789108,3.8111870231988405
0.3C dc.csv,0.3+0.7 1tau.csv,2.650982166002364,155.95658123700952,152.1008273505239,3.8557538864856156
0.3C dc.csv,0.3+0.7 1tau.csv,2.6526125363381583,156.05249585276647,152.15241342318123,3.9000824295852397
0.3C dc.csv,0.3+0.7 1tau.csv,2.6542429066739532,156.1484104195393,152.204219365882,3.9441910536572777
0.3C dc.csv,0.3+0.7 1tau.csv,2.655873277009748,156.24432472074076,152.2562657425329,3.9880589782078744
0.3C dc.csv,0.3+0.7 1tau.csv,2.6575036473455427,156.34023926554937,152.30854247538244,4.031696790166933
0.3C dc.csv,0.3+0.7 1tau.csv,2.6591340176813376,156.43615397429426,152.36104425255257,4.075109721741683
0.3C dc.csv,0.3+0.7 1tau.csv,2.6607643880171326,156.53206905773015,152.41376749531634,4.118301562413819
0.3C dc.csv,0.3+0.7 1tau.csv,2.6623947583529275,156.62798413382612,152.46672517573526,4.161258958090855
0.3C dc.csv,0.3+0.7 1tau.csv,2.664025128688722,156.7238992922773,152.51991844204753,4.203980850229783
0.3C dc.csv,0.3+0.7 1tau.csv,2.665655499024517,156.81981443994349,152.57332282514932,4.2464916147941665
0.3C dc.csv,0.3+0.7 1tau.csv,2.667285869360312,156.9157295940074,152.62695254326078,4.288777050746603
0.3C dc.csv,0.3+0.7 1tau.csv,2.6689162396961064,157.0116446494582,152.6808233053079,4.33082134415028
0.3C dc.csv,0.3+0.7 1tau.csv,2.6705466100319013,157.10755971230304,152.73492234425822,4.3726373680448205
0.3C dc.csv,0.3+0.7 1tau.csv,2.6721769803676962,157.20347494645594,152.78924324826863,4.414231698187308
0.3C dc.csv,0.3+0.7 1tau.csv,2.673807350703491,157.2993904208671,152.84378774635724,4.455602674509862
0.3C dc.csv,0.3+0.7 1tau.csv,2.6754377210392857,157.39530551633226,152.898557687117,4.496747829215252
0.3C dc.csv,0.3+0.7 1tau.csv,2.6770680913750806,157.49122021541197,152.95355154454225,4.537668670869721
0.3C dc.csv,0.3+0.7 1tau.csv,2.6786984617108756,157.5871350777274,153.0087837301459,4.578351347581503
0.3C dc.csv,0.3+0.7 1tau.csv,2.68032883204667,157.68304960350952,153.06423380750354,4.6188157960059755
0.3C dc.csv,0.3+0.7 1tau.csv,2.681959202382465,157.77896426230708,153.11991491437803,4.659049347929056
0.3C dc.csv,0.3+0.7 1tau.csv,2.68358957271826,157.8748785312025,153.1758271419357,4.699051389266799
0.3C dc.csv,0.3+0.7 1tau.csv,2.685219943054055,157.97079240201273,153.23198593935848,4.738806462654253
0.3C dc.csv,0.3+0.7 1tau.csv,2.6868503133898494,158.06670680573848,153.28834738823178,4.778359417506692
0.3C dc.csv,0.3+0.7 1tau.csv,2.6884806837256443,158.16262097718226,153.34493161736836,4.8176893598138975
0.3C dc.csv,0.3+0.7 1tau.csv,2.6901110540614392,158.25853541570822,153.4017275480042,4.8568078677040205
0.3C dc.csv,0.3+0.7 1tau.csv,2.6917414243972337,158.35444992018094,153.45877894360345,4.895670976577492
0.3C dc.csv,0.3+0.7 1tau.csv,2.6933717947330287,158.4503643345048,153.51604509962755,4.93431923487725
0.3C dc.csv,0.3+0.7 1tau.csv,2.6950021650688236,158.54627882396096,153.5735243572532,4.972754466707755
0.3C dc.csv,0.3+0.7 1tau.csv,2.6966325354046186,158.64219292743402,153.63124325614547,5.010949671288557
0.3C dc.csv,0.3+0.7 1tau.csv,2.698262905740413,158.738106466835,153.68919885154304,5.0489076152919665
0.3C dc.csv,0.3+0.7 1tau.csv,2.699893276076208,158.8340204005179,153.747372496792,5.08664790372589
0.3C dc.csv,0.3+0.7 1tau.csv,2.701523646412003,158.9299346353948,153.80576696814703,5.124167667247775
0.3C dc.csv,0.3+0.7 1tau.csv,2.7031540167477974,159.02584920094438,153.86439155756563,5.161457643378753
0.3C dc.csv,0.3+0.7 1tau.csv,2.7047843870835924,159.12176340121903,153.92323534613453,5.198528055084495
0.3C dc.csv,0.3+0.7 1tau.csv,2.7064147574193873,159.21767771523042,153.98231249228556,5.235365222944864
0.3C dc.csv,0.3+0.7 1tau.csv,2.708045127755182,159.31359190268356,154.04163090525228,5.271960997431279
0.3C dc.csv,0.3+0.7 1tau.csv,2.7096754980909767,159.4095065768391,154.10115878562215,5.30834779121696
0.3C dc.csv,0.3+0.7 1tau.csv,2.7113058684267717,159.50542120553064,154.16091020358633,5.344511001944312
0.3C dc.csv,0.3+0.7 1tau.csv,2.7129362387625666,159.60133557924027,154.2208858835363,5.380449695703959
0.3C dc.csv,0.3+0.7 1tau.csv,2.714566609098361,159.69724987505433,154.28107881127949,5.41617106377484
0.3C dc.csv,0.3+0.7 1tau.csv,2.716196979434156,159.79316388342826,154.34151273819606,5.451651145232205
0.3C dc.csv,0.3+0.7 1tau.csv,2.717827349769951,159.88907785870498,154.40218185856904,5.486896000135943
0.3C dc.csv,0.3+0.7 1tau.csv,2.7194577201057455,159.98499228481973,154.4630593937027,5.521932891117018
0.3C dc.csv,0.3+0.7 1tau.csv,2.7210880904415404,160.08090702774646,154.5241643214862,5.556742706260252
0.3C dc.csv,0.3+0.7 1tau.csv,2.7227184607773354,160.1768220853079,154.58551017871966,5.591311906588231
0.3C dc.csv,0.3+0.7 1tau.csv,2.7243488311131303,160.27273687276653,154.64706936525653,5.625667507510002
0.3C dc.csv,0.3+0.7 1tau.csv,2.725979201448925,160.36865122229912,154.70884769516107,5.6598035271380525
0.3C dc.csv,0.3+0.7 1tau.csv,2.7276095717847197,160.4645653629207,154.7708688159935,5.693696546927185
0.3C dc.csv,0.3+0.7 1tau.csv,2.7292399421205147,160.56047953111516,154.83310338521107,5.727376145904088
0.3C dc.csv,0.3+0.7 1tau.csv,2.730870312456309,160.6563936628772,154.8955518271034,5.760841835773817
0.3C dc.csv,0.3+0.7 1tau.csv,2.732500682792104,160.7523083207319,154.9582365206925,5.794071800039404
0.3C dc.csv,0.3+0.7 1tau.csv,2.734131053127899,160.84822308458524,155.02113509082045,5.827087993764792
0.3C dc.csv,0.3+0.7 1tau.csv,2.735761423463694,160.94413769574965,155.0842642035868,5.859873492162848
0.3C dc.csv,0.3+0.7 1tau.csv,2.7373917937994885,161.04005214658193,155.1476269160329,5.892425230549037
0.3C dc.csv,0.3+0.7 1tau.csv,2.7390221641352834,161.13596684783218,155.21122496675733,5.924741881074851
0.3C dc.csv,0.3+0.7 1tau.csv,2.7406525344710784,161.231882506036,155.2750408751361,5.9568416308998735
0.3C dc.csv,0.3+0.7 1tau.csv,2.742282904806873,161.3277980196464,155.3390599642319,5.988738055414501
0.3C dc.csv,0.3+0.7 1tau.csv,2.743913275142668,161.42371303348716,155.4033127769509,6.020400256536249
0.3C dc.csv,0.3+0.7 1tau.csv,2.7455436454784627,161.51962822668406,155.46779700507344,6.051831221610627
0.3C dc.csv,0.3+0.7 1tau.csv,2.7471740158142577,161.61554375702804,155.5324949028679,6.0830488541601255
0.3C dc.csv,0.3+0.7 1tau.csv,2.748804386150052,161.7114590623259,155.59739378767154,6.114065274654365
0.3C dc.csv,0.3+0.7 1tau.csv,2.750434756485847,161.80737431471633,155.66251484305707,6.1448594716592595
0.3C dc.csv,0.3+0.7 1tau.csv,2.752065126821642,161.9032889251013,155.7278713740881,6.175417551013197
0.3C dc.csv,0.3+0.7 1tau.csv,2.7536954971574366,161.99920333042,155.79344269678415,6.205760633635833
0.3C dc.csv,0.3+0.7 1tau.csv,2.7553258674932315,162.09511765351533,155.85925352832103,6.235864125194297
0.3C dc.csv,0.3+0.7 1tau.csv,2.7569562378290264,162.1910328083458,155.92527058384903,6.265762224496768
0.3C dc.csv,0.3+0.7 1tau.csv,2.7585866081648214,162.28694780677841,155.9914962933356,6.295451513442828
0.3C dc.csv,0.3+0.7 1tau.csv,2.760216978500616,162.3828624888124,156.05794770072856,6.324914788083845
0.3C dc.csv,0.3+0.7 1tau.csv,2.761847348836411,162.47877727120363,156.1246253714147,6.354151899788917
0.3C dc.csv,0.3+0.7 1tau.csv,2.7634777191722057,162.57469199540324,156.1915114211164,6.383180574286854
0.3C dc.csv,0.3+0.7 1tau.csv,2.7651080895080002,162.67060655273968,156.25863075494996,6.411975797789722
0.3C dc.csv,0.3+0.7 1tau.csv,2.766738459843795,162.76652168926498,156.32596559849827,6.440556090766705
0.3C dc.csv,0.3+0.7 1tau.csv,2.76836883017959,162.86243685443708,156.39350960289727,6.46892725153981
0.3C dc.csv,0.3+0.7 1tau.csv,2.769999200515385,162.9583521665478,156.461282295581,6.497069870966811
0.3C dc.csv,0.3+0.7 1tau.csv,2.7716295708511796,163.05426763956362,156.5292701969713,6.5249974425923085
0.3C dc.csv,0.3+0.7 1tau.csv,2.7732599411869745,163.150182896816,156.59746089886892,6.5527219979470885
0.3C dc.csv,0.3+0.7 1tau.csv,2.7748903115227694,163.24609793931361,156.6658918443683,6.580206094945311
0.3C dc.csv,0.3+0.7 1tau.csv,2.776520681858564,163.34201395410776,156.7345311090238,6.6074828450839505
0.3C dc.csv,0.3+0.7 1tau.csv,2.778151052194359,163.43792970721444,156.8033858324955,6.634543874718929
0.3C dc.csv,0.3+0.7 1tau.csv,2.779781422530154,163.5338448232018,156.87245028630522,6.66139453689658
0.3C dc.csv,0.3+0.7 1tau.csv,2.7814117928659488,163.6297605594076,156.94173531949832,6.68802523990928
0.3C dc.csv,0.3+0.7 1tau.csv,2.7830421632017432,163.72567641385095,157.01124348923213,6.714432924618819
0.3C dc.csv,0.3+0.7 1tau.csv,2.784672533537538,163.82159224839236,157.08098130195856,6.740610946433804
0.3C dc.csv,0.3+0.7 1tau.csv,2.786302903873333,163.9175076315495,157.15092568320134,6.7665819483481755
0.3C dc.csv,0.3+0.7 1tau.csv,2.7879332742091276,164.01342251160477,157.22108197574278,6.792340535861996
0.3C dc.csv,0.3+0.7 1tau.csv,2.7895636445449226,164.1093374274493,157.29144408418793,6.817893343261375
0.3C dc.csv,0.3+0.7 1tau.csv,2.7911940148807175,164.2052529913812,157.36202968806137,6.8432233033198315
0.3C dc.csv,0.3+0.7 1tau.csv,2.7928243852165124,164.30116894805988,157.4328295014119,6.86833944664798
0.3C dc.csv,0.3+0.7 1tau.csv,2.794454755552307,164.39708484067333,157.50384174476486,6.893243095908474
0.3C dc.csv,0.3+0.7 1tau.csv,2.796085125888102,164.49299997658576,157.57504326764735,6.917956708938419
0.3C dc.csv,0.3+0.7 1tau.csv,2.797715496223897,164.58891537065446,157.64647908564822,6.942436285006238
0.3C dc.csv,0.3+0.7 1tau.csv,2.7993458665596913,164.6848309988211,157.71812679954124,6.96670419927986
0.3C dc.csv,0.3+0.7 1tau.csv,2.8009762368954862,164.78074663499294,157.7900017912975,6.990744843695438
0.3C dc.csv,0.3+0.7 1tau.csv,2.802606607231281,164.87666237336933,157.86208427717517,7.014578096194157
0.3C dc.csv,0.3+0.7 1tau.csv,2.8042369775670757,164.97257813844558,157.93436436894044,7.038213769505148
0.3C dc.csv,0.3+0.7 1tau.csv,2.8058673479028706,165.0684938541731,158.00687677585117,7.0616170783219445
0.3C dc.csv,0.3+0.7 1tau.csv,2.8074977182386656,165.1644093158039,158.0796057955314,7.084803520272516
0.3C dc.csv,0.3+0.7 1tau.csv,2.8091280885744605,165.26032452508522,158.15251739483068,7.1078071302545425
0.3C dc.csv,0.3+0.7 1tau.csv,2.810758458910255,165.3562396667694,158.22566720042218,7.130572466347218
0.3C dc.csv,0.3+0.7 1tau.csv,2.81238882924605,165.4521549960433,158.29901729979093,7.153137696252372
0.3C dc.csv,0.3+0.7 1tau.csv,2.814019199581845,165.5480702332793,158.37256358136082,7.175506651918482
0.3C dc.csv,0.3+0.7 1tau.csv,2.8156495699176394,165.64398602182072,158.44633380969893,7.197652212121795
0.3C dc.csv,0.3+0.7 1tau.csv,2.8172799402534343,165.7399012886199,158.52030613592822,7.2195951526916815
0.3C dc.csv,0.3+0.7 1tau.csv,2.8189103105892293,165.83581654372372,158.59449855755093,7.241317986172788
0.3C dc.csv,0.3+0.7 1tau.csv,2.820540680925024,165.93173193565067,158.66890649775783,7.262825437892843
0.3C dc.csv,0.3+0.7 1tau.csv,2.8221710512608187,166.0276472288869,158.7435029436639,7.284144285222993
0.3C dc.csv,0.3+0.7 1tau.csv,2.8238014215966136,166.12356269851782,158.81832335447183,7.305239344045987
0.3C dc.csv,0.3+0.7 1tau.csv,2.8254317919324086,166.21947820516135,158.8933448097759,7.326133395385455
0.3C dc.csv,0.3+0.7 1tau.csv,2.827062162268203,166.31539372717597,158.968590250182,7.346803476993983
0.3C dc.csv,0.3+0.7 1tau.csv,2.828692532603998,166.41130917869816,159.04403854269322,7.367270636004946
0.3C dc.csv,0.3+0.7 1tau.csv,2.830322902939793,166.5072250044296,159.11967637216986,7.387548632259751
0.3C dc.csv,0.3+0.7 1tau.csv,2.831953273275588,166.60314094163547,159.19555006070343,7.407590880932048
0.3C dc.csv,0.3+0.7 1tau.csv,2.8335836436113824,166.69905678723623,159.2716173306834,7.4274394565528326
0.3C dc.csv,0.3+0.7 1tau.csv,2.8352140139471773,166.7949727369498,159.34789264631942,7.447080090630379
0.3C dc.csv,0.3+0.7 1tau.csv,2.8368443842829723,166.89088870186328,159.4243958032562,7.466492898607072
0.3C dc.csv,0.3+0.7 1tau.csv,2.8384747546187667,166.98680463235192,159.50111487614615,7.4856897562057725
0.3C dc.csv,0.3+0.7 1tau.csv,2.8401051249545617,167.08272027019012,159.57804011175088,7.504680158439243
0.3C dc.csv,0.3+0.7 1tau.csv,2.8417354952903566,167.17863570461094,159.6551682715509,7.523467433060034
0.3C dc.csv,0.3+0.7 1tau.csv,2.8433658656261516,167.2745512258034,159.73251775823314,7.542033467570263
0.3C dc.csv,0.3+0.7 1tau.csv,2.844996235961946,167.3704668233043,159.8100815263172,7.560385296987107
0.3C dc.csv,0.3+0.7 1tau.csv,2.846626606297741,167.46638250423038,159.88787592932914,7.57850657490124
0.3C dc.csv,0.3+0.7 1tau.csv,2.848256976633536,167.56229812240073,159.9658696656446,7.5964284567561435
0.3C dc.csv,0.3+0.7 1tau.csv,2.8498873469693304,167.65821376628227,160.04408692614723,7.614126840135043
0.3C dc.csv,0.3+0.7 1tau.csv,2.8515177173051254,167.7541294585891,160.1225105387027,7.631618919886392
0.3C dc.csv,0.3+0.7 1tau.csv,2.8531480876409203,167.85004516485827,160.20113230139336,7.648912863464915
0.3C dc.csv,0.3+0.7 1tau.csv,2.8547784579767153,167.94596104815483,160.27998172942964,7.665979318725192
0.3C dc.csv,0.3+0.7 1tau.csv,2.8564088283125098,168.04187635677334,160.3590318949359,7.682844461837448
0.3C dc.csv,0.3+0.7 1tau.csv,2.8580391986483047,168.13779151926758,160.43828079087692,7.699510728390663
0.3C dc.csv,0.3+0.7 1tau.csv,2.8596695689840996,168.23370697322682,160.51773575206167,7.715971221165148
0.3C dc.csv,0.3+0.7 1tau.csv,2.861299939319894,168.32962244747108,160.59744262894176,7.732179818529318
0.3C dc.csv,0.3+0.7 1tau.csv,2.862930309655689,168.42553758958815,160.6773819146535,7.748155674934651
0.3C dc.csv,0.3+0.7 1tau.csv,2.864560679991484,168.5214523007284,160.75753788120736,7.763914419521058
0.3C dc.csv,0.3+0.7 1tau.csv,2.866191050327279,168.61736660226876,160.83792417985396,7.779442422414803
0.3C dc.csv,0.3+0.7 1tau.csv,2.8678214206630734,168.7132809113628,160.91850804642937,7.794772864933435
0.3C dc.csv,0.3+0.7 1tau.csv,2.8694517909988684,168.80919575884764,160.99929634911837,7.809899409729269
0.3C dc.csv,0.3+0.7 1tau.csv,2.8710821613346633,168.90511064822925,161.0803031797622,7.824807468467043
0.3C dc.csv,0.3+0.7 1tau.csv,2.872712531670458,169.00102562962175,161.16152618351273,7.839499446109016
0.3C dc.csv,0.3+0.7 1tau.csv,2.8743429020062528,169.09694066837045,161.24295555252522,7.853985115845234
0.3C dc.csv,0.3+0.7 1tau.csv,2.8759732723420477,169.19285530412535,161.32462494635814,7.868230357767203
0.3C dc.csv,0.3+0.7 1tau.csv,2.8776036426778426,169.28877001252397,161.4065037747053,7.882266237818669
0.3C dc.csv,0.3+0.7 1tau.csv,2.879234013013637,169.38468511255934,161.48862348560314,7.896061626956197
0.3C dc.csv,0.3+0.7 1tau.csv,2.880864383349432,169.4806000501037,161.57097231130413,7.909627738799571
0.3C dc.csv,0.3+0.7 1tau.csv,2.882494753685227,169.5765146413396,161.653542011315,7.922972630024589
0.3C dc.csv,0.3+0.7 1tau.csv,2.8841251240210215,169.67242876068718,161.7363230258868,7.936105734800378
0.3C dc.csv,0.3+0.7 1tau.csv,2.8857554943568164,169.76834297789827,161.81935471492307,7.948988262975206
0.3C dc.csv,0.3+0.7 1tau.csv,2.8873858646926114,169.86425728282506,161.9026187263619,7.961638556463157
0.3C dc.csv,0.3+0.7 1tau.csv,2.8890162350284063,169.96017143638306,161.9861138699348,7.974057566448266
0.3C dc.csv,0.3+0.7 1tau.csv,2.890646605364201,170.05608527277352,162.06982757193367,7.986257700839843
0.3C dc.csv,0.3+0.7 1tau.csv,2.8922769756999958,170.15199915726427,162.1537656226652,7.9982335345990805
0.3C dc.csv,0.3+0.7 1tau.csv,2.8939073460357907,170.24791328014308,162.23795686603518,8.009956414107904
0.3C dc.csv,0.3+0.7 1tau.csv,2.895537716371585,170.3438273655313,162.32238057911172,8.021446786419574
0.3C dc.csv,0.3+0.7 1tau.csv,2.89716808670738,170.4397416417639,162.4070213525817,8.032720289182208
0.3C dc.csv,0.3+0.7 1tau.csv,2.898798457043175,170.53565598557037,162.49189477294954,8.043761212620836
0.3C dc.csv,0.3+0.7 1tau.csv,2.9004288273789696,170.6315706421387,162.57700507892113,8.05456556321758
0.3C dc.csv,0.3+0.7 1tau.csv,2.9020591977147645,170.72748521361027,162.6623704927359,8.065114720874362
0.3C dc.csv,0.3+0.7 1tau.csv,2.9036895680505594,170.82340019907525,162.7479761315319,8.075424067543338
0.3C dc.csv,0.3+0.7 1tau.csv,2.9053199383863544,170.91931473337627,162.83380778790337,8.0855069454729
0.3C dc.csv,0.3+0.7 1tau.csv,2.906950308722149,171.01522925359043,162.9199060019216,8.095323251668844
0.3C dc.csv,0.3+0.7 1tau.csv,2.908580679057944,171.11114371356066,163.0062417280284,8.104901985532251
0.3C dc.csv,0.3+0.7 1tau.csv,2.9102110493937388,171.20705826997678,163.092808329558,8.114249940418773
0.3C dc.csv,0.3+0.7 1tau.csv,2.9118414197295333,171.30297318542696,163.17965305756977,8.123320127857198
0.3C dc.csv,0.3+0.7 1tau.csv,2.913471790065328,171.39888745603466,163.26673115992799,8.132156296106672
0.3C dc.csv,0.3+0.7 1tau.csv,2.915102160401123,171.49480203560617,163.35404671250453,8.140755323101644
0.3C dc.csv,0.3+0.7 1tau.csv,2.916732530736918,171.59071609303288,163.44160185380827,8.149114239224616
0.3C dc.csv,0.3+0.7 1tau.csv,2.9183629010727126,171.68663039992995,163.5294151966497,8.15721520328026
0.3C dc.csv,0.3+0.7 1tau.csv,2.9199932714085075,171.7825448889552,163.61749311660614,8.165051772349045
0.3C dc.csv,0.3+0.7 1tau.csv,2.9216236417443024,171.87845987384372,163.70581927012066,8.172640603723067
0.3C dc.csv,0.3+0.7 1tau.csv,2.923254012080097,171.97437491677425,163.79441030508892,8.179964611685335
0.3C dc.csv,0.3+0.7 1tau.csv,2.924884382415892,172.07028999048669,163.88325398261094,8.187036007875747
0.3C dc.csv,0.3+0.7 1tau.csv,2.926514752751687,172.16620506184458,163.97237245334856,8.193832608496024
0.3C dc.csv,0.3+0.7 1tau.csv,2.9281451230874818,172.26211979339237,164.06172561912172,8.200394174270656
0.3C dc.csv,0.3+0.7 1tau.csv,2.9297754934232763,172.3580342000095,164.15136867567404,8.206665524335477
0.3C dc.csv,0.3+0.7 1tau.csv,2.931405863759071,172.453949014909,164.24127578179335,8.212673233115652
0.3C dc.csv,0.3+0.7 1tau.csv,2.933036234094866,172.54986408551244,164.33147830792805,8.218385777584388
0.3C dc.csv,0.3+0.7 1tau.csv,2.9346666044306606,172.6457794796113,164.4219128457697,8.223866633841595
0.3C dc.csv,0.3+0.7 1tau.csv,2.9362969747664556,172.74169490634864,164.51266309254174,8.229031813806898
0.3C dc.csv,0.3+0.7 1tau.csv,2.9379273451022505,172.8376100812271,164.6036472648938,8.233962816333303
0.3C dc.csv,0.3+0.7 1tau.csv,2.9395577154380454,172.9335250202311,164.69491960573896,8.238605414492127
0.3C dc.csv,0.3+0.7 1tau.csv,2.94118808577384,173.0294400450225,164.78648899526712,8.24295104975539
0.3C dc.csv,0.3+0.7 1tau.csv,2.942818456109635,173.12535479330438,164.8783244318835,8.247030361420883
0.3C dc.csv,0.3+0.7 1tau.csv,2.94444882644543,173.221269662543,164.9704107089845,8.250858953558492
0.3C dc.csv,0.3+0.7 1tau.csv,2.9460791967812243,173.3171841807601,165.06279010815038,8.254394072609728
0.3C dc.csv,0.3+0.7 1tau.csv,2.9477095671170193,173.41309907525715,165.1554543820038,8.257644693253354
0.3C dc.csv,0.3+0.7 1tau.csv,2.949339937452814,173.50901421781714,165.2484428058557,8.26057141196145
0.3C dc.csv,0.3+0.7 1tau.csv,2.950970307788609,173.60492912788612,165.34171482397056,8.26321430391556
0.3C dc.csv,0.3+0.7 1tau.csv,2.9526006781244036,173.7008445654045,165.43529131734348,8.265553248061025
0.3C dc.csv,0.3+0.7 1tau.csv,2.9542310484601986,173.79676019167718,165.52915731588172,8.267602875795461
0.3C dc.csv,0.3+0.7 1tau.csv,2.9558614187959935,173.8926764599857,165.62333368067542,8.269342779310279
0.3C dc.csv,0.3+0.7 1tau.csv,2.957491789131788,173.98859227930177,165.71781085906505,8.270781420236716
0.3C dc.csv,0.3+0.7 1tau.csv,2.959122159467583,174.08450777817936,165.8125908241786,8.271916954000744
0.3C dc.csv,0.3+0.7 1tau.csv,2.960752529803378,174.1804229552631,165.90764885206923,8.272774103193882
0.3C dc.csv,0.3+0.7 1tau.csv,2.962382900139173,174.27633834911728,166.00307449931813,8.27326384979915
0.3C dc.csv,0.3+0.7 1tau.csv,2.9640132704749673,174.37225386691804,166.0987964433527,8.273457423565333
0.3C dc.csv,0.3+0.7 1tau.csv,2.9656436408107623,174.46816946191583,166.1948577539323,8.273311707983538
0.3C dc.csv,0.3+0.7 1tau.csv,2.967274011146557,174.56476068318966,166.29121848486778,8.273542198321877
0.3C dc.csv,0.3+0.7 1tau.csv,2.9689043814823517,174.66237318401744,166.3879187844314,8.274454399586034
0.3C dc.csv,0.3+0.7 1tau.csv,2.9705347518181466,174.76043482465337,166.48495748364036,8.275477341013016
0.3C dc.csv,0.3+0.7 1tau.csv,2.9721651221539416,174.85895275742445,166.58230647547416,8.276646281950292
0.3C dc.csv,0.3+0.7 1tau.csv,2.9737954924897365,174.9578853399365,166.68000438946876,8.277880950467733
0.3C dc.csv,0.3+0.7 1tau.csv,2.975425862825531,175.05725431282212,166.77804344310897,8.279210869713154
0.3C dc.csv,0.3+0.7 1tau.csv,2.977056233161326,175.15702595660377,166.87641781848797,8.28060813811581
0.3C dc.csv,0.3+0.7 1tau.csv,2.978686603497121,175.25723027295086,166.97510756620488,8.28212270674598
0.3C dc.csv,0.3+0.7 1tau.csv,2.9803169738329154,175.35786135264598,167.07419032492285,8.28367102772313
0.3C dc.csv,0.3+0.7 1tau.csv,2.9819473441687103,175.45890377949132,167.1735754095641,8.285328369927214
0.3C dc.csv,0.3+0.7 1tau.csv,2.9835777145045053,175.56032156038316,167.27332137724312,8.287000183140037
0.3C dc.csv,0.3+0.7 1tau.csv,2.9852080848403,175.66216453173462,167.3734292584297,8.288735273304923
0.3C dc.csv,0.3+0.7 1tau.csv,2.9868384551760947,175.76436724104562,167.47390644117397,8.290460799871653
0.3C dc.csv,0.3+0.7 1tau.csv,2.9884688255118896,175.86702638659284,167.5747719212407,8.29225446535213
0.3C dc.csv,0.3+0.7 1tau.csv,2.9900991958476846,175.97006550749126,167.6759660983203,8.294099409170968
0.3C dc.csv,0.3+0.7 1tau.csv,2.991729566183479,176.07353698040788,167.7775585545437,8.295978425864178
0.3C dc.csv,0.3+0.7 1tau.csv,2.993359936519274,176.17741229896015,167.87951022017094,8.297902078789207
0.3C dc.csv,0.3+0.7 1tau.csv,2.994990306855069,176.28167298272805,167.98188707135384,8.299785911374215
0.3C dc.csv,0.3+0.7 1tau.csv,2.9966206771908634,176.38630929757537,168.08466288715698,8.301646410418385
0.3C dc.csv,0.3+0.7 1tau.csv,2.9982510475266584,176.49138560883782,168.18782259146838,8.303563017369441
0.3C dc.csv,0.3+0.7 1tau.csv,2.9998814178624533,176.59684369982782,168.2913804209895,8.305463278838317
0.3C dc.csv,0.3+0.7 1tau.csv,3.0015117881982483,176.702707249675,168.39532488396915,8.307382365705848
0.3C dc.csv,0.3+0.7 1tau.csv,3.0031421585340428,176.8090231380019,168.49965661383362,8.309366524168269
0.3C dc.csv,0.3+0.7 1tau.csv,3.0047725288698377,176.91575051736538,168.60443223589132,8.311318281474058
0.3C dc.csv,0.3+0.7 1tau.csv,3.0064028992056326,177.0229056067079,168.70965042938286,8.313255177325033
0.3C dc.csv,0.3+0.7 1tau.csv,3.008033269541427,177.13048081393575,168.8152663823646,8.31521443157115
0.3C dc.csv,0.3+0.7 1tau.csv,3.009663639877222,177.23850763696686,168.92131836646323,8.317189270503633
0.3C dc.csv,0.3+0.7 1tau.csv,3.011294010213017,177.34691054337216,169.02782045927205,8.319090084100111
0.3C dc.csv,0.3+0.7 1tau.csv,3.012924380548812,177.45576012958634,169.13474919873735,8.321010930848985
0.3C dc.csv,0.3+0.7 1tau.csv,3.0145547508846064,177.56506300077692,169.24211724079697,8.322945759979945
0.3C dc.csv,0.3+0.7 1tau.csv,3.0161851212204014,177.67486235496116,169.34995411075172,8.324908244209439
0.3C dc.csv,0.3+0.7 1tau.csv,3.0178154915561963,177.78508798953484,169.45821739837382,8.326870591161025
0.3C dc.csv,0.3+0.7 1tau.csv,3.019445861891991,177.89577831361237,169.56696563680174,8.328812676810628
0.3C dc.csv,0.3+0.7 1tau.csv,3.0210762322277858,178.00695802225147,169.676204700595,8.33075332165646
0.3C dc.csv,0.3+0.7 1tau.csv,3.0227066025635807,178.11862074179567,169.7859302648038,8.332690476991871
0.3C dc.csv,0.3+0.7 1tau.csv,3.0243369728993756,178.23076547097773,169.89614842494072,8.33461704603701
0.3C dc.csv,0.3+0.7 1tau.csv,3.02596734323517,178.34338628462763,170.00684839700844,8.336537887619187
0.3C dc.csv,0.3+0.7 1tau.csv,3.027597713570965,178.45647867789057,170.11804937158448,8.338429306306097
0.3C dc.csv,0.3+0.7 1tau.csv,3.02922808390676,178.570044557174,170.2297585270069,8.340286030167078
0.3C dc.csv,0.3+0.7 1tau.csv,3.0308584542425545,178.684169072321,170.34193986419976,8.342229208121239
0.3C dc.csv,0.3+0.7 1tau.csv,3.0324888245783495,178.7987824872697,170.4546502880764,8.344132199193297
0.3C dc.csv,0.3+0.7 1tau.csv,3.0341191949141444,178.91393475874384,170.56789150588565,8.34604325285818
0.3C dc.csv,0.3+0.7 1tau.csv,3.0357495652499393,179.02960849709473,170.68163571016387,8.347972786930853
0.3C dc.csv,0.3+0.7 1tau.csv,3.037379935585734,179.14580812595517,170.79594913414522,8.349858991809953
0.3C dc.csv,0.3+0.7 1tau.csv,3.0390103059215288,179.26255810277488,170.91080977014258,8.351748332632297
0.3C dc.csv,0.3+0.7 1tau.csv,3.0406406762573237,179.37990269053032,171.0262414490896,8.353661241440705
0.3C dc.csv,0.3+0.7 1tau.csv,3.042271046593118,179.4977343186177,171.1422664401415,8.35546787847619
0.3C dc.csv,0.3+0.7 1tau.csv,3.043901416928913,179.61616383266247,171.2588459444076,8.357317888254869
0.3C dc.csv,0.3+0.7 1tau.csv,3.045531787264708,179.73518329273406,171.37599803241235,8.35918526032171
0.3C dc.csv,0.3+0.7 1tau.csv,3.047162157600503,179.8547836567425,171.49372016665987,8.361063490082643
0.3C dc.csv,0.3+0.7 1tau.csv,3.0487925279362975,179.97496465474774,171.61208385912008,8.36288079562766
0.3C dc.csv,0.3+0.7 1tau.csv,3.0504228982720925,180.0957802341686,171.73105235163186,8.364727882536727
0.3C dc.csv,0.3+0.7 1tau.csv,3.0520532686078874,180.21721214197177,171.85070512844004,8.36650701353173
0.3C dc.csv,0.3+0.7 1tau.csv,3.053683638943682,180.3392122113927,171.97094242122927,8.368269790163424
0.3C dc.csv,0.3+0.7 1tau.csv,3.055314009279477,180.46185259055162,172.09180106762417,8.37005152292744
0.3C dc.csv,0.3+0.7 1tau.csv,3.0569443796152718,180.58516242743815,172.2133133243324,8.371849103105745
0.3C dc.csv,0.3+0.7 1tau.csv,3.0585747499510667,180.70916689936737,172.335469059539,8.373697839828367
0.3C dc.csv,0.3+0.7 1tau.csv,3.060205120286861,180.83383679632502,172.4583067111203,8.37553008520473
0.3C dc.csv,0.3+0.7 1tau.csv,3.061835490622656,180.959130447662,172.5818272678381,8.377303179823912
0.3C dc.csv,0.3+0.7 1tau.csv,3.063465860958451,181.08515887260464,172.70608207332032,8.37907679928432
0.3C dc.csv,0.3+0.7 1tau.csv,3.0650962312942456,181.21187743745833,172.83103945877355,8.38083797868478
0.3C dc.csv,0.3+0.7 1tau.csv,3.0667266016300405,181.33934417415563,172.95675715703135,8.38258701712428
0.3C dc.csv,0.3+0.7 1tau.csv,3.0683569719658355,181.46753184705756,173.0831967559521,8.38433509110547
0.3C dc.csv,0.3+0.7 1tau.csv,3.0699873423016304,181.59647000594285,173.21038058408027,8.386089421862579
0.3C dc.csv,0.3+0.7 1tau.csv,3.071617712637425,181.72616980262623,173.33828298877975,8.387886813846478
0.3C dc.csv,0.3+0.7 1tau.csv,3.07324808297322,181.85661823181562,173.4670537128561,8.389564518959503
0.3C dc.csv,0.3+0.7 1tau.csv,3.0748784533090148,181.98790907560792,173.59656334979468,8.391345725813238
0.3C dc.csv,0.3+0.7 1tau.csv,3.0765088236448093,182.12000106420302,173.72691731028206,8.393083753920962
0.3C dc.csv,0.3+0.7 1tau.csv,3.078139193980604,182.25291613952558,173.85807853171036,8.39483760781522
0.3C dc.csv,0.3+0.7 1tau.csv,3.079769564316399,182.38662903027986,173.99007943457562,8.396549595704244
0.3C dc.csv,0.3+0.7 1tau.csv,3.081399934652194,182.52117387458824,174.12293186911035,8.398242005477897
0.3C dc.csv,0.3+0.7 1tau.csv,3.0830303049879886,182.65659202157238,174.25666660607817,8.39992541549421
0.3C dc.csv,0.3+0.7 1tau.csv,3.0846606753237835,182.79291525054342,174.39124118635132,8.401674064192093
0.3C dc.csv,0.3+0.7 1tau.csv,3.0862910456595785,182.93010230257704,174.52681054967437,8.403291752902675
0.3C dc.csv,0.3+0.7 1tau.csv,3.087921415995373,183.06823618806067,174.66325962549794,8.404976562562723
0.3C dc.csv,0.3+0.7 1tau.csv,3.089551786331168,183.20725257372573,174.80068340867817,8.406569165047557
0.3C dc.csv,0.3+0.7 1tau.csv,3.091182156666963,183.34727494707607,174.93908255226495,8.408192394811124
0.3C dc.csv,0.3+0.7 1tau.csv,3.0928125270027578,183.48820779005277,175.07848323901564,8.40972455103713
0.3C dc.csv,0.3+0.7 1tau.csv,3.0944428973385523,183.6301757192635,175.218863050085,8.4113126691785
0.3C dc.csv,0.3+0.7 1tau.csv,3.096073267674347,183.77315203316041,175.36027192469228,8.41288010846813
0.3C dc.csv,0.3+0.7 1tau.csv,3.097703638010142,183.91717629632242,175.5027787164559,8.414397579866517
0.3C dc.csv,0.3+0.7 1tau.csv,3.0993340083459366,184.06226845068224,175.64629599942995,8.415972451252287
0.3C dc.csv,0.3+0.7 1tau.csv,3.1009643786817316,184.2083964548894,175.79098814158326,8.41740831330614
0.3C dc.csv,0.3+0.7 1tau.csv,3.1025947490175265,184.35569762896773,175.93678205148825,8.418915577479481
0.3C dc.csv,0.3+0.7 1tau.csv,3.104225119353321,184.5041056420256,176.08370170940327,8.420403932622321
0.3C dc.csv,0.3+0.7 1tau.csv,3.105855489689116,184.653713922927,176.23173539459182,8.421978528335188
0.3C dc.csv,0.3+0.7 1tau.csv,3.107485860024911,184.80452710973177,176.38103861122536,8.423488498506401
0.3C dc.csv,0.3+0.7 1tau.csv,3.109116230360706,184.9565077069018,176.53153021512423,8.424977491777554
0.3C dc.csv,0.3+0.7 1tau.csv,3.1107466006965003,185.10977078316157,176.6833064697332,8.426464313428369
0.3C dc.csv,0.3+0.7 1tau.csv,3.1123769710322953,185.26428521031988,176.83633728223094,8.42794792808894
0.3C dc.csv,0.3+0.7 1tau.csv,3.11400734136809,185.42008205034404,176.990704913653,8.429377136691045
0.3C dc.csv,0.3+0.7 1tau.csv,3.1156377117038847,185.57726179747135,177.14641222674226,8.430849570729094
0.3C dc.csv,0.3+0.7 1tau.csv,3.1172680820396796,185.73570882567338,177.30343903286257,8.432269792810814
0.3C dc.csv,0.3+0.7 1tau.csv,3.1188984523754746,185.8955208593799,177.46193535053555,8.433585508844345
0.3C dc.csv,0.3+0.7 1tau.csv,3.1205288227112695,186.0567764478347,177.6219127948395,8.434863652995205
0.3C dc.csv,0.3+0.7 1tau.csv,3.122159193047064,186.2194898891528,177.78343450466423,8.436055384488583
0.3C dc.csv,0.3+0.7 1tau.csv,3.123789563382859,186.3837281680172,177.9463846197128,8.437343548304398
0.3C dc.csv,0.3+0.7 1tau.csv,3.125419933718654,186.54949577325573,178.1108715881243,8.438624185131431
0.3C dc.csv,0.3+0.7 1tau.csv,3.1270503040544484,186.71684193010182,178.27702290561965,8.439819024482176
0.3C dc.csv,0.3+0.7 1tau.csv,3.1286806743902433,186.88573547790793,178.44479994270273,8.440935535205199
0.3C dc.csv,0.3+0.7 1tau.csv,3.1303110447260383,187.05635473501633,178.61425703075338,8.442097704262949
0.3C dc.csv,0.3+0.7 1tau.csv,3.131941415061833,187.22869263041105,178.78539258498122,8.443300045429822
0.3C dc.csv,0.3+0.7 1tau.csv,3.1335717853976277,187.40274416318724,178.95842728183698,8.444316881350261
0.3C dc.csv,0.3+0.7 1tau.csv,3.1352021557334226,187.5785249419168,179.13318087411338,8.445344067803433
0.3C dc.csv,0.3+0.7 1tau.csv,3.1368325260692176,187.7562134459494,179.30978894002018,8.44642450592923
0.3C dc.csv,0.3+0.7 1tau.csv,3.138462896405012,187.9358673611948,179.48827864179987,8.447588719394929
0.3C dc.csv,0.3+0.7 1tau.csv,3.140093266740807,188.11744757644476,179.66879180069094,8.44865577575382
0.3C dc.csv,0.3+0.7 1tau.csv,3.141723637076602,188.30093612482096,179.85129647170626,8.449639653114701
0.3C dc.csv,0.3+0.7 1tau.csv,3.143354007412397,188.48648219005761,180.03587339669062,8.450608793366996
0.3C dc.csv,0.3+0.7 1tau.csv,3.1449843777481914,188.67417382422627,180.2226523915602,8.451521432666084
0.3C dc.csv,0.3+0.7 1tau.csv,3.1466147480839863,188.86413579286,180.4116958070207,8.452439985839305
0.3C dc.csv,0.3+0.7 1tau.csv,3.1482451184197813,189.05639662635076,180.603019617405,8.45337700894575
0.3C dc.csv,0.3+0.7 1tau.csv,3.1498754887555758,189.25092019048927,180.79659257438428,8.45432761610499
0.3C dc.csv,0.3+0.7 1tau.csv,3.1515058590913707,189.4478453982811,180.99265836096032,8.45518703732077
0.3C dc.csv,0.3+0.7 1tau.csv,3.1531362294271656,189.64719928841217,181.19113510818832,8.456064180223848
0.3C dc.csv,0.3+0.7 1tau.csv,3.1547665997629606,189.84906220072702,181.39226389595208,8.456798304774935
0.3C dc.csv,0.3+0.7 1tau.csv,3.156396970098755,190.05363051657804,181.59606734226236,8.45756317431568
0.3C dc.csv,0.3+0.7 1tau.csv,3.15802734043455,190.2609355918096,181.80260005969077,8.458335532118838
0.3C dc.csv,0.3+0.7 1tau.csv,3.159657710770345,190.47113763924906,182.01201527152574,8.459122367723324
0.3C dc.csv,0.3+0.7 1tau.csv,3.1612880811061395,190.6841541755656,182.22428944026788,8.459864735297714
0.3C dc.csv,0.3+0.7 1tau.csv,3.1629184514419344,190.90016164514782,182.43944298082906,8.460718664318762
0.3C dc.csv,0.3+0.7 1tau.csv,3.1645488217777293,191.11930332825392,182.65775922804724,8.46154410020668
0.3C dc.csv,0.3+0.7 1tau.csv,3.1661791921135243,191.3415326180495,182.87939255680573,8.462140061243787
0.3C dc.csv,0.3+0.7 1tau.csv,3.1678095624493188,191.56710826538273,183.1043154272451,8.46279283813763
0.3C dc.csv,0.3+0.7 1tau.csv,3.1694399327851137,191.7960956967955,183.33270774364436,8.463387953151141
0.3C dc.csv,0.3+0.7 1tau.csv,3.1710703031209087,192.02866119438204,183.5647161407412,8.463945053640828
0.3C dc.csv,0.3+0.7 1tau.csv,3.172700673456703,192.26483930097686,183.80048961871123,8.464349682265635
0.3C dc.csv,0.3+0.7 1tau.csv,3.174331043792498,192.50479684741876,184.04012057634915,8.464676271069607
0.3C dc.csv,0.3+0.7 1tau.csv,3.175961414128293,192.74872923289914,184.2838511295178,8.464878103381324
0.3C dc.csv,0.3+0.7 1tau.csv,3.177591784464088,192.99692901267616,184.5316188991261,8.46531011355006
0.3C dc.csv,0.3+0.7 1tau.csv,3.1792221547998825,193.24949200433124,184.78365867822396,8.465833326107287
0.3C dc.csv,0.3+0.7 1tau.csv,3.1808525251356774,193.5065982557161,185.04024374195225,8.46635451376386
0.3C dc.csv,0.3+0.7 1tau.csv,3.1824828954714723,193.7681892590397,185.30161772340008,8.466571535639616
0.3C dc.csv,0.3+0.7 1tau.csv,3.184113265807267,194.03466479850604,185.56788614891656,8.466778649589486
0.3C dc.csv,0.3+0.7 1tau.csv,3.1857436361430618,194.306129560035,185.83923519129348,8.46689436874152
0.3C dc.csv,0.3+0.7 1tau.csv,3.1873740064788567,194.58303040474482,186.11590310742523,8.467127297319593
0.3C dc.csv,0.3+0.7 1tau.csv,3.1890043768146517,194.8654767065749,186.39819179463106,8.467284911943835
0.3C dc.csv,0.3+0.7 1tau.csv,3.190634747150446,195.15369651741457,186.68637498507474,8.467321532339838
0.3C dc.csv,0.3+0.7 1tau.csv,3.192265117486241,195.447729113747,186.98040572883352,8.46732338491347
0.3C dc.csv,0.3+0.7 1tau.csv,3.193895487822036,195.7481344394714,187.2808296365731,8.467304802898298
0.3C dc.csv,0.3+0.7 1tau.csv,3.1955258581578305,196.05506572843896,187.58800413943263,8.467061589006335
0.3C dc.csv,0.3+0.7 1tau.csv,3.1971562284936255,196.36902317277801,187.90205358068212,8.466969592095893
0.3C dc.csv,0.3+0.7 1tau.csv,3.1987865988294204,196.69012490858455,188.2233138924512,8.466811016133363
0.3C dc.csv,0.3+0.7 1tau.csv,3.200416969165215,197.01890155667792,188.55257017770083,8.466331378977088
0.3C dc.csv,0.3+0.7 1tau.csv,3.20204733950101,197.35544532089517,188.88967023562597,8.4657750852692
0.3C dc.csv,0.3+0.7 1tau.csv,3.2036777098368048,197.7006802674671,189.2353843245661,8.465295942901008
0.3C dc.csv,0.3+0.7 1tau.csv,3.2053080801725997,198.05481127475196,189.59011065509932,8.464700619652632
0.3C dc.csv,0.3+0.7 1tau.csv,3.206938450508394,198.41808980220915,189.9541805977934,8.463909204415756
0.3C dc.csv,0.3+0.7 1tau.csv,3.208568820844189,198.79121810821243,190.32829004831106,8.462928059901373
0.3C dc.csv,0.3+0.7 1tau.csv,3.210199191179984,199.17468008295782,190.71280684625012,8.461873236707703
0.3C dc.csv,0.3+0.7 1tau.csv,3.2118295615157786,199.56913339415897,191.10851531535852,8.46061807880045
0.3C dc.csv,0.3+0.7 1tau.csv,3.2134599318515735,199.97566027076843,191.51626739407243,8.459392876696
0.3C dc.csv,0.3+0.7 1tau.csv,3.2150903021873685,200.39466990055516,191.936727917438,8.457941983117166
0.3C dc.csv,0.3+0.7 1tau.csv,3.2167206725231634,200.82694022314416,192.37044353575575,8.456496687388409
0.3C dc.csv,0.3+0.7 1tau.csv,3.218351042858958,201.27353647259275,192.8184101727068,8.455126299885961
0.3C dc.csv,0.3+0.7 1tau.csv,3.219981413194753,201.7355107063571,193.28152436211147,8.453986344245635
0.3C dc.csv,0.3+0.7 1tau.csv,3.221611783530548,202.2132777157685,193.76068068910428,8.452597026664222
0.3C dc.csv,0.3+0.7 1tau.csv,3.2232421538663423,202.70853111444393,194.25734127573872,8.451189838705204
0.3C dc.csv,0.3+0.7 1tau.csv,3.224872524202137,203.2229153305376,194.7732724755195,8.449642855018112
0.3C dc.csv,0.3+0.7 1tau.csv,3.226502894537932,203.75683312124065,195.30952309347288,8.44731002776777
0.3C dc.csv,0.3+0.7 1tau.csv,3.228133264873727,204.3119841340318,195.8673258011816,8.444658332850196
0.3C dc.csv,0.3+0.7 1tau.csv,3.2297636352095216,204.8899814756072,196.4483173988907,8.441664076716478
0.3C dc.csv,0.3+0.7 1tau.csv,3.2313940055453165,205.49338201807805,197.05494506143248,8.438436956645575
0.3C dc.csv,0.3+0.7 1tau.csv,3.2330243758811115,206.12397149622433,197.6891100080403,8.434861488184026
0.3C dc.csv,0.3+0.7 1tau.csv,3.234654746216906,206.78431669696926,198.35319179951458,8.43112489745468
0.3C dc.csv,0.3+0.7 1tau.csv,3.236285116552701,207.47682158976178,199.04929223473698,8.427529355024802
0.3C dc.csv,0.3+0.7 1tau.csv,3.237915486888496,208.20480976412466,199.7806987828556,8.424110981269052
0.3C dc.csv,0.3+0.7 1tau.csv,3.239545857224291,208.96914806854835,200.55181198827987,8.417336080268484
0.3C dc.csv,0.3+0.7 1tau.csv,3.2411762275600853,209.77639549505997,201.36562942274182,8.410766072318154
0.3C dc.csv,0.3+0.7 1tau.csv,3.24280659789588,210.6300018314732,202.227031038804,8.402970792669208
0.3C dc.csv,0.3+0.7 1tau.csv,3.244436968231675,211.5362196698334,203.14310816639653,8.39311150343687
0.3C dc.csv,0.3+0.7 1tau.csv,3.2460673385674697,212.50016788951072,204.11860823966944,8.381559649841279
0.3C dc.csv,0.3+0.7 1tau.csv,3.2476977089032646,213.53020165644517,205.16007549530954,8.37012616113563
0.3C dc.csv,0.3+0.7 1tau.csv,3.2493280792390595,214.63297018587497,206.27603585857756,8.35693432729741
0.3C dc.csv,0.3+0.7 1tau.csv,3.2509584495748545,215.81938181547136,207.4788788506281,8.340502964843267
0.3C dc.csv,0.3+0.7 1tau.csv,3.252588819910649,217.10009778587943,208.78040463245324,8.319693153426186
0.3C dc.csv,0.3+0.7 1tau.csv,3.254219190246444,218.49100976869445,210.19413489957694,8.296874869117516
0.3C dc.csv,0.3+0.7 1tau.csv,3.255849560582239,220.00883319915556,211.73634159851665,8.272491600638915
0.3C dc.csv,0.3+0.7 1tau.csv,3.2574799309180333,221.67277251638515,213.429056410921,8.24371610546416
0.3C dc.csv,0.3+0.7 1tau.csv,3.2591103012538283,223.5115698234226,215.30166666666665,8.209903156755956
0.3C dc.csv,0.3+0.7 10 tau.csv,0.0,0.0,0.0,0.0
0.3C dc.csv,0.3+0.7 10 tau.csv,0.0016304772681218352,0.0959256241112931,0.08981996935324185,0.006105654758051249
0.3C dc.csv,0.3+0.7 10 tau.csv,0.0032609545362436705,0.19185101380564715,0.17145186887199004,0.020399144933657104
0.3C dc.csv,0.3+0.7 10 tau.csv,0.0048914318043655055,0.2877763537413082,0.24680256367228448,0.04097379006902374
0.3C dc.csv,0.3+0.7 10 tau.csv,0.006521909072487341,0.38370165318179383,0.3171429896121398,0.06655866356965401
0.3C dc.csv,0.3+0.7 10 tau.csv,0.008152386340609176,0.4796272099249724,0.38336363755060177,0.09626357237437061
0.3C dc.csv,0.3+0.7 10 tau.csv,0.009782863608731011,0.5755523533897643,0.4461237332707645,0.1294286201189998
0.3C dc.csv,0.3+0.7 10 tau.csv,0.011413340876852847,0.67147768297543,0.5059645120861286,0.1655131708893014
0.3C dc.csv,0.3+0.7 10 tau.csv,0.013043818144974682,0.7674029546406452,0.5632811696898109,0.20412178495083433
0.3C dc.csv,0.3+0.7 10 tau.csv,0.014674295413096517,0.8633282751651388,0.6183783026108493,0.24494997255428952
0.3C dc.csv,0.3+0.7 10 tau.csv,0.01630477268121835,0.9592532395867416,0.6714967073471737,0.2877565322395679
0.3C dc.csv,0.3+0.7 10 tau.csv,0.017935249949340187,1.055178600374253,0.7228754875236691,0.3323031128505838
0.3C dc.csv,0.3+0.7 10 tau.csv,0.019565727217462022,1.151104007896355,0.7726970199691753,0.37840698792717975
0.3C dc.csv,0.3+0.7 10 tau.csv,0.021196204485583858,1.2470290385889766,0.8211041059883939,0.42592493260058273
0.3C dc.csv,0.3+0.7 10 tau.csv,0.022826681753705693,1.3429544897737673,0.8682282226723136,0.4747262671014537
0.3C dc.csv,0.3+0.7 10 tau.csv,0.02445715902182753,1.4388803904445973,0.9141624671712383,0.524717923273359
0.3C dc.csv,0.3+0.7 10 tau.csv,0.026087636289949364,1.5348057042793184,0.9590119656509026,0.5757937386284158
0.3C dc.csv,0.3+0.7 10 tau.csv,0.0277181135580712,1.6307309719367418,1.002883684867749,0.6278472870689928
0.3C dc.csv,0.3+0.7 10 tau.csv,0.029348590826193035,1.7266562005166992,1.0458286876916278,0.6808275128250714
0.3C dc.csv,0.3+0.7 10 tau.csv,0.03097906809431487,1.8225816240323216,1.0879312680409505,0.7346503559913711
0.3C dc.csv,0.3+0.7 10 tau.csv,0.0326095453624367,1.9185069749089796,1.1292448650646902,0.7892621098442894
0.3C dc.csv,0.3+0.7 10 tau.csv,0.03424002263055854,2.014432072763045,1.1698218927365334,0.8446101800265118
0.3C dc.csv,0.3+0.7 10 tau.csv,0.03587049989868037,2.1103570470720143,1.2097026738234613,0.900654373248553
0.3C dc.csv,0.3+0.7 10 tau.csv,0.03750097716680221,2.206281773282692,1.2489572672976355,0.9573245059850564
0.3C dc.csv,0.3+0.7 10 tau.csv,0.039131454434924044,2.3022067122474903,1.287592633833992,1.0146140784134983
0.3C dc.csv,0.3+0.7 10 tau.csv,0.04076193170304588,2.3981314275384915,1.3256667446231554,1.0724646829153361
0.3C dc.csv,0.3+0.7 10 tau.csv,0.042392408971167715,2.4940560984906313,1.3632133007744607,1.1308427977161706
0.3C dc.csv,0.3+0.7 10 tau.csv,0.04402288623928955,2.5899804392750894,1.400259229596405,1.1897212096786844
0.3C dc.csv,0.3+0.7 10 tau.csv,0.045653363507411386,2.685904878697256,1.4368151391198045,1.2490897395774516
0.3C dc.csv,0.3+0.7 10 tau.csv,0.04728384077553322,2.7818291053964614,1.4729269069136943,1.3089021984827671
0.3C dc.csv,0.3+0.7 10 tau.csv,0.04891431804365506,2.8777533155392714,1.50861705773731,1.3691362578019615
0.3C dc.csv,0.3+0.7 10 tau.csv,0.05054479531177689,2.9736778175341376,1.543908537520738,1.4297692800133996
0.3C dc.csv,0.3+0.7 10 tau.csv,0.05217527257989873,3.069602044411338,1.5788307341022492,1.4907713103090887
0.3C dc.csv,0.3+0.7 10 tau.csv,0.05380574984802056,3.1655261623060706,1.613391058346094,1.5521351039599767
0.3C dc.csv,0.3+0.7 10 tau.csv,0.0554362271161424,3.261450061007246,1.6476069946227767,1.6138430663844692
0.3C dc.csv,0.3+0.7 10 tau.csv,0.057066704384264234,3.357374280999005,1.6814963111653887,1.6758779698336164
0.3C dc.csv,0.3+0.7 10 tau.csv,0.05869718165238607,3.4532981183023894,1.715074972308793,1.7382231459935964
0.3C dc.csv,0.3+0.7 10 tau.csv,0.060327658920507905,3.549221664695469,1.7483590938204001,1.800862570875069
0.3C dc.csv,0.3+0.7 10 tau.csv,0.06195813618862974,3.6451450108228007,1.781362680495303,1.8637823303274976
0.3C dc.csv,0.3+0.7 10 tau.csv,0.06358861345675157,3.7410685960915404,1.8140992467139203,1.92696934937762
0.3C dc.csv,0.3+0.7 10 tau.csv,0.0652190907248734,3.8369923376588386,1.8465818402081484,1.9904104974506902
0.3C dc.csv,0.3+0.7 10 tau.csv,0.06684956799299524,3.9329158093238785,1.8788236792083985,2.05409213011548
0.3C dc.csv,0.3+0.7 10 tau.csv,0.06848004526111708,4.028838534616933,1.9108377543601367,2.1180007802567964
0.3C dc.csv,0.3+0.7 10 tau.csv,0.07011052252923891,4.124762199705976,1.9426403957433722,2.1821218039626036
0.3C dc.csv,0.3+0.7 10 tau.csv,0.07174099979736075,4.220685842019147,1.9742368363926068,2.2464490056265403
0.3C dc.csv,0.3+0.7 10 tau.csv,0.07337147706548258,4.316609125433962,2.0056370653706694,2.310972060063292
0.3C dc.csv,0.3+0.7 10 tau.csv,0.07500195433360442,4.412532074821022,2.036849815114554,2.3756822597064677
0.3C dc.csv,0.3+0.7 10 tau.csv,0.07663243160172625,4.508455310706039,2.067883796832947,2.4405715138730923
0.3C dc.csv,0.3+0.7 10 tau.csv,0.07826290886984809,4.604378086502518,2.098744484885514,2.5056336016170038
0.3C dc.csv,0.3+0.7 10 tau.csv,0.07989338613796992,4.700300881283327,2.1294407159119464,2.5708601653713803
0.3C dc.csv,0.3+0.7 10 tau.csv,0.08152386340609176,4.796223507274046,2.159984562212864,2.6362389450611823
0.3C dc.csv,0.3+0.7 10 tau.csv,0.0831543406742136,4.892145994653396,2.1903841796704526,2.7017618149829437
0.3C dc.csv,0.3+0.7 10 tau.csv,0.08478481794233543,4.9880689814872365,2.220650914175934,2.7674180673113025
0.3C dc.csv,0.3+0.7 10 tau.csv,0.08641529521045727,5.083991465582321,2.250793060909125,2.833198404673196
0.3C dc.csv,0.3+0.7 10 tau.csv,0.0880457724785791,5.179913674689272,2.2808064026181847,2.8991072720710878
0.3C dc.csv,0.3+0.7 10 tau.csv,0.08967624974670094,5.275835872271293,2.310701798942685,2.9651340733286085
0.3C dc.csv,0.3+0.7 10 tau.csv,0.09130672701482277,5.37175825428513,2.340487585671062,3.031270668614068
0.3C dc.csv,0.3+0.7 10 tau.csv,0.09293720428294461,5.467680454178583,2.3701705920702696,3.0975098621083137
0.3C dc.csv,0.3+0.7 10 tau.csv,0.09456768155106644,5.563603180525652,2.3997567665617185,3.1638464139639333
0.3C dc.csv,0.3+0.7 10 tau.csv,0.09619815881918828,5.659525258670516,2.4292468121204234,3.230278446550092
0.3C dc.csv,0.3+0.7 10 tau.csv,0.09782863608731011,5.755447297477584,2.4586514265778914,3.2967958708996927
0.3C dc.csv,0.3+0.7 10 tau.csv,0.09945911335543195,5.851369416258523,2.4879766387131523,3.3633927775453705
0.3C dc.csv,0.3+0.7 10 tau.csv,0.10108959062355378,5.9472909459113845,2.517236135726426,3.4300548101849584
0.3C dc.csv,0.3+0.7 10 tau.csv,0.10272006789167562,6.0432122461377835,2.546426224539777,3.4967860215980067
0.3C dc.csv,0.3+0.7 10 tau.csv,0.10435054515979746,6.13913392215001,2.575553219493312,3.5635807026566977
0.3C dc.csv,0.3+0.7 10 tau.csv,0.10598102242791929,6.235055428534178,2.6046233342188208,3.630432094315357
0.3C dc.csv,0.3+0.7 10 tau.csv,0.10761149969604113,6.3309768616668425,2.6336414405840767,3.697335421082766
0.3C dc.csv,0.3+0.7 10 tau.csv,0.10924197696416296,6.426898598707468,2.6626096509333084,3.7642889477741597
0.3C dc.csv,0.3+0.7 10 tau.csv,0.1108724542322848,6.522820483997338,2.691535908087924,3.8312845759094136
0.3C dc.csv,0.3+0.7 10 tau.csv,0.11250293150040663,6.618741955144343,2.72042517496292,3.8983167801814234
0.3C dc.csv,0.3+0.7 10 tau.csv,0.11413340876852847,6.714664054038984,2.7492819612583856,3.9653820927805983
0.3C dc.csv,0.3+0.7 10 tau.csv,0.1157638860366503,6.810586073116706,2.778111080054983,4.032474993061723
0.3C dc.csv,0.3+0.7 10 tau.csv,0.11739436330477214,6.906508130073069,2.806925840210731,4.099582289862338
0.3C dc.csv,0.3+0.7 10 tau.csv,0.11902484057289398,7.002429982061985,2.835724378536517,4.166705603525468
0.3C dc.csv,0.3+0.7 10 tau.csv,0.12065531784101581,7.098351290128561,2.8645095477781615,4.2338417423504
0.3C dc.csv,0.3+0.7 10 tau.csv,0.12228579510913765,7.194272825266028,2.893286979114221,4.300985846151807
0.3C dc.csv,0.3+0.7 10 tau.csv,0.12391627237725948,7.290194042435075,2.922061537877693,4.368132504557382
0.3C dc.csv,0.3+0.7 10 tau.csv,0.12554674964538132,7.386114765756035,2.9508377104508803,4.435277055305154
0.3C dc.csv,0.3+0.7 10 tau.csv,0.12717722691350314,7.482035450264733,2.979620687235196,4.502414763029536
0.3C dc.csv,0.3+0.7 10 tau.csv,0.128807704181625,7.5779561693556765,3.0084155406353554,4.569540628720321
0.3C dc.csv,0.3+0.7 10 tau.csv,0.1304381814497468,7.673876960064562,3.0372274745773664,4.636649485487196
0.3C dc.csv,0.3+0.7 10 tau.csv,0.13206865871786866,7.7697981958468025,3.066067225036246,4.703730970810557
0.3C dc.csv,0.3+0.7 10 tau.csv,0.13369913598599048,7.865719740491275,3.0949355355711927,4.770784204920082
0.3C dc.csv,0.3+0.7 10 tau.csv,0.13532961325411233,7.961641297985558,3.123834498488841,4.837806799496717
0.3C dc.csv,0.3+0.7 10 tau.csv,0.13696009052223415,8.05756272312591,3.1527694757842157,4.904793247341694
0.3C dc.csv,0.3+0.7 10 tau.csv,0.138590567790356,8.15348357598701,3.181746619452108,4.971736956534903
0.3C dc.csv,0.3+0.7 10 tau.csv,0.14022104505847782,8.249404286769582,3.2107713316062396,5.038632955163343
0.3C dc.csv,0.3+0.7 10 tau.csv,0.14185152232659967,8.345324440544688,3.239846475164952,5.105477965379737
0.3C dc.csv,0.3+0.7 10 tau.csv,0.1434819995947215,8.44124483345618,3.2689775030962736,5.172267330359906
0.3C dc.csv,0.3+0.7 10 tau.csv,0.14511247686284334,8.537165502755292,3.2981721770647217,5.23899332569057
0.3C dc.csv,0.3+0.7 10 tau.csv,0.14674295413096516,8.633086115393555,3.327440304038144,5.305645811355411
0.3C dc.csv,0.3+0.7 10 tau.csv,0.148373431399087,8.729006840059675,3.356784936618911,5.372221903440764
0.3C dc.csv,0.3+0.7 10 tau.csv,0.15000390866720884,8.824927540668895,3.386207949923519,5.438719590745376
0.3C dc.csv,0.3+0.7 10 tau.csv,0.15163438593533068,8.92084804876562,3.4157168091713044,5.505131239594316
0.3C dc.csv,0.3+0.7 10 tau.csv,0.1532648632034525,9.016768270693431,3.4453200373184294,5.571448233375001
0.3C dc.csv,0.3+0.7 10 tau.csv,0.15489534047157436,9.112688230887048,3.4750186323430734,5.637669598543975
0.3C dc.csv,0.3+0.7 10 tau.csv,0.15652581773969618,9.208608756632543,3.5048186791124887,5.703790077520054
0.3C dc.csv,0.3+0.7 10 tau.csv,0.15815629500781803,9.304529062168687,3.534726877451766,5.769802184716921
0.3C dc.csv,0.3+0.7 10 tau.csv,0.15978677227593985,9.40044973148966,3.5647546942481614,5.835695037241498
0.3C dc.csv,0.3+0.7 10 tau.csv,0.1614172495440617,9.496370279342578,3.5949081197931827,5.9014621595493955
0.3C dc.csv,0.3+0.7 10 tau.csv,0.16304772681218352,9.592291138714051,3.625196244625509,5.967094894088542
0.3C dc.csv,0.3+0.7 10 tau.csv,0.16467820408030537,9.688212050230007,3.6556253885947365,6.03258666163527
0.3C dc.csv,0.3+0.7 10 tau.csv,0.1663086813484272,9.78413309975122,3.686198220782661,6.097934878968559
0.3C dc.csv,0.3+0.7 10 tau.csv,0.16793915861654904,9.880053750766637,3.7169222735317744,6.163131477234862
0.3C dc.csv,0.3+0.7 10 tau.csv,0.16956963588467086,9.975973741531856,3.7478130815148836,6.2281606600169725
0.3C dc.csv,0.3+0.7 10 tau.csv,0.1712001131527927,10.071893961418779,3.7788736722506298,6.293020289168149
0.3C dc.csv,0.3+0.7 10 tau.csv,0.17283059042091453,10.167813832849086,3.810112000102084,6.3577018327470025
0.3C dc.csv,0.3+0.7 10 tau.csv,0.17446106768903638,10.263734225332314,3.8415376993358663,6.422196525996448
0.3C dc.csv,0.3+0.7 10 tau.csv,0.1760915449571582,10.359654934011461,3.873159338212445,6.486495595799016
0.3C dc.csv,0.3+0.7 10 tau.csv,0.17772202222528005,10.455575429766169,3.904988481501755,6.550586948264414
0.3C dc.csv,0.3+0.7 10 tau.csv,0.17935249949340187,10.551495424229266,3.9370461981043365,6.614449226124929
0.3C dc.csv,0.3+0.7 10 tau.csv,0.18098297676152372,10.647415745024723,3.9693339460836943,6.6780817989410295
0.3C dc.csv,0.3+0.7 10 tau.csv,0.18261345402964554,10.743335833694463,4.00186192452783,6.741473909166633
0.3C dc.csv,0.3+0.7 10 tau.csv,0.1842439312977674,10.839256128498386,4.034643637464352,6.8046124910340335
0.3C dc.csv,0.3+0.7 10 tau.csv,0.18587440856588922,10.935176317220067,4.067691715143862,6.867484602076205
0.3C dc.csv,0.3+0.7 10 tau.csv,0.18750488583401106,11.031096836205041,4.101020614223447,6.930076221981594
0.3C dc.csv,0.3+0.7 10 tau.csv,0.1891353631021329,11.127017424209681,4.1346442868331055,6.992373137376576
0.3C dc.csv,0.3+0.7 10 tau.csv,0.19076584037025474,11.222937874279959,4.168578130298395,7.054359743981563
0.3C dc.csv,0.3+0.7 10 tau.csv,0.19239631763837656,11.318858203722602,4.202838329157342,7.11601987456526
0.3C dc.csv,0.3+0.7 10 tau.csv,0.1940267949064984,11.414778741605838,4.237442893922079,7.177335847683759
0.3C dc.csv,0.3+0.7 10 tau.csv,0.19565727217462023,11.510699082315583,4.272411544735584,7.238287537579999
0.3C dc.csv,0.3+0.7 10 tau.csv,0.19728774944274208,11.606619565174078,4.307769236008183,7.298850329165895
0.3C dc.csv,0.3+0.7 10 tau.csv,0.1989182267108639,11.70253971416546,4.343532876032384,7.359006838133077
0.3C dc.csv,0.3+0.7 10 tau.csv,0.20054870397898575,11.79845985355009,4.379719572965769,7.418740280584322
0.3C dc.csv,0.3+0.7 10 tau.csv,0.20217918124710757,11.894380192143377,4.416351320176408,7.478028871966969
0.3C dc.csv,0.3+0.7 10 tau.csv,0.20380965851522942,11.99030057891551,4.453474769787396,7.536825809128114
0.3C dc.csv,0.3+0.7 10 tau.csv,0.20544013578335124,12.086221222883909,4.491101174471983,7.595120048411926
0.3C dc.csv,0.3+0.7 10 tau.csv,0.2070706130514731,12.182141896247256,4.529256479630755,7.652885416616501
0.3C dc.csv,0.3+0.7 10 tau.csv,0.2087010903195949,12.278062491337604,4.5679817113994465,7.710080779938157
0.3C dc.csv,0.3+0.7 10 tau.csv,0.21033156758771673,12.373983238009096,4.6073343363362085,7.7666489016728875
0.3C dc.csv,0.3+0.7 10 tau.csv,0.21196204485583858,12.469903731609934,4.647321197646088,7.822582533963846
0.3C dc.csv,0.3+0.7 10 tau.csv,0.2135925221239604,12.565824340894062,4.6880116982212146,7.877812642672848
0.3C dc.csv,0.3+0.7 10 tau.csv,0.21522299939208225,12.66174524955998,4.729438611743086,7.932306637816893
0.3C dc.csv,0.3+0.7 10 tau.csv,0.21685347666020408,12.757665828290072,4.771666830604422,7.98599899768565
0.3C dc.csv,0.3+0.7 10 tau.csv,0.21848395392832592,12.853586208957415,4.814753006185905,8.03883320277151
0.3C dc.csv,0.3+0.7 10 tau.csv,0.22011443119644775,12.949506767245992,4.858784532858173,8.090722234387819
0.3C dc.csv,0.3+0.7 10 tau.csv,0.2217449084645696,13.045427181009288,4.903803461405198,8.14162371960409
0.3C dc.csv,0.3+0.7 10 tau.csv,0.22337538573269142,13.141347789614821,4.949905260677995,8.191442528936825
0.3C dc.csv,0.3+0.7 10 tau.csv,0.22500586300081327,13.237267810456903,4.997221301344809,8.240046509112094
0.3C dc.csv,0.3+0.7 10 tau.csv,0.2266363402689351,13.33318843184976,5.045833875603228,8.28735455624653
0.3C dc.csv,0.3+0.7 10 tau.csv,0.22826681753705694,13.429109170703148,5.095884416799242,8.333224753903906
0.3C dc.csv,0.3+0.7 10 tau.csv,0.22989729480517876,13.525030208315767,5.147532514058542,8.377497694257226
0.3C dc.csv,0.3+0.7 10 tau.csv,0.2315277720733006,13.620950996691509,5.2009542778571,8.419996718834408
0.3C dc.csv,0.3+0.7 10 tau.csv,0.23315824934142243,13.716871756555102,5.256395780575892,8.460475975979211
0.3C dc.csv,0.3+0.7 10 tau.csv,0.23478872660954428,13.812792288760779,5.3140700386308914,8.498722250129887
0.3C dc.csv,0.3+0.7 10 tau.csv,0.2364192038776661,13.908713200033898,5.374354857264759,8.534358342769139
0.3C dc.csv,0.3+0.7 10 tau.csv,0.23804968114578795,14.00463397308795,5.437620752453389,8.56701322063456
0.3C dc.csv,0.3+0.7 10 tau.csv,0.23968015841390977,14.10055455800912,5.504418311671634,8.596136246337487
0.3C dc.csv,0.3+0.7 10 tau.csv,0.24131063568203162,14.196475515352803,5.575443410993588,8.621032104359216
0.3C dc.csv,0.3+0.7 10 tau.csv,0.24294111295015344,14.292395769170975,5.651621355994478,8.640774413176498
0.3C dc.csv,0.3+0.7 10 tau.csv,0.2445715902182753,14.38831635744751,5.734371601224948,8.653944756222561
0.3C dc.csv,0.3+0.7 10 tau.csv,0.2462020674863971,14.484236489673357,5.825780554693621,8.658455934979736
0.3C dc.csv,0.3+0.7 10 tau.csv,0.24783254475451896,14.580156672642234,5.929221865756369,8.650934806885864
0.3C dc.csv,0.3+0.7 10 tau.csv,0.24946302202264078,14.676076535932868,6.051283406256983,8.624793129675885
0.3C dc.csv,0.3+0.7 10 tau.csv,0.25109349929076263,14.771996833116008,6.208105574575447,8.563891258540561
0.3C dc.csv,0.3+0.7 10 tau.csv,0.25272397655888446,14.867917196328266,6.484449037549536,8.38346815877873
0.3C dc.csv,0.3+0.7 10 tau.csv,0.2543544538270063,14.963837452989052,13.31805720787576,1.6457802451132917
0.3C dc.csv,0.3+0.7 10 tau.csv,0.25598493109512815,15.059757871074934,13.351802986696036,1.707954884378898
0.3C dc.csv,0.3+0.7 10 tau.csv,0.25761540836325,15.155678582444931,13.385247297901651,1.77043128454328
0.3C dc.csv,0.3+0.7 10 tau.csv,0.2592458856313718,15.25159954362514,13.418403853572032,1.833195690053108
0.3C dc.csv,0.3+0.7 10 tau.csv,0.2608763628994936,15.347520527725704,13.451286640951782,1.8962338867739224
0.3C dc.csv,0.3+0.7 10 tau.csv,0.2625068401676155,15.443441031066957,13.483909753202944,1.9595312778640128
0.3C dc.csv,0.3+0.7 10 tau.csv,0.2641373174357373,15.539361401764909,13.516285327483859,2.0230760742810503
0.3C dc.csv,0.3+0.7 10 tau.csv,0.26576779470385914,15.635282179526484,13.548426833994238,2.0868553455322463
0.3C dc.csv,0.3+0.7 10 tau.csv,0.26739827197198096,15.731202399585126,13.580347817490084,2.1508545820950413
0.3C dc.csv,0.3+0.7 10 tau.csv,0.26902874924010284,15.827122674774209,13.612056474589478,2.215066200184731
0.3C dc.csv,0.3+0.7 10 tau.csv,0.27065922650822466,15.923043429009171,13.64356279021879,2.279480638790382
0.3C dc.csv,0.3+0.7 10 tau.csv,0.2722897037763465,16.018964339096335,13.674875480498043,2.344088858598292
0.3C dc.csv,0.3+0.7 10 tau.csv,0.2739201810444683,16.114885080542468,13.706003974332418,2.4088811062100497
0.3C dc.csv,0.3+0.7 10 tau.csv,0.2755506583125902,16.210805663755828,13.736957994540667,2.4738476692151607
0.3C dc.csv,0.3+0.7 10 tau.csv,0.277181135580712,16.3067264360887,13.767746505202808,2.5389799308858905
0.3C dc.csv,0.3+0.7 10 tau.csv,0.2788116128488338,16.402647282367443,13.798377670736036,2.6042696116314072
0.3C dc.csv,0.3+0.7 10 tau.csv,0.28044209011695564,16.498568626775867,13.828852017053539,2.669716609722329
0.3C dc.csv,0.3+0.7 10 tau.csv,0.2820725673850775,16.594489360806865,13.859187364193454,2.7353019966134102
0.3C dc.csv,0.3+0.7 10 tau.csv,0.28370304465319934,16.690409992139955,13.889397270825665,2.80101272131429
0.3C dc.csv,0.3+0.7 10 tau.csv,0.28533352192132116,16.78633086341098,13.91948044954876,2.866850413862222
0.3C dc.csv,0.3+0.7 10 tau.csv,0.286963999189443,16.88225142612944,13.949443133487168,2.932808292642271
0.3C dc.csv,0.3+0.7 10 tau.csv,0.28859447645756486,16.978172067451656,13.97928750089639,2.9988845665552653
0.3C dc.csv,0.3+0.7 10 tau.csv,0.2902249537256867,17.074092764655067,14.0090234192263,3.065069345428766
0.3C dc.csv,0.3+0.7 10 tau.csv,0.2918554309938085,17.17001344547753,14.038659790469499,3.1313536550080308
0.3C dc.csv,0.3+0.7 10 tau.csv,0.29348590826193033,17.265934074932463,14.068202331926837,3.197731743005626
0.3C dc.csv,0.3+0.7 10 tau.csv,0.2951163855300522,17.36185477150035,14.097654955306096,3.264199816194255
0.3C dc.csv,0.3+0.7 10 tau.csv,0.296746862798174,17.45777514198695,14.127020167910045,3.330754974076905
0.3C dc.csv,0.3+0.7 10 tau.csv,0.29837734006629585,17.553695368889628,14.156310614159974,3.3973847547296536
0.3C dc.csv,0.3+0.7 10 tau.csv,0.30000781733441767,17.64961560390759,14.185537383389153,3.464078220518438
0.3C dc.csv,0.3+0.7 10 tau.csv,0.30163829460253955,17.74553619194693,14.214700047848787,3.530836144098142
0.3C dc.csv,0.3+0.7 10 tau.csv,0.30326877187066137,17.841456521920858,14.243798348049753,3.597658173871105
0.3C dc.csv,0.3+0.7 10 tau.csv,0.3048992491387832,17.937376544973986,14.27284234947528,3.6645341954987067
0.3C dc.csv,0.3+0.7 10 tau.csv,0.306529726406905,18.03329670478758,14.3018373374464,3.7314593673411807
0.3C dc.csv,0.3+0.7 10 tau.csv,0.3081602036750269,18.129217188166734,14.3307871039168,3.798430084249935
0.3C dc.csv,0.3+0.7 10 tau.csv,0.3097906809431487,18.225137381308976,14.359694574769259,3.8654428065397166
0.3C dc.csv,0.3+0.7 10 tau.csv,0.31142115821127053,18.32105732559749,14.388568179121638,3.9324891464758522
0.3C dc.csv,0.3+0.7 10 tau.csv,0.31305163547939235,18.416977707582245,14.417413122918134,3.9995645846641104
0.3C dc.csv,0.3+0.7 10 tau.csv,0.3146821127475142,18.512898203994567,14.446238855915368,4.066659348079199
0.3C dc.csv,0.3+0.7 10 tau.csv,0.31631259001563605,18.60881830057503,14.475044769576916,4.1337735309981145
0.3C dc.csv,0.3+0.7 10 tau.csv,0.3179430672837579,18.70473847935807,14.503835891497232,4.200902587860838
0.3C dc.csv,0.3+0.7 10 tau.csv,0.3195735445518797,18.800658685882517,14.532617282602954,4.268041403279563
0.3C dc.csv,0.3+0.7 10 tau.csv,0.3212040218200015,18.89657892491009,14.561392920276,4.335186004634091
0.3C dc.csv,0.3+0.7 10 tau.csv,0.3228344990881234,18.99249946427629,14.59016743980817,4.402332024468119
0.3C dc.csv,0.3+0.7 10 tau.csv,0.3244649763562452,19.088420188087184,14.618945911245486,4.469474276841698
0.3C dc.csv,0.3+0.7 10 tau.csv,0.32609545362436704,19.184340490895657,14.647733139752733,4.536607351142925
0.3C dc.csv,0.3+0.7 10 tau.csv,0.32772593089248886,19.280260816404063,14.676535456066093,4.60372536033797
0.3C dc.csv,0.3+0.7 10 tau.csv,0.32935640816061074,19.376181129741582,14.705358838624857,4.670822291116725
0.3C dc.csv,0.3+0.7 10 tau.csv,0.33098688542873256,19.47210167709814,14.734210470325017,4.737891206773124
0.3C dc.csv,0.3+0.7 10 tau.csv,0.3326173626968544,19.568022525086846,14.763091848882004,4.804930676204842
0.3C dc.csv,0.3+0.7 10 tau.csv,0.3342478399649762,19.66394306140313,14.792008104924339,4.871934956478793
0.3C dc.csv,0.3+0.7 10 tau.csv,0.3358783172330981,19.759863978534298,14.820962022306112,4.938901956228186
0.3C dc.csv,0.3+0.7 10 tau.csv,0.3375087945012199,19.85578429663869,14.849958236432416,5.005826060206273
0.3C dc.csv,0.3+0.7 10 tau.csv,0.3391392717693417,19.951704752906135,14.879004130746132,5.072700622160003
0.3C dc.csv,0.3+0.7 10 tau.csv,0.34076974903746354,20.047625460850277,14.90810538691897,5.1395200739313065
0.3C dc.csv,0.3+0.7 10 tau.csv,0.3424002263055854,20.143546091886652,14.937265283235588,5.206280808651064
0.3C dc.csv,0.3+0.7 10 tau.csv,0.34403070357370724,20.23946666433549,14.966489204868877,5.272977459466615
0.3C dc.csv,0.3+0.7 10 tau.csv,0.34566118084182906,20.335386940906673,14.995791327991991,5.339595612914682
0.3C dc.csv,0.3+0.7 10 tau.csv,0.3472916581099509,20.43130709387645,15.025173804181469,5.40613328969498
0.3C dc.csv,0.3+0.7 10 tau.csv,0.34892213537807276,20.527227122120852,15.0546362857008,5.472590836420052
0.3C dc.csv,0.3+0.7 10 tau.csv,0.3505526126461946,20.623147124417617,15.084184649594098,5.538962474823519
0.3C dc.csv,0.3+0.7 10 tau.csv,0.3521830899143164,20.719067693755832,15.113826897768973,5.605240795986859
0.3C dc.csv,0.3+0.7 10 tau.csv,0.3538135671824382,20.814987752099913,15.143572122337797,5.671415629762116
0.3C dc.csv,0.3+0.7 10 tau.csv,0.3554440444505601,20.910908025425208,15.173422476046403,5.737485549378805
0.3C dc.csv,0.3+0.7 10 tau.csv,0.3570745217186819,21.006828637936103,15.203384135193222,5.803444502742881
0.3C dc.csv,0.3+0.7 10 tau.csv,0.35870499898680375,21.102749113549418,15.23346285293431,5.869286260615109
0.3C dc.csv,0.3+0.7 10 tau.csv,0.36033547625492557,21.198669530813362,15.263669227073427,5.935000303739935
0.3C dc.csv,0.3+0.7 10 tau.csv,0.36196595352304745,21.294589610228932,15.294018711041943,6.0005708991869895
0.3C dc.csv,0.3+0.7 10 tau.csv,0.36359643079116927,21.39050984820678,15.324512874407162,6.065996973799617
0.3C dc.csv,0.3+0.7 10 tau.csv,0.3652269080592911,21.48643021292295,15.355153990878275,6.131276222044676
0.3C dc.csv,0.3+0.7 10 tau.csv,0.3668573853274129,21.582350402887883,15.385950755068887,6.196399647818996
0.3C dc.csv,0.3+0.7 10 tau.csv,0.3684878625955348,21.678270898365735,15.416911792783507,6.261359105582228
0.3C dc.csv,0.3+0.7 10 tau.csv,0.3701183398636566,21.774191631109982,15.448046561717454,6.326145069392528
0.3C dc.csv,0.3+0.7 10 tau.csv,0.37174881713177843,21.870111872697144,15.479368648959403,6.390743223737742
0.3C dc.csv,0.3+0.7 10 tau.csv,0.37337929439990025,21.966032065845326,15.510881760793326,6.455150305051999
0.3C dc.csv,0.3+0.7 10 tau.csv,0.37500977166802213,22.061952418267637,15.542596125722598,6.519356292545039
0.3C dc.csv,0.3+0.7 10 tau.csv,0.37664024893614395,22.157872886108002,15.574527439928685,6.583345446179317
0.3C dc.csv,0.3+0.7 10 tau.csv,0.3782707262042658,22.25379341525011,15.606687858564486,6.647105556685625
0.3C dc.csv,0.3+0.7 10 tau.csv,0.3799012034723876,22.349714083182093,15.639081535181893,6.7106325480002
0.3C dc.csv,0.3+0.7 10 tau.csv,0.38153168074050947,22.445634716779153,15.671722378789037,6.773912337990117
0.3C dc.csv,0.3+0.7 10 tau.csv,0.3831621580086313,22.541555646432418,15.70462325328102,6.836932393151397
0.3C dc.csv,0.3+0.7 10 tau.csv,0.3847926352767531,22.637476254404884,15.737796210677907,6.899680043726978
0.3C dc.csv,0.3+0.7 10 tau.csv,0.38642311254487494,22.73339696626384,15.771255363999385,6.962141602264454
0.3C dc.csv,0.3+0.7 10 tau.csv,0.3880535898129968,22.829317820622215,15.805015666457088,7.024302154165127
0.3C dc.csv,0.3+0.7 10 tau.csv,0.38968406708111863,22.925238875423805,15.839093214372813,7.086145661050992
0.3C dc.csv,0.3+0.7 10 tau.csv,0.39131454434924046,23.021159565458145,15.87350495010652,7.147654615351625
0.3C dc.csv,0.3+0.7 10 tau.csv,0.3929450216173623,23.11708027904462,15.908267417888787,7.208812861155835
0.3C dc.csv,0.3+0.7 10 tau.csv,0.39457549888548415,23.21300126285125,15.943406481225702,7.269594781625548
0.3C dc.csv,0.3+0.7 10 tau.csv,0.396205976153606,23.308922232724193,15.978942632676588,7.329979600047604
0.3C dc.csv,0.3+0.7 10 tau.csv,0.3978364534217278,23.404843082539166,16.01488800856998,7.389955073969187
0.3C dc.csv,0.3+0.7 10 tau.csv,0.3994669306898496,23.500763771741383,16.051281660066085,7.449482111675298
0.3C dc.csv,0.3+0.7 10 tau.csv,0.4010974079579715,23.596684767480287,16.088135634037492,7.508549133442795
0.3C dc.csv,0.3+0.7 10 tau.csv,0.4027278852260933,23.69260536003313,16.125474595062165,7.567130764970965
0.3C dc.csv,0.3+0.7 10 tau.csv,0.40435836249421514,23.78852613834942,16.16332511821792,7.625201020131502
0.3C dc.csv,0.3+0.7 10 tau.csv,0.40598883976233696,23.88444662678343,16.201737893484182,7.682708733299247
0.3C dc.csv,0.3+0.7 10 tau.csv,0.40761931703045884,23.980367613043143,16.240743346591454,7.739624266451688
0.3C dc.csv,0.3+0.7 10 tau.csv,0.40924979429858066,24.076288738952286,16.280363072889056,7.79592566606323
0.3C dc.csv,0.3+0.7 10 tau.csv,0.4108802715667025,24.172209693222765,16.32066952006512,7.851540173157645
0.3C dc.csv,0.3+0.7 10 tau.csv,0.4125107488348243,24.26813061312904,16.36167824022257,7.906452372906468
0.3C dc.csv,0.3+0.7 10 tau.csv,0.4141412261029462,24.364051315385492,16.403459625076987,7.9605916903085046
0.3C dc.csv,0.3+0.7 10 tau.csv,0.415771703371068,24.459971817046096,16.446059553655118,8.013912263390978
0.3C dc.csv,0.3+0.7 10 tau.csv,0.4174021806391898,24.555892518976854,16.489569044366494,8.06632347461036
0.3C dc.csv,0.3+0.7 10 tau.csv,0.41903265790731165,24.65181289959378,16.534020018552432,8.117792881041346
0.3C dc.csv,0.3+0.7 10 tau.csv,0.42066313517543347,24.747733367806763,16.579520693433885,8.168212674372878
0.3C dc.csv,0.3+0.7 10 tau.csv,0.42229361244355534,24.843653920015814,16.626164019048687,8.217489900967127
0.3C dc.csv,0.3+0.7 10 tau.csv,0.42392408971167717,24.939574738423598,16.674040361954436,8.265534376469162
0.3C dc.csv,0.3+0.7 10 tau.csv,0.425554566979799,25.035495796276756,16.723276994846223,8.312218801430532
0.3C dc.csv,0.3+0.7 10 tau.csv,0.4271850442479208,25.1314172264509,16.774024190814085,8.357393035636814
0.3C dc.csv,0.3+0.7 10 tau.csv,0.4288155215160427,25.227337813189347,16.82644426511522,8.400893548074126
0.3C dc.csv,0.3+0.7 10 tau.csv,0.4304459987841645,25.323258440194987,16.880723960822223,8.442534479372764
0.3C dc.csv,0.3+0.7 10 tau.csv,0.43207647605228633,25.419178776831206,16.93714155670435,8.482037220126855
0.3C dc.csv,0.3+0.7 10 tau.csv,0.43370695332040815,25.51509934198244,16.99593122899105,8.519168112991391
0.3C dc.csv,0.3+0.7 10 tau.csv,0.43533743058853,25.611019654155232,17.057505194829304,8.553514459325928
0.3C dc.csv,0.3+0.7 10 tau.csv,0.43696790785665185,25.706940080304854,17.12228209607273,8.584657984232123
0.3C dc.csv,0.3+0.7 10 tau.csv,0.43859838512477367,25.802860073938888,17.190871627666283,8.611988446272605
0.3C dc.csv,0.3+0.7 10 tau.csv,0.4402288623928955,25.89878020314116,17.264049999941342,8.634730203199819
0.3C dc.csv,0.3+0.7 10 tau.csv,0.44185933966101737,25.99470007952874,17.343015121274828,8.651684958253913
0.3C dc.csv,0.3+0.7 10 tau.csv,0.4434898169291392,26.090620620993725,17.429302675715743,8.661317945277982
0.3C dc.csv,0.3+0.7 10 tau.csv,0.445120294197261,26.18654080011737,17.525560444235516,8.660980355881854
0.3C dc.csv,0.3+0.7 10 tau.csv,0.44675077146538283,26.282460922434968,17.636235376574092,8.646225545860876
0.3C dc.csv,0.3+0.7 10 tau.csv,0.4483812487335047,26.37838081990831,17.7707564200702,8.607624399838109
0.3C dc.csv,0.3+0.7 10 tau.csv,0.45001172600162653,26.474300798982423,17.957337018516547,8.516963780465876
0.3C dc.csv,0.3+0.7 10 tau.csv,0.45164220326974835,26.570220750626085,24.972349260073642,1.5978714905524427
0.3C dc.csv,0.3+0.7 10 tau.csv,0.4532726805378702,26.66614085728277,25.006431696742773,1.6597091605399967
0.3C dc.csv,0.3+0.7 10 tau.csv,0.45490315780599205,26.762060680944696,25.040195624769357,1.7218650561753392
0.3C dc.csv,0.3+0.7 10 tau.csv,0.4565336350741139,26.857979875851402,25.073655597120233,1.7843242787311695
0.3C dc.csv,0.3+0.7 10 tau.csv,0.4581641123422357,26.953899427739707,25.106826623774293,1.847072803965414
0.3C dc.csv,0.3+0.7 10 tau.csv,0.4597945896103575,27.049819320762957,25.139723512577064,1.9100958081858934
0.3C dc.csv,0.3+0.7 10 tau.csv,0.4614250668784794,27.145739057415746,25.172360004626626,1.9733790527891202
0.3C dc.csv,0.3+0.7 10 tau.csv,0.4630555441466012,27.24165911481318,25.204748183580747,2.036910931232434
0.3C dc.csv,0.3+0.7 10 tau.csv,0.46468602141472304,27.337579760625566,25.236899412156344,2.100680348469222
0.3C dc.csv,0.3+0.7 10 tau.csv,0.46631649868284486,27.433500214454515,25.268828331049686,2.1646718834048286
0.3C dc.csv,0.3+0.7 10 tau.csv,0.46794697595096674,27.529420532449656,25.30055245618462,2.2288680762650372
0.3C dc.csv,0.3+0.7 10 tau.csv,0.46957745321908856,27.625340932620443,25.332072458448252,2.2932684741721907
0.3C dc.csv,0.3+0.7 10 tau.csv,0.4712079304872104,27.721261101466272,25.363393554709734,2.3578675467565375
0.3C dc.csv,0.3+0.7 10 tau.csv,0.4728384077553322,27.817181422392004,25.39452901142283,2.4226524109691745
0.3C dc.csv,0.3+0.7 10 tau.csv,0.4744688850234541,27.913101649234097,25.425490126851734,2.4876115223823625
0.3C dc.csv,0.3+0.7 10 tau.csv,0.4760993622915759,28.009021714932615,25.456284841824054,2.552736873108561
0.3C dc.csv,0.3+0.7 10 tau.csv,0.4777298395596977,28.104941743572542,25.486921423222864,2.618020320349679
0.3C dc.csv,0.3+0.7 10 tau.csv,0.47936031682781954,28.200861734964462,25.517407790392394,2.6834539445720687
0.3C dc.csv,0.3+0.7 10 tau.csv,0.4809907940959414,28.296781631237458,25.547752965091977,2.749028666145481
0.3C dc.csv,0.3+0.7 10 tau.csv,0.48262127136406324,28.392701384466577,25.577967057257222,2.8147343272093543
0.3C dc.csv,0.3+0.7 10 tau.csv,0.48425174863218506,28.48862142665388,25.608053347888426,2.880568078765453
0.3C dc.csv,0.3+0.7 10 tau.csv,0.4858822259003069,28.584541606180093,25.638019135199396,2.946522470980696
0.3C dc.csv,0.3+0.7 10 tau.csv,0.48751270316842876,28.68046189196985,25.667871657225962,3.012590234743886
0.3C dc.csv,0.3+0.7 10 tau.csv,0.4891431804365506,28.77638181572386,25.697616755479284,3.0787650602445744
0.3C dc.csv,0.3+0.7 10 tau.csv,0.4907736577046724,28.87230158533543,25.72725603378885,3.145045551546577
0.3C dc.csv,0.3+0.7 10 tau.csv,0.4924041349727942,28.968221513685247,25.756801332809154,3.211420180876093
0.3C dc.csv,0.3+0.7 10 tau.csv,0.4940346122409161,29.064141516211688,25.786258465266545,3.2778830509451424
0.3C dc.csv,0.3+0.7 10 tau.csv,0.4956650895090379,29.160060963785835,25.815633043083842,3.3444279207019925
0.3C dc.csv,0.3+0.7 10 tau.csv,0.49729556677715975,29.255980617008188,25.844929590804995,3.411051026203193
0.3C dc.csv,0.3+0.7 10 tau.csv,0.49892604404528157,29.351900477054546,25.87415926782233,3.4777412092322173
0.3C dc.csv,0.3+0.7 10 tau.csv,0.5005565213134034,29.447819929203526,25.903324057156926,3.5444958720465998
0.3C dc.csv,0.3+0.7 10 tau.csv,0.5021869985815253,29.543739471124994,25.932429253270953,3.61131021785404
0.3C dc.csv,0.3+0.7 10 tau.csv,0.5038174758496471,29.639658684059324,25.96147599897335,3.678182685085975
0.3C dc.csv,0.3+0.7 10 tau.csv,0.5054479531177689,29.735578362615943,25.990472575216167,3.745105787399776
0.3C dc.csv,0.3+0.7 10 tau.csv,0.5070784303858907,29.831497818733922,26.019424559952373,3.812073258781549
0.3C dc.csv,0.3+0.7 10 tau.csv,0.5087089076540126,29.927417526426282,26.048336585303527,3.879080941122755
0.3C dc.csv,0.3+0.7 10 tau.csv,0.5103393849221345,30.02333745331577,26.077211214259503,3.946126239056266
0.3C dc.csv,0.3+0.7 10 tau.csv,0.5119698621902563,30.1192568784202,26.1060572765517,4.0131996018685
0.3C dc.csv,0.3+0.7 10 tau.csv,0.5136003394583781,30.215176256528416,26.134882939204683,4.080293317323733
0.3C dc.csv,0.3+0.7 10 tau.csv,0.5152308167265,30.311096107220006,26.16369127167798,4.1474048355420265
0.3C dc.csv,0.3+0.7 10 tau.csv,0.5168612939946218,30.407015436616767,26.192484268355358,4.214531168261409
0.3C dc.csv,0.3+0.7 10 tau.csv,0.5184917712627436,30.502935259303573,26.22126636605962,4.281668893243953
0.3C dc.csv,0.3+0.7 10 tau.csv,0.5201222485308654,30.598854741965464,26.250042149369317,4.348812592596147
0.3C dc.csv,0.3+0.7 10 tau.csv,0.5217527257989872,30.694774347521015,26.27881641824647,4.415957929274544
0.3C dc.csv,0.3+0.7 10 tau.csv,0.5233832030671091,30.790694542220628,26.307595161407487,4.48309938081314
0.3C dc.csv,0.3+0.7 10 tau.csv,0.525013680335231,30.886614632443738,26.3363827923415,4.550231840102239
0.3C dc.csv,0.3+0.7 10 tau.csv,0.5266441576033528,30.98253473191125,26.365183574081463,4.617351157829788
0.3C dc.csv,0.3+0.7 10 tau.csv,0.5282746348714746,31.078455063674987,26.394005760142775,4.684449303532212
0.3C dc.csv,0.3+0.7 10 tau.csv,0.5299051121395965,31.174375216566172,26.422857628598532,4.751517587967641
0.3C dc.csv,0.3+0.7 10 tau.csv,0.5315355894077183,31.270294970913664,26.451737832975603,4.818557137938061
0.3C dc.csv,0.3+0.7 10 tau.csv,0.5331660666758401,31.366215148640986,26.480650331458982,4.885564817182004
0.3C dc.csv,0.3+0.7 10 tau.csv,0.5347965439439619,31.462134589763128,26.50960262419556,4.9525319655675695
0.3C dc.csv,0.3+0.7 10 tau.csv,0.5364270212120837,31.558054495889934,26.538597772059607,5.019456723830327
0.3C dc.csv,0.3+0.7 10 tau.csv,0.5380574984802057,31.653974047700302,26.567640183175936,5.0863338645243665
0.3C dc.csv,0.3+0.7 10 tau.csv,0.5396879757483275,31.74989331554714,26.596737347400477,5.153155968146663
0.3C dc.csv,0.3+0.7 10 tau.csv,0.5413184530164493,31.845813050011362,26.62589469278078,5.219918357230583
0.3C dc.csv,0.3+0.7 10 tau.csv,0.5429489302845711,31.941732482998113,26.655115057127915,5.2866174258701975
0.3C dc.csv,0.3+0.7 10 tau.csv,0.544579407552693,32.03765233654781,26.684412093750804,5.353240242797003
0.3C dc.csv,0.3+0.7 10 tau.csv,0.5462098848208148,32.133572395015726,26.713787382145174,5.419785012870552
0.3C dc.csv,0.3+0.7 10 tau.csv,0.5478403620889366,32.22949225940707,26.74324662204819,5.486245637358877
0.3C dc.csv,0.3+0.7 10 tau.csv,0.5494708393570584,32.325412474840896,26.772791972250378,5.552620502590518
0.3C dc.csv,0.3+0.7 10 tau.csv,0.5511013166251804,32.421332336678134,26.802429059108636,5.618903277569498
0.3C dc.csv,0.3+0.7 10 tau.csv,0.5527317938933022,32.517251911376015,26.832164000995718,5.685087910380297
0.3C dc.csv,0.3+0.7 10 tau.csv,0.554362271161424,32.6131711180932,26.862008957396174,5.7511621606970245
0.3C dc.csv,0.3+0.7 10 tau.csv,0.5559927484295458,32.70909101844546,26.89196546905108,5.817125549394383
0.3C dc.csv,0.3+0.7 10 tau.csv,0.5576232256976676,32.8050110805515,26.922039494527517,5.882971586023984
0.3C dc.csv,0.3+0.7 10 tau.csv,0.5592537029657895,32.90093139588995,26.952239851386903,5.9486915445030455
0.3C dc.csv,0.3+0.7 10 tau.csv,0.5608841802339113,32.99685150183463,26.982580316387317,6.01427118544731
0.3C dc.csv,0.3+0.7 10 tau.csv,0.5625146575020331,33.09277151118786,27.013065632530633,6.079705878657229
0.3C dc.csv,0.3+0.7 10 tau.csv,0.564145134770155,33.18869148541552,27.043700369618993,6.144991115796525
0.3C dc.csv,0.3+0.7 10 tau.csv,0.5657756120382769,33.28461199284106,27.074490698223244,6.210121294617814
0.3C dc.csv,0.3+0.7 10 tau.csv,0.5674060893063987,33.38053304419806,27.10544534638832,6.275087697809742
0.3C dc.csv,0.3+0.7 10 tau.csv,0.5690365665745205,33.47645412104719,27.136572024437275,6.339882096609916
0.3C dc.csv,0.3+0.7 10 tau.csv,0.5706670438426423,33.572375236848146,27.167879828254144,6.404495408594002
0.3C dc.csv,0.3+0.7 10 tau.csv,0.5722975211107642,33.66829638640935,27.19937891070251,6.468917475706842
0.3C dc.csv,0.3+0.7 10 tau.csv,0.573927998378886,33.76421703722718,27.231081074984456,6.533135962242728
0.3C dc.csv,0.3+0.7 10 tau.csv,0.5755584756470078,33.86013772727627,27.262999126501505,6.5971386007747626
0.3C dc.csv,0.3+0.7 10 tau.csv,0.5771889529151297,33.956058314866745,27.295147560228546,6.6609107546381985
0.3C dc.csv,0.3+0.7 10 tau.csv,0.5788194301832515,34.05197908670053,27.327530766390574,6.724448320309953
0.3C dc.csv,0.3+0.7 10 tau.csv,0.5804499074513734,34.147899461071646,27.360160272487665,6.787739188583981
0.3C dc.csv,0.3+0.7 10 tau.csv,0.5820803847194952,34.243819823952414,27.393047752569263,6.850772071383151
0.3C dc.csv,0.3+0.7 10 tau.csv,0.583710861987617,34.33973989396071,27.426205708602303,6.913534185358408
0.3C dc.csv,0.3+0.7 10 tau.csv,0.5853413392557388,34.435659651117,27.45964910031228,6.97601055080472
0.3C dc.csv,0.3+0.7 10 tau.csv,0.5869718165238607,34.53158022884054,27.493392833636726,7.038187395203813
0.3C dc.csv,0.3+0.7 10 tau.csv,0.5886022937919825,34.62750079585222,27.527452808897827,7.100047986954394
0.3C dc.csv,0.3+0.7 10 tau.csv,0.5902327710601044,34.7234213380172,27.561843450052244,7.1615778879649525
0.3C dc.csv,0.3+0.7 10 tau.csv,0.5918632483282262,34.81934188785617,27.596581780055633,7.222760107800536
0.3C dc.csv,0.3+0.7 10 tau.csv,0.593493725596348,34.9152620100203,27.63169119235243,7.283570817667869
0.3C dc.csv,0.3+0.7 10 tau.csv,0.5951242028644699,35.01118266753568,27.667212537558974,7.343970129976704
0.3C dc.csv,0.3+0.7 10 tau.csv,0.5967546801325917,35.10710337572075,27.70314429111839,7.403959084602356
0.3C dc.csv,0.3+0.7 10 tau.csv,0.5983851574007135,35.2030241182487,27.739509371249888,7.463514746998811
0.3C dc.csv,0.3+0.7 10 tau.csv,0.6000156346688353,35.298944804821105,27.776331720145926,7.522613084675179
0.3C dc.csv,0.3+0.7 10 tau.csv,0.6016461119369572,35.39486511626129,27.813636595792747,7.581228520468546
0.3C dc.csv,0.3+0.7 10 tau.csv,0.6032765892050791,35.490785392890444,27.851470080526024,7.63931531236442
0.3C dc.csv,0.3+0.7 10 tau.csv,0.6049070664732009,35.586705513593955,27.889855251088033,7.696850262505922
0.3C dc.csv,0.3+0.7 10 tau.csv,0.6065375437413227,35.68262549525144,27.928820606712858,7.7538048885385855
0.3C dc.csv,0.3+0.7 10 tau.csv,0.6081680210094446,35.77854568376361,27.96841729281823,7.81012839094538
0.3C dc.csv,0.3+0.7 10 tau.csv,0.6097984982775664,35.8744657678107,28.008682595978904,7.865783171831794
0.3C dc.csv,0.3+0.7 10 tau.csv,0.6114289755456882,35.970385612266426,28.049645792287208,7.920739819979218
0.3C dc.csv,0.3+0.7 10 tau.csv,0.61305945281381,36.06630594122622,28.09139164043497,7.974914300791248
0.3C dc.csv,0.3+0.7 10 tau.csv,0.6146899300819318,36.162226121771155,28.13394122974539,8.028284892025766
0.3C dc.csv,0.3+0.7 10 tau.csv,0.6163204073500538,36.25814671234148,28.177396769118932,8.080749943222546
0.3C dc.csv,0.3+0.7 10 tau.csv,0.6179508846181756,36.35406696554479,28.221806804462602,8.132260161082186
0.3C dc.csv,0.3+0.7 10 tau.csv,0.6195813618862974,36.449987058954015,28.267241433779866,8.18274562517415
0.3C dc.csv,0.3+0.7 10 tau.csv,0.6212118391544192,36.545907493542494,28.31380959107417,8.232097902468325
0.3C dc.csv,0.3+0.7 10 tau.csv,0.6228423164225411,36.64182822307137,28.3616226353539,8.280205587717472
0.3C dc.csv,0.3+0.7 10 tau.csv,0.6244727936906629,36.737748841442524,28.41078550380512,8.326963337637405
0.3C dc.csv,0.3+0.7 10 tau.csv,0.6261032709587847,36.833669155176274,28.461449658739483,8.372219496436792
0.3C dc.csv,0.3+0.7 10 tau.csv,0.6277337482269065,36.92958901797871,28.51377220163924,8.415816816339465
0.3C dc.csv,0.3+0.7 10 tau.csv,0.6293642254950284,37.02550881656783,28.56796946211529,8.457539354452539
0.3C dc.csv,0.3+0.7 10 tau.csv,0.6309947027631503,37.12142847975624,28.624261593644814,8.497166886111426
0.3C dc.csv,0.3+0.7 10 tau.csv,0.6326251800312721,37.217347758752915,28.68290636849739,8.534441390255523
0.3C dc.csv,0.3+0.7 10 tau.csv,0.6342556572993939,37.313267462295435,28.7443203088907,8.568947153404736
0.3C dc.csv,0.3+0.7 10 tau.csv,0.6358861345675157,37.409187088988766,28.808917966589195,8.60026912239957
0.3C dc.csv,0.3+0.7 10 tau.csv,0.6375166118356376,37.505107106172005,28.877285105602617,8.627822000569388
0.3C dc.csv,0.3+0.7 10 tau.csv,0.6391470891037594,37.60102685476996,28.950206676820496,8.650820177949466
0.3C dc.csv,0.3+0.7 10 tau.csv,0.6407775663718812,37.6969468761587,29.02880551233957,8.668141363819128
0.3C dc.csv,0.3+0.7 10 tau.csv,0.642408043640003,37.792867427173455,29.11464223515579,8.678225192017663
0.3C dc.csv,0.3+0.7 10 tau.csv,0.644038520908125,37.88878730633596,29.210293457872627,8.678493848463336
0.3C dc.csv,0.3+0.7 10 tau.csv,0.6456689981762468,37.98470690733165,29.32003855540472,8.664668351926927
0.3C dc.csv,0.3+0.7 10 tau.csv,0.6472994754443686,38.08062682186725,29.452874141862,8.627752680005248
0.3C dc.csv,0.3+0.7 10 tau.csv,0.6489299527124904,38.17654663658818,29.634937077107683,8.541609559480495
0.3C dc.csv,0.3+0.7 10 tau.csv,0.6505604299806123,38.27246621313249,36.643400824326314,1.6290653888061755
0.3C dc.csv,0.3+0.7 10 tau.csv,0.6521909072487341,38.36838599428689,36.677334491107594,1.6910515031792954
0.3C dc.csv,0.3+0.7 10 tau.csv,0.6538213845168559,38.46430558296596,36.71095538230974,1.7533502006562216
0.3C dc.csv,0.3+0.7 10 tau.csv,0.6554518617849777,38.560225145156096,36.744279316262016,1.8159458288940797
0.3C dc.csv,0.3+0.7 10 tau.csv,0.6570823390530997,38.65614478019161,36.77732103118883,1.8788237490027768
0.3C dc.csv,0.3+0.7 10 tau.csv,0.6587128163212215,38.75206410866479,36.810094565673914,1.9419695429908757
0.3C dc.csv,0.3+0.7 10 tau.csv,0.6603432935893433,38.847983728767964,36.842611723436214,2.0053720053317505
0.3C dc.csv,0.3+0.7 10 tau.csv,0.6619737708574651,38.94390392346138,36.87488498846407,2.0690189349973096
0.3C dc.csv,0.3+0.7 10 tau.csv,0.6636042481255869,39.0398241861432,36.90693068945541,2.1328934966877924
0.3C dc.csv,0.3+0.7 10 tau.csv,0.6652347253937088,39.135744385838436,36.938765117993874,2.1969792678445614
0.3C dc.csv,0.3+0.7 10 tau.csv,0.6668652026618306,39.231664661271985,36.97039032866139,2.261274332610597
0.3C dc.csv,0.3+0.7 10 tau.csv,0.6684956799299524,39.327584397163946,37.0018166033625,2.3257677938014467
0.3C dc.csv,0.3+0.7 10 tau.csv,0.6701261571980743,39.42350448146466,37.03305384803988,2.390450633424784
0.3C dc.csv,0.3+0.7 10 tau.csv,0.6717566344661962,39.51942411398447,37.0641115308172,2.45531258316727
0.3C dc.csv,0.3+0.7 10 tau.csv,0.673387111734318,39.615343083295194,37.094993560597956,2.520349522697238
0.3C dc.csv,0.3+0.7 10 tau.csv,0.6750175890024398,39.71126277934724,37.125710772731004,2.5855520066162327
0.3C dc.csv,0.3+0.7 10 tau.csv,0.6766480662705616,39.80718247611011,37.156274136007774,2.6509083401023332
0.3C dc.csv,0.3+0.7 10 tau.csv,0.6782785435386834,39.90310223041148,37.186692134865595,2.716410095545882
0.3C dc.csv,0.3+0.7 10 tau.csv,0.6799090208068053,39.999021986955974,37.21697444452852,2.782047542427456
0.3C dc.csv,0.3+0.7 10 tau.csv,0.6815394980749271,40.094941911094985,37.247132202735386,2.8478097083595983
0.3C dc.csv,0.3+0.7 10 tau.csv,0.683169975343049,40.1908618094531,37.27715972160747,2.9137020878456283
0.3C dc.csv,0.3+0.7 10 tau.csv,0.6848004526111708,40.286781558653175,37.307070402798246,2.979711155854929
0.3C dc.csv,0.3+0.7 10 tau.csv,0.6864309298792927,40.382701704728014,37.33687111665704,3.04583058807097
0.3C dc.csv,0.3+0.7 10 tau.csv,0.6880614071474145,40.47862164393248,37.36656793083258,3.112053713099897
0.3C dc.csv,0.3+0.7 10 tau.csv,0.6896918844155363,40.57454154618378,37.396166345231556,3.1783752009522246
0.3C dc.csv,0.3+0.7 10 tau.csv,0.6913223616836581,40.67046122233863,37.4256677012644,3.2447935210742287
0.3C dc.csv,0.3+0.7 10 tau.csv,0.69295283895178,40.766380594422216,37.45508408274325,3.311296511678968
0.3C dc.csv,0.3+0.7 10 tau.csv,0.6945833162199018,40.86230034517507,37.484421513241536,3.377878831933536
0.3C dc.csv,0.3+0.7 10 tau.csv,0.6962137934880237,40.95821989308629,37.51368827894206,3.444531614144225
0.3C dc.csv,0.3+0.7 10 tau.csv,0.6978442707561455,41.05413940956095,37.54288708243807,3.5112523271228824
0.3C dc.csv,0.3+0.7 10 tau.csv,0.6994747480242673,41.15005893852065,37.572022994237955,3.5780359442826963
0.3C dc.csv,0.3+0.7 10 tau.csv,0.7011052252923892,41.245978627174644,37.60110090328506,3.6448777238895858
0.3C dc.csv,0.3+0.7 10 tau.csv,0.702735702560511,41.34189864742427,37.63012558250137,3.7117730649229017
0.3C dc.csv,0.3+0.7 10 tau.csv,0.7043661798286328,41.43781890428402,37.659099513119884,3.778719391164138
0.3C dc.csv,0.3+0.7 10 tau.csv,0.7059966570967546,41.53373888532084,37.68803153403953,3.8457073512813054
0.3C dc.csv,0.3+0.7 10 tau.csv,0.7076271343648765,41.62965854517701,37.71692663626532,3.912731908911688
0.3C dc.csv,0.3+0.7 10 tau.csv,0.7092576116329984,41.72557849100894,37.745788517660316,3.9797899733486233
0.3C dc.csv,0.3+0.7 10 tau.csv,0.7108880889011202,41.82149833275059,37.774623009294906,4.046875323455687
0.3C dc.csv,0.3+0.7 10 tau.csv,0.712518566169242,41.917418157207905,37.80344176482704,4.113976392380863
0.3C dc.csv,0.3+0.7 10 tau.csv,0.7141490434373639,42.013338536087296,37.832243029400765,4.181095506686532
0.3C dc.csv,0.3+0.7 10 tau.csv,0.7157795207054857,42.10925847588375,37.86102989941329,4.24822857647046
0.3C dc.csv,0.3+0.7 10 tau.csv,0.7174099979736075,42.20517832075602,37.889807856881575,4.315370463874444
0.3C dc.csv,0.3+0.7 10 tau.csv,0.7190404752417293,42.3010981692307,37.91858220556697,4.382515963663728
0.3C dc.csv,0.3+0.7 10 tau.csv,0.7206709525098511,42.397018303806895,37.94735796029188,4.4496603435150135
0.3C dc.csv,0.3+0.7 10 tau.csv,0.7223014297779731,42.492938502904316,37.97614023002972,4.5167982728745955
0.3C dc.csv,0.3+0.7 10 tau.csv,0.7239319070460949,42.58885839031917,38.004932837473426,4.583925552845741
0.3C dc.csv,0.3+0.7 10 tau.csv,0.7255623843142167,42.684778436030044,38.03374060694732,4.651037829082725
0.3C dc.csv,0.3+0.7 10 tau.csv,0.7271928615823385,42.78069897538465,38.06257561846251,4.718123356922142
0.3C dc.csv,0.3+0.7 10 tau.csv,0.7288233388504604,42.8766194861387,38.09144084715094,4.785178638987759
0.3C dc.csv,0.3+0.7 10 tau.csv,0.7304538161185822,42.972539842035765,38.12033568047689,4.852204161558873
0.3C dc.csv,0.3+0.7 10 tau.csv,0.732084293386704,43.06845982875962,38.14926494626923,4.919194882490395
0.3C dc.csv,0.3+0.7 10 tau.csv,0.7337147706548258,43.1643799187137,38.17823538259457,4.986144536119127
0.3C dc.csv,0.3+0.7 10 tau.csv,0.7353452479229476,43.26029994480864,38.207252872782774,5.053047072025862
0.3C dc.csv,0.3+0.7 10 tau.csv,0.7369757251910696,43.35621979771325,38.2363200737316,5.1198997239816535
0.3C dc.csv,0.3+0.7 10 tau.csv,0.7386062024591914,43.45213987417898,38.26544197891715,5.18669789526183
0.3C dc.csv,0.3+0.7 10 tau.csv,0.7402366797273132,43.54805996206059,38.294626357960226,5.2534336041003655
0.3C dc.csv,0.3+0.7 10 tau.csv,0.741867156995435,43.643979867257094,38.323880696670926,5.320099170586168
0.3C dc.csv,0.3+0.7 10 tau.csv,0.7434976342635569,43.73990015084551,38.353213640403744,5.386686510441763
0.3C dc.csv,0.3+0.7 10 tau.csv,0.7451281115316787,43.83582036040741,38.382624381655305,5.453195978752106
0.3C dc.csv,0.3+0.7 10 tau.csv,0.7467585887998005,43.93174046092766,38.41211988241231,5.519620578515344
0.3C dc.csv,0.3+0.7 10 tau.csv,0.7483890660679223,44.027660505167745,38.44170898361163,5.585951521556112
0.3C dc.csv,0.3+0.7 10 tau.csv,0.7500195433360443,44.12358045672906,38.47139306939053,5.652187387338529
0.3C dc.csv,0.3+0.7 10 tau.csv,0.7516500206041661,44.2195008401197,38.501177740597655,5.7183230995220455
0.3C dc.csv,0.3+0.7 10 tau.csv,0.7532804978722879,44.315421387604644,38.53106953410974,5.784351853494904
0.3C dc.csv,0.3+0.7 10 tau.csv,0.7549109751404097,44.411341704243924,38.56108041296925,5.850261291274677
0.3C dc.csv,0.3+0.7 10 tau.csv,0.7565414524085315,44.50726205217481,38.59121538933172,5.916046662843087
0.3C dc.csv,0.3+0.7 10 tau.csv,0.7581719296766534,44.60318227351253,38.621481826647454,5.9817004468650765
0.3C dc.csv,0.3+0.7 10 tau.csv,0.7598024069447752,44.69910298095908,38.65188840324465,6.047214577714435
0.3C dc.csv,0.3+0.7 10 tau.csv,0.761432884212897,44.79502383945252,38.682438653414266,6.1125851860382525
0.3C dc.csv,0.3+0.7 10 tau.csv,0.7630633614810189,44.89094452909416,38.71314089991821,6.177803629175955
0.3C dc.csv,0.3+0.7 10 tau.csv,0.7646938387491408,44.986864866563465,38.74400907436827,6.2428557921951935
0.3C dc.csv,0.3+0.7 10 tau.csv,0.7663243160172626,45.082785236002785,38.77504468980615,6.307740546196634
0.3C dc.csv,0.3+0.7 10 tau.csv,0.7679547932853844,45.1787059936162,38.80625681210373,6.372449181512465
0.3C dc.csv,0.3+0.7 10 tau.csv,0.7695852705535062,45.274626399596826,38.837655272763755,6.436971126833072
0.3C dc.csv,0.3+0.7 10 tau.csv,0.771215747821628,45.37054664984589,38.869249633336935,6.501297016508957
0.3C dc.csv,0.3+0.7 10 tau.csv,0.7728462250897499,45.466466681620844,38.90105000158241,6.565416680038432
0.3C dc.csv,0.3+0.7 10 tau.csv,0.7744767023578717,45.562386488458436,38.93307554880496,6.629310939653479
0.3C dc.csv,0.3+0.7 10 tau.csv,0.7761071796259936,45.658306509736335,38.96533092015095,6.692975589585387
0.3C dc.csv,0.3+0.7 10 tau.csv,0.7777376568941154,45.75422585076516,38.99782481035336,6.756401040411802
0.3C dc.csv,0.3+0.7 10 tau.csv,0.7793681341622373,45.85014608400727,39.030570403412796,6.819575680594475
0.3C dc.csv,0.3+0.7 10 tau.csv,0.7809986114303591,45.946066318937866,39.06358016149611,6.882486157441754
0.3C dc.csv,0.3+0.7 10 tau.csv,0.7826290886984809,46.04198685540755,39.096868738413086,6.945118116994465
0.3C dc.csv,0.3+0.7 10 tau.csv,0.7842595659666027,46.137907053066584,39.130450614294226,7.007456438772358
0.3C dc.csv,0.3+0.7 10 tau.csv,0.7858900432347246,46.23382673614086,39.16433988145277,7.069486854688094
0.3C dc.csv,0.3+0.7 10 tau.csv,0.7875205205028464,46.329746345575295,39.19855222014732,7.1311941254279745
0.3C dc.csv,0.3+0.7 10 tau.csv,0.7891509977709683,46.42566568447015,39.23310598570979,7.1925596987603555
0.3C dc.csv,0.3+0.7 10 tau.csv,0.7907814750390901,46.52158521007977,39.268021233408255,7.253563976671515
0.3C dc.csv,0.3+0.7 10 tau.csv,0.792411952307212,46.61750516770726,39.30332560754748,7.314179560159779
0.3C dc.csv,0.3+0.7 10 tau.csv,0.7940424295753338,46.71342542885437,39.339029983122536,7.374395445731835
0.3C dc.csv,0.3+0.7 10 tau.csv,0.7956729068434556,46.80934627629338,39.37515491601443,7.434191360278952
0.3C dc.csv,0.3+0.7 10 tau.csv,0.7973033841115774,46.90526651275683,39.41172382894972,7.493542683807114
0.3C dc.csv,0.3+0.7 10 tau.csv,0.7989338613796992,47.001186764463654,39.44877239324455,7.5524143712191005
0.3C dc.csv,0.3+0.7 10 tau.csv,0.8005643386478211,47.09710699777422,39.486327766331556,7.610779231442663
0.3C dc.csv,0.3+0.7 10 tau.csv,0.802194815915943,47.19302705829856,39.524407915472565,7.668619142825996
0.3C dc.csv,0.3+0.7 10 tau.csv,0.8038252931840648,47.288947443196925,39.56304452237624,7.725902920820687
0.3C dc.csv,0.3+0.7 10 tau.csv,0.8054557704521866,47.38486777762932,39.60231014309909,7.782557634530228
0.3C dc.csv,0.3+0.7 10 tau.csv,0.8070862477203085,47.480787995175966,39.642207890054536,7.83858010512143
0.3C dc.csv,0.3+0.7 10 tau.csv,0.8087167249884303,47.57670830346273,39.68279055481404,7.89391774864869
0.3C dc.csv,0.3+0.7 10 tau.csv,0.8103472022565521,47.672628363838,39.724116821526486,7.948511542311515
0.3C dc.csv,0.3+0.7 10 tau.csv,0.8119776795246739,47.76854869614002,39.76622167368968,8.002327022450345
0.3C dc.csv,0.3+0.7 10 tau.csv,0.8136081567927957,47.86446934090135,39.80919155406823,8.055277786833123
0.3C dc.csv,0.3+0.7 10 tau.csv,0.8152386340609177,47.960389687351146,39.85308062799097,8.107309059360176
0.3C dc.csv,0.3+0.7 10 tau.csv,0.8168691113290395,48.05631008576839,39.8979472847586,8.158362801009787
0.3C dc.csv,0.3+0.7 10 tau.csv,0.8184995885971613,48.15223075332575,39.943908621617034,8.20832213170872
0.3C dc.csv,0.3+0.7 10 tau.csv,0.8201300658652831,48.24815123467882,39.99104671262465,8.25710452205417
0.3C dc.csv,0.3+0.7 10 tau.csv,0.821760543133405,48.34407158529157,40.03946830204489,8.304603283246685
0.3C dc.csv,0.3+0.7 10 tau.csv,0.8233910204015268,48.43999219759923,40.08930612032197,8.35068607727726
0.3C dc.csv,0.3+0.7 10 tau.csv,0.8250214976696486,48.53591286317153,40.14072416925733,8.3951886939142
0.3C dc.csv,0.3+0.7 10 tau.csv,0.8266519749377704,48.63183312883368,40.193884581741926,8.43794854709175
0.3C dc.csv,0.3+0.7 10 tau.csv,0.8282824522058924,48.72775365832138,40.24901184336044,8.47874181496094
0.3C dc.csv,0.3+0.7 10 tau.csv,0.8299129294740142,48.82367367469692,40.3063733237661,8.517300350930817
0.3C dc.csv,0.3+0.7 10 tau.csv,0.831543406742136,48.91959393543734,40.3662495660936,8.55334436934374
0.3C dc.csv,0.3+0.7 10 tau.csv,0.8331738840102578,49.015513874764736,40.42906011557824,8.586453759186497
0.3C dc.csv,0.3+0.7 10 tau.csv,0.8348043612783796,49.11143393766104,40.49532890910729,8.616105028553747
0.3C dc.csv,0.3+0.7 10 tau.csv,0.8364348385465015,49.20735386864774,40.565710840130684,8.64164302851706
0.3C dc.csv,0.3+0.7 10 tau.csv,0.8380653158146233,49.30327368326478,40.641124347360034,8.662149335904743
0.3C dc.csv,0.3+0.7 10 tau.csv,0.8396957930827451,49.39919365826227,40.7228630696335,8.676330588628772
0.3C dc.csv,0.3+0.7 10 tau.csv,0.8413262703508669,49.495113811934445,40.8128294546807,8.682284357253742
0.3C dc.csv,0.3+0.7 10 tau.csv,0.8429567476189889,49.59103445437089,40.91429443409016,8.676740020280732
0.3C dc.csv,0.3+0.7 10 tau.csv,0.8445872248871107,49.68695515760978,41.033172476129124,8.653782681480656
0.3C dc.csv,0.3+0.7 10 tau.csv,0.8462177021552325,49.782875483385354,41.18325296555657,8.599622517828784
0.3C dc.csv,0.3+0.7 10 tau.csv,0.8478481794233543,49.878795872037536,41.423420055939026,8.45537581609851
0.3C dc.csv,0.3+0.7 10 tau.csv,0.8494786566914762,49.97471609043728,48.31624328914852,1.6584728012887666
0.3C dc.csv,0.3+0.7 10 tau.csv,0.851109133959598,50.07063622589234,48.35002645206614,1.7206097738262045
0.3C dc.csv,0.3+0.7 10 tau.csv,0.8527396112277198,50.16655617053814,48.38350543688789,1.7830507336502563
0.3C dc.csv,0.3+0.7 10 tau.csv,0.8543700884958416,50.26247640619731,48.416695309177946,1.845781097019362
0.3C dc.csv,0.3+0.7 10 tau.csv,0.8560005657639636,50.35839680147267,48.44960977589315,1.908787025579521
0.3C dc.csv,0.3+0.7 10 tau.csv,0.8576310430320854,50.45431709372763,48.48226255609196,1.972054537635671
0.3C dc.csv,0.3+0.7 10 tau.csv,0.8592615203002072,50.550237561252615,48.514665915105184,2.0355716461474316
0.3C dc.csv,0.3+0.7 10 tau.csv,0.860891997568329,50.646158108668935,48.54683319718841,2.0993249114805224
0.3C dc.csv,0.3+0.7 10 tau.csv,0.8625224748364508,50.74207840755323,48.57877731084959,2.1633010967036412
0.3C dc.csv,0.3+0.7 10 tau.csv,0.8641529521045727,50.83799852822655,48.6105094472962,2.227489080930347
0.3C dc.csv,0.3+0.7 10 tau.csv,0.8657834293726945,50.933918313020996,48.642037596836225,2.291880716184771
0.3C dc.csv,0.3+0.7 10 tau.csv,0.8674139066408163,51.029838213272114,48.673372211937625,2.356466001334489
0.3C dc.csv,0.3+0.7 10 tau.csv,0.8690443839089382,51.12575807839732,48.70452207210327,2.421236006294045
0.3C dc.csv,0.3+0.7 10 tau.csv,0.87067486117706,51.2216779363238,48.73549653141353,2.486181404910269
0.3C dc.csv,0.3+0.7 10 tau.csv,0.8723053384451819,51.31759762654056,48.766303919538174,2.5512937070023867
0.3C dc.csv,0.3+0.7 10 tau.csv,0.8739358157133037,51.41351758634356,48.79695293280534,2.6165646535382194
0.3C dc.csv,0.3+0.7 10 tau.csv,0.8755662929814255,51.5094380194691,48.82744584567445,2.6819921737946544
0.3C dc.csv,0.3+0.7 10 tau.csv,0.8771967702495473,51.605358476821976,48.85779868231754,2.74755979450444
0.3C dc.csv,0.3+0.7 10 tau.csv,0.8788272475176692,51.70127854354606,48.888023012509066,2.8132555310369938
0.3C dc.csv,0.3+0.7 10 tau.csv,0.880457724785791,51.79719864468573,48.91812081512501,2.879077829560721
0.3C dc.csv,0.3+0.7 10 tau.csv,0.8820882020539129,51.89311874420241,48.948097722618186,2.9450210215842247
0.3C dc.csv,0.3+0.7 10 tau.csv,0.8837186793220347,51.9890390304393,48.97795609180845,3.0110829386308495
0.3C dc.csv,0.3+0.7 10 tau.csv,0.8853491565901566,52.08495903894971,49.00770441373009,3.0772546252196236
0.3C dc.csv,0.3+0.7 10 tau.csv,0.8869796338582784,52.1808789379655,49.03735246227963,3.1435264756858743
0.3C dc.csv,0.3+0.7 10 tau.csv,0.8886101111264002,52.27679899289031,49.066906256537145,3.2098927363531686
0.3C dc.csv,0.3+0.7 10 tau.csv,0.890240588394522,52.37271922125561,49.09637115859758,3.2763480626580304
0.3C dc.csv,0.3+0.7 10 tau.csv,0.8918710656626438,52.46863927812413,49.12574696242501,3.3428923156991175
0.3C dc.csv,0.3+0.7 10 tau.csv,0.8935015429307657,52.5645596135606,49.155047840941315,3.4095117726192825
0.3C dc.csv,0.3+0.7 10 tau.csv,0.8951320201988876,52.660479994476624,49.1842850297653,3.4761949647113255
0.3C dc.csv,0.3+0.7 10 tau.csv,0.8967624974670094,52.75640053602321,49.21345671207143,3.5429438239517808
0.3C dc.csv,0.3+0.7 10 tau.csv,0.8983929747351312,52.852321131505654,49.24256247785409,3.609758653651568
0.3C dc.csv,0.3+0.7 10 tau.csv,0.9000234520032531,52.94824174376177,49.27161298343023,3.676628760331539
0.3C dc.csv,0.3+0.7 10 tau.csv,0.9016539292713749,53.044162717741465,49.30061378182284,3.743548935918625
0.3C dc.csv,0.3+0.7 10 tau.csv,0.9032844065394967,53.1400836060291,49.329569506611875,3.810514099417226
0.3C dc.csv,0.3+0.7 10 tau.csv,0.9049148838076185,53.236003909178315,49.35848186732673,3.8775220418515843
0.3C dc.csv,0.3+0.7 10 tau.csv,0.9065453610757404,53.33192417689365,49.387358705694595,3.9445654711990557
0.3C dc.csv,0.3+0.7 10 tau.csv,0.9081758383438623,53.42784503332265,49.416205619250775,4.0116394140718725
0.3C dc.csv,0.3+0.7 10 tau.csv,0.9098063156119841,53.523765905997784,49.44503277559983,4.078733130397957
0.3C dc.csv,0.3+0.7 10 tau.csv,0.9114367928801059,53.61968632825671,49.4738417765575,4.145844551699213
0.3C dc.csv,0.3+0.7 10 tau.csv,0.9130672701482277,53.71560647950038,49.50263507738273,4.2129714021176525
0.3C dc.csv,0.3+0.7 10 tau.csv,0.9146977474163496,53.81152711470084,49.53141720551359,4.280109909187246
0.3C dc.csv,0.3+0.7 10 tau.csv,0.9163282246844714,53.907447651167615,49.560192860264976,4.347254790902639
0.3C dc.csv,0.3+0.7 10 tau.csv,0.9179587019525932,54.003368231127695,49.588967259464766,4.414400971662928
0.3C dc.csv,0.3+0.7 10 tau.csv,0.919589179220715,54.09928869886781,49.61774516158124,4.481543537286569
0.3C dc.csv,0.3+0.7 10 tau.csv,0.921219656488837,54.19520849762281,49.64653059174934,4.548677905873468
0.3C dc.csv,0.3+0.7 10 tau.csv,0.9228501337569588,54.29112887399621,49.67533022796319,4.615798646033021
0.3C dc.csv,0.3+0.7 10 tau.csv,0.9244806110250806,54.3870491778521,49.704148449335555,4.682900728516543
0.3C dc.csv,0.3+0.7 10 tau.csv,0.9261110882932024,54.48296945719562,49.732995512902825,4.7499739442927975
0.3C dc.csv,0.3+0.7 10 tau.csv,0.9277415655613243,54.57889009741501,49.76187251733332,4.817017580081689
0.3C dc.csv,0.3+0.7 10 tau.csv,0.9293720428294461,54.674810051410546,49.79078357263934,4.884026478771204
0.3C dc.csv,0.3+0.7 10 tau.csv,0.9310025200975679,54.77073034399384,49.819732324509964,4.950998019483876
0.3C dc.csv,0.3+0.7 10 tau.csv,0.9326329973656897,54.86665065311919,49.84872340575569,5.017927247363495
0.3C dc.csv,0.3+0.7 10 tau.csv,0.9342634746338117,54.96257023207724,49.87776313760267,5.08480709447457
0.3C dc.csv,0.3+0.7 10 tau.csv,0.9358939519019335,55.05849003721886,49.906857624389,5.151632412829862
0.3C dc.csv,0.3+0.7 10 tau.csv,0.9375244291700553,55.15440988976874,49.93600963215888,5.218400257609865
0.3C dc.csv,0.3+0.7 10 tau.csv,0.9391549064381771,55.2503293345493,49.96522515499883,5.285104179550466
0.3C dc.csv,0.3+0.7 10 tau.csv,0.9407853837062989,55.3462491350056,49.994518648447055,5.351730486558544
0.3C dc.csv,0.3+0.7 10 tau.csv,0.9424158609744208,55.44216934753682,50.023889805766984,5.418279541769834
0.3C dc.csv,0.3+0.7 10 tau.csv,0.9440463382425426,55.53808963002309,50.053341423208025,5.484748206815063
0.3C dc.csv,0.3+0.7 10 tau.csv,0.9456768155106644,55.63401003367672,50.082879538495895,5.551130495180821
0.3C dc.csv,0.3+0.7 10 tau.csv,0.9473072927787862,55.7299304317941,50.11251041928739,5.617420012506713
0.3C dc.csv,0.3+0.7 10 tau.csv,0.9489377700469082,55.82585093728192,50.14224380537577,5.68360713190615
0.3C dc.csv,0.3+0.7 10 tau.csv,0.95056824731503,55.92177121245374,50.17208113237157,5.749690080082175
0.3C dc.csv,0.3+0.7 10 tau.csv,0.9521987245831518,56.017691378979826,50.202029138859366,5.81566224012046
0.3C dc.csv,0.3+0.7 10 tau.csv,0.9538292018512736,56.1136114238814,50.23209460175152,5.881516822129882
0.3C dc.csv,0.3+0.7 10 tau.csv,0.9554596791193954,56.20953171535367,50.26228764330883,5.947244072044839
0.3C dc.csv,0.3+0.7 10 tau.csv,0.9570901563875173,56.30545206963631,50.29262230272935,6.012829766906961
0.3C dc.csv,0.3+0.7 10 tau.csv,0.9587206336556391,56.40137231276483,50.323100213600284,6.078272099164543
0.3C dc.csv,0.3+0.7 10 tau.csv,0.9603511109237609,56.49729262704967,50.35372443429761,6.143568192752056
0.3C dc.csv,0.3+0.7 10 tau.csv,0.9619815881918828,56.593213088609986,50.384503030723366,6.20871005788662
0.3C dc.csv,0.3+0.7 10 tau.csv,0.9636120654600047,56.689133435632506,50.41544455881277,6.273688876819733
0.3C dc.csv,0.3+0.7 10 tau.csv,0.9652425427281265,56.78505432494008,50.44655804590671,6.3384962790333645
0.3C dc.csv,0.3+0.7 10 tau.csv,0.9668730199962483,56.88097488799492,50.47785898993272,6.403115898062197
0.3C dc.csv,0.3+0.7 10 tau.csv,0.9685034972643701,56.976895048641346,50.50935031038042,6.467544738260926
0.3C dc.csv,0.3+0.7 10 tau.csv,0.970133974532492,57.07281513371601,50.54104042820039,6.531774705515623
0.3C dc.csv,0.3+0.7 10 tau.csv,0.9717644518006138,57.168735089043196,50.572941309198406,6.59579377984479
0.3C dc.csv,0.3+0.7 10 tau.csv,0.9733949290687356,57.2646554586032,50.60507422689421,6.659581231708991
0.3C dc.csv,0.3+0.7 10 tau.csv,0.9750254063368575,57.36057554469013,50.63744110161805,6.723134443072077
0.3C dc.csv,0.3+0.7 10 tau.csv,0.9766558836049793,57.45649571413045,50.67005245435602,6.78644325977443
0.3C dc.csv,0.3+0.7 10 tau.csv,0.9782863608731012,57.55241633514822,50.7029215144197,6.849494820728523
0.3C dc.csv,0.3+0.7 10 tau.csv,0.979916838141223,57.64833653478398,50.736061297290945,6.912275237493034
0.3C dc.csv,0.3+0.7 10 tau.csv,0.9815473154093448,57.744256951211085,50.769485971369015,6.97477097984207
0.3C dc.csv,0.3+0.7 10 tau.csv,0.9831777926774666,57.84017709712389,50.80320954219513,7.036967554928765
0.3C dc.csv,0.3+0.7 10 tau.csv,0.9848082699455885,57.936097293280355,50.837248335456806,7.098848957823549
0.3C dc.csv,0.3+0.7 10 tau.csv,0.9864387472137103,58.032017808093194,50.87161873631372,7.160399071779473
0.3C dc.csv,0.3+0.7 10 tau.csv,0.9880692244818322,58.127938178454684,50.90633889147224,7.221599286982446
0.3C dc.csv,0.3+0.7 10 tau.csv,0.989699701749954,58.223858820858474,50.941431208368456,7.282427612490018
0.3C dc.csv,0.3+0.7 10 tau.csv,0.9913301790180759,58.31977943223406,50.97691801379479,7.34286141843927
0.3C dc.csv,0.3+0.7 10 tau.csv,0.9929606562861977,58.41570015685141,51.012814046365044,7.402886110486364
0.3C dc.csv,0.3+0.7 10 tau.csv,0.9945911335543195,58.511620147418846,51.0491541368646,7.462466010554245
0.3C dc.csv,0.3+0.7 10 tau.csv,0.9962216108224413,58.60753979465457,51.085952906516255,7.521586888138316
0.3C dc.csv,0.3+0.7 10 tau.csv,0.9978520880905631,58.70345924743238,51.123233742798284,7.580225504634093
0.3C dc.csv,0.3+0.7 10 tau.csv,0.999482565358685,58.79937907697451,51.16102277894114,7.638356298033372
0.3C dc.csv,0.3+0.7 10 tau.csv,1.001113042626807,58.89529911597022,51.19936753340005,7.695931582570168
0.3C dc.csv,0.3+0.7 10 tau.csv,1.0027435198949286,58.99121900494998,51.23830598123303,7.75291302371695
0.3C dc.csv,0.3+0.7 10 tau.csv,1.0043739971630505,59.08713910224574,51.27785370395008,7.809285398295664
0.3C dc.csv,0.3+0.7 10 tau.csv,1.0060044744311722,59.18305877566642,51.318076356763456,7.864982418902962
0.3C dc.csv,0.3+0.7 10 tau.csv,1.0076349516992942,59.27897809728667,51.3590021903696,7.919975906917067
0.3C dc.csv,0.3+0.7 10 tau.csv,1.0092654289674161,59.37489738053182,51.40068762993809,7.9742097505937295
0.3C dc.csv,0.3+0.7 10 tau.csv,1.0108959062355378,59.47081706996266,51.44319064446665,8.027626425496017
0.3C dc.csv,0.3+0.7 10 tau.csv,1.0125263835036598,59.566736662032106,51.486588743319075,8.080147918713031
0.3C dc.csv,0.3+0.7 10 tau.csv,1.0141568607717815,59.66265608562127,51.5309196184328,8.131736467188475
0.3C dc.csv,0.3+0.7 10 tau.csv,1.0157873380399034,59.75857539976064,51.57630288300159,8.182272516759049
0.3C dc.csv,0.3+0.7 10 tau.csv,1.017417815308025,59.854494520656125,51.622805082189416,8.23168943846671
0.3C dc.csv,0.3+0.7 10 tau.csv,1.019048292576147,59.950413736438435,51.670528720813095,8.27988501562534
0.3C dc.csv,0.3+0.7 10 tau.csv,1.020678769844269,60.046333257498745,51.719596333731744,8.326736923767001
0.3C dc.csv,0.3+0.7 10 tau.csv,1.0223092471123907,60.1422529997948,51.77016162082329,8.372091378971511
0.3C dc.csv,0.3+0.7 10 tau.csv,1.0239397243805126,60.23817256320165,51.82238092376101,8.415791639440641
0.3C dc.csv,0.3+0.7 10 tau.csv,1.0255702016486343,60.334091686322814,51.876436029280555,8.45765565704226
0.3C dc.csv,0.3+0.7 10 tau.csv,1.0272006789167563,60.4300110991329,51.932571881308384,8.497439217824514
0.3C dc.csv,0.3+0.7 10 tau.csv,1.028831156184878,60.52593109038312,51.99108154465026,8.534849545732861
0.3C dc.csv,0.3+0.7 10 tau.csv,1.030461633453,60.62185158380849,52.05229585226044,8.56955573154805
0.3C dc.csv,0.3+0.7 10 tau.csv,1.0320921107211216,60.717771587551816,52.116662127297,8.601109460254818
0.3C dc.csv,0.3+0.7 10 tau.csv,1.0337225879892435,60.81369145009042,52.18477267080915,8.628918779281264
0.3C dc.csv,0.3+0.7 10 tau.csv,1.0353530652573655,60.90961112508088,52.257384909759566,8.652226215321313
0.3C dc.csv,0.3+0.7 10 tau.csv,1.0369835425254872,61.00553102054817,52.33557803713511,8.669952983413062
0.3C dc.csv,0.3+0.7 10 tau.csv,1.0386140197936091,61.10145058928534,52.420910999636966,8.680539589648376
0.3C dc.csv,0.3+0.7 10 tau.csv,1.0402444970617308,61.19736993608967,52.515778741683405,8.681591194406266
0.3C dc.csv,0.3+0.7 10 tau.csv,1.0418749743298528,61.29328937310909,52.62443763366582,8.66885173944327
0.3C dc.csv,0.3+0.7 10 tau.csv,1.0435054515979745,61.389208988670866,52.75533915655459,8.633869832116275
0.3C dc.csv,0.3+0.7 10 tau.csv,1.0451359288660964,61.48512877925883,52.93239194178296,8.55273683747587
0.3C dc.csv,0.3+0.7 10 tau.csv,1.0467664061342181,61.58104846635484,59.95506997423575,1.6259784921190885
0.3C dc.csv,0.3+0.7 10 tau.csv,1.04839688340234,61.67696849851367,59.98902076305173,1.6879477354619468
0.3C dc.csv,0.3+0.7 10 tau.csv,1.050027360670462,61.77288873544822,60.022658849945785,1.750229885502435
0.3C dc.csv,0.3+0.7 10 tau.csv,1.0516578379385837,61.86880820377707,60.05599994193018,1.8128082618468895
0.3C dc.csv,0.3+0.7 10 tau.csv,1.0532883152067056,61.96472760266863,60.08905794443132,1.8756696582373138
0.3C dc.csv,0.3+0.7 10 tau.csv,1.0549187924748273,62.060646911078,60.121847101963716,1.9387998091142862
0.3C dc.csv,0.3+0.7 10 tau.csv,1.0565492697429493,62.156566451410924,60.15438024472418,2.002186206686744
0.3C dc.csv,0.3+0.7 10 tau.csv,1.058179747011071,62.25248588457,60.18667041981577,2.0658154647542304
0.3C dc.csv,0.3+0.7 10 tau.csv,1.059810224279193,62.348405448224014,60.218730482039405,2.1296749661846093
0.3C dc.csv,0.3+0.7 10 tau.csv,1.0614407015473148,62.44432521605987,60.250575626239105,2.1937495898207686
0.3C dc.csv,0.3+0.7 10 tau.csv,1.0630711788154366,62.540245153509225,60.28221503466752,2.2580301188417025
0.3C dc.csv,0.3+0.7 10 tau.csv,1.0647016560835585,62.63616495173035,60.31365602661516,2.322508925115187
0.3C dc.csv,0.3+0.7 10 tau.csv,1.0663321333516802,62.732084249736445,60.34490117369763,2.3871830760388164
0.3C dc.csv,0.3+0.7 10 tau.csv,1.0679626106198021,62.82800361212067,60.375964621079,2.4520389910416682
0.3C dc.csv,0.3+0.7 10 tau.csv,1.0695930878879238,62.92392311679027,60.40685695779909,2.5170661589911774
0.3C dc.csv,0.3+0.7 10 tau.csv,1.0712235651560458,63.019842728068525,60.43758677567865,2.582255952389872
0.3C dc.csv,0.3+0.7 10 tau.csv,1.0728540424241675,63.1157620059133,60.46816251209785,2.6475994938154486
0.3C dc.csv,0.3+0.7 10 tau.csv,1.0744845196922894,63.21168171374488,60.498591554239376,2.713090159505505
0.3C dc.csv,0.3+0.7 10 tau.csv,1.0761149969604114,63.30760126521201,60.52887999761711,2.7787212675948965
0.3C dc.csv,0.3+0.7 10 tau.csv,1.077745474228533,63.403520933612434,60.5590421948849,2.844478738727531
0.3C dc.csv,0.3+0.7 10 tau.csv,1.079375951496655,63.499440627980874,60.58907954059566,2.910361087385212
0.3C dc.csv,0.3+0.7 10 tau.csv,1.0810064287647767,63.59536033486278,60.61899929693794,2.976361037924839
0.3C dc.csv,0.3+0.7 10 tau.csv,1.0826369060328986,63.69127986798804,60.64880813732735,3.0424717306606865
0.3C dc.csv,0.3+0.7 10 tau.csv,1.0842673833010203,63.78719918606372,60.67851010574626,3.108689080317454
0.3C dc.csv,0.3+0.7 10 tau.csv,1.0858978605691423,63.883118643992134,60.7081107152561,3.1750079287360364
0.3C dc.csv,0.3+0.7 10 tau.csv,1.0875283378372642,63.97903826180704,60.737619584975974,3.241418676831067
0.3C dc.csv,0.3+0.7 10 tau.csv,1.089158815105386,64.0749580070668,60.76704166022827,3.3079163468385246
0.3C dc.csv,0.3+0.7 10 tau.csv,1.0907892923735079,64.17087804355536,60.79638288870464,3.3744951548507203
0.3C dc.csv,0.3+0.7 10 tau.csv,1.0924197696416296,64.26679795246605,60.825650700449856,3.4411472520161936
0.3C dc.csv,0.3+0.7 10 tau.csv,1.0940502469097515,64.36271830307254,60.85485418709504,3.5078641159774975
0.3C dc.csv,0.3+0.7 10 tau.csv,1.0956807241778732,64.45863856505937,60.88399407047162,3.5746444945877514
0.3C dc.csv,0.3+0.7 10 tau.csv,1.0973112014459951,64.5545590322645,60.91307575239163,3.6414832798728796
0.3C dc.csv,0.3+0.7 10 tau.csv,1.0989416787141169,64.65047891215062,60.94210032131265,3.7083785908379667
0.3C dc.csv,0.3+0.7 10 tau.csv,1.1005721559822388,64.74639906190319,60.971078066971714,3.7753209949314765
0.3C dc.csv,0.3+0.7 10 tau.csv,1.1022026332503607,64.84231889669489,61.00001298695274,3.8423059097421515
0.3C dc.csv,0.3+0.7 10 tau.csv,1.1038331105184824,64.9382386339601,61.02890902296412,3.909329610995975
0.3C dc.csv,0.3+0.7 10 tau.csv,1.1054635877866044,65.03415932570103,61.0577705121879,3.9763888135131253
0.3C dc.csv,0.3+0.7 10 tau.csv,1.107094065054726,65.1300799045363,61.08660516941865,4.043474735117655
0.3C dc.csv,0.3+0.7 10 tau.csv,1.108724542322848,65.22600026052092,61.11542253778323,4.110577722737688
0.3C dc.csv,0.3+0.7 10 tau.csv,1.1103550195909697,65.32192063557251,61.14422304641179,4.177697589160722
0.3C dc.csv,0.3+0.7 10 tau.csv,1.1119854968590916,65.417841051664,61.17300979396955,4.24483125769445
0.3C dc.csv,0.3+0.7 10 tau.csv,1.1136159741272136,65.51376131092432,61.20178841015719,4.311972900767131
0.3C dc.csv,0.3+0.7 10 tau.csv,1.1152464513953353,65.60968165224894,61.2305628127801,4.379118839468838
0.3C dc.csv,0.3+0.7 10 tau.csv,1.1168769286634572,65.70560178713744,61.259338200860235,4.446263586277205
0.3C dc.csv,0.3+0.7 10 tau.csv,1.118507405931579,65.8015218093531,61.28811938227114,4.513402427081964
0.3C dc.csv,0.3+0.7 10 tau.csv,1.1201378831997009,65.89744203743382,61.316911133838346,4.5805309035954735
0.3C dc.csv,0.3+0.7 10 tau.csv,1.1217683604678226,65.9933621203237,61.34571836789851,4.647643752425182
0.3C dc.csv,0.3+0.7 10 tau.csv,1.1233988377359445,66.08928231675927,61.3745535210941,4.714728795665167
0.3C dc.csv,0.3+0.7 10 tau.csv,1.1250293150040662,66.18520230631866,61.40341494893277,4.781787357385888
0.3C dc.csv,0.3+0.7 10 tau.csv,1.1266597922721882,66.28112241089896,61.43230662661246,4.848815784286501
0.3C dc.csv,0.3+0.7 10 tau.csv,1.12829026954031,66.37704226995572,61.46123484717703,4.915807422778691
0.3C dc.csv,0.3+0.7 10 tau.csv,1.1299207468084318,66.47296212008916,61.490204291425,4.9827578286641625
0.3C dc.csv,0.3+0.7 10 tau.csv,1.1315512240765537,66.56888215361867,61.51921805929369,5.0496640943249815
0.3C dc.csv,0.3+0.7 10 tau.csv,1.1331817013446754,66.66480176112994,61.548280962963794,5.1165207981661425
0.3C dc.csv,0.3+0.7 10 tau.csv,1.1348121786127974,66.76072159859714,61.57740162367094,5.183319974926206
0.3C dc.csv,0.3+0.7 10 tau.csv,1.136442655880919,66.85664140311282,61.60658500305197,5.250056400060849
0.3C dc.csv,0.3+0.7 10 tau.csv,1.138073133149041,66.95256097289915,61.635835427548464,5.316725545350685
0.3C dc.csv,0.3+0.7 10 tau.csv,1.139703610417163,67.0484806117858,61.66516319353849,5.383317418247316
0.3C dc.csv,0.3+0.7 10 tau.csv,1.1413340876852847,67.14440012483296,61.69457175700445,5.449828367828509
0.3C dc.csv,0.3+0.7 10 tau.csv,1.1429645649534066,67.24032018676876,61.72406613111833,5.516254055650428
0.3C dc.csv,0.3+0.7 10 tau.csv,1.1445950422215283,67.33624052882334,61.75364848677553,5.582592042047807
0.3C dc.csv,0.3+0.7 10 tau.csv,1.1462255194896502,67.43216031533822,61.783324972608796,5.648835342729427
0.3C dc.csv,0.3+0.7 10 tau.csv,1.147855996757772,67.52808013626141,61.813102056260746,5.714978080000662
0.3C dc.csv,0.3+0.7 10 tau.csv,1.1494864740258939,67.62400008077994,61.842992862006106,5.78100721877383
0.3C dc.csv,0.3+0.7 10 tau.csv,1.1511169512940156,67.71992002034953,61.87299758211107,5.846922438238465
0.3C dc.csv,0.3+0.7 10 tau.csv,1.1527474285621375,67.81584006113235,61.903122535006375,5.912717526125974
0.3C dc.csv,0.3+0.7 10 tau.csv,1.1543779058302595,67.91176060458312,61.93337773123455,5.978382873348572
0.3C dc.csv,0.3+0.7 10 tau.csv,1.1560083830983812,68.00768050945248,61.96377611185989,6.043904397592591
0.3C dc.csv,0.3+0.7 10 tau.csv,1.157638860366503,68.10360052409281,61.99432241497823,6.109278109114584
0.3C dc.csv,0.3+0.7 10 tau.csv,1.1592693376346248,68.19952024090227,62.02501982203411,6.174500418868163
0.3C dc.csv,0.3+0.7 10 tau.csv,1.1608998149027467,68.29544010266251,62.0558759192265,6.239564183436009
0.3C dc.csv,0.3+0.7 10 tau.csv,1.1625302921708685,68.39136021216474,62.08689962124781,6.304460590916932
0.3C dc.csv,0.3+0.7 10 tau.csv,1.1641607694389904,68.48728048632846,62.118099127169884,6.369181359158574
0.3C dc.csv,0.3+0.7 10 tau.csv,1.165791246707112,68.58320024734016,62.1494838048555,6.433716442484659
0.3C dc.csv,0.3+0.7 10 tau.csv,1.167421723975234,68.67912026360199,62.181062816255356,6.498057447346632
0.3C dc.csv,0.3+0.7 10 tau.csv,1.169052201243356,68.77504024211687,62.21284839656559,6.562191845551283
0.3C dc.csv,0.3+0.7 10 tau.csv,1.1706826785114777,68.87095962882277,62.24486319793768,6.626096430885092
0.3C dc.csv,0.3+0.7 10 tau.csv,1.1723131557795996,68.966879177684,62.27710613512018,6.689773042563829
0.3C dc.csv,0.3+0.7 10 tau.csv,1.1739436330477213,69.06279856031895,62.309586577368314,6.7532119829506385
0.3C dc.csv,0.3+0.7 10 tau.csv,1.1755741103158432,69.15871788697483,62.34231812930522,6.816399757669608
0.3C dc.csv,0.3+0.7 10 tau.csv,1.177204587583965,69.25463694878384,62.375313370708284,6.879323578075557
0.3C dc.csv,0.3+0.7 10 tau.csv,1.178835064852087,69.35055554522013,62.40858554048044,6.941970004739694
0.3C dc.csv,0.3+0.7 10 tau.csv,1.1804655421202088,69.44647443766499,62.44214866119364,7.004325776471347
0.3C dc.csv,0.3+0.7 10 tau.csv,1.1820960193883305,69.54239348575312,62.47601801768708,7.066375468066042
0.3C dc.csv,0.3+0.7 10 tau.csv,1.1837264966564525,69.63831276065605,62.51020935711234,7.128103403543712
0.3C dc.csv,0.3+0.7 10 tau.csv,1.1853569739245742,69.73423143856058,62.544740279624655,7.18949115893593
0.3C dc.csv,0.3+0.7 10 tau.csv,1.186987451192696,69.83015087535642,62.579628506980924,7.250522368375499
0.3C dc.csv,0.3+0.7 10 tau.csv,1.1886179284608178,69.9260702175825,62.6149101068111,7.311160110771404
0.3C dc.csv,0.3+0.7 10 tau.csv,1.1902484057289398,70.02199015976817,62.6505964799643,7.371393679803866
0.3C dc.csv,0.3+0.7 10 tau.csv,1.1918788829970615,70.11790954633508,62.6867016081939,7.431207938141185
0.3C dc.csv,0.3+0.7 10 tau.csv,1.1935093602651834,70.21382901477791,62.72324839947475,7.490580615303166
0.3C dc.csv,0.3+0.7 10 tau.csv,1.1951398375333053,70.30974864422973,62.76026251504729,7.549486129182441
0.3C dc.csv,0.3+0.7 10 tau.csv,1.196770314801427,70.40566792830066,62.797776503049626,7.607891425251033
0.3C dc.csv,0.3+0.7 10 tau.csv,1.198400792069549,70.50158693784203,62.835833491201356,7.665753446640679
0.3C dc.csv,0.3+0.7 10 tau.csv,1.2000312693376707,70.59750617236855,62.874446300851616,7.723059871516938
0.3C dc.csv,0.3+0.7 10 tau.csv,1.2016617466057926,70.69342556265096,62.91365179127763,7.779773771373328
0.3C dc.csv,0.3+0.7 10 tau.csv,1.2032922238739143,70.7893450189699,62.95352478137403,7.835820237595868
0.3C dc.csv,0.3+0.7 10 tau.csv,1.2049227011420363,70.88526434597429,62.99406242848381,7.891201917490484
0.3C dc.csv,0.3+0.7 10 tau.csv,1.2065531784101582,70.98118376114326,63.03534374135595,7.945840019787305
0.3C dc.csv,0.3+0.7 10 tau.csv,1.20818365567828,71.07710315174702,63.07739907389254,7.9997040778544815
0.3C dc.csv,0.3+0.7 10 tau.csv,1.2098141329464018,71.17302290988896,63.12032267621142,8.052700233677534
0.3C dc.csv,0.3+0.7 10 tau.csv,1.2114446102145235,71.26894287629992,63.16413913238496,8.104803743914957
0.3C dc.csv,0.3+0.7 10 tau.csv,1.2130750874826455,71.36486265864977,63.20896642552476,8.155896233125013
0.3C dc.csv,0.3+0.7 10 tau.csv,1.2147055647507672,71.46078304330695,63.254860210618126,8.20592283268882
0.3C dc.csv,0.3+0.7 10 tau.csv,1.2163360420188891,71.55670306117683,63.3019169222196,8.254786138957236
0.3C dc.csv,0.3+0.7 10 tau.csv,1.2179665192870108,71.65262288420233,63.35025156828836,8.302371315913973
0.3C dc.csv,0.3+0.7 10 tau.csv,1.2195969965551328,71.74854259708358,63.400000301735965,8.34854229534762
0.3C dc.csv,0.3+0.7 10 tau.csv,1.2212274738232547,71.84446235081852,63.45132490918392,8.3931374416346
0.3C dc.csv,0.3+0.7 10 tau.csv,1.2228579510913764,71.9403817548645,63.50438725792538,8.435994496939124
0.3C dc.csv,0.3+0.7 10 tau.csv,1.2244884283594983,72.03630157414928,63.559388169386565,8.476913404762712
0.3C dc.csv,0.3+0.7 10 tau.csv,1.22611890562762,72.13222176317832,63.61659583386032,8.515625929317999
0.3C dc.csv,0.3+0.7 10 tau.csv,1.227749382895742,72.22814233965761,63.676323469506706,8.551818870150903
0.3C dc.csv,0.3+0.7 10 tau.csv,1.2293798601638637,72.3240622744245,63.73896808902763,8.585094185396876
0.3C dc.csv,0.3+0.7 10 tau.csv,1.2310103374319856,72.41998215434552,63.805012508376656,8.614969645968863
0.3C dc.csv,0.3+0.7 10 tau.csv,1.2326408147001076,72.51590187664202,63.875117750461385,8.640784126180634
0.3C dc.csv,0.3+0.7 10 tau.csv,1.2342712919682293,72.61182145106305,63.95018727541171,8.661634175651344
0.3C dc.csv,0.3+0.7 10 tau.csv,1.2359017692363512,72.70774109146123,64.03148793263657,8.676253158824665
0.3C dc.csv,0.3+0.7 10 tau.csv,1.237532246504473,72.80366072975247,64.1209562969661,8.682704432786366
0.3C dc.csv,0.3+0.7 10 tau.csv,1.2391627237725948,72.89958063973273,64.22161875679824,8.677961882934497
0.3C dc.csv,0.3+0.7 10 tau.csv,1.2407932010407166,72.99550043609734,64.3391926598584,8.656307776238947
0.3C dc.csv,0.3+0.7 10 tau.csv,1.2424236783088385,73.09142012308122,64.48669920559824,8.604720917482979
0.3C dc.csv,0.3+0.7 10 tau.csv,1.2440541555769602,73.1873400772572,64.71578430928737,8.471555767969832
0.3C dc.csv,0.3+0.7 10 tau.csv,1.2456846328450821,73.28326029368942,71.62546870140002,1.6577915922893993
0.3C dc.csv,0.3+0.7 10 tau.csv,1.247315110113204,73.37917957606159,71.65927886374475,1.7199007123168428
0.3C dc.csv,0.3+0.7 10 tau.csv,1.2489455873813258,73.47509909130953,71.69278287012081,1.7823162211887222
0.3C dc.csv,0.3+0.7 10 tau.csv,1.2505760646494477,73.5710190603612,71.72599530825656,1.8450237521046375
0.3C dc.csv,0.3+0.7 10 tau.csv,1.2522065419175694,73.66693914821651,71.75893061307274,1.9080085351437788
0.3C dc.csv,0.3+0.7 10 tau.csv,1.2538370191856913,73.76285936782612,71.79160309360933,1.971256274216799
0.3C dc.csv,0.3+0.7 10 tau.csv,1.255467496453813,73.85877984095374,71.8240252250062,2.0347546159475485
0.3C dc.csv,0.3+0.7 10 tau.csv,1.257097973721935,73.95470018778065,71.85620956796002,2.0984906198206232
0.3C dc.csv,0.3+0.7 10 tau.csv,1.2587284509900567,74.05062029225448,71.88817337142035,2.162446920834128
0.3C dc.csv,0.3+0.7 10 tau.csv,1.2603589282581786,74.14654064424764,71.91992691145688,2.226613732790753
0.3C dc.csv,0.3+0.7 10 tau.csv,1.2619894055263006,74.2424608390577,71.95147482035225,2.2909860187054534
0.3C dc.csv,0.3+0.7 10 tau.csv,1.2636198827944223,74.33838089280368,71.98282733679562,2.3555535560080614
0.3C dc.csv,0.3+0.7 10 tau.csv,1.2652503600625442,74.43430071463665,72.01399384380478,2.4203068708318654
0.3C dc.csv,0.3+0.7 10 tau.csv,1.266880837330666,74.53022134653499,72.04498418957918,2.4852371569558045
0.3C dc.csv,0.3+0.7 10 tau.csv,1.2685113145987879,74.62614210278988,72.07580005585075,2.550342046939136
0.3C dc.csv,0.3+0.7 10 tau.csv,1.2701417918669096,74.72206221320967,72.10645673616975,2.615605477039921
0.3C dc.csv,0.3+0.7 10 tau.csv,1.2717722691350315,74.81798272864663,72.13696220929673,2.6810205193499
0.3C dc.csv,0.3+0.7 10 tau.csv,1.2734027464031534,74.9139031024925,72.16732604258293,2.746577059909569
0.3C dc.csv,0.3+0.7 10 tau.csv,1.2750332236712751,75.00982329834454,72.19756357537844,2.812259722966104
0.3C dc.csv,0.3+0.7 10 tau.csv,1.276663700939397,75.10574315444842,72.2276719960366,2.8780711584118137
0.3C dc.csv,0.3+0.7 10 tau.csv,1.2782941782075188,75.20166350862807,72.25765276927758,2.944010739350489
0.3C dc.csv,0.3+0.7 10 tau.csv,1.2799246554756407,75.29758356685016,72.28751935607977,3.0100642107703948
0.3C dc.csv,0.3+0.7 10 tau.csv,1.2815551327437624,75.3935034371452,72.31727840106073,3.076225036084466
0.3C dc.csv,0.3+0.7 10 tau.csv,1.2831856100118844,75.48942338688617,72.34693648699393,3.1424868998922477
0.3C dc.csv,0.3+0.7 10 tau.csv,1.284816087280006,75.58534378405541,72.37649572935825,3.2088480546971567
0.3C dc.csv,0.3+0.7 10 tau.csv,1.286446564548128,75.68126430395715,72.40596257155632,3.275301732400834
0.3C dc.csv,0.3+0.7 10 tau.csv,1.28807704181625,75.7771846700215,72.43534634633332,3.3418383236881795
0.3C dc.csv,0.3+0.7 10 tau.csv,1.2897075190843716,75.87310507223023,72.46465352068404,3.408451551546193
0.3C dc.csv,0.3+0.7 10 tau.csv,1.2913379963524936,75.96902515324187,72.49389273044011,3.4751324228017637
0.3C dc.csv,0.3+0.7 10 tau.csv,1.2929684736206153,76.06494493138098,72.52306451649112,3.54188041488986
0.3C dc.csv,0.3+0.7 10 tau.csv,1.2945989508887372,76.16086480366857,72.55217619214203,3.6086886115265457
0.3C dc.csv,0.3+0.7 10 tau.csv,1.296229428156859,76.2567843534546,72.58123247069695,3.6755518827576594
0.3C dc.csv,0.3+0.7 10 tau.csv,1.2978599054249809,76.35270436039396,72.61023687142901,3.742467488964948
0.3C dc.csv,0.3+0.7 10 tau.csv,1.2994903826931028,76.44862426651322,72.6391935338268,3.8094307326864225
0.3C dc.csv,0.3+0.7 10 tau.csv,1.3011208599612245,76.54454421232136,72.6681098751021,3.8764343372192513
0.3C dc.csv,0.3+0.7 10 tau.csv,1.3027513372293464,76.64046422376742,72.6969910407042,3.943473183063219
0.3C dc.csv,0.3+0.7 10 tau.csv,1.3043818144974682,76.73638427646216,72.72584069573638,4.0105435807257805
0.3C dc.csv,0.3+0.7 10 tau.csv,1.30601229176559,76.83230438463796,72.75466953184409,4.077634852793878
0.3C dc.csv,0.3+0.7 10 tau.csv,1.3076427690337118,76.92822417793089,72.78347940986134,4.144744768069543
0.3C dc.csv,0.3+0.7 10 tau.csv,1.3092732463018337,77.02414419025604,72.81227426922855,4.2118699210274855
0.3C dc.csv,0.3+0.7 10 tau.csv,1.3109037235699554,77.12006389901823,72.84105726140224,4.279006637615993
0.3C dc.csv,0.3+0.7 10 tau.csv,1.3125342008380774,77.2159834936782,72.86983350623532,4.346149987442871
0.3C dc.csv,0.3+0.7 10 tau.csv,1.3141646781061993,77.31190347098813,72.89860768033121,4.4132957906569175
0.3C dc.csv,0.3+0.7 10 tau.csv,1.315795155374321,77.40782328360575,72.9273847877282,4.48043849587755
0.3C dc.csv,0.3+0.7 10 tau.csv,1.317425632642443,77.5037427771208,72.95617064943042,4.547572127690387
0.3C dc.csv,0.3+0.7 10 tau.csv,1.3190561099105647,77.5996622237243,72.984969705181,4.614692518543293
0.3C dc.csv,0.3+0.7 10 tau.csv,1.3206865871786866,77.6955820278644,73.01378617719374,4.681795850670667
0.3C dc.csv,0.3+0.7 10 tau.csv,1.3223170644468083,77.79150243772332,73.0426323002053,4.748870137518026
0.3C dc.csv,0.3+0.7 10 tau.csv,1.3239475417149302,77.88742237460835,73.07150898588621,4.815913388722137
0.3C dc.csv,0.3+0.7 10 tau.csv,1.3255780189830522,77.98334262419749,73.10041712024271,4.88292550395478
0.3C dc.csv,0.3+0.7 10 tau.csv,1.3272084962511739,78.07926316570492,73.12936139140866,4.949901774296251
0.3C dc.csv,0.3+0.7 10 tau.csv,1.3288389735192958,78.1751833983804,73.15835004046338,5.016833357917022
0.3C dc.csv,0.3+0.7 10 tau.csv,1.3304694507874175,78.27110359868341,73.18738611333693,5.083717485346483
0.3C dc.csv,0.3+0.7 10 tau.csv,1.3320999280555395,78.36702375594648,73.216474536213,5.1505492197334775
0.3C dc.csv,0.3+0.7 10 tau.csv,1.3337304053236612,78.4629442699465,73.24562019003287,5.217324079913638
0.3C dc.csv,0.3+0.7 10 tau.csv,1.335360882591783,78.55886510483033,73.27483171434507,5.284033390485263
0.3C dc.csv,0.3+0.7 10 tau.csv,1.3369913598599048,78.65478589455577,73.30411961851533,5.350666276040442
0.3C dc.csv,0.3+0.7 10 tau.csv,1.3386218371280267,78.75070630287716,73.33348410965148,5.417222193225683
0.3C dc.csv,0.3+0.7 10 tau.csv,1.3402523143961487,78.84662726533602,73.36292709264288,5.483700172693148
0.3C dc.csv,0.3+0.7 10 tau.csv,1.3418827916642704,78.94254754426127,73.39245913367795,5.550088410583328
0.3C dc.csv,0.3+0.7 10 tau.csv,1.3435132689323923,79.03846834329819,73.42208441484549,5.616383928452706
0.3C dc.csv,0.3+0.7 10 tau.csv,1.345143746200514,79.13438898193043,73.45180688442943,5.6825820975009975
0.3C dc.csv,0.3+0.7 10 tau.csv,1.346774223468636,79.23030943318304,73.48163278021855,5.748676652964491
0.3C dc.csv,0.3+0.7 10 tau.csv,1.3484047007367577,79.32623041017834,73.51156831590816,5.814662094270176
0.3C dc.csv,0.3+0.7 10 tau.csv,1.3500351780048796,79.422151182099,73.5416269481161,5.8805242339828965
0.3C dc.csv,0.3+0.7 10 tau.csv,1.3516656552730015,79.51807199561301,73.57180943792021,5.946262557692805
0.3C dc.csv,0.3+0.7 10 tau.csv,1.3532961325411232,79.6139925026169,73.60212706299582,6.011865439621076
0.3C dc.csv,0.3+0.7 10 tau.csv,1.3549266098092452,79.70991300592532,73.63258920284251,6.077323803082805
0.3C dc.csv,0.3+0.7 10 tau.csv,1.3565570870773669,79.80583313484102,73.66319675846982,6.1426363763712
0.3C dc.csv,0.3+0.7 10 tau.csv,1.3581875643454888,79.90175306491071,73.69396142366001,6.207791641250694
0.3C dc.csv,0.3+0.7 10 tau.csv,1.3598180416136105,79.99767296534128,73.72489322536086,6.272779739980422
0.3C dc.csv,0.3+0.7 10 tau.csv,1.3614485188817325,80.09359336521993,73.7559961312244,6.337597233995524
0.3C dc.csv,0.3+0.7 10 tau.csv,1.3630789961498542,80.1895135063591,73.78727867353197,6.4022348328271335
0.3C dc.csv,0.3+0.7 10 tau.csv,1.364709473417976,80.28543327149293,73.81875078496373,6.4666824865292085
0.3C dc.csv,0.3+0.7 10 tau.csv,1.366339950686098,80.38135328582813,73.85042238263719,6.530930903190935
0.3C dc.csv,0.3+0.7 10 tau.csv,1.3679704279542197,80.47727364936264,73.882306392329,6.594967257033645
0.3C dc.csv,0.3+0.7 10 tau.csv,1.3696009052223417,80.57319378180385,73.91441866446317,6.6587751173406815
0.3C dc.csv,0.3+0.7 10 tau.csv,1.3712313824904634,80.66911374731167,73.94676301849144,6.722350728820231
0.3C dc.csv,0.3+0.7 10 tau.csv,1.3728618597585853,80.76503421157706,73.97935265575246,6.7856815558245955
0.3C dc.csv,0.3+0.7 10 tau.csv,1.374492337026707,80.86095431900158,74.01219965911073,6.848754659890844
0.3C dc.csv,0.3+0.7 10 tau.csv,1.376122814294829,80.95687451596558,74.04531608372145,6.911558432244135
0.3C dc.csv,0.3+0.7 10 tau.csv,1.3777532915629507,81.05279480231354,74.07871632128658,6.9740784810269645
0.3C dc.csv,0.3+0.7 10 tau.csv,1.3793837688310726,81.14871496109541,74.11241536622997,7.03629959486544
0.3C dc.csv,0.3+0.7 10 tau.csv,1.3810142460991945,81.24463541522555,74.14642890704566,7.098206508179885
0.3C dc.csv,0.3+0.7 10 tau.csv,1.3826447233673163,81.3405556656818,74.1807733393854,7.159782326296408
0.3C dc.csv,0.3+0.7 10 tau.csv,1.3842752006354382,81.43647606794511,74.21546427078631,7.221011797158795
0.3C dc.csv,0.3+0.7 10 tau.csv,1.38590567790356,81.5323963234225,74.25052572679287,7.281870596629631
0.3C dc.csv,0.3+0.7 10 tau.csv,1.3875361551716818,81.62831671833186,74.2859849696148,7.342331748717058
0.3C dc.csv,0.3+0.7 10 tau.csv,1.3891666324398035,81.72423697537805,74.32185051170023,7.402386463677814
0.3C dc.csv,0.3+0.7 10 tau.csv,1.3907971097079255,81.82015736097809,74.3581441724988,7.46201318847929
0.3C dc.csv,0.3+0.7 10 tau.csv,1.3924275869760474,81.9160780955373,74.3948904083025,7.5211876872348
0.3C dc.csv,0.3+0.7 10 tau.csv,1.3940580642441691,82.01199912276586,74.43213700095882,7.579862121807039
0.3C dc.csv,0.3+0.7 10 tau.csv,1.395688541512291,82.1079204096458,74.46989146464551,7.638028945000286
0.3C dc.csv,0.3+0.7 10 tau.csv,1.3973190187804128,82.20384165941113,74.50818236747314,7.695659291937986
0.3C dc.csv,0.3+0.7 10 tau.csv,1.3989494960485347,82.29976298067864,74.54705746406404,7.752705516614597
0.3C dc.csv,0.3+0.7 10 tau.csv,1.4005799733166564,82.39568373441534,74.58656571390173,7.809118020513608
0.3C dc.csv,0.3+0.7 10 tau.csv,1.4022104505847783,82.49160451044774,74.62671544545863,7.864889064989114
0.3C dc.csv,0.3+0.7 10 tau.csv,1.4038409278529,82.58752570020297,74.66758885064684,7.919936849556137
0.3C dc.csv,0.3+0.7 10 tau.csv,1.405471405121022,82.68344699548011,74.70920174587556,7.97424524960455
0.3C dc.csv,0.3+0.7 10 tau.csv,1.407101882389144,82.77936846290294,74.75164235904148,8.027726103861454
0.3C dc.csv,0.3+0.7 10 tau.csv,1.4087323596572656,82.87528963909406,74.79494184789591,8.08034779119815
0.3C dc.csv,0.3+0.7 10 tau.csv,1.4103628369253876,82.97121052172895,74.83921740498079,8.131993116748163
0.3C dc.csv,0.3+0.7 10 tau.csv,1.4119933141935093,83.06713137940406,74.88450258015335,8.182628799250708
0.3C dc.csv,0.3+0.7 10 tau.csv,1.4136237914616312,83.16305258249861,74.93089345673346,8.23215912576515
0.3C dc.csv,0.3+0.7 10 tau.csv,1.415254268729753,83.2589738426436,74.97849918568609,8.280474656957509
0.3C dc.csv,0.3+0.7 10 tau.csv,1.4168847459978748,83.35489520691199,75.02745394772948,8.327441259182507
0.3C dc.csv,0.3+0.7 10 tau.csv,1.4185152232659968,83.45081679644633,75.07788101903964,8.372935777406695
0.3C dc.csv,0.3+0.7 10 tau.csv,1.4201457005341185,83.54673822228274,75.12995864977307,8.416779572509668
0.3C dc.csv,0.3+0.7 10 tau.csv,1.4217761778022404,83.64265917218141,75.18387237017424,8.458786802007168
0.3C dc.csv,0.3+0.7 10 tau.csv,1.4234066550703621,83.73858077967594,75.23982783058752,8.498752949088427
0.3C dc.csv,0.3+0.7 10 tau.csv,1.425037132338484,83.8345020731648,75.29811209897618,8.536389974188623
0.3C dc.csv,0.3+0.7 10 tau.csv,1.4266676096066058,83.93042351848844,75.35908116234359,8.571342356144854
0.3C dc.csv,0.3+0.7 10 tau.csv,1.4282980868747277,84.02634446410416,75.42317710705329,8.603167357050864
0.3C dc.csv,0.3+0.7 10 tau.csv,1.4299285641428494,84.12226533153186,75.49094007638917,8.631325255142698
0.3C dc.csv,0.3+0.7 10 tau.csv,1.4315590414109713,84.21818601496827,75.56312500979185,8.655061005176421
0.3C dc.csv,0.3+0.7 10 tau.csv,1.4331895186790933,84.31410666985589,75.64081545692655,8.673291212929342
0.3C dc.csv,0.3+0.7 10 tau.csv,1.434819995947215,84.41002762585414,75.72546374034599,8.684563885508155
0.3C dc.csv,0.3+0.7 10 tau.csv,1.436450473215337,84.50594871603558,75.81944630169097,8.686502414344602
0.3C dc.csv,0.3+0.7 10 tau.csv,1.4380809504834586,84.60187001848695,75.92666951449841,8.675200503988535
0.3C dc.csv,0.3+0.7 10 tau.csv,1.4397114277515806,84.69779113439209,76.05519044949254,8.642600684899548
0.3C dc.csv,0.3+0.7 10 tau.csv,1.4413419050197023,84.79371158569806,76.22635605645688,8.567355529241183
0.3C dc.csv,0.3+0.7 10 tau.csv,1.4429723822878242,84.8896324115572,83.26420201828319,1.6254303932740157
0.3C dc.csv,0.3+0.7 10 tau.csv,1.4446028595559461,84.9855524812004,83.29818032372474,1.6873721574756644
0.3C dc.csv,0.3+0.7 10 tau.csv,1.4462333368240678,85.08147279793566,83.33184411829149,1.7496286796441751
0.3C dc.csv,0.3+0.7 10 tau.csv,1.4478638140921898,85.17739244734842,83.36520939322364,1.8121830541247874
0.3C dc.csv,0.3+0.7 10 tau.csv,1.4494942913603115,85.27331233599627,83.39829091970121,1.8750214162950556
0.3C dc.csv,0.3+0.7 10 tau.csv,1.4511247686284334,85.36923223319477,83.4311035763203,1.9381286568744684
0.3C dc.csv,0.3+0.7 10 tau.csv,1.4527552458965551,85.46515192072324,83.46365923558359,2.0014926851396524
0.3C dc.csv,0.3+0.7 10 tau.csv,1.454385723164677,85.56107169015023,83.49596934952478,2.065102340625444
0.3C dc.csv,0.3+0.7 10 tau.csv,1.4560162004327988,85.65699118145733,83.52804590796417,2.1289452734931587
0.3C dc.csv,0.3+0.7 10 tau.csv,1.4576466777009207,85.75291035213094,83.55990512804463,2.1930052240863063
0.3C dc.csv,0.3+0.7 10 tau.csv,1.4592771549690426,85.84882993782242,83.59155778673029,2.257272151092124
0.3C dc.csv,0.3+0.7 10 tau.csv,1.4609076322371644,85.94474915349491,83.62300981921442,2.321739334280494
0.3C dc.csv,0.3+0.7 10 tau.csv,1.4625381095052863,86.04066834851132,83.65427108782305,2.3863972606882697
0.3C dc.csv,0.3+0.7 10 tau.csv,1.464168586773408,86.13658764138586,83.68535166076752,2.4512359806183355
0.3C dc.csv,0.3+0.7 10 tau.csv,1.46579906404153,86.23250683153104,83.71626043055579,2.5162464009752483
0.3C dc.csv,0.3+0.7 10 tau.csv,1.4674295413096516,86.32842639979712,83.74700518309122,2.5814212167059054
0.3C dc.csv,0.3+0.7 10 tau.csv,1.4690600185777736,86.42434602323465,83.77759261471043,2.6467534085242193
0.3C dc.csv,0.3+0.7 10 tau.csv,1.4706904958458953,86.52026521615338,83.80802778552578,2.712237430627596
0.3C dc.csv,0.3+0.7 10 tau.csv,1.4723209731140172,86.61618510560999,83.83832884056828,2.777856265041706
0.3C dc.csv,0.3+0.7 10 tau.csv,1.4739514503821392,86.71210548922069,83.86850291349204,2.843602575728653
0.3C dc.csv,0.3+0.7 10 tau.csv,1.4755819276502609,86.80802557810132,83.89855130608522,2.909474272016098
0.3C dc.csv,0.3+0.7 10 tau.csv,1.4772124049183828,86.90394579130619,83.92848216273622,2.975463628569969
0.3C dc.csv,0.3+0.7 10 tau.csv,1.4788428821865045,86.9998659514862,83.95829556133802,3.0415703901481805
0.3C dc.csv,0.3+0.7 10 tau.csv,1.4804733594546264,87.09578627410275,83.9880044917872,3.1077817823155556
0.3C dc.csv,0.3+0.7 10 tau.csv,1.4821038367227481,87.19170598583518,84.01761508898959,3.1740908968455983
0.3C dc.csv,0.3+0.7 10 tau.csv,1.48373431399087,87.2876259539287,84.04713363711767,3.2404923168110287
0.3C dc.csv,0.3+0.7 10 tau.csv,1.485364791258992,87.38354591140546,84.07656278557678,3.3069831258286797
0.3C dc.csv,0.3+0.7 10 tau.csv,1.4869952685271137,87.47946612304423,84.10590868193667,3.3735574411075646
0.3C dc.csv,0.3+0.7 10 tau.csv,1.4886257457952357,87.57538645131869,84.1351854689872,3.44020098233149
0.3C dc.csv,0.3+0.7 10 tau.csv,1.4902562230633574,87.67130685451845,84.16439567835282,3.50691117616563
0.3C dc.csv,0.3+0.7 10 tau.csv,1.4918867003314793,87.76722732014288,84.19354122730066,3.573686092842223
0.3C dc.csv,0.3+0.7 10 tau.csv,1.493517177599601,87.8631476806505,84.22262553547563,3.64052214517487
0.3C dc.csv,0.3+0.7 10 tau.csv,1.495147654867723,87.95906710585528,84.25165633020406,3.7074107756512262
0.3C dc.csv,0.3+0.7 10 tau.csv,1.4967781321358447,88.05498660399864,84.28063919670284,3.7743474072958065
0.3C dc.csv,0.3+0.7 10 tau.csv,1.4984086094039666,88.15090576111403,84.30957698028774,3.841328780826288
0.3C dc.csv,0.3+0.7 10 tau.csv,1.5000390866720885,88.24682497919402,84.33847542416179,3.908349555032231
0.3C dc.csv,0.3+0.7 10 tau.csv,1.5016695639402102,88.34274444509451,84.36734156261454,3.975402882479969
0.3C dc.csv,0.3+0.7 10 tau.csv,1.5033000412083322,88.43866420645243,84.3961790928938,4.042485113558627
0.3C dc.csv,0.3+0.7 10 tau.csv,1.5049305184764539,88.5345840687464,84.42499813027577,4.10958593847063
0.3C dc.csv,0.3+0.7 10 tau.csv,1.5065609957445758,88.63050429773547,84.45380151300081,4.176702784734658
0.3C dc.csv,0.3+0.7 10 tau.csv,1.5081914730126975,88.72642417037792,84.48259045645412,4.243833713923806
0.3C dc.csv,0.3+0.7 10 tau.csv,1.5098219502808194,88.82234407323291,84.51136973597364,4.3109743372592675
0.3C dc.csv,0.3+0.7 10 tau.csv,1.5114524275489414,88.91826466966225,84.54014391948111,4.378120750181139
0.3C dc.csv,0.3+0.7 10 tau.csv,1.513082904817063,89.0141850418025,84.56891902370133,4.445266018101179
0.3C dc.csv,0.3+0.7 10 tau.csv,1.514713382085185,89.11010558645238,84.5976997367259,4.512405849726477
0.3C dc.csv,0.3+0.7 10 tau.csv,1.5163438593533067,89.20602595885121,84.62649072982676,4.579535229024458
0.3C dc.csv,0.3+0.7 10 tau.csv,1.5179743366214287,89.3019467537146,84.65529623725203,4.6466505164625715
0.3C dc.csv,0.3+0.7 10 tau.csv,1.5196048138895504,89.39786719492994,84.68412757192428,4.713739623005665
0.3C dc.csv,0.3+0.7 10 tau.csv,1.5212352911576723,89.49378741408448,84.7129874441604,4.780799969924075
0.3C dc.csv,0.3+0.7 10 tau.csv,1.522865768425794,89.58970785132523,84.74187758431265,4.847830267012583
0.3C dc.csv,0.3+0.7 10 tau.csv,1.524496245693916,89.68562805409556,84.77080251740904,4.9148255366865214
0.3C dc.csv,0.3+0.7 10 tau.csv,1.5261267229620379,89.78154864073053,84.79976664381225,4.981781996918286
0.3C dc.csv,0.3+0.7 10 tau.csv,1.5277572002301596,89.87746927217715,84.82877488185855,5.048694390318602
0.3C dc.csv,0.3+0.7 10 tau.csv,1.5293876774982815,89.97338944037045,84.85783585644491,5.115553583925546
0.3C dc.csv,0.3+0.7 10 tau.csv,1.5310181547664032,90.06930984427581,84.88695147653598,5.182358367739823
0.3C dc.csv,0.3+0.7 10 tau.csv,1.5326486320345252,90.16523002032906,84.91612601583556,5.249104004493503
0.3C dc.csv,0.3+0.7 10 tau.csv,1.5342791093026469,90.26115030784338,84.94536718184432,5.3157831259990616
0.3C dc.csv,0.3+0.7 10 tau.csv,1.5359095865707688,90.35707046977596,84.97469277635221,5.382377693423749
0.3C dc.csv,0.3+0.7 10 tau.csv,1.5375400638388907,90.45299140215671,85.00409459375956,5.448896808397151
0.3C dc.csv,0.3+0.7 10 tau.csv,1.5391705411070125,90.54891172379864,85.03357841264489,5.5153333111537535
0.3C dc.csv,0.3+0.7 10 tau.csv,1.5408010183751344,90.64483231043765,85.06315007778429,5.581682232653364
0.3C dc.csv,0.3+0.7 10 tau.csv,1.542431495643256,90.74075276043784,85.0928196664194,5.647933094018441
0.3C dc.csv,0.3+0.7 10 tau.csv,1.544061972911378,90.83667274374312,85.12259185644606,5.714080887297058
0.3C dc.csv,0.3+0.7 10 tau.csv,1.5456924501794997,90.93259280070487,85.1524700484757,5.780122752229161
0.3C dc.csv,0.3+0.7 10 tau.csv,1.5473229274476217,91.0285127614436,85.18246120861346,5.846051552830133
0.3C dc.csv,0.3+0.7 10 tau.csv,1.5489534047157434,91.12443329584084,85.21257254075626,5.911860755084589
0.3C dc.csv,0.3+0.7 10 tau.csv,1.5505838819838653,91.22035391147381,85.24282028399374,5.977533627480071
0.3C dc.csv,0.3+0.7 10 tau.csv,1.5522143592519873,91.3162739179737,85.2732097168486,6.043064201125105
0.3C dc.csv,0.3+0.7 10 tau.csv,1.553844836520109,91.412194442128,85.3037411361192,6.108453306008798
0.3C dc.csv,0.3+0.7 10 tau.csv,1.555475313788231,91.50811532570917,85.33442307102365,6.17369225468552
0.3C dc.csv,0.3+0.7 10 tau.csv,1.5571057910563526,91.60403576465347,85.36526317253079,6.238772592122686
0.3C dc.csv,0.3+0.7 10 tau.csv,1.5587362683244745,91.69995617322266,85.39626982373147,6.303686349491187
0.3C dc.csv,0.3+0.7 10 tau.csv,1.5603667455925962,91.79587645819772,85.4274538809778,6.368422577219931
0.3C dc.csv,0.3+0.7 10 tau.csv,1.5619972228607182,91.89179721414042,85.45882634318198,6.432970870958442
0.3C dc.csv,0.3+0.7 10 tau.csv,1.5636277001288401,91.98771750961707,85.49039316469936,6.497324344917715
0.3C dc.csv,0.3+0.7 10 tau.csv,1.5652581773969618,92.08363845955249,85.52216459552882,6.561473864023668
0.3C dc.csv,0.3+0.7 10 tau.csv,1.5668886546650838,92.17955913012979,85.55415542849423,6.6254037016355625
0.3C dc.csv,0.3+0.7 10 tau.csv,1.5685191319332055,92.2754796229588,85.58637852765528,6.6891010953035135
0.3C dc.csv,0.3+0.7 10 tau.csv,1.5701496092013274,92.37140065057767,85.61883895961644,6.75256169096123
0.3C dc.csv,0.3+0.7 10 tau.csv,1.5717800864694491,92.4673216590301,85.65154885607497,6.815772802955138
0.3C dc.csv,0.3+0.7 10 tau.csv,1.573410563737571,92.56324252696915,85.68452074803791,6.8787217789312365
0.3C dc.csv,0.3+0.7 10 tau.csv,1.5750410410056928,92.65916373201044,85.71776834880066,6.94139538320978
0.3C dc.csv,0.3+0.7 10 tau.csv,1.5766715182738147,92.75508536291856,85.75130662951564,7.003778733402925
0.3C dc.csv,0.3+0.7 10 tau.csv,1.5783019955419366,92.85100742228747,85.78515049364297,7.065856928644493
0.3C dc.csv,0.3+0.7 10 tau.csv,1.5799324728100583,92.94692897454081,85.81931451545798,7.127614459082835
0.3C dc.csv,0.3+0.7 10 tau.csv,1.5815629500781803,93.04285035980355,85.85381543378966,7.189034926013889
0.3C dc.csv,0.3+0.7 10 tau.csv,1.583193427346302,93.13877192181498,85.88867332586561,7.250098595949368
0.3C dc.csv,0.3+0.7 10 tau.csv,1.584823904614424,93.23469332182796,85.92391283063291,7.310780491195047
0.3C dc.csv,0.3+0.7 10 tau.csv,1.5864543818825456,93.3306146378534,85.95955393935735,7.371060698496052
0.3C dc.csv,0.3+0.7 10 tau.csv,1.5880848591506675,93.42653642145326,85.99561401128986,7.430922410163404
0.3C dc.csv,0.3+0.7 10 tau.csv,1.5897153364187893,93.52245800282554,86.03212860949408,7.490329393331464
0.3C dc.csv,0.3+0.7 10 tau.csv,1.5913458136869112,93.61837931590337,86.06910983835438,7.5492694775489895
0.3C dc.csv,0.3+0.7 10 tau.csv,1.5929762909550331,93.7143005714072,86.1065825329214,7.6077180384858
0.3C dc.csv,0.3+0.7 10 tau.csv,1.5946067682231548,93.81022145051628,86.14457452084989,7.665646929666394
0.3C dc.csv,0.3+0.7 10 tau.csv,1.5962372454912768,93.90614260431425,86.18314993280028,7.722992671513978
0.3C dc.csv,0.3+0.7 10 tau.csv,1.5978677227593985,94.00206435258876,86.22231810886166,7.779746243727104
0.3C dc.csv,0.3+0.7 10 tau.csv,1.5994982000275204,94.09798627288006,86.26211008491897,7.835876187961091
0.3C dc.csv,0.3+0.7 10 tau.csv,1.6011286772956421,94.19390795934665,86.30260724818947,7.891300711157172
0.3C dc.csv,0.3+0.7 10 tau.csv,1.602759154563764,94.28982897076865,86.34380732081351,7.946021649955142
0.3C dc.csv,0.3+0.7 10 tau.csv,1.604389631831886,94.38575018596525,86.38581060310153,7.999939582863718
0.3C dc.csv,0.3+0.7 10 tau.csv,1.6060201091000077,94.48167133156795,86.42863233047153,8.053039001096423
0.3C dc.csv,0.3+0.7 10 tau.csv,1.6076505863681296,94.5775920503753,86.47239462206423,8.105197428311072
0.3C dc.csv,0.3+0.7 10 tau.csv,1.6092810636362513,94.67351288341153,86.51712411124178,8.156388772169748
0.3C dc.csv,0.3+0.7 10 tau.csv,1.6109115409043733,94.76943325737392,86.56290765967861,8.206525597695304
0.3C dc.csv,0.3+0.7 10 tau.csv,1.612542018172495,94.86535371773407,86.60986492357654,8.255488794157529
0.3C dc.csv,0.3+0.7 10 tau.csv,1.614172495440617,94.9612749038456,86.65809662442132,8.303178279424287
0.3C dc.csv,0.3+0.7 10 tau.csv,1.6158029727087386,95.05719566031209,86.70772282006894,8.349472840243152
0.3C dc.csv,0.3+0.7 10 tau.csv,1.6174334499768606,95.15311634135759,86.75890221065684,8.394214130700746
0.3C dc.csv,0.3+0.7 10 tau.csv,1.6190639272449825,95.24903699276526,86.81179442460967,8.437242568155582
0.3C dc.csv,0.3+0.7 10 tau.csv,1.6206944045131042,95.34495744716257,86.86664474711469,8.47831270004788
0.3C dc.csv,0.3+0.7 10 tau.csv,1.6223248817812261,95.44087799168473,86.92365431943271,8.517223672252015
0.3C dc.csv,0.3+0.7 10 tau.csv,1.6239553590493478,95.53679843907014,86.98315209611616,8.553646342953982
0.3C dc.csv,0.3+0.7 10 tau.csv,1.6255858363174698,95.63271937209727,87.04550081181756,8.587218560279709
0.3C dc.csv,0.3+0.7 10 tau.csv,1.6272163135855915,95.72864035597745,87.11123061836508,8.617409737612363
0.3C dc.csv,0.3+0.7 10 tau.csv,1.6288467908537134,95.82456131216296,87.1809793206743,8.64358199148866
0.3C dc.csv,0.3+0.7 10 tau.csv,1.6304772681218354,95.92048199471267,87.25559583860964,8.664886156103037
0.3C dc.csv,0.3+0.7 10 tau.csv,1.632107745389957,96.01640227401832,87.33631544650605,8.68008682751227
0.3C dc.csv,0.3+0.7 10 tau.csv,1.633738222658079,96.11232286546672,87.42495169082757,8.687371174639154
0.3C dc.csv,0.3+0.7 10 tau.csv,1.6353686999262007,96.20824385666165,87.52448816070601,8.68375569595564
0.3C dc.csv,0.3+0.7 10 tau.csv,1.6369991771943226,96.3041647387587,87.64027930558025,8.66388543317845
0.3C dc.csv,0.3+0.7 10 tau.csv,1.6386296544624444,96.40008565454913,87.7843065354525,8.61577911909663
0.3C dc.csv,0.3+0.7 10 tau.csv,1.6402601317305663,96.49600693559023,88.00025176645264,8.495755169137595
0.3C dc.csv,0.3+0.7 10 tau.csv,1.641890608998688,96.59192795868837,94.93698360455033,1.6549443541380384
0.3C dc.csv,0.3+0.7 10 tau.csv,1.64352108626681,96.68784919919872,94.97081269589017,1.7170365033085488
0.3C dc.csv,0.3+0.7 10 tau.csv,1.6451515635349319,96.78377044788775,95.00433508097461,1.779435366913134
0.3C dc.csv,0.3+0.7 10 tau.csv,1.6467820408030536,96.87969122027542,95.03756589687904,1.842125323396374
0.3C dc.csv,0.3+0.7 10 tau.csv,1.6484125180711755,96.97561224118151,95.07051939993107,1.9050928412504362
0.3C dc.csv,0.3+0.7 10 tau.csv,1.6500429953392972,97.07153307365543,95.10320845756686,1.968324616088566
0.3C dc.csv,0.3+0.7 10 tau.csv,1.6516734726074191,97.16745384400237,95.13564564177423,2.0318082022281345
0.3C dc.csv,0.3+0.7 10 tau.csv,1.6533039498755409,97.26337522285115,95.16784450089438,2.095530721956777
0.3C dc.csv,0.3+0.7 10 tau.csv,1.6549344271436628,97.35929624172407,95.19982298796498,2.1594732537590886
0.3C dc.csv,0.3+0.7 10 tau.csv,1.6565649044117847,97.4552174870785,95.23158951582866,2.22362797124984
0.3C dc.csv,0.3+0.7 10 tau.csv,1.6581953816799064,97.55113857837348,95.2631500263238,2.2879885520496828
0.3C dc.csv,0.3+0.7 10 tau.csv,1.6598258589480284,97.64705916777949,95.29451392788239,2.352545239897097
0.3C dc.csv,0.3+0.7 10 tau.csv,1.66145633621615,97.74297961432471,95.32568738637949,2.417292227945225
0.3C dc.csv,0.3+0.7 10 tau.csv,1.663086813484272,97.83890013804371,95.35668387993366,2.482216258110057
0.3C dc.csv,0.3+0.7 10 tau.csv,1.6647172907523937,97.9348209311079,95.38751216143957,2.5473087696683194
0.3C dc.csv,0.3+0.7 10 tau.csv,1.6663477680205157,98.03074177764934,95.41818093260981,2.612560845039525
0.3C dc.csv,0.3+0.7 10 tau.csv,1.6679782452886374,98.12666230245816,95.44869877366348,2.6779635287946775
0.3C dc.csv,0.3+0.7 10 tau.csv,1.6696087225567593,98.22258303827515,95.4790739464554,2.743509091819746
0.3C dc.csv,0.3+0.7 10 tau.csv,1.6712391998248812,98.3185035547745,95.5093121060362,2.8091914487382894
0.3C dc.csv,0.3+0.7 10 tau.csv,1.672869677093003,98.41442385032116,95.5394244709686,2.874999379352559
0.3C dc.csv,0.3+0.7 10 tau.csv,1.6745001543611249,98.51034471584363,95.5694161148062,2.9409286010374274
0.3C dc.csv,0.3+0.7 10 tau.csv,1.6761306316292466,98.6062656474851,95.59929288624078,3.0069727612443273
0.3C dc.csv,0.3+0.7 10 tau.csv,1.6777611088973685,98.70218694043831,95.62906096530112,3.073125975137188
0.3C dc.csv,0.3+0.7 10 tau.csv,1.6793915861654902,98.79810817433338,95.65872170696231,3.139386467371068
0.3C dc.csv,0.3+0.7 10 tau.csv,1.6810220634336122,98.89402912866245,95.6882861895494,3.205742939113051
0.3C dc.csv,0.3+0.7 10 tau.csv,1.6826525407017339,98.98994948067123,95.71776162467158,3.272187855999647
0.3C dc.csv,0.3+0.7 10 tau.csv,1.6842830179698558,99.08586971645101,95.74715339639238,3.338716320058637
0.3C dc.csv,0.3+0.7 10 tau.csv,1.6859134952379777,99.1817906511613,95.7764639640302,3.405326687131094
0.3C dc.csv,0.3+0.7 10 tau.csv,1.6875439725060994,99.27771181795647,95.80570557878025,3.472006239176224
0.3C dc.csv,0.3+0.7 10 tau.csv,1.6891744497742214,99.37363281757656,95.83488493947006,3.5387478781065056
0.3C dc.csv,0.3+0.7 10 tau.csv,1.690804927042343,99.46955378923472,95.86400255353232,3.605551235702407
0.3C dc.csv,0.3+0.7 10 tau.csv,1.692435404310465,99.5654743654229,95.89306136972743,3.672412995695467
0.3C dc.csv,0.3+0.7 10 tau.csv,1.6940658815785867,99.66139454345377,95.92206716505609,3.7393273783976753
0.3C dc.csv,0.3+0.7 10 tau.csv,1.6956963588467087,99.75731493639377,95.95102811235134,3.806286824042431
0.3C dc.csv,0.3+0.7 10 tau.csv,1.6973268361148306,99.85323540305664,95.97994855282394,3.8732868502327022
0.3C dc.csv,0.3+0.7 10 tau.csv,1.6989573133829523,99.94915615498716,96.00883077420372,3.940325380783449
0.3C dc.csv,0.3+0.7 10 tau.csv,1.7005877906510742,100.04507714651858,96.0376803179234,4.007396828595176
0.3C dc.csv,0.3+0.7 10 tau.csv,1.702218267919196,100.14099814879924,96.0665100623271,4.074488086472144
0.3C dc.csv,0.3+0.7 10 tau.csv,1.7038487451873179,100.23691951199612,96.09532304217433,4.141596469821792
0.3C dc.csv,0.3+0.7 10 tau.csv,1.7054792224554396,100.3328406507403,96.12411775946539,4.208722891274903
0.3C dc.csv,0.3+0.7 10 tau.csv,1.7071096997235615,100.42876176080041,96.15290076817085,4.2758609926295605
0.3C dc.csv,0.3+0.7 10 tau.csv,1.7087401769916832,100.52468259529961,96.18167680984342,4.343005785456185
0.3C dc.csv,0.3+0.7 10 tau.csv,1.7103706542598052,100.62060312280921,96.21045074893486,4.410152373874354
0.3C dc.csv,0.3+0.7 10 tau.csv,1.712001131527927,100.71652438272977,96.23922770077763,4.47729668195214
0.3C dc.csv,0.3+0.7 10 tau.csv,1.7136316087960488,100.81244538788468,96.26801193890614,4.544433448978538
0.3C dc.csv,0.3+0.7 10 tau.csv,1.7152620860641707,100.90836597301325,96.29680789345801,4.6115580795552376
0.3C dc.csv,0.3+0.7 10 tau.csv,1.7168925633322925,101.0042868403955,96.32562306656558,4.678663773829911
0.3C dc.csv,0.3+0.7 10 tau.csv,1.7185230406004144,101.10020790434547,96.35446877127444,4.745739133071027
0.3C dc.csv,0.3+0.7 10 tau.csv,1.720153517868536,101.19612916664413,96.38334164140602,4.812787525238107
0.3C dc.csv,0.3+0.7 10 tau.csv,1.721783995136658,101.29205030217372,96.4122455074801,4.8798047946936265
0.3C dc.csv,0.3+0.7 10 tau.csv,1.72341447240478,101.38797121380135,96.44118854942462,4.946782664376727
0.3C dc.csv,0.3+0.7 10 tau.csv,1.7250449496729017,101.48389225402099,96.470174205444,5.01371804857699
0.3C dc.csv,0.3+0.7 10 tau.csv,1.7266754269410236,101.57981323692626,96.49920558881166,5.080607648114594
0.3C dc.csv,0.3+0.7 10 tau.csv,1.7283059042091453,101.67573390419315,96.528288183418,5.147445720775153
0.3C dc.csv,0.3+0.7 10 tau.csv,1.7299363814772672,101.7716548168005,96.55743254566765,5.214222271132854
0.3C dc.csv,0.3+0.7 10 tau.csv,1.731566858745389,101.86757575210515,96.5866394179443,5.280936334160856
0.3C dc.csv,0.3+0.7 10 tau.csv,1.733197336013511,101.96349636462222,96.6159166311795,5.347579733442714
0.3C dc.csv,0.3+0.7 10 tau.csv,1.7348278132816326,102.05941709729036,96.64527252585121,5.414144571439152
0.3C dc.csv,0.3+0.7 10 tau.csv,1.7364582905497545,102.15533825773296,96.67471293970404,5.4806253180289275
0.3C dc.csv,0.3+0.7 10 tau.csv,1.7380887678178765,102.25125929731605,96.70423941188196,5.547019885434096
0.3C dc.csv,0.3+0.7 10 tau.csv,1.7397192450859982,102.34718068807342,96.73385694681548,5.613323741257943
0.3C dc.csv,0.3+0.7 10 tau.csv,1.74134972235412,102.44310173841075,96.76357070186322,5.67953103654753
0.3C dc.csv,0.3+0.7 10 tau.csv,1.7429801996222418,102.53902236877443,96.79339034442476,5.745632024349661
0.3C dc.csv,0.3+0.7 10 tau.csv,1.7446106768903638,102.63494289104298,96.82332371631023,5.811619174732755
0.3C dc.csv,0.3+0.7 10 tau.csv,1.7462411541584855,102.73086347439114,96.85337375643462,5.8774897179565215
0.3C dc.csv,0.3+0.7 10 tau.csv,1.7478716314266074,102.82678372545513,96.88354793398072,5.943235791474407
0.3C dc.csv,0.3+0.7 10 tau.csv,1.7495021086947293,102.92270438745524,96.91385681764335,6.008847569811891
0.3C dc.csv,0.3+0.7 10 tau.csv,1.751132585962851,103.01862521219707,96.94430947307166,6.07431573912541
0.3C dc.csv,0.3+0.7 10 tau.csv,1.752763063230973,103.11454632428801,96.97491389914022,6.139632425147795
0.3C dc.csv,0.3+0.7 10 tau.csv,1.7543935404990947,103.21046738577688,97.00567142393143,6.2047959618454485
0.3C dc.csv,0.3+0.7 10 tau.csv,1.7560240177672166,103.30638801685075,97.0365905540652,6.269797462785547
0.3C dc.csv,0.3+0.7 10 tau.csv,1.7576544950353383,103.40230883176558,97.06768012082394,6.334628710941644
0.3C dc.csv,0.3+0.7 10 tau.csv,1.7592849723034603,103.49822978532946,97.09894949449094,6.399280290838519
0.3C dc.csv,0.3+0.7 10 tau.csv,1.760915449571582,103.59415055109203,97.13040849407453,6.463742057017498
0.3C dc.csv,0.3+0.7 10 tau.csv,1.762545926839704,103.690071148501,97.16206554088913,6.528005607611874
0.3C dc.csv,0.3+0.7 10 tau.csv,1.7641764041078258,103.78599186953436,97.19393612654972,6.592055742984641
0.3C dc.csv,0.3+0.7 10 tau.csv,1.7658068813759475,103.88191262214185,97.22603939782064,6.655873224321212
0.3C dc.csv,0.3+0.7 10 tau.csv,1.7674373586440695,103.97783294765127,97.2583725688974,6.719460378753865
0.3C dc.csv,0.3+0.7 10 tau.csv,1.7690678359121912,104.07375373033267,97.29094785149817,6.782805878834495
0.3C dc.csv,0.3+0.7 10 tau.csv,1.7706983131803131,104.1696748760307,97.32377850333228,6.845896372698419
0.3C dc.csv,0.3+0.7 10 tau.csv,1.7723287904484348,104.26559616350913,97.35687738162015,6.908718781888979
0.3C dc.csv,0.3+0.7 10 tau.csv,1.7739592677165568,104.3615174318953,97.39025896814748,6.971258463747816
0.3C dc.csv,0.3+0.7 10 tau.csv,1.7755897449846785,104.45743882571516,97.42393696947875,7.033501856236413
0.3C dc.csv,0.3+0.7 10 tau.csv,1.7772202222528004,104.5533597562825,97.45792634048152,7.095433415800983
0.3C dc.csv,0.3+0.7 10 tau.csv,1.7788506995209223,104.64928031449352,97.49224451215709,7.157035802336438
0.3C dc.csv,0.3+0.7 10 tau.csv,1.780481176789044,104.74520099468843,97.52690873560465,7.218292259083782
0.3C dc.csv,0.3+0.7 10 tau.csv,1.782111654057166,104.8411213285239,97.56194350535522,7.279177823168681
0.3C dc.csv,0.3+0.7 10 tau.csv,1.7837421313252877,104.93704203545197,97.59737790609755,7.339664129354418
0.3C dc.csv,0.3+0.7 10 tau.csv,1.7853726085934096,105.03296273059722,97.63322045189321,7.399742278704011
0.3C dc.csv,0.3+0.7 10 tau.csv,1.7870030858615313,105.12888360129624,97.66949204502896,7.459391556267278
0.3C dc.csv,0.3+0.7 10 tau.csv,1.7886335631296533,105.22480444025615,97.7062154097676,7.518589030488556
0.3C dc.csv,0.3+0.7 10 tau.csv,1.7902640403977752,105.32072506564448,97.74341476927665,7.577310296367827
0.3C dc.csv,0.3+0.7 10 tau.csv,1.791894517665897,105.41664611036236,97.78113510395595,7.635511006406418
0.3C dc.csv,0.3+0.7 10 tau.csv,1.7935249949340188,105.5125674220873,97.81940109004269,7.693166332044612
0.3C dc.csv,0.3+0.7 10 tau.csv,1.7951554722021406,105.60848841885384,97.85823563407142,7.750252784782418
0.3C dc.csv,0.3+0.7 10 tau.csv,1.7967859494702625,105.70440948612257,97.89769383316113,7.806715652961444
0.3C dc.csv,0.3+0.7 10 tau.csv,1.7984164267383842,105.8003308632433,97.93781659913057,7.862514264112733
0.3C dc.csv,0.3+0.7 10 tau.csv,1.8000469040065061,105.8962523576819,97.97862062917297,7.917631728508937
0.3C dc.csv,0.3+0.7 10 tau.csv,1.8016773812746278,105.99217371519588,98.02020478857602,7.9719689266198515
0.3C dc.csv,0.3+0.7 10 tau.csv,1.8033078585427498,106.08809479307888,98.06257232981382,8.025522463265062
0.3C dc.csv,0.3+0.7 10 tau.csv,1.8049383358108717,106.18401586740703,98.10584157489623,8.078174292510795
0.3C dc.csv,0.3+0.7 10 tau.csv,1.8065688130789934,106.27993668239708,98.15003908859757,8.129897593799512
0.3C dc.csv,0.3+0.7 10 tau.csv,1.8081992903471154,106.3758571765382,98.19524157460232,8.180615601935884
0.3C dc.csv,0.3+0.7 10 tau.csv,1.809829767615237,106.47177769544095,98.24157707404915,8.230200621391802
0.3C dc.csv,0.3+0.7 10 tau.csv,1.811460244883359,106.56769843797524,98.2891171135441,8.278581324431144
0.3C dc.csv,0.3+0.7 10 tau.csv,1.8130907221514807,106.66361891930848,98.33798065046088,8.325638268847598
0.3C dc.csv,0.3+0.7 10 tau.csv,1.8147211994196026,106.75953911343231,98.38830931292564,8.371229800506669
0.3C dc.csv,0.3+0.7 10 tau.csv,1.8163516766877246,106.85545884242507,98.44026934953396,8.415189492891102
0.3C dc.csv,0.3+0.7 10 tau.csv,1.8179821539558463,106.95137889137555,98.49403204344769,8.457346847927866
0.3C dc.csv,0.3+0.7 10 tau.csv,1.8196126312239682,107.04729911580331,98.54986196596273,8.497437149840579
0.3C dc.csv,0.3+0.7 10 tau.csv,1.82124310849209,107.1432188009032,98.60798965951129,8.535229141391909
0.3C dc.csv,0.3+0.7 10 tau.csv,1.8228735857602119,107.23913823784278,98.66878505679557,8.57035318104721
0.3C dc.csv,0.3+0.7 10 tau.csv,1.8245040630283336,107.33505810568772,98.73265271472616,8.602405390961565
0.3C dc.csv,0.3+0.7 10 tau.csv,1.8261345402964555,107.43097813198312,98.8001677211412,8.630810410841931
0.3C dc.csv,0.3+0.7 10 tau.csv,1.8277650175645772,107.52689828322511,98.87205339695012,8.654844886274986
0.3C dc.csv,0.3+0.7 10 tau.csv,1.8293954948326991,107.62281866757101,98.94933298620931,8.673485681361697
0.3C dc.csv,0.3+0.7 10 tau.csv,1.831025972100821,107.7187394162185,99.03348598537508,8.685253430843417
0.3C dc.csv,0.3+0.7 10 tau.csv,1.8326564493689428,107.81465995692042,99.12673376424472,8.687926192675704
0.3C dc.csv,0.3+0.7 10 tau.csv,1.8342869266370647,107.91058059674653,99.2329816670595,8.677598929687022
0.3C dc.csv,0.3+0.7 10 tau.csv,1.8359174039051864,108.00650117077659,99.3596880303334,8.646813140443186
0.3C dc.csv,0.3+0.7 10 tau.csv,1.8375478811733084,108.10242195693279,99.52673859367279,8.575683363259998
0.3C dc.csv,0.3+0.7 10 tau.csv,1.83917835844143,108.19834244683967,106.57331894816375,1.6250234986759295
0.3C dc.csv,0.3+0.7 10 tau.csv,1.840808835709552,108.29426242413119,106.60732473772399,1.6869376864072052
0.3C dc.csv,0.3+0.7 10 tau.csv,1.842439312977674,108.39018271520843,106.64101487461116,1.7491678405972664
0.3C dc.csv,0.3+0.7 10 tau.csv,1.8440697902457956,108.48610341012754,106.67440498591343,1.8116984242141143
0.3C dc.csv,0.3+0.7 10 tau.csv,1.8457002675139176,108.58202407204254,106.70750913803988,1.8745149340026614
0.3C dc.csv,0.3+0.7 10 tau.csv,1.8473307447820393,108.6779445333758,106.74034164973077,1.9376028836450274
0.3C dc.csv,0.3+0.7 10 tau.csv,1.8489612220501612,108.77386512952033,106.77291588519095,2.0009492443293766
0.3C dc.csv,0.3+0.7 10 tau.csv,1.850591699318283,108.86978534066031,106.80524461531242,2.0645407253478965
0.3C dc.csv,0.3+0.7 10 tau.csv,1.8522221765864049,108.96570600071253,106.83734114990638,2.1283648508061503
0.3C dc.csv,0.3+0.7 10 tau.csv,1.8538526538545266,109.06162660803814,106.86922226241089,2.192404345627253
0.3C dc.csv,0.3+0.7 10 tau.csv,1.8554831311226485,109.15754702329252,106.90089363599384,2.256653387298684
0.3C dc.csv,0.3+0.7 10 tau.csv,1.8571136083907704,109.25346735201103,106.93236509096843,2.321102261042597
0.3C dc.csv,0.3+0.7 10 tau.csv,1.8587440856588922,109.34938760433563,106.96364523665123,2.3857423676844007
0.3C dc.csv,0.3+0.7 10 tau.csv,1.860374562927014,109.44530823452827,106.9947430772603,2.450565157267974
0.3C dc.csv,0.3+0.7 10 tau.csv,1.8620050401951358,109.54122892608756,107.0256654723401,2.515563453747461
0.3C dc.csv,0.3+0.7 10 tau.csv,1.8636355174632577,109.63714951671234,107.05641921711234,2.580730299600006
0.3C dc.csv,0.3+0.7 10 tau.csv,1.8652659947313794,109.7330697207347,107.08701770816944,2.6460520125652636
0.3C dc.csv,0.3+0.7 10 tau.csv,1.8668964719995014,109.82899026367467,107.11746891968048,2.7115213439941925
0.3C dc.csv,0.3+0.7 10 tau.csv,1.8685269492676233,109.924910645944,107.14778412836671,2.777126517577287
0.3C dc.csv,0.3+0.7 10 tau.csv,1.870157426535745,110.02083133645533,107.17797347554199,2.842857860913341
0.3C dc.csv,0.3+0.7 10 tau.csv,1.871787903803867,110.1167513369655,107.20803187409348,2.9087194628720283
0.3C dc.csv,0.3+0.7 10 tau.csv,1.8734183810719887,110.21267187927889,107.23796818095619,2.974703698322699
0.3C dc.csv,0.3+0.7 10 tau.csv,1.8750488583401106,110.30859213281296,107.26779268708688,3.04079944572608
0.3C dc.csv,0.3+0.7 10 tau.csv,1.8766793356082323,110.40451246309331,107.29751222707583,3.107000236017484
0.3C dc.csv,0.3+0.7 10 tau.csv,1.8783098128763542,110.5004322637134,107.32713324292203,3.173299020791376
0.3C dc.csv,0.3+0.7 10 tau.csv,1.879940290144476,110.59635246471679,107.35665585723143,3.2396966074853566
0.3C dc.csv,0.3+0.7 10 tau.csv,1.8815707674125979,110.69227313661533,107.38609040759127,3.3061827290240586
0.3C dc.csv,0.3+0.7 10 tau.csv,1.8832012446807198,110.7881939218651,107.41544317158771,3.3727507502773904
0.3C dc.csv,0.3+0.7 10 tau.csv,1.8848317219488415,110.88411434018055,107.44472575083654,3.4393885893440057
0.3C dc.csv,0.3+0.7 10 tau.csv,1.8864621992169635,110.98003453749247,107.47394061899939,3.506093918493079
0.3C dc.csv,0.3+0.7 10 tau.csv,1.8880926764850852,111.07595449536011,107.50308925403884,3.572865241321267
0.3C dc.csv,0.3+0.7 10 tau.csv,1.889723153753207,111.17187433600755,107.53217881692704,3.6396955190805045
0.3C dc.csv,0.3+0.7 10 tau.csv,1.8913536310213288,111.26779424737472,107.5612147258821,3.7065795214926283
0.3C dc.csv,0.3+0.7 10 tau.csv,1.8929841082894507,111.36371356696041,107.59019957595672,3.7735139910036963
0.3C dc.csv,0.3+0.7 10 tau.csv,1.8946145855575725,111.459633261534,107.61913995566363,3.8404933058703676
0.3C dc.csv,0.3+0.7 10 tau.csv,1.8962450628256944,111.55555310497661,107.64804148934411,3.907511615632501
0.3C dc.csv,0.3+0.7 10 tau.csv,1.8978755400938163,111.65147279715988,107.67690932357218,3.9745634735877076
0.3C dc.csv,0.3+0.7 10 tau.csv,1.899506017361938,111.74739246954331,107.70574746004671,4.041645009496605
0.3C dc.csv,0.3+0.7 10 tau.csv,1.90113649463006,111.8433125594647,107.73456896018547,4.1087435992792365
0.3C dc.csv,0.3+0.7 10 tau.csv,1.9027669718981817,111.93923304402914,107.76337242615385,4.175860617875287
0.3C dc.csv,0.3+0.7 10 tau.csv,1.9043974491663036,112.03515421790782,107.79216103212914,4.242993185778673
0.3C dc.csv,0.3+0.7 10 tau.csv,1.9060279264344253,112.13107561904792,107.82093998515846,4.310135633889459
0.3C dc.csv,0.3+0.7 10 tau.csv,1.9076584037025472,112.22699707757859,107.84971454908691,4.377282528491676
0.3C dc.csv,0.3+0.7 10 tau.csv,1.9092888809706692,112.32291842780032,107.87848883251415,4.4444295952861665
0.3C dc.csv,0.3+0.7 10 tau.csv,1.9109193582387909,112.41883928293969,107.90726816065771,4.511571122281978
0.3C dc.csv,0.3+0.7 10 tau.csv,1.9125498355069128,112.51476022337926,107.93605769128406,4.578702532095193
0.3C dc.csv,0.3+0.7 10 tau.csv,1.9141803127750345,112.61068148513365,107.96486198613563,4.645819498998023
0.3C dc.csv,0.3+0.7 10 tau.csv,1.9158107900431565,112.70660223412101,107.99368634436286,4.7129158897581505
0.3C dc.csv,0.3+0.7 10 tau.csv,1.9174412673112782,112.80252283695027,108.02254350244542,4.7799793345048585
0.3C dc.csv,0.3+0.7 10 tau.csv,1.9190717445794,112.89844370409816,108.05142984321408,4.847013860884076
0.3C dc.csv,0.3+0.7 10 tau.csv,1.9207022218475218,112.99436468189168,108.08035057117175,4.914014110719933
0.3C dc.csv,0.3+0.7 10 tau.csv,1.9223326991156438,113.09028581351332,108.10931063520991,4.98097517830341
0.3C dc.csv,0.3+0.7 10 tau.csv,1.9239631763837657,113.186206988497,108.13831744235495,5.047889546142059
0.3C dc.csv,0.3+0.7 10 tau.csv,1.9255936536518874,113.2821281595961,108.16737275902432,5.114755400571781
0.3C dc.csv,0.3+0.7 10 tau.csv,1.9272241309200093,113.37804946111729,108.19648216318744,5.1815672979298455
0.3C dc.csv,0.3+0.7 10 tau.csv,1.928854608188131,113.47397041139833,108.22565179883293,5.248318612565399
0.3C dc.csv,0.3+0.7 10 tau.csv,1.930485085456253,113.56989100588399,108.2548929124235,5.314998093460488
0.3C dc.csv,0.3+0.7 10 tau.csv,1.9321155627243747,113.66581163916995,108.28420924173118,5.381602397438769
0.3C dc.csv,0.3+0.7 10 tau.csv,1.9337460399924966,113.7617319531112,108.31360234122887,5.448129611882322
0.3C dc.csv,0.3+0.7 10 tau.csv,1.9353765172606185,113.85765219736662,108.34307770832197,5.514574489044648
0.3C dc.csv,0.3+0.7 10 tau.csv,1.9370069945287403,113.9535724048004,108.37264656476049,5.58092584003991
0.3C dc.csv,0.3+0.7 10 tau.csv,1.9386374717968622,114.04949237835766,108.40230846299333,5.647183915364323
0.3C dc.csv,0.3+0.7 10 tau.csv,1.940267949064984,114.14541274462319,108.43206972282279,5.713343021800398
0.3C dc.csv,0.3+0.7 10 tau.csv,1.9418984263331058,114.24133293131923,108.4619368720583,5.779396059260932
0.3C dc.csv,0.3+0.7 10 tau.csv,1.9435289036012275,114.33725283066896,108.49191983379413,5.845332996874831
0.3C dc.csv,0.3+0.7 10 tau.csv,1.9451593808693495,114.43317267224869,108.52202622613542,5.911146446113264
0.3C dc.csv,0.3+0.7 10 tau.csv,1.9467898581374712,114.52909285764937,108.55226096216235,5.976831895487024
0.3C dc.csv,0.3+0.7 10 tau.csv,1.9484203354055931,114.62501286256973,108.58263740797705,6.042375454592687
0.3C dc.csv,0.3+0.7 10 tau.csv,1.950050812673715,114.7209331878839,108.6131552597097,6.107777928174201
0.3C dc.csv,0.3+0.7 10 tau.csv,1.9516812899418368,114.81685308411701,108.64382157983293,6.173031504284083
0.3C dc.csv,0.3+0.7 10 tau.csv,1.9533117672099587,114.91277279045435,108.67465057562282,6.2381222148315345
0.3C dc.csv,0.3+0.7 10 tau.csv,1.9549422444780804,115.00869252184681,108.70564696562285,6.303045556223964
0.3C dc.csv,0.3+0.7 10 tau.csv,1.9565727217462023,115.10461290154264,108.73681758537032,6.3677953161723195
0.3C dc.csv,0.3+0.7 10 tau.csv,1.958203199014324,115.20053324018016,108.76817184597256,6.432361394207604
0.3C dc.csv,0.3+0.7 10 tau.csv,1.959833676282446,115.29645329938921,108.79971859686286,6.4967347025263535
0.3C dc.csv,0.3+0.7 10 tau.csv,1.961464153550568,115.39237347376012,108.83146796274502,6.560905511015093
0.3C dc.csv,0.3+0.7 10 tau.csv,1.9630946308186896,115.48829340603533,108.863434611461,6.6248587945743225
0.3C dc.csv,0.3+0.7 10 tau.csv,1.9647251080868116,115.58421323502579,108.89563541449847,6.688577820527314
0.3C dc.csv,0.3+0.7 10 tau.csv,1.9663555853549333,115.68013308552756,108.9280719163455,6.752061169182056
0.3C dc.csv,0.3+0.7 10 tau.csv,1.9679860626230552,115.77605318406694,108.9607573011637,6.815295882903243
0.3C dc.csv,0.3+0.7 10 tau.csv,1.969616539891177,115.87197316528837,108.99370493430752,6.878268230980851
0.3C dc.csv,0.3+0.7 10 tau.csv,1.9712470171592988,115.96789330833587,109.02692783253998,6.940965475795892
0.3C dc.csv,0.3+0.7 10 tau.csv,1.9728774944274206,116.06381310509427,109.06044016697278,7.003372938121487
0.3C dc.csv,0.3+0.7 10 tau.csv,1.9745079716955425,116.15973268787953,109.09425692956738,7.065475758312147
0.3C dc.csv,0.3+0.7 10 tau.csv,1.9761384489636644,116.2556528808941,109.1283945716214,7.127258309272705
0.3C dc.csv,0.3+0.7 10 tau.csv,1.9777689262317861,116.35157299182896,109.1628698985337,7.18870309329526
0.3C dc.csv,0.3+0.7 10 tau.csv,1.979399403499908,116.44749299275159,109.1977014744759,7.249791518275686
0.3C dc.csv,0.3+0.7 10 tau.csv,1.9810298807680298,116.54341300712113,109.23291223274877,7.310500774372358
0.3C dc.csv,0.3+0.7 10 tau.csv,1.9826603580361517,116.63933329852871,109.26852501533435,7.370808283194364
0.3C dc.csv,0.3+0.7 10 tau.csv,1.9842908353042734,116.73525344236141,109.30455254872702,7.430700893634395
0.3C dc.csv,0.3+0.7 10 tau.csv,1.9859213125723953,116.83117343995559,109.3410172920545,7.490156147901089
0.3C dc.csv,0.3+0.7 10 tau.csv,1.987551789840517,116.9270934514288,109.377950644701,7.549142806727801
0.3C dc.csv,0.3+0.7 10 tau.csv,1.989182267108639,117.02301339838435,109.41538889622052,7.60762450216383
0.3C dc.csv,0.3+0.7 10 tau.csv,1.990812744376761,117.11893319411055,109.45334550210586,7.665587692004692
0.3C dc.csv,0.3+0.7 10 tau.csv,1.9924432216448826,117.21485285439113,109.49185213341441,7.723000720976714
0.3C dc.csv,0.3+0.7 10 tau.csv,1.9940736989130046,117.31077266379364,109.53097378361021,7.779798880183435
0.3C dc.csv,0.3+0.7 10 tau.csv,1.9957041761811263,117.40669254033001,109.57072426559088,7.83596827473913
0.3C dc.csv,0.3+0.7 10 tau.csv,1.9973346534492482,117.50261315711441,109.6111382565237,7.891474900590708
0.3C dc.csv,0.3+0.7 10 tau.csv,1.99896513071737,117.59853363478015,109.65229757429199,7.946236060488161
0.3C dc.csv,0.3+0.7 10 tau.csv,2.000595607985492,117.69445417390074,109.69420806564493,8.000246108255809
0.3C dc.csv,0.3+0.7 10 tau.csv,2.002226085253614,117.79037469282888,109.73698178331736,8.053392909511516
0.3C dc.csv,0.3+0.7 10 tau.csv,2.0038565625217357,117.88629538571564,109.78064759262818,8.105647793087456
0.3C dc.csv,0.3+0.7 10 tau.csv,2.005487039789857,117.98221576501193,109.82528281099331,8.156932954018615
0.3C dc.csv,0.3+0.7 10 tau.csv,2.007117517057979,118.07813592056777,109.87099325735069,8.207142663217084
0.3C dc.csv,0.3+0.7 10 tau.csv,2.008747994326101,118.17405594659078,109.91784698153768,8.256208965053105
0.3C dc.csv,0.3+0.7 10 tau.csv,2.010378471594223,118.2699761641072,109.96595684432579,8.304019319781418
0.3C dc.csv,0.3+0.7 10 tau.csv,2.0120089488623445,118.36589589352266,110.01545357928197,8.350442314240695
0.3C dc.csv,0.3+0.7 10 tau.csv,2.0136394261304664,118.46181586832968,110.06649766284657,8.395318205483107
0.3C dc.csv,0.3+0.7 10 tau.csv,2.0152699033985884,118.55773554408846,110.11924550577267,8.438490038315791
0.3C dc.csv,0.3+0.7 10 tau.csv,2.0169003806667103,118.6536551203442,110.17389272538871,8.479762394955486
0.3C dc.csv,0.3+0.7 10 tau.csv,2.0185308579348322,118.74957483560344,110.23071044717837,8.518864388425072
0.3C dc.csv,0.3+0.7 10 tau.csv,2.0201613352029537,118.84549482694453,110.28997859913132,8.555516227813214
0.3C dc.csv,0.3+0.7 10 tau.csv,2.0217918124710756,118.9414150273803,110.35209571715922,8.589319310221086
0.3C dc.csv,0.3+0.7 10 tau.csv,2.0234222897391976,119.03733476797261,110.41751677123784,8.619817996734767
0.3C dc.csv,0.3+0.7 10 tau.csv,2.0250527670073195,119.13325491007242,110.48687543118992,8.646379478882508
0.3C dc.csv,0.3+0.7 10 tau.csv,2.026683244275441,119.22917518166611,110.56099979385002,8.668175387816092
0.3C dc.csv,0.3+0.7 10 tau.csv,2.028313721543563,119.32509541170757,110.64114343614906,8.6839519755585
0.3C dc.csv,0.3+0.7 10 tau.csv,2.029944198811685,119.42101534713463,110.729020396087,8.691994951047633
0.3C dc.csv,0.3+0.7 10 tau.csv,2.031574676079807,119.51693508843609,110.82744614479145,8.689488943644633
0.3C dc.csv,0.3+0.7 10 tau.csv,2.0332051533479287,119.61285524996116,110.94152714943259,8.67132810052857
0.3C dc.csv,0.3+0.7 10 tau.csv,2.03483563061605,119.70877558858403,111.08231371226617,8.626461876317862
0.3C dc.csv,0.3+0.7 10 tau.csv,2.036466107884172,119.80469619326676,111.28728001661564,8.517416176651125
0.3C dc.csv,0.3+0.7 10 tau.csv,2.038096585152294,119.90061677709149,118.24605677692878,1.6545600001627037
0.3C dc.csv,0.3+0.7 10 tau.csv,2.039727062420416,119.99653764209941,118.27991214295076,1.7166254991486483
0.3C dc.csv,0.3+0.7 10 tau.csv,2.041357539688538,120.09245815688651,118.31346028772705,1.7789978691594541
0.3C dc.csv,0.3+0.7 10 tau.csv,2.0429880169566594,120.18837835087523,118.34671566015257,1.8416626907226572
0.3C dc.csv,0.3+0.7 10 tau.csv,2.0446184942247814,120.28429853608723,118.37969267770374,1.9046058583834906
0.3C dc.csv,0.3+0.7 10 tau.csv,2.0462489714929033,120.38021913598315,118.4124052547676,1.9678138812155481
0.3C dc.csv,0.3+0.7 10 tau.csv,2.0478794487610252,120.47613955668183,118.44486604464345,2.031273512038382
0.3C dc.csv,0.3+0.7 10 tau.csv,2.0495099260291467,120.57205966332464,118.47708793779323,2.0949717255314084
0.3C dc.csv,0.3+0.7 10 tau.csv,2.0511404032972687,120.66797966448291,118.50908158000183,2.1588980844810806
0.3C dc.csv,0.3+0.7 10 tau.csv,2.0527708805653906,120.76389969747662,118.54086369673628,2.2230360007403362
0.3C dc.csv,0.3+0.7 10 tau.csv,2.0544013578335125,120.85981988097917,118.57243953243194,2.287380348547231
0.3C dc.csv,0.3+0.7 10 tau.csv,2.0560318351016345,120.95574001907232,118.60381831582518,2.351921703247143
0.3C dc.csv,0.3+0.7 10 tau.csv,2.057662312369756,121.0516597146899,118.63500980971412,2.4166499049757846
0.3C dc.csv,0.3+0.7 10 tau.csv,2.059292789637878,121.14757981244796,118.66602387248102,2.4815559399669382
0.3C dc.csv,0.3+0.7 10 tau.csv,2.060923266906,121.24350010567433,118.69686944434301,2.5466306613313208
0.3C dc.csv,0.3+0.7 10 tau.csv,2.0625537441741217,121.33942033278198,118.72755471699327,2.611865615788716
0.3C dc.csv,0.3+0.7 10 tau.csv,2.0641842214422432,121.43534037049214,118.75808214677994,2.677258223712201
0.3C dc.csv,0.3+0.7 10 tau.csv,2.065814698710365,121.53126052247602,118.78846267039903,2.74279785207699
0.3C dc.csv,0.3+0.7 10 tau.csv,2.067445175978487,121.62718079442888,118.81871217238934,2.808468622039541
0.3C dc.csv,0.3+0.7 10 tau.csv,2.069075653246609,121.72310051792171,118.84883851527745,2.874262002644258
0.3C dc.csv,0.3+0.7 10 tau.csv,2.070706130514731,121.81902050595188,118.87884199620308,2.9401785097488045
0.3C dc.csv,0.3+0.7 10 tau.csv,2.0723366077828524,121.91494062236733,118.9087273154969,3.0062133068704213
0.3C dc.csv,0.3+0.7 10 tau.csv,2.0739670850509744,122.010860746861,118.93849955290234,3.072361193958656
0.3C dc.csv,0.3+0.7 10 tau.csv,2.0755975623190963,122.10678098002947,118.96817002159075,3.1386109584387185
0.3C dc.csv,0.3+0.7 10 tau.csv,2.0772280395872182,122.2027009028693,118.997744610442,3.2049562924272976
0.3C dc.csv,0.3+0.7 10 tau.csv,2.0788585168553397,122.29862101538656,119.02722855419618,3.2713924611903735
0.3C dc.csv,0.3+0.7 10 tau.csv,2.0804889941234617,122.39454111235251,119.05662280245356,3.337918309898953
0.3C dc.csv,0.3+0.7 10 tau.csv,2.0821194713915836,122.49046148656635,119.08593918122251,3.404522305343832
0.3C dc.csv,0.3+0.7 10 tau.csv,2.0837499486597055,122.58638182633887,119.11518990147167,3.471191924867199
0.3C dc.csv,0.3+0.7 10 tau.csv,2.0853804259278275,122.6823024668636,119.14437491904478,3.537927547818825
0.3C dc.csv,0.3+0.7 10 tau.csv,2.087010903195949,122.77822293208114,119.17349433231166,3.604728599769473
0.3C dc.csv,0.3+0.7 10 tau.csv,2.088641380464071,122.87414326046583,119.2025569697604,3.6715862907054344
0.3C dc.csv,0.3+0.7 10 tau.csv,2.090271857732193,122.97006375627076,119.23156844017491,3.7384953160958503
0.3C dc.csv,0.3+0.7 10 tau.csv,2.0919023350003147,123.06598385104236,119.2605340033972,3.805449847645164
0.3C dc.csv,0.3+0.7 10 tau.csv,2.0935328122684362,123.16190373067032,119.28945498495371,3.8724487457166106
0.3C dc.csv,0.3+0.7 10 tau.csv,2.095163289536558,123.25782370350403,119.31833987066685,3.9394838328371833
0.3C dc.csv,0.3+0.7 10 tau.csv,2.09679376680468,123.35374329342243,119.34719412550761,4.006549167914812
0.3C dc.csv,0.3+0.7 10 tau.csv,2.098424244072802,123.4496626861019,119.37602252359868,4.073640162503224
0.3C dc.csv,0.3+0.7 10 tau.csv,2.100054721340924,123.54558251931678,119.40483433308107,4.140748186235712
0.3C dc.csv,0.3+0.7 10 tau.csv,2.1016851986090455,123.64150260456157,119.43363027331371,4.207872331247856
0.3C dc.csv,0.3+0.7 10 tau.csv,2.1033156758771674,123.73742279306104,119.46241484286242,4.275007950198628
0.3C dc.csv,0.3+0.7 10 tau.csv,2.1049461531452893,123.83334333642813,119.49119166786441,4.342151668563716
0.3C dc.csv,0.3+0.7 10 tau.csv,2.1065766304134113,123.92926402282856,119.51996566107712,4.409298361751439
0.3C dc.csv,0.3+0.7 10 tau.csv,2.108207107681533,124.02518438160295,119.54874210451995,4.4764422770830095
0.3C dc.csv,0.3+0.7 10 tau.csv,2.1098375849496547,124.12110463363678,119.57752553763642,4.543579096000357
0.3C dc.csv,0.3+0.7 10 tau.csv,2.1114680622177766,124.21702505397305,119.60632214962767,4.6107029043453736
0.3C dc.csv,0.3+0.7 10 tau.csv,2.1130985394858985,124.31294612136459,119.6351376768315,4.677808444533085
0.3C dc.csv,0.3+0.7 10 tau.csv,2.1147290167540205,124.40886726700036,119.66398024940041,4.74488701759995
0.3C dc.csv,0.3+0.7 10 tau.csv,2.116359494022142,124.50478775856973,119.69285043248769,4.811937326082045
0.3C dc.csv,0.3+0.7 10 tau.csv,2.117989971290264,124.60070793929907,119.72175435588947,4.878953583409597
0.3C dc.csv,0.3+0.7 10 tau.csv,2.119620448558386,124.69662861950465,119.75069410001836,4.945934519486286
0.3C dc.csv,0.3+0.7 10 tau.csv,2.1212509258265078,124.79254908630399,119.77967462989476,5.012874456409236
0.3C dc.csv,0.3+0.7 10 tau.csv,2.1228814030946297,124.88847005360718,119.80870186360217,5.079768190005012
0.3C dc.csv,0.3+0.7 10 tau.csv,2.124511880362751,124.98439046831763,119.83778339625904,5.146607072058586
0.3C dc.csv,0.3+0.7 10 tau.csv,2.126142357630873,125.08031067606285,119.86692175138211,5.213388924680743
0.3C dc.csv,0.3+0.7 10 tau.csv,2.127772834898995,125.17623090039494,119.89612167458026,5.280109225814684
0.3C dc.csv,0.3+0.7 10 tau.csv,2.129403312167117,125.27215143708084,119.92539140029271,5.346760036788126
0.3C dc.csv,0.3+0.7 10 tau.csv,2.1310337894352385,125.36807205142664,119.9547463564096,5.413325695017036
0.3C dc.csv,0.3+0.7 10 tau.csv,2.1326642667033604,125.46399273684051,119.98417932614373,5.479813410696778
0.3C dc.csv,0.3+0.7 10 tau.csv,2.1342947439714823,125.55991363619528,120.01369621315995,5.54621742303533
0.3C dc.csv,0.3+0.7 10 tau.csv,2.1359252212396043,125.65583421885219,120.04330277008663,5.612531448765566
0.3C dc.csv,0.3+0.7 10 tau.csv,2.137555698507726,125.75175527132643,120.07301230204962,5.678742969276811
0.3C dc.csv,0.3+0.7 10 tau.csv,2.1391861757758477,125.84767657958498,120.10282437666206,5.744852202922928
0.3C dc.csv,0.3+0.7 10 tau.csv,2.1408166530439696,125.9435972416142,120.13274527981629,5.810851961797908
0.3C dc.csv,0.3+0.7 10 tau.csv,2.1424471303120916,126.03951799192087,120.1627810894309,5.876736902489981
0.3C dc.csv,0.3+0.7 10 tau.csv,2.1440776075802135,126.13543881627469,120.19294018463553,5.942498631639154
0.3C dc.csv,0.3+0.7 10 tau.csv,2.145708084848335,126.23135929047056,120.2232423837813,6.008116906689267
0.3C dc.csv,0.3+0.7 10 tau.csv,2.147338562116457,126.3272797754624,120.25368585177837,6.0735939236840295
0.3C dc.csv,0.3+0.7 10 tau.csv,2.148969039384579,126.42320004112406,120.28427367795061,6.138926363173454
0.3C dc.csv,0.3+0.7 10 tau.csv,2.1505995166527008,126.5191206711205,120.31501397864987,6.204106692470631
0.3C dc.csv,0.3+0.7 10 tau.csv,2.1522299939208227,126.61504120293526,120.34591586874922,6.269125334186043
0.3C dc.csv,0.3+0.7 10 tau.csv,2.153860471188944,126.7109611452824,120.37698757518237,6.333973570100028
0.3C dc.csv,0.3+0.7 10 tau.csv,2.155490948457066,126.80688120602059,120.40824322420767,6.398637981812925
0.3C dc.csv,0.3+0.7 10 tau.csv,2.157121425725188,126.9028015078853,120.43968807001248,6.4631134378728206
0.3C dc.csv,0.3+0.7 10 tau.csv,2.15875190299331,126.99872164364001,120.47133058959244,6.52739105404757
0.3C dc.csv,0.3+0.7 10 tau.csv,2.160382380261432,127.09464205649722,120.50318365619414,6.5914584003030825
0.3C dc.csv,0.3+0.7 10 tau.csv,2.1620128575295534,127.19056246023179,120.53526304687449,6.655299413357298
0.3C dc.csv,0.3+0.7 10 tau.csv,2.1636433347976753,127.2864827739077,120.5675727120536,6.718910061854089
0.3C dc.csv,0.3+0.7 10 tau.csv,2.1652738120657973,127.38240352641347,120.60012504086279,6.782278485550677
0.3C dc.csv,0.3+0.7 10 tau.csv,2.166904289333919,127.47832414529513,120.63293306025791,6.845391085037221
0.3C dc.csv,0.3+0.7 10 tau.csv,2.1685347666020407,127.5742446330927,120.66600822633278,6.908236406759926
0.3C dc.csv,0.3+0.7 10 tau.csv,2.1701652438701626,127.67016508516032,120.69936479087376,6.970800294286562
0.3C dc.csv,0.3+0.7 10 tau.csv,2.1717957211382846,127.76608606672103,120.73301741188362,7.0330686548374075
0.3C dc.csv,0.3+0.7 10 tau.csv,2.1734261984064065,127.86200643211383,120.76698159280238,7.095024839311449
0.3C dc.csv,0.3+0.7 10 tau.csv,2.1750566756745284,127.95792709982668,120.80127343860546,7.156653661221213
0.3C dc.csv,0.3+0.7 10 tau.csv,2.17668715294265,128.05384795698194,120.8359093796279,7.217938577354033
0.3C dc.csv,0.3+0.7 10 tau.csv,2.178317630210772,128.14976890335058,120.8709107390355,7.278858164315082
0.3C dc.csv,0.3+0.7 10 tau.csv,2.179948107478894,128.24568962522093,120.90630596151523,7.3393836637057035
0.3C dc.csv,0.3+0.7 10 tau.csv,2.1815785847470157,128.3416103033044,120.9421043748203,7.399505928484103
0.3C dc.csv,0.3+0.7 10 tau.csv,2.183209062015137,128.43753115911753,120.97833569723882,7.459195461878707
0.3C dc.csv,0.3+0.7 10 tau.csv,2.184839539283259,128.53345212430327,121.01502428419755,7.518427840105716
0.3C dc.csv,0.3+0.7 10 tau.csv,2.186470016551381,128.62937336303295,121.05218927125567,7.5771840917772835
0.3C dc.csv,0.3+0.7 10 tau.csv,2.188100493819503,128.7252945748333,121.08985667716561,7.6354378976676855
0.3C dc.csv,0.3+0.7 10 tau.csv,2.189730971087625,128.82121557104026,121.12806235765223,7.69315321338803
0.3C dc.csv,0.3+0.7 10 tau.csv,2.1913614483557464,128.91713684867796,121.16685860926863,7.750278239409326
0.3C dc.csv,0.3+0.7 10 tau.csv,2.1929919256238684,129.01305832174242,121.20625800606612,7.806800315676298
0.3C dc.csv,0.3+0.7 10 tau.csv,2.1946224028919903,129.10897981113231,121.24631342234747,7.862666388784845
0.3C dc.csv,0.3+0.7 10 tau.csv,2.196252880160112,129.20490103522,121.2870737382946,7.917827296925395
0.3C dc.csv,0.3+0.7 10 tau.csv,2.1978833574282337,129.30082203910385,121.32856697911494,7.97225505998891
0.3C dc.csv,0.3+0.7 10 tau.csv,2.1995138346963556,129.39674265057602,121.37088071599271,8.025861934583304
0.3C dc.csv,0.3+0.7 10 tau.csv,2.2011443119644776,129.492663223847,121.41405716027955,8.078606063567435
0.3C dc.csv,0.3+0.7 10 tau.csv,2.2027747892325995,129.58858415355658,121.45816385525701,8.130420298299569
0.3C dc.csv,0.3+0.7 10 tau.csv,2.2044052665007214,129.68450457766545,121.50329775181017,8.181206825855284
0.3C dc.csv,0.3+0.7 10 tau.csv,2.206035743768843,129.7804256449129,121.54952159449549,8.230904050417408
0.3C dc.csv,0.3+0.7 10 tau.csv,2.207666221036965,129.87634646937053,121.59694090334915,8.279405566021381
0.3C dc.csv,0.3+0.7 10 tau.csv,2.209296698305087,129.9722674942788,121.64567743459102,8.326590059687788
0.3C dc.csv,0.3+0.7 10 tau.csv,2.2109271755732087,130.06818838477506,121.69587520985199,8.372313174923065
0.3C dc.csv,0.3+0.7 10 tau.csv,2.21255765284133,130.1641089725297,121.74769400024127,8.416414972288436
0.3C dc.csv,0.3+0.7 10 tau.csv,2.214188130109452,130.26002928959673,121.80131071176568,8.45871857783105
0.3C dc.csv,0.3+0.7 10 tau.csv,2.215818607377574,130.3559496866055,121.85692992888342,8.499019757722081
0.3C dc.csv,0.3+0.7 10 tau.csv,2.217449084645696,130.45187047937992,121.91485249355497,8.537017985824946
0.3C dc.csv,0.3+0.7 10 tau.csv,2.219079561913818,130.54779137878415,121.97537846553753,8.572412913246623
0.3C dc.csv,0.3+0.7 10 tau.csv,2.2207100391819394,130.64371195531513,122.03897456876815,8.604737386546972
0.3C dc.csv,0.3+0.7 10 tau.csv,2.2223405164500614,130.73963260504118,122.10614040310506,8.633492201936122
0.3C dc.csv,0.3+0.7 10 tau.csv,2.2239709937181833,130.83555298942017,122.1775944729229,8.65795851649726
0.3C dc.csv,0.3+0.7 10 tau.csv,2.2256014709863052,130.93147337793155,122.25438153186266,8.67709184606889
0.3C dc.csv,0.3+0.7 10 tau.csv,2.227231948254427,131.0273936438287,122.33785950965989,8.68953413416881
0.3C dc.csv,0.3+0.7 10 tau.csv,2.2288624255225487,131.12331435303838,122.43020633231171,8.693108020726669
0.3C dc.csv,0.3+0.7 10 tau.csv,2.2304929027906706,131.21923517399682,122.53510120884202,8.6841339651548
0.3C dc.csv,0.3+0.7 10 tau.csv,2.2321233800587925,131.31515615285667,122.65950486673889,8.655651286117788
0.3C dc.csv,0.3+0.7 10 tau.csv,2.2337538573269144,131.41107683811288,122.82147832190677,8.58959851620611
0.3C dc.csv,0.3+0.7 10 tau.csv,2.235384334595036,131.50699759961088,123.14340478194232,8.363592817668561
0.3C dc.csv,0.3+0.7 10 tau.csv,2.237014811863158,131.60291848785207,129.91871557059605,1.684202917256016
0.3C dc.csv,0.3+0.7 10 tau.csv,2.23864528913128,131.698839161231,129.95242707865657,1.7464120825744374
0.3C dc.csv,0.3+0.7 10 tau.csv,2.2402757663994017,131.79476036015623,129.98583711748194,1.8089232426742967
0.3C dc.csv,0.3+0.7 10 tau.csv,2.2419062436675237,131.890681340727,130.0189606597779,1.8717206809491245
0.3C dc.csv,0.3+0.7 10 tau.csv,2.243536720935645,131.98660197044723,130.0518122330512,1.9347897373960166
0.3C dc.csv,0.3+0.7 10 tau.csv,2.245167198203767,132.0825227893965,130.08440544280188,1.9981173465946256
0.3C dc.csv,0.3+0.7 10 tau.csv,2.246797675471889,132.17844355500634,130.11675151498667,2.0616920400196648
0.3C dc.csv,0.3+0.7 10 tau.csv,2.248428152740011,132.2743641718565,130.14886302467627,2.1255011471802163
0.3C dc.csv,0.3+0.7 10 tau.csv,2.2500586300081324,132.37028537035127,130.18076087943334,2.1895244909179326
0.3C dc.csv,0.3+0.7 10 tau.csv,2.2516891072762544,132.46620643475535,130.21244915547038,2.2537572792849687
0.3C dc.csv,0.3+0.7 10 tau.csv,2.2533195845443763,132.5621274933452,130.2439354637924,2.3181920295527902
0.3C dc.csv,0.3+0.7 10 tau.csv,2.2549500618124982,132.6580480020603,130.2752250085564,2.3828229935039076
0.3C dc.csv,0.3+0.7 10 tau.csv,2.25658053908062,132.75396856134464,130.3063299342609,2.447638627083734
0.3C dc.csv,0.3+0.7 10 tau.csv,2.2582110163487417,132.84988945091155,130.33726177016922,2.5126276807423267
0.3C dc.csv,0.3+0.7 10 tau.csv,2.2598414936168636,132.94580995783133,130.36802845639892,2.577781501432412
0.3C dc.csv,0.3+0.7 10 tau.csv,2.2614719708849855,133.04173019497398,130.39863837938162,2.6430918155923564
0.3C dc.csv,0.3+0.7 10 tau.csv,2.2631024481531075,133.1376507385765,130.42910014885453,2.708550589721966
0.3C dc.csv,0.3+0.7 10 tau.csv,2.264732925421229,133.23357154101467,130.4594242744281,2.774147266586567
0.3C dc.csv,0.3+0.7 10 tau.csv,2.266363402689351,133.32949222382268,130.4896155576234,2.839876666199274
0.3C dc.csv,0.3+0.7 10 tau.csv,2.267993879957473,133.4254124664377,130.5196805291305,2.905731937307195
0.3C dc.csv,0.3+0.7 10 tau.csv,2.2696243572255947,133.52133238605253,130.54962653603417,2.971705850018367
0.3C dc.csv,0.3+0.7 10 tau.csv,2.2712548344937167,133.61725204516472,130.5794605427108,3.0377915024539277
0.3C dc.csv,0.3+0.7 10 tau.csv,2.272885311761838,133.71317169745186,130.60918745622445,3.1039842412274083
0.3C dc.csv,0.3+0.7 10 tau.csv,2.27451578902996,133.80909178943497,130.63880989864975,3.170281890785219
0.3C dc.csv,0.3+0.7 10 tau.csv,2.276146266298082,133.90501234321252,130.66833936334123,3.2366729798712868
0.3C dc.csv,0.3+0.7 10 tau.csv,2.277776743566204,134.000933120276,130.69778179599953,3.303151324276456
0.3C dc.csv,0.3+0.7 10 tau.csv,2.279407220834326,134.09685417942126,130.7271429082303,3.3697112711909654
0.3C dc.csv,0.3+0.7 10 tau.csv,2.2810376981024474,134.19277496732255,130.75642459728488,3.4363503700376725
0.3C dc.csv,0.3+0.7 10 tau.csv,2.2826681753705693,134.28869571493584,130.785641951184,3.5030537637518364
0.3C dc.csv,0.3+0.7 10 tau.csv,2.2842986526386913,134.38461646220628,130.8147962358866,3.5698202263196777
0.3C dc.csv,0.3+0.7 10 tau.csv,2.285929129906813,134.48053698035216,130.84389181541275,3.6366451649394094
0.3C dc.csv,0.3+0.7 10 tau.csv,2.2875596071749347,134.57645715947578,130.8729291914761,3.7035279679996904
0.3C dc.csv,0.3+0.7 10 tau.csv,2.2891900844430566,134.67237731234513,130.90191745154218,3.7704598608029585
0.3C dc.csv,0.3+0.7 10 tau.csv,2.2908205617111785,134.7682978753945,130.93086201697665,3.837435858417848
0.3C dc.csv,0.3+0.7 10 tau.csv,2.2924510389793005,134.86421892621684,130.95976760333917,3.9044513228776623
0.3C dc.csv,0.3+0.7 10 tau.csv,2.2940815162474224,134.96013928876582,130.98863715645493,3.9715021323108886
0.3C dc.csv,0.3+0.7 10 tau.csv,2.295711993515544,135.05606010550864,131.01747955152163,4.038580553987003
0.3C dc.csv,0.3+0.7 10 tau.csv,2.297342470783666,135.1519810472764,131.04630366859217,4.10567737868422
0.3C dc.csv,0.3+0.7 10 tau.csv,2.2989729480517878,135.24790185539047,131.07510926721568,4.1727925881747865
0.3C dc.csv,0.3+0.7 10 tau.csv,2.3006034253199097,135.34382279695174,131.1038996790038,4.239923117947939
0.3C dc.csv,0.3+0.7 10 tau.csv,2.302233902588031,135.4397441020194,131.1326799431964,4.30706415882301
0.3C dc.csv,0.3+0.7 10 tau.csv,2.303864379856153,135.53566477810486,131.1614549218765,4.374209856228362
0.3C dc.csv,0.3+0.7 10 tau.csv,2.305494857124275,135.63158559870098,131.19022926885273,4.441356329848247
0.3C dc.csv,0.3+0.7 10 tau.csv,2.307125334392397,135.72750702879114,131.21900885562488,4.5084981731662594
0.3C dc.csv,0.3+0.7 10 tau.csv,2.308755811660519,135.82342835864998,131.2477980568073,4.575630301842665
0.3C dc.csv,0.3+0.7 10 tau.csv,2.3103862889286404,135.91934934006792,131.2766008463002,4.642748493767726
0.3C dc.csv,0.3+0.7 10 tau.csv,2.3120167661967623,136.0152699396667,131.30542413940546,4.709845800261235
0.3C dc.csv,0.3+0.7 10 tau.csv,2.3136472434648843,136.11119100931776,131.33427991957774,4.776911089740025
0.3C dc.csv,0.3+0.7 10 tau.csv,2.315277720733006,136.20711214127158,131.3631647295783,4.843947411693279
0.3C dc.csv,0.3+0.7 10 tau.csv,2.3169081980011277,136.30303360048987,131.39208302346992,4.910950577019946
0.3C dc.csv,0.3+0.7 10 tau.csv,2.3185386752692496,136.39895484755718,131.42104204678543,4.9779128007717475
0.3C dc.csv,0.3+0.7 10 tau.csv,2.3201691525373715,136.4948754407467,131.45004442134965,5.044831019397066
0.3C dc.csv,0.3+0.7 10 tau.csv,2.3217996298054935,136.59079608603204,131.47909487132296,5.111701214709086
0.3C dc.csv,0.3+0.7 10 tau.csv,2.3234301070736154,136.68671676807602,131.50820085048912,5.178515917586907
0.3C dc.csv,0.3+0.7 10 tau.csv,2.325060584341737,136.78263735204354,131.53736775121826,5.2452696008252815
0.3C dc.csv,0.3+0.7 10 tau.csv,2.326691061609859,136.87855817805507,131.56660025622898,5.311957921826092
0.3C dc.csv,0.3+0.7 10 tau.csv,2.3283215388779808,136.9744793982316,131.5959104169353,5.378568981296297
0.3C dc.csv,0.3+0.7 10 tau.csv,2.3299520161461027,137.07040094102322,131.6252984045872,5.445102536436025
0.3C dc.csv,0.3+0.7 10 tau.csv,2.331582493414224,137.1663222500727,131.6547712542082,5.511550995864496
0.3C dc.csv,0.3+0.7 10 tau.csv,2.333212970682346,137.26224323244026,131.68433125536407,5.577911977076184
0.3C dc.csv,0.3+0.7 10 tau.csv,2.334843447950468,137.35816436921147,131.71398412446365,5.644180244747815
0.3C dc.csv,0.3+0.7 10 tau.csv,2.33647392521859,137.45408536973616,131.74373605574294,5.71034931399322
0.3C dc.csv,0.3+0.7 10 tau.csv,2.338104402486712,137.55000601949087,131.77359918645715,5.776406833033718
0.3C dc.csv,0.3+0.7 10 tau.csv,2.3397348797548334,137.645926255313,131.8035750717501,5.842351183562897
0.3C dc.csv,0.3+0.7 10 tau.csv,2.3413653570229553,137.74184710522576,131.83366989555594,5.908177209669816
0.3C dc.csv,0.3+0.7 10 tau.csv,2.3429958342910773,137.8377676021371,131.8638913927222,5.973876209414897
0.3C dc.csv,0.3+0.7 10 tau.csv,2.344626311559199,137.93368793850553,131.89425188355818,6.039436054947345
0.3C dc.csv,0.3+0.7 10 tau.csv,2.346256788827321,138.0296084765987,131.92476071228043,6.104847764318265
0.3C dc.csv,0.3+0.7 10 tau.csv,2.3478872660954426,138.1255298118915,131.95542073989287,6.170109071998638
0.3C dc.csv,0.3+0.7 10 tau.csv,2.3495177433635646,138.22145127416886,131.98623826250528,6.235213011663575
0.3C dc.csv,0.3+0.7 10 tau.csv,2.3511482206316865,138.31737207624732,132.01722115007743,6.300150926169891
0.3C dc.csv,0.3+0.7 10 tau.csv,2.3527786978998084,138.41329287729667,132.04837737764078,6.364915499655893
0.3C dc.csv,0.3+0.7 10 tau.csv,2.35440917516793,138.5092139911365,132.07971656711482,6.42949742402169
0.3C dc.csv,0.3+0.7 10 tau.csv,2.356039652436052,138.6051349663228,132.11124865928772,6.493886307035069
0.3C dc.csv,0.3+0.7 10 tau.csv,2.357670129704174,138.70105593748568,132.1429849805877,6.5580709568979785
0.3C dc.csv,0.3+0.7 10 tau.csv,2.3593006069722957,138.79697672344108,132.1749433634676,6.6220333599734715
0.3C dc.csv,0.3+0.7 10 tau.csv,2.3609310842404176,138.89289790807484,132.20713136311966,6.685766544955186
0.3C dc.csv,0.3+0.7 10 tau.csv,2.362561561508539,138.98881896763206,132.2395557012798,6.749263266352244
0.3C dc.csv,0.3+0.7 10 tau.csv,2.364192038776661,139.08474035370395,132.2722272295338,6.812513124170152
0.3C dc.csv,0.3+0.7 10 tau.csv,2.365822516044783,139.18066191273405,132.3051587202785,6.87550319245554
0.3C dc.csv,0.3+0.7 10 tau.csv,2.367452993312905,139.27658324691046,132.33836335900122,6.938219887909241
0.3C dc.csv,0.3+0.7 10 tau.csv,2.3690834705810264,139.37250425277475,132.3718558245912,7.000648428183553
0.3C dc.csv,0.3+0.7 10 tau.csv,2.3707139478491484,139.46842507395812,132.40565083165438,7.062774242303732
0.3C dc.csv,0.3+0.7 10 tau.csv,2.3723444251172703,139.56434598588413,132.4397637986752,7.124582187208944
0.3C dc.csv,0.3+0.7 10 tau.csv,2.373974902385392,139.6602669267189,132.4742103573565,7.186056569362393
0.3C dc.csv,0.3+0.7 10 tau.csv,2.375605379653514,139.7561882697501,132.50900901723043,7.247179252519686
0.3C dc.csv,0.3+0.7 10 tau.csv,2.3772358569216356,139.85210977786218,132.5441925553645,7.307917222497679
0.3C dc.csv,0.3+0.7 10 tau.csv,2.3788663341897576,139.94803092782468,132.57978032784325,7.3682505999814225
0.3C dc.csv,0.3+0.7 10 tau.csv,2.3804968114578795,140.0439521892143,132.61578195149622,7.428170237718092
0.3C dc.csv,0.3+0.7 10 tau.csv,2.3821272887260014,140.13987286502288,132.6522207416428,7.487652123380087
0.3C dc.csv,0.3+0.7 10 tau.csv,2.383757765994123,140.2357933837292,132.68912151382156,7.546671869907641
0.3C dc.csv,0.3+0.7 10 tau.csv,2.385388243262245,140.33171443803892,132.72650893399867,7.605205504040242
0.3C dc.csv,0.3+0.7 10 tau.csv,2.387018720530367,140.42763509347324,132.76443694402056,7.663198149452683
0.3C dc.csv,0.3+0.7 10 tau.csv,2.3886491977984887,140.52355629863467,132.80291414477063,7.720642153864048
0.3C dc.csv,0.3+0.7 10 tau.csv,2.3902796750666107,140.61947733842933,132.8419755520856,7.777501786343748
0.3C dc.csv,0.3+0.7 10 tau.csv,2.391910152334732,140.71539845622138,132.88168622972296,7.83371222649842
0.3C dc.csv,0.3+0.7 10 tau.csv,2.393540629602854,140.81131968721212,132.92206211591903,7.889257571293086
0.3C dc.csv,0.3+0.7 10 tau.csv,2.395171106870976,140.90724109179766,132.9631563312427,7.944084760554972
0.3C dc.csv,0.3+0.7 10 tau.csv,2.396801584139098,141.00316276620921,133.0050282821592,7.998134484050013
0.3C dc.csv,0.3+0.7 10 tau.csv,2.39843206140722,141.09908419766327,133.0477320620377,8.051352135625564
0.3C dc.csv,0.3+0.7 10 tau.csv,2.4000625386753414,141.19500516202794,133.0913302160357,8.103674945992253
0.3C dc.csv,0.3+0.7 10 tau.csv,2.4016930159434633,141.29092598860217,133.13591383615062,8.155012152451548
0.3C dc.csv,0.3+0.7 10 tau.csv,2.4033234932115852,141.3868465047276,133.18153657741837,8.20530992730923
0.3C dc.csv,0.3+0.7 10 tau.csv,2.404953970479707,141.48276690593877,133.22829733501428,8.254469570924499
0.3C dc.csv,0.3+0.7 10 tau.csv,2.4065844477478286,141.5786870475991,133.27631446316872,8.302372584430373
0.3C dc.csv,0.3+0.7 10 tau.csv,2.4082149250159506,141.67460738386657,133.32571750888394,8.348889874982632
0.3C dc.csv,0.3+0.7 10 tau.csv,2.4098454022840725,141.7705279416327,133.37664399871485,8.393883942917853
0.3C dc.csv,0.3+0.7 10 tau.csv,2.4114758795521944,141.8664483057843,133.42928277363686,8.437165532147446
0.3C dc.csv,0.3+0.7 10 tau.csv,2.4131063568203164,141.9623694630197,133.48381474248308,8.478554720536636
0.3C dc.csv,0.3+0.7 10 tau.csv,2.414736834088438,142.05829015359916,133.5404624056655,8.517827747933666
0.3C dc.csv,0.3+0.7 10 tau.csv,2.41636731135656,142.15421100937345,133.59956586253224,8.55464514684121
0.3C dc.csv,0.3+0.7 10 tau.csv,2.4179977886246817,142.25013189342,133.661448657918,8.588683235502003
0.3C dc.csv,0.3+0.7 10 tau.csv,2.4196282658928037,142.34605290192104,133.72661721971681,8.619435682204227
0.3C dc.csv,0.3+0.7 10 tau.csv,2.421258743160925,142.4419741512871,133.79570262340587,8.646271527881225
0.3C dc.csv,0.3+0.7 10 tau.csv,2.422889220429047,142.53789541842008,133.86950842413094,8.668386994289136
0.3C dc.csv,0.3+0.7 10 tau.csv,2.424519697697169,142.63381685466842,133.9491907565015,8.684626098166916
0.3C dc.csv,0.3+0.7 10 tau.csv,2.426150174965291,142.7297384445206,134.03647391352663,8.693264530993957
0.3C dc.csv,0.3+0.7 10 tau.csv,2.427780652233413,142.82565967060467,134.13407790024874,8.691581770355924
0.3C dc.csv,0.3+0.7 10 tau.csv,2.4294111295015344,142.92158101936525,134.24683475876498,8.674746260600273
0.3C dc.csv,0.3+0.7 10 tau.csv,2.4310416067696563,143.01750161081253,134.38518696097307,8.632314649839458
0.3C dc.csv,0.3+0.7 10 tau.csv,2.4326720840377782,143.11342226581147,134.58262905854568,8.530793207265788
0.3C dc.csv,0.3+0.7 10 tau.csv,2.4343025613059,143.20934330568625,141.55566379906475,1.6536795066215006
0.3C dc.csv,0.3+0.7 10 tau.csv,2.4359330385740217,143.3052642814705,141.58954389820997,1.715720383260532
0.3C dc.csv,0.3+0.7 10 tau.csv,2.4375635158421436,143.40118454458627,141.62311359014703,1.7780709544392437
0.3C dc.csv,0.3+0.7 10 tau.csv,2.4391939931102655,143.49710512966575,141.65638883674922,1.8407162929165395
0.3C dc.csv,0.3+0.7 10 tau.csv,2.4408244703783875,143.5930259493782,141.68938430405487,1.9036416453233187
0.3C dc.csv,0.3+0.7 10 tau.csv,2.4424549476465094,143.68894704625012,141.72211363698628,1.9668334092638418
0.3C dc.csv,0.3+0.7 10 tau.csv,2.444085424914631,143.7848678706947,141.75458822320718,2.030279647487532
0.3C dc.csv,0.3+0.7 10 tau.csv,2.445715902182753,143.8807884206416,141.78682194388713,2.093966476754474
0.3C dc.csv,0.3+0.7 10 tau.csv,2.4473463794508747,143.9767090646749,141.8188283497016,2.1578807149733166
0.3C dc.csv,0.3+0.7 10 tau.csv,2.4489768567189967,144.07262977228405,141.85062511211308,2.222004660170967
0.3C dc.csv,0.3+0.7 10 tau.csv,2.450607333987118,144.16855043250146,141.8822157013168,2.2863347311846667
0.3C dc.csv,0.3+0.7 10 tau.csv,2.45223781125524,144.2644714340607,141.91360920489265,2.350862229168058
0.3C dc.csv,0.3+0.7 10 tau.csv,2.453868288523362,144.36039222033608,141.94481550233155,2.41557671800453
0.3C dc.csv,0.3+0.7 10 tau.csv,2.455498765791484,144.45631354385662,141.97584405011278,2.48046949374384
0.3C dc.csv,0.3+0.7 10 tau.csv,2.457129243059606,144.55223474887273,142.00669832578578,2.5455364230869577
0.3C dc.csv,0.3+0.7 10 tau.csv,2.4587597203277274,144.6481558039148,142.0373892533046,2.6107665506101796
0.3C dc.csv,0.3+0.7 10 tau.csv,2.4603901975958493,144.7440771067538,142.06792776584456,2.676149340909234
0.3C dc.csv,0.3+0.7 10 tau.csv,2.4620206748639712,144.83999841175543,142.0983226305353,2.741675781220124
0.3C dc.csv,0.3+0.7 10 tau.csv,2.463651152132093,144.9359197124051,142.12858655752854,2.8073331548765736
0.3C dc.csv,0.3+0.7 10 tau.csv,2.465281629400215,145.03184109364375,142.15872253070953,2.8731185629342235
0.3C dc.csv,0.3+0.7 10 tau.csv,2.4669121066683366,145.12776227672697,142.18873030921029,2.9390319675166836
0.3C dc.csv,0.3+0.7 10 tau.csv,2.4685425839364585,145.2236829096479,142.21862237769184,3.0050605319560475
0.3C dc.csv,0.3+0.7 10 tau.csv,2.4701730612045805,145.31960398368537,142.24840500002318,3.0711989836621854
0.3C dc.csv,0.3+0.7 10 tau.csv,2.4718035384727024,145.41552496483726,142.27808483394327,3.1374401308939923
0.3C dc.csv,0.3+0.7 10 tau.csv,2.473434015740824,145.51144582340805,142.30766708061915,3.2037787427888986
0.3C dc.csv,0.3+0.7 10 tau.csv,2.475064493008946,145.60736646591351,142.33715397096864,3.2702124949448717
0.3C dc.csv,0.3+0.7 10 tau.csv,2.4766949702770678,145.70328715022987,142.3665568233878,3.3367303268420585
0.3C dc.csv,0.3+0.7 10 tau.csv,2.4783254475451897,145.799208210549,142.39588162700585,3.403326583543162
0.3C dc.csv,0.3+0.7 10 tau.csv,2.4799559248133116,145.8951296132276,142.4251399541944,3.469989659033189
0.3C dc.csv,0.3+0.7 10 tau.csv,2.481586402081433,145.99105077332112,142.454327473114,3.5367233002071146
0.3C dc.csv,0.3+0.7 10 tau.csv,2.483216879349555,146.08697247382142,142.4834528645196,3.603519609301827
0.3C dc.csv,0.3+0.7 10 tau.csv,2.484847356617677,146.18289423420154,142.51252132221228,3.6703729119892614
0.3C dc.csv,0.3+0.7 10 tau.csv,2.486477833885799,146.27881598924264,142.54153754488385,3.737278444358793
0.3C dc.csv,0.3+0.7 10 tau.csv,2.4881083111539204,146.3747375594863,142.57050377715493,3.80423378233138
0.3C dc.csv,0.3+0.7 10 tau.csv,2.4897387884220423,146.4706594089474,142.5994287285692,3.871230680378204
0.3C dc.csv,0.3+0.7 10 tau.csv,2.4913692656901643,146.5665808592716,142.62831754079156,3.9382633184800397
0.3C dc.csv,0.3+0.7 10 tau.csv,2.492999742958286,146.66250164764224,142.65733431250976,4.005167335132484
0.3C dc.csv,0.3+0.7 10 tau.csv,2.494630220226408,146.7584225091345,142.6864408563607,4.071981652773815
0.3C dc.csv,0.3+0.7 10 tau.csv,2.4962606974945296,146.8543427417641,142.71554595394053,4.138796787823566
0.3C dc.csv,0.3+0.7 10 tau.csv,2.4978911747626515,146.9502625546048,142.74442722533044,4.20583532927435
0.3C dc.csv,0.3+0.7 10 tau.csv,2.4995216520307735,147.0461829946107,142.77320084894976,4.272982145660933
0.3C dc.csv,0.3+0.7 10 tau.csv,2.5011521292988954,147.14210343676697,142.8019744425962,4.340128994170783
0.3C dc.csv,0.3+0.7 10 tau.csv,2.502782606567017,147.23802396740493,142.8311935562055,4.406830411199422
0.3C dc.csv,0.3+0.7 10 tau.csv,2.504413083835139,147.33394397925392,142.86107848407383,4.472865495180088
0.3C dc.csv,0.3+0.7 10 tau.csv,2.5060435611032608,147.42986380653082,142.8912977626538,4.538566043877012
0.3C dc.csv,0.3+0.7 10 tau.csv,2.5076740383713827,147.52578387959815,142.92183507781291,4.603948801785236
0.3C dc.csv,0.3+0.7 10 tau.csv,2.5093045156395046,147.62170439548274,142.95265279519103,4.669051600291709
0.3C dc.csv,0.3+0.7 10 tau.csv,2.510934992907626,147.71762510622082,142.98373546130028,4.733889644920538
0.3C dc.csv,0.3+0.7 10 tau.csv,2.512565470175748,147.81354614674723,143.01507155086065,4.798474595886574
0.3C dc.csv,0.3+0.7 10 tau.csv,2.51419594744387,147.9094671318155,143.04665677235727,4.862810359458223
0.3C dc.csv,0.3+0.7 10 tau.csv,2.515826424711992,148.005388542278,143.07847795824014,4.92691058403787
0.3C dc.csv,0.3+0.7 10 tau.csv,2.5174569019801134,148.10131062641065,143.11053172300385,4.990778903406806
0.3C dc.csv,0.3+0.7 10 tau.csv,2.5190873792482353,148.19723199203077,143.14280973940922,5.054422252621549
0.3C dc.csv,0.3+0.7 10 tau.csv,2.5207178565163573,148.29315317851834,143.17531152471057,5.117841653807773
0.3C dc.csv,0.3+0.7 10 tau.csv,2.522348333784479,148.38907415881008,143.20802945860632,5.181044700203756
0.3C dc.csv,0.3+0.7 10 tau.csv,2.523978811052601,148.4849947672443,143.2409586334058,5.244036133838506
0.3C dc.csv,0.3+0.7 10 tau.csv,2.5256092883207226,148.58091551346106,143.27408545457325,5.306830058887812
0.3C dc.csv,0.3+0.7 10 tau.csv,2.5272397655888446,148.67683655956398,143.30741034152575,5.369426218038228
0.3C dc.csv,0.3+0.7 10 tau.csv,2.5288702428569665,148.7727569967397,143.34092898024028,5.4318280164994235
0.3C dc.csv,0.3+0.7 10 tau.csv,2.5305007201250884,148.8686778891743,143.3746404276273,5.494037461547009
0.3C dc.csv,0.3+0.7 10 tau.csv,2.5321311973932104,148.96459898543725,143.40853596192176,5.556063023515492
0.3C dc.csv,0.3+0.7 10 tau.csv,2.533761674661332,149.06052007038053,143.4426199644882,5.617900105892346
0.3C dc.csv,0.3+0.7 10 tau.csv,2.5353921519294538,149.15644071413067,143.47687540677092,5.679565307359752
0.3C dc.csv,0.3+0.7 10 tau.csv,2.5370226291975757,149.25236127191948,143.51130545665936,5.741055815260125
0.3C dc.csv,0.3+0.7 10 tau.csv,2.5386531064656976,149.34828134401488,143.54590604439915,5.802375299615733
0.3C dc.csv,0.3+0.7 10 tau.csv,2.540283583733819,149.44420172481145,143.58067929793964,5.8635224268718105
0.3C dc.csv,0.3+0.7 10 tau.csv,2.541914061001941,149.5401221674023,143.61562448112798,5.9244976862743215
0.3C dc.csv,0.3+0.7 10 tau.csv,2.543544538270063,149.63604285333048,143.65073801639602,5.985304836934461
0.3C dc.csv,0.3+0.7 10 tau.csv,2.545175015538185,149.73196333051797,143.686014044647,6.045949285870961
0.3C dc.csv,0.3+0.7 10 tau.csv,2.546805492806307,149.82788379118696,143.72144606444945,6.106437726737511
0.3C dc.csv,0.3+0.7 10 tau.csv,2.5484359700744283,149.92380395842918,143.75703238168535,6.166771576743827
0.3C dc.csv,0.3+0.7 10 tau.csv,2.5500664473425503,150.0197241712192,143.7927787041199,6.226945467099284
0.3C dc.csv,0.3+0.7 10 tau.csv,2.551696924610672,150.1156444781375,143.82867620546406,6.286968272673448
0.3C dc.csv,0.3+0.7 10 tau.csv,2.553327401878794,150.21156503241474,143.86473218533752,6.3468328470772235
0.3C dc.csv,0.3+0.7 10 tau.csv,2.5549578791469156,150.30748573143188,143.90093208461025,6.406553646821635
0.3C dc.csv,0.3+0.7 10 tau.csv,2.5565883564150376,150.40340644953275,143.9372839002402,6.46612254929255
0.3C dc.csv,0.3+0.7 10 tau.csv,2.5582188336831595,150.49932733903248,143.97377998406142,6.525547354971053
0.3C dc.csv,0.3+0.7 10 tau.csv,2.5598493109512814,150.5952478680297,144.01043281800952,6.5848150500201825
0.3C dc.csv,0.3+0.7 10 tau.csv,2.5614797882194034,150.6911686066667,144.04722641995073,6.643942186715975
0.3C dc.csv,0.3+0.7 10 tau.csv,2.563110265487525,150.78708975877737,144.08416000148645,6.702929757290917
0.3C dc.csv,0.3+0.7 10 tau.csv,2.564740742755647,150.88301087292157,144.12123542270874,6.761775450212838
0.3C dc.csv,0.3+0.7 10 tau.csv,2.5663712200237687,150.97893197728663,144.15845076318922,6.820481214097413
0.3C dc.csv,0.3+0.7 10 tau.csv,2.5680016972918907,151.07485329602284,144.19581470941574,6.879038586607095
0.3C dc.csv,0.3+0.7 10 tau.csv,2.569632174560012,151.17077432063846,144.23332028067648,6.9374540399619775
0.3C dc.csv,0.3+0.7 10 tau.csv,2.571262651828134,151.26669525527117,144.27096025234707,6.995735002924107
0.3C dc.csv,0.3+0.7 10 tau.csv,2.572893129096256,151.3626160785454,144.30874295046675,7.053873128078635
0.3C dc.csv,0.3+0.7 10 tau.csv,2.574523606364378,151.45853658071618,144.34667309624493,7.111863484471257
0.3C dc.csv,0.3+0.7 10 tau.csv,2.5761540836325,151.55445762111827,144.38473880908643,7.169718812031846
0.3C dc.csv,0.3+0.7 10 tau.csv,2.5777845609006214,151.6503783538812,144.42293411440275,7.227444239478444
0.3C dc.csv,0.3+0.7 10 tau.csv,2.5794150381687433,151.74629926089085,144.46126950102453,7.285029759866319
0.3C dc.csv,0.3+0.7 10 tau.csv,2.5810455154368652,151.84222044898252,144.49974830635455,7.342472142627969
0.3C dc.csv,0.3+0.7 10 tau.csv,2.582675992704987,151.93814161686106,144.5383629145845,7.3997787022765635
0.3C dc.csv,0.3+0.7 10 tau.csv,2.584306469973109,152.03406309586137,144.57711138879935,7.456951707062018
0.3C dc.csv,0.3+0.7 10 tau.csv,2.5859369472412306,152.1299842959787,144.61600239269782,7.513981903280865
0.3C dc.csv,0.3+0.7 10 tau.csv,2.5875674245093525,152.2259049528819,144.65503239367973,7.570872559202172
0.3C dc.csv,0.3+0.7 10 tau.csv,2.5891979017774744,152.32182542042585,144.69419748262206,7.627627937803794
0.3C dc.csv,0.3+0.7 10 tau.csv,2.5908283790455964,152.41774558510608,144.73350525113435,7.684240333971729
0.3C dc.csv,0.3+0.7 10 tau.csv,2.592458856313718,152.51366587262038,144.772947497862,7.740718374758387
0.3C dc.csv,0.3+0.7 10 tau.csv,2.59408933358184,152.6095860794414,144.81252973386682,7.797056345574589
0.3C dc.csv,0.3+0.7 10 tau.csv,2.5957198108499617,152.70550669433487,144.8522545504845,7.853252143850369
0.3C dc.csv,0.3+0.7 10 tau.csv,2.5973502881180837,152.80142731505455,144.89211382717303,7.909313487881519
0.3C dc.csv,0.3+0.7 10 tau.csv,2.5989807653862056,152.8973476684686,144.9321210300922,7.965226638376407
0.3C dc.csv,0.3+0.7 10 tau.csv,2.600611242654327,152.99326808657668,144.97226628193178,8.021001804644897
0.3C dc.csv,0.3+0.7 10 tau.csv,2.602241719922449,153.08918852498346,145.012552647174,8.076635877809451
0.3C dc.csv,0.3+0.7 10 tau.csv,2.603872197190571,153.185108857651,145.05297240607632,8.132136451574667
0.3C dc.csv,0.3+0.7 10 tau.csv,2.605502674458693,153.28102913474913,145.0935444409334,8.187484693815719
0.3C dc.csv,0.3+0.7 10 tau.csv,2.6071331517268144,153.3769496533229,145.1342566014716,8.24269305185129
0.3C dc.csv,0.3+0.7 10 tau.csv,2.6087636289949363,153.47287029980427,145.17510768590114,8.297762613903132
0.3C dc.csv,0.3+0.7 10 tau.csv,2.6103941062630582,153.56879115537276,145.2161065634261,8.352684591946655
0.3C dc.csv,0.3+0.7 10 tau.csv,2.61202458353118,153.6647115825492,145.25724074336543,8.407470839183759
0.3C dc.csv,0.3+0.7 10 tau.csv,2.613655060799302,153.76063178125816,145.29852752463165,8.462104256626503
0.3C dc.csv,0.3+0.7 10 tau.csv,2.6152855380674236,153.85655181823736,145.3399612730591,8.516590545178275
0.3C dc.csv,0.3+0.7 10 tau.csv,2.6169160153355455,153.9524725609243,145.38153727356024,8.570935287364051
0.3C dc.csv,0.3+0.7 10 tau.csv,2.6185464926036675,154.04839365508641,145.42326168126596,8.625131973820459
0.3C dc.csv,0.3+0.7 10 tau.csv,2.6201769698717894,154.14431494861935,145.4651375434348,8.67917740518456
0.3C dc.csv,0.3+0.7 10 tau.csv,2.621807447139911,154.24023546277638,145.5071573034887,8.733078159287686
0.3C dc.csv,0.3+0.7 10 tau.csv,2.623437924408033,154.33615600079372,145.5493369065876,8.786819094206123
0.3C dc.csv,0.3+0.7 10 tau.csv,2.6250684016761547,154.43207696245392,145.59166120804696,8.840415754406962
0.3C dc.csv,0.3+0.7 10 tau.csv,2.6266988789442767,154.52799803916443,145.6341373673522,8.893860671812234
0.3C dc.csv,0.3+0.7 10 tau.csv,2.6283293562123986,154.62391878502524,145.67676198724396,8.947156797781275
0.3C dc.csv,0.3+0.7 10 tau.csv,2.62995983348052,154.71983952345136,145.71954268692605,9.000296836525308
0.3C dc.csv,0.3+0.7 10 tau.csv,2.631590310748642,154.8157604107302,145.76248141193508,9.053278998795122
0.3C dc.csv,0.3+0.7 10 tau.csv,2.633220788016764,154.91168142991012,145.80556927210748,9.106112157802642
0.3C dc.csv,0.3+0.7 10 tau.csv,2.634851265284886,155.00760254818624,145.8488157309298,9.158786817256441
0.3C dc.csv,0.3+0.7 10 tau.csv,2.6364817425530074,155.1035231731017,145.8922188188162,9.211304354285517
0.3C dc.csv,0.3+0.7 10 tau.csv,2.6381122198211293,155.19944337336054,145.93578373480372,9.263659638556817
0.3C dc.csv,0.3+0.7 10 tau.csv,2.6397426970892512,155.29536374464183,145.9794995915664,9.315864153075438
0.3C dc.csv,0.3+0.7 10 tau.csv,2.641373174357373,155.3912844553618,146.0233729730037,9.367911482358124
0.3C dc.csv,0.3+0.7 10 tau.csv,2.643003651625495,155.4872057620551,146.06741400986667,9.419791752188445
0.3C dc.csv,0.3+0.7 10 tau.csv,2.6446341288936166,155.58312699223455,146.11161185728676,9.471515134947794
0.3C dc.csv,0.3+0.7 10 tau.csv,2.6462646061617385,155.6790482774451,146.15597940098053,9.523068876464578
0.3C dc.csv,0.3+0.7 10 tau.csv,2.6478950834298605,155.77496894197873,146.20050924692785,9.574459695050876
0.3C dc.csv,0.3+0.7 10 tau.csv,2.6495255606979824,155.87088937090257,146.2451967459989,9.625692624903678
0.3C dc.csv,0.3+0.7 10 tau.csv,2.6511560379661043,155.9668100993299,146.2900528108901,9.676757288439802
0.3C dc.csv,0.3+0.7 10 tau.csv,2.652786515234226,156.06273103937443,146.33507919239256,9.727651846981871
0.3C dc.csv,0.3+0.7 10 tau.csv,2.6544169925023477,156.15865184677241,146.38026878151274,9.778383065259675
0.3C dc.csv,0.3+0.7 10 tau.csv,2.6560474697704697,156.2545724387769,146.42563344959348,9.828938989183428
0.3C dc.csv,0.3+0.7 10 tau.csv,2.6576779470385916,156.35049326537492,146.4711782013107,9.87931506406423
0.3C dc.csv,0.3+0.7 10 tau.csv,2.659308424306713,156.44641432423748,146.5168846912418,9.929529632995667
0.3C dc.csv,0.3+0.7 10 tau.csv,2.660938901574835,156.54233577903943,146.56276677193318,9.97956900710625
0.3C dc.csv,0.3+0.7 10 tau.csv,2.662569378842957,156.63825709565492,146.6088215649031,10.029435530751812
0.3C dc.csv,0.3+0.7 10 tau.csv,2.664199856111079,156.73417856550356,146.6550515216761,10.079127043827441
0.3C dc.csv,0.3+0.7 10 tau.csv,2.665830333379201,156.83010000364698,146.7014487208052,10.128651282841787
0.3C dc.csv,0.3+0.7 10 tau.csv,2.6674608106473223,156.92602142334752,146.74803163046965,10.177989792877867
0.3C dc.csv,0.3+0.7 10 tau.csv,2.6690912879154443,157.0219428201345,146.7947888719153,10.227153948219211
0.3C dc.csv,0.3+0.7 10 tau.csv,2.670721765183566,157.11786408146511,146.84172206334352,10.27614201812159
0.3C dc.csv,0.3+0.7 10 tau.csv,2.672352242451688,157.21378572736583,146.88883755111485,10.324948176250984
0.3C dc.csv,0.3+0.7 10 tau.csv,2.6739827197198096,157.30970746924157,146.9361301568115,10.373577312430086
0.3C dc.csv,0.3+0.7 10 tau.csv,2.6756131969879315,157.4056287948575,146.98359171282752,10.422037082029988
0.3C dc.csv,0.3+0.7 10 tau.csv,2.6772436742560535,157.5015498240289,147.0312389424649,10.47031088156399
0.3C dc.csv,0.3+0.7 10 tau.csv,2.6788741515241754,157.59747091159892,147.07907789958801,10.518393012010904
0.3C dc.csv,0.3+0.7 10 tau.csv,2.6805046287922973,157.6933917697554,147.12709672568866,10.566295044066749
0.3C dc.csv,0.3+0.7 10 tau.csv,2.682135106060419,157.78931264333724,147.17532270043375,10.613989942903487
0.3C dc.csv,0.3+0.7 10 tau.csv,2.6837655833285408,157.88523315666157,147.22372752620726,10.661505630454315
0.3C dc.csv,0.3+0.7 10 tau.csv,2.6853960605966627,157.9811533749789,147.27230892029485,10.708844454684055
0.3C dc.csv,0.3+0.7 10 tau.csv,2.6870265378647846,158.0770740376677,147.32108889802808,10.75598513963962
0.3C dc.csv,0.3+0.7 10 tau.csv,2.688657015132906,158.17299452144897,147.37007035297285,10.802924168476125
0.3C dc.csv,0.3+0.7 10 tau.csv,2.690287492401028,158.26891529586453,147.41924770379342,10.849667592071114
0.3C dc.csv,0.3+0.7 10 tau.csv,2.69191796966915,158.36483604194478,147.4686055974089,10.896230444535888
0.3C dc.csv,0.3+0.7 10 tau.csv,2.693548446937272,158.46075675342493,147.51815724211713,10.942599511307805
0.3C dc.csv,0.3+0.7 10 tau.csv,2.695178924205394,158.5566775467581,147.56789782743408,10.988779719324015
0.3C dc.csv,0.3+0.7 10 tau.csv,2.6968094014735153,158.65259785999245,147.61784055984262,11.034757300149835
0.3C dc.csv,0.3+0.7 10 tau.csv,2.6984398787416373,158.74851768197863,147.66799296301116,11.080524718967467
0.3C dc.csv,0.3+0.7 10 tau.csv,2.700070356009759,158.84443793100135,147.71834278686114,11.126095144140209
0.3C dc.csv,0.3+0.7 10 tau.csv,2.701700833277881,158.94035855723772,147.76888526481062,11.171473292427095
0.3C dc.csv,0.3+0.7 10 tau.csv,2.703331310546003,159.03627941122272,147.81962864515003,11.21665076607269
0.3C dc.csv,0.3+0.7 10 tau.csv,2.7049617878141246,159.13219981868843,147.87057136380776,11.261628454880679
0.3C dc.csv,0.3+0.7 10 tau.csv,2.7065922650822465,159.22812045483406,147.92171067429857,11.306409780535489
0.3C dc.csv,0.3+0.7 10 tau.csv,2.7082227423503684,159.3240409264147,147.97306914309286,11.350971783321853
0.3C dc.csv,0.3+0.7 10 tau.csv,2.7098532196184903,159.41996194799808,148.02461641671954,11.395345531278537
0.3C dc.csv,0.3+0.7 10 tau.csv,2.711483696886612,159.51588281888053,148.0763775579829,11.439505260897619
0.3C dc.csv,0.3+0.7 10 tau.csv,2.7131141741547338,159.61180344706864,148.1283361046099,11.483467342458738
0.3C dc.csv,0.3+0.7 10 tau.csv,2.7147446514228557,159.70772408253717,148.18051806654262,11.527206015994551
0.3C dc.csv,0.3+0.7 10 tau.csv,2.7163751286909776,159.80364433001384,148.2329019107649,11.570742419248944
0.3C dc.csv,0.3+0.7 10 tau.csv,2.7180056059590996,159.89956465102225,148.28549889822267,11.614065752799576
0.3C dc.csv,0.3+0.7 10 tau.csv,2.719636083227221,159.99548534641258,148.33829406034587,11.657191286066706
0.3C dc.csv,0.3+0.7 10 tau.csv,2.721266560495343,160.09140644996384,148.39131195198888,11.700094497974959
0.3C dc.csv,0.3+0.7 10 tau.csv,2.722897037763465,160.1873277983714,148.44454456837397,11.742783229997428
0.3C dc.csv,0.3+0.7 10 tau.csv,2.724527515031587,160.28324883347378,148.4979807606349,11.785268072838875
0.3C dc.csv,0.3+0.7 10 tau.csv,2.7261579922997083,160.37916944806267,148.5516237277801,11.827545720282558
0.3C dc.csv,0.3+0.7 10 tau.csv,2.7277884695678303,160.475089855649,148.60548034231505,11.869609513333955
0.3C dc.csv,0.3+0.7 10 tau.csv,2.729418946835952,160.5710102681701,148.6595699486345,11.911440319535615
0.3C dc.csv,0.3+0.7 10 tau.csv,2.731049424104074,160.66693082542014,148.71387372319452,11.953057102225614
0.3C dc.csv,0.3+0.7 10 tau.csv,2.732679901372196,160.76285171726866,148.76838168922757,11.994470028041093
0.3C dc.csv,0.3+0.7 10 tau.csv,2.7343103786403176,160.8587728697761,148.82311001484703,12.035662854929058
0.3C dc.csv,0.3+0.7 10 tau.csv,2.7359408559084395,160.95469367348133,148.87805554790495,12.07663812557638
0.3C dc.csv,0.3+0.7 10 tau.csv,2.7375713331765614,161.0506144203009,148.9332388635672,12.117375556733691
0.3C dc.csv,0.3+0.7 10 tau.csv,2.7392018104446834,161.14653550750572,148.98862906348074,12.157906444024974
0.3C dc.csv,0.3+0.7 10 tau.csv,2.740832287712805,161.2424574858043,149.044235876779,12.198221609025296
0.3C dc.csv,0.3+0.7 10 tau.csv,2.742462764980927,161.33837929030094,149.10006520533528,12.238314084965651
0.3C dc.csv,0.3+0.7 10 tau.csv,2.7440932422490487,161.4343005007515,149.1561211069795,12.278179393772007
0.3C dc.csv,0.3+0.7 10 tau.csv,2.7457237195171706,161.53022210845916,149.21240240362607,12.317819704833084
0.3C dc.csv,0.3+0.7 10 tau.csv,2.7473541967852926,161.62614387955423,149.26891793281663,12.3572259467376
0.3C dc.csv,0.3+0.7 10 tau.csv,2.748984674053414,161.72206550692508,149.32564554249282,12.396419964432255
0.3C dc.csv,0.3+0.7 10 tau.csv,2.750615151321536,161.81798696696146,149.3825961654355,12.435390801525955
0.3C dc.csv,0.3+0.7 10 tau.csv,2.752245628589658,161.91390781996182,149.4397633597476,12.474144460214234
0.3C dc.csv,0.3+0.7 10 tau.csv,2.75387610585778,162.00982846017163,149.49715446092318,12.512673999248449
0.3C dc.csv,0.3+0.7 10 tau.csv,2.7555065831259014,162.10574912095663,149.55479436266256,12.550954758294068
0.3C dc.csv,0.3+0.7 10 tau.csv,2.7571370603940233,162.20167063228197,149.61266306694782,12.589007565334157
0.3C dc.csv,0.3+0.7 10 tau.csv,2.758767537662145,162.29759191115104,149.67075709536232,12.626834815788726
0.3C dc.csv,0.3+0.7 10 tau.csv,2.760398014930267,162.3935128133692,149.729089110378,12.6644237029912
0.3C dc.csv,0.3+0.7 10 tau.csv,2.762028492198389,162.48943395412573,149.78764038914255,12.701793564983177
0.3C dc.csv,0.3+0.7 10 tau.csv,2.7636589694665106,162.58535495057845,149.84640802303295,12.738946927545499
0.3C dc.csv,0.3+0.7 10 tau.csv,2.7652894467346325,162.68127580604357,149.90540239546274,12.775873410580829
0.3C dc.csv,0.3+0.7 10 tau.csv,2.7669199240027544,162.77719725936763,149.96462791102246,12.812569348345164
0.3C dc.csv,0.3+0.7 10 tau.csv,2.7685504012708764,162.8731186954823,150.0240910802765,12.849027615205813
0.3C dc.csv,0.3+0.7 10 tau.csv,2.7701808785389983,162.96904039113255,150.083789188249,12.885251202883552
0.3C dc.csv,0.3+0.7 10 tau.csv,2.77181135580712,163.0649621377395,150.14371148949638,12.92125064824313
0.3C dc.csv,0.3+0.7 10 tau.csv,2.7734418330752417,163.16088362654324,150.20385705705215,12.957026569491092
0.3C dc.csv,0.3+0.7 10 tau.csv,2.7750723103433637,163.25680502769293,150.26423478148058,12.992570246212352
0.3C dc.csv,0.3+0.7 10 tau.csv,2.7767027876114856,163.35272740222263,150.32485715305947,13.027870249163158
0.3C dc.csv,0.3+0.7 10 tau.csv,2.778333264879607,163.44864933036885,150.3857041820824,13.062945148286445
0.3C dc.csv,0.3+0.7 10 tau.csv,2.779963742147729,163.544570752284,150.44677200029565,13.097798751988336
0.3C dc.csv,0.3+0.7 10 tau.csv,2.781594219415851,163.64049287447068,150.5080735642509,13.132419310219774
0.3C dc.csv,0.3+0.7 10 tau.csv,2.783224696683973,163.73641497626355,150.56962899149502,13.166785984768524
0.3C dc.csv,0.3+0.7 10 tau.csv,2.784855173952095,163.8323370554585,150.63141675545938,13.200920299999126
0.3C dc.csv,0.3+0.7 10 tau.csv,2.7864856512202163,163.92825877233946,150.69345387854312,13.234804893796337
0.3C dc.csv,0.3+0.7 10 tau.csv,2.7881161284883382,164.02417984269272,150.75571949018433,13.268460352508384
0.3C dc.csv,0.3+0.7 10 tau.csv,2.78974660575646,164.12010109954448,150.81823801026832,13.301863089276168
0.3C dc.csv,0.3+0.7 10 tau.csv,2.791377083024582,164.21602300571416,150.8809884992272,13.335034506486977
0.3C dc.csv,0.3+0.7 10 tau.csv,2.7930075602927036,164.31194525247605,150.9439457745538,13.36799947792224
0.3C dc.csv,0.3+0.7 10 tau.csv,2.7946380375608255,164.4078674038289,151.0071472429002,13.4007201609287
0.3C dc.csv,0.3+0.7 10 tau.csv,2.7962685148289474,164.50378880978812,151.07059952576054,13.433189284027577
0.3C dc.csv,0.3+0.7 10 tau.csv,2.7978989920970694,164.59971055140525,151.13428554170184,13.46542500970341
0.3C dc.csv,0.3+0.7 10 tau.csv,2.7995294693651913,164.69563245917092,151.19819783356124,13.497434625609685
0.3C dc.csv,0.3+0.7 10 tau.csv,2.801159946633313,164.7915543881492,151.26233249077274,13.529221897376459
0.3C dc.csv,0.3+0.7 10 tau.csv,2.8027904239014347,164.88747646512874,151.32669086062572,13.560785604503025
0.3C dc.csv,0.3+0.7 10 tau.csv,2.8044209011695567,164.9833984959015,151.39128968687572,13.592108809025774
0.3C dc.csv,0.3+0.7 10 tau.csv,2.8060513784376786,165.0793204681936,151.45613175789032,13.623188710303282
0.3C dc.csv,0.3+0.7 10 tau.csv,2.8076818557058,165.17524218473199,151.52120661464994,13.654035570082044
0.3C dc.csv,0.3+0.7 10 tau.csv,2.809312332973922,165.27116369550578,151.58651400654682,13.684649688958956
0.3C dc.csv,0.3+0.7 10 tau.csv,2.810942810242044,165.3670850783643,151.6520582686155,13.71502680974882
0.3C dc.csv,0.3+0.7 10 tau.csv,2.812573287510166,165.46300673404107,151.71784015606454,13.745166577976534
0.3C dc.csv,0.3+0.7 10 tau.csv,2.814203764778288,165.55892830292834,151.78386298490537,13.775065318022968
0.3C dc.csv,0.3+0.7 10 tau.csv,2.8158342420464093,165.65485033441948,151.85011891122178,13.804731423197694
0.3C dc.csv,0.3+0.7 10 tau.csv,2.8174647193145312,165.7507718990891,151.91660445815637,13.834167440932731
0.3C dc.csv,0.3+0.7 10 tau.csv,2.819095196582653,165.8466934597597,151.9833150575352,13.863378402224498
0.3C dc.csv,0.3+0.7 10 tau.csv,2.820725673850775,165.94261518485135,152.05026449901194,13.892350685839403
0.3C dc.csv,0.3+0.7 10 tau.csv,2.8223561511188966,166.03853674762854,152.11745013261225,13.921086615016293
0.3C dc.csv,0.3+0.7 10 tau.csv,2.8239866283870185,166.13445851655905,152.18487020745548,13.949588309103575
0.3C dc.csv,0.3+0.7 10 tau.csv,2.8256171056551405,166.23038032158658,152.2525346331167,13.97784568846987
0.3C dc.csv,0.3+0.7 10 tau.csv,2.8272475829232624,166.32630208647987,152.32043666199633,14.005865424483545
0.3C dc.csv,0.3+0.7 10 tau.csv,2.8288780601913843,166.42222380746298,152.3885786569572,14.033645150505777
0.3C dc.csv,0.3+0.7 10 tau.csv,2.830508537459506,166.5181460444692,152.45694182060222,14.06120422386698
0.3C dc.csv,0.3+0.7 10 tau.csv,2.8321390147276277,166.6140682237419,152.52553715690985,14.088531066832047
0.3C dc.csv,0.3+0.7 10 tau.csv,2.8337694919957497,166.7099904225639,152.59435826200786,14.115632160556032
0.3C dc.csv,0.3+0.7 10 tau.csv,2.8353999692638716,166.80591265248012,152.66340937701733,14.142503275462786
0.3C dc.csv,0.3+0.7 10 tau.csv,2.8370304465319935,166.90183484871366,152.7327051565389,14.16912969217475
0.3C dc.csv,0.3+0.7 10 tau.csv,2.838660923800115,166.997757082435,152.80223318744345,14.195523894991538
0.3C dc.csv,0.3+0.7 10 tau.csv,2.840291401068237,167.0936789876297,152.8719985882963,14.221680399333394
0.3C dc.csv,0.3+0.7 10 tau.csv,2.841921878336359,167.1896007623314,152.94200259672022,14.24759816561118
0.3C dc.csv,0.3+0.7 10 tau.csv,2.843552355604481,167.28552254546676,153.01224261863567,14.273279926831094
0.3C dc.csv,0.3+0.7 10 tau.csv,2.8451828328726023,167.3814444513857,153.08270994378023,14.298734507605474
0.3C dc.csv,0.3+0.7 10 tau.csv,2.8468133101407243,167.4773663869054,153.15341674114788,14.323949645757523
0.3C dc.csv,0.3+0.7 10 tau.csv,2.848443787408846,167.57328831682477,153.2243715232877,14.348916793537086
0.3C dc.csv,0.3+0.7 10 tau.csv,2.850074264676968,167.66921028132128,153.29555693855525,14.373653342766033
0.3C dc.csv,0.3+0.7 10 tau.csv,2.85170474194509,167.76513217402066,153.3669448353716,14.398187338649052
0.3C dc.csv,0.3+0.7 10 tau.csv,2.8533352192132115,167.86105423122314,153.4385639361137,14.42249029510944
0.3C dc.csv,0.3+0.7 10 tau.csv,2.8549656964813335,167.95697646016444,153.51042765015725,14.446548810007187
0.3C dc.csv,0.3+0.7 10 tau.csv,2.8565961737494554,168.05289795816194,153.58251428410736,14.470383674054574
0.3C dc.csv,0.3+0.7 10 tau.csv,2.8582266510175773,168.14881938872583,153.6548528917311,14.493966496994716
0.3C dc.csv,0.3+0.7 10 tau.csv,2.859857128285699,168.24474120794844,153.72740762294438,14.517333585004053
0.3C dc.csv,0.3+0.7 10 tau.csv,2.8614876055538208,168.34066288786957,153.80019901498497,14.540463872884601
0.3C dc.csv,0.3+0.7 10 tau.csv,2.8631180828219427,168.43658434846782,153.87320181454072,14.563382533927097
0.3C dc.csv,0.3+0.7 10 tau.csv,2.8647485600900646,168.5325052746688,153.9464635674135,14.586041707255305
0.3C dc.csv,0.3+0.7 10 tau.csv,2.8663790373581866,168.62842580591666,154.0199386404125,14.608487165504158
0.3C dc.csv,0.3+0.7 10 tau.csv,2.868009514626308,168.72434650973327,154.09363976757362,14.630706742159646
0.3C dc.csv,0.3+0.7 10 tau.csv,2.86963999189443,168.82026760039525,154.1675596383533,14.652707962041944
0.3C dc.csv,0.3+0.7 10 tau.csv,2.871270469162552,168.91618883675721,154.2417083182295,14.674480518527702
0.3C dc.csv,0.3+0.7 10 tau.csv,2.872900946430674,169.0121101137298,154.31610860474407,14.696001508985717
0.3C dc.csv,0.3+0.7 10 tau.csv,2.8745314236987953,169.1080314573119,154.39071429934137,14.717317157970541
0.3C dc.csv,0.3+0.7 10 tau.csv,2.8761619009669173,169.20395228009355,154.46554900360937,14.738403276484178
0.3C dc.csv,0.3+0.7 10 tau.csv,2.877792378235039,169.29987336141477,154.54059809539842,14.759275266016346
0.3C dc.csv,0.3+0.7 10 tau.csv,2.879422855503161,169.39579476863892,154.6158804421489,14.77991432649003
0.3C dc.csv,0.3+0.7 10 tau.csv,2.881053332771283,169.491715980693,154.69137728660425,14.800338694088737
0.3C dc.csv,0.3+0.7 10 tau.csv,2.8826838100394045,169.58763675917797,154.76711444384622,14.820522315331743
0.3C dc.csv,0.3+0.7 10 tau.csv,2.8843142873075265,169.6835571495712,154.8430943244096,14.84046282516158
0.3C dc.csv,0.3+0.7 10 tau.csv,2.8859447645756484,169.7794777115023,154.91929431718233,14.86018339431996
0.3C dc.csv,0.3+0.7 10 tau.csv,2.8875752418437703,169.87539825118805,154.99572212721546,14.879676123972587
0.3C dc.csv,0.3+0.7 10 tau.csv,2.8892057191118923,169.97131867912964,155.07236312678742,14.898955552342215
0.3C dc.csv,0.3+0.7 10 tau.csv,2.8908361963800138,170.06723884869297,155.149222810976,14.918016037716967
0.3C dc.csv,0.3+0.7 10 tau.csv,2.8924666736481357,170.163159035536,155.226299460783,14.936859574753015
0.3C dc.csv,0.3+0.7 10 tau.csv,2.8940971509162576,170.25907943899009,155.30360840443214,14.955471034557945
0.3C dc.csv,0.3+0.7 10 tau.csv,2.8957276281843796,170.3549997877858,155.38115029715777,14.973849490628027
0.3C dc.csv,0.3+0.7 10 tau.csv,2.897358105452501,170.450920420363,155.45890730468642,14.99201311567657
0.3C dc.csv,0.3+0.7 10 tau.csv,2.898988582720623,170.54684104463735,155.53691837263045,15.009922672006894
0.3C dc.csv,0.3+0.7 10 tau.csv,2.900619059988745,170.64276206291873,155.6151532780953,15.027608784823428
0.3C dc.csv,0.3+0.7 10 tau.csv,2.902249537256867,170.73868289779108,155.69360374110377,15.045079156687308
0.3C dc.csv,0.3+0.7 10 tau.csv,2.903880014524989,170.83460416859714,155.77226229320632,15.062341875390814
0.3C dc.csv,0.3+0.7 10 tau.csv,2.9055104917931103,170.93052493363254,155.8511239062398,15.079401027392748
0.3C dc.csv,0.3+0.7 10 tau.csv,2.907140969061232,171.02644578277815,155.93022788099003,15.096217901788123
0.3C dc.csv,0.3+0.7 10 tau.csv,2.908771446329354,171.12236650605692,156.00956713006585,15.112799375991074
0.3C dc.csv,0.3+0.7 10 tau.csv,2.910401923597476,171.2182874245783,156.08912925756997,15.129158167008342
0.3C dc.csv,0.3+0.7 10 tau.csv,2.9120324008655976,171.31420864423313,156.16890466232755,15.145303981905585
0.3C dc.csv,0.3+0.7 10 tau.csv,2.9136628781337195,171.41012911504885,156.24890746720388,15.161221647844968
0.3C dc.csv,0.3+0.7 10 tau.csv,2.9152933554018414,171.50604997477149,156.3291543720078,15.176895602763693
0.3C dc.csv,0.3+0.7 10 tau.csv,2.9169238326699634,171.60197037816573,156.40963325967905,15.192337118486677
0.3C dc.csv,0.3+0.7 10 tau.csv,2.9185543099380853,171.6978909427645,156.4903595015069,15.2075314412576
0.3C dc.csv,0.3+0.7 10 tau.csv,2.9201847872062068,171.79381178770592,156.5712627255922,15.222549062113728
0.3C dc.csv,0.3+0.7 10 tau.csv,2.9218152644743287,171.88973310882406,156.65241604941554,15.237317059408525
0.3C dc.csv,0.3+0.7 10 tau.csv,2.9234457417424506,171.9856544048615,156.73379683647156,15.251857568389937
0.3C dc.csv,0.3+0.7 10 tau.csv,2.9250762190105726,172.08157580792195,156.81537510812933,15.26620069979262
0.3C dc.csv,0.3+0.7 10 tau.csv,2.926706696278694,172.1774971243261,156.8971685101575,15.280328614168582
0.3C dc.csv,0.3+0.7 10 tau.csv,2.928337173546816,172.27341809768012,156.97920369960246,15.294214398077656
0.3C dc.csv,0.3+0.7 10 tau.csv,2.929967650814938,172.36933881896806,157.06146119015912,15.307877628808939
0.3C dc.csv,0.3+0.7 10 tau.csv,2.93159812808306,172.46525995331265,157.14395135118366,15.321308602128994
0.3C dc.csv,0.3+0.7 10 tau.csv,2.933228605351182,172.56118134836606,157.2266549258527,15.334526422513363
0.3C dc.csv,0.3+0.7 10 tau.csv,2.9348590826193033,172.65710300822514,157.30958561478246,15.347517393442672
0.3C dc.csv,0.3+0.7 10 tau.csv,2.936489559887425,172.75302477667356,157.39277672864944,15.360248048024118
0.3C dc.csv,0.3+0.7 10 tau.csv,2.938120037155547,172.84894618037018,157.47618422674705,15.372761953623126
0.3C dc.csv,0.3+0.7 10 tau.csv,2.939750514423669,172.94486740771907,157.55982757029645,15.385039837422624
0.3C dc.csv,0.3+0.7 10 tau.csv,2.9413809916917906,173.04078873703327,157.64368526385238,15.397103473180891
0.3C dc.csv,0.3+0.7 10 tau.csv,2.9430114689599125,173.13670974833045,157.72775622551916,15.408953522811288
0.3C dc.csv,0.3+0.7 10 tau.csv,2.9446419462280344,173.23263088292146,157.81207643309259,15.42055444982887
0.3C dc.csv,0.3+0.7 10 tau.csv,2.9462724234961564,173.32855168676053,157.8966260638382,15.431925622922336
0.3C dc.csv,0.3+0.7 10 tau.csv,2.9479029007642783,173.42447296412124,157.98141295065324,15.443060013468
0.3C dc.csv,0.3+0.7 10 tau.csv,2.9495333780324,173.52039437619888,158.06647991308458,15.453914463114302
0.3C dc.csv,0.3+0.7 10 tau.csv,2.9511638553005217,173.61631561462218,158.15176015808126,15.464555456540921
0.3C dc.csv,0.3+0.7 10 tau.csv,2.9527943325686437,173.71223732906552,158.2372740407121,15.474963288353422
0.3C dc.csv,0.3+0.7 10 tau.csv,2.9544248098367656,173.8081593613702,158.32301934168436,15.485140019685844
0.3C dc.csv,0.3+0.7 10 tau.csv,2.9560552871048875,173.9040819044805,158.40899059176635,15.495091312714152
0.3C dc.csv,0.3+0.7 10 tau.csv,2.957685764373009,174.00000397585907,158.49519121595912,15.504812759899949
0.3C dc.csv,0.3+0.7 10 tau.csv,2.959316241641131,174.0959257242374,158.58164890722685,15.51427681701054
0.3C dc.csv,0.3+0.7 10 tau.csv,2.960946718909253,174.19184717666982,158.66836492987954,15.52348224679028
0.3C dc.csv,0.3+0.7 10 tau.csv,2.962577196177375,174.28776884954328,158.7553116891878,15.532457160355477
0.3C dc.csv,0.3+0.7 10 tau.csv,2.9642076734454963,174.38369070410502,158.84252883540324,15.541161868701778
0.3C dc.csv,0.3+0.7 10 tau.csv,2.9658381507136182,174.47961257804118,158.93000441575342,15.549608162287768
0.3C dc.csv,0.3+0.7 10 tau.csv,2.96746862798174,174.5763901809874,159.01768351108637,15.558706669901028
0.3C dc.csv,0.3+0.7 10 tau.csv,2.969099105249862,174.67406509664286,159.10562617009003,15.56843892655283
0.3C dc.csv,0.3+0.7 10 tau.csv,2.970729582517984,174.77218707048135,159.19381392694635,15.578373143535003
0.3C dc.csv,0.3+0.7 10 tau.csv,2.9723600597861055,174.87076440544922,159.28224919036361,15.588515215085607
0.3C dc.csv,0.3+0.7 10 tau.csv,2.9739905370542274,174.9697474495621,159.37093357866047,15.598813870901637
0.3C dc.csv,0.3+0.7 10 tau.csv,2.9756210143223494,175.06917561196812,159.4598884114565,15.60928720051163
0.3C dc.csv,0.3+0.7 10 tau.csv,2.9772514915904713,175.16900744137894,159.54911587790374,15.619891563475193
0.3C dc.csv,0.3+0.7 10 tau.csv,2.978881968858593,175.2692638994374,159.63858811440542,15.630675785031968
0.3C dc.csv,0.3+0.7 10 tau.csv,2.9805124461267147,175.36995832616557,159.7283336909834,15.641624635182183
0.3C dc.csv,0.3+0.7 10 tau.csv,2.9821429233948367,175.4710536617396,159.81833458150396,15.652719080235642
0.3C dc.csv,0.3+0.7 10 tau.csv,2.9837734006629586,175.57252477533686,159.9085952952974,15.663929480039457
0.3C dc.csv,0.3+0.7 10 tau.csv,2.9854038779310805,175.6744217048643,159.99912912883417,15.675292576030131
0.3C dc.csv,0.3+0.7 10 tau.csv,2.987034355199202,175.77667432862782,160.0899240002269,15.686750328400933
0.3C dc.csv,0.3+0.7 10 tau.csv,2.988664832467324,175.87939599968226,160.18097331121717,15.698422688465087
0.3C dc.csv,0.3+0.7 10 tau.csv,2.990295309735446,175.9824877855932,160.27233378573598,15.710153999857226
0.3C dc.csv,0.3+0.7 10 tau.csv,2.991925787003568,176.08602203821388,160.36397893470814,15.72204310350574
0.3C dc.csv,0.3+0.7 10 tau.csv,2.9935562642716893,176.1899464184522,160.45588353566822,15.734062882783974
0.3C dc.csv,0.3+0.7 10 tau.csv,2.9951867415398112,176.29425778239468,160.548053752622,15.746204029772684
0.3C dc.csv,0.3+0.7 10 tau.csv,2.996817218807933,176.39895404841565,160.6405346821491,15.758419366266537
0.3C dc.csv,0.3+0.7 10 tau.csv,2.998447696076055,176.50408635535365,160.73326260987506,15.770823745478594
0.3C dc.csv,0.3+0.7 10 tau.csv,3.000078173344177,176.60959844888492,160.82628730855785,15.783311140327072
0.3C dc.csv,0.3+0.7 10 tau.csv,3.0017086506122985,176.71551771184596,160.91959615112359,15.795921560722377
0.3C dc.csv,0.3+0.7 10 tau.csv,3.0033391278804205,176.8218943717015,161.01319026846735,15.808704103234135
0.3C dc.csv,0.3+0.7 10 tau.csv,3.0049696051485424,176.928677032299,161.10711158749837,15.821565444800626
0.3C dc.csv,0.3+0.7 10 tau.csv,3.0066000824166643,177.03589442441802,161.20129791143657,15.834596512981449
0.3C dc.csv,0.3+0.7 10 tau.csv,3.0082305596847863,177.1435276290697,161.29577772741345,15.847749901656243
0.3C dc.csv,0.3+0.7 10 tau.csv,3.0098610369529077,177.25161284613995,161.3905492699647,15.86106357617524
0.3C dc.csv,0.3+0.7 10 tau.csv,3.0114915142210297,177.36006984368322,161.48560148945612,15.874468354227105
0.3C dc.csv,0.3+0.7 10 tau.csv,3.0131219914891516,177.46898114821084,161.58097254841354,15.888008599797303
0.3C dc.csv,0.3+0.7 10 tau.csv,3.0147524687572735,177.57834967931794,161.67666176511898,15.901687914198959
0.3C dc.csv,0.3+0.7 10 tau.csv,3.016382946025395,177.68821807914279,161.77267159548177,15.915546483661018
0.3C dc.csv,0.3+0.7 10 tau.csv,3.018013423293517,177.79849883194058,161.86899490255385,15.929503929386726
0.3C dc.csv,0.3+0.7 10 tau.csv,3.019643900561639,177.90925690467913,161.9656007878471,15.943656116832017
0.3C dc.csv,0.3+0.7 10 tau.csv,3.021274377829761,178.02050228612632,162.0625261451626,15.957976140963723
0.3C dc.csv,0.3+0.7 10 tau.csv,3.0229048550978828,178.13223551889067,162.15978918673045,15.972446332160217
0.3C dc.csv,0.3+0.7 10 tau.csv,3.0245353323660042,178.24444233544932,162.25738118784847,15.987061147600855
0.3C dc.csv,0.3+0.7 10 tau.csv,3.026165809634126,178.35713011277988,162.3553103963193,16.001819716460574
0.3C dc.csv,0.3+0.7 10 tau.csv,3.027796286902248,178.47028227872298,162.45358066513006,16.016701613592915
0.3C dc.csv,0.3+0.7 10 tau.csv,3.02942676417037,178.58391877990664,162.55218027929607,16.031738500610572
0.3C dc.csv,0.3+0.7 10 tau.csv,3.0310572414384915,178.6981158719477,162.65109828644682,16.047017585500868
0.3C dc.csv,0.3+0.7 10 tau.csv,3.0326877187066135,178.81279569825458,162.7503619333213,16.062433764933274
0.3C dc.csv,0.3+0.7 10 tau.csv,3.0343181959747354,178.92802859735647,162.84997202349612,16.07805657386035
0.3C dc.csv,0.3+0.7 10 tau.csv,3.0359486732428573,179.0437655419761,162.94992813584716,16.093837406128927
0.3C dc.csv,0.3+0.7 10 tau.csv,3.0375791505109793,179.16003727044915,163.0502242823213,16.109812988127857
0.3C dc.csv,0.3+0.7 10 tau.csv,3.0392096277791008,179.2768746750673,163.15084199267355,16.126032682393742
0.3C dc.csv,0.3+0.7 10 tau.csv,3.0408401050472227,179.39429227270605,163.25185625046845,16.142436022237604
0.3C dc.csv,0.3+0.7 10 tau.csv,3.0424705823153446,179.51219504072927,163.3532364036219,16.15895863710736
0.3C dc.csv,0.3+0.7 10 tau.csv,3.0441010595834666,179.63070302858796,163.45496548462063,16.17573754396733
0.3C dc.csv,0.3+0.7 10 tau.csv,3.045731536851588,179.7498052297458,163.55708353778726,16.192721691958525
0.3C dc.csv,0.3+0.7 10 tau.csv,3.04736201411971,179.86948227780667,163.65957023542657,16.209912042380097
0.3C dc.csv,0.3+0.7 10 tau.csv,3.048992491387832,179.98974652893455,163.7624602556459,16.227286273288655
0.3C dc.csv,0.3+0.7 10 tau.csv,3.050622968655954,180.11065536501758,163.86576469024413,16.244890674773444
0.3C dc.csv,0.3+0.7 10 tau.csv,3.0522534459240758,180.23215177306082,163.96947178337123,16.262679989689588
0.3C dc.csv,0.3+0.7 10 tau.csv,3.0538839231921973,180.35424479210332,164.07354036978776,16.28070442231555
0.3C dc.csv,0.3+0.7 10 tau.csv,3.055514400460319,180.47697240513995,164.17800781087485,16.2989645942651
0.3C dc.csv,0.3+0.7 10 tau.csv,3.057144877728441,180.60037619666755,164.28287549864135,16.31750069802621
0.3C dc.csv,0.3+0.7 10 tau.csv,3.058775354996563,180.72446323422943,164.38812830328425,16.336334930945185
0.3C dc.csv,0.3+0.7 10 tau.csv,3.0604058322646845,180.84922784672816,164.49382265934562,16.35540518738253
0.3C dc.csv,0.3+0.7 10 tau.csv,3.0620363095328065,180.97461320895061,164.59994207890395,16.374671130046664
0.3C dc.csv,0.3+0.7 10 tau.csv,3.0636667868009284,181.10073872851407,164.70648729623363,16.39425143228044
0.3C dc.csv,0.3+0.7 10 tau.csv,3.0652972640690503,181.22755441612125,164.81347767421624,16.414076741905006
0.3C dc.csv,0.3+0.7 10 tau.csv,3.0669277413371723,181.35511943224768,164.92093316972299,16.43418626252469
0.3C dc.csv,0.3+0.7 10 tau.csv,3.0685582186052938,181.4834034395857,165.02880826234488,16.454595177240805
0.3C dc.csv,0.3+0.7 10 tau.csv,3.0701886958734157,181.61244469678334,165.13707452673214,16.475370170051207
0.3C dc.csv,0.3+0.7 10 tau.csv,3.0718191731415376,181.74224444574176,165.2458120735216,16.49643237222017
0.3C dc.csv,0.3+0.7 10 tau.csv,3.0734496504096596,181.87280123183982,165.35501212571077,16.517789106129044
0.3C dc.csv,0.3+0.7 10 tau.csv,3.0750801276777815,182.00420523196956,165.46467333413347,16.5395318978361
0.3C dc.csv,0.3+0.7 10 tau.csv,3.076710604945903,182.13640455961033,165.57480562716728,16.561598932443047
0.3C dc.csv,0.3+0.7 10 tau.csv,3.078341082214025,182.26942875856528,165.68543587195654,16.58399288660874
0.3C dc.csv,0.3+0.7 10 tau.csv,3.079971559482147,182.40325307623908,165.7965795123245,16.60667356391457
0.3C dc.csv,0.3+0.7 10 tau.csv,3.081602036750269,182.53791324674143,165.90816645011276,16.629746796628666
0.3C dc.csv,0.3+0.7 10 tau.csv,3.0832325140183903,182.67344694464197,166.02024011432232,16.653206830319647
0.3C dc.csv,0.3+0.7 10 tau.csv,3.084862991286512,182.8099016905001,166.13280222488126,16.677099465618852
0.3C dc.csv,0.3+0.7 10 tau.csv,3.086493468554634,182.94721745656358,166.24588670473895,16.701330751824628
0.3C dc.csv,0.3+0.7 10 tau.csv,3.088123945822756,183.0854507616257,166.35949362735897,16.725957134266736
0.3C dc.csv,0.3+0.7 10 tau.csv,3.089754423090878,183.22460413812138,166.47361019146098,16.7509939466604
0.3C dc.csv,0.3+0.7 10 tau.csv,3.0913849003589995,183.3647514041334,166.588308704971,16.776442699162374
0.3C dc.csv,0.3+0.7 10 tau.csv,3.0930153776271214,183.50580486524092,166.70353311921025,16.80227174603067
0.3C dc.csv,0.3+0.7 10 tau.csv,3.0946458548952434,183.6479151423825,166.81926544414173,16.828649698240753
0.3C dc.csv,0.3+0.7 10 tau.csv,3.0962763321633653,183.79103406078667,166.93557873830306,16.855455322483607
0.3C dc.csv,0.3+0.7 10 tau.csv,3.0979068094314868,183.93519672297293,167.05245569998127,16.882741022991667
0.3C dc.csv,0.3+0.7 10 tau.csv,3.0995372866996087,184.0804289964476,167.16988284319345,16.91054615325416
0.3C dc.csv,0.3+0.7 10 tau.csv,3.1011677639677306,184.2267038303943,167.2878865833931,16.938817247001225
0.3C dc.csv,0.3+0.7 10 tau.csv,3.1027982412358526,184.37415494398203,167.40648671253973,16.967668231442303
0.3C dc.csv,0.3+0.7 10 tau.csv,3.1044287185039745,184.52271976074223,167.52569339004245,16.997026370699786
0.3C dc.csv,0.3+0.7 10 tau.csv,3.106059195772096,184.67249594003457,167.6455241681445,17.02697177189006
0.3C dc.csv,0.3+0.7 10 tau.csv,3.107689673040218,184.82345751275287,167.76600167910394,17.05745583364893
0.3C dc.csv,0.3+0.7 10 tau.csv,3.10932015030834,184.97559798324662,167.8870774553936,17.088520527853007
0.3C dc.csv,0.3+0.7 10 tau.csv,3.110950627576462,185.12903951626552,168.0087855575838,17.12025395868173
0.3C dc.csv,0.3+0.7 10 tau.csv,3.1125811048445833,185.28371359642244,168.13115885036476,17.15255474605769
0.3C dc.csv,0.3+0.7 10 tau.csv,3.114211582112705,185.4396976951781,168.2542061091726,17.185491586005497
0.3C dc.csv,0.3+0.7 10 tau.csv,3.115842059380827,185.5970501457014,168.3778981081704,17.21915203753099
0.3C dc.csv,0.3+0.7 10 tau.csv,3.117472536648949,185.75566777893525,168.50226855187847,17.253399227056775
0.3C dc.csv,0.3+0.7 10 tau.csv,3.119103013917071,185.91567908588723,168.6273954049622,17.288283680925048
0.3C dc.csv,0.3+0.7 10 tau.csv,3.1207334911851925,186.0771274882788,168.75319210315223,17.32393538512656
0.3C dc.csv,0.3+0.7 10 tau.csv,3.1223639684533144,186.2400277122884,168.87971184571103,17.360315866577366
0.3C dc.csv,0.3+0.7 10 tau.csv,3.1239944457214364,186.40447551442574,169.0069710322802,17.397504482145536
0.3C dc.csv,0.3+0.7 10 tau.csv,3.1256249229895583,186.57045571497014,169.13498364401252,17.435472070957616
0.3C dc.csv,0.3+0.7 10 tau.csv,3.1272554002576802,186.73799004030877,169.26377029084512,17.474219749463657
0.3C dc.csv,0.3+0.7 10 tau.csv,3.1288858775258017,186.9071263561341,169.39338789027022,17.513738465863895
0.3C dc.csv,0.3+0.7 10 tau.csv,3.1305163547939237,187.07795706781448,169.52377006178813,17.554187006026353
0.3C dc.csv,0.3+0.7 10 tau.csv,3.1321468320620456,187.25052434559885,169.65493293724904,17.595591408349804
0.3C dc.csv,0.3+0.7 10 tau.csv,3.1337773093301675,187.424802675724,169.78691829269204,17.637884383031974
0.3C dc.csv,0.3+0.7 10 tau.csv,3.135407786598289,187.60082971524392,169.9197625260858,17.681067189158114
0.3C dc.csv,0.3+0.7 10 tau.csv,3.137038263866411,187.77877703465273,170.05343540130713,17.725341633345607
0.3C dc.csv,0.3+0.7 10 tau.csv,3.138668741134533,187.95868131218407,170.18796685778705,17.770714454397023
0.3C dc.csv,0.3+0.7 10 tau.csv,3.140299218402655,188.1405356101446,170.32339894316058,17.817136666984027
0.3C dc.csv,0.3+0.7 10 tau.csv,3.1419296956707767,188.32427531074975,170.45974637291187,17.86452893783789
0.3C dc.csv,0.3+0.7 10 tau.csv,3.1435601729388982,188.51009695974693,170.59702368464957,17.91307327509736
0.3C dc.csv,0.3+0.7 10 tau.csv,3.14519065020702,188.69808085791277,170.73520972298925,17.962871134923518
0.3C dc.csv,0.3+0.7 10 tau.csv,3.146821127475142,188.88834598158923,170.87433476020507,18.014011221384152
0.3C dc.csv,0.3+0.7 10 tau.csv,3.148451604743264,189.08090329522597,171.0144236023472,18.066479692878772
0.3C dc.csv,0.3+0.7 10 tau.csv,3.1500820820113855,189.27573251119213,171.15542805167348,18.12030445951865
0.3C dc.csv,0.3+0.7 10 tau.csv,3.1517125592795074,189.47299330250638,171.2974714031205,18.17552189938587
0.3C dc.csv,0.3+0.7 10 tau.csv,3.1533430365476294,189.6726606055072,171.4406232037653,18.232037401741877
0.3C dc.csv,0.3+0.7 10 tau.csv,3.1549735138157513,189.87487445107902,171.58482016101254,18.29005429006648
0.3C dc.csv,0.3+0.7 10 tau.csv,3.1566039910838732,190.07979259351544,171.7300808754533,18.34971171806214
0.3C dc.csv,0.3+0.7 10 tau.csv,3.1582344683519947,190.28748815735406,171.87640434622162,18.411083811132443
0.3C dc.csv,0.3+0.7 10 tau.csv,3.1598649456201167,190.49806325402537,172.02382845855692,18.474234795468448
0.3C dc.csv,0.3+0.7 10 tau.csv,3.1614954228882386,190.71145713121763,172.17239510219989,18.539062029017742
0.3C dc.csv,0.3+0.7 10 tau.csv,3.1631259001563605,190.92786343127793,172.32210267969734,18.60576075158059
0.3C dc.csv,0.3+0.7 10 tau.csv,3.164756377424482,191.1474150035062,172.47296455744078,18.674450446065435
0.3C dc.csv,0.3+0.7 10 tau.csv,3.166386854692604,191.3700968906657,172.6251133193922,18.744983571273508
0.3C dc.csv,0.3+0.7 10 tau.csv,3.168017331960726,191.59608986523148,172.7785652630003,18.817524602231174
0.3C dc.csv,0.3+0.7 10 tau.csv,3.169647809228848,191.82554655077863,172.93325339381815,18.892293156960477
0.3C dc.csv,0.3+0.7 10 tau.csv,3.1712782864969697,192.05859780559075,173.08920386930055,18.969393936290203
0.3C dc.csv,0.3+0.7 10 tau.csv,3.1729087637650912,192.29522892421025,173.24653649697157,19.048692427238677
0.3C dc.csv,0.3+0.7 10 tau.csv,3.174539241033213,192.53571565379218,173.40520289777226,19.130512756019925
0.3C dc.csv,0.3+0.7 10 tau.csv,3.176169718301335,192.78019026788763,173.56523884763533,19.214951420252305
0.3C dc.csv,0.3+0.7 10 tau.csv,3.177800195569457,193.0289850897405,173.72674866058867,19.302236429151833
0.3C dc.csv,0.3+0.7 10 tau.csv,3.1794306728375785,193.28212769127362,173.88976566824482,19.392362023028795
0.3C dc.csv,0.3+0.7 10 tau.csv,3.1810611501057005,193.53981891828056,174.05424380975236,19.485575108528195
0.3C dc.csv,0.3+0.7 10 tau.csv,3.1826916273738224,193.80203080161604,174.22026984531672,19.58176095629932
0.3C dc.csv,0.3+0.7 10 tau.csv,3.1843221046419443,194.0691298028081,174.38788812518638,19.681241677621728
0.3C dc.csv,0.3+0.7 10 tau.csv,3.1859525819100663,194.34130619095282,174.5571264068466,19.784179784106215
0.3C dc.csv,0.3+0.7 10 tau.csv,3.1875830591781877,194.61892665436932,174.72800872003702,19.890917934332293
0.3C dc.csv,0.3+0.7 10 tau.csv,3.1892135364463097,194.9021688288715,174.90068691401706,20.001481914854452
0.3C dc.csv,0.3+0.7 10 tau.csv,3.1908440137144316,195.1911164444224,175.07508753945496,20.116028904967436
0.3C dc.csv,0.3+0.7 10 tau.csv,3.1924744909825535,195.48593792222505,175.2512425066882,20.234695415536862
0.3C dc.csv,0.3+0.7 10 tau.csv,3.1941049682506755,195.7872135276775,175.4292370946242,20.357976433053295
0.3C dc.csv,0.3+0.7 10 tau.csv,3.195735445518797,196.09504114165395,175.60908443775506,20.485956703898893
0.3C dc.csv,0.3+0.7 10 tau.csv,3.197365922786919,196.40985214307264,175.7908933255582,20.618958817514454
0.3C dc.csv,0.3+0.7 10 tau.csv,3.198996400055041,196.73202567205735,175.97476316552007,20.757262506537273
0.3C dc.csv,0.3+0.7 10 tau.csv,3.2006268773231628,197.06178472726734,176.16072080810633,20.901063919161004
0.3C dc.csv,0.3+0.7 10 tau.csv,3.2022573545912842,197.39939400792375,176.3487759650439,21.050618042879847
0.3C dc.csv,0.3+0.7 10 tau.csv,3.203887831859406,197.74578034453756,176.53908546737253,21.206694877165035
0.3C dc.csv,0.3+0.7 10 tau.csv,3.205518309127528,198.10110478314812,176.7316381999051,21.369466583243025
0.3C dc.csv,0.3+0.7 10 tau.csv,3.20714878639565,198.46566887867058,176.92646778050315,21.53920109816744
0.3C dc.csv,0.3+0.7 10 tau.csv,3.208779263663772,198.840098035162,177.12366954659933,21.716428488562656
0.3C dc.csv,0.3+0.7 10 tau.csv,3.2104097409318935,199.22500150786237,177.32333396189262,21.901667545969758
0.3C dc.csv,0.3+0.7 10 tau.csv,3.2120402182000154,199.62092777454893,177.5254959339226,22.095431840626333
0.3C dc.csv,0.3+0.7 10 tau.csv,3.2136706954681373,200.029108805108,177.7302955536645,22.298813251443505
0.3C dc.csv,0.3+0.7 10 tau.csv,3.2153011727362593,200.44982108186352,177.9377763235753,22.512044758288226
0.3C dc.csv,0.3+0.7 10 tau.csv,3.2169316500043807,200.8838990792594,178.1480064447869,22.73589263447252
0.3C dc.csv,0.3+0.7 10 tau.csv,3.2185621272725027,201.33246769036043,178.36109980180336,22.97136788855707
0.3C dc.csv,0.3+0.7 10 tau.csv,3.2201926045406246,201.79648383402778,178.57724622739934,23.21923760662844
0.3C dc.csv,0.3+0.7 10 tau.csv,3.2218230818087465,202.27640574980697,178.79652720034838,23.47987854945859
0.3C dc.csv,0.3+0.7 10 tau.csv,3.2234535590768685,202.77411397692276,179.01900921450851,23.75510476241425
0.3C dc.csv,0.3+0.7 10 tau.csv,3.22508403634499,203.29105634234824,179.24470874452962,24.046347597818624
0.3C dc.csv,0.3+0.7 10 tau.csv,3.226714513613112,203.82770239131432,179.47379380627356,24.353908585040756
0.3C dc.csv,0.3+0.7 10 tau.csv,3.228344990881234,204.3857323202868,179.7064352147645,24.679297105522295
0.3C dc.csv,0.3+0.7 10 tau.csv,3.2299754681493558,204.96692893991792,179.9428791647392,25.024049775178725
0.3C dc.csv,0.3+0.7 10 tau.csv,3.2316059454174773,205.57376286275255,180.1830471616742,25.390715701078335
0.3C dc.csv,0.3+0.7 10 tau.csv,3.233236422685599,206.20799386390462,180.4271492854959,25.780844578408733
0.3C dc.csv,0.3+0.7 10 tau.csv,3.234866899953721,206.87257946773445,180.67518570559062,26.197393762143832
0.3C dc.csv,0.3+0.7 10 tau.csv,3.236497377221843,207.56954983262298,180.9275371570615,26.64201267556149
0.3C dc.csv,0.3+0.7 10 tau.csv,3.238127854489965,208.30213607487954,181.18424189309997,27.117894181779576
0.3C dc.csv,0.3+0.7 10 tau.csv,3.2397583317580865,209.0717527259873,181.4454572507665,27.626295475220786
0.3C dc.csv,0.3+0.7 10 tau.csv,3.2413888090262084,209.8850978723968,181.71156901381886,28.173528858577953
0.3C dc.csv,0.3+0.7 10 tau.csv,3.2430192862943303,210.74498925987308,181.98259891204998,28.7623903478231
0.3C dc.csv,0.3+0.7 10 tau.csv,3.2446497635624523,211.6587065990132,182.2588310616,29.39987553741318
0.3C dc.csv,0.3+0.7 10 tau.csv,3.2462802408305738,212.63088328316732,182.54057831558896,30.090304967578362
0.3C dc.csv,0.3+0.7 10 tau.csv,3.2479107180986957,213.66995164937808,182.82803371604768,30.841917933330393
0.3C dc.csv,0.3+0.7 10 tau.csv,3.2495411953668176,214.7829179679365,183.12141963995532,31.661498327981178
0.3C dc.csv,0.3+0.7 10 tau.csv,3.2511716726349396,215.98128155638008,183.42099021874728,32.560291337632805
0.3C dc.csv,0.3+0.7 10 tau.csv,3.2528021499030615,217.27537910119767,183.7269260820477,33.548453019149974
0.3C dc.csv,0.3+0.7 10 tau.csv,3.254432627171183,218.68215547618001,184.03967128927601,34.642484186904
0.3C dc.csv,0.3+0.7 10 tau.csv,3.256063104439305,220.21819808424226,184.3597052758243,35.858492808417964
0.3C dc.csv,0.3+0.7 10 tau.csv,3.257693581707427,221.9030332830225,184.68751271773422,37.21552056528827
0.3C dc.csv,0.3+0.7 10 tau.csv,3.2593240589755488,223.76666666666668,185.0231295989911,38.74353706767559
